8910
2 14 2.958039892 0.02224859546 0.5
2 15 2.958039892 0.02224859546 0.5
2 17 3.5 0.033 0.5
3 11 3.5 0.033 0.5
3 12 2.958039892 0.02224859546 0.5
3 13 2.958039892 0.02224859546 0.5
4 6 2.5 0.015 0.5
4 7 2.5 0.015 0.5
4 8 2.5 0.015 0.5
4 11 2.958039892 0.02224859546 0.5
4 12 2.5 0.015 0.5
4 13 2.5 0.015 0.5
5 6 2.5 0.015 0.5
5 7 2.5 0.015 0.5
5 8 2.5 0.015 0.5
5 11 2.958039892 0.02224859546 0.5
5 12 2.5 0.015 0.5
5 13 2.5 0.015 0.5
6 10 2.958039892 0.02224859546 0.5
7 10 2.958039892 0.02224859546 0.5
8 10 2.958039892 0.02224859546 0.5
10 18 3.5 0.033 0.5
10 19 2.958039892 0.02224859546 0.5
10 20 2.958039892 0.02224859546 0.5
11 21 2.958039892 0.02224859546 0.5
11 22 2.958039892 0.02224859546 0.5
11 24 3.5 0.033 0.5
12 14 2.5 0.015 0.5
12 15 2.5 0.015 0.5
12 17 2.958039892 0.02224859546 0.5
13 14 2.5 0.015 0.5
13 15 2.5 0.015 0.5
13 17 2.958039892 0.02224859546 0.5
14 18 2.958039892 0.02224859546 0.5
14 19 2.5 0.015 0.5
14 20 2.5 0.015 0.5
15 18 2.958039892 0.02224859546 0.5
15 19 2.5 0.015 0.5
15 20 2.5 0.015 0.5
17 25 3.5 0.033 0.5
17 26 2.958039892 0.02224859546 0.5
17 27 2.958039892 0.02224859546 0.5
18 28 2.958039892 0.02224859546 0.5
18 29 2.958039892 0.02224859546 0.5
18 31 3.5 0.033 0.5
19 21 2.5 0.015 0.5
19 22 2.5 0.015 0.5
19 24 2.958039892 0.02224859546 0.5
20 21 2.5 0.015 0.5
20 22 2.5 0.015 0.5
20 24 2.958039892 0.02224859546 0.5
21 25 2.958039892 0.02224859546 0.5
21 26 2.5 0.015 0.5
21 27 2.5 0.015 0.5
22 25 2.958039892 0.02224859546 0.5
22 26 2.5 0.015 0.5
22 27 2.5 0.015 0.5
24 32 3.5 0.033 0.5
24 33 2.958039892 0.02224859546 0.5
24 34 2.958039892 0.02224859546 0.5
25 35 2.958039892 0.02224859546 0.5
25 36 2.958039892 0.02224859546 0.5
25 38 3.5 0.033 0.5
26 28 2.5 0.015 0.5
26 29 2.5 0.015 0.5
26 31 2.958039892 0.02224859546 0.5
27 28 2.5 0.015 0.5
27 29 2.5 0.015 0.5
27 31 2.958039892 0.02224859546 0.5
28 32 2.958039892 0.02224859546 0.5
28 33 2.5 0.015 0.5
28 34 2.5 0.015 0.5
29 32 2.958039892 0.02224859546 0.5
29 33 2.5 0.015 0.5
29 34 2.5 0.015 0.5
31 39 3.5 0.033 0.5
31 40 2.958039892 0.02224859546 0.5
31 41 2.958039892 0.02224859546 0.5
32 42 2.958039892 0.02224859546 0.5
32 43 2.958039892 0.02224859546 0.5
32 45 3.5 0.033 0.5
33 35 2.5 0.015 0.5
33 36 2.5 0.015 0.5
33 38 2.958039892 0.02224859546 0.5
34 35 2.5 0.015 0.5
34 36 2.5 0.015 0.5
34 38 2.958039892 0.02224859546 0.5
35 39 2.958039892 0.02224859546 0.5
35 40 2.5 0.015 0.5
35 41 2.5 0.015 0.5
36 39 2.958039892 0.02224859546 0.5
36 40 2.5 0.015 0.5
36 41 2.5 0.015 0.5
38 46 3.5 0.033 0.5
38 47 2.958039892 0.02224859546 0.5
38 48 2.958039892 0.02224859546 0.5
39 49 2.958039892 0.02224859546 0.5
39 50 2.958039892 0.02224859546 0.5
39 52 3.5 0.033 0.5
40 42 2.5 0.015 0.5
40 43 2.5 0.015 0.5
40 45 2.958039892 0.02224859546 0.5
41 42 2.5 0.015 0.5
41 43 2.5 0.015 0.5
41 45 2.958039892 0.02224859546 0.5
42 46 2.958039892 0.02224859546 0.5
42 47 2.5 0.015 0.5
42 48 2.5 0.015 0.5
43 46 2.958039892 0.02224859546 0.5
43 47 2.5 0.015 0.5
43 48 2.5 0.015 0.5
45 53 3.5 0.033 0.5
45 54 2.958039892 0.02224859546 0.5
45 55 2.958039892 0.02224859546 0.5
46 56 2.958039892 0.02224859546 0.5
46 57 2.958039892 0.02224859546 0.5
46 59 3.5 0.033 0.5
47 49 2.5 0.015 0.5
47 50 2.5 0.015 0.5
47 52 2.958039892 0.02224859546 0.5
48 49 2.5 0.015 0.5
48 50 2.5 0.015 0.5
48 52 2.958039892 0.02224859546 0.5
49 53 2.958039892 0.02224859546 0.5
49 54 2.5 0.015 0.5
49 55 2.5 0.015 0.5
50 53 2.958039892 0.02224859546 0.5
50 54 2.5 0.015 0.5
50 55 2.5 0.015 0.5
52 60 3.5 0.033 0.5
52 61 2.958039892 0.02224859546 0.5
52 62 2.958039892 0.02224859546 0.5
53 63 2.958039892 0.02224859546 0.5
53 64 2.958039892 0.02224859546 0.5
53 66 3.5 0.033 0.5
54 56 2.5 0.015 0.5
54 57 2.5 0.015 0.5
54 59 2.958039892 0.02224859546 0.5
55 56 2.5 0.015 0.5
55 57 2.5 0.015 0.5
55 59 2.958039892 0.02224859546 0.5
56 60 2.958039892 0.02224859546 0.5
56 61 2.5 0.015 0.5
56 62 2.5 0.015 0.5
57 60 2.958039892 0.02224859546 0.5
57 61 2.5 0.015 0.5
57 62 2.5 0.015 0.5
59 67 3.5 0.033 0.5
59 68 2.958039892 0.02224859546 0.5
59 69 2.958039892 0.02224859546 0.5
60 70 2.958039892 0.02224859546 0.5
60 71 2.958039892 0.02224859546 0.5
60 73 3.5 0.033 0.5
61 63 2.5 0.015 0.5
61 64 2.5 0.015 0.5
61 66 2.958039892 0.02224859546 0.5
62 63 2.5 0.015 0.5
62 64 2.5 0.015 0.5
62 66 2.958039892 0.02224859546 0.5
63 67 2.958039892 0.02224859546 0.5
63 68 2.5 0.015 0.5
63 69 2.5 0.015 0.5
64 67 2.958039892 0.02224859546 0.5
64 68 2.5 0.015 0.5
64 69 2.5 0.015 0.5
66 74 3.5 0.033 0.5
66 75 2.958039892 0.02224859546 0.5
66 76 2.958039892 0.02224859546 0.5
67 77 2.958039892 0.02224859546 0.5
67 78 2.958039892 0.02224859546 0.5
67 80 3.5 0.033 0.5
68 70 2.5 0.015 0.5
68 71 2.5 0.015 0.5
68 73 2.958039892 0.02224859546 0.5
69 70 2.5 0.015 0.5
69 71 2.5 0.015 0.5
69 73 2.958039892 0.02224859546 0.5
70 74 2.958039892 0.02224859546 0.5
70 75 2.5 0.015 0.5
70 76 2.5 0.015 0.5
71 74 2.958039892 0.02224859546 0.5
71 75 2.5 0.015 0.5
71 76 2.5 0.015 0.5
73 81 3.5 0.033 0.5
73 82 2.958039892 0.02224859546 0.5
73 83 2.958039892 0.02224859546 0.5
74 84 2.958039892 0.02224859546 0.5
74 85 2.958039892 0.02224859546 0.5
74 87 3.5 0.033 0.5
75 77 2.5 0.015 0.5
75 78 2.5 0.015 0.5
75 80 2.958039892 0.02224859546 0.5
76 77 2.5 0.015 0.5
76 78 2.5 0.015 0.5
76 80 2.958039892 0.02224859546 0.5
77 81 2.958039892 0.02224859546 0.5
77 82 2.5 0.015 0.5
77 83 2.5 0.015 0.5
78 81 2.958039892 0.02224859546 0.5
78 82 2.5 0.015 0.5
78 83 2.5 0.015 0.5
80 88 3.5 0.033 0.5
80 89 2.958039892 0.02224859546 0.5
80 90 2.958039892 0.02224859546 0.5
81 91 2.958039892 0.02224859546 0.5
81 92 2.958039892 0.02224859546 0.5
81 94 3.5 0.033 0.5
82 84 2.5 0.015 0.5
82 85 2.5 0.015 0.5
82 87 2.958039892 0.02224859546 0.5
83 84 2.5 0.015 0.5
83 85 2.5 0.015 0.5
83 87 2.958039892 0.02224859546 0.5
84 88 2.958039892 0.02224859546 0.5
84 89 2.5 0.015 0.5
84 90 2.5 0.015 0.5
85 88 2.958039892 0.02224859546 0.5
85 89 2.5 0.015 0.5
85 90 2.5 0.015 0.5
87 95 3.5 0.033 0.5
87 96 2.958039892 0.02224859546 0.5
87 97 2.958039892 0.02224859546 0.5
88 98 2.958039892 0.02224859546 0.5
88 99 2.958039892 0.02224859546 0.5
88 101 3.5 0.033 0.5
89 91 2.5 0.015 0.5
89 92 2.5 0.015 0.5
89 94 2.958039892 0.02224859546 0.5
90 91 2.5 0.015 0.5
90 92 2.5 0.015 0.5
90 94 2.958039892 0.02224859546 0.5
91 95 2.958039892 0.02224859546 0.5
91 96 2.5 0.015 0.5
91 97 2.5 0.015 0.5
92 95 2.958039892 0.02224859546 0.5
92 96 2.5 0.015 0.5
92 97 2.5 0.015 0.5
94 102 3.5 0.033 0.5
94 103 2.958039892 0.02224859546 0.5
94 104 2.958039892 0.02224859546 0.5
95 105 2.958039892 0.02224859546 0.5
95 106 2.958039892 0.02224859546 0.5
95 108 3.5 0.033 0.5
96 98 2.5 0.015 0.5
96 99 2.5 0.015 0.5
96 101 2.958039892 0.02224859546 0.5
97 98 2.5 0.015 0.5
97 99 2.5 0.015 0.5
97 101 2.958039892 0.02224859546 0.5
98 102 2.958039892 0.02224859546 0.5
98 103 2.5 0.015 0.5
98 104 2.5 0.015 0.5
99 102 2.958039892 0.02224859546 0.5
99 103 2.5 0.015 0.5
99 104 2.5 0.015 0.5
101 109 3.5 0.033 0.5
101 110 2.958039892 0.02224859546 0.5
101 111 2.958039892 0.02224859546 0.5
102 112 2.958039892 0.02224859546 0.5
102 113 2.958039892 0.02224859546 0.5
102 115 3.5 0.033 0.5
103 105 2.5 0.015 0.5
103 106 2.5 0.015 0.5
103 108 2.958039892 0.02224859546 0.5
104 105 2.5 0.015 0.5
104 106 2.5 0.015 0.5
104 108 2.958039892 0.02224859546 0.5
105 109 2.958039892 0.02224859546 0.5
105 110 2.5 0.015 0.5
105 111 2.5 0.015 0.5
106 109 2.958039892 0.02224859546 0.5
106 110 2.5 0.015 0.5
106 111 2.5 0.015 0.5
108 116 3.5 0.033 0.5
108 117 2.958039892 0.02224859546 0.5
108 118 2.958039892 0.02224859546 0.5
109 119 2.958039892 0.02224859546 0.5
109 120 2.958039892 0.02224859546 0.5
109 122 3.5 0.033 0.5
110 112 2.5 0.015 0.5
110 113 2.5 0.015 0.5
110 115 2.958039892 0.02224859546 0.5
111 112 2.5 0.015 0.5
111 113 2.5 0.015 0.5
111 115 2.958039892 0.02224859546 0.5
112 116 2.958039892 0.02224859546 0.5
112 117 2.5 0.015 0.5
112 118 2.5 0.015 0.5
113 116 2.958039892 0.02224859546 0.5
113 117 2.5 0.015 0.5
113 118 2.5 0.015 0.5
115 123 3.5 0.033 0.5
115 124 2.958039892 0.02224859546 0.5
115 125 2.958039892 0.02224859546 0.5
116 126 2.958039892 0.02224859546 0.5
116 127 2.958039892 0.02224859546 0.5
116 129 3.5 0.033 0.5
117 119 2.5 0.015 0.5
117 120 2.5 0.015 0.5
117 122 2.958039892 0.02224859546 0.5
118 119 2.5 0.015 0.5
118 120 2.5 0.015 0.5
118 122 2.958039892 0.02224859546 0.5
119 123 2.958039892 0.02224859546 0.5
119 124 2.5 0.015 0.5
119 125 2.5 0.015 0.5
120 123 2.958039892 0.02224859546 0.5
120 124 2.5 0.015 0.5
120 125 2.5 0.015 0.5
122 130 3.5 0.033 0.5
122 131 2.958039892 0.02224859546 0.5
122 132 2.958039892 0.02224859546 0.5
123 133 2.958039892 0.02224859546 0.5
123 134 2.958039892 0.02224859546 0.5
123 136 3.5 0.033 0.5
124 126 2.5 0.015 0.5
124 127 2.5 0.015 0.5
124 129 2.958039892 0.02224859546 0.5
125 126 2.5 0.015 0.5
125 127 2.5 0.015 0.5
125 129 2.958039892 0.02224859546 0.5
126 130 2.958039892 0.02224859546 0.5
126 131 2.5 0.015 0.5
126 132 2.5 0.015 0.5
127 130 2.958039892 0.02224859546 0.5
127 131 2.5 0.015 0.5
127 132 2.5 0.015 0.5
129 137 3.5 0.033 0.5
129 138 2.958039892 0.02224859546 0.5
129 139 2.958039892 0.02224859546 0.5
130 140 2.958039892 0.02224859546 0.5
130 141 2.958039892 0.02224859546 0.5
130 143 3.5 0.033 0.5
131 133 2.5 0.015 0.5
131 134 2.5 0.015 0.5
131 136 2.958039892 0.02224859546 0.5
132 133 2.5 0.015 0.5
132 134 2.5 0.015 0.5
132 136 2.958039892 0.02224859546 0.5
133 137 2.958039892 0.02224859546 0.5
133 138 2.5 0.015 0.5
133 139 2.5 0.015 0.5
134 137 2.958039892 0.02224859546 0.5
134 138 2.5 0.015 0.5
134 139 2.5 0.015 0.5
136 144 3.5 0.033 0.5
136 145 2.958039892 0.02224859546 0.5
136 146 2.958039892 0.02224859546 0.5
137 147 2.958039892 0.02224859546 0.5
137 148 2.958039892 0.02224859546 0.5
137 150 3.5 0.033 0.5
138 140 2.5 0.015 0.5
138 141 2.5 0.015 0.5
138 143 2.958039892 0.02224859546 0.5
139 140 2.5 0.015 0.5
139 141 2.5 0.015 0.5
139 143 2.958039892 0.02224859546 0.5
140 144 2.958039892 0.02224859546 0.5
140 145 2.5 0.015 0.5
140 146 2.5 0.015 0.5
141 144 2.958039892 0.02224859546 0.5
141 145 2.5 0.015 0.5
141 146 2.5 0.015 0.5
143 151 3.5 0.033 0.5
143 152 2.958039892 0.02224859546 0.5
143 153 2.958039892 0.02224859546 0.5
144 154 2.958039892 0.02224859546 0.5
144 155 2.958039892 0.02224859546 0.5
144 157 3.5 0.033 0.5
145 147 2.5 0.015 0.5
145 148 2.5 0.015 0.5
145 150 2.958039892 0.02224859546 0.5
146 147 2.5 0.015 0.5
146 148 2.5 0.015 0.5
146 150 2.958039892 0.02224859546 0.5
147 151 2.958039892 0.02224859546 0.5
147 152 2.5 0.015 0.5
147 153 2.5 0.015 0.5
148 151 2.958039892 0.02224859546 0.5
148 152 2.5 0.015 0.5
148 153 2.5 0.015 0.5
150 158 3.5 0.033 0.5
150 159 2.958039892 0.02224859546 0.5
150 160 2.958039892 0.02224859546 0.5
151 161 2.958039892 0.02224859546 0.5
151 162 2.958039892 0.02224859546 0.5
151 164 3.5 0.033 0.5
152 154 2.5 0.015 0.5
152 155 2.5 0.015 0.5
152 157 2.958039892 0.02224859546 0.5
153 154 2.5 0.015 0.5
153 155 2.5 0.015 0.5
153 157 2.958039892 0.02224859546 0.5
154 158 2.958039892 0.02224859546 0.5
154 159 2.5 0.015 0.5
154 160 2.5 0.015 0.5
155 158 2.958039892 0.02224859546 0.5
155 159 2.5 0.015 0.5
155 160 2.5 0.015 0.5
157 165 3.5 0.033 0.5
157 166 2.958039892 0.02224859546 0.5
157 167 2.958039892 0.02224859546 0.5
158 168 2.958039892 0.02224859546 0.5
158 169 2.958039892 0.02224859546 0.5
158 171 3.5 0.033 0.5
159 161 2.5 0.015 0.5
159 162 2.5 0.015 0.5
159 164 2.958039892 0.02224859546 0.5
160 161 2.5 0.015 0.5
160 162 2.5 0.015 0.5
160 164 2.958039892 0.02224859546 0.5
161 165 2.958039892 0.02224859546 0.5
161 166 2.5 0.015 0.5
161 167 2.5 0.015 0.5
162 165 2.958039892 0.02224859546 0.5
162 166 2.5 0.015 0.5
162 167 2.5 0.015 0.5
164 172 3.5 0.033 0.5
164 173 2.958039892 0.02224859546 0.5
164 174 2.958039892 0.02224859546 0.5
165 175 2.958039892 0.02224859546 0.5
165 176 2.958039892 0.02224859546 0.5
165 178 3.5 0.033 0.5
166 168 2.5 0.015 0.5
166 169 2.5 0.015 0.5
166 171 2.958039892 0.02224859546 0.5
167 168 2.5 0.015 0.5
167 169 2.5 0.015 0.5
167 171 2.958039892 0.02224859546 0.5
168 172 2.958039892 0.02224859546 0.5
168 173 2.5 0.015 0.5
168 174 2.5 0.015 0.5
169 172 2.958039892 0.02224859546 0.5
169 173 2.5 0.015 0.5
169 174 2.5 0.015 0.5
171 179 3.5 0.033 0.5
171 180 2.958039892 0.02224859546 0.5
171 181 2.958039892 0.02224859546 0.5
172 182 2.958039892 0.02224859546 0.5
172 183 2.958039892 0.02224859546 0.5
172 185 3.5 0.033 0.5
173 175 2.5 0.015 0.5
173 176 2.5 0.015 0.5
173 178 2.958039892 0.02224859546 0.5
174 175 2.5 0.015 0.5
174 176 2.5 0.015 0.5
174 178 2.958039892 0.02224859546 0.5
175 179 2.958039892 0.02224859546 0.5
175 180 2.5 0.015 0.5
175 181 2.5 0.015 0.5
176 179 2.958039892 0.02224859546 0.5
176 180 2.5 0.015 0.5
176 181 2.5 0.015 0.5
178 186 3.5 0.033 0.5
178 187 2.958039892 0.02224859546 0.5
178 188 2.958039892 0.02224859546 0.5
179 189 2.958039892 0.02224859546 0.5
179 190 2.958039892 0.02224859546 0.5
179 192 3.5 0.033 0.5
180 182 2.5 0.015 0.5
180 183 2.5 0.015 0.5
180 185 2.958039892 0.02224859546 0.5
181 182 2.5 0.015 0.5
181 183 2.5 0.015 0.5
181 185 2.958039892 0.02224859546 0.5
182 186 2.958039892 0.02224859546 0.5
182 187 2.5 0.015 0.5
182 188 2.5 0.015 0.5
183 186 2.958039892 0.02224859546 0.5
183 187 2.5 0.015 0.5
183 188 2.5 0.015 0.5
185 193 3.5 0.033 0.5
185 194 2.958039892 0.02224859546 0.5
185 195 2.958039892 0.02224859546 0.5
186 196 2.958039892 0.02224859546 0.5
186 197 2.958039892 0.02224859546 0.5
186 199 3.5 0.033 0.5
187 189 2.5 0.015 0.5
187 190 2.5 0.015 0.5
187 192 2.958039892 0.02224859546 0.5
188 189 2.5 0.015 0.5
188 190 2.5 0.015 0.5
188 192 2.958039892 0.02224859546 0.5
189 193 2.958039892 0.02224859546 0.5
189 194 2.5 0.015 0.5
189 195 2.5 0.015 0.5
190 193 2.958039892 0.02224859546 0.5
190 194 2.5 0.015 0.5
190 195 2.5 0.015 0.5
192 200 3.5 0.033 0.5
192 201 2.958039892 0.02224859546 0.5
192 202 2.958039892 0.02224859546 0.5
193 203 2.958039892 0.02224859546 0.5
193 204 2.958039892 0.02224859546 0.5
193 206 3.5 0.033 0.5
194 196 2.5 0.015 0.5
194 197 2.5 0.015 0.5
194 199 2.958039892 0.02224859546 0.5
195 196 2.5 0.015 0.5
195 197 2.5 0.015 0.5
195 199 2.958039892 0.02224859546 0.5
196 200 2.958039892 0.02224859546 0.5
196 201 2.5 0.015 0.5
196 202 2.5 0.015 0.5
197 200 2.958039892 0.02224859546 0.5
197 201 2.5 0.015 0.5
197 202 2.5 0.015 0.5
199 207 3.5 0.033 0.5
199 208 2.958039892 0.02224859546 0.5
199 209 2.958039892 0.02224859546 0.5
200 210 2.958039892 0.02224859546 0.5
200 211 2.958039892 0.02224859546 0.5
200 213 3.5 0.033 0.5
201 203 2.5 0.015 0.5
201 204 2.5 0.015 0.5
201 206 2.958039892 0.02224859546 0.5
202 203 2.5 0.015 0.5
202 204 2.5 0.015 0.5
202 206 2.958039892 0.02224859546 0.5
203 207 2.958039892 0.02224859546 0.5
203 208 2.5 0.015 0.5
203 209 2.5 0.015 0.5
204 207 2.958039892 0.02224859546 0.5
204 208 2.5 0.015 0.5
204 209 2.5 0.015 0.5
206 214 3.5 0.033 0.5
206 215 2.958039892 0.02224859546 0.5
206 216 2.958039892 0.02224859546 0.5
207 217 2.958039892 0.02224859546 0.5
207 218 2.958039892 0.02224859546 0.5
207 220 3.5 0.033 0.5
208 210 2.5 0.015 0.5
208 211 2.5 0.015 0.5
208 213 2.958039892 0.02224859546 0.5
209 210 2.5 0.015 0.5
209 211 2.5 0.015 0.5
209 213 2.958039892 0.02224859546 0.5
210 214 2.958039892 0.02224859546 0.5
210 215 2.5 0.015 0.5
210 216 2.5 0.015 0.5
211 214 2.958039892 0.02224859546 0.5
211 215 2.5 0.015 0.5
211 216 2.5 0.015 0.5
213 221 3.5 0.033 0.5
213 222 2.958039892 0.02224859546 0.5
213 223 2.958039892 0.02224859546 0.5
214 224 2.958039892 0.02224859546 0.5
214 225 2.958039892 0.02224859546 0.5
214 227 3.5 0.033 0.5
215 217 2.5 0.015 0.5
215 218 2.5 0.015 0.5
215 220 2.958039892 0.02224859546 0.5
216 217 2.5 0.015 0.5
216 218 2.5 0.015 0.5
216 220 2.958039892 0.02224859546 0.5
217 221 2.958039892 0.02224859546 0.5
217 222 2.5 0.015 0.5
217 223 2.5 0.015 0.5
218 221 2.958039892 0.02224859546 0.5
218 222 2.5 0.015 0.5
218 223 2.5 0.015 0.5
220 228 3.5 0.033 0.5
220 229 2.958039892 0.02224859546 0.5
220 230 2.958039892 0.02224859546 0.5
221 231 2.958039892 0.02224859546 0.5
221 232 2.958039892 0.02224859546 0.5
221 234 3.5 0.033 0.5
222 224 2.5 0.015 0.5
222 225 2.5 0.015 0.5
222 227 2.958039892 0.02224859546 0.5
223 224 2.5 0.015 0.5
223 225 2.5 0.015 0.5
223 227 2.958039892 0.02224859546 0.5
224 228 2.958039892 0.02224859546 0.5
224 229 2.5 0.015 0.5
224 230 2.5 0.015 0.5
225 228 2.958039892 0.02224859546 0.5
225 229 2.5 0.015 0.5
225 230 2.5 0.015 0.5
227 235 3.5 0.033 0.5
227 236 2.958039892 0.02224859546 0.5
227 237 2.958039892 0.02224859546 0.5
228 238 2.958039892 0.02224859546 0.5
228 239 2.958039892 0.02224859546 0.5
228 241 3.5 0.033 0.5
229 231 2.5 0.015 0.5
229 232 2.5 0.015 0.5
229 234 2.958039892 0.02224859546 0.5
230 231 2.5 0.015 0.5
230 232 2.5 0.015 0.5
230 234 2.958039892 0.02224859546 0.5
231 235 2.958039892 0.02224859546 0.5
231 236 2.5 0.015 0.5
231 237 2.5 0.015 0.5
232 235 2.958039892 0.02224859546 0.5
232 236 2.5 0.015 0.5
232 237 2.5 0.015 0.5
234 242 3.5 0.033 0.5
234 243 2.958039892 0.02224859546 0.5
234 244 2.958039892 0.02224859546 0.5
235 245 2.958039892 0.02224859546 0.5
235 246 2.958039892 0.02224859546 0.5
235 248 3.5 0.033 0.5
236 238 2.5 0.015 0.5
236 239 2.5 0.015 0.5
236 241 2.958039892 0.02224859546 0.5
237 238 2.5 0.015 0.5
237 239 2.5 0.015 0.5
237 241 2.958039892 0.02224859546 0.5
238 242 2.958039892 0.02224859546 0.5
238 243 2.5 0.015 0.5
238 244 2.5 0.015 0.5
239 242 2.958039892 0.02224859546 0.5
239 243 2.5 0.015 0.5
239 244 2.5 0.015 0.5
241 249 3.5 0.033 0.5
241 250 2.958039892 0.02224859546 0.5
241 251 2.958039892 0.02224859546 0.5
242 252 2.958039892 0.02224859546 0.5
242 253 2.958039892 0.02224859546 0.5
242 255 3.5 0.033 0.5
243 245 2.5 0.015 0.5
243 246 2.5 0.015 0.5
243 248 2.958039892 0.02224859546 0.5
244 245 2.5 0.015 0.5
244 246 2.5 0.015 0.5
244 248 2.958039892 0.02224859546 0.5
245 249 2.958039892 0.02224859546 0.5
245 250 2.5 0.015 0.5
245 251 2.5 0.015 0.5
246 249 2.958039892 0.02224859546 0.5
246 250 2.5 0.015 0.5
246 251 2.5 0.015 0.5
248 256 3.5 0.033 0.5
248 257 2.958039892 0.02224859546 0.5
248 258 2.958039892 0.02224859546 0.5
249 259 2.958039892 0.02224859546 0.5
249 260 2.958039892 0.02224859546 0.5
249 262 3.5 0.033 0.5
250 252 2.5 0.015 0.5
250 253 2.5 0.015 0.5
250 255 2.958039892 0.02224859546 0.5
251 252 2.5 0.015 0.5
251 253 2.5 0.015 0.5
251 255 2.958039892 0.02224859546 0.5
252 256 2.958039892 0.02224859546 0.5
252 257 2.5 0.015 0.5
252 258 2.5 0.015 0.5
253 256 2.958039892 0.02224859546 0.5
253 257 2.5 0.015 0.5
253 258 2.5 0.015 0.5
255 263 3.5 0.033 0.5
255 264 2.958039892 0.02224859546 0.5
255 265 2.958039892 0.02224859546 0.5
256 266 2.958039892 0.02224859546 0.5
256 267 2.958039892 0.02224859546 0.5
256 269 3.5 0.033 0.5
257 259 2.5 0.015 0.5
257 260 2.5 0.015 0.5
257 262 2.958039892 0.02224859546 0.5
258 259 2.5 0.015 0.5
258 260 2.5 0.015 0.5
258 262 2.958039892 0.02224859546 0.5
259 263 2.958039892 0.02224859546 0.5
259 264 2.5 0.015 0.5
259 265 2.5 0.015 0.5
260 263 2.958039892 0.02224859546 0.5
260 264 2.5 0.015 0.5
260 265 2.5 0.015 0.5
262 270 3.5 0.033 0.5
262 271 2.958039892 0.02224859546 0.5
262 272 2.958039892 0.02224859546 0.5
263 273 2.958039892 0.02224859546 0.5
263 274 2.958039892 0.02224859546 0.5
263 276 3.5 0.033 0.5
264 266 2.5 0.015 0.5
264 267 2.5 0.015 0.5
264 269 2.958039892 0.02224859546 0.5
265 266 2.5 0.015 0.5
265 267 2.5 0.015 0.5
265 269 2.958039892 0.02224859546 0.5
266 270 2.958039892 0.02224859546 0.5
266 271 2.5 0.015 0.5
266 272 2.5 0.015 0.5
267 270 2.958039892 0.02224859546 0.5
267 271 2.5 0.015 0.5
267 272 2.5 0.015 0.5
269 277 3.5 0.033 0.5
269 278 2.958039892 0.02224859546 0.5
269 279 2.958039892 0.02224859546 0.5
270 280 2.958039892 0.02224859546 0.5
270 281 2.958039892 0.02224859546 0.5
270 283 3.5 0.033 0.5
271 273 2.5 0.015 0.5
271 274 2.5 0.015 0.5
271 276 2.958039892 0.02224859546 0.5
272 273 2.5 0.015 0.5
272 274 2.5 0.015 0.5
272 276 2.958039892 0.02224859546 0.5
273 277 2.958039892 0.02224859546 0.5
273 278 2.5 0.015 0.5
273 279 2.5 0.015 0.5
274 277 2.958039892 0.02224859546 0.5
274 278 2.5 0.015 0.5
274 279 2.5 0.015 0.5
276 284 3.5 0.033 0.5
276 285 2.958039892 0.02224859546 0.5
276 286 2.958039892 0.02224859546 0.5
277 287 2.958039892 0.02224859546 0.5
277 288 2.958039892 0.02224859546 0.5
277 290 3.5 0.033 0.5
278 280 2.5 0.015 0.5
278 281 2.5 0.015 0.5
278 283 2.958039892 0.02224859546 0.5
279 280 2.5 0.015 0.5
279 281 2.5 0.015 0.5
279 283 2.958039892 0.02224859546 0.5
280 284 2.958039892 0.02224859546 0.5
280 285 2.5 0.015 0.5
280 286 2.5 0.015 0.5
281 284 2.958039892 0.02224859546 0.5
281 285 2.5 0.015 0.5
281 286 2.5 0.015 0.5
283 291 3.5 0.033 0.5
283 292 2.958039892 0.02224859546 0.5
283 293 2.958039892 0.02224859546 0.5
284 294 2.958039892 0.02224859546 0.5
284 295 2.958039892 0.02224859546 0.5
284 297 3.5 0.033 0.5
285 287 2.5 0.015 0.5
285 288 2.5 0.015 0.5
285 290 2.958039892 0.02224859546 0.5
286 287 2.5 0.015 0.5
286 288 2.5 0.015 0.5
286 290 2.958039892 0.02224859546 0.5
287 291 2.958039892 0.02224859546 0.5
287 292 2.5 0.015 0.5
287 293 2.5 0.015 0.5
288 291 2.958039892 0.02224859546 0.5
288 292 2.5 0.015 0.5
288 293 2.5 0.015 0.5
290 298 3.5 0.033 0.5
290 299 2.958039892 0.02224859546 0.5
290 300 2.958039892 0.02224859546 0.5
291 301 2.958039892 0.02224859546 0.5
291 302 2.958039892 0.02224859546 0.5
291 304 3.5 0.033 0.5
292 294 2.5 0.015 0.5
292 295 2.5 0.015 0.5
292 297 2.958039892 0.02224859546 0.5
293 294 2.5 0.015 0.5
293 295 2.5 0.015 0.5
293 297 2.958039892 0.02224859546 0.5
294 298 2.958039892 0.02224859546 0.5
294 299 2.5 0.015 0.5
294 300 2.5 0.015 0.5
295 298 2.958039892 0.02224859546 0.5
295 299 2.5 0.015 0.5
295 300 2.5 0.015 0.5
297 305 3.5 0.033 0.5
297 306 2.958039892 0.02224859546 0.5
297 307 2.958039892 0.02224859546 0.5
298 308 2.958039892 0.02224859546 0.5
298 309 2.958039892 0.02224859546 0.5
298 311 3.5 0.033 0.5
299 301 2.5 0.015 0.5
299 302 2.5 0.015 0.5
299 304 2.958039892 0.02224859546 0.5
300 301 2.5 0.015 0.5
300 302 2.5 0.015 0.5
300 304 2.958039892 0.02224859546 0.5
301 305 2.958039892 0.02224859546 0.5
301 306 2.5 0.015 0.5
301 307 2.5 0.015 0.5
302 305 2.958039892 0.02224859546 0.5
302 306 2.5 0.015 0.5
302 307 2.5 0.015 0.5
304 312 3.5 0.033 0.5
304 313 2.958039892 0.02224859546 0.5
304 314 2.958039892 0.02224859546 0.5
305 315 2.958039892 0.02224859546 0.5
305 316 2.958039892 0.02224859546 0.5
305 318 3.5 0.033 0.5
306 308 2.5 0.015 0.5
306 309 2.5 0.015 0.5
306 311 2.958039892 0.02224859546 0.5
307 308 2.5 0.015 0.5
307 309 2.5 0.015 0.5
307 311 2.958039892 0.02224859546 0.5
308 312 2.958039892 0.02224859546 0.5
308 313 2.5 0.015 0.5
308 314 2.5 0.015 0.5
309 312 2.958039892 0.02224859546 0.5
309 313 2.5 0.015 0.5
309 314 2.5 0.015 0.5
311 319 3.5 0.033 0.5
311 320 2.958039892 0.02224859546 0.5
311 321 2.958039892 0.02224859546 0.5
312 322 2.958039892 0.02224859546 0.5
312 323 2.958039892 0.02224859546 0.5
312 325 3.5 0.033 0.5
313 315 2.5 0.015 0.5
313 316 2.5 0.015 0.5
313 318 2.958039892 0.02224859546 0.5
314 315 2.5 0.015 0.5
314 316 2.5 0.015 0.5
314 318 2.958039892 0.02224859546 0.5
315 319 2.958039892 0.02224859546 0.5
315 320 2.5 0.015 0.5
315 321 2.5 0.015 0.5
316 319 2.958039892 0.02224859546 0.5
316 320 2.5 0.015 0.5
316 321 2.5 0.015 0.5
318 326 3.5 0.033 0.5
318 327 2.958039892 0.02224859546 0.5
318 328 2.958039892 0.02224859546 0.5
319 329 2.958039892 0.02224859546 0.5
319 330 2.958039892 0.02224859546 0.5
319 332 3.5 0.033 0.5
320 322 2.5 0.015 0.5
320 323 2.5 0.015 0.5
320 325 2.958039892 0.02224859546 0.5
321 322 2.5 0.015 0.5
321 323 2.5 0.015 0.5
321 325 2.958039892 0.02224859546 0.5
322 326 2.958039892 0.02224859546 0.5
322 327 2.5 0.015 0.5
322 328 2.5 0.015 0.5
323 326 2.958039892 0.02224859546 0.5
323 327 2.5 0.015 0.5
323 328 2.5 0.015 0.5
325 333 3.5 0.033 0.5
325 334 2.958039892 0.02224859546 0.5
325 335 2.958039892 0.02224859546 0.5
326 336 2.958039892 0.02224859546 0.5
326 337 2.958039892 0.02224859546 0.5
326 339 3.5 0.033 0.5
327 329 2.5 0.015 0.5
327 330 2.5 0.015 0.5
327 332 2.958039892 0.02224859546 0.5
328 329 2.5 0.015 0.5
328 330 2.5 0.015 0.5
328 332 2.958039892 0.02224859546 0.5
329 333 2.958039892 0.02224859546 0.5
329 334 2.5 0.015 0.5
329 335 2.5 0.015 0.5
330 333 2.958039892 0.02224859546 0.5
330 334 2.5 0.015 0.5
330 335 2.5 0.015 0.5
332 340 3.5 0.033 0.5
332 341 2.958039892 0.02224859546 0.5
332 342 2.958039892 0.02224859546 0.5
333 343 2.958039892 0.02224859546 0.5
333 344 2.958039892 0.02224859546 0.5
333 346 3.5 0.033 0.5
334 336 2.5 0.015 0.5
334 337 2.5 0.015 0.5
334 339 2.958039892 0.02224859546 0.5
335 336 2.5 0.015 0.5
335 337 2.5 0.015 0.5
335 339 2.958039892 0.02224859546 0.5
336 340 2.958039892 0.02224859546 0.5
336 341 2.5 0.015 0.5
336 342 2.5 0.015 0.5
337 340 2.958039892 0.02224859546 0.5
337 341 2.5 0.015 0.5
337 342 2.5 0.015 0.5
339 347 3.5 0.033 0.5
339 348 2.958039892 0.02224859546 0.5
339 349 2.958039892 0.02224859546 0.5
340 350 2.958039892 0.02224859546 0.5
340 351 2.958039892 0.02224859546 0.5
340 352 2.958039892 0.02224859546 0.5
341 343 2.5 0.015 0.5
341 344 2.5 0.015 0.5
341 346 2.958039892 0.02224859546 0.5
342 343 2.5 0.015 0.5
342 344 2.5 0.015 0.5
342 346 2.958039892 0.02224859546 0.5
343 347 2.958039892 0.02224859546 0.5
343 348 2.5 0.015 0.5
343 349 2.5 0.015 0.5
344 347 2.958039892 0.02224859546 0.5
344 348 2.5 0.015 0.5
344 349 2.5 0.015 0.5
348 350 2.5 0.015 0.5
348 351 2.5 0.015 0.5
348 352 2.5 0.015 0.5
349 350 2.5 0.015 0.5
349 351 2.5 0.015 0.5
349 352 2.5 0.015 0.5
354 366 2.958039892 0.02224859546 0.5
354 367 2.958039892 0.02224859546 0.5
354 369 3.5 0.033 0.5
355 363 3.5 0.033 0.5
355 364 2.958039892 0.02224859546 0.5
355 365 2.958039892 0.02224859546 0.5
356 358 2.5 0.015 0.5
356 359 2.5 0.015 0.5
356 360 2.5 0.015 0.5
356 363 2.958039892 0.02224859546 0.5
356 364 2.5 0.015 0.5
356 365 2.5 0.015 0.5
357 358 2.5 0.015 0.5
357 359 2.5 0.015 0.5
357 360 2.5 0.015 0.5
357 363 2.958039892 0.02224859546 0.5
357 364 2.5 0.015 0.5
357 365 2.5 0.015 0.5
358 362 2.958039892 0.02224859546 0.5
359 362 2.958039892 0.02224859546 0.5
360 362 2.958039892 0.02224859546 0.5
362 370 3.5 0.033 0.5
362 371 2.958039892 0.02224859546 0.5
362 372 2.958039892 0.02224859546 0.5
363 373 2.958039892 0.02224859546 0.5
363 374 2.958039892 0.02224859546 0.5
363 376 3.5 0.033 0.5
364 366 2.5 0.015 0.5
364 367 2.5 0.015 0.5
364 369 2.958039892 0.02224859546 0.5
365 366 2.5 0.015 0.5
365 367 2.5 0.015 0.5
365 369 2.958039892 0.02224859546 0.5
366 370 2.958039892 0.02224859546 0.5
366 371 2.5 0.015 0.5
366 372 2.5 0.015 0.5
367 370 2.958039892 0.02224859546 0.5
367 371 2.5 0.015 0.5
367 372 2.5 0.015 0.5
369 377 3.5 0.033 0.5
369 378 2.958039892 0.02224859546 0.5
369 379 2.958039892 0.02224859546 0.5
370 380 2.958039892 0.02224859546 0.5
370 381 2.958039892 0.02224859546 0.5
370 383 3.5 0.033 0.5
371 373 2.5 0.015 0.5
371 374 2.5 0.015 0.5
371 376 2.958039892 0.02224859546 0.5
372 373 2.5 0.015 0.5
372 374 2.5 0.015 0.5
372 376 2.958039892 0.02224859546 0.5
373 377 2.958039892 0.02224859546 0.5
373 378 2.5 0.015 0.5
373 379 2.5 0.015 0.5
374 377 2.958039892 0.02224859546 0.5
374 378 2.5 0.015 0.5
374 379 2.5 0.015 0.5
376 384 3.5 0.033 0.5
376 385 2.958039892 0.02224859546 0.5
376 386 2.958039892 0.02224859546 0.5
377 387 2.958039892 0.02224859546 0.5
377 388 2.958039892 0.02224859546 0.5
377 390 3.5 0.033 0.5
378 380 2.5 0.015 0.5
378 381 2.5 0.015 0.5
378 383 2.958039892 0.02224859546 0.5
379 380 2.5 0.015 0.5
379 381 2.5 0.015 0.5
379 383 2.958039892 0.02224859546 0.5
380 384 2.958039892 0.02224859546 0.5
380 385 2.5 0.015 0.5
380 386 2.5 0.015 0.5
381 384 2.958039892 0.02224859546 0.5
381 385 2.5 0.015 0.5
381 386 2.5 0.015 0.5
383 391 3.5 0.033 0.5
383 392 2.958039892 0.02224859546 0.5
383 393 2.958039892 0.02224859546 0.5
384 394 2.958039892 0.02224859546 0.5
384 395 2.958039892 0.02224859546 0.5
384 397 3.5 0.033 0.5
385 387 2.5 0.015 0.5
385 388 2.5 0.015 0.5
385 390 2.958039892 0.02224859546 0.5
386 387 2.5 0.015 0.5
386 388 2.5 0.015 0.5
386 390 2.958039892 0.02224859546 0.5
387 391 2.958039892 0.02224859546 0.5
387 392 2.5 0.015 0.5
387 393 2.5 0.015 0.5
388 391 2.958039892 0.02224859546 0.5
388 392 2.5 0.015 0.5
388 393 2.5 0.015 0.5
390 398 3.5 0.033 0.5
390 399 2.958039892 0.02224859546 0.5
390 400 2.958039892 0.02224859546 0.5
391 401 2.958039892 0.02224859546 0.5
391 402 2.958039892 0.02224859546 0.5
391 404 3.5 0.033 0.5
392 394 2.5 0.015 0.5
392 395 2.5 0.015 0.5
392 397 2.958039892 0.02224859546 0.5
393 394 2.5 0.015 0.5
393 395 2.5 0.015 0.5
393 397 2.958039892 0.02224859546 0.5
394 398 2.958039892 0.02224859546 0.5
394 399 2.5 0.015 0.5
394 400 2.5 0.015 0.5
395 398 2.958039892 0.02224859546 0.5
395 399 2.5 0.015 0.5
395 400 2.5 0.015 0.5
397 405 3.5 0.033 0.5
397 406 2.958039892 0.02224859546 0.5
397 407 2.958039892 0.02224859546 0.5
398 408 2.958039892 0.02224859546 0.5
398 409 2.958039892 0.02224859546 0.5
398 411 3.5 0.033 0.5
399 401 2.5 0.015 0.5
399 402 2.5 0.015 0.5
399 404 2.958039892 0.02224859546 0.5
400 401 2.5 0.015 0.5
400 402 2.5 0.015 0.5
400 404 2.958039892 0.02224859546 0.5
401 405 2.958039892 0.02224859546 0.5
401 406 2.5 0.015 0.5
401 407 2.5 0.015 0.5
402 405 2.958039892 0.02224859546 0.5
402 406 2.5 0.015 0.5
402 407 2.5 0.015 0.5
404 412 3.5 0.033 0.5
404 413 2.958039892 0.02224859546 0.5
404 414 2.958039892 0.02224859546 0.5
405 415 2.958039892 0.02224859546 0.5
405 416 2.958039892 0.02224859546 0.5
405 418 3.5 0.033 0.5
406 408 2.5 0.015 0.5
406 409 2.5 0.015 0.5
406 411 2.958039892 0.02224859546 0.5
407 408 2.5 0.015 0.5
407 409 2.5 0.015 0.5
407 411 2.958039892 0.02224859546 0.5
408 412 2.958039892 0.02224859546 0.5
408 413 2.5 0.015 0.5
408 414 2.5 0.015 0.5
409 412 2.958039892 0.02224859546 0.5
409 413 2.5 0.015 0.5
409 414 2.5 0.015 0.5
411 419 3.5 0.033 0.5
411 420 2.958039892 0.02224859546 0.5
411 421 2.958039892 0.02224859546 0.5
412 422 2.958039892 0.02224859546 0.5
412 423 2.958039892 0.02224859546 0.5
412 425 3.5 0.033 0.5
413 415 2.5 0.015 0.5
413 416 2.5 0.015 0.5
413 418 2.958039892 0.02224859546 0.5
414 415 2.5 0.015 0.5
414 416 2.5 0.015 0.5
414 418 2.958039892 0.02224859546 0.5
415 419 2.958039892 0.02224859546 0.5
415 420 2.5 0.015 0.5
415 421 2.5 0.015 0.5
416 419 2.958039892 0.02224859546 0.5
416 420 2.5 0.015 0.5
416 421 2.5 0.015 0.5
418 426 3.5 0.033 0.5
418 427 2.958039892 0.02224859546 0.5
418 428 2.958039892 0.02224859546 0.5
419 429 2.958039892 0.02224859546 0.5
419 430 2.958039892 0.02224859546 0.5
419 432 3.5 0.033 0.5
420 422 2.5 0.015 0.5
420 423 2.5 0.015 0.5
420 425 2.958039892 0.02224859546 0.5
421 422 2.5 0.015 0.5
421 423 2.5 0.015 0.5
421 425 2.958039892 0.02224859546 0.5
422 426 2.958039892 0.02224859546 0.5
422 427 2.5 0.015 0.5
422 428 2.5 0.015 0.5
423 426 2.958039892 0.02224859546 0.5
423 427 2.5 0.015 0.5
423 428 2.5 0.015 0.5
425 433 3.5 0.033 0.5
425 434 2.958039892 0.02224859546 0.5
425 435 2.958039892 0.02224859546 0.5
426 436 2.958039892 0.02224859546 0.5
426 437 2.958039892 0.02224859546 0.5
426 439 3.5 0.033 0.5
427 429 2.5 0.015 0.5
427 430 2.5 0.015 0.5
427 432 2.958039892 0.02224859546 0.5
428 429 2.5 0.015 0.5
428 430 2.5 0.015 0.5
428 432 2.958039892 0.02224859546 0.5
429 433 2.958039892 0.02224859546 0.5
429 434 2.5 0.015 0.5
429 435 2.5 0.015 0.5
430 433 2.958039892 0.02224859546 0.5
430 434 2.5 0.015 0.5
430 435 2.5 0.015 0.5
432 440 3.5 0.033 0.5
432 441 2.958039892 0.02224859546 0.5
432 442 2.958039892 0.02224859546 0.5
433 443 2.958039892 0.02224859546 0.5
433 444 2.958039892 0.02224859546 0.5
433 446 3.5 0.033 0.5
434 436 2.5 0.015 0.5
434 437 2.5 0.015 0.5
434 439 2.958039892 0.02224859546 0.5
435 436 2.5 0.015 0.5
435 437 2.5 0.015 0.5
435 439 2.958039892 0.02224859546 0.5
436 440 2.958039892 0.02224859546 0.5
436 441 2.5 0.015 0.5
436 442 2.5 0.015 0.5
437 440 2.958039892 0.02224859546 0.5
437 441 2.5 0.015 0.5
437 442 2.5 0.015 0.5
439 447 3.5 0.033 0.5
439 448 2.958039892 0.02224859546 0.5
439 449 2.958039892 0.02224859546 0.5
440 450 2.958039892 0.02224859546 0.5
440 451 2.958039892 0.02224859546 0.5
440 453 3.5 0.033 0.5
441 443 2.5 0.015 0.5
441 444 2.5 0.015 0.5
441 446 2.958039892 0.02224859546 0.5
442 443 2.5 0.015 0.5
442 444 2.5 0.015 0.5
442 446 2.958039892 0.02224859546 0.5
443 447 2.958039892 0.02224859546 0.5
443 448 2.5 0.015 0.5
443 449 2.5 0.015 0.5
444 447 2.958039892 0.02224859546 0.5
444 448 2.5 0.015 0.5
444 449 2.5 0.015 0.5
446 454 3.5 0.033 0.5
446 455 2.958039892 0.02224859546 0.5
446 456 2.958039892 0.02224859546 0.5
447 457 2.958039892 0.02224859546 0.5
447 458 2.958039892 0.02224859546 0.5
447 460 3.5 0.033 0.5
448 450 2.5 0.015 0.5
448 451 2.5 0.015 0.5
448 453 2.958039892 0.02224859546 0.5
449 450 2.5 0.015 0.5
449 451 2.5 0.015 0.5
449 453 2.958039892 0.02224859546 0.5
450 454 2.958039892 0.02224859546 0.5
450 455 2.5 0.015 0.5
450 456 2.5 0.015 0.5
451 454 2.958039892 0.02224859546 0.5
451 455 2.5 0.015 0.5
451 456 2.5 0.015 0.5
453 461 3.5 0.033 0.5
453 462 2.958039892 0.02224859546 0.5
453 463 2.958039892 0.02224859546 0.5
454 464 2.958039892 0.02224859546 0.5
454 465 2.958039892 0.02224859546 0.5
454 467 3.5 0.033 0.5
455 457 2.5 0.015 0.5
455 458 2.5 0.015 0.5
455 460 2.958039892 0.02224859546 0.5
456 457 2.5 0.015 0.5
456 458 2.5 0.015 0.5
456 460 2.958039892 0.02224859546 0.5
457 461 2.958039892 0.02224859546 0.5
457 462 2.5 0.015 0.5
457 463 2.5 0.015 0.5
458 461 2.958039892 0.02224859546 0.5
458 462 2.5 0.015 0.5
458 463 2.5 0.015 0.5
460 468 3.5 0.033 0.5
460 469 2.958039892 0.02224859546 0.5
460 470 2.958039892 0.02224859546 0.5
461 471 2.958039892 0.02224859546 0.5
461 472 2.958039892 0.02224859546 0.5
461 474 3.5 0.033 0.5
462 464 2.5 0.015 0.5
462 465 2.5 0.015 0.5
462 467 2.958039892 0.02224859546 0.5
463 464 2.5 0.015 0.5
463 465 2.5 0.015 0.5
463 467 2.958039892 0.02224859546 0.5
464 468 2.958039892 0.02224859546 0.5
464 469 2.5 0.015 0.5
464 470 2.5 0.015 0.5
465 468 2.958039892 0.02224859546 0.5
465 469 2.5 0.015 0.5
465 470 2.5 0.015 0.5
467 475 3.5 0.033 0.5
467 476 2.958039892 0.02224859546 0.5
467 477 2.958039892 0.02224859546 0.5
468 478 2.958039892 0.02224859546 0.5
468 479 2.958039892 0.02224859546 0.5
468 481 3.5 0.033 0.5
469 471 2.5 0.015 0.5
469 472 2.5 0.015 0.5
469 474 2.958039892 0.02224859546 0.5
470 471 2.5 0.015 0.5
470 472 2.5 0.015 0.5
470 474 2.958039892 0.02224859546 0.5
471 475 2.958039892 0.02224859546 0.5
471 476 2.5 0.015 0.5
471 477 2.5 0.015 0.5
472 475 2.958039892 0.02224859546 0.5
472 476 2.5 0.015 0.5
472 477 2.5 0.015 0.5
474 482 3.5 0.033 0.5
474 483 2.958039892 0.02224859546 0.5
474 484 2.958039892 0.02224859546 0.5
475 485 2.958039892 0.02224859546 0.5
475 486 2.958039892 0.02224859546 0.5
475 488 3.5 0.033 0.5
476 478 2.5 0.015 0.5
476 479 2.5 0.015 0.5
476 481 2.958039892 0.02224859546 0.5
477 478 2.5 0.015 0.5
477 479 2.5 0.015 0.5
477 481 2.958039892 0.02224859546 0.5
478 482 2.958039892 0.02224859546 0.5
478 483 2.5 0.015 0.5
478 484 2.5 0.015 0.5
479 482 2.958039892 0.02224859546 0.5
479 483 2.5 0.015 0.5
479 484 2.5 0.015 0.5
481 489 3.5 0.033 0.5
481 490 2.958039892 0.02224859546 0.5
481 491 2.958039892 0.02224859546 0.5
482 492 2.958039892 0.02224859546 0.5
482 493 2.958039892 0.02224859546 0.5
482 495 3.5 0.033 0.5
483 485 2.5 0.015 0.5
483 486 2.5 0.015 0.5
483 488 2.958039892 0.02224859546 0.5
484 485 2.5 0.015 0.5
484 486 2.5 0.015 0.5
484 488 2.958039892 0.02224859546 0.5
485 489 2.958039892 0.02224859546 0.5
485 490 2.5 0.015 0.5
485 491 2.5 0.015 0.5
486 489 2.958039892 0.02224859546 0.5
486 490 2.5 0.015 0.5
486 491 2.5 0.015 0.5
488 496 3.5 0.033 0.5
488 497 2.958039892 0.02224859546 0.5
488 498 2.958039892 0.02224859546 0.5
489 499 2.958039892 0.02224859546 0.5
489 500 2.958039892 0.02224859546 0.5
489 502 3.5 0.033 0.5
490 492 2.5 0.015 0.5
490 493 2.5 0.015 0.5
490 495 2.958039892 0.02224859546 0.5
491 492 2.5 0.015 0.5
491 493 2.5 0.015 0.5
491 495 2.958039892 0.02224859546 0.5
492 496 2.958039892 0.02224859546 0.5
492 497 2.5 0.015 0.5
492 498 2.5 0.015 0.5
493 496 2.958039892 0.02224859546 0.5
493 497 2.5 0.015 0.5
493 498 2.5 0.015 0.5
495 503 3.5 0.033 0.5
495 504 2.958039892 0.02224859546 0.5
495 505 2.958039892 0.02224859546 0.5
496 506 2.958039892 0.02224859546 0.5
496 507 2.958039892 0.02224859546 0.5
496 509 3.5 0.033 0.5
497 499 2.5 0.015 0.5
497 500 2.5 0.015 0.5
497 502 2.958039892 0.02224859546 0.5
498 499 2.5 0.015 0.5
498 500 2.5 0.015 0.5
498 502 2.958039892 0.02224859546 0.5
499 503 2.958039892 0.02224859546 0.5
499 504 2.5 0.015 0.5
499 505 2.5 0.015 0.5
500 503 2.958039892 0.02224859546 0.5
500 504 2.5 0.015 0.5
500 505 2.5 0.015 0.5
502 510 3.5 0.033 0.5
502 511 2.958039892 0.02224859546 0.5
502 512 2.958039892 0.02224859546 0.5
503 513 2.958039892 0.02224859546 0.5
503 514 2.958039892 0.02224859546 0.5
503 516 3.5 0.033 0.5
504 506 2.5 0.015 0.5
504 507 2.5 0.015 0.5
504 509 2.958039892 0.02224859546 0.5
505 506 2.5 0.015 0.5
505 507 2.5 0.015 0.5
505 509 2.958039892 0.02224859546 0.5
506 510 2.958039892 0.02224859546 0.5
506 511 2.5 0.015 0.5
506 512 2.5 0.015 0.5
507 510 2.958039892 0.02224859546 0.5
507 511 2.5 0.015 0.5
507 512 2.5 0.015 0.5
509 517 3.5 0.033 0.5
509 518 2.958039892 0.02224859546 0.5
509 519 2.958039892 0.02224859546 0.5
510 520 2.958039892 0.02224859546 0.5
510 521 2.958039892 0.02224859546 0.5
510 523 3.5 0.033 0.5
511 513 2.5 0.015 0.5
511 514 2.5 0.015 0.5
511 516 2.958039892 0.02224859546 0.5
512 513 2.5 0.015 0.5
512 514 2.5 0.015 0.5
512 516 2.958039892 0.02224859546 0.5
513 517 2.958039892 0.02224859546 0.5
513 518 2.5 0.015 0.5
513 519 2.5 0.015 0.5
514 517 2.958039892 0.02224859546 0.5
514 518 2.5 0.015 0.5
514 519 2.5 0.015 0.5
516 524 3.5 0.033 0.5
516 525 2.958039892 0.02224859546 0.5
516 526 2.958039892 0.02224859546 0.5
517 527 2.958039892 0.02224859546 0.5
517 528 2.958039892 0.02224859546 0.5
517 530 3.5 0.033 0.5
518 520 2.5 0.015 0.5
518 521 2.5 0.015 0.5
518 523 2.958039892 0.02224859546 0.5
519 520 2.5 0.015 0.5
519 521 2.5 0.015 0.5
519 523 2.958039892 0.02224859546 0.5
520 524 2.958039892 0.02224859546 0.5
520 525 2.5 0.015 0.5
520 526 2.5 0.015 0.5
521 524 2.958039892 0.02224859546 0.5
521 525 2.5 0.015 0.5
521 526 2.5 0.015 0.5
523 531 3.5 0.033 0.5
523 532 2.958039892 0.02224859546 0.5
523 533 2.958039892 0.02224859546 0.5
524 534 2.958039892 0.02224859546 0.5
524 535 2.958039892 0.02224859546 0.5
524 537 3.5 0.033 0.5
525 527 2.5 0.015 0.5
525 528 2.5 0.015 0.5
525 530 2.958039892 0.02224859546 0.5
526 527 2.5 0.015 0.5
526 528 2.5 0.015 0.5
526 530 2.958039892 0.02224859546 0.5
527 531 2.958039892 0.02224859546 0.5
527 532 2.5 0.015 0.5
527 533 2.5 0.015 0.5
528 531 2.958039892 0.02224859546 0.5
528 532 2.5 0.015 0.5
528 533 2.5 0.015 0.5
530 538 3.5 0.033 0.5
530 539 2.958039892 0.02224859546 0.5
530 540 2.958039892 0.02224859546 0.5
531 541 2.958039892 0.02224859546 0.5
531 542 2.958039892 0.02224859546 0.5
531 544 3.5 0.033 0.5
532 534 2.5 0.015 0.5
532 535 2.5 0.015 0.5
532 537 2.958039892 0.02224859546 0.5
533 534 2.5 0.015 0.5
533 535 2.5 0.015 0.5
533 537 2.958039892 0.02224859546 0.5
534 538 2.958039892 0.02224859546 0.5
534 539 2.5 0.015 0.5
534 540 2.5 0.015 0.5
535 538 2.958039892 0.02224859546 0.5
535 539 2.5 0.015 0.5
535 540 2.5 0.015 0.5
537 545 3.5 0.033 0.5
537 546 2.958039892 0.02224859546 0.5
537 547 2.958039892 0.02224859546 0.5
538 548 2.958039892 0.02224859546 0.5
538 549 2.958039892 0.02224859546 0.5
538 551 3.5 0.033 0.5
539 541 2.5 0.015 0.5
539 542 2.5 0.015 0.5
539 544 2.958039892 0.02224859546 0.5
540 541 2.5 0.015 0.5
540 542 2.5 0.015 0.5
540 544 2.958039892 0.02224859546 0.5
541 545 2.958039892 0.02224859546 0.5
541 546 2.5 0.015 0.5
541 547 2.5 0.015 0.5
542 545 2.958039892 0.02224859546 0.5
542 546 2.5 0.015 0.5
542 547 2.5 0.015 0.5
544 552 3.5 0.033 0.5
544 553 2.958039892 0.02224859546 0.5
544 554 2.958039892 0.02224859546 0.5
545 555 2.958039892 0.02224859546 0.5
545 556 2.958039892 0.02224859546 0.5
545 558 3.5 0.033 0.5
546 548 2.5 0.015 0.5
546 549 2.5 0.015 0.5
546 551 2.958039892 0.02224859546 0.5
547 548 2.5 0.015 0.5
547 549 2.5 0.015 0.5
547 551 2.958039892 0.02224859546 0.5
548 552 2.958039892 0.02224859546 0.5
548 553 2.5 0.015 0.5
548 554 2.5 0.015 0.5
549 552 2.958039892 0.02224859546 0.5
549 553 2.5 0.015 0.5
549 554 2.5 0.015 0.5
551 559 3.5 0.033 0.5
551 560 2.958039892 0.02224859546 0.5
551 561 2.958039892 0.02224859546 0.5
552 562 2.958039892 0.02224859546 0.5
552 563 2.958039892 0.02224859546 0.5
552 565 3.5 0.033 0.5
553 555 2.5 0.015 0.5
553 556 2.5 0.015 0.5
553 558 2.958039892 0.02224859546 0.5
554 555 2.5 0.015 0.5
554 556 2.5 0.015 0.5
554 558 2.958039892 0.02224859546 0.5
555 559 2.958039892 0.02224859546 0.5
555 560 2.5 0.015 0.5
555 561 2.5 0.015 0.5
556 559 2.958039892 0.02224859546 0.5
556 560 2.5 0.015 0.5
556 561 2.5 0.015 0.5
558 566 3.5 0.033 0.5
558 567 2.958039892 0.02224859546 0.5
558 568 2.958039892 0.02224859546 0.5
559 569 2.958039892 0.02224859546 0.5
559 570 2.958039892 0.02224859546 0.5
559 572 3.5 0.033 0.5
560 562 2.5 0.015 0.5
560 563 2.5 0.015 0.5
560 565 2.958039892 0.02224859546 0.5
561 562 2.5 0.015 0.5
561 563 2.5 0.015 0.5
561 565 2.958039892 0.02224859546 0.5
562 566 2.958039892 0.02224859546 0.5
562 567 2.5 0.015 0.5
562 568 2.5 0.015 0.5
563 566 2.958039892 0.02224859546 0.5
563 567 2.5 0.015 0.5
563 568 2.5 0.015 0.5
565 573 3.5 0.033 0.5
565 574 2.958039892 0.02224859546 0.5
565 575 2.958039892 0.02224859546 0.5
566 576 2.958039892 0.02224859546 0.5
566 577 2.958039892 0.02224859546 0.5
566 579 3.5 0.033 0.5
567 569 2.5 0.015 0.5
567 570 2.5 0.015 0.5
567 572 2.958039892 0.02224859546 0.5
568 569 2.5 0.015 0.5
568 570 2.5 0.015 0.5
568 572 2.958039892 0.02224859546 0.5
569 573 2.958039892 0.02224859546 0.5
569 574 2.5 0.015 0.5
569 575 2.5 0.015 0.5
570 573 2.958039892 0.02224859546 0.5
570 574 2.5 0.015 0.5
570 575 2.5 0.015 0.5
572 580 3.5 0.033 0.5
572 581 2.958039892 0.02224859546 0.5
572 582 2.958039892 0.02224859546 0.5
573 583 2.958039892 0.02224859546 0.5
573 584 2.958039892 0.02224859546 0.5
573 586 3.5 0.033 0.5
574 576 2.5 0.015 0.5
574 577 2.5 0.015 0.5
574 579 2.958039892 0.02224859546 0.5
575 576 2.5 0.015 0.5
575 577 2.5 0.015 0.5
575 579 2.958039892 0.02224859546 0.5
576 580 2.958039892 0.02224859546 0.5
576 581 2.5 0.015 0.5
576 582 2.5 0.015 0.5
577 580 2.958039892 0.02224859546 0.5
577 581 2.5 0.015 0.5
577 582 2.5 0.015 0.5
579 587 3.5 0.033 0.5
579 588 2.958039892 0.02224859546 0.5
579 589 2.958039892 0.02224859546 0.5
580 590 2.958039892 0.02224859546 0.5
580 591 2.958039892 0.02224859546 0.5
580 593 3.5 0.033 0.5
581 583 2.5 0.015 0.5
581 584 2.5 0.015 0.5
581 586 2.958039892 0.02224859546 0.5
582 583 2.5 0.015 0.5
582 584 2.5 0.015 0.5
582 586 2.958039892 0.02224859546 0.5
583 587 2.958039892 0.02224859546 0.5
583 588 2.5 0.015 0.5
583 589 2.5 0.015 0.5
584 587 2.958039892 0.02224859546 0.5
584 588 2.5 0.015 0.5
584 589 2.5 0.015 0.5
586 594 3.5 0.033 0.5
586 595 2.958039892 0.02224859546 0.5
586 596 2.958039892 0.02224859546 0.5
587 597 2.958039892 0.02224859546 0.5
587 598 2.958039892 0.02224859546 0.5
587 600 3.5 0.033 0.5
588 590 2.5 0.015 0.5
588 591 2.5 0.015 0.5
588 593 2.958039892 0.02224859546 0.5
589 590 2.5 0.015 0.5
589 591 2.5 0.015 0.5
589 593 2.958039892 0.02224859546 0.5
590 594 2.958039892 0.02224859546 0.5
590 595 2.5 0.015 0.5
590 596 2.5 0.015 0.5
591 594 2.958039892 0.02224859546 0.5
591 595 2.5 0.015 0.5
591 596 2.5 0.015 0.5
593 601 3.5 0.033 0.5
593 602 2.958039892 0.02224859546 0.5
593 603 2.958039892 0.02224859546 0.5
594 604 2.958039892 0.02224859546 0.5
594 605 2.958039892 0.02224859546 0.5
594 607 3.5 0.033 0.5
595 597 2.5 0.015 0.5
595 598 2.5 0.015 0.5
595 600 2.958039892 0.02224859546 0.5
596 597 2.5 0.015 0.5
596 598 2.5 0.015 0.5
596 600 2.958039892 0.02224859546 0.5
597 601 2.958039892 0.02224859546 0.5
597 602 2.5 0.015 0.5
597 603 2.5 0.015 0.5
598 601 2.958039892 0.02224859546 0.5
598 602 2.5 0.015 0.5
598 603 2.5 0.015 0.5
600 608 3.5 0.033 0.5
600 609 2.958039892 0.02224859546 0.5
600 610 2.958039892 0.02224859546 0.5
601 611 2.958039892 0.02224859546 0.5
601 612 2.958039892 0.02224859546 0.5
601 614 3.5 0.033 0.5
602 604 2.5 0.015 0.5
602 605 2.5 0.015 0.5
602 607 2.958039892 0.02224859546 0.5
603 604 2.5 0.015 0.5
603 605 2.5 0.015 0.5
603 607 2.958039892 0.02224859546 0.5
604 608 2.958039892 0.02224859546 0.5
604 609 2.5 0.015 0.5
604 610 2.5 0.015 0.5
605 608 2.958039892 0.02224859546 0.5
605 609 2.5 0.015 0.5
605 610 2.5 0.015 0.5
607 615 3.5 0.033 0.5
607 616 2.958039892 0.02224859546 0.5
607 617 2.958039892 0.02224859546 0.5
608 618 2.958039892 0.02224859546 0.5
608 619 2.958039892 0.02224859546 0.5
608 621 3.5 0.033 0.5
609 611 2.5 0.015 0.5
609 612 2.5 0.015 0.5
609 614 2.958039892 0.02224859546 0.5
610 611 2.5 0.015 0.5
610 612 2.5 0.015 0.5
610 614 2.958039892 0.02224859546 0.5
611 615 2.958039892 0.02224859546 0.5
611 616 2.5 0.015 0.5
611 617 2.5 0.015 0.5
612 615 2.958039892 0.02224859546 0.5
612 616 2.5 0.015 0.5
612 617 2.5 0.015 0.5
614 622 3.5 0.033 0.5
614 623 2.958039892 0.02224859546 0.5
614 624 2.958039892 0.02224859546 0.5
615 625 2.958039892 0.02224859546 0.5
615 626 2.958039892 0.02224859546 0.5
615 628 3.5 0.033 0.5
616 618 2.5 0.015 0.5
616 619 2.5 0.015 0.5
616 621 2.958039892 0.02224859546 0.5
617 618 2.5 0.015 0.5
617 619 2.5 0.015 0.5
617 621 2.958039892 0.02224859546 0.5
618 622 2.958039892 0.02224859546 0.5
618 623 2.5 0.015 0.5
618 624 2.5 0.015 0.5
619 622 2.958039892 0.02224859546 0.5
619 623 2.5 0.015 0.5
619 624 2.5 0.015 0.5
621 629 3.5 0.033 0.5
621 630 2.958039892 0.02224859546 0.5
621 631 2.958039892 0.02224859546 0.5
622 632 2.958039892 0.02224859546 0.5
622 633 2.958039892 0.02224859546 0.5
622 635 3.5 0.033 0.5
623 625 2.5 0.015 0.5
623 626 2.5 0.015 0.5
623 628 2.958039892 0.02224859546 0.5
624 625 2.5 0.015 0.5
624 626 2.5 0.015 0.5
624 628 2.958039892 0.02224859546 0.5
625 629 2.958039892 0.02224859546 0.5
625 630 2.5 0.015 0.5
625 631 2.5 0.015 0.5
626 629 2.958039892 0.02224859546 0.5
626 630 2.5 0.015 0.5
626 631 2.5 0.015 0.5
628 636 3.5 0.033 0.5
628 637 2.958039892 0.02224859546 0.5
628 638 2.958039892 0.02224859546 0.5
629 639 2.958039892 0.02224859546 0.5
629 640 2.958039892 0.02224859546 0.5
629 642 3.5 0.033 0.5
630 632 2.5 0.015 0.5
630 633 2.5 0.015 0.5
630 635 2.958039892 0.02224859546 0.5
631 632 2.5 0.015 0.5
631 633 2.5 0.015 0.5
631 635 2.958039892 0.02224859546 0.5
632 636 2.958039892 0.02224859546 0.5
632 637 2.5 0.015 0.5
632 638 2.5 0.015 0.5
633 636 2.958039892 0.02224859546 0.5
633 637 2.5 0.015 0.5
633 638 2.5 0.015 0.5
635 643 3.5 0.033 0.5
635 644 2.958039892 0.02224859546 0.5
635 645 2.958039892 0.02224859546 0.5
636 646 2.958039892 0.02224859546 0.5
636 647 2.958039892 0.02224859546 0.5
636 649 3.5 0.033 0.5
637 639 2.5 0.015 0.5
637 640 2.5 0.015 0.5
637 642 2.958039892 0.02224859546 0.5
638 639 2.5 0.015 0.5
638 640 2.5 0.015 0.5
638 642 2.958039892 0.02224859546 0.5
639 643 2.958039892 0.02224859546 0.5
639 644 2.5 0.015 0.5
639 645 2.5 0.015 0.5
640 643 2.958039892 0.02224859546 0.5
640 644 2.5 0.015 0.5
640 645 2.5 0.015 0.5
642 650 3.5 0.033 0.5
642 651 2.958039892 0.02224859546 0.5
642 652 2.958039892 0.02224859546 0.5
643 653 2.958039892 0.02224859546 0.5
643 654 2.958039892 0.02224859546 0.5
643 656 3.5 0.033 0.5
644 646 2.5 0.015 0.5
644 647 2.5 0.015 0.5
644 649 2.958039892 0.02224859546 0.5
645 646 2.5 0.015 0.5
645 647 2.5 0.015 0.5
645 649 2.958039892 0.02224859546 0.5
646 650 2.958039892 0.02224859546 0.5
646 651 2.5 0.015 0.5
646 652 2.5 0.015 0.5
647 650 2.958039892 0.02224859546 0.5
647 651 2.5 0.015 0.5
647 652 2.5 0.015 0.5
649 657 3.5 0.033 0.5
649 658 2.958039892 0.02224859546 0.5
649 659 2.958039892 0.02224859546 0.5
650 660 2.958039892 0.02224859546 0.5
650 661 2.958039892 0.02224859546 0.5
650 663 3.5 0.033 0.5
651 653 2.5 0.015 0.5
651 654 2.5 0.015 0.5
651 656 2.958039892 0.02224859546 0.5
652 653 2.5 0.015 0.5
652 654 2.5 0.015 0.5
652 656 2.958039892 0.02224859546 0.5
653 657 2.958039892 0.02224859546 0.5
653 658 2.5 0.015 0.5
653 659 2.5 0.015 0.5
654 657 2.958039892 0.02224859546 0.5
654 658 2.5 0.015 0.5
654 659 2.5 0.015 0.5
656 664 3.5 0.033 0.5
656 665 2.958039892 0.02224859546 0.5
656 666 2.958039892 0.02224859546 0.5
657 667 2.958039892 0.02224859546 0.5
657 668 2.958039892 0.02224859546 0.5
657 670 3.5 0.033 0.5
658 660 2.5 0.015 0.5
658 661 2.5 0.015 0.5
658 663 2.958039892 0.02224859546 0.5
659 660 2.5 0.015 0.5
659 661 2.5 0.015 0.5
659 663 2.958039892 0.02224859546 0.5
660 664 2.958039892 0.02224859546 0.5
660 665 2.5 0.015 0.5
660 666 2.5 0.015 0.5
661 664 2.958039892 0.02224859546 0.5
661 665 2.5 0.015 0.5
661 666 2.5 0.015 0.5
663 671 3.5 0.033 0.5
663 672 2.958039892 0.02224859546 0.5
663 673 2.958039892 0.02224859546 0.5
664 674 2.958039892 0.02224859546 0.5
664 675 2.958039892 0.02224859546 0.5
664 677 3.5 0.033 0.5
665 667 2.5 0.015 0.5
665 668 2.5 0.015 0.5
665 670 2.958039892 0.02224859546 0.5
666 667 2.5 0.015 0.5
666 668 2.5 0.015 0.5
666 670 2.958039892 0.02224859546 0.5
667 671 2.958039892 0.02224859546 0.5
667 672 2.5 0.015 0.5
667 673 2.5 0.015 0.5
668 671 2.958039892 0.02224859546 0.5
668 672 2.5 0.015 0.5
668 673 2.5 0.015 0.5
670 678 3.5 0.033 0.5
670 679 2.958039892 0.02224859546 0.5
670 680 2.958039892 0.02224859546 0.5
671 681 2.958039892 0.02224859546 0.5
671 682 2.958039892 0.02224859546 0.5
671 684 3.5 0.033 0.5
672 674 2.5 0.015 0.5
672 675 2.5 0.015 0.5
672 677 2.958039892 0.02224859546 0.5
673 674 2.5 0.015 0.5
673 675 2.5 0.015 0.5
673 677 2.958039892 0.02224859546 0.5
674 678 2.958039892 0.02224859546 0.5
674 679 2.5 0.015 0.5
674 680 2.5 0.015 0.5
675 678 2.958039892 0.02224859546 0.5
675 679 2.5 0.015 0.5
675 680 2.5 0.015 0.5
677 685 3.5 0.033 0.5
677 686 2.958039892 0.02224859546 0.5
677 687 2.958039892 0.02224859546 0.5
678 688 2.958039892 0.02224859546 0.5
678 689 2.958039892 0.02224859546 0.5
678 691 3.5 0.033 0.5
679 681 2.5 0.015 0.5
679 682 2.5 0.015 0.5
679 684 2.958039892 0.02224859546 0.5
680 681 2.5 0.015 0.5
680 682 2.5 0.015 0.5
680 684 2.958039892 0.02224859546 0.5
681 685 2.958039892 0.02224859546 0.5
681 686 2.5 0.015 0.5
681 687 2.5 0.015 0.5
682 685 2.958039892 0.02224859546 0.5
682 686 2.5 0.015 0.5
682 687 2.5 0.015 0.5
684 692 3.5 0.033 0.5
684 693 2.958039892 0.02224859546 0.5
684 694 2.958039892 0.02224859546 0.5
685 695 2.958039892 0.02224859546 0.5
685 696 2.958039892 0.02224859546 0.5
685 698 3.5 0.033 0.5
686 688 2.5 0.015 0.5
686 689 2.5 0.015 0.5
686 691 2.958039892 0.02224859546 0.5
687 688 2.5 0.015 0.5
687 689 2.5 0.015 0.5
687 691 2.958039892 0.02224859546 0.5
688 692 2.958039892 0.02224859546 0.5
688 693 2.5 0.015 0.5
688 694 2.5 0.015 0.5
689 692 2.958039892 0.02224859546 0.5
689 693 2.5 0.015 0.5
689 694 2.5 0.015 0.5
691 699 3.5 0.033 0.5
691 700 2.958039892 0.02224859546 0.5
691 701 2.958039892 0.02224859546 0.5
692 702 2.958039892 0.02224859546 0.5
692 703 2.958039892 0.02224859546 0.5
692 704 2.958039892 0.02224859546 0.5
693 695 2.5 0.015 0.5
693 696 2.5 0.015 0.5
693 698 2.958039892 0.02224859546 0.5
694 695 2.5 0.015 0.5
694 696 2.5 0.015 0.5
694 698 2.958039892 0.02224859546 0.5
695 699 2.958039892 0.02224859546 0.5
695 700 2.5 0.015 0.5
695 701 2.5 0.015 0.5
696 699 2.958039892 0.02224859546 0.5
696 700 2.5 0.015 0.5
696 701 2.5 0.015 0.5
700 702 2.5 0.015 0.5
700 703 2.5 0.015 0.5
700 704 2.5 0.015 0.5
701 702 2.5 0.015 0.5
701 703 2.5 0.015 0.5
701 704 2.5 0.015 0.5
706 718 2.958039892 0.02224859546 0.5
706 719 2.958039892 0.02224859546 0.5
706 721 3.5 0.033 0.5
707 715 3.5 0.033 0.5
707 716 2.958039892 0.02224859546 0.5
707 717 2.958039892 0.02224859546 0.5
708 710 2.5 0.015 0.5
708 711 2.5 0.015 0.5
708 712 2.5 0.015 0.5
708 715 2.958039892 0.02224859546 0.5
708 716 2.5 0.015 0.5
708 717 2.5 0.015 0.5
709 710 2.5 0.015 0.5
709 711 2.5 0.015 0.5
709 712 2.5 0.015 0.5
709 715 2.958039892 0.02224859546 0.5
709 716 2.5 0.015 0.5
709 717 2.5 0.015 0.5
710 714 2.958039892 0.02224859546 0.5
711 714 2.958039892 0.02224859546 0.5
712 714 2.958039892 0.02224859546 0.5
714 722 3.5 0.033 0.5
714 723 2.958039892 0.02224859546 0.5
714 724 2.958039892 0.02224859546 0.5
715 725 2.958039892 0.02224859546 0.5
715 726 2.958039892 0.02224859546 0.5
715 728 3.5 0.033 0.5
716 718 2.5 0.015 0.5
716 719 2.5 0.015 0.5
716 721 2.958039892 0.02224859546 0.5
717 718 2.5 0.015 0.5
717 719 2.5 0.015 0.5
717 721 2.958039892 0.02224859546 0.5
718 722 2.958039892 0.02224859546 0.5
718 723 2.5 0.015 0.5
718 724 2.5 0.015 0.5
719 722 2.958039892 0.02224859546 0.5
719 723 2.5 0.015 0.5
719 724 2.5 0.015 0.5
721 729 3.5 0.033 0.5
721 730 2.958039892 0.02224859546 0.5
721 731 2.958039892 0.02224859546 0.5
722 732 2.958039892 0.02224859546 0.5
722 733 2.958039892 0.02224859546 0.5
722 735 3.5 0.033 0.5
723 725 2.5 0.015 0.5
723 726 2.5 0.015 0.5
723 728 2.958039892 0.02224859546 0.5
724 725 2.5 0.015 0.5
724 726 2.5 0.015 0.5
724 728 2.958039892 0.02224859546 0.5
725 729 2.958039892 0.02224859546 0.5
725 730 2.5 0.015 0.5
725 731 2.5 0.015 0.5
726 729 2.958039892 0.02224859546 0.5
726 730 2.5 0.015 0.5
726 731 2.5 0.015 0.5
728 736 3.5 0.033 0.5
728 737 2.958039892 0.02224859546 0.5
728 738 2.958039892 0.02224859546 0.5
729 739 2.958039892 0.02224859546 0.5
729 740 2.958039892 0.02224859546 0.5
729 742 3.5 0.033 0.5
730 732 2.5 0.015 0.5
730 733 2.5 0.015 0.5
730 735 2.958039892 0.02224859546 0.5
731 732 2.5 0.015 0.5
731 733 2.5 0.015 0.5
731 735 2.958039892 0.02224859546 0.5
732 736 2.958039892 0.02224859546 0.5
732 737 2.5 0.015 0.5
732 738 2.5 0.015 0.5
733 736 2.958039892 0.02224859546 0.5
733 737 2.5 0.015 0.5
733 738 2.5 0.015 0.5
735 743 3.5 0.033 0.5
735 744 2.958039892 0.02224859546 0.5
735 745 2.958039892 0.02224859546 0.5
736 746 2.958039892 0.02224859546 0.5
736 747 2.958039892 0.02224859546 0.5
736 749 3.5 0.033 0.5
737 739 2.5 0.015 0.5
737 740 2.5 0.015 0.5
737 742 2.958039892 0.02224859546 0.5
738 739 2.5 0.015 0.5
738 740 2.5 0.015 0.5
738 742 2.958039892 0.02224859546 0.5
739 743 2.958039892 0.02224859546 0.5
739 744 2.5 0.015 0.5
739 745 2.5 0.015 0.5
740 743 2.958039892 0.02224859546 0.5
740 744 2.5 0.015 0.5
740 745 2.5 0.015 0.5
742 750 3.5 0.033 0.5
742 751 2.958039892 0.02224859546 0.5
742 752 2.958039892 0.02224859546 0.5
743 753 2.958039892 0.02224859546 0.5
743 754 2.958039892 0.02224859546 0.5
743 756 3.5 0.033 0.5
744 746 2.5 0.015 0.5
744 747 2.5 0.015 0.5
744 749 2.958039892 0.02224859546 0.5
745 746 2.5 0.015 0.5
745 747 2.5 0.015 0.5
745 749 2.958039892 0.02224859546 0.5
746 750 2.958039892 0.02224859546 0.5
746 751 2.5 0.015 0.5
746 752 2.5 0.015 0.5
747 750 2.958039892 0.02224859546 0.5
747 751 2.5 0.015 0.5
747 752 2.5 0.015 0.5
749 757 3.5 0.033 0.5
749 758 2.958039892 0.02224859546 0.5
749 759 2.958039892 0.02224859546 0.5
750 760 2.958039892 0.02224859546 0.5
750 761 2.958039892 0.02224859546 0.5
750 763 3.5 0.033 0.5
751 753 2.5 0.015 0.5
751 754 2.5 0.015 0.5
751 756 2.958039892 0.02224859546 0.5
752 753 2.5 0.015 0.5
752 754 2.5 0.015 0.5
752 756 2.958039892 0.02224859546 0.5
753 757 2.958039892 0.02224859546 0.5
753 758 2.5 0.015 0.5
753 759 2.5 0.015 0.5
754 757 2.958039892 0.02224859546 0.5
754 758 2.5 0.015 0.5
754 759 2.5 0.015 0.5
756 764 3.5 0.033 0.5
756 765 2.958039892 0.02224859546 0.5
756 766 2.958039892 0.02224859546 0.5
757 767 2.958039892 0.02224859546 0.5
757 768 2.958039892 0.02224859546 0.5
757 770 3.5 0.033 0.5
758 760 2.5 0.015 0.5
758 761 2.5 0.015 0.5
758 763 2.958039892 0.02224859546 0.5
759 760 2.5 0.015 0.5
759 761 2.5 0.015 0.5
759 763 2.958039892 0.02224859546 0.5
760 764 2.958039892 0.02224859546 0.5
760 765 2.5 0.015 0.5
760 766 2.5 0.015 0.5
761 764 2.958039892 0.02224859546 0.5
761 765 2.5 0.015 0.5
761 766 2.5 0.015 0.5
763 771 3.5 0.033 0.5
763 772 2.958039892 0.02224859546 0.5
763 773 2.958039892 0.02224859546 0.5
764 774 2.958039892 0.02224859546 0.5
764 775 2.958039892 0.02224859546 0.5
764 777 3.5 0.033 0.5
765 767 2.5 0.015 0.5
765 768 2.5 0.015 0.5
765 770 2.958039892 0.02224859546 0.5
766 767 2.5 0.015 0.5
766 768 2.5 0.015 0.5
766 770 2.958039892 0.02224859546 0.5
767 771 2.958039892 0.02224859546 0.5
767 772 2.5 0.015 0.5
767 773 2.5 0.015 0.5
768 771 2.958039892 0.02224859546 0.5
768 772 2.5 0.015 0.5
768 773 2.5 0.015 0.5
770 778 3.5 0.033 0.5
770 779 2.958039892 0.02224859546 0.5
770 780 2.958039892 0.02224859546 0.5
771 781 2.958039892 0.02224859546 0.5
771 782 2.958039892 0.02224859546 0.5
771 784 3.5 0.033 0.5
772 774 2.5 0.015 0.5
772 775 2.5 0.015 0.5
772 777 2.958039892 0.02224859546 0.5
773 774 2.5 0.015 0.5
773 775 2.5 0.015 0.5
773 777 2.958039892 0.02224859546 0.5
774 778 2.958039892 0.02224859546 0.5
774 779 2.5 0.015 0.5
774 780 2.5 0.015 0.5
775 778 2.958039892 0.02224859546 0.5
775 779 2.5 0.015 0.5
775 780 2.5 0.015 0.5
777 785 3.5 0.033 0.5
777 786 2.958039892 0.02224859546 0.5
777 787 2.958039892 0.02224859546 0.5
778 788 2.958039892 0.02224859546 0.5
778 789 2.958039892 0.02224859546 0.5
778 791 3.5 0.033 0.5
779 781 2.5 0.015 0.5
779 782 2.5 0.015 0.5
779 784 2.958039892 0.02224859546 0.5
780 781 2.5 0.015 0.5
780 782 2.5 0.015 0.5
780 784 2.958039892 0.02224859546 0.5
781 785 2.958039892 0.02224859546 0.5
781 786 2.5 0.015 0.5
781 787 2.5 0.015 0.5
782 785 2.958039892 0.02224859546 0.5
782 786 2.5 0.015 0.5
782 787 2.5 0.015 0.5
784 792 3.5 0.033 0.5
784 793 2.958039892 0.02224859546 0.5
784 794 2.958039892 0.02224859546 0.5
785 795 2.958039892 0.02224859546 0.5
785 796 2.958039892 0.02224859546 0.5
785 798 3.5 0.033 0.5
786 788 2.5 0.015 0.5
786 789 2.5 0.015 0.5
786 791 2.958039892 0.02224859546 0.5
787 788 2.5 0.015 0.5
787 789 2.5 0.015 0.5
787 791 2.958039892 0.02224859546 0.5
788 792 2.958039892 0.02224859546 0.5
788 793 2.5 0.015 0.5
788 794 2.5 0.015 0.5
789 792 2.958039892 0.02224859546 0.5
789 793 2.5 0.015 0.5
789 794 2.5 0.015 0.5
791 799 3.5 0.033 0.5
791 800 2.958039892 0.02224859546 0.5
791 801 2.958039892 0.02224859546 0.5
792 802 2.958039892 0.02224859546 0.5
792 803 2.958039892 0.02224859546 0.5
792 805 3.5 0.033 0.5
793 795 2.5 0.015 0.5
793 796 2.5 0.015 0.5
793 798 2.958039892 0.02224859546 0.5
794 795 2.5 0.015 0.5
794 796 2.5 0.015 0.5
794 798 2.958039892 0.02224859546 0.5
795 799 2.958039892 0.02224859546 0.5
795 800 2.5 0.015 0.5
795 801 2.5 0.015 0.5
796 799 2.958039892 0.02224859546 0.5
796 800 2.5 0.015 0.5
796 801 2.5 0.015 0.5
798 806 3.5 0.033 0.5
798 807 2.958039892 0.02224859546 0.5
798 808 2.958039892 0.02224859546 0.5
799 809 2.958039892 0.02224859546 0.5
799 810 2.958039892 0.02224859546 0.5
799 812 3.5 0.033 0.5
800 802 2.5 0.015 0.5
800 803 2.5 0.015 0.5
800 805 2.958039892 0.02224859546 0.5
801 802 2.5 0.015 0.5
801 803 2.5 0.015 0.5
801 805 2.958039892 0.02224859546 0.5
802 806 2.958039892 0.02224859546 0.5
802 807 2.5 0.015 0.5
802 808 2.5 0.015 0.5
803 806 2.958039892 0.02224859546 0.5
803 807 2.5 0.015 0.5
803 808 2.5 0.015 0.5
805 813 3.5 0.033 0.5
805 814 2.958039892 0.02224859546 0.5
805 815 2.958039892 0.02224859546 0.5
806 816 2.958039892 0.02224859546 0.5
806 817 2.958039892 0.02224859546 0.5
806 819 3.5 0.033 0.5
807 809 2.5 0.015 0.5
807 810 2.5 0.015 0.5
807 812 2.958039892 0.02224859546 0.5
808 809 2.5 0.015 0.5
808 810 2.5 0.015 0.5
808 812 2.958039892 0.02224859546 0.5
809 813 2.958039892 0.02224859546 0.5
809 814 2.5 0.015 0.5
809 815 2.5 0.015 0.5
810 813 2.958039892 0.02224859546 0.5
810 814 2.5 0.015 0.5
810 815 2.5 0.015 0.5
812 820 3.5 0.033 0.5
812 821 2.958039892 0.02224859546 0.5
812 822 2.958039892 0.02224859546 0.5
813 823 2.958039892 0.02224859546 0.5
813 824 2.958039892 0.02224859546 0.5
813 826 3.5 0.033 0.5
814 816 2.5 0.015 0.5
814 817 2.5 0.015 0.5
814 819 2.958039892 0.02224859546 0.5
815 816 2.5 0.015 0.5
815 817 2.5 0.015 0.5
815 819 2.958039892 0.02224859546 0.5
816 820 2.958039892 0.02224859546 0.5
816 821 2.5 0.015 0.5
816 822 2.5 0.015 0.5
817 820 2.958039892 0.02224859546 0.5
817 821 2.5 0.015 0.5
817 822 2.5 0.015 0.5
819 827 3.5 0.033 0.5
819 828 2.958039892 0.02224859546 0.5
819 829 2.958039892 0.02224859546 0.5
820 830 2.958039892 0.02224859546 0.5
820 831 2.958039892 0.02224859546 0.5
820 833 3.5 0.033 0.5
821 823 2.5 0.015 0.5
821 824 2.5 0.015 0.5
821 826 2.958039892 0.02224859546 0.5
822 823 2.5 0.015 0.5
822 824 2.5 0.015 0.5
822 826 2.958039892 0.02224859546 0.5
823 827 2.958039892 0.02224859546 0.5
823 828 2.5 0.015 0.5
823 829 2.5 0.015 0.5
824 827 2.958039892 0.02224859546 0.5
824 828 2.5 0.015 0.5
824 829 2.5 0.015 0.5
826 834 3.5 0.033 0.5
826 835 2.958039892 0.02224859546 0.5
826 836 2.958039892 0.02224859546 0.5
827 837 2.958039892 0.02224859546 0.5
827 838 2.958039892 0.02224859546 0.5
827 840 3.5 0.033 0.5
828 830 2.5 0.015 0.5
828 831 2.5 0.015 0.5
828 833 2.958039892 0.02224859546 0.5
829 830 2.5 0.015 0.5
829 831 2.5 0.015 0.5
829 833 2.958039892 0.02224859546 0.5
830 834 2.958039892 0.02224859546 0.5
830 835 2.5 0.015 0.5
830 836 2.5 0.015 0.5
831 834 2.958039892 0.02224859546 0.5
831 835 2.5 0.015 0.5
831 836 2.5 0.015 0.5
833 841 3.5 0.033 0.5
833 842 2.958039892 0.02224859546 0.5
833 843 2.958039892 0.02224859546 0.5
834 844 2.958039892 0.02224859546 0.5
834 845 2.958039892 0.02224859546 0.5
834 847 3.5 0.033 0.5
835 837 2.5 0.015 0.5
835 838 2.5 0.015 0.5
835 840 2.958039892 0.02224859546 0.5
836 837 2.5 0.015 0.5
836 838 2.5 0.015 0.5
836 840 2.958039892 0.02224859546 0.5
837 841 2.958039892 0.02224859546 0.5
837 842 2.5 0.015 0.5
837 843 2.5 0.015 0.5
838 841 2.958039892 0.02224859546 0.5
838 842 2.5 0.015 0.5
838 843 2.5 0.015 0.5
840 848 3.5 0.033 0.5
840 849 2.958039892 0.02224859546 0.5
840 850 2.958039892 0.02224859546 0.5
841 851 2.958039892 0.02224859546 0.5
841 852 2.958039892 0.02224859546 0.5
841 854 3.5 0.033 0.5
842 844 2.5 0.015 0.5
842 845 2.5 0.015 0.5
842 847 2.958039892 0.02224859546 0.5
843 844 2.5 0.015 0.5
843 845 2.5 0.015 0.5
843 847 2.958039892 0.02224859546 0.5
844 848 2.958039892 0.02224859546 0.5
844 849 2.5 0.015 0.5
844 850 2.5 0.015 0.5
845 848 2.958039892 0.02224859546 0.5
845 849 2.5 0.015 0.5
845 850 2.5 0.015 0.5
847 855 3.5 0.033 0.5
847 856 2.958039892 0.02224859546 0.5
847 857 2.958039892 0.02224859546 0.5
848 858 2.958039892 0.02224859546 0.5
848 859 2.958039892 0.02224859546 0.5
848 861 3.5 0.033 0.5
849 851 2.5 0.015 0.5
849 852 2.5 0.015 0.5
849 854 2.958039892 0.02224859546 0.5
850 851 2.5 0.015 0.5
850 852 2.5 0.015 0.5
850 854 2.958039892 0.02224859546 0.5
851 855 2.958039892 0.02224859546 0.5
851 856 2.5 0.015 0.5
851 857 2.5 0.015 0.5
852 855 2.958039892 0.02224859546 0.5
852 856 2.5 0.015 0.5
852 857 2.5 0.015 0.5
854 862 3.5 0.033 0.5
854 863 2.958039892 0.02224859546 0.5
854 864 2.958039892 0.02224859546 0.5
855 865 2.958039892 0.02224859546 0.5
855 866 2.958039892 0.02224859546 0.5
855 868 3.5 0.033 0.5
856 858 2.5 0.015 0.5
856 859 2.5 0.015 0.5
856 861 2.958039892 0.02224859546 0.5
857 858 2.5 0.015 0.5
857 859 2.5 0.015 0.5
857 861 2.958039892 0.02224859546 0.5
858 862 2.958039892 0.02224859546 0.5
858 863 2.5 0.015 0.5
858 864 2.5 0.015 0.5
859 862 2.958039892 0.02224859546 0.5
859 863 2.5 0.015 0.5
859 864 2.5 0.015 0.5
861 869 3.5 0.033 0.5
861 870 2.958039892 0.02224859546 0.5
861 871 2.958039892 0.02224859546 0.5
862 872 2.958039892 0.02224859546 0.5
862 873 2.958039892 0.02224859546 0.5
862 875 3.5 0.033 0.5
863 865 2.5 0.015 0.5
863 866 2.5 0.015 0.5
863 868 2.958039892 0.02224859546 0.5
864 865 2.5 0.015 0.5
864 866 2.5 0.015 0.5
864 868 2.958039892 0.02224859546 0.5
865 869 2.958039892 0.02224859546 0.5
865 870 2.5 0.015 0.5
865 871 2.5 0.015 0.5
866 869 2.958039892 0.02224859546 0.5
866 870 2.5 0.015 0.5
866 871 2.5 0.015 0.5
868 876 3.5 0.033 0.5
868 877 2.958039892 0.02224859546 0.5
868 878 2.958039892 0.02224859546 0.5
869 879 2.958039892 0.02224859546 0.5
869 880 2.958039892 0.02224859546 0.5
869 882 3.5 0.033 0.5
870 872 2.5 0.015 0.5
870 873 2.5 0.015 0.5
870 875 2.958039892 0.02224859546 0.5
871 872 2.5 0.015 0.5
871 873 2.5 0.015 0.5
871 875 2.958039892 0.02224859546 0.5
872 876 2.958039892 0.02224859546 0.5
872 877 2.5 0.015 0.5
872 878 2.5 0.015 0.5
873 876 2.958039892 0.02224859546 0.5
873 877 2.5 0.015 0.5
873 878 2.5 0.015 0.5
875 883 3.5 0.033 0.5
875 884 2.958039892 0.02224859546 0.5
875 885 2.958039892 0.02224859546 0.5
876 886 2.958039892 0.02224859546 0.5
876 887 2.958039892 0.02224859546 0.5
876 889 3.5 0.033 0.5
877 879 2.5 0.015 0.5
877 880 2.5 0.015 0.5
877 882 2.958039892 0.02224859546 0.5
878 879 2.5 0.015 0.5
878 880 2.5 0.015 0.5
878 882 2.958039892 0.02224859546 0.5
879 883 2.958039892 0.02224859546 0.5
879 884 2.5 0.015 0.5
879 885 2.5 0.015 0.5
880 883 2.958039892 0.02224859546 0.5
880 884 2.5 0.015 0.5
880 885 2.5 0.015 0.5
882 890 3.5 0.033 0.5
882 891 2.958039892 0.02224859546 0.5
882 892 2.958039892 0.02224859546 0.5
883 893 2.958039892 0.02224859546 0.5
883 894 2.958039892 0.02224859546 0.5
883 896 3.5 0.033 0.5
884 886 2.5 0.015 0.5
884 887 2.5 0.015 0.5
884 889 2.958039892 0.02224859546 0.5
885 886 2.5 0.015 0.5
885 887 2.5 0.015 0.5
885 889 2.958039892 0.02224859546 0.5
886 890 2.958039892 0.02224859546 0.5
886 891 2.5 0.015 0.5
886 892 2.5 0.015 0.5
887 890 2.958039892 0.02224859546 0.5
887 891 2.5 0.015 0.5
887 892 2.5 0.015 0.5
889 897 3.5 0.033 0.5
889 898 2.958039892 0.02224859546 0.5
889 899 2.958039892 0.02224859546 0.5
890 900 2.958039892 0.02224859546 0.5
890 901 2.958039892 0.02224859546 0.5
890 903 3.5 0.033 0.5
891 893 2.5 0.015 0.5
891 894 2.5 0.015 0.5
891 896 2.958039892 0.02224859546 0.5
892 893 2.5 0.015 0.5
892 894 2.5 0.015 0.5
892 896 2.958039892 0.02224859546 0.5
893 897 2.958039892 0.02224859546 0.5
893 898 2.5 0.015 0.5
893 899 2.5 0.015 0.5
894 897 2.958039892 0.02224859546 0.5
894 898 2.5 0.015 0.5
894 899 2.5 0.015 0.5
896 904 3.5 0.033 0.5
896 905 2.958039892 0.02224859546 0.5
896 906 2.958039892 0.02224859546 0.5
897 907 2.958039892 0.02224859546 0.5
897 908 2.958039892 0.02224859546 0.5
897 910 3.5 0.033 0.5
898 900 2.5 0.015 0.5
898 901 2.5 0.015 0.5
898 903 2.958039892 0.02224859546 0.5
899 900 2.5 0.015 0.5
899 901 2.5 0.015 0.5
899 903 2.958039892 0.02224859546 0.5
900 904 2.958039892 0.02224859546 0.5
900 905 2.5 0.015 0.5
900 906 2.5 0.015 0.5
901 904 2.958039892 0.02224859546 0.5
901 905 2.5 0.015 0.5
901 906 2.5 0.015 0.5
903 911 3.5 0.033 0.5
903 912 2.958039892 0.02224859546 0.5
903 913 2.958039892 0.02224859546 0.5
904 914 2.958039892 0.02224859546 0.5
904 915 2.958039892 0.02224859546 0.5
904 917 3.5 0.033 0.5
905 907 2.5 0.015 0.5
905 908 2.5 0.015 0.5
905 910 2.958039892 0.02224859546 0.5
906 907 2.5 0.015 0.5
906 908 2.5 0.015 0.5
906 910 2.958039892 0.02224859546 0.5
907 911 2.958039892 0.02224859546 0.5
907 912 2.5 0.015 0.5
907 913 2.5 0.015 0.5
908 911 2.958039892 0.02224859546 0.5
908 912 2.5 0.015 0.5
908 913 2.5 0.015 0.5
910 918 3.5 0.033 0.5
910 919 2.958039892 0.02224859546 0.5
910 920 2.958039892 0.02224859546 0.5
911 921 2.958039892 0.02224859546 0.5
911 922 2.958039892 0.02224859546 0.5
911 924 3.5 0.033 0.5
912 914 2.5 0.015 0.5
912 915 2.5 0.015 0.5
912 917 2.958039892 0.02224859546 0.5
913 914 2.5 0.015 0.5
913 915 2.5 0.015 0.5
913 917 2.958039892 0.02224859546 0.5
914 918 2.958039892 0.02224859546 0.5
914 919 2.5 0.015 0.5
914 920 2.5 0.015 0.5
915 918 2.958039892 0.02224859546 0.5
915 919 2.5 0.015 0.5
915 920 2.5 0.015 0.5
917 925 3.5 0.033 0.5
917 926 2.958039892 0.02224859546 0.5
917 927 2.958039892 0.02224859546 0.5
918 928 2.958039892 0.02224859546 0.5
918 929 2.958039892 0.02224859546 0.5
918 931 3.5 0.033 0.5
919 921 2.5 0.015 0.5
919 922 2.5 0.015 0.5
919 924 2.958039892 0.02224859546 0.5
920 921 2.5 0.015 0.5
920 922 2.5 0.015 0.5
920 924 2.958039892 0.02224859546 0.5
921 925 2.958039892 0.02224859546 0.5
921 926 2.5 0.015 0.5
921 927 2.5 0.015 0.5
922 925 2.958039892 0.02224859546 0.5
922 926 2.5 0.015 0.5
922 927 2.5 0.015 0.5
924 932 3.5 0.033 0.5
924 933 2.958039892 0.02224859546 0.5
924 934 2.958039892 0.02224859546 0.5
925 935 2.958039892 0.02224859546 0.5
925 936 2.958039892 0.02224859546 0.5
925 938 3.5 0.033 0.5
926 928 2.5 0.015 0.5
926 929 2.5 0.015 0.5
926 931 2.958039892 0.02224859546 0.5
927 928 2.5 0.015 0.5
927 929 2.5 0.015 0.5
927 931 2.958039892 0.02224859546 0.5
928 932 2.958039892 0.02224859546 0.5
928 933 2.5 0.015 0.5
928 934 2.5 0.015 0.5
929 932 2.958039892 0.02224859546 0.5
929 933 2.5 0.015 0.5
929 934 2.5 0.015 0.5
931 939 3.5 0.033 0.5
931 940 2.958039892 0.02224859546 0.5
931 941 2.958039892 0.02224859546 0.5
932 942 2.958039892 0.02224859546 0.5
932 943 2.958039892 0.02224859546 0.5
932 945 3.5 0.033 0.5
933 935 2.5 0.015 0.5
933 936 2.5 0.015 0.5
933 938 2.958039892 0.02224859546 0.5
934 935 2.5 0.015 0.5
934 936 2.5 0.015 0.5
934 938 2.958039892 0.02224859546 0.5
935 939 2.958039892 0.02224859546 0.5
935 940 2.5 0.015 0.5
935 941 2.5 0.015 0.5
936 939 2.958039892 0.02224859546 0.5
936 940 2.5 0.015 0.5
936 941 2.5 0.015 0.5
938 946 3.5 0.033 0.5
938 947 2.958039892 0.02224859546 0.5
938 948 2.958039892 0.02224859546 0.5
939 949 2.958039892 0.02224859546 0.5
939 950 2.958039892 0.02224859546 0.5
939 952 3.5 0.033 0.5
940 942 2.5 0.015 0.5
940 943 2.5 0.015 0.5
940 945 2.958039892 0.02224859546 0.5
941 942 2.5 0.015 0.5
941 943 2.5 0.015 0.5
941 945 2.958039892 0.02224859546 0.5
942 946 2.958039892 0.02224859546 0.5
942 947 2.5 0.015 0.5
942 948 2.5 0.015 0.5
943 946 2.958039892 0.02224859546 0.5
943 947 2.5 0.015 0.5
943 948 2.5 0.015 0.5
945 953 3.5 0.033 0.5
945 954 2.958039892 0.02224859546 0.5
945 955 2.958039892 0.02224859546 0.5
946 956 2.958039892 0.02224859546 0.5
946 957 2.958039892 0.02224859546 0.5
946 959 3.5 0.033 0.5
947 949 2.5 0.015 0.5
947 950 2.5 0.015 0.5
947 952 2.958039892 0.02224859546 0.5
948 949 2.5 0.015 0.5
948 950 2.5 0.015 0.5
948 952 2.958039892 0.02224859546 0.5
949 953 2.958039892 0.02224859546 0.5
949 954 2.5 0.015 0.5
949 955 2.5 0.015 0.5
950 953 2.958039892 0.02224859546 0.5
950 954 2.5 0.015 0.5
950 955 2.5 0.015 0.5
952 960 3.5 0.033 0.5
952 961 2.958039892 0.02224859546 0.5
952 962 2.958039892 0.02224859546 0.5
953 963 2.958039892 0.02224859546 0.5
953 964 2.958039892 0.02224859546 0.5
953 966 3.5 0.033 0.5
954 956 2.5 0.015 0.5
954 957 2.5 0.015 0.5
954 959 2.958039892 0.02224859546 0.5
955 956 2.5 0.015 0.5
955 957 2.5 0.015 0.5
955 959 2.958039892 0.02224859546 0.5
956 960 2.958039892 0.02224859546 0.5
956 961 2.5 0.015 0.5
956 962 2.5 0.015 0.5
957 960 2.958039892 0.02224859546 0.5
957 961 2.5 0.015 0.5
957 962 2.5 0.015 0.5
959 967 3.5 0.033 0.5
959 968 2.958039892 0.02224859546 0.5
959 969 2.958039892 0.02224859546 0.5
960 970 2.958039892 0.02224859546 0.5
960 971 2.958039892 0.02224859546 0.5
960 973 3.5 0.033 0.5
961 963 2.5 0.015 0.5
961 964 2.5 0.015 0.5
961 966 2.958039892 0.02224859546 0.5
962 963 2.5 0.015 0.5
962 964 2.5 0.015 0.5
962 966 2.958039892 0.02224859546 0.5
963 967 2.958039892 0.02224859546 0.5
963 968 2.5 0.015 0.5
963 969 2.5 0.015 0.5
964 967 2.958039892 0.02224859546 0.5
964 968 2.5 0.015 0.5
964 969 2.5 0.015 0.5
966 974 3.5 0.033 0.5
966 975 2.958039892 0.02224859546 0.5
966 976 2.958039892 0.02224859546 0.5
967 977 2.958039892 0.02224859546 0.5
967 978 2.958039892 0.02224859546 0.5
967 980 3.5 0.033 0.5
968 970 2.5 0.015 0.5
968 971 2.5 0.015 0.5
968 973 2.958039892 0.02224859546 0.5
969 970 2.5 0.015 0.5
969 971 2.5 0.015 0.5
969 973 2.958039892 0.02224859546 0.5
970 974 2.958039892 0.02224859546 0.5
970 975 2.5 0.015 0.5
970 976 2.5 0.015 0.5
971 974 2.958039892 0.02224859546 0.5
971 975 2.5 0.015 0.5
971 976 2.5 0.015 0.5
973 981 3.5 0.033 0.5
973 982 2.958039892 0.02224859546 0.5
973 983 2.958039892 0.02224859546 0.5
974 984 2.958039892 0.02224859546 0.5
974 985 2.958039892 0.02224859546 0.5
974 987 3.5 0.033 0.5
975 977 2.5 0.015 0.5
975 978 2.5 0.015 0.5
975 980 2.958039892 0.02224859546 0.5
976 977 2.5 0.015 0.5
976 978 2.5 0.015 0.5
976 980 2.958039892 0.02224859546 0.5
977 981 2.958039892 0.02224859546 0.5
977 982 2.5 0.015 0.5
977 983 2.5 0.015 0.5
978 981 2.958039892 0.02224859546 0.5
978 982 2.5 0.015 0.5
978 983 2.5 0.015 0.5
980 988 3.5 0.033 0.5
980 989 2.958039892 0.02224859546 0.5
980 990 2.958039892 0.02224859546 0.5
981 991 2.958039892 0.02224859546 0.5
981 992 2.958039892 0.02224859546 0.5
981 994 3.5 0.033 0.5
982 984 2.5 0.015 0.5
982 985 2.5 0.015 0.5
982 987 2.958039892 0.02224859546 0.5
983 984 2.5 0.015 0.5
983 985 2.5 0.015 0.5
983 987 2.958039892 0.02224859546 0.5
984 988 2.958039892 0.02224859546 0.5
984 989 2.5 0.015 0.5
984 990 2.5 0.015 0.5
985 988 2.958039892 0.02224859546 0.5
985 989 2.5 0.015 0.5
985 990 2.5 0.015 0.5
987 995 3.5 0.033 0.5
987 996 2.958039892 0.02224859546 0.5
987 997 2.958039892 0.02224859546 0.5
988 998 2.958039892 0.02224859546 0.5
988 999 2.958039892 0.02224859546 0.5
988 1001 3.5 0.033 0.5
989 991 2.5 0.015 0.5
989 992 2.5 0.015 0.5
989 994 2.958039892 0.02224859546 0.5
990 991 2.5 0.015 0.5
990 992 2.5 0.015 0.5
990 994 2.958039892 0.02224859546 0.5
991 995 2.958039892 0.02224859546 0.5
991 996 2.5 0.015 0.5
991 997 2.5 0.015 0.5
992 995 2.958039892 0.02224859546 0.5
992 996 2.5 0.015 0.5
992 997 2.5 0.015 0.5
994 1002 3.5 0.033 0.5
994 1003 2.958039892 0.02224859546 0.5
994 1004 2.958039892 0.02224859546 0.5
995 1005 2.958039892 0.02224859546 0.5
995 1006 2.958039892 0.02224859546 0.5
995 1008 3.5 0.033 0.5
996 998 2.5 0.015 0.5
996 999 2.5 0.015 0.5
996 1001 2.958039892 0.02224859546 0.5
997 998 2.5 0.015 0.5
997 999 2.5 0.015 0.5
997 1001 2.958039892 0.02224859546 0.5
998 1002 2.958039892 0.02224859546 0.5
998 1003 2.5 0.015 0.5
998 1004 2.5 0.015 0.5
999 1002 2.958039892 0.02224859546 0.5
999 1003 2.5 0.015 0.5
999 1004 2.5 0.015 0.5
1001 1009 3.5 0.033 0.5
1001 1010 2.958039892 0.02224859546 0.5
1001 1011 2.958039892 0.02224859546 0.5
1002 1012 2.958039892 0.02224859546 0.5
1002 1013 2.958039892 0.02224859546 0.5
1002 1015 3.5 0.033 0.5
1003 1005 2.5 0.015 0.5
1003 1006 2.5 0.015 0.5
1003 1008 2.958039892 0.02224859546 0.5
1004 1005 2.5 0.015 0.5
1004 1006 2.5 0.015 0.5
1004 1008 2.958039892 0.02224859546 0.5
1005 1009 2.958039892 0.02224859546 0.5
1005 1010 2.5 0.015 0.5
1005 1011 2.5 0.015 0.5
1006 1009 2.958039892 0.02224859546 0.5
1006 1010 2.5 0.015 0.5
1006 1011 2.5 0.015 0.5
1008 1016 3.5 0.033 0.5
1008 1017 2.958039892 0.02224859546 0.5
1008 1018 2.958039892 0.02224859546 0.5
1009 1019 2.958039892 0.02224859546 0.5
1009 1020 2.958039892 0.02224859546 0.5
1009 1022 3.5 0.033 0.5
1010 1012 2.5 0.015 0.5
1010 1013 2.5 0.015 0.5
1010 1015 2.958039892 0.02224859546 0.5
1011 1012 2.5 0.015 0.5
1011 1013 2.5 0.015 0.5
1011 1015 2.958039892 0.02224859546 0.5
1012 1016 2.958039892 0.02224859546 0.5
1012 1017 2.5 0.015 0.5
1012 1018 2.5 0.015 0.5
1013 1016 2.958039892 0.02224859546 0.5
1013 1017 2.5 0.015 0.5
1013 1018 2.5 0.015 0.5
1015 1023 3.5 0.033 0.5
1015 1024 2.958039892 0.02224859546 0.5
1015 1025 2.958039892 0.02224859546 0.5
1016 1026 2.958039892 0.02224859546 0.5
1016 1027 2.958039892 0.02224859546 0.5
1016 1029 3.5 0.033 0.5
1017 1019 2.5 0.015 0.5
1017 1020 2.5 0.015 0.5
1017 1022 2.958039892 0.02224859546 0.5
1018 1019 2.5 0.015 0.5
1018 1020 2.5 0.015 0.5
1018 1022 2.958039892 0.02224859546 0.5
1019 1023 2.958039892 0.02224859546 0.5
1019 1024 2.5 0.015 0.5
1019 1025 2.5 0.015 0.5
1020 1023 2.958039892 0.02224859546 0.5
1020 1024 2.5 0.015 0.5
1020 1025 2.5 0.015 0.5
1022 1030 3.5 0.033 0.5
1022 1031 2.958039892 0.02224859546 0.5
1022 1032 2.958039892 0.02224859546 0.5
1023 1033 2.958039892 0.02224859546 0.5
1023 1034 2.958039892 0.02224859546 0.5
1023 1036 3.5 0.033 0.5
1024 1026 2.5 0.015 0.5
1024 1027 2.5 0.015 0.5
1024 1029 2.958039892 0.02224859546 0.5
1025 1026 2.5 0.015 0.5
1025 1027 2.5 0.015 0.5
1025 1029 2.958039892 0.02224859546 0.5
1026 1030 2.958039892 0.02224859546 0.5
1026 1031 2.5 0.015 0.5
1026 1032 2.5 0.015 0.5
1027 1030 2.958039892 0.02224859546 0.5
1027 1031 2.5 0.015 0.5
1027 1032 2.5 0.015 0.5
1029 1037 3.5 0.033 0.5
1029 1038 2.958039892 0.02224859546 0.5
1029 1039 2.958039892 0.02224859546 0.5
1030 1040 2.958039892 0.02224859546 0.5
1030 1041 2.958039892 0.02224859546 0.5
1030 1043 3.5 0.033 0.5
1031 1033 2.5 0.015 0.5
1031 1034 2.5 0.015 0.5
1031 1036 2.958039892 0.02224859546 0.5
1032 1033 2.5 0.015 0.5
1032 1034 2.5 0.015 0.5
1032 1036 2.958039892 0.02224859546 0.5
1033 1037 2.958039892 0.02224859546 0.5
1033 1038 2.5 0.015 0.5
1033 1039 2.5 0.015 0.5
1034 1037 2.958039892 0.02224859546 0.5
1034 1038 2.5 0.015 0.5
1034 1039 2.5 0.015 0.5
1036 1044 3.5 0.033 0.5
1036 1045 2.958039892 0.02224859546 0.5
1036 1046 2.958039892 0.02224859546 0.5
1037 1047 2.958039892 0.02224859546 0.5
1037 1048 2.958039892 0.02224859546 0.5
1037 1050 3.5 0.033 0.5
1038 1040 2.5 0.015 0.5
1038 1041 2.5 0.015 0.5
1038 1043 2.958039892 0.02224859546 0.5
1039 1040 2.5 0.015 0.5
1039 1041 2.5 0.015 0.5
1039 1043 2.958039892 0.02224859546 0.5
1040 1044 2.958039892 0.02224859546 0.5
1040 1045 2.5 0.015 0.5
1040 1046 2.5 0.015 0.5
1041 1044 2.958039892 0.02224859546 0.5
1041 1045 2.5 0.015 0.5
1041 1046 2.5 0.015 0.5
1043 1051 3.5 0.033 0.5
1043 1052 2.958039892 0.02224859546 0.5
1043 1053 2.958039892 0.02224859546 0.5
1044 1054 2.958039892 0.02224859546 0.5
1044 1055 2.958039892 0.02224859546 0.5
1044 1056 2.958039892 0.02224859546 0.5
1045 1047 2.5 0.015 0.5
1045 1048 2.5 0.015 0.5
1045 1050 2.958039892 0.02224859546 0.5
1046 1047 2.5 0.015 0.5
1046 1048 2.5 0.015 0.5
1046 1050 2.958039892 0.02224859546 0.5
1047 1051 2.958039892 0.02224859546 0.5
1047 1052 2.5 0.015 0.5
1047 1053 2.5 0.015 0.5
1048 1051 2.958039892 0.02224859546 0.5
1048 1052 2.5 0.015 0.5
1048 1053 2.5 0.015 0.5
1052 1054 2.5 0.015 0.5
1052 1055 2.5 0.015 0.5
1052 1056 2.5 0.015 0.5
1053 1054 2.5 0.015 0.5
1053 1055 2.5 0.015 0.5
1053 1056 2.5 0.015 0.5
1058 1070 2.958039892 0.02224859546 0.5
1058 1071 2.958039892 0.02224859546 0.5
1058 1073 3.5 0.033 0.5
1059 1067 3.5 0.033 0.5
1059 1068 2.958039892 0.02224859546 0.5
1059 1069 2.958039892 0.02224859546 0.5
1060 1062 2.5 0.015 0.5
1060 1063 2.5 0.015 0.5
1060 1064 2.5 0.015 0.5
1060 1067 2.958039892 0.02224859546 0.5
1060 1068 2.5 0.015 0.5
1060 1069 2.5 0.015 0.5
1061 1062 2.5 0.015 0.5
1061 1063 2.5 0.015 0.5
1061 1064 2.5 0.015 0.5
1061 1067 2.958039892 0.02224859546 0.5
1061 1068 2.5 0.015 0.5
1061 1069 2.5 0.015 0.5
1062 1066 2.958039892 0.02224859546 0.5
1063 1066 2.958039892 0.02224859546 0.5
1064 1066 2.958039892 0.02224859546 0.5
1066 1074 3.5 0.033 0.5
1066 1075 2.958039892 0.02224859546 0.5
1066 1076 2.958039892 0.02224859546 0.5
1067 1077 2.958039892 0.02224859546 0.5
1067 1078 2.958039892 0.02224859546 0.5
1067 1080 3.5 0.033 0.5
1068 1070 2.5 0.015 0.5
1068 1071 2.5 0.015 0.5
1068 1073 2.958039892 0.02224859546 0.5
1069 1070 2.5 0.015 0.5
1069 1071 2.5 0.015 0.5
1069 1073 2.958039892 0.02224859546 0.5
1070 1074 2.958039892 0.02224859546 0.5
1070 1075 2.5 0.015 0.5
1070 1076 2.5 0.015 0.5
1071 1074 2.958039892 0.02224859546 0.5
1071 1075 2.5 0.015 0.5
1071 1076 2.5 0.015 0.5
1073 1081 3.5 0.033 0.5
1073 1082 2.958039892 0.02224859546 0.5
1073 1083 2.958039892 0.02224859546 0.5
1074 1084 2.958039892 0.02224859546 0.5
1074 1085 2.958039892 0.02224859546 0.5
1074 1087 3.5 0.033 0.5
1075 1077 2.5 0.015 0.5
1075 1078 2.5 0.015 0.5
1075 1080 2.958039892 0.02224859546 0.5
1076 1077 2.5 0.015 0.5
1076 1078 2.5 0.015 0.5
1076 1080 2.958039892 0.02224859546 0.5
1077 1081 2.958039892 0.02224859546 0.5
1077 1082 2.5 0.015 0.5
1077 1083 2.5 0.015 0.5
1078 1081 2.958039892 0.02224859546 0.5
1078 1082 2.5 0.015 0.5
1078 1083 2.5 0.015 0.5
1080 1088 3.5 0.033 0.5
1080 1089 2.958039892 0.02224859546 0.5
1080 1090 2.958039892 0.02224859546 0.5
1081 1091 2.958039892 0.02224859546 0.5
1081 1092 2.958039892 0.02224859546 0.5
1081 1094 3.5 0.033 0.5
1082 1084 2.5 0.015 0.5
1082 1085 2.5 0.015 0.5
1082 1087 2.958039892 0.02224859546 0.5
1083 1084 2.5 0.015 0.5
1083 1085 2.5 0.015 0.5
1083 1087 2.958039892 0.02224859546 0.5
1084 1088 2.958039892 0.02224859546 0.5
1084 1089 2.5 0.015 0.5
1084 1090 2.5 0.015 0.5
1085 1088 2.958039892 0.02224859546 0.5
1085 1089 2.5 0.015 0.5
1085 1090 2.5 0.015 0.5
1087 1095 3.5 0.033 0.5
1087 1096 2.958039892 0.02224859546 0.5
1087 1097 2.958039892 0.02224859546 0.5
1088 1098 2.958039892 0.02224859546 0.5
1088 1099 2.958039892 0.02224859546 0.5
1088 1101 3.5 0.033 0.5
1089 1091 2.5 0.015 0.5
1089 1092 2.5 0.015 0.5
1089 1094 2.958039892 0.02224859546 0.5
1090 1091 2.5 0.015 0.5
1090 1092 2.5 0.015 0.5
1090 1094 2.958039892 0.02224859546 0.5
1091 1095 2.958039892 0.02224859546 0.5
1091 1096 2.5 0.015 0.5
1091 1097 2.5 0.015 0.5
1092 1095 2.958039892 0.02224859546 0.5
1092 1096 2.5 0.015 0.5
1092 1097 2.5 0.015 0.5
1094 1102 3.5 0.033 0.5
1094 1103 2.958039892 0.02224859546 0.5
1094 1104 2.958039892 0.02224859546 0.5
1095 1105 2.958039892 0.02224859546 0.5
1095 1106 2.958039892 0.02224859546 0.5
1095 1108 3.5 0.033 0.5
1096 1098 2.5 0.015 0.5
1096 1099 2.5 0.015 0.5
1096 1101 2.958039892 0.02224859546 0.5
1097 1098 2.5 0.015 0.5
1097 1099 2.5 0.015 0.5
1097 1101 2.958039892 0.02224859546 0.5
1098 1102 2.958039892 0.02224859546 0.5
1098 1103 2.5 0.015 0.5
1098 1104 2.5 0.015 0.5
1099 1102 2.958039892 0.02224859546 0.5
1099 1103 2.5 0.015 0.5
1099 1104 2.5 0.015 0.5
1101 1109 3.5 0.033 0.5
1101 1110 2.958039892 0.02224859546 0.5
1101 1111 2.958039892 0.02224859546 0.5
1102 1112 2.958039892 0.02224859546 0.5
1102 1113 2.958039892 0.02224859546 0.5
1102 1115 3.5 0.033 0.5
1103 1105 2.5 0.015 0.5
1103 1106 2.5 0.015 0.5
1103 1108 2.958039892 0.02224859546 0.5
1104 1105 2.5 0.015 0.5
1104 1106 2.5 0.015 0.5
1104 1108 2.958039892 0.02224859546 0.5
1105 1109 2.958039892 0.02224859546 0.5
1105 1110 2.5 0.015 0.5
1105 1111 2.5 0.015 0.5
1106 1109 2.958039892 0.02224859546 0.5
1106 1110 2.5 0.015 0.5
1106 1111 2.5 0.015 0.5
1108 1116 3.5 0.033 0.5
1108 1117 2.958039892 0.02224859546 0.5
1108 1118 2.958039892 0.02224859546 0.5
1109 1119 2.958039892 0.02224859546 0.5
1109 1120 2.958039892 0.02224859546 0.5
1109 1122 3.5 0.033 0.5
1110 1112 2.5 0.015 0.5
1110 1113 2.5 0.015 0.5
1110 1115 2.958039892 0.02224859546 0.5
1111 1112 2.5 0.015 0.5
1111 1113 2.5 0.015 0.5
1111 1115 2.958039892 0.02224859546 0.5
1112 1116 2.958039892 0.02224859546 0.5
1112 1117 2.5 0.015 0.5
1112 1118 2.5 0.015 0.5
1113 1116 2.958039892 0.02224859546 0.5
1113 1117 2.5 0.015 0.5
1113 1118 2.5 0.015 0.5
1115 1123 3.5 0.033 0.5
1115 1124 2.958039892 0.02224859546 0.5
1115 1125 2.958039892 0.02224859546 0.5
1116 1126 2.958039892 0.02224859546 0.5
1116 1127 2.958039892 0.02224859546 0.5
1116 1129 3.5 0.033 0.5
1117 1119 2.5 0.015 0.5
1117 1120 2.5 0.015 0.5
1117 1122 2.958039892 0.02224859546 0.5
1118 1119 2.5 0.015 0.5
1118 1120 2.5 0.015 0.5
1118 1122 2.958039892 0.02224859546 0.5
1119 1123 2.958039892 0.02224859546 0.5
1119 1124 2.5 0.015 0.5
1119 1125 2.5 0.015 0.5
1120 1123 2.958039892 0.02224859546 0.5
1120 1124 2.5 0.015 0.5
1120 1125 2.5 0.015 0.5
1122 1130 3.5 0.033 0.5
1122 1131 2.958039892 0.02224859546 0.5
1122 1132 2.958039892 0.02224859546 0.5
1123 1133 2.958039892 0.02224859546 0.5
1123 1134 2.958039892 0.02224859546 0.5
1123 1136 3.5 0.033 0.5
1124 1126 2.5 0.015 0.5
1124 1127 2.5 0.015 0.5
1124 1129 2.958039892 0.02224859546 0.5
1125 1126 2.5 0.015 0.5
1125 1127 2.5 0.015 0.5
1125 1129 2.958039892 0.02224859546 0.5
1126 1130 2.958039892 0.02224859546 0.5
1126 1131 2.5 0.015 0.5
1126 1132 2.5 0.015 0.5
1127 1130 2.958039892 0.02224859546 0.5
1127 1131 2.5 0.015 0.5
1127 1132 2.5 0.015 0.5
1129 1137 3.5 0.033 0.5
1129 1138 2.958039892 0.02224859546 0.5
1129 1139 2.958039892 0.02224859546 0.5
1130 1140 2.958039892 0.02224859546 0.5
1130 1141 2.958039892 0.02224859546 0.5
1130 1143 3.5 0.033 0.5
1131 1133 2.5 0.015 0.5
1131 1134 2.5 0.015 0.5
1131 1136 2.958039892 0.02224859546 0.5
1132 1133 2.5 0.015 0.5
1132 1134 2.5 0.015 0.5
1132 1136 2.958039892 0.02224859546 0.5
1133 1137 2.958039892 0.02224859546 0.5
1133 1138 2.5 0.015 0.5
1133 1139 2.5 0.015 0.5
1134 1137 2.958039892 0.02224859546 0.5
1134 1138 2.5 0.015 0.5
1134 1139 2.5 0.015 0.5
1136 1144 3.5 0.033 0.5
1136 1145 2.958039892 0.02224859546 0.5
1136 1146 2.958039892 0.02224859546 0.5
1137 1147 2.958039892 0.02224859546 0.5
1137 1148 2.958039892 0.02224859546 0.5
1137 1150 3.5 0.033 0.5
1138 1140 2.5 0.015 0.5
1138 1141 2.5 0.015 0.5
1138 1143 2.958039892 0.02224859546 0.5
1139 1140 2.5 0.015 0.5
1139 1141 2.5 0.015 0.5
1139 1143 2.958039892 0.02224859546 0.5
1140 1144 2.958039892 0.02224859546 0.5
1140 1145 2.5 0.015 0.5
1140 1146 2.5 0.015 0.5
1141 1144 2.958039892 0.02224859546 0.5
1141 1145 2.5 0.015 0.5
1141 1146 2.5 0.015 0.5
1143 1151 3.5 0.033 0.5
1143 1152 2.958039892 0.02224859546 0.5
1143 1153 2.958039892 0.02224859546 0.5
1144 1154 2.958039892 0.02224859546 0.5
1144 1155 2.958039892 0.02224859546 0.5
1144 1157 3.5 0.033 0.5
1145 1147 2.5 0.015 0.5
1145 1148 2.5 0.015 0.5
1145 1150 2.958039892 0.02224859546 0.5
1146 1147 2.5 0.015 0.5
1146 1148 2.5 0.015 0.5
1146 1150 2.958039892 0.02224859546 0.5
1147 1151 2.958039892 0.02224859546 0.5
1147 1152 2.5 0.015 0.5
1147 1153 2.5 0.015 0.5
1148 1151 2.958039892 0.02224859546 0.5
1148 1152 2.5 0.015 0.5
1148 1153 2.5 0.015 0.5
1150 1158 3.5 0.033 0.5
1150 1159 2.958039892 0.02224859546 0.5
1150 1160 2.958039892 0.02224859546 0.5
1151 1161 2.958039892 0.02224859546 0.5
1151 1162 2.958039892 0.02224859546 0.5
1151 1164 3.5 0.033 0.5
1152 1154 2.5 0.015 0.5
1152 1155 2.5 0.015 0.5
1152 1157 2.958039892 0.02224859546 0.5
1153 1154 2.5 0.015 0.5
1153 1155 2.5 0.015 0.5
1153 1157 2.958039892 0.02224859546 0.5
1154 1158 2.958039892 0.02224859546 0.5
1154 1159 2.5 0.015 0.5
1154 1160 2.5 0.015 0.5
1155 1158 2.958039892 0.02224859546 0.5
1155 1159 2.5 0.015 0.5
1155 1160 2.5 0.015 0.5
1157 1165 3.5 0.033 0.5
1157 1166 2.958039892 0.02224859546 0.5
1157 1167 2.958039892 0.02224859546 0.5
1158 1168 2.958039892 0.02224859546 0.5
1158 1169 2.958039892 0.02224859546 0.5
1158 1171 3.5 0.033 0.5
1159 1161 2.5 0.015 0.5
1159 1162 2.5 0.015 0.5
1159 1164 2.958039892 0.02224859546 0.5
1160 1161 2.5 0.015 0.5
1160 1162 2.5 0.015 0.5
1160 1164 2.958039892 0.02224859546 0.5
1161 1165 2.958039892 0.02224859546 0.5
1161 1166 2.5 0.015 0.5
1161 1167 2.5 0.015 0.5
1162 1165 2.958039892 0.02224859546 0.5
1162 1166 2.5 0.015 0.5
1162 1167 2.5 0.015 0.5
1164 1172 3.5 0.033 0.5
1164 1173 2.958039892 0.02224859546 0.5
1164 1174 2.958039892 0.02224859546 0.5
1165 1175 2.958039892 0.02224859546 0.5
1165 1176 2.958039892 0.02224859546 0.5
1165 1178 3.5 0.033 0.5
1166 1168 2.5 0.015 0.5
1166 1169 2.5 0.015 0.5
1166 1171 2.958039892 0.02224859546 0.5
1167 1168 2.5 0.015 0.5
1167 1169 2.5 0.015 0.5
1167 1171 2.958039892 0.02224859546 0.5
1168 1172 2.958039892 0.02224859546 0.5
1168 1173 2.5 0.015 0.5
1168 1174 2.5 0.015 0.5
1169 1172 2.958039892 0.02224859546 0.5
1169 1173 2.5 0.015 0.5
1169 1174 2.5 0.015 0.5
1171 1179 3.5 0.033 0.5
1171 1180 2.958039892 0.02224859546 0.5
1171 1181 2.958039892 0.02224859546 0.5
1172 1182 2.958039892 0.02224859546 0.5
1172 1183 2.958039892 0.02224859546 0.5
1172 1185 3.5 0.033 0.5
1173 1175 2.5 0.015 0.5
1173 1176 2.5 0.015 0.5
1173 1178 2.958039892 0.02224859546 0.5
1174 1175 2.5 0.015 0.5
1174 1176 2.5 0.015 0.5
1174 1178 2.958039892 0.02224859546 0.5
1175 1179 2.958039892 0.02224859546 0.5
1175 1180 2.5 0.015 0.5
1175 1181 2.5 0.015 0.5
1176 1179 2.958039892 0.02224859546 0.5
1176 1180 2.5 0.015 0.5
1176 1181 2.5 0.015 0.5
1178 1186 3.5 0.033 0.5
1178 1187 2.958039892 0.02224859546 0.5
1178 1188 2.958039892 0.02224859546 0.5
1179 1189 2.958039892 0.02224859546 0.5
1179 1190 2.958039892 0.02224859546 0.5
1179 1192 3.5 0.033 0.5
1180 1182 2.5 0.015 0.5
1180 1183 2.5 0.015 0.5
1180 1185 2.958039892 0.02224859546 0.5
1181 1182 2.5 0.015 0.5
1181 1183 2.5 0.015 0.5
1181 1185 2.958039892 0.02224859546 0.5
1182 1186 2.958039892 0.02224859546 0.5
1182 1187 2.5 0.015 0.5
1182 1188 2.5 0.015 0.5
1183 1186 2.958039892 0.02224859546 0.5
1183 1187 2.5 0.015 0.5
1183 1188 2.5 0.015 0.5
1185 1193 3.5 0.033 0.5
1185 1194 2.958039892 0.02224859546 0.5
1185 1195 2.958039892 0.02224859546 0.5
1186 1196 2.958039892 0.02224859546 0.5
1186 1197 2.958039892 0.02224859546 0.5
1186 1199 3.5 0.033 0.5
1187 1189 2.5 0.015 0.5
1187 1190 2.5 0.015 0.5
1187 1192 2.958039892 0.02224859546 0.5
1188 1189 2.5 0.015 0.5
1188 1190 2.5 0.015 0.5
1188 1192 2.958039892 0.02224859546 0.5
1189 1193 2.958039892 0.02224859546 0.5
1189 1194 2.5 0.015 0.5
1189 1195 2.5 0.015 0.5
1190 1193 2.958039892 0.02224859546 0.5
1190 1194 2.5 0.015 0.5
1190 1195 2.5 0.015 0.5
1192 1200 3.5 0.033 0.5
1192 1201 2.958039892 0.02224859546 0.5
1192 1202 2.958039892 0.02224859546 0.5
1193 1203 2.958039892 0.02224859546 0.5
1193 1204 2.958039892 0.02224859546 0.5
1193 1206 3.5 0.033 0.5
1194 1196 2.5 0.015 0.5
1194 1197 2.5 0.015 0.5
1194 1199 2.958039892 0.02224859546 0.5
1195 1196 2.5 0.015 0.5
1195 1197 2.5 0.015 0.5
1195 1199 2.958039892 0.02224859546 0.5
1196 1200 2.958039892 0.02224859546 0.5
1196 1201 2.5 0.015 0.5
1196 1202 2.5 0.015 0.5
1197 1200 2.958039892 0.02224859546 0.5
1197 1201 2.5 0.015 0.5
1197 1202 2.5 0.015 0.5
1199 1207 3.5 0.033 0.5
1199 1208 2.958039892 0.02224859546 0.5
1199 1209 2.958039892 0.02224859546 0.5
1200 1210 2.958039892 0.02224859546 0.5
1200 1211 2.958039892 0.02224859546 0.5
1200 1213 3.5 0.033 0.5
1201 1203 2.5 0.015 0.5
1201 1204 2.5 0.015 0.5
1201 1206 2.958039892 0.02224859546 0.5
1202 1203 2.5 0.015 0.5
1202 1204 2.5 0.015 0.5
1202 1206 2.958039892 0.02224859546 0.5
1203 1207 2.958039892 0.02224859546 0.5
1203 1208 2.5 0.015 0.5
1203 1209 2.5 0.015 0.5
1204 1207 2.958039892 0.02224859546 0.5
1204 1208 2.5 0.015 0.5
1204 1209 2.5 0.015 0.5
1206 1214 3.5 0.033 0.5
1206 1215 2.958039892 0.02224859546 0.5
1206 1216 2.958039892 0.02224859546 0.5
1207 1217 2.958039892 0.02224859546 0.5
1207 1218 2.958039892 0.02224859546 0.5
1207 1220 3.5 0.033 0.5
1208 1210 2.5 0.015 0.5
1208 1211 2.5 0.015 0.5
1208 1213 2.958039892 0.02224859546 0.5
1209 1210 2.5 0.015 0.5
1209 1211 2.5 0.015 0.5
1209 1213 2.958039892 0.02224859546 0.5
1210 1214 2.958039892 0.02224859546 0.5
1210 1215 2.5 0.015 0.5
1210 1216 2.5 0.015 0.5
1211 1214 2.958039892 0.02224859546 0.5
1211 1215 2.5 0.015 0.5
1211 1216 2.5 0.015 0.5
1213 1221 3.5 0.033 0.5
1213 1222 2.958039892 0.02224859546 0.5
1213 1223 2.958039892 0.02224859546 0.5
1214 1224 2.958039892 0.02224859546 0.5
1214 1225 2.958039892 0.02224859546 0.5
1214 1227 3.5 0.033 0.5
1215 1217 2.5 0.015 0.5
1215 1218 2.5 0.015 0.5
1215 1220 2.958039892 0.02224859546 0.5
1216 1217 2.5 0.015 0.5
1216 1218 2.5 0.015 0.5
1216 1220 2.958039892 0.02224859546 0.5
1217 1221 2.958039892 0.02224859546 0.5
1217 1222 2.5 0.015 0.5
1217 1223 2.5 0.015 0.5
1218 1221 2.958039892 0.02224859546 0.5
1218 1222 2.5 0.015 0.5
1218 1223 2.5 0.015 0.5
1220 1228 3.5 0.033 0.5
1220 1229 2.958039892 0.02224859546 0.5
1220 1230 2.958039892 0.02224859546 0.5
1221 1231 2.958039892 0.02224859546 0.5
1221 1232 2.958039892 0.02224859546 0.5
1221 1234 3.5 0.033 0.5
1222 1224 2.5 0.015 0.5
1222 1225 2.5 0.015 0.5
1222 1227 2.958039892 0.02224859546 0.5
1223 1224 2.5 0.015 0.5
1223 1225 2.5 0.015 0.5
1223 1227 2.958039892 0.02224859546 0.5
1224 1228 2.958039892 0.02224859546 0.5
1224 1229 2.5 0.015 0.5
1224 1230 2.5 0.015 0.5
1225 1228 2.958039892 0.02224859546 0.5
1225 1229 2.5 0.015 0.5
1225 1230 2.5 0.015 0.5
1227 1235 3.5 0.033 0.5
1227 1236 2.958039892 0.02224859546 0.5
1227 1237 2.958039892 0.02224859546 0.5
1228 1238 2.958039892 0.02224859546 0.5
1228 1239 2.958039892 0.02224859546 0.5
1228 1241 3.5 0.033 0.5
1229 1231 2.5 0.015 0.5
1229 1232 2.5 0.015 0.5
1229 1234 2.958039892 0.02224859546 0.5
1230 1231 2.5 0.015 0.5
1230 1232 2.5 0.015 0.5
1230 1234 2.958039892 0.02224859546 0.5
1231 1235 2.958039892 0.02224859546 0.5
1231 1236 2.5 0.015 0.5
1231 1237 2.5 0.015 0.5
1232 1235 2.958039892 0.02224859546 0.5
1232 1236 2.5 0.015 0.5
1232 1237 2.5 0.015 0.5
1234 1242 3.5 0.033 0.5
1234 1243 2.958039892 0.02224859546 0.5
1234 1244 2.958039892 0.02224859546 0.5
1235 1245 2.958039892 0.02224859546 0.5
1235 1246 2.958039892 0.02224859546 0.5
1235 1248 3.5 0.033 0.5
1236 1238 2.5 0.015 0.5
1236 1239 2.5 0.015 0.5
1236 1241 2.958039892 0.02224859546 0.5
1237 1238 2.5 0.015 0.5
1237 1239 2.5 0.015 0.5
1237 1241 2.958039892 0.02224859546 0.5
1238 1242 2.958039892 0.02224859546 0.5
1238 1243 2.5 0.015 0.5
1238 1244 2.5 0.015 0.5
1239 1242 2.958039892 0.02224859546 0.5
1239 1243 2.5 0.015 0.5
1239 1244 2.5 0.015 0.5
1241 1249 3.5 0.033 0.5
1241 1250 2.958039892 0.02224859546 0.5
1241 1251 2.958039892 0.02224859546 0.5
1242 1252 2.958039892 0.02224859546 0.5
1242 1253 2.958039892 0.02224859546 0.5
1242 1255 3.5 0.033 0.5
1243 1245 2.5 0.015 0.5
1243 1246 2.5 0.015 0.5
1243 1248 2.958039892 0.02224859546 0.5
1244 1245 2.5 0.015 0.5
1244 1246 2.5 0.015 0.5
1244 1248 2.958039892 0.02224859546 0.5
1245 1249 2.958039892 0.02224859546 0.5
1245 1250 2.5 0.015 0.5
1245 1251 2.5 0.015 0.5
1246 1249 2.958039892 0.02224859546 0.5
1246 1250 2.5 0.015 0.5
1246 1251 2.5 0.015 0.5
1248 1256 3.5 0.033 0.5
1248 1257 2.958039892 0.02224859546 0.5
1248 1258 2.958039892 0.02224859546 0.5
1249 1259 2.958039892 0.02224859546 0.5
1249 1260 2.958039892 0.02224859546 0.5
1249 1262 3.5 0.033 0.5
1250 1252 2.5 0.015 0.5
1250 1253 2.5 0.015 0.5
1250 1255 2.958039892 0.02224859546 0.5
1251 1252 2.5 0.015 0.5
1251 1253 2.5 0.015 0.5
1251 1255 2.958039892 0.02224859546 0.5
1252 1256 2.958039892 0.02224859546 0.5
1252 1257 2.5 0.015 0.5
1252 1258 2.5 0.015 0.5
1253 1256 2.958039892 0.02224859546 0.5
1253 1257 2.5 0.015 0.5
1253 1258 2.5 0.015 0.5
1255 1263 3.5 0.033 0.5
1255 1264 2.958039892 0.02224859546 0.5
1255 1265 2.958039892 0.02224859546 0.5
1256 1266 2.958039892 0.02224859546 0.5
1256 1267 2.958039892 0.02224859546 0.5
1256 1269 3.5 0.033 0.5
1257 1259 2.5 0.015 0.5
1257 1260 2.5 0.015 0.5
1257 1262 2.958039892 0.02224859546 0.5
1258 1259 2.5 0.015 0.5
1258 1260 2.5 0.015 0.5
1258 1262 2.958039892 0.02224859546 0.5
1259 1263 2.958039892 0.02224859546 0.5
1259 1264 2.5 0.015 0.5
1259 1265 2.5 0.015 0.5
1260 1263 2.958039892 0.02224859546 0.5
1260 1264 2.5 0.015 0.5
1260 1265 2.5 0.015 0.5
1262 1270 3.5 0.033 0.5
1262 1271 2.958039892 0.02224859546 0.5
1262 1272 2.958039892 0.02224859546 0.5
1263 1273 2.958039892 0.02224859546 0.5
1263 1274 2.958039892 0.02224859546 0.5
1263 1276 3.5 0.033 0.5
1264 1266 2.5 0.015 0.5
1264 1267 2.5 0.015 0.5
1264 1269 2.958039892 0.02224859546 0.5
1265 1266 2.5 0.015 0.5
1265 1267 2.5 0.015 0.5
1265 1269 2.958039892 0.02224859546 0.5
1266 1270 2.958039892 0.02224859546 0.5
1266 1271 2.5 0.015 0.5
1266 1272 2.5 0.015 0.5
1267 1270 2.958039892 0.02224859546 0.5
1267 1271 2.5 0.015 0.5
1267 1272 2.5 0.015 0.5
1269 1277 3.5 0.033 0.5
1269 1278 2.958039892 0.02224859546 0.5
1269 1279 2.958039892 0.02224859546 0.5
1270 1280 2.958039892 0.02224859546 0.5
1270 1281 2.958039892 0.02224859546 0.5
1270 1283 3.5 0.033 0.5
1271 1273 2.5 0.015 0.5
1271 1274 2.5 0.015 0.5
1271 1276 2.958039892 0.02224859546 0.5
1272 1273 2.5 0.015 0.5
1272 1274 2.5 0.015 0.5
1272 1276 2.958039892 0.02224859546 0.5
1273 1277 2.958039892 0.02224859546 0.5
1273 1278 2.5 0.015 0.5
1273 1279 2.5 0.015 0.5
1274 1277 2.958039892 0.02224859546 0.5
1274 1278 2.5 0.015 0.5
1274 1279 2.5 0.015 0.5
1276 1284 3.5 0.033 0.5
1276 1285 2.958039892 0.02224859546 0.5
1276 1286 2.958039892 0.02224859546 0.5
1277 1287 2.958039892 0.02224859546 0.5
1277 1288 2.958039892 0.02224859546 0.5
1277 1290 3.5 0.033 0.5
1278 1280 2.5 0.015 0.5
1278 1281 2.5 0.015 0.5
1278 1283 2.958039892 0.02224859546 0.5
1279 1280 2.5 0.015 0.5
1279 1281 2.5 0.015 0.5
1279 1283 2.958039892 0.02224859546 0.5
1280 1284 2.958039892 0.02224859546 0.5
1280 1285 2.5 0.015 0.5
1280 1286 2.5 0.015 0.5
1281 1284 2.958039892 0.02224859546 0.5
1281 1285 2.5 0.015 0.5
1281 1286 2.5 0.015 0.5
1283 1291 3.5 0.033 0.5
1283 1292 2.958039892 0.02224859546 0.5
1283 1293 2.958039892 0.02224859546 0.5
1284 1294 2.958039892 0.02224859546 0.5
1284 1295 2.958039892 0.02224859546 0.5
1284 1297 3.5 0.033 0.5
1285 1287 2.5 0.015 0.5
1285 1288 2.5 0.015 0.5
1285 1290 2.958039892 0.02224859546 0.5
1286 1287 2.5 0.015 0.5
1286 1288 2.5 0.015 0.5
1286 1290 2.958039892 0.02224859546 0.5
1287 1291 2.958039892 0.02224859546 0.5
1287 1292 2.5 0.015 0.5
1287 1293 2.5 0.015 0.5
1288 1291 2.958039892 0.02224859546 0.5
1288 1292 2.5 0.015 0.5
1288 1293 2.5 0.015 0.5
1290 1298 3.5 0.033 0.5
1290 1299 2.958039892 0.02224859546 0.5
1290 1300 2.958039892 0.02224859546 0.5
1291 1301 2.958039892 0.02224859546 0.5
1291 1302 2.958039892 0.02224859546 0.5
1291 1304 3.5 0.033 0.5
1292 1294 2.5 0.015 0.5
1292 1295 2.5 0.015 0.5
1292 1297 2.958039892 0.02224859546 0.5
1293 1294 2.5 0.015 0.5
1293 1295 2.5 0.015 0.5
1293 1297 2.958039892 0.02224859546 0.5
1294 1298 2.958039892 0.02224859546 0.5
1294 1299 2.5 0.015 0.5
1294 1300 2.5 0.015 0.5
1295 1298 2.958039892 0.02224859546 0.5
1295 1299 2.5 0.015 0.5
1295 1300 2.5 0.015 0.5
1297 1305 3.5 0.033 0.5
1297 1306 2.958039892 0.02224859546 0.5
1297 1307 2.958039892 0.02224859546 0.5
1298 1308 2.958039892 0.02224859546 0.5
1298 1309 2.958039892 0.02224859546 0.5
1298 1311 3.5 0.033 0.5
1299 1301 2.5 0.015 0.5
1299 1302 2.5 0.015 0.5
1299 1304 2.958039892 0.02224859546 0.5
1300 1301 2.5 0.015 0.5
1300 1302 2.5 0.015 0.5
1300 1304 2.958039892 0.02224859546 0.5
1301 1305 2.958039892 0.02224859546 0.5
1301 1306 2.5 0.015 0.5
1301 1307 2.5 0.015 0.5
1302 1305 2.958039892 0.02224859546 0.5
1302 1306 2.5 0.015 0.5
1302 1307 2.5 0.015 0.5
1304 1312 3.5 0.033 0.5
1304 1313 2.958039892 0.02224859546 0.5
1304 1314 2.958039892 0.02224859546 0.5
1305 1315 2.958039892 0.02224859546 0.5
1305 1316 2.958039892 0.02224859546 0.5
1305 1318 3.5 0.033 0.5
1306 1308 2.5 0.015 0.5
1306 1309 2.5 0.015 0.5
1306 1311 2.958039892 0.02224859546 0.5
1307 1308 2.5 0.015 0.5
1307 1309 2.5 0.015 0.5
1307 1311 2.958039892 0.02224859546 0.5
1308 1312 2.958039892 0.02224859546 0.5
1308 1313 2.5 0.015 0.5
1308 1314 2.5 0.015 0.5
1309 1312 2.958039892 0.02224859546 0.5
1309 1313 2.5 0.015 0.5
1309 1314 2.5 0.015 0.5
1311 1319 3.5 0.033 0.5
1311 1320 2.958039892 0.02224859546 0.5
1311 1321 2.958039892 0.02224859546 0.5
1312 1322 2.958039892 0.02224859546 0.5
1312 1323 2.958039892 0.02224859546 0.5
1312 1325 3.5 0.033 0.5
1313 1315 2.5 0.015 0.5
1313 1316 2.5 0.015 0.5
1313 1318 2.958039892 0.02224859546 0.5
1314 1315 2.5 0.015 0.5
1314 1316 2.5 0.015 0.5
1314 1318 2.958039892 0.02224859546 0.5
1315 1319 2.958039892 0.02224859546 0.5
1315 1320 2.5 0.015 0.5
1315 1321 2.5 0.015 0.5
1316 1319 2.958039892 0.02224859546 0.5
1316 1320 2.5 0.015 0.5
1316 1321 2.5 0.015 0.5
1318 1326 3.5 0.033 0.5
1318 1327 2.958039892 0.02224859546 0.5
1318 1328 2.958039892 0.02224859546 0.5
1319 1329 2.958039892 0.02224859546 0.5
1319 1330 2.958039892 0.02224859546 0.5
1319 1332 3.5 0.033 0.5
1320 1322 2.5 0.015 0.5
1320 1323 2.5 0.015 0.5
1320 1325 2.958039892 0.02224859546 0.5
1321 1322 2.5 0.015 0.5
1321 1323 2.5 0.015 0.5
1321 1325 2.958039892 0.02224859546 0.5
1322 1326 2.958039892 0.02224859546 0.5
1322 1327 2.5 0.015 0.5
1322 1328 2.5 0.015 0.5
1323 1326 2.958039892 0.02224859546 0.5
1323 1327 2.5 0.015 0.5
1323 1328 2.5 0.015 0.5
1325 1333 3.5 0.033 0.5
1325 1334 2.958039892 0.02224859546 0.5
1325 1335 2.958039892 0.02224859546 0.5
1326 1336 2.958039892 0.02224859546 0.5
1326 1337 2.958039892 0.02224859546 0.5
1326 1339 3.5 0.033 0.5
1327 1329 2.5 0.015 0.5
1327 1330 2.5 0.015 0.5
1327 1332 2.958039892 0.02224859546 0.5
1328 1329 2.5 0.015 0.5
1328 1330 2.5 0.015 0.5
1328 1332 2.958039892 0.02224859546 0.5
1329 1333 2.958039892 0.02224859546 0.5
1329 1334 2.5 0.015 0.5
1329 1335 2.5 0.015 0.5
1330 1333 2.958039892 0.02224859546 0.5
1330 1334 2.5 0.015 0.5
1330 1335 2.5 0.015 0.5
1332 1340 3.5 0.033 0.5
1332 1341 2.958039892 0.02224859546 0.5
1332 1342 2.958039892 0.02224859546 0.5
1333 1343 2.958039892 0.02224859546 0.5
1333 1344 2.958039892 0.02224859546 0.5
1333 1346 3.5 0.033 0.5
1334 1336 2.5 0.015 0.5
1334 1337 2.5 0.015 0.5
1334 1339 2.958039892 0.02224859546 0.5
1335 1336 2.5 0.015 0.5
1335 1337 2.5 0.015 0.5
1335 1339 2.958039892 0.02224859546 0.5
1336 1340 2.958039892 0.02224859546 0.5
1336 1341 2.5 0.015 0.5
1336 1342 2.5 0.015 0.5
1337 1340 2.958039892 0.02224859546 0.5
1337 1341 2.5 0.015 0.5
1337 1342 2.5 0.015 0.5
1339 1347 3.5 0.033 0.5
1339 1348 2.958039892 0.02224859546 0.5
1339 1349 2.958039892 0.02224859546 0.5
1340 1350 2.958039892 0.02224859546 0.5
1340 1351 2.958039892 0.02224859546 0.5
1340 1353 3.5 0.033 0.5
1341 1343 2.5 0.015 0.5
1341 1344 2.5 0.015 0.5
1341 1346 2.958039892 0.02224859546 0.5
1342 1343 2.5 0.015 0.5
1342 1344 2.5 0.015 0.5
1342 1346 2.958039892 0.02224859546 0.5
1343 1347 2.958039892 0.02224859546 0.5
1343 1348 2.5 0.015 0.5
1343 1349 2.5 0.015 0.5
1344 1347 2.958039892 0.02224859546 0.5
1344 1348 2.5 0.015 0.5
1344 1349 2.5 0.015 0.5
1346 1354 3.5 0.033 0.5
1346 1355 2.958039892 0.02224859546 0.5
1346 1356 2.958039892 0.02224859546 0.5
1347 1357 2.958039892 0.02224859546 0.5
1347 1358 2.958039892 0.02224859546 0.5
1347 1360 3.5 0.033 0.5
1348 1350 2.5 0.015 0.5
1348 1351 2.5 0.015 0.5
1348 1353 2.958039892 0.02224859546 0.5
1349 1350 2.5 0.015 0.5
1349 1351 2.5 0.015 0.5
1349 1353 2.958039892 0.02224859546 0.5
1350 1354 2.958039892 0.02224859546 0.5
1350 1355 2.5 0.015 0.5
1350 1356 2.5 0.015 0.5
1351 1354 2.958039892 0.02224859546 0.5
1351 1355 2.5 0.015 0.5
1351 1356 2.5 0.015 0.5
1353 1361 3.5 0.033 0.5
1353 1362 2.958039892 0.02224859546 0.5
1353 1363 2.958039892 0.02224859546 0.5
1354 1364 2.958039892 0.02224859546 0.5
1354 1365 2.958039892 0.02224859546 0.5
1354 1367 3.5 0.033 0.5
1355 1357 2.5 0.015 0.5
1355 1358 2.5 0.015 0.5
1355 1360 2.958039892 0.02224859546 0.5
1356 1357 2.5 0.015 0.5
1356 1358 2.5 0.015 0.5
1356 1360 2.958039892 0.02224859546 0.5
1357 1361 2.958039892 0.02224859546 0.5
1357 1362 2.5 0.015 0.5
1357 1363 2.5 0.015 0.5
1358 1361 2.958039892 0.02224859546 0.5
1358 1362 2.5 0.015 0.5
1358 1363 2.5 0.015 0.5
1360 1368 3.5 0.033 0.5
1360 1369 2.958039892 0.02224859546 0.5
1360 1370 2.958039892 0.02224859546 0.5
1361 1371 2.958039892 0.02224859546 0.5
1361 1372 2.958039892 0.02224859546 0.5
1361 1374 3.5 0.033 0.5
1362 1364 2.5 0.015 0.5
1362 1365 2.5 0.015 0.5
1362 1367 2.958039892 0.02224859546 0.5
1363 1364 2.5 0.015 0.5
1363 1365 2.5 0.015 0.5
1363 1367 2.958039892 0.02224859546 0.5
1364 1368 2.958039892 0.02224859546 0.5
1364 1369 2.5 0.015 0.5
1364 1370 2.5 0.015 0.5
1365 1368 2.958039892 0.02224859546 0.5
1365 1369 2.5 0.015 0.5
1365 1370 2.5 0.015 0.5
1367 1375 3.5 0.033 0.5
1367 1376 2.958039892 0.02224859546 0.5
1367 1377 2.958039892 0.02224859546 0.5
1368 1378 2.958039892 0.02224859546 0.5
1368 1379 2.958039892 0.02224859546 0.5
1368 1381 3.5 0.033 0.5
1369 1371 2.5 0.015 0.5
1369 1372 2.5 0.015 0.5
1369 1374 2.958039892 0.02224859546 0.5
1370 1371 2.5 0.015 0.5
1370 1372 2.5 0.015 0.5
1370 1374 2.958039892 0.02224859546 0.5
1371 1375 2.958039892 0.02224859546 0.5
1371 1376 2.5 0.015 0.5
1371 1377 2.5 0.015 0.5
1372 1375 2.958039892 0.02224859546 0.5
1372 1376 2.5 0.015 0.5
1372 1377 2.5 0.015 0.5
1374 1382 3.5 0.033 0.5
1374 1383 2.958039892 0.02224859546 0.5
1374 1384 2.958039892 0.02224859546 0.5
1375 1385 2.958039892 0.02224859546 0.5
1375 1386 2.958039892 0.02224859546 0.5
1375 1388 3.5 0.033 0.5
1376 1378 2.5 0.015 0.5
1376 1379 2.5 0.015 0.5
1376 1381 2.958039892 0.02224859546 0.5
1377 1378 2.5 0.015 0.5
1377 1379 2.5 0.015 0.5
1377 1381 2.958039892 0.02224859546 0.5
1378 1382 2.958039892 0.02224859546 0.5
1378 1383 2.5 0.015 0.5
1378 1384 2.5 0.015 0.5
1379 1382 2.958039892 0.02224859546 0.5
1379 1383 2.5 0.015 0.5
1379 1384 2.5 0.015 0.5
1381 1389 3.5 0.033 0.5
1381 1390 2.958039892 0.02224859546 0.5
1381 1391 2.958039892 0.02224859546 0.5
1382 1392 2.958039892 0.02224859546 0.5
1382 1393 2.958039892 0.02224859546 0.5
1382 1395 3.5 0.033 0.5
1383 1385 2.5 0.015 0.5
1383 1386 2.5 0.015 0.5
1383 1388 2.958039892 0.02224859546 0.5
1384 1385 2.5 0.015 0.5
1384 1386 2.5 0.015 0.5
1384 1388 2.958039892 0.02224859546 0.5
1385 1389 2.958039892 0.02224859546 0.5
1385 1390 2.5 0.015 0.5
1385 1391 2.5 0.015 0.5
1386 1389 2.958039892 0.02224859546 0.5
1386 1390 2.5 0.015 0.5
1386 1391 2.5 0.015 0.5
1388 1396 3.5 0.033 0.5
1388 1397 2.958039892 0.02224859546 0.5
1388 1398 2.958039892 0.02224859546 0.5
1389 1399 2.958039892 0.02224859546 0.5
1389 1400 2.958039892 0.02224859546 0.5
1389 1402 3.5 0.033 0.5
1390 1392 2.5 0.015 0.5
1390 1393 2.5 0.015 0.5
1390 1395 2.958039892 0.02224859546 0.5
1391 1392 2.5 0.015 0.5
1391 1393 2.5 0.015 0.5
1391 1395 2.958039892 0.02224859546 0.5
1392 1396 2.958039892 0.02224859546 0.5
1392 1397 2.5 0.015 0.5
1392 1398 2.5 0.015 0.5
1393 1396 2.958039892 0.02224859546 0.5
1393 1397 2.5 0.015 0.5
1393 1398 2.5 0.015 0.5
1395 1403 3.5 0.033 0.5
1395 1404 2.958039892 0.02224859546 0.5
1395 1405 2.958039892 0.02224859546 0.5
1396 1406 2.958039892 0.02224859546 0.5
1396 1407 2.958039892 0.02224859546 0.5
1396 1408 2.958039892 0.02224859546 0.5
1397 1399 2.5 0.015 0.5
1397 1400 2.5 0.015 0.5
1397 1402 2.958039892 0.02224859546 0.5
1398 1399 2.5 0.015 0.5
1398 1400 2.5 0.015 0.5
1398 1402 2.958039892 0.02224859546 0.5
1399 1403 2.958039892 0.02224859546 0.5
1399 1404 2.5 0.015 0.5
1399 1405 2.5 0.015 0.5
1400 1403 2.958039892 0.02224859546 0.5
1400 1404 2.5 0.015 0.5
1400 1405 2.5 0.015 0.5
1404 1406 2.5 0.015 0.5
1404 1407 2.5 0.015 0.5
1404 1408 2.5 0.015 0.5
1405 1406 2.5 0.015 0.5
1405 1407 2.5 0.015 0.5
1405 1408 2.5 0.015 0.5
1410 1422 2.958039892 0.02224859546 0.5
1410 1423 2.958039892 0.02224859546 0.5
1410 1425 3.5 0.033 0.5
1411 1419 3.5 0.033 0.5
1411 1420 2.958039892 0.02224859546 0.5
1411 1421 2.958039892 0.02224859546 0.5
1412 1414 2.5 0.015 0.5
1412 1415 2.5 0.015 0.5
1412 1416 2.5 0.015 0.5
1412 1419 2.958039892 0.02224859546 0.5
1412 1420 2.5 0.015 0.5
1412 1421 2.5 0.015 0.5
1413 1414 2.5 0.015 0.5
1413 1415 2.5 0.015 0.5
1413 1416 2.5 0.015 0.5
1413 1419 2.958039892 0.02224859546 0.5
1413 1420 2.5 0.015 0.5
1413 1421 2.5 0.015 0.5
1414 1418 2.958039892 0.02224859546 0.5
1415 1418 2.958039892 0.02224859546 0.5
1416 1418 2.958039892 0.02224859546 0.5
1418 1426 3.5 0.033 0.5
1418 1427 2.958039892 0.02224859546 0.5
1418 1428 2.958039892 0.02224859546 0.5
1419 1429 2.958039892 0.02224859546 0.5
1419 1430 2.958039892 0.02224859546 0.5
1419 1432 3.5 0.033 0.5
1420 1422 2.5 0.015 0.5
1420 1423 2.5 0.015 0.5
1420 1425 2.958039892 0.02224859546 0.5
1421 1422 2.5 0.015 0.5
1421 1423 2.5 0.015 0.5
1421 1425 2.958039892 0.02224859546 0.5
1422 1426 2.958039892 0.02224859546 0.5
1422 1427 2.5 0.015 0.5
1422 1428 2.5 0.015 0.5
1423 1426 2.958039892 0.02224859546 0.5
1423 1427 2.5 0.015 0.5
1423 1428 2.5 0.015 0.5
1425 1433 3.5 0.033 0.5
1425 1434 2.958039892 0.02224859546 0.5
1425 1435 2.958039892 0.02224859546 0.5
1426 1436 2.958039892 0.02224859546 0.5
1426 1437 2.958039892 0.02224859546 0.5
1426 1439 3.5 0.033 0.5
1427 1429 2.5 0.015 0.5
1427 1430 2.5 0.015 0.5
1427 1432 2.958039892 0.02224859546 0.5
1428 1429 2.5 0.015 0.5
1428 1430 2.5 0.015 0.5
1428 1432 2.958039892 0.02224859546 0.5
1429 1433 2.958039892 0.02224859546 0.5
1429 1434 2.5 0.015 0.5
1429 1435 2.5 0.015 0.5
1430 1433 2.958039892 0.02224859546 0.5
1430 1434 2.5 0.015 0.5
1430 1435 2.5 0.015 0.5
1432 1440 3.5 0.033 0.5
1432 1441 2.958039892 0.02224859546 0.5
1432 1442 2.958039892 0.02224859546 0.5
1433 1443 2.958039892 0.02224859546 0.5
1433 1444 2.958039892 0.02224859546 0.5
1433 1446 3.5 0.033 0.5
1434 1436 2.5 0.015 0.5
1434 1437 2.5 0.015 0.5
1434 1439 2.958039892 0.02224859546 0.5
1435 1436 2.5 0.015 0.5
1435 1437 2.5 0.015 0.5
1435 1439 2.958039892 0.02224859546 0.5
1436 1440 2.958039892 0.02224859546 0.5
1436 1441 2.5 0.015 0.5
1436 1442 2.5 0.015 0.5
1437 1440 2.958039892 0.02224859546 0.5
1437 1441 2.5 0.015 0.5
1437 1442 2.5 0.015 0.5
1439 1447 3.5 0.033 0.5
1439 1448 2.958039892 0.02224859546 0.5
1439 1449 2.958039892 0.02224859546 0.5
1440 1450 2.958039892 0.02224859546 0.5
1440 1451 2.958039892 0.02224859546 0.5
1440 1453 3.5 0.033 0.5
1441 1443 2.5 0.015 0.5
1441 1444 2.5 0.015 0.5
1441 1446 2.958039892 0.02224859546 0.5
1442 1443 2.5 0.015 0.5
1442 1444 2.5 0.015 0.5
1442 1446 2.958039892 0.02224859546 0.5
1443 1447 2.958039892 0.02224859546 0.5
1443 1448 2.5 0.015 0.5
1443 1449 2.5 0.015 0.5
1444 1447 2.958039892 0.02224859546 0.5
1444 1448 2.5 0.015 0.5
1444 1449 2.5 0.015 0.5
1446 1454 3.5 0.033 0.5
1446 1455 2.958039892 0.02224859546 0.5
1446 1456 2.958039892 0.02224859546 0.5
1447 1457 2.958039892 0.02224859546 0.5
1447 1458 2.958039892 0.02224859546 0.5
1447 1460 3.5 0.033 0.5
1448 1450 2.5 0.015 0.5
1448 1451 2.5 0.015 0.5
1448 1453 2.958039892 0.02224859546 0.5
1449 1450 2.5 0.015 0.5
1449 1451 2.5 0.015 0.5
1449 1453 2.958039892 0.02224859546 0.5
1450 1454 2.958039892 0.02224859546 0.5
1450 1455 2.5 0.015 0.5
1450 1456 2.5 0.015 0.5
1451 1454 2.958039892 0.02224859546 0.5
1451 1455 2.5 0.015 0.5
1451 1456 2.5 0.015 0.5
1453 1461 3.5 0.033 0.5
1453 1462 2.958039892 0.02224859546 0.5
1453 1463 2.958039892 0.02224859546 0.5
1454 1464 2.958039892 0.02224859546 0.5
1454 1465 2.958039892 0.02224859546 0.5
1454 1467 3.5 0.033 0.5
1455 1457 2.5 0.015 0.5
1455 1458 2.5 0.015 0.5
1455 1460 2.958039892 0.02224859546 0.5
1456 1457 2.5 0.015 0.5
1456 1458 2.5 0.015 0.5
1456 1460 2.958039892 0.02224859546 0.5
1457 1461 2.958039892 0.02224859546 0.5
1457 1462 2.5 0.015 0.5
1457 1463 2.5 0.015 0.5
1458 1461 2.958039892 0.02224859546 0.5
1458 1462 2.5 0.015 0.5
1458 1463 2.5 0.015 0.5
1460 1468 3.5 0.033 0.5
1460 1469 2.958039892 0.02224859546 0.5
1460 1470 2.958039892 0.02224859546 0.5
1461 1471 2.958039892 0.02224859546 0.5
1461 1472 2.958039892 0.02224859546 0.5
1461 1474 3.5 0.033 0.5
1462 1464 2.5 0.015 0.5
1462 1465 2.5 0.015 0.5
1462 1467 2.958039892 0.02224859546 0.5
1463 1464 2.5 0.015 0.5
1463 1465 2.5 0.015 0.5
1463 1467 2.958039892 0.02224859546 0.5
1464 1468 2.958039892 0.02224859546 0.5
1464 1469 2.5 0.015 0.5
1464 1470 2.5 0.015 0.5
1465 1468 2.958039892 0.02224859546 0.5
1465 1469 2.5 0.015 0.5
1465 1470 2.5 0.015 0.5
1467 1475 3.5 0.033 0.5
1467 1476 2.958039892 0.02224859546 0.5
1467 1477 2.958039892 0.02224859546 0.5
1468 1478 2.958039892 0.02224859546 0.5
1468 1479 2.958039892 0.02224859546 0.5
1468 1481 3.5 0.033 0.5
1469 1471 2.5 0.015 0.5
1469 1472 2.5 0.015 0.5
1469 1474 2.958039892 0.02224859546 0.5
1470 1471 2.5 0.015 0.5
1470 1472 2.5 0.015 0.5
1470 1474 2.958039892 0.02224859546 0.5
1471 1475 2.958039892 0.02224859546 0.5
1471 1476 2.5 0.015 0.5
1471 1477 2.5 0.015 0.5
1472 1475 2.958039892 0.02224859546 0.5
1472 1476 2.5 0.015 0.5
1472 1477 2.5 0.015 0.5
1474 1482 3.5 0.033 0.5
1474 1483 2.958039892 0.02224859546 0.5
1474 1484 2.958039892 0.02224859546 0.5
1475 1485 2.958039892 0.02224859546 0.5
1475 1486 2.958039892 0.02224859546 0.5
1475 1488 3.5 0.033 0.5
1476 1478 2.5 0.015 0.5
1476 1479 2.5 0.015 0.5
1476 1481 2.958039892 0.02224859546 0.5
1477 1478 2.5 0.015 0.5
1477 1479 2.5 0.015 0.5
1477 1481 2.958039892 0.02224859546 0.5
1478 1482 2.958039892 0.02224859546 0.5
1478 1483 2.5 0.015 0.5
1478 1484 2.5 0.015 0.5
1479 1482 2.958039892 0.02224859546 0.5
1479 1483 2.5 0.015 0.5
1479 1484 2.5 0.015 0.5
1481 1489 3.5 0.033 0.5
1481 1490 2.958039892 0.02224859546 0.5
1481 1491 2.958039892 0.02224859546 0.5
1482 1492 2.958039892 0.02224859546 0.5
1482 1493 2.958039892 0.02224859546 0.5
1482 1495 3.5 0.033 0.5
1483 1485 2.5 0.015 0.5
1483 1486 2.5 0.015 0.5
1483 1488 2.958039892 0.02224859546 0.5
1484 1485 2.5 0.015 0.5
1484 1486 2.5 0.015 0.5
1484 1488 2.958039892 0.02224859546 0.5
1485 1489 2.958039892 0.02224859546 0.5
1485 1490 2.5 0.015 0.5
1485 1491 2.5 0.015 0.5
1486 1489 2.958039892 0.02224859546 0.5
1486 1490 2.5 0.015 0.5
1486 1491 2.5 0.015 0.5
1488 1496 3.5 0.033 0.5
1488 1497 2.958039892 0.02224859546 0.5
1488 1498 2.958039892 0.02224859546 0.5
1489 1499 2.958039892 0.02224859546 0.5
1489 1500 2.958039892 0.02224859546 0.5
1489 1502 3.5 0.033 0.5
1490 1492 2.5 0.015 0.5
1490 1493 2.5 0.015 0.5
1490 1495 2.958039892 0.02224859546 0.5
1491 1492 2.5 0.015 0.5
1491 1493 2.5 0.015 0.5
1491 1495 2.958039892 0.02224859546 0.5
1492 1496 2.958039892 0.02224859546 0.5
1492 1497 2.5 0.015 0.5
1492 1498 2.5 0.015 0.5
1493 1496 2.958039892 0.02224859546 0.5
1493 1497 2.5 0.015 0.5
1493 1498 2.5 0.015 0.5
1495 1503 3.5 0.033 0.5
1495 1504 2.958039892 0.02224859546 0.5
1495 1505 2.958039892 0.02224859546 0.5
1496 1506 2.958039892 0.02224859546 0.5
1496 1507 2.958039892 0.02224859546 0.5
1496 1509 3.5 0.033 0.5
1497 1499 2.5 0.015 0.5
1497 1500 2.5 0.015 0.5
1497 1502 2.958039892 0.02224859546 0.5
1498 1499 2.5 0.015 0.5
1498 1500 2.5 0.015 0.5
1498 1502 2.958039892 0.02224859546 0.5
1499 1503 2.958039892 0.02224859546 0.5
1499 1504 2.5 0.015 0.5
1499 1505 2.5 0.015 0.5
1500 1503 2.958039892 0.02224859546 0.5
1500 1504 2.5 0.015 0.5
1500 1505 2.5 0.015 0.5
1502 1510 3.5 0.033 0.5
1502 1511 2.958039892 0.02224859546 0.5
1502 1512 2.958039892 0.02224859546 0.5
1503 1513 2.958039892 0.02224859546 0.5
1503 1514 2.958039892 0.02224859546 0.5
1503 1516 3.5 0.033 0.5
1504 1506 2.5 0.015 0.5
1504 1507 2.5 0.015 0.5
1504 1509 2.958039892 0.02224859546 0.5
1505 1506 2.5 0.015 0.5
1505 1507 2.5 0.015 0.5
1505 1509 2.958039892 0.02224859546 0.5
1506 1510 2.958039892 0.02224859546 0.5
1506 1511 2.5 0.015 0.5
1506 1512 2.5 0.015 0.5
1507 1510 2.958039892 0.02224859546 0.5
1507 1511 2.5 0.015 0.5
1507 1512 2.5 0.015 0.5
1509 1517 3.5 0.033 0.5
1509 1518 2.958039892 0.02224859546 0.5
1509 1519 2.958039892 0.02224859546 0.5
1510 1520 2.958039892 0.02224859546 0.5
1510 1521 2.958039892 0.02224859546 0.5
1510 1523 3.5 0.033 0.5
1511 1513 2.5 0.015 0.5
1511 1514 2.5 0.015 0.5
1511 1516 2.958039892 0.02224859546 0.5
1512 1513 2.5 0.015 0.5
1512 1514 2.5 0.015 0.5
1512 1516 2.958039892 0.02224859546 0.5
1513 1517 2.958039892 0.02224859546 0.5
1513 1518 2.5 0.015 0.5
1513 1519 2.5 0.015 0.5
1514 1517 2.958039892 0.02224859546 0.5
1514 1518 2.5 0.015 0.5
1514 1519 2.5 0.015 0.5
1516 1524 3.5 0.033 0.5
1516 1525 2.958039892 0.02224859546 0.5
1516 1526 2.958039892 0.02224859546 0.5
1517 1527 2.958039892 0.02224859546 0.5
1517 1528 2.958039892 0.02224859546 0.5
1517 1530 3.5 0.033 0.5
1518 1520 2.5 0.015 0.5
1518 1521 2.5 0.015 0.5
1518 1523 2.958039892 0.02224859546 0.5
1519 1520 2.5 0.015 0.5
1519 1521 2.5 0.015 0.5
1519 1523 2.958039892 0.02224859546 0.5
1520 1524 2.958039892 0.02224859546 0.5
1520 1525 2.5 0.015 0.5
1520 1526 2.5 0.015 0.5
1521 1524 2.958039892 0.02224859546 0.5
1521 1525 2.5 0.015 0.5
1521 1526 2.5 0.015 0.5
1523 1531 3.5 0.033 0.5
1523 1532 2.958039892 0.02224859546 0.5
1523 1533 2.958039892 0.02224859546 0.5
1524 1534 2.958039892 0.02224859546 0.5
1524 1535 2.958039892 0.02224859546 0.5
1524 1537 3.5 0.033 0.5
1525 1527 2.5 0.015 0.5
1525 1528 2.5 0.015 0.5
1525 1530 2.958039892 0.02224859546 0.5
1526 1527 2.5 0.015 0.5
1526 1528 2.5 0.015 0.5
1526 1530 2.958039892 0.02224859546 0.5
1527 1531 2.958039892 0.02224859546 0.5
1527 1532 2.5 0.015 0.5
1527 1533 2.5 0.015 0.5
1528 1531 2.958039892 0.02224859546 0.5
1528 1532 2.5 0.015 0.5
1528 1533 2.5 0.015 0.5
1530 1538 3.5 0.033 0.5
1530 1539 2.958039892 0.02224859546 0.5
1530 1540 2.958039892 0.02224859546 0.5
1531 1541 2.958039892 0.02224859546 0.5
1531 1542 2.958039892 0.02224859546 0.5
1531 1544 3.5 0.033 0.5
1532 1534 2.5 0.015 0.5
1532 1535 2.5 0.015 0.5
1532 1537 2.958039892 0.02224859546 0.5
1533 1534 2.5 0.015 0.5
1533 1535 2.5 0.015 0.5
1533 1537 2.958039892 0.02224859546 0.5
1534 1538 2.958039892 0.02224859546 0.5
1534 1539 2.5 0.015 0.5
1534 1540 2.5 0.015 0.5
1535 1538 2.958039892 0.02224859546 0.5
1535 1539 2.5 0.015 0.5
1535 1540 2.5 0.015 0.5
1537 1545 3.5 0.033 0.5
1537 1546 2.958039892 0.02224859546 0.5
1537 1547 2.958039892 0.02224859546 0.5
1538 1548 2.958039892 0.02224859546 0.5
1538 1549 2.958039892 0.02224859546 0.5
1538 1551 3.5 0.033 0.5
1539 1541 2.5 0.015 0.5
1539 1542 2.5 0.015 0.5
1539 1544 2.958039892 0.02224859546 0.5
1540 1541 2.5 0.015 0.5
1540 1542 2.5 0.015 0.5
1540 1544 2.958039892 0.02224859546 0.5
1541 1545 2.958039892 0.02224859546 0.5
1541 1546 2.5 0.015 0.5
1541 1547 2.5 0.015 0.5
1542 1545 2.958039892 0.02224859546 0.5
1542 1546 2.5 0.015 0.5
1542 1547 2.5 0.015 0.5
1544 1552 3.5 0.033 0.5
1544 1553 2.958039892 0.02224859546 0.5
1544 1554 2.958039892 0.02224859546 0.5
1545 1555 2.958039892 0.02224859546 0.5
1545 1556 2.958039892 0.02224859546 0.5
1545 1558 3.5 0.033 0.5
1546 1548 2.5 0.015 0.5
1546 1549 2.5 0.015 0.5
1546 1551 2.958039892 0.02224859546 0.5
1547 1548 2.5 0.015 0.5
1547 1549 2.5 0.015 0.5
1547 1551 2.958039892 0.02224859546 0.5
1548 1552 2.958039892 0.02224859546 0.5
1548 1553 2.5 0.015 0.5
1548 1554 2.5 0.015 0.5
1549 1552 2.958039892 0.02224859546 0.5
1549 1553 2.5 0.015 0.5
1549 1554 2.5 0.015 0.5
1551 1559 3.5 0.033 0.5
1551 1560 2.958039892 0.02224859546 0.5
1551 1561 2.958039892 0.02224859546 0.5
1552 1562 2.958039892 0.02224859546 0.5
1552 1563 2.958039892 0.02224859546 0.5
1552 1565 3.5 0.033 0.5
1553 1555 2.5 0.015 0.5
1553 1556 2.5 0.015 0.5
1553 1558 2.958039892 0.02224859546 0.5
1554 1555 2.5 0.015 0.5
1554 1556 2.5 0.015 0.5
1554 1558 2.958039892 0.02224859546 0.5
1555 1559 2.958039892 0.02224859546 0.5
1555 1560 2.5 0.015 0.5
1555 1561 2.5 0.015 0.5
1556 1559 2.958039892 0.02224859546 0.5
1556 1560 2.5 0.015 0.5
1556 1561 2.5 0.015 0.5
1558 1566 3.5 0.033 0.5
1558 1567 2.958039892 0.02224859546 0.5
1558 1568 2.958039892 0.02224859546 0.5
1559 1569 2.958039892 0.02224859546 0.5
1559 1570 2.958039892 0.02224859546 0.5
1559 1572 3.5 0.033 0.5
1560 1562 2.5 0.015 0.5
1560 1563 2.5 0.015 0.5
1560 1565 2.958039892 0.02224859546 0.5
1561 1562 2.5 0.015 0.5
1561 1563 2.5 0.015 0.5
1561 1565 2.958039892 0.02224859546 0.5
1562 1566 2.958039892 0.02224859546 0.5
1562 1567 2.5 0.015 0.5
1562 1568 2.5 0.015 0.5
1563 1566 2.958039892 0.02224859546 0.5
1563 1567 2.5 0.015 0.5
1563 1568 2.5 0.015 0.5
1565 1573 3.5 0.033 0.5
1565 1574 2.958039892 0.02224859546 0.5
1565 1575 2.958039892 0.02224859546 0.5
1566 1576 2.958039892 0.02224859546 0.5
1566 1577 2.958039892 0.02224859546 0.5
1566 1579 3.5 0.033 0.5
1567 1569 2.5 0.015 0.5
1567 1570 2.5 0.015 0.5
1567 1572 2.958039892 0.02224859546 0.5
1568 1569 2.5 0.015 0.5
1568 1570 2.5 0.015 0.5
1568 1572 2.958039892 0.02224859546 0.5
1569 1573 2.958039892 0.02224859546 0.5
1569 1574 2.5 0.015 0.5
1569 1575 2.5 0.015 0.5
1570 1573 2.958039892 0.02224859546 0.5
1570 1574 2.5 0.015 0.5
1570 1575 2.5 0.015 0.5
1572 1580 3.5 0.033 0.5
1572 1581 2.958039892 0.02224859546 0.5
1572 1582 2.958039892 0.02224859546 0.5
1573 1583 2.958039892 0.02224859546 0.5
1573 1584 2.958039892 0.02224859546 0.5
1573 1586 3.5 0.033 0.5
1574 1576 2.5 0.015 0.5
1574 1577 2.5 0.015 0.5
1574 1579 2.958039892 0.02224859546 0.5
1575 1576 2.5 0.015 0.5
1575 1577 2.5 0.015 0.5
1575 1579 2.958039892 0.02224859546 0.5
1576 1580 2.958039892 0.02224859546 0.5
1576 1581 2.5 0.015 0.5
1576 1582 2.5 0.015 0.5
1577 1580 2.958039892 0.02224859546 0.5
1577 1581 2.5 0.015 0.5
1577 1582 2.5 0.015 0.5
1579 1587 3.5 0.033 0.5
1579 1588 2.958039892 0.02224859546 0.5
1579 1589 2.958039892 0.02224859546 0.5
1580 1590 2.958039892 0.02224859546 0.5
1580 1591 2.958039892 0.02224859546 0.5
1580 1593 3.5 0.033 0.5
1581 1583 2.5 0.015 0.5
1581 1584 2.5 0.015 0.5
1581 1586 2.958039892 0.02224859546 0.5
1582 1583 2.5 0.015 0.5
1582 1584 2.5 0.015 0.5
1582 1586 2.958039892 0.02224859546 0.5
1583 1587 2.958039892 0.02224859546 0.5
1583 1588 2.5 0.015 0.5
1583 1589 2.5 0.015 0.5
1584 1587 2.958039892 0.02224859546 0.5
1584 1588 2.5 0.015 0.5
1584 1589 2.5 0.015 0.5
1586 1594 3.5 0.033 0.5
1586 1595 2.958039892 0.02224859546 0.5
1586 1596 2.958039892 0.02224859546 0.5
1587 1597 2.958039892 0.02224859546 0.5
1587 1598 2.958039892 0.02224859546 0.5
1587 1600 3.5 0.033 0.5
1588 1590 2.5 0.015 0.5
1588 1591 2.5 0.015 0.5
1588 1593 2.958039892 0.02224859546 0.5
1589 1590 2.5 0.015 0.5
1589 1591 2.5 0.015 0.5
1589 1593 2.958039892 0.02224859546 0.5
1590 1594 2.958039892 0.02224859546 0.5
1590 1595 2.5 0.015 0.5
1590 1596 2.5 0.015 0.5
1591 1594 2.958039892 0.02224859546 0.5
1591 1595 2.5 0.015 0.5
1591 1596 2.5 0.015 0.5
1593 1601 3.5 0.033 0.5
1593 1602 2.958039892 0.02224859546 0.5
1593 1603 2.958039892 0.02224859546 0.5
1594 1604 2.958039892 0.02224859546 0.5
1594 1605 2.958039892 0.02224859546 0.5
1594 1607 3.5 0.033 0.5
1595 1597 2.5 0.015 0.5
1595 1598 2.5 0.015 0.5
1595 1600 2.958039892 0.02224859546 0.5
1596 1597 2.5 0.015 0.5
1596 1598 2.5 0.015 0.5
1596 1600 2.958039892 0.02224859546 0.5
1597 1601 2.958039892 0.02224859546 0.5
1597 1602 2.5 0.015 0.5
1597 1603 2.5 0.015 0.5
1598 1601 2.958039892 0.02224859546 0.5
1598 1602 2.5 0.015 0.5
1598 1603 2.5 0.015 0.5
1600 1608 3.5 0.033 0.5
1600 1609 2.958039892 0.02224859546 0.5
1600 1610 2.958039892 0.02224859546 0.5
1601 1611 2.958039892 0.02224859546 0.5
1601 1612 2.958039892 0.02224859546 0.5
1601 1614 3.5 0.033 0.5
1602 1604 2.5 0.015 0.5
1602 1605 2.5 0.015 0.5
1602 1607 2.958039892 0.02224859546 0.5
1603 1604 2.5 0.015 0.5
1603 1605 2.5 0.015 0.5
1603 1607 2.958039892 0.02224859546 0.5
1604 1608 2.958039892 0.02224859546 0.5
1604 1609 2.5 0.015 0.5
1604 1610 2.5 0.015 0.5
1605 1608 2.958039892 0.02224859546 0.5
1605 1609 2.5 0.015 0.5
1605 1610 2.5 0.015 0.5
1607 1615 3.5 0.033 0.5
1607 1616 2.958039892 0.02224859546 0.5
1607 1617 2.958039892 0.02224859546 0.5
1608 1618 2.958039892 0.02224859546 0.5
1608 1619 2.958039892 0.02224859546 0.5
1608 1621 3.5 0.033 0.5
1609 1611 2.5 0.015 0.5
1609 1612 2.5 0.015 0.5
1609 1614 2.958039892 0.02224859546 0.5
1610 1611 2.5 0.015 0.5
1610 1612 2.5 0.015 0.5
1610 1614 2.958039892 0.02224859546 0.5
1611 1615 2.958039892 0.02224859546 0.5
1611 1616 2.5 0.015 0.5
1611 1617 2.5 0.015 0.5
1612 1615 2.958039892 0.02224859546 0.5
1612 1616 2.5 0.015 0.5
1612 1617 2.5 0.015 0.5
1614 1622 3.5 0.033 0.5
1614 1623 2.958039892 0.02224859546 0.5
1614 1624 2.958039892 0.02224859546 0.5
1615 1625 2.958039892 0.02224859546 0.5
1615 1626 2.958039892 0.02224859546 0.5
1615 1628 3.5 0.033 0.5
1616 1618 2.5 0.015 0.5
1616 1619 2.5 0.015 0.5
1616 1621 2.958039892 0.02224859546 0.5
1617 1618 2.5 0.015 0.5
1617 1619 2.5 0.015 0.5
1617 1621 2.958039892 0.02224859546 0.5
1618 1622 2.958039892 0.02224859546 0.5
1618 1623 2.5 0.015 0.5
1618 1624 2.5 0.015 0.5
1619 1622 2.958039892 0.02224859546 0.5
1619 1623 2.5 0.015 0.5
1619 1624 2.5 0.015 0.5
1621 1629 3.5 0.033 0.5
1621 1630 2.958039892 0.02224859546 0.5
1621 1631 2.958039892 0.02224859546 0.5
1622 1632 2.958039892 0.02224859546 0.5
1622 1633 2.958039892 0.02224859546 0.5
1622 1635 3.5 0.033 0.5
1623 1625 2.5 0.015 0.5
1623 1626 2.5 0.015 0.5
1623 1628 2.958039892 0.02224859546 0.5
1624 1625 2.5 0.015 0.5
1624 1626 2.5 0.015 0.5
1624 1628 2.958039892 0.02224859546 0.5
1625 1629 2.958039892 0.02224859546 0.5
1625 1630 2.5 0.015 0.5
1625 1631 2.5 0.015 0.5
1626 1629 2.958039892 0.02224859546 0.5
1626 1630 2.5 0.015 0.5
1626 1631 2.5 0.015 0.5
1628 1636 3.5 0.033 0.5
1628 1637 2.958039892 0.02224859546 0.5
1628 1638 2.958039892 0.02224859546 0.5
1629 1639 2.958039892 0.02224859546 0.5
1629 1640 2.958039892 0.02224859546 0.5
1629 1642 3.5 0.033 0.5
1630 1632 2.5 0.015 0.5
1630 1633 2.5 0.015 0.5
1630 1635 2.958039892 0.02224859546 0.5
1631 1632 2.5 0.015 0.5
1631 1633 2.5 0.015 0.5
1631 1635 2.958039892 0.02224859546 0.5
1632 1636 2.958039892 0.02224859546 0.5
1632 1637 2.5 0.015 0.5
1632 1638 2.5 0.015 0.5
1633 1636 2.958039892 0.02224859546 0.5
1633 1637 2.5 0.015 0.5
1633 1638 2.5 0.015 0.5
1635 1643 3.5 0.033 0.5
1635 1644 2.958039892 0.02224859546 0.5
1635 1645 2.958039892 0.02224859546 0.5
1636 1646 2.958039892 0.02224859546 0.5
1636 1647 2.958039892 0.02224859546 0.5
1636 1649 3.5 0.033 0.5
1637 1639 2.5 0.015 0.5
1637 1640 2.5 0.015 0.5
1637 1642 2.958039892 0.02224859546 0.5
1638 1639 2.5 0.015 0.5
1638 1640 2.5 0.015 0.5
1638 1642 2.958039892 0.02224859546 0.5
1639 1643 2.958039892 0.02224859546 0.5
1639 1644 2.5 0.015 0.5
1639 1645 2.5 0.015 0.5
1640 1643 2.958039892 0.02224859546 0.5
1640 1644 2.5 0.015 0.5
1640 1645 2.5 0.015 0.5
1642 1650 3.5 0.033 0.5
1642 1651 2.958039892 0.02224859546 0.5
1642 1652 2.958039892 0.02224859546 0.5
1643 1653 2.958039892 0.02224859546 0.5
1643 1654 2.958039892 0.02224859546 0.5
1643 1656 3.5 0.033 0.5
1644 1646 2.5 0.015 0.5
1644 1647 2.5 0.015 0.5
1644 1649 2.958039892 0.02224859546 0.5
1645 1646 2.5 0.015 0.5
1645 1647 2.5 0.015 0.5
1645 1649 2.958039892 0.02224859546 0.5
1646 1650 2.958039892 0.02224859546 0.5
1646 1651 2.5 0.015 0.5
1646 1652 2.5 0.015 0.5
1647 1650 2.958039892 0.02224859546 0.5
1647 1651 2.5 0.015 0.5
1647 1652 2.5 0.015 0.5
1649 1657 3.5 0.033 0.5
1649 1658 2.958039892 0.02224859546 0.5
1649 1659 2.958039892 0.02224859546 0.5
1650 1660 2.958039892 0.02224859546 0.5
1650 1661 2.958039892 0.02224859546 0.5
1650 1663 3.5 0.033 0.5
1651 1653 2.5 0.015 0.5
1651 1654 2.5 0.015 0.5
1651 1656 2.958039892 0.02224859546 0.5
1652 1653 2.5 0.015 0.5
1652 1654 2.5 0.015 0.5
1652 1656 2.958039892 0.02224859546 0.5
1653 1657 2.958039892 0.02224859546 0.5
1653 1658 2.5 0.015 0.5
1653 1659 2.5 0.015 0.5
1654 1657 2.958039892 0.02224859546 0.5
1654 1658 2.5 0.015 0.5
1654 1659 2.5 0.015 0.5
1656 1664 3.5 0.033 0.5
1656 1665 2.958039892 0.02224859546 0.5
1656 1666 2.958039892 0.02224859546 0.5
1657 1667 2.958039892 0.02224859546 0.5
1657 1668 2.958039892 0.02224859546 0.5
1657 1670 3.5 0.033 0.5
1658 1660 2.5 0.015 0.5
1658 1661 2.5 0.015 0.5
1658 1663 2.958039892 0.02224859546 0.5
1659 1660 2.5 0.015 0.5
1659 1661 2.5 0.015 0.5
1659 1663 2.958039892 0.02224859546 0.5
1660 1664 2.958039892 0.02224859546 0.5
1660 1665 2.5 0.015 0.5
1660 1666 2.5 0.015 0.5
1661 1664 2.958039892 0.02224859546 0.5
1661 1665 2.5 0.015 0.5
1661 1666 2.5 0.015 0.5
1663 1671 3.5 0.033 0.5
1663 1672 2.958039892 0.02224859546 0.5
1663 1673 2.958039892 0.02224859546 0.5
1664 1674 2.958039892 0.02224859546 0.5
1664 1675 2.958039892 0.02224859546 0.5
1664 1677 3.5 0.033 0.5
1665 1667 2.5 0.015 0.5
1665 1668 2.5 0.015 0.5
1665 1670 2.958039892 0.02224859546 0.5
1666 1667 2.5 0.015 0.5
1666 1668 2.5 0.015 0.5
1666 1670 2.958039892 0.02224859546 0.5
1667 1671 2.958039892 0.02224859546 0.5
1667 1672 2.5 0.015 0.5
1667 1673 2.5 0.015 0.5
1668 1671 2.958039892 0.02224859546 0.5
1668 1672 2.5 0.015 0.5
1668 1673 2.5 0.015 0.5
1670 1678 3.5 0.033 0.5
1670 1679 2.958039892 0.02224859546 0.5
1670 1680 2.958039892 0.02224859546 0.5
1671 1681 2.958039892 0.02224859546 0.5
1671 1682 2.958039892 0.02224859546 0.5
1671 1684 3.5 0.033 0.5
1672 1674 2.5 0.015 0.5
1672 1675 2.5 0.015 0.5
1672 1677 2.958039892 0.02224859546 0.5
1673 1674 2.5 0.015 0.5
1673 1675 2.5 0.015 0.5
1673 1677 2.958039892 0.02224859546 0.5
1674 1678 2.958039892 0.02224859546 0.5
1674 1679 2.5 0.015 0.5
1674 1680 2.5 0.015 0.5
1675 1678 2.958039892 0.02224859546 0.5
1675 1679 2.5 0.015 0.5
1675 1680 2.5 0.015 0.5
1677 1685 3.5 0.033 0.5
1677 1686 2.958039892 0.02224859546 0.5
1677 1687 2.958039892 0.02224859546 0.5
1678 1688 2.958039892 0.02224859546 0.5
1678 1689 2.958039892 0.02224859546 0.5
1678 1691 3.5 0.033 0.5
1679 1681 2.5 0.015 0.5
1679 1682 2.5 0.015 0.5
1679 1684 2.958039892 0.02224859546 0.5
1680 1681 2.5 0.015 0.5
1680 1682 2.5 0.015 0.5
1680 1684 2.958039892 0.02224859546 0.5
1681 1685 2.958039892 0.02224859546 0.5
1681 1686 2.5 0.015 0.5
1681 1687 2.5 0.015 0.5
1682 1685 2.958039892 0.02224859546 0.5
1682 1686 2.5 0.015 0.5
1682 1687 2.5 0.015 0.5
1684 1692 3.5 0.033 0.5
1684 1693 2.958039892 0.02224859546 0.5
1684 1694 2.958039892 0.02224859546 0.5
1685 1695 2.958039892 0.02224859546 0.5
1685 1696 2.958039892 0.02224859546 0.5
1685 1698 3.5 0.033 0.5
1686 1688 2.5 0.015 0.5
1686 1689 2.5 0.015 0.5
1686 1691 2.958039892 0.02224859546 0.5
1687 1688 2.5 0.015 0.5
1687 1689 2.5 0.015 0.5
1687 1691 2.958039892 0.02224859546 0.5
1688 1692 2.958039892 0.02224859546 0.5
1688 1693 2.5 0.015 0.5
1688 1694 2.5 0.015 0.5
1689 1692 2.958039892 0.02224859546 0.5
1689 1693 2.5 0.015 0.5
1689 1694 2.5 0.015 0.5
1691 1699 3.5 0.033 0.5
1691 1700 2.958039892 0.02224859546 0.5
1691 1701 2.958039892 0.02224859546 0.5
1692 1702 2.958039892 0.02224859546 0.5
1692 1703 2.958039892 0.02224859546 0.5
1692 1705 3.5 0.033 0.5
1693 1695 2.5 0.015 0.5
1693 1696 2.5 0.015 0.5
1693 1698 2.958039892 0.02224859546 0.5
1694 1695 2.5 0.015 0.5
1694 1696 2.5 0.015 0.5
1694 1698 2.958039892 0.02224859546 0.5
1695 1699 2.958039892 0.02224859546 0.5
1695 1700 2.5 0.015 0.5
1695 1701 2.5 0.015 0.5
1696 1699 2.958039892 0.02224859546 0.5
1696 1700 2.5 0.015 0.5
1696 1701 2.5 0.015 0.5
1698 1706 3.5 0.033 0.5
1698 1707 2.958039892 0.02224859546 0.5
1698 1708 2.958039892 0.02224859546 0.5
1699 1709 2.958039892 0.02224859546 0.5
1699 1710 2.958039892 0.02224859546 0.5
1699 1712 3.5 0.033 0.5
1700 1702 2.5 0.015 0.5
1700 1703 2.5 0.015 0.5
1700 1705 2.958039892 0.02224859546 0.5
1701 1702 2.5 0.015 0.5
1701 1703 2.5 0.015 0.5
1701 1705 2.958039892 0.02224859546 0.5
1702 1706 2.958039892 0.02224859546 0.5
1702 1707 2.5 0.015 0.5
1702 1708 2.5 0.015 0.5
1703 1706 2.958039892 0.02224859546 0.5
1703 1707 2.5 0.015 0.5
1703 1708 2.5 0.015 0.5
1705 1713 3.5 0.033 0.5
1705 1714 2.958039892 0.02224859546 0.5
1705 1715 2.958039892 0.02224859546 0.5
1706 1716 2.958039892 0.02224859546 0.5
1706 1717 2.958039892 0.02224859546 0.5
1706 1719 3.5 0.033 0.5
1707 1709 2.5 0.015 0.5
1707 1710 2.5 0.015 0.5
1707 1712 2.958039892 0.02224859546 0.5
1708 1709 2.5 0.015 0.5
1708 1710 2.5 0.015 0.5
1708 1712 2.958039892 0.02224859546 0.5
1709 1713 2.958039892 0.02224859546 0.5
1709 1714 2.5 0.015 0.5
1709 1715 2.5 0.015 0.5
1710 1713 2.958039892 0.02224859546 0.5
1710 1714 2.5 0.015 0.5
1710 1715 2.5 0.015 0.5
1712 1720 3.5 0.033 0.5
1712 1721 2.958039892 0.02224859546 0.5
1712 1722 2.958039892 0.02224859546 0.5
1713 1723 2.958039892 0.02224859546 0.5
1713 1724 2.958039892 0.02224859546 0.5
1713 1726 3.5 0.033 0.5
1714 1716 2.5 0.015 0.5
1714 1717 2.5 0.015 0.5
1714 1719 2.958039892 0.02224859546 0.5
1715 1716 2.5 0.015 0.5
1715 1717 2.5 0.015 0.5
1715 1719 2.958039892 0.02224859546 0.5
1716 1720 2.958039892 0.02224859546 0.5
1716 1721 2.5 0.015 0.5
1716 1722 2.5 0.015 0.5
1717 1720 2.958039892 0.02224859546 0.5
1717 1721 2.5 0.015 0.5
1717 1722 2.5 0.015 0.5
1719 1727 3.5 0.033 0.5
1719 1728 2.958039892 0.02224859546 0.5
1719 1729 2.958039892 0.02224859546 0.5
1720 1730 2.958039892 0.02224859546 0.5
1720 1731 2.958039892 0.02224859546 0.5
1720 1733 3.5 0.033 0.5
1721 1723 2.5 0.015 0.5
1721 1724 2.5 0.015 0.5
1721 1726 2.958039892 0.02224859546 0.5
1722 1723 2.5 0.015 0.5
1722 1724 2.5 0.015 0.5
1722 1726 2.958039892 0.02224859546 0.5
1723 1727 2.958039892 0.02224859546 0.5
1723 1728 2.5 0.015 0.5
1723 1729 2.5 0.015 0.5
1724 1727 2.958039892 0.02224859546 0.5
1724 1728 2.5 0.015 0.5
1724 1729 2.5 0.015 0.5
1726 1734 3.5 0.033 0.5
1726 1735 2.958039892 0.02224859546 0.5
1726 1736 2.958039892 0.02224859546 0.5
1727 1737 2.958039892 0.02224859546 0.5
1727 1738 2.958039892 0.02224859546 0.5
1727 1740 3.5 0.033 0.5
1728 1730 2.5 0.015 0.5
1728 1731 2.5 0.015 0.5
1728 1733 2.958039892 0.02224859546 0.5
1729 1730 2.5 0.015 0.5
1729 1731 2.5 0.015 0.5
1729 1733 2.958039892 0.02224859546 0.5
1730 1734 2.958039892 0.02224859546 0.5
1730 1735 2.5 0.015 0.5
1730 1736 2.5 0.015 0.5
1731 1734 2.958039892 0.02224859546 0.5
1731 1735 2.5 0.015 0.5
1731 1736 2.5 0.015 0.5
1733 1741 3.5 0.033 0.5
1733 1742 2.958039892 0.02224859546 0.5
1733 1743 2.958039892 0.02224859546 0.5
1734 1744 2.958039892 0.02224859546 0.5
1734 1745 2.958039892 0.02224859546 0.5
1734 1747 3.5 0.033 0.5
1735 1737 2.5 0.015 0.5
1735 1738 2.5 0.015 0.5
1735 1740 2.958039892 0.02224859546 0.5
1736 1737 2.5 0.015 0.5
1736 1738 2.5 0.015 0.5
1736 1740 2.958039892 0.02224859546 0.5
1737 1741 2.958039892 0.02224859546 0.5
1737 1742 2.5 0.015 0.5
1737 1743 2.5 0.015 0.5
1738 1741 2.958039892 0.02224859546 0.5
1738 1742 2.5 0.015 0.5
1738 1743 2.5 0.015 0.5
1740 1748 3.5 0.033 0.5
1740 1749 2.958039892 0.02224859546 0.5
1740 1750 2.958039892 0.02224859546 0.5
1741 1751 2.958039892 0.02224859546 0.5
1741 1752 2.958039892 0.02224859546 0.5
1741 1754 3.5 0.033 0.5
1742 1744 2.5 0.015 0.5
1742 1745 2.5 0.015 0.5
1742 1747 2.958039892 0.02224859546 0.5
1743 1744 2.5 0.015 0.5
1743 1745 2.5 0.015 0.5
1743 1747 2.958039892 0.02224859546 0.5
1744 1748 2.958039892 0.02224859546 0.5
1744 1749 2.5 0.015 0.5
1744 1750 2.5 0.015 0.5
1745 1748 2.958039892 0.02224859546 0.5
1745 1749 2.5 0.015 0.5
1745 1750 2.5 0.015 0.5
1747 1755 3.5 0.033 0.5
1747 1756 2.958039892 0.02224859546 0.5
1747 1757 2.958039892 0.02224859546 0.5
1748 1758 2.958039892 0.02224859546 0.5
1748 1759 2.958039892 0.02224859546 0.5
1748 1760 2.958039892 0.02224859546 0.5
1749 1751 2.5 0.015 0.5
1749 1752 2.5 0.015 0.5
1749 1754 2.958039892 0.02224859546 0.5
1750 1751 2.5 0.015 0.5
1750 1752 2.5 0.015 0.5
1750 1754 2.958039892 0.02224859546 0.5
1751 1755 2.958039892 0.02224859546 0.5
1751 1756 2.5 0.015 0.5
1751 1757 2.5 0.015 0.5
1752 1755 2.958039892 0.02224859546 0.5
1752 1756 2.5 0.015 0.5
1752 1757 2.5 0.015 0.5
1756 1758 2.5 0.015 0.5
1756 1759 2.5 0.015 0.5
1756 1760 2.5 0.015 0.5
1757 1758 2.5 0.015 0.5
1757 1759 2.5 0.015 0.5
1757 1760 2.5 0.015 0.5
1762 1774 2.958039892 0.02224859546 0.5
1762 1775 2.958039892 0.02224859546 0.5
1762 1777 3.5 0.033 0.5
1763 1771 3.5 0.033 0.5
1763 1772 2.958039892 0.02224859546 0.5
1763 1773 2.958039892 0.02224859546 0.5
1764 1766 2.5 0.015 0.5
1764 1767 2.5 0.015 0.5
1764 1768 2.5 0.015 0.5
1764 1771 2.958039892 0.02224859546 0.5
1764 1772 2.5 0.015 0.5
1764 1773 2.5 0.015 0.5
1765 1766 2.5 0.015 0.5
1765 1767 2.5 0.015 0.5
1765 1768 2.5 0.015 0.5
1765 1771 2.958039892 0.02224859546 0.5
1765 1772 2.5 0.015 0.5
1765 1773 2.5 0.015 0.5
1766 1770 2.958039892 0.02224859546 0.5
1767 1770 2.958039892 0.02224859546 0.5
1768 1770 2.958039892 0.02224859546 0.5
1770 1778 3.5 0.033 0.5
1770 1779 2.958039892 0.02224859546 0.5
1770 1780 2.958039892 0.02224859546 0.5
1771 1781 2.958039892 0.02224859546 0.5
1771 1782 2.958039892 0.02224859546 0.5
1771 1784 3.5 0.033 0.5
1772 1774 2.5 0.015 0.5
1772 1775 2.5 0.015 0.5
1772 1777 2.958039892 0.02224859546 0.5
1773 1774 2.5 0.015 0.5
1773 1775 2.5 0.015 0.5
1773 1777 2.958039892 0.02224859546 0.5
1774 1778 2.958039892 0.02224859546 0.5
1774 1779 2.5 0.015 0.5
1774 1780 2.5 0.015 0.5
1775 1778 2.958039892 0.02224859546 0.5
1775 1779 2.5 0.015 0.5
1775 1780 2.5 0.015 0.5
1777 1785 3.5 0.033 0.5
1777 1786 2.958039892 0.02224859546 0.5
1777 1787 2.958039892 0.02224859546 0.5
1778 1788 2.958039892 0.02224859546 0.5
1778 1789 2.958039892 0.02224859546 0.5
1778 1791 3.5 0.033 0.5
1779 1781 2.5 0.015 0.5
1779 1782 2.5 0.015 0.5
1779 1784 2.958039892 0.02224859546 0.5
1780 1781 2.5 0.015 0.5
1780 1782 2.5 0.015 0.5
1780 1784 2.958039892 0.02224859546 0.5
1781 1785 2.958039892 0.02224859546 0.5
1781 1786 2.5 0.015 0.5
1781 1787 2.5 0.015 0.5
1782 1785 2.958039892 0.02224859546 0.5
1782 1786 2.5 0.015 0.5
1782 1787 2.5 0.015 0.5
1784 1792 3.5 0.033 0.5
1784 1793 2.958039892 0.02224859546 0.5
1784 1794 2.958039892 0.02224859546 0.5
1785 1795 2.958039892 0.02224859546 0.5
1785 1796 2.958039892 0.02224859546 0.5
1785 1798 3.5 0.033 0.5
1786 1788 2.5 0.015 0.5
1786 1789 2.5 0.015 0.5
1786 1791 2.958039892 0.02224859546 0.5
1787 1788 2.5 0.015 0.5
1787 1789 2.5 0.015 0.5
1787 1791 2.958039892 0.02224859546 0.5
1788 1792 2.958039892 0.02224859546 0.5
1788 1793 2.5 0.015 0.5
1788 1794 2.5 0.015 0.5
1789 1792 2.958039892 0.02224859546 0.5
1789 1793 2.5 0.015 0.5
1789 1794 2.5 0.015 0.5
1791 1799 3.5 0.033 0.5
1791 1800 2.958039892 0.02224859546 0.5
1791 1801 2.958039892 0.02224859546 0.5
1792 1802 2.958039892 0.02224859546 0.5
1792 1803 2.958039892 0.02224859546 0.5
1792 1805 3.5 0.033 0.5
1793 1795 2.5 0.015 0.5
1793 1796 2.5 0.015 0.5
1793 1798 2.958039892 0.02224859546 0.5
1794 1795 2.5 0.015 0.5
1794 1796 2.5 0.015 0.5
1794 1798 2.958039892 0.02224859546 0.5
1795 1799 2.958039892 0.02224859546 0.5
1795 1800 2.5 0.015 0.5
1795 1801 2.5 0.015 0.5
1796 1799 2.958039892 0.02224859546 0.5
1796 1800 2.5 0.015 0.5
1796 1801 2.5 0.015 0.5
1798 1806 3.5 0.033 0.5
1798 1807 2.958039892 0.02224859546 0.5
1798 1808 2.958039892 0.02224859546 0.5
1799 1809 2.958039892 0.02224859546 0.5
1799 1810 2.958039892 0.02224859546 0.5
1799 1812 3.5 0.033 0.5
1800 1802 2.5 0.015 0.5
1800 1803 2.5 0.015 0.5
1800 1805 2.958039892 0.02224859546 0.5
1801 1802 2.5 0.015 0.5
1801 1803 2.5 0.015 0.5
1801 1805 2.958039892 0.02224859546 0.5
1802 1806 2.958039892 0.02224859546 0.5
1802 1807 2.5 0.015 0.5
1802 1808 2.5 0.015 0.5
1803 1806 2.958039892 0.02224859546 0.5
1803 1807 2.5 0.015 0.5
1803 1808 2.5 0.015 0.5
1805 1813 3.5 0.033 0.5
1805 1814 2.958039892 0.02224859546 0.5
1805 1815 2.958039892 0.02224859546 0.5
1806 1816 2.958039892 0.02224859546 0.5
1806 1817 2.958039892 0.02224859546 0.5
1806 1819 3.5 0.033 0.5
1807 1809 2.5 0.015 0.5
1807 1810 2.5 0.015 0.5
1807 1812 2.958039892 0.02224859546 0.5
1808 1809 2.5 0.015 0.5
1808 1810 2.5 0.015 0.5
1808 1812 2.958039892 0.02224859546 0.5
1809 1813 2.958039892 0.02224859546 0.5
1809 1814 2.5 0.015 0.5
1809 1815 2.5 0.015 0.5
1810 1813 2.958039892 0.02224859546 0.5
1810 1814 2.5 0.015 0.5
1810 1815 2.5 0.015 0.5
1812 1820 3.5 0.033 0.5
1812 1821 2.958039892 0.02224859546 0.5
1812 1822 2.958039892 0.02224859546 0.5
1813 1823 2.958039892 0.02224859546 0.5
1813 1824 2.958039892 0.02224859546 0.5
1813 1826 3.5 0.033 0.5
1814 1816 2.5 0.015 0.5
1814 1817 2.5 0.015 0.5
1814 1819 2.958039892 0.02224859546 0.5
1815 1816 2.5 0.015 0.5
1815 1817 2.5 0.015 0.5
1815 1819 2.958039892 0.02224859546 0.5
1816 1820 2.958039892 0.02224859546 0.5
1816 1821 2.5 0.015 0.5
1816 1822 2.5 0.015 0.5
1817 1820 2.958039892 0.02224859546 0.5
1817 1821 2.5 0.015 0.5
1817 1822 2.5 0.015 0.5
1819 1827 3.5 0.033 0.5
1819 1828 2.958039892 0.02224859546 0.5
1819 1829 2.958039892 0.02224859546 0.5
1820 1830 2.958039892 0.02224859546 0.5
1820 1831 2.958039892 0.02224859546 0.5
1820 1833 3.5 0.033 0.5
1821 1823 2.5 0.015 0.5
1821 1824 2.5 0.015 0.5
1821 1826 2.958039892 0.02224859546 0.5
1822 1823 2.5 0.015 0.5
1822 1824 2.5 0.015 0.5
1822 1826 2.958039892 0.02224859546 0.5
1823 1827 2.958039892 0.02224859546 0.5
1823 1828 2.5 0.015 0.5
1823 1829 2.5 0.015 0.5
1824 1827 2.958039892 0.02224859546 0.5
1824 1828 2.5 0.015 0.5
1824 1829 2.5 0.015 0.5
1826 1834 3.5 0.033 0.5
1826 1835 2.958039892 0.02224859546 0.5
1826 1836 2.958039892 0.02224859546 0.5
1827 1837 2.958039892 0.02224859546 0.5
1827 1838 2.958039892 0.02224859546 0.5
1827 1840 3.5 0.033 0.5
1828 1830 2.5 0.015 0.5
1828 1831 2.5 0.015 0.5
1828 1833 2.958039892 0.02224859546 0.5
1829 1830 2.5 0.015 0.5
1829 1831 2.5 0.015 0.5
1829 1833 2.958039892 0.02224859546 0.5
1830 1834 2.958039892 0.02224859546 0.5
1830 1835 2.5 0.015 0.5
1830 1836 2.5 0.015 0.5
1831 1834 2.958039892 0.02224859546 0.5
1831 1835 2.5 0.015 0.5
1831 1836 2.5 0.015 0.5
1833 1841 3.5 0.033 0.5
1833 1842 2.958039892 0.02224859546 0.5
1833 1843 2.958039892 0.02224859546 0.5
1834 1844 2.958039892 0.02224859546 0.5
1834 1845 2.958039892 0.02224859546 0.5
1834 1847 3.5 0.033 0.5
1835 1837 2.5 0.015 0.5
1835 1838 2.5 0.015 0.5
1835 1840 2.958039892 0.02224859546 0.5
1836 1837 2.5 0.015 0.5
1836 1838 2.5 0.015 0.5
1836 1840 2.958039892 0.02224859546 0.5
1837 1841 2.958039892 0.02224859546 0.5
1837 1842 2.5 0.015 0.5
1837 1843 2.5 0.015 0.5
1838 1841 2.958039892 0.02224859546 0.5
1838 1842 2.5 0.015 0.5
1838 1843 2.5 0.015 0.5
1840 1848 3.5 0.033 0.5
1840 1849 2.958039892 0.02224859546 0.5
1840 1850 2.958039892 0.02224859546 0.5
1841 1851 2.958039892 0.02224859546 0.5
1841 1852 2.958039892 0.02224859546 0.5
1841 1854 3.5 0.033 0.5
1842 1844 2.5 0.015 0.5
1842 1845 2.5 0.015 0.5
1842 1847 2.958039892 0.02224859546 0.5
1843 1844 2.5 0.015 0.5
1843 1845 2.5 0.015 0.5
1843 1847 2.958039892 0.02224859546 0.5
1844 1848 2.958039892 0.02224859546 0.5
1844 1849 2.5 0.015 0.5
1844 1850 2.5 0.015 0.5
1845 1848 2.958039892 0.02224859546 0.5
1845 1849 2.5 0.015 0.5
1845 1850 2.5 0.015 0.5
1847 1855 3.5 0.033 0.5
1847 1856 2.958039892 0.02224859546 0.5
1847 1857 2.958039892 0.02224859546 0.5
1848 1858 2.958039892 0.02224859546 0.5
1848 1859 2.958039892 0.02224859546 0.5
1848 1861 3.5 0.033 0.5
1849 1851 2.5 0.015 0.5
1849 1852 2.5 0.015 0.5
1849 1854 2.958039892 0.02224859546 0.5
1850 1851 2.5 0.015 0.5
1850 1852 2.5 0.015 0.5
1850 1854 2.958039892 0.02224859546 0.5
1851 1855 2.958039892 0.02224859546 0.5
1851 1856 2.5 0.015 0.5
1851 1857 2.5 0.015 0.5
1852 1855 2.958039892 0.02224859546 0.5
1852 1856 2.5 0.015 0.5
1852 1857 2.5 0.015 0.5
1854 1862 3.5 0.033 0.5
1854 1863 2.958039892 0.02224859546 0.5
1854 1864 2.958039892 0.02224859546 0.5
1855 1865 2.958039892 0.02224859546 0.5
1855 1866 2.958039892 0.02224859546 0.5
1855 1868 3.5 0.033 0.5
1856 1858 2.5 0.015 0.5
1856 1859 2.5 0.015 0.5
1856 1861 2.958039892 0.02224859546 0.5
1857 1858 2.5 0.015 0.5
1857 1859 2.5 0.015 0.5
1857 1861 2.958039892 0.02224859546 0.5
1858 1862 2.958039892 0.02224859546 0.5
1858 1863 2.5 0.015 0.5
1858 1864 2.5 0.015 0.5
1859 1862 2.958039892 0.02224859546 0.5
1859 1863 2.5 0.015 0.5
1859 1864 2.5 0.015 0.5
1861 1869 3.5 0.033 0.5
1861 1870 2.958039892 0.02224859546 0.5
1861 1871 2.958039892 0.02224859546 0.5
1862 1872 2.958039892 0.02224859546 0.5
1862 1873 2.958039892 0.02224859546 0.5
1862 1875 3.5 0.033 0.5
1863 1865 2.5 0.015 0.5
1863 1866 2.5 0.015 0.5
1863 1868 2.958039892 0.02224859546 0.5
1864 1865 2.5 0.015 0.5
1864 1866 2.5 0.015 0.5
1864 1868 2.958039892 0.02224859546 0.5
1865 1869 2.958039892 0.02224859546 0.5
1865 1870 2.5 0.015 0.5
1865 1871 2.5 0.015 0.5
1866 1869 2.958039892 0.02224859546 0.5
1866 1870 2.5 0.015 0.5
1866 1871 2.5 0.015 0.5
1868 1876 3.5 0.033 0.5
1868 1877 2.958039892 0.02224859546 0.5
1868 1878 2.958039892 0.02224859546 0.5
1869 1879 2.958039892 0.02224859546 0.5
1869 1880 2.958039892 0.02224859546 0.5
1869 1882 3.5 0.033 0.5
1870 1872 2.5 0.015 0.5
1870 1873 2.5 0.015 0.5
1870 1875 2.958039892 0.02224859546 0.5
1871 1872 2.5 0.015 0.5
1871 1873 2.5 0.015 0.5
1871 1875 2.958039892 0.02224859546 0.5
1872 1876 2.958039892 0.02224859546 0.5
1872 1877 2.5 0.015 0.5
1872 1878 2.5 0.015 0.5
1873 1876 2.958039892 0.02224859546 0.5
1873 1877 2.5 0.015 0.5
1873 1878 2.5 0.015 0.5
1875 1883 3.5 0.033 0.5
1875 1884 2.958039892 0.02224859546 0.5
1875 1885 2.958039892 0.02224859546 0.5
1876 1886 2.958039892 0.02224859546 0.5
1876 1887 2.958039892 0.02224859546 0.5
1876 1889 3.5 0.033 0.5
1877 1879 2.5 0.015 0.5
1877 1880 2.5 0.015 0.5
1877 1882 2.958039892 0.02224859546 0.5
1878 1879 2.5 0.015 0.5
1878 1880 2.5 0.015 0.5
1878 1882 2.958039892 0.02224859546 0.5
1879 1883 2.958039892 0.02224859546 0.5
1879 1884 2.5 0.015 0.5
1879 1885 2.5 0.015 0.5
1880 1883 2.958039892 0.02224859546 0.5
1880 1884 2.5 0.015 0.5
1880 1885 2.5 0.015 0.5
1882 1890 3.5 0.033 0.5
1882 1891 2.958039892 0.02224859546 0.5
1882 1892 2.958039892 0.02224859546 0.5
1883 1893 2.958039892 0.02224859546 0.5
1883 1894 2.958039892 0.02224859546 0.5
1883 1896 3.5 0.033 0.5
1884 1886 2.5 0.015 0.5
1884 1887 2.5 0.015 0.5
1884 1889 2.958039892 0.02224859546 0.5
1885 1886 2.5 0.015 0.5
1885 1887 2.5 0.015 0.5
1885 1889 2.958039892 0.02224859546 0.5
1886 1890 2.958039892 0.02224859546 0.5
1886 1891 2.5 0.015 0.5
1886 1892 2.5 0.015 0.5
1887 1890 2.958039892 0.02224859546 0.5
1887 1891 2.5 0.015 0.5
1887 1892 2.5 0.015 0.5
1889 1897 3.5 0.033 0.5
1889 1898 2.958039892 0.02224859546 0.5
1889 1899 2.958039892 0.02224859546 0.5
1890 1900 2.958039892 0.02224859546 0.5
1890 1901 2.958039892 0.02224859546 0.5
1890 1903 3.5 0.033 0.5
1891 1893 2.5 0.015 0.5
1891 1894 2.5 0.015 0.5
1891 1896 2.958039892 0.02224859546 0.5
1892 1893 2.5 0.015 0.5
1892 1894 2.5 0.015 0.5
1892 1896 2.958039892 0.02224859546 0.5
1893 1897 2.958039892 0.02224859546 0.5
1893 1898 2.5 0.015 0.5
1893 1899 2.5 0.015 0.5
1894 1897 2.958039892 0.02224859546 0.5
1894 1898 2.5 0.015 0.5
1894 1899 2.5 0.015 0.5
1896 1904 3.5 0.033 0.5
1896 1905 2.958039892 0.02224859546 0.5
1896 1906 2.958039892 0.02224859546 0.5
1897 1907 2.958039892 0.02224859546 0.5
1897 1908 2.958039892 0.02224859546 0.5
1897 1910 3.5 0.033 0.5
1898 1900 2.5 0.015 0.5
1898 1901 2.5 0.015 0.5
1898 1903 2.958039892 0.02224859546 0.5
1899 1900 2.5 0.015 0.5
1899 1901 2.5 0.015 0.5
1899 1903 2.958039892 0.02224859546 0.5
1900 1904 2.958039892 0.02224859546 0.5
1900 1905 2.5 0.015 0.5
1900 1906 2.5 0.015 0.5
1901 1904 2.958039892 0.02224859546 0.5
1901 1905 2.5 0.015 0.5
1901 1906 2.5 0.015 0.5
1903 1911 3.5 0.033 0.5
1903 1912 2.958039892 0.02224859546 0.5
1903 1913 2.958039892 0.02224859546 0.5
1904 1914 2.958039892 0.02224859546 0.5
1904 1915 2.958039892 0.02224859546 0.5
1904 1917 3.5 0.033 0.5
1905 1907 2.5 0.015 0.5
1905 1908 2.5 0.015 0.5
1905 1910 2.958039892 0.02224859546 0.5
1906 1907 2.5 0.015 0.5
1906 1908 2.5 0.015 0.5
1906 1910 2.958039892 0.02224859546 0.5
1907 1911 2.958039892 0.02224859546 0.5
1907 1912 2.5 0.015 0.5
1907 1913 2.5 0.015 0.5
1908 1911 2.958039892 0.02224859546 0.5
1908 1912 2.5 0.015 0.5
1908 1913 2.5 0.015 0.5
1910 1918 3.5 0.033 0.5
1910 1919 2.958039892 0.02224859546 0.5
1910 1920 2.958039892 0.02224859546 0.5
1911 1921 2.958039892 0.02224859546 0.5
1911 1922 2.958039892 0.02224859546 0.5
1911 1924 3.5 0.033 0.5
1912 1914 2.5 0.015 0.5
1912 1915 2.5 0.015 0.5
1912 1917 2.958039892 0.02224859546 0.5
1913 1914 2.5 0.015 0.5
1913 1915 2.5 0.015 0.5
1913 1917 2.958039892 0.02224859546 0.5
1914 1918 2.958039892 0.02224859546 0.5
1914 1919 2.5 0.015 0.5
1914 1920 2.5 0.015 0.5
1915 1918 2.958039892 0.02224859546 0.5
1915 1919 2.5 0.015 0.5
1915 1920 2.5 0.015 0.5
1917 1925 3.5 0.033 0.5
1917 1926 2.958039892 0.02224859546 0.5
1917 1927 2.958039892 0.02224859546 0.5
1918 1928 2.958039892 0.02224859546 0.5
1918 1929 2.958039892 0.02224859546 0.5
1918 1931 3.5 0.033 0.5
1919 1921 2.5 0.015 0.5
1919 1922 2.5 0.015 0.5
1919 1924 2.958039892 0.02224859546 0.5
1920 1921 2.5 0.015 0.5
1920 1922 2.5 0.015 0.5
1920 1924 2.958039892 0.02224859546 0.5
1921 1925 2.958039892 0.02224859546 0.5
1921 1926 2.5 0.015 0.5
1921 1927 2.5 0.015 0.5
1922 1925 2.958039892 0.02224859546 0.5
1922 1926 2.5 0.015 0.5
1922 1927 2.5 0.015 0.5
1924 1932 3.5 0.033 0.5
1924 1933 2.958039892 0.02224859546 0.5
1924 1934 2.958039892 0.02224859546 0.5
1925 1935 2.958039892 0.02224859546 0.5
1925 1936 2.958039892 0.02224859546 0.5
1925 1938 3.5 0.033 0.5
1926 1928 2.5 0.015 0.5
1926 1929 2.5 0.015 0.5
1926 1931 2.958039892 0.02224859546 0.5
1927 1928 2.5 0.015 0.5
1927 1929 2.5 0.015 0.5
1927 1931 2.958039892 0.02224859546 0.5
1928 1932 2.958039892 0.02224859546 0.5
1928 1933 2.5 0.015 0.5
1928 1934 2.5 0.015 0.5
1929 1932 2.958039892 0.02224859546 0.5
1929 1933 2.5 0.015 0.5
1929 1934 2.5 0.015 0.5
1931 1939 3.5 0.033 0.5
1931 1940 2.958039892 0.02224859546 0.5
1931 1941 2.958039892 0.02224859546 0.5
1932 1942 2.958039892 0.02224859546 0.5
1932 1943 2.958039892 0.02224859546 0.5
1932 1945 3.5 0.033 0.5
1933 1935 2.5 0.015 0.5
1933 1936 2.5 0.015 0.5
1933 1938 2.958039892 0.02224859546 0.5
1934 1935 2.5 0.015 0.5
1934 1936 2.5 0.015 0.5
1934 1938 2.958039892 0.02224859546 0.5
1935 1939 2.958039892 0.02224859546 0.5
1935 1940 2.5 0.015 0.5
1935 1941 2.5 0.015 0.5
1936 1939 2.958039892 0.02224859546 0.5
1936 1940 2.5 0.015 0.5
1936 1941 2.5 0.015 0.5
1938 1946 3.5 0.033 0.5
1938 1947 2.958039892 0.02224859546 0.5
1938 1948 2.958039892 0.02224859546 0.5
1939 1949 2.958039892 0.02224859546 0.5
1939 1950 2.958039892 0.02224859546 0.5
1939 1952 3.5 0.033 0.5
1940 1942 2.5 0.015 0.5
1940 1943 2.5 0.015 0.5
1940 1945 2.958039892 0.02224859546 0.5
1941 1942 2.5 0.015 0.5
1941 1943 2.5 0.015 0.5
1941 1945 2.958039892 0.02224859546 0.5
1942 1946 2.958039892 0.02224859546 0.5
1942 1947 2.5 0.015 0.5
1942 1948 2.5 0.015 0.5
1943 1946 2.958039892 0.02224859546 0.5
1943 1947 2.5 0.015 0.5
1943 1948 2.5 0.015 0.5
1945 1953 3.5 0.033 0.5
1945 1954 2.958039892 0.02224859546 0.5
1945 1955 2.958039892 0.02224859546 0.5
1946 1956 2.958039892 0.02224859546 0.5
1946 1957 2.958039892 0.02224859546 0.5
1946 1959 3.5 0.033 0.5
1947 1949 2.5 0.015 0.5
1947 1950 2.5 0.015 0.5
1947 1952 2.958039892 0.02224859546 0.5
1948 1949 2.5 0.015 0.5
1948 1950 2.5 0.015 0.5
1948 1952 2.958039892 0.02224859546 0.5
1949 1953 2.958039892 0.02224859546 0.5
1949 1954 2.5 0.015 0.5
1949 1955 2.5 0.015 0.5
1950 1953 2.958039892 0.02224859546 0.5
1950 1954 2.5 0.015 0.5
1950 1955 2.5 0.015 0.5
1952 1960 3.5 0.033 0.5
1952 1961 2.958039892 0.02224859546 0.5
1952 1962 2.958039892 0.02224859546 0.5
1953 1963 2.958039892 0.02224859546 0.5
1953 1964 2.958039892 0.02224859546 0.5
1953 1966 3.5 0.033 0.5
1954 1956 2.5 0.015 0.5
1954 1957 2.5 0.015 0.5
1954 1959 2.958039892 0.02224859546 0.5
1955 1956 2.5 0.015 0.5
1955 1957 2.5 0.015 0.5
1955 1959 2.958039892 0.02224859546 0.5
1956 1960 2.958039892 0.02224859546 0.5
1956 1961 2.5 0.015 0.5
1956 1962 2.5 0.015 0.5
1957 1960 2.958039892 0.02224859546 0.5
1957 1961 2.5 0.015 0.5
1957 1962 2.5 0.015 0.5
1959 1967 3.5 0.033 0.5
1959 1968 2.958039892 0.02224859546 0.5
1959 1969 2.958039892 0.02224859546 0.5
1960 1970 2.958039892 0.02224859546 0.5
1960 1971 2.958039892 0.02224859546 0.5
1960 1973 3.5 0.033 0.5
1961 1963 2.5 0.015 0.5
1961 1964 2.5 0.015 0.5
1961 1966 2.958039892 0.02224859546 0.5
1962 1963 2.5 0.015 0.5
1962 1964 2.5 0.015 0.5
1962 1966 2.958039892 0.02224859546 0.5
1963 1967 2.958039892 0.02224859546 0.5
1963 1968 2.5 0.015 0.5
1963 1969 2.5 0.015 0.5
1964 1967 2.958039892 0.02224859546 0.5
1964 1968 2.5 0.015 0.5
1964 1969 2.5 0.015 0.5
1966 1974 3.5 0.033 0.5
1966 1975 2.958039892 0.02224859546 0.5
1966 1976 2.958039892 0.02224859546 0.5
1967 1977 2.958039892 0.02224859546 0.5
1967 1978 2.958039892 0.02224859546 0.5
1967 1980 3.5 0.033 0.5
1968 1970 2.5 0.015 0.5
1968 1971 2.5 0.015 0.5
1968 1973 2.958039892 0.02224859546 0.5
1969 1970 2.5 0.015 0.5
1969 1971 2.5 0.015 0.5
1969 1973 2.958039892 0.02224859546 0.5
1970 1974 2.958039892 0.02224859546 0.5
1970 1975 2.5 0.015 0.5
1970 1976 2.5 0.015 0.5
1971 1974 2.958039892 0.02224859546 0.5
1971 1975 2.5 0.015 0.5
1971 1976 2.5 0.015 0.5
1973 1981 3.5 0.033 0.5
1973 1982 2.958039892 0.02224859546 0.5
1973 1983 2.958039892 0.02224859546 0.5
1974 1984 2.958039892 0.02224859546 0.5
1974 1985 2.958039892 0.02224859546 0.5
1974 1987 3.5 0.033 0.5
1975 1977 2.5 0.015 0.5
1975 1978 2.5 0.015 0.5
1975 1980 2.958039892 0.02224859546 0.5
1976 1977 2.5 0.015 0.5
1976 1978 2.5 0.015 0.5
1976 1980 2.958039892 0.02224859546 0.5
1977 1981 2.958039892 0.02224859546 0.5
1977 1982 2.5 0.015 0.5
1977 1983 2.5 0.015 0.5
1978 1981 2.958039892 0.02224859546 0.5
1978 1982 2.5 0.015 0.5
1978 1983 2.5 0.015 0.5
1980 1988 3.5 0.033 0.5
1980 1989 2.958039892 0.02224859546 0.5
1980 1990 2.958039892 0.02224859546 0.5
1981 1991 2.958039892 0.02224859546 0.5
1981 1992 2.958039892 0.02224859546 0.5
1981 1994 3.5 0.033 0.5
1982 1984 2.5 0.015 0.5
1982 1985 2.5 0.015 0.5
1982 1987 2.958039892 0.02224859546 0.5
1983 1984 2.5 0.015 0.5
1983 1985 2.5 0.015 0.5
1983 1987 2.958039892 0.02224859546 0.5
1984 1988 2.958039892 0.02224859546 0.5
1984 1989 2.5 0.015 0.5
1984 1990 2.5 0.015 0.5
1985 1988 2.958039892 0.02224859546 0.5
1985 1989 2.5 0.015 0.5
1985 1990 2.5 0.015 0.5
1987 1995 3.5 0.033 0.5
1987 1996 2.958039892 0.02224859546 0.5
1987 1997 2.958039892 0.02224859546 0.5
1988 1998 2.958039892 0.02224859546 0.5
1988 1999 2.958039892 0.02224859546 0.5
1988 2001 3.5 0.033 0.5
1989 1991 2.5 0.015 0.5
1989 1992 2.5 0.015 0.5
1989 1994 2.958039892 0.02224859546 0.5
1990 1991 2.5 0.015 0.5
1990 1992 2.5 0.015 0.5
1990 1994 2.958039892 0.02224859546 0.5
1991 1995 2.958039892 0.02224859546 0.5
1991 1996 2.5 0.015 0.5
1991 1997 2.5 0.015 0.5
1992 1995 2.958039892 0.02224859546 0.5
1992 1996 2.5 0.015 0.5
1992 1997 2.5 0.015 0.5
1994 2002 3.5 0.033 0.5
1994 2003 2.958039892 0.02224859546 0.5
1994 2004 2.958039892 0.02224859546 0.5
1995 2005 2.958039892 0.02224859546 0.5
1995 2006 2.958039892 0.02224859546 0.5
1995 2008 3.5 0.033 0.5
1996 1998 2.5 0.015 0.5
1996 1999 2.5 0.015 0.5
1996 2001 2.958039892 0.02224859546 0.5
1997 1998 2.5 0.015 0.5
1997 1999 2.5 0.015 0.5
1997 2001 2.958039892 0.02224859546 0.5
1998 2002 2.958039892 0.02224859546 0.5
1998 2003 2.5 0.015 0.5
1998 2004 2.5 0.015 0.5
1999 2002 2.958039892 0.02224859546 0.5
1999 2003 2.5 0.015 0.5
1999 2004 2.5 0.015 0.5
2001 2009 3.5 0.033 0.5
2001 2010 2.958039892 0.02224859546 0.5
2001 2011 2.958039892 0.02224859546 0.5
2002 2012 2.958039892 0.02224859546 0.5
2002 2013 2.958039892 0.02224859546 0.5
2002 2015 3.5 0.033 0.5
2003 2005 2.5 0.015 0.5
2003 2006 2.5 0.015 0.5
2003 2008 2.958039892 0.02224859546 0.5
2004 2005 2.5 0.015 0.5
2004 2006 2.5 0.015 0.5
2004 2008 2.958039892 0.02224859546 0.5
2005 2009 2.958039892 0.02224859546 0.5
2005 2010 2.5 0.015 0.5
2005 2011 2.5 0.015 0.5
2006 2009 2.958039892 0.02224859546 0.5
2006 2010 2.5 0.015 0.5
2006 2011 2.5 0.015 0.5
2008 2016 3.5 0.033 0.5
2008 2017 2.958039892 0.02224859546 0.5
2008 2018 2.958039892 0.02224859546 0.5
2009 2019 2.958039892 0.02224859546 0.5
2009 2020 2.958039892 0.02224859546 0.5
2009 2022 3.5 0.033 0.5
2010 2012 2.5 0.015 0.5
2010 2013 2.5 0.015 0.5
2010 2015 2.958039892 0.02224859546 0.5
2011 2012 2.5 0.015 0.5
2011 2013 2.5 0.015 0.5
2011 2015 2.958039892 0.02224859546 0.5
2012 2016 2.958039892 0.02224859546 0.5
2012 2017 2.5 0.015 0.5
2012 2018 2.5 0.015 0.5
2013 2016 2.958039892 0.02224859546 0.5
2013 2017 2.5 0.015 0.5
2013 2018 2.5 0.015 0.5
2015 2023 3.5 0.033 0.5
2015 2024 2.958039892 0.02224859546 0.5
2015 2025 2.958039892 0.02224859546 0.5
2016 2026 2.958039892 0.02224859546 0.5
2016 2027 2.958039892 0.02224859546 0.5
2016 2029 3.5 0.033 0.5
2017 2019 2.5 0.015 0.5
2017 2020 2.5 0.015 0.5
2017 2022 2.958039892 0.02224859546 0.5
2018 2019 2.5 0.015 0.5
2018 2020 2.5 0.015 0.5
2018 2022 2.958039892 0.02224859546 0.5
2019 2023 2.958039892 0.02224859546 0.5
2019 2024 2.5 0.015 0.5
2019 2025 2.5 0.015 0.5
2020 2023 2.958039892 0.02224859546 0.5
2020 2024 2.5 0.015 0.5
2020 2025 2.5 0.015 0.5
2022 2030 3.5 0.033 0.5
2022 2031 2.958039892 0.02224859546 0.5
2022 2032 2.958039892 0.02224859546 0.5
2023 2033 2.958039892 0.02224859546 0.5
2023 2034 2.958039892 0.02224859546 0.5
2023 2036 3.5 0.033 0.5
2024 2026 2.5 0.015 0.5
2024 2027 2.5 0.015 0.5
2024 2029 2.958039892 0.02224859546 0.5
2025 2026 2.5 0.015 0.5
2025 2027 2.5 0.015 0.5
2025 2029 2.958039892 0.02224859546 0.5
2026 2030 2.958039892 0.02224859546 0.5
2026 2031 2.5 0.015 0.5
2026 2032 2.5 0.015 0.5
2027 2030 2.958039892 0.02224859546 0.5
2027 2031 2.5 0.015 0.5
2027 2032 2.5 0.015 0.5
2029 2037 3.5 0.033 0.5
2029 2038 2.958039892 0.02224859546 0.5
2029 2039 2.958039892 0.02224859546 0.5
2030 2040 2.958039892 0.02224859546 0.5
2030 2041 2.958039892 0.02224859546 0.5
2030 2043 3.5 0.033 0.5
2031 2033 2.5 0.015 0.5
2031 2034 2.5 0.015 0.5
2031 2036 2.958039892 0.02224859546 0.5
2032 2033 2.5 0.015 0.5
2032 2034 2.5 0.015 0.5
2032 2036 2.958039892 0.02224859546 0.5
2033 2037 2.958039892 0.02224859546 0.5
2033 2038 2.5 0.015 0.5
2033 2039 2.5 0.015 0.5
2034 2037 2.958039892 0.02224859546 0.5
2034 2038 2.5 0.015 0.5
2034 2039 2.5 0.015 0.5
2036 2044 3.5 0.033 0.5
2036 2045 2.958039892 0.02224859546 0.5
2036 2046 2.958039892 0.02224859546 0.5
2037 2047 2.958039892 0.02224859546 0.5
2037 2048 2.958039892 0.02224859546 0.5
2037 2050 3.5 0.033 0.5
2038 2040 2.5 0.015 0.5
2038 2041 2.5 0.015 0.5
2038 2043 2.958039892 0.02224859546 0.5
2039 2040 2.5 0.015 0.5
2039 2041 2.5 0.015 0.5
2039 2043 2.958039892 0.02224859546 0.5
2040 2044 2.958039892 0.02224859546 0.5
2040 2045 2.5 0.015 0.5
2040 2046 2.5 0.015 0.5
2041 2044 2.958039892 0.02224859546 0.5
2041 2045 2.5 0.015 0.5
2041 2046 2.5 0.015 0.5
2043 2051 3.5 0.033 0.5
2043 2052 2.958039892 0.02224859546 0.5
2043 2053 2.958039892 0.02224859546 0.5
2044 2054 2.958039892 0.02224859546 0.5
2044 2055 2.958039892 0.02224859546 0.5
2044 2057 3.5 0.033 0.5
2045 2047 2.5 0.015 0.5
2045 2048 2.5 0.015 0.5
2045 2050 2.958039892 0.02224859546 0.5
2046 2047 2.5 0.015 0.5
2046 2048 2.5 0.015 0.5
2046 2050 2.958039892 0.02224859546 0.5
2047 2051 2.958039892 0.02224859546 0.5
2047 2052 2.5 0.015 0.5
2047 2053 2.5 0.015 0.5
2048 2051 2.958039892 0.02224859546 0.5
2048 2052 2.5 0.015 0.5
2048 2053 2.5 0.015 0.5
2050 2058 3.5 0.033 0.5
2050 2059 2.958039892 0.02224859546 0.5
2050 2060 2.958039892 0.02224859546 0.5
2051 2061 2.958039892 0.02224859546 0.5
2051 2062 2.958039892 0.02224859546 0.5
2051 2064 3.5 0.033 0.5
2052 2054 2.5 0.015 0.5
2052 2055 2.5 0.015 0.5
2052 2057 2.958039892 0.02224859546 0.5
2053 2054 2.5 0.015 0.5
2053 2055 2.5 0.015 0.5
2053 2057 2.958039892 0.02224859546 0.5
2054 2058 2.958039892 0.02224859546 0.5
2054 2059 2.5 0.015 0.5
2054 2060 2.5 0.015 0.5
2055 2058 2.958039892 0.02224859546 0.5
2055 2059 2.5 0.015 0.5
2055 2060 2.5 0.015 0.5
2057 2065 3.5 0.033 0.5
2057 2066 2.958039892 0.02224859546 0.5
2057 2067 2.958039892 0.02224859546 0.5
2058 2068 2.958039892 0.02224859546 0.5
2058 2069 2.958039892 0.02224859546 0.5
2058 2071 3.5 0.033 0.5
2059 2061 2.5 0.015 0.5
2059 2062 2.5 0.015 0.5
2059 2064 2.958039892 0.02224859546 0.5
2060 2061 2.5 0.015 0.5
2060 2062 2.5 0.015 0.5
2060 2064 2.958039892 0.02224859546 0.5
2061 2065 2.958039892 0.02224859546 0.5
2061 2066 2.5 0.015 0.5
2061 2067 2.5 0.015 0.5
2062 2065 2.958039892 0.02224859546 0.5
2062 2066 2.5 0.015 0.5
2062 2067 2.5 0.015 0.5
2064 2072 3.5 0.033 0.5
2064 2073 2.958039892 0.02224859546 0.5
2064 2074 2.958039892 0.02224859546 0.5
2065 2075 2.958039892 0.02224859546 0.5
2065 2076 2.958039892 0.02224859546 0.5
2065 2078 3.5 0.033 0.5
2066 2068 2.5 0.015 0.5
2066 2069 2.5 0.015 0.5
2066 2071 2.958039892 0.02224859546 0.5
2067 2068 2.5 0.015 0.5
2067 2069 2.5 0.015 0.5
2067 2071 2.958039892 0.02224859546 0.5
2068 2072 2.958039892 0.02224859546 0.5
2068 2073 2.5 0.015 0.5
2068 2074 2.5 0.015 0.5
2069 2072 2.958039892 0.02224859546 0.5
2069 2073 2.5 0.015 0.5
2069 2074 2.5 0.015 0.5
2071 2079 3.5 0.033 0.5
2071 2080 2.958039892 0.02224859546 0.5
2071 2081 2.958039892 0.02224859546 0.5
2072 2082 2.958039892 0.02224859546 0.5
2072 2083 2.958039892 0.02224859546 0.5
2072 2085 3.5 0.033 0.5
2073 2075 2.5 0.015 0.5
2073 2076 2.5 0.015 0.5
2073 2078 2.958039892 0.02224859546 0.5
2074 2075 2.5 0.015 0.5
2074 2076 2.5 0.015 0.5
2074 2078 2.958039892 0.02224859546 0.5
2075 2079 2.958039892 0.02224859546 0.5
2075 2080 2.5 0.015 0.5
2075 2081 2.5 0.015 0.5
2076 2079 2.958039892 0.02224859546 0.5
2076 2080 2.5 0.015 0.5
2076 2081 2.5 0.015 0.5
2078 2086 3.5 0.033 0.5
2078 2087 2.958039892 0.02224859546 0.5
2078 2088 2.958039892 0.02224859546 0.5
2079 2089 2.958039892 0.02224859546 0.5
2079 2090 2.958039892 0.02224859546 0.5
2079 2092 3.5 0.033 0.5
2080 2082 2.5 0.015 0.5
2080 2083 2.5 0.015 0.5
2080 2085 2.958039892 0.02224859546 0.5
2081 2082 2.5 0.015 0.5
2081 2083 2.5 0.015 0.5
2081 2085 2.958039892 0.02224859546 0.5
2082 2086 2.958039892 0.02224859546 0.5
2082 2087 2.5 0.015 0.5
2082 2088 2.5 0.015 0.5
2083 2086 2.958039892 0.02224859546 0.5
2083 2087 2.5 0.015 0.5
2083 2088 2.5 0.015 0.5
2085 2093 3.5 0.033 0.5
2085 2094 2.958039892 0.02224859546 0.5
2085 2095 2.958039892 0.02224859546 0.5
2086 2096 2.958039892 0.02224859546 0.5
2086 2097 2.958039892 0.02224859546 0.5
2086 2099 3.5 0.033 0.5
2087 2089 2.5 0.015 0.5
2087 2090 2.5 0.015 0.5
2087 2092 2.958039892 0.02224859546 0.5
2088 2089 2.5 0.015 0.5
2088 2090 2.5 0.015 0.5
2088 2092 2.958039892 0.02224859546 0.5
2089 2093 2.958039892 0.02224859546 0.5
2089 2094 2.5 0.015 0.5
2089 2095 2.5 0.015 0.5
2090 2093 2.958039892 0.02224859546 0.5
2090 2094 2.5 0.015 0.5
2090 2095 2.5 0.015 0.5
2092 2100 3.5 0.033 0.5
2092 2101 2.958039892 0.02224859546 0.5
2092 2102 2.958039892 0.02224859546 0.5
2093 2103 2.958039892 0.02224859546 0.5
2093 2104 2.958039892 0.02224859546 0.5
2093 2106 3.5 0.033 0.5
2094 2096 2.5 0.015 0.5
2094 2097 2.5 0.015 0.5
2094 2099 2.958039892 0.02224859546 0.5
2095 2096 2.5 0.015 0.5
2095 2097 2.5 0.015 0.5
2095 2099 2.958039892 0.02224859546 0.5
2096 2100 2.958039892 0.02224859546 0.5
2096 2101 2.5 0.015 0.5
2096 2102 2.5 0.015 0.5
2097 2100 2.958039892 0.02224859546 0.5
2097 2101 2.5 0.015 0.5
2097 2102 2.5 0.015 0.5
2099 2107 3.5 0.033 0.5
2099 2108 2.958039892 0.02224859546 0.5
2099 2109 2.958039892 0.02224859546 0.5
2100 2110 2.958039892 0.02224859546 0.5
2100 2111 2.958039892 0.02224859546 0.5
2100 2112 2.958039892 0.02224859546 0.5
2101 2103 2.5 0.015 0.5
2101 2104 2.5 0.015 0.5
2101 2106 2.958039892 0.02224859546 0.5
2102 2103 2.5 0.015 0.5
2102 2104 2.5 0.015 0.5
2102 2106 2.958039892 0.02224859546 0.5
2103 2107 2.958039892 0.02224859546 0.5
2103 2108 2.5 0.015 0.5
2103 2109 2.5 0.015 0.5
2104 2107 2.958039892 0.02224859546 0.5
2104 2108 2.5 0.015 0.5
2104 2109 2.5 0.015 0.5
2108 2110 2.5 0.015 0.5
2108 2111 2.5 0.015 0.5
2108 2112 2.5 0.015 0.5
2109 2110 2.5 0.015 0.5
2109 2111 2.5 0.015 0.5
2109 2112 2.5 0.015 0.5
2114 2126 2.958039892 0.02224859546 0.5
2114 2127 2.958039892 0.02224859546 0.5
2114 2129 3.5 0.033 0.5
2115 2123 3.5 0.033 0.5
2115 2124 2.958039892 0.02224859546 0.5
2115 2125 2.958039892 0.02224859546 0.5
2116 2118 2.5 0.015 0.5
2116 2119 2.5 0.015 0.5
2116 2120 2.5 0.015 0.5
2116 2123 2.958039892 0.02224859546 0.5
2116 2124 2.5 0.015 0.5
2116 2125 2.5 0.015 0.5
2117 2118 2.5 0.015 0.5
2117 2119 2.5 0.015 0.5
2117 2120 2.5 0.015 0.5
2117 2123 2.958039892 0.02224859546 0.5
2117 2124 2.5 0.015 0.5
2117 2125 2.5 0.015 0.5
2118 2122 2.958039892 0.02224859546 0.5
2119 2122 2.958039892 0.02224859546 0.5
2120 2122 2.958039892 0.02224859546 0.5
2122 2130 3.5 0.033 0.5
2122 2131 2.958039892 0.02224859546 0.5
2122 2132 2.958039892 0.02224859546 0.5
2123 2133 2.958039892 0.02224859546 0.5
2123 2134 2.958039892 0.02224859546 0.5
2123 2136 3.5 0.033 0.5
2124 2126 2.5 0.015 0.5
2124 2127 2.5 0.015 0.5
2124 2129 2.958039892 0.02224859546 0.5
2125 2126 2.5 0.015 0.5
2125 2127 2.5 0.015 0.5
2125 2129 2.958039892 0.02224859546 0.5
2126 2130 2.958039892 0.02224859546 0.5
2126 2131 2.5 0.015 0.5
2126 2132 2.5 0.015 0.5
2127 2130 2.958039892 0.02224859546 0.5
2127 2131 2.5 0.015 0.5
2127 2132 2.5 0.015 0.5
2129 2137 3.5 0.033 0.5
2129 2138 2.958039892 0.02224859546 0.5
2129 2139 2.958039892 0.02224859546 0.5
2130 2140 2.958039892 0.02224859546 0.5
2130 2141 2.958039892 0.02224859546 0.5
2130 2143 3.5 0.033 0.5
2131 2133 2.5 0.015 0.5
2131 2134 2.5 0.015 0.5
2131 2136 2.958039892 0.02224859546 0.5
2132 2133 2.5 0.015 0.5
2132 2134 2.5 0.015 0.5
2132 2136 2.958039892 0.02224859546 0.5
2133 2137 2.958039892 0.02224859546 0.5
2133 2138 2.5 0.015 0.5
2133 2139 2.5 0.015 0.5
2134 2137 2.958039892 0.02224859546 0.5
2134 2138 2.5 0.015 0.5
2134 2139 2.5 0.015 0.5
2136 2144 3.5 0.033 0.5
2136 2145 2.958039892 0.02224859546 0.5
2136 2146 2.958039892 0.02224859546 0.5
2137 2147 2.958039892 0.02224859546 0.5
2137 2148 2.958039892 0.02224859546 0.5
2137 2150 3.5 0.033 0.5
2138 2140 2.5 0.015 0.5
2138 2141 2.5 0.015 0.5
2138 2143 2.958039892 0.02224859546 0.5
2139 2140 2.5 0.015 0.5
2139 2141 2.5 0.015 0.5
2139 2143 2.958039892 0.02224859546 0.5
2140 2144 2.958039892 0.02224859546 0.5
2140 2145 2.5 0.015 0.5
2140 2146 2.5 0.015 0.5
2141 2144 2.958039892 0.02224859546 0.5
2141 2145 2.5 0.015 0.5
2141 2146 2.5 0.015 0.5
2143 2151 3.5 0.033 0.5
2143 2152 2.958039892 0.02224859546 0.5
2143 2153 2.958039892 0.02224859546 0.5
2144 2154 2.958039892 0.02224859546 0.5
2144 2155 2.958039892 0.02224859546 0.5
2144 2157 3.5 0.033 0.5
2145 2147 2.5 0.015 0.5
2145 2148 2.5 0.015 0.5
2145 2150 2.958039892 0.02224859546 0.5
2146 2147 2.5 0.015 0.5
2146 2148 2.5 0.015 0.5
2146 2150 2.958039892 0.02224859546 0.5
2147 2151 2.958039892 0.02224859546 0.5
2147 2152 2.5 0.015 0.5
2147 2153 2.5 0.015 0.5
2148 2151 2.958039892 0.02224859546 0.5
2148 2152 2.5 0.015 0.5
2148 2153 2.5 0.015 0.5
2150 2158 3.5 0.033 0.5
2150 2159 2.958039892 0.02224859546 0.5
2150 2160 2.958039892 0.02224859546 0.5
2151 2161 2.958039892 0.02224859546 0.5
2151 2162 2.958039892 0.02224859546 0.5
2151 2164 3.5 0.033 0.5
2152 2154 2.5 0.015 0.5
2152 2155 2.5 0.015 0.5
2152 2157 2.958039892 0.02224859546 0.5
2153 2154 2.5 0.015 0.5
2153 2155 2.5 0.015 0.5
2153 2157 2.958039892 0.02224859546 0.5
2154 2158 2.958039892 0.02224859546 0.5
2154 2159 2.5 0.015 0.5
2154 2160 2.5 0.015 0.5
2155 2158 2.958039892 0.02224859546 0.5
2155 2159 2.5 0.015 0.5
2155 2160 2.5 0.015 0.5
2157 2165 3.5 0.033 0.5
2157 2166 2.958039892 0.02224859546 0.5
2157 2167 2.958039892 0.02224859546 0.5
2158 2168 2.958039892 0.02224859546 0.5
2158 2169 2.958039892 0.02224859546 0.5
2158 2171 3.5 0.033 0.5
2159 2161 2.5 0.015 0.5
2159 2162 2.5 0.015 0.5
2159 2164 2.958039892 0.02224859546 0.5
2160 2161 2.5 0.015 0.5
2160 2162 2.5 0.015 0.5
2160 2164 2.958039892 0.02224859546 0.5
2161 2165 2.958039892 0.02224859546 0.5
2161 2166 2.5 0.015 0.5
2161 2167 2.5 0.015 0.5
2162 2165 2.958039892 0.02224859546 0.5
2162 2166 2.5 0.015 0.5
2162 2167 2.5 0.015 0.5
2164 2172 3.5 0.033 0.5
2164 2173 2.958039892 0.02224859546 0.5
2164 2174 2.958039892 0.02224859546 0.5
2165 2175 2.958039892 0.02224859546 0.5
2165 2176 2.958039892 0.02224859546 0.5
2165 2178 3.5 0.033 0.5
2166 2168 2.5 0.015 0.5
2166 2169 2.5 0.015 0.5
2166 2171 2.958039892 0.02224859546 0.5
2167 2168 2.5 0.015 0.5
2167 2169 2.5 0.015 0.5
2167 2171 2.958039892 0.02224859546 0.5
2168 2172 2.958039892 0.02224859546 0.5
2168 2173 2.5 0.015 0.5
2168 2174 2.5 0.015 0.5
2169 2172 2.958039892 0.02224859546 0.5
2169 2173 2.5 0.015 0.5
2169 2174 2.5 0.015 0.5
2171 2179 3.5 0.033 0.5
2171 2180 2.958039892 0.02224859546 0.5
2171 2181 2.958039892 0.02224859546 0.5
2172 2182 2.958039892 0.02224859546 0.5
2172 2183 2.958039892 0.02224859546 0.5
2172 2185 3.5 0.033 0.5
2173 2175 2.5 0.015 0.5
2173 2176 2.5 0.015 0.5
2173 2178 2.958039892 0.02224859546 0.5
2174 2175 2.5 0.015 0.5
2174 2176 2.5 0.015 0.5
2174 2178 2.958039892 0.02224859546 0.5
2175 2179 2.958039892 0.02224859546 0.5
2175 2180 2.5 0.015 0.5
2175 2181 2.5 0.015 0.5
2176 2179 2.958039892 0.02224859546 0.5
2176 2180 2.5 0.015 0.5
2176 2181 2.5 0.015 0.5
2178 2186 3.5 0.033 0.5
2178 2187 2.958039892 0.02224859546 0.5
2178 2188 2.958039892 0.02224859546 0.5
2179 2189 2.958039892 0.02224859546 0.5
2179 2190 2.958039892 0.02224859546 0.5
2179 2192 3.5 0.033 0.5
2180 2182 2.5 0.015 0.5
2180 2183 2.5 0.015 0.5
2180 2185 2.958039892 0.02224859546 0.5
2181 2182 2.5 0.015 0.5
2181 2183 2.5 0.015 0.5
2181 2185 2.958039892 0.02224859546 0.5
2182 2186 2.958039892 0.02224859546 0.5
2182 2187 2.5 0.015 0.5
2182 2188 2.5 0.015 0.5
2183 2186 2.958039892 0.02224859546 0.5
2183 2187 2.5 0.015 0.5
2183 2188 2.5 0.015 0.5
2185 2193 3.5 0.033 0.5
2185 2194 2.958039892 0.02224859546 0.5
2185 2195 2.958039892 0.02224859546 0.5
2186 2196 2.958039892 0.02224859546 0.5
2186 2197 2.958039892 0.02224859546 0.5
2186 2199 3.5 0.033 0.5
2187 2189 2.5 0.015 0.5
2187 2190 2.5 0.015 0.5
2187 2192 2.958039892 0.02224859546 0.5
2188 2189 2.5 0.015 0.5
2188 2190 2.5 0.015 0.5
2188 2192 2.958039892 0.02224859546 0.5
2189 2193 2.958039892 0.02224859546 0.5
2189 2194 2.5 0.015 0.5
2189 2195 2.5 0.015 0.5
2190 2193 2.958039892 0.02224859546 0.5
2190 2194 2.5 0.015 0.5
2190 2195 2.5 0.015 0.5
2192 2200 3.5 0.033 0.5
2192 2201 2.958039892 0.02224859546 0.5
2192 2202 2.958039892 0.02224859546 0.5
2193 2203 2.958039892 0.02224859546 0.5
2193 2204 2.958039892 0.02224859546 0.5
2193 2206 3.5 0.033 0.5
2194 2196 2.5 0.015 0.5
2194 2197 2.5 0.015 0.5
2194 2199 2.958039892 0.02224859546 0.5
2195 2196 2.5 0.015 0.5
2195 2197 2.5 0.015 0.5
2195 2199 2.958039892 0.02224859546 0.5
2196 2200 2.958039892 0.02224859546 0.5
2196 2201 2.5 0.015 0.5
2196 2202 2.5 0.015 0.5
2197 2200 2.958039892 0.02224859546 0.5
2197 2201 2.5 0.015 0.5
2197 2202 2.5 0.015 0.5
2199 2207 3.5 0.033 0.5
2199 2208 2.958039892 0.02224859546 0.5
2199 2209 2.958039892 0.02224859546 0.5
2200 2210 2.958039892 0.02224859546 0.5
2200 2211 2.958039892 0.02224859546 0.5
2200 2213 3.5 0.033 0.5
2201 2203 2.5 0.015 0.5
2201 2204 2.5 0.015 0.5
2201 2206 2.958039892 0.02224859546 0.5
2202 2203 2.5 0.015 0.5
2202 2204 2.5 0.015 0.5
2202 2206 2.958039892 0.02224859546 0.5
2203 2207 2.958039892 0.02224859546 0.5
2203 2208 2.5 0.015 0.5
2203 2209 2.5 0.015 0.5
2204 2207 2.958039892 0.02224859546 0.5
2204 2208 2.5 0.015 0.5
2204 2209 2.5 0.015 0.5
2206 2214 3.5 0.033 0.5
2206 2215 2.958039892 0.02224859546 0.5
2206 2216 2.958039892 0.02224859546 0.5
2207 2217 2.958039892 0.02224859546 0.5
2207 2218 2.958039892 0.02224859546 0.5
2207 2220 3.5 0.033 0.5
2208 2210 2.5 0.015 0.5
2208 2211 2.5 0.015 0.5
2208 2213 2.958039892 0.02224859546 0.5
2209 2210 2.5 0.015 0.5
2209 2211 2.5 0.015 0.5
2209 2213 2.958039892 0.02224859546 0.5
2210 2214 2.958039892 0.02224859546 0.5
2210 2215 2.5 0.015 0.5
2210 2216 2.5 0.015 0.5
2211 2214 2.958039892 0.02224859546 0.5
2211 2215 2.5 0.015 0.5
2211 2216 2.5 0.015 0.5
2213 2221 3.5 0.033 0.5
2213 2222 2.958039892 0.02224859546 0.5
2213 2223 2.958039892 0.02224859546 0.5
2214 2224 2.958039892 0.02224859546 0.5
2214 2225 2.958039892 0.02224859546 0.5
2214 2227 3.5 0.033 0.5
2215 2217 2.5 0.015 0.5
2215 2218 2.5 0.015 0.5
2215 2220 2.958039892 0.02224859546 0.5
2216 2217 2.5 0.015 0.5
2216 2218 2.5 0.015 0.5
2216 2220 2.958039892 0.02224859546 0.5
2217 2221 2.958039892 0.02224859546 0.5
2217 2222 2.5 0.015 0.5
2217 2223 2.5 0.015 0.5
2218 2221 2.958039892 0.02224859546 0.5
2218 2222 2.5 0.015 0.5
2218 2223 2.5 0.015 0.5
2220 2228 3.5 0.033 0.5
2220 2229 2.958039892 0.02224859546 0.5
2220 2230 2.958039892 0.02224859546 0.5
2221 2231 2.958039892 0.02224859546 0.5
2221 2232 2.958039892 0.02224859546 0.5
2221 2234 3.5 0.033 0.5
2222 2224 2.5 0.015 0.5
2222 2225 2.5 0.015 0.5
2222 2227 2.958039892 0.02224859546 0.5
2223 2224 2.5 0.015 0.5
2223 2225 2.5 0.015 0.5
2223 2227 2.958039892 0.02224859546 0.5
2224 2228 2.958039892 0.02224859546 0.5
2224 2229 2.5 0.015 0.5
2224 2230 2.5 0.015 0.5
2225 2228 2.958039892 0.02224859546 0.5
2225 2229 2.5 0.015 0.5
2225 2230 2.5 0.015 0.5
2227 2235 3.5 0.033 0.5
2227 2236 2.958039892 0.02224859546 0.5
2227 2237 2.958039892 0.02224859546 0.5
2228 2238 2.958039892 0.02224859546 0.5
2228 2239 2.958039892 0.02224859546 0.5
2228 2241 3.5 0.033 0.5
2229 2231 2.5 0.015 0.5
2229 2232 2.5 0.015 0.5
2229 2234 2.958039892 0.02224859546 0.5
2230 2231 2.5 0.015 0.5
2230 2232 2.5 0.015 0.5
2230 2234 2.958039892 0.02224859546 0.5
2231 2235 2.958039892 0.02224859546 0.5
2231 2236 2.5 0.015 0.5
2231 2237 2.5 0.015 0.5
2232 2235 2.958039892 0.02224859546 0.5
2232 2236 2.5 0.015 0.5
2232 2237 2.5 0.015 0.5
2234 2242 3.5 0.033 0.5
2234 2243 2.958039892 0.02224859546 0.5
2234 2244 2.958039892 0.02224859546 0.5
2235 2245 2.958039892 0.02224859546 0.5
2235 2246 2.958039892 0.02224859546 0.5
2235 2248 3.5 0.033 0.5
2236 2238 2.5 0.015 0.5
2236 2239 2.5 0.015 0.5
2236 2241 2.958039892 0.02224859546 0.5
2237 2238 2.5 0.015 0.5
2237 2239 2.5 0.015 0.5
2237 2241 2.958039892 0.02224859546 0.5
2238 2242 2.958039892 0.02224859546 0.5
2238 2243 2.5 0.015 0.5
2238 2244 2.5 0.015 0.5
2239 2242 2.958039892 0.02224859546 0.5
2239 2243 2.5 0.015 0.5
2239 2244 2.5 0.015 0.5
2241 2249 3.5 0.033 0.5
2241 2250 2.958039892 0.02224859546 0.5
2241 2251 2.958039892 0.02224859546 0.5
2242 2252 2.958039892 0.02224859546 0.5
2242 2253 2.958039892 0.02224859546 0.5
2242 2255 3.5 0.033 0.5
2243 2245 2.5 0.015 0.5
2243 2246 2.5 0.015 0.5
2243 2248 2.958039892 0.02224859546 0.5
2244 2245 2.5 0.015 0.5
2244 2246 2.5 0.015 0.5
2244 2248 2.958039892 0.02224859546 0.5
2245 2249 2.958039892 0.02224859546 0.5
2245 2250 2.5 0.015 0.5
2245 2251 2.5 0.015 0.5
2246 2249 2.958039892 0.02224859546 0.5
2246 2250 2.5 0.015 0.5
2246 2251 2.5 0.015 0.5
2248 2256 3.5 0.033 0.5
2248 2257 2.958039892 0.02224859546 0.5
2248 2258 2.958039892 0.02224859546 0.5
2249 2259 2.958039892 0.02224859546 0.5
2249 2260 2.958039892 0.02224859546 0.5
2249 2262 3.5 0.033 0.5
2250 2252 2.5 0.015 0.5
2250 2253 2.5 0.015 0.5
2250 2255 2.958039892 0.02224859546 0.5
2251 2252 2.5 0.015 0.5
2251 2253 2.5 0.015 0.5
2251 2255 2.958039892 0.02224859546 0.5
2252 2256 2.958039892 0.02224859546 0.5
2252 2257 2.5 0.015 0.5
2252 2258 2.5 0.015 0.5
2253 2256 2.958039892 0.02224859546 0.5
2253 2257 2.5 0.015 0.5
2253 2258 2.5 0.015 0.5
2255 2263 3.5 0.033 0.5
2255 2264 2.958039892 0.02224859546 0.5
2255 2265 2.958039892 0.02224859546 0.5
2256 2266 2.958039892 0.02224859546 0.5
2256 2267 2.958039892 0.02224859546 0.5
2256 2269 3.5 0.033 0.5
2257 2259 2.5 0.015 0.5
2257 2260 2.5 0.015 0.5
2257 2262 2.958039892 0.02224859546 0.5
2258 2259 2.5 0.015 0.5
2258 2260 2.5 0.015 0.5
2258 2262 2.958039892 0.02224859546 0.5
2259 2263 2.958039892 0.02224859546 0.5
2259 2264 2.5 0.015 0.5
2259 2265 2.5 0.015 0.5
2260 2263 2.958039892 0.02224859546 0.5
2260 2264 2.5 0.015 0.5
2260 2265 2.5 0.015 0.5
2262 2270 3.5 0.033 0.5
2262 2271 2.958039892 0.02224859546 0.5
2262 2272 2.958039892 0.02224859546 0.5
2263 2273 2.958039892 0.02224859546 0.5
2263 2274 2.958039892 0.02224859546 0.5
2263 2276 3.5 0.033 0.5
2264 2266 2.5 0.015 0.5
2264 2267 2.5 0.015 0.5
2264 2269 2.958039892 0.02224859546 0.5
2265 2266 2.5 0.015 0.5
2265 2267 2.5 0.015 0.5
2265 2269 2.958039892 0.02224859546 0.5
2266 2270 2.958039892 0.02224859546 0.5
2266 2271 2.5 0.015 0.5
2266 2272 2.5 0.015 0.5
2267 2270 2.958039892 0.02224859546 0.5
2267 2271 2.5 0.015 0.5
2267 2272 2.5 0.015 0.5
2269 2277 3.5 0.033 0.5
2269 2278 2.958039892 0.02224859546 0.5
2269 2279 2.958039892 0.02224859546 0.5
2270 2280 2.958039892 0.02224859546 0.5
2270 2281 2.958039892 0.02224859546 0.5
2270 2283 3.5 0.033 0.5
2271 2273 2.5 0.015 0.5
2271 2274 2.5 0.015 0.5
2271 2276 2.958039892 0.02224859546 0.5
2272 2273 2.5 0.015 0.5
2272 2274 2.5 0.015 0.5
2272 2276 2.958039892 0.02224859546 0.5
2273 2277 2.958039892 0.02224859546 0.5
2273 2278 2.5 0.015 0.5
2273 2279 2.5 0.015 0.5
2274 2277 2.958039892 0.02224859546 0.5
2274 2278 2.5 0.015 0.5
2274 2279 2.5 0.015 0.5
2276 2284 3.5 0.033 0.5
2276 2285 2.958039892 0.02224859546 0.5
2276 2286 2.958039892 0.02224859546 0.5
2277 2287 2.958039892 0.02224859546 0.5
2277 2288 2.958039892 0.02224859546 0.5
2277 2290 3.5 0.033 0.5
2278 2280 2.5 0.015 0.5
2278 2281 2.5 0.015 0.5
2278 2283 2.958039892 0.02224859546 0.5
2279 2280 2.5 0.015 0.5
2279 2281 2.5 0.015 0.5
2279 2283 2.958039892 0.02224859546 0.5
2280 2284 2.958039892 0.02224859546 0.5
2280 2285 2.5 0.015 0.5
2280 2286 2.5 0.015 0.5
2281 2284 2.958039892 0.02224859546 0.5
2281 2285 2.5 0.015 0.5
2281 2286 2.5 0.015 0.5
2283 2291 3.5 0.033 0.5
2283 2292 2.958039892 0.02224859546 0.5
2283 2293 2.958039892 0.02224859546 0.5
2284 2294 2.958039892 0.02224859546 0.5
2284 2295 2.958039892 0.02224859546 0.5
2284 2297 3.5 0.033 0.5
2285 2287 2.5 0.015 0.5
2285 2288 2.5 0.015 0.5
2285 2290 2.958039892 0.02224859546 0.5
2286 2287 2.5 0.015 0.5
2286 2288 2.5 0.015 0.5
2286 2290 2.958039892 0.02224859546 0.5
2287 2291 2.958039892 0.02224859546 0.5
2287 2292 2.5 0.015 0.5
2287 2293 2.5 0.015 0.5
2288 2291 2.958039892 0.02224859546 0.5
2288 2292 2.5 0.015 0.5
2288 2293 2.5 0.015 0.5
2290 2298 3.5 0.033 0.5
2290 2299 2.958039892 0.02224859546 0.5
2290 2300 2.958039892 0.02224859546 0.5
2291 2301 2.958039892 0.02224859546 0.5
2291 2302 2.958039892 0.02224859546 0.5
2291 2304 3.5 0.033 0.5
2292 2294 2.5 0.015 0.5
2292 2295 2.5 0.015 0.5
2292 2297 2.958039892 0.02224859546 0.5
2293 2294 2.5 0.015 0.5
2293 2295 2.5 0.015 0.5
2293 2297 2.958039892 0.02224859546 0.5
2294 2298 2.958039892 0.02224859546 0.5
2294 2299 2.5 0.015 0.5
2294 2300 2.5 0.015 0.5
2295 2298 2.958039892 0.02224859546 0.5
2295 2299 2.5 0.015 0.5
2295 2300 2.5 0.015 0.5
2297 2305 3.5 0.033 0.5
2297 2306 2.958039892 0.02224859546 0.5
2297 2307 2.958039892 0.02224859546 0.5
2298 2308 2.958039892 0.02224859546 0.5
2298 2309 2.958039892 0.02224859546 0.5
2298 2311 3.5 0.033 0.5
2299 2301 2.5 0.015 0.5
2299 2302 2.5 0.015 0.5
2299 2304 2.958039892 0.02224859546 0.5
2300 2301 2.5 0.015 0.5
2300 2302 2.5 0.015 0.5
2300 2304 2.958039892 0.02224859546 0.5
2301 2305 2.958039892 0.02224859546 0.5
2301 2306 2.5 0.015 0.5
2301 2307 2.5 0.015 0.5
2302 2305 2.958039892 0.02224859546 0.5
2302 2306 2.5 0.015 0.5
2302 2307 2.5 0.015 0.5
2304 2312 3.5 0.033 0.5
2304 2313 2.958039892 0.02224859546 0.5
2304 2314 2.958039892 0.02224859546 0.5
2305 2315 2.958039892 0.02224859546 0.5
2305 2316 2.958039892 0.02224859546 0.5
2305 2318 3.5 0.033 0.5
2306 2308 2.5 0.015 0.5
2306 2309 2.5 0.015 0.5
2306 2311 2.958039892 0.02224859546 0.5
2307 2308 2.5 0.015 0.5
2307 2309 2.5 0.015 0.5
2307 2311 2.958039892 0.02224859546 0.5
2308 2312 2.958039892 0.02224859546 0.5
2308 2313 2.5 0.015 0.5
2308 2314 2.5 0.015 0.5
2309 2312 2.958039892 0.02224859546 0.5
2309 2313 2.5 0.015 0.5
2309 2314 2.5 0.015 0.5
2311 2319 3.5 0.033 0.5
2311 2320 2.958039892 0.02224859546 0.5
2311 2321 2.958039892 0.02224859546 0.5
2312 2322 2.958039892 0.02224859546 0.5
2312 2323 2.958039892 0.02224859546 0.5
2312 2325 3.5 0.033 0.5
2313 2315 2.5 0.015 0.5
2313 2316 2.5 0.015 0.5
2313 2318 2.958039892 0.02224859546 0.5
2314 2315 2.5 0.015 0.5
2314 2316 2.5 0.015 0.5
2314 2318 2.958039892 0.02224859546 0.5
2315 2319 2.958039892 0.02224859546 0.5
2315 2320 2.5 0.015 0.5
2315 2321 2.5 0.015 0.5
2316 2319 2.958039892 0.02224859546 0.5
2316 2320 2.5 0.015 0.5
2316 2321 2.5 0.015 0.5
2318 2326 3.5 0.033 0.5
2318 2327 2.958039892 0.02224859546 0.5
2318 2328 2.958039892 0.02224859546 0.5
2319 2329 2.958039892 0.02224859546 0.5
2319 2330 2.958039892 0.02224859546 0.5
2319 2332 3.5 0.033 0.5
2320 2322 2.5 0.015 0.5
2320 2323 2.5 0.015 0.5
2320 2325 2.958039892 0.02224859546 0.5
2321 2322 2.5 0.015 0.5
2321 2323 2.5 0.015 0.5
2321 2325 2.958039892 0.02224859546 0.5
2322 2326 2.958039892 0.02224859546 0.5
2322 2327 2.5 0.015 0.5
2322 2328 2.5 0.015 0.5
2323 2326 2.958039892 0.02224859546 0.5
2323 2327 2.5 0.015 0.5
2323 2328 2.5 0.015 0.5
2325 2333 3.5 0.033 0.5
2325 2334 2.958039892 0.02224859546 0.5
2325 2335 2.958039892 0.02224859546 0.5
2326 2336 2.958039892 0.02224859546 0.5
2326 2337 2.958039892 0.02224859546 0.5
2326 2339 3.5 0.033 0.5
2327 2329 2.5 0.015 0.5
2327 2330 2.5 0.015 0.5
2327 2332 2.958039892 0.02224859546 0.5
2328 2329 2.5 0.015 0.5
2328 2330 2.5 0.015 0.5
2328 2332 2.958039892 0.02224859546 0.5
2329 2333 2.958039892 0.02224859546 0.5
2329 2334 2.5 0.015 0.5
2329 2335 2.5 0.015 0.5
2330 2333 2.958039892 0.02224859546 0.5
2330 2334 2.5 0.015 0.5
2330 2335 2.5 0.015 0.5
2332 2340 3.5 0.033 0.5
2332 2341 2.958039892 0.02224859546 0.5
2332 2342 2.958039892 0.02224859546 0.5
2333 2343 2.958039892 0.02224859546 0.5
2333 2344 2.958039892 0.02224859546 0.5
2333 2346 3.5 0.033 0.5
2334 2336 2.5 0.015 0.5
2334 2337 2.5 0.015 0.5
2334 2339 2.958039892 0.02224859546 0.5
2335 2336 2.5 0.015 0.5
2335 2337 2.5 0.015 0.5
2335 2339 2.958039892 0.02224859546 0.5
2336 2340 2.958039892 0.02224859546 0.5
2336 2341 2.5 0.015 0.5
2336 2342 2.5 0.015 0.5
2337 2340 2.958039892 0.02224859546 0.5
2337 2341 2.5 0.015 0.5
2337 2342 2.5 0.015 0.5
2339 2347 3.5 0.033 0.5
2339 2348 2.958039892 0.02224859546 0.5
2339 2349 2.958039892 0.02224859546 0.5
2340 2350 2.958039892 0.02224859546 0.5
2340 2351 2.958039892 0.02224859546 0.5
2340 2353 3.5 0.033 0.5
2341 2343 2.5 0.015 0.5
2341 2344 2.5 0.015 0.5
2341 2346 2.958039892 0.02224859546 0.5
2342 2343 2.5 0.015 0.5
2342 2344 2.5 0.015 0.5
2342 2346 2.958039892 0.02224859546 0.5
2343 2347 2.958039892 0.02224859546 0.5
2343 2348 2.5 0.015 0.5
2343 2349 2.5 0.015 0.5
2344 2347 2.958039892 0.02224859546 0.5
2344 2348 2.5 0.015 0.5
2344 2349 2.5 0.015 0.5
2346 2354 3.5 0.033 0.5
2346 2355 2.958039892 0.02224859546 0.5
2346 2356 2.958039892 0.02224859546 0.5
2347 2357 2.958039892 0.02224859546 0.5
2347 2358 2.958039892 0.02224859546 0.5
2347 2360 3.5 0.033 0.5
2348 2350 2.5 0.015 0.5
2348 2351 2.5 0.015 0.5
2348 2353 2.958039892 0.02224859546 0.5
2349 2350 2.5 0.015 0.5
2349 2351 2.5 0.015 0.5
2349 2353 2.958039892 0.02224859546 0.5
2350 2354 2.958039892 0.02224859546 0.5
2350 2355 2.5 0.015 0.5
2350 2356 2.5 0.015 0.5
2351 2354 2.958039892 0.02224859546 0.5
2351 2355 2.5 0.015 0.5
2351 2356 2.5 0.015 0.5
2353 2361 3.5 0.033 0.5
2353 2362 2.958039892 0.02224859546 0.5
2353 2363 2.958039892 0.02224859546 0.5
2354 2364 2.958039892 0.02224859546 0.5
2354 2365 2.958039892 0.02224859546 0.5
2354 2367 3.5 0.033 0.5
2355 2357 2.5 0.015 0.5
2355 2358 2.5 0.015 0.5
2355 2360 2.958039892 0.02224859546 0.5
2356 2357 2.5 0.015 0.5
2356 2358 2.5 0.015 0.5
2356 2360 2.958039892 0.02224859546 0.5
2357 2361 2.958039892 0.02224859546 0.5
2357 2362 2.5 0.015 0.5
2357 2363 2.5 0.015 0.5
2358 2361 2.958039892 0.02224859546 0.5
2358 2362 2.5 0.015 0.5
2358 2363 2.5 0.015 0.5
2360 2368 3.5 0.033 0.5
2360 2369 2.958039892 0.02224859546 0.5
2360 2370 2.958039892 0.02224859546 0.5
2361 2371 2.958039892 0.02224859546 0.5
2361 2372 2.958039892 0.02224859546 0.5
2361 2374 3.5 0.033 0.5
2362 2364 2.5 0.015 0.5
2362 2365 2.5 0.015 0.5
2362 2367 2.958039892 0.02224859546 0.5
2363 2364 2.5 0.015 0.5
2363 2365 2.5 0.015 0.5
2363 2367 2.958039892 0.02224859546 0.5
2364 2368 2.958039892 0.02224859546 0.5
2364 2369 2.5 0.015 0.5
2364 2370 2.5 0.015 0.5
2365 2368 2.958039892 0.02224859546 0.5
2365 2369 2.5 0.015 0.5
2365 2370 2.5 0.015 0.5
2367 2375 3.5 0.033 0.5
2367 2376 2.958039892 0.02224859546 0.5
2367 2377 2.958039892 0.02224859546 0.5
2368 2378 2.958039892 0.02224859546 0.5
2368 2379 2.958039892 0.02224859546 0.5
2368 2381 3.5 0.033 0.5
2369 2371 2.5 0.015 0.5
2369 2372 2.5 0.015 0.5
2369 2374 2.958039892 0.02224859546 0.5
2370 2371 2.5 0.015 0.5
2370 2372 2.5 0.015 0.5
2370 2374 2.958039892 0.02224859546 0.5
2371 2375 2.958039892 0.02224859546 0.5
2371 2376 2.5 0.015 0.5
2371 2377 2.5 0.015 0.5
2372 2375 2.958039892 0.02224859546 0.5
2372 2376 2.5 0.015 0.5
2372 2377 2.5 0.015 0.5
2374 2382 3.5 0.033 0.5
2374 2383 2.958039892 0.02224859546 0.5
2374 2384 2.958039892 0.02224859546 0.5
2375 2385 2.958039892 0.02224859546 0.5
2375 2386 2.958039892 0.02224859546 0.5
2375 2388 3.5 0.033 0.5
2376 2378 2.5 0.015 0.5
2376 2379 2.5 0.015 0.5
2376 2381 2.958039892 0.02224859546 0.5
2377 2378 2.5 0.015 0.5
2377 2379 2.5 0.015 0.5
2377 2381 2.958039892 0.02224859546 0.5
2378 2382 2.958039892 0.02224859546 0.5
2378 2383 2.5 0.015 0.5
2378 2384 2.5 0.015 0.5
2379 2382 2.958039892 0.02224859546 0.5
2379 2383 2.5 0.015 0.5
2379 2384 2.5 0.015 0.5
2381 2389 3.5 0.033 0.5
2381 2390 2.958039892 0.02224859546 0.5
2381 2391 2.958039892 0.02224859546 0.5
2382 2392 2.958039892 0.02224859546 0.5
2382 2393 2.958039892 0.02224859546 0.5
2382 2395 3.5 0.033 0.5
2383 2385 2.5 0.015 0.5
2383 2386 2.5 0.015 0.5
2383 2388 2.958039892 0.02224859546 0.5
2384 2385 2.5 0.015 0.5
2384 2386 2.5 0.015 0.5
2384 2388 2.958039892 0.02224859546 0.5
2385 2389 2.958039892 0.02224859546 0.5
2385 2390 2.5 0.015 0.5
2385 2391 2.5 0.015 0.5
2386 2389 2.958039892 0.02224859546 0.5
2386 2390 2.5 0.015 0.5
2386 2391 2.5 0.015 0.5
2388 2396 3.5 0.033 0.5
2388 2397 2.958039892 0.02224859546 0.5
2388 2398 2.958039892 0.02224859546 0.5
2389 2399 2.958039892 0.02224859546 0.5
2389 2400 2.958039892 0.02224859546 0.5
2389 2402 3.5 0.033 0.5
2390 2392 2.5 0.015 0.5
2390 2393 2.5 0.015 0.5
2390 2395 2.958039892 0.02224859546 0.5
2391 2392 2.5 0.015 0.5
2391 2393 2.5 0.015 0.5
2391 2395 2.958039892 0.02224859546 0.5
2392 2396 2.958039892 0.02224859546 0.5
2392 2397 2.5 0.015 0.5
2392 2398 2.5 0.015 0.5
2393 2396 2.958039892 0.02224859546 0.5
2393 2397 2.5 0.015 0.5
2393 2398 2.5 0.015 0.5
2395 2403 3.5 0.033 0.5
2395 2404 2.958039892 0.02224859546 0.5
2395 2405 2.958039892 0.02224859546 0.5
2396 2406 2.958039892 0.02224859546 0.5
2396 2407 2.958039892 0.02224859546 0.5
2396 2409 3.5 0.033 0.5
2397 2399 2.5 0.015 0.5
2397 2400 2.5 0.015 0.5
2397 2402 2.958039892 0.02224859546 0.5
2398 2399 2.5 0.015 0.5
2398 2400 2.5 0.015 0.5
2398 2402 2.958039892 0.02224859546 0.5
2399 2403 2.958039892 0.02224859546 0.5
2399 2404 2.5 0.015 0.5
2399 2405 2.5 0.015 0.5
2400 2403 2.958039892 0.02224859546 0.5
2400 2404 2.5 0.015 0.5
2400 2405 2.5 0.015 0.5
2402 2410 3.5 0.033 0.5
2402 2411 2.958039892 0.02224859546 0.5
2402 2412 2.958039892 0.02224859546 0.5
2403 2413 2.958039892 0.02224859546 0.5
2403 2414 2.958039892 0.02224859546 0.5
2403 2416 3.5 0.033 0.5
2404 2406 2.5 0.015 0.5
2404 2407 2.5 0.015 0.5
2404 2409 2.958039892 0.02224859546 0.5
2405 2406 2.5 0.015 0.5
2405 2407 2.5 0.015 0.5
2405 2409 2.958039892 0.02224859546 0.5
2406 2410 2.958039892 0.02224859546 0.5
2406 2411 2.5 0.015 0.5
2406 2412 2.5 0.015 0.5
2407 2410 2.958039892 0.02224859546 0.5
2407 2411 2.5 0.015 0.5
2407 2412 2.5 0.015 0.5
2409 2417 3.5 0.033 0.5
2409 2418 2.958039892 0.02224859546 0.5
2409 2419 2.958039892 0.02224859546 0.5
2410 2420 2.958039892 0.02224859546 0.5
2410 2421 2.958039892 0.02224859546 0.5
2410 2423 3.5 0.033 0.5
2411 2413 2.5 0.015 0.5
2411 2414 2.5 0.015 0.5
2411 2416 2.958039892 0.02224859546 0.5
2412 2413 2.5 0.015 0.5
2412 2414 2.5 0.015 0.5
2412 2416 2.958039892 0.02224859546 0.5
2413 2417 2.958039892 0.02224859546 0.5
2413 2418 2.5 0.015 0.5
2413 2419 2.5 0.015 0.5
2414 2417 2.958039892 0.02224859546 0.5
2414 2418 2.5 0.015 0.5
2414 2419 2.5 0.015 0.5
2416 2424 3.5 0.033 0.5
2416 2425 2.958039892 0.02224859546 0.5
2416 2426 2.958039892 0.02224859546 0.5
2417 2427 2.958039892 0.02224859546 0.5
2417 2428 2.958039892 0.02224859546 0.5
2417 2430 3.5 0.033 0.5
2418 2420 2.5 0.015 0.5
2418 2421 2.5 0.015 0.5
2418 2423 2.958039892 0.02224859546 0.5
2419 2420 2.5 0.015 0.5
2419 2421 2.5 0.015 0.5
2419 2423 2.958039892 0.02224859546 0.5
2420 2424 2.958039892 0.02224859546 0.5
2420 2425 2.5 0.015 0.5
2420 2426 2.5 0.015 0.5
2421 2424 2.958039892 0.02224859546 0.5
2421 2425 2.5 0.015 0.5
2421 2426 2.5 0.015 0.5
2423 2431 3.5 0.033 0.5
2423 2432 2.958039892 0.02224859546 0.5
2423 2433 2.958039892 0.02224859546 0.5
2424 2434 2.958039892 0.02224859546 0.5
2424 2435 2.958039892 0.02224859546 0.5
2424 2437 3.5 0.033 0.5
2425 2427 2.5 0.015 0.5
2425 2428 2.5 0.015 0.5
2425 2430 2.958039892 0.02224859546 0.5
2426 2427 2.5 0.015 0.5
2426 2428 2.5 0.015 0.5
2426 2430 2.958039892 0.02224859546 0.5
2427 2431 2.958039892 0.02224859546 0.5
2427 2432 2.5 0.015 0.5
2427 2433 2.5 0.015 0.5
2428 2431 2.958039892 0.02224859546 0.5
2428 2432 2.5 0.015 0.5
2428 2433 2.5 0.015 0.5
2430 2438 3.5 0.033 0.5
2430 2439 2.958039892 0.02224859546 0.5
2430 2440 2.958039892 0.02224859546 0.5
2431 2441 2.958039892 0.02224859546 0.5
2431 2442 2.958039892 0.02224859546 0.5
2431 2444 3.5 0.033 0.5
2432 2434 2.5 0.015 0.5
2432 2435 2.5 0.015 0.5
2432 2437 2.958039892 0.02224859546 0.5
2433 2434 2.5 0.015 0.5
2433 2435 2.5 0.015 0.5
2433 2437 2.958039892 0.02224859546 0.5
2434 2438 2.958039892 0.02224859546 0.5
2434 2439 2.5 0.015 0.5
2434 2440 2.5 0.015 0.5
2435 2438 2.958039892 0.02224859546 0.5
2435 2439 2.5 0.015 0.5
2435 2440 2.5 0.015 0.5
2437 2445 3.5 0.033 0.5
2437 2446 2.958039892 0.02224859546 0.5
2437 2447 2.958039892 0.02224859546 0.5
2438 2448 2.958039892 0.02224859546 0.5
2438 2449 2.958039892 0.02224859546 0.5
2438 2451 3.5 0.033 0.5
2439 2441 2.5 0.015 0.5
2439 2442 2.5 0.015 0.5
2439 2444 2.958039892 0.02224859546 0.5
2440 2441 2.5 0.015 0.5
2440 2442 2.5 0.015 0.5
2440 2444 2.958039892 0.02224859546 0.5
2441 2445 2.958039892 0.02224859546 0.5
2441 2446 2.5 0.015 0.5
2441 2447 2.5 0.015 0.5
2442 2445 2.958039892 0.02224859546 0.5
2442 2446 2.5 0.015 0.5
2442 2447 2.5 0.015 0.5
2444 2452 3.5 0.033 0.5
2444 2453 2.958039892 0.02224859546 0.5
2444 2454 2.958039892 0.02224859546 0.5
2445 2455 2.958039892 0.02224859546 0.5
2445 2456 2.958039892 0.02224859546 0.5
2445 2458 3.5 0.033 0.5
2446 2448 2.5 0.015 0.5
2446 2449 2.5 0.015 0.5
2446 2451 2.958039892 0.02224859546 0.5
2447 2448 2.5 0.015 0.5
2447 2449 2.5 0.015 0.5
2447 2451 2.958039892 0.02224859546 0.5
2448 2452 2.958039892 0.02224859546 0.5
2448 2453 2.5 0.015 0.5
2448 2454 2.5 0.015 0.5
2449 2452 2.958039892 0.02224859546 0.5
2449 2453 2.5 0.015 0.5
2449 2454 2.5 0.015 0.5
2451 2459 3.5 0.033 0.5
2451 2460 2.958039892 0.02224859546 0.5
2451 2461 2.958039892 0.02224859546 0.5
2452 2462 2.958039892 0.02224859546 0.5
2452 2463 2.958039892 0.02224859546 0.5
2452 2464 2.958039892 0.02224859546 0.5
2453 2455 2.5 0.015 0.5
2453 2456 2.5 0.015 0.5
2453 2458 2.958039892 0.02224859546 0.5
2454 2455 2.5 0.015 0.5
2454 2456 2.5 0.015 0.5
2454 2458 2.958039892 0.02224859546 0.5
2455 2459 2.958039892 0.02224859546 0.5
2455 2460 2.5 0.015 0.5
2455 2461 2.5 0.015 0.5
2456 2459 2.958039892 0.02224859546 0.5
2456 2460 2.5 0.015 0.5
2456 2461 2.5 0.015 0.5
2460 2462 2.5 0.015 0.5
2460 2463 2.5 0.015 0.5
2460 2464 2.5 0.015 0.5
2461 2462 2.5 0.015 0.5
2461 2463 2.5 0.015 0.5
2461 2464 2.5 0.015 0.5
2466 2478 2.958039892 0.02224859546 0.5
2466 2479 2.958039892 0.02224859546 0.5
2466 2481 3.5 0.033 0.5
2467 2475 3.5 0.033 0.5
2467 2476 2.958039892 0.02224859546 0.5
2467 2477 2.958039892 0.02224859546 0.5
2468 2470 2.5 0.015 0.5
2468 2471 2.5 0.015 0.5
2468 2472 2.5 0.015 0.5
2468 2475 2.958039892 0.02224859546 0.5
2468 2476 2.5 0.015 0.5
2468 2477 2.5 0.015 0.5
2469 2470 2.5 0.015 0.5
2469 2471 2.5 0.015 0.5
2469 2472 2.5 0.015 0.5
2469 2475 2.958039892 0.02224859546 0.5
2469 2476 2.5 0.015 0.5
2469 2477 2.5 0.015 0.5
2470 2474 2.958039892 0.02224859546 0.5
2471 2474 2.958039892 0.02224859546 0.5
2472 2474 2.958039892 0.02224859546 0.5
2474 2482 3.5 0.033 0.5
2474 2483 2.958039892 0.02224859546 0.5
2474 2484 2.958039892 0.02224859546 0.5
2475 2485 2.958039892 0.02224859546 0.5
2475 2486 2.958039892 0.02224859546 0.5
2475 2488 3.5 0.033 0.5
2476 2478 2.5 0.015 0.5
2476 2479 2.5 0.015 0.5
2476 2481 2.958039892 0.02224859546 0.5
2477 2478 2.5 0.015 0.5
2477 2479 2.5 0.015 0.5
2477 2481 2.958039892 0.02224859546 0.5
2478 2482 2.958039892 0.02224859546 0.5
2478 2483 2.5 0.015 0.5
2478 2484 2.5 0.015 0.5
2479 2482 2.958039892 0.02224859546 0.5
2479 2483 2.5 0.015 0.5
2479 2484 2.5 0.015 0.5
2481 2489 3.5 0.033 0.5
2481 2490 2.958039892 0.02224859546 0.5
2481 2491 2.958039892 0.02224859546 0.5
2482 2492 2.958039892 0.02224859546 0.5
2482 2493 2.958039892 0.02224859546 0.5
2482 2495 3.5 0.033 0.5
2483 2485 2.5 0.015 0.5
2483 2486 2.5 0.015 0.5
2483 2488 2.958039892 0.02224859546 0.5
2484 2485 2.5 0.015 0.5
2484 2486 2.5 0.015 0.5
2484 2488 2.958039892 0.02224859546 0.5
2485 2489 2.958039892 0.02224859546 0.5
2485 2490 2.5 0.015 0.5
2485 2491 2.5 0.015 0.5
2486 2489 2.958039892 0.02224859546 0.5
2486 2490 2.5 0.015 0.5
2486 2491 2.5 0.015 0.5
2488 2496 3.5 0.033 0.5
2488 2497 2.958039892 0.02224859546 0.5
2488 2498 2.958039892 0.02224859546 0.5
2489 2499 2.958039892 0.02224859546 0.5
2489 2500 2.958039892 0.02224859546 0.5
2489 2502 3.5 0.033 0.5
2490 2492 2.5 0.015 0.5
2490 2493 2.5 0.015 0.5
2490 2495 2.958039892 0.02224859546 0.5
2491 2492 2.5 0.015 0.5
2491 2493 2.5 0.015 0.5
2491 2495 2.958039892 0.02224859546 0.5
2492 2496 2.958039892 0.02224859546 0.5
2492 2497 2.5 0.015 0.5
2492 2498 2.5 0.015 0.5
2493 2496 2.958039892 0.02224859546 0.5
2493 2497 2.5 0.015 0.5
2493 2498 2.5 0.015 0.5
2495 2503 3.5 0.033 0.5
2495 2504 2.958039892 0.02224859546 0.5
2495 2505 2.958039892 0.02224859546 0.5
2496 2506 2.958039892 0.02224859546 0.5
2496 2507 2.958039892 0.02224859546 0.5
2496 2509 3.5 0.033 0.5
2497 2499 2.5 0.015 0.5
2497 2500 2.5 0.015 0.5
2497 2502 2.958039892 0.02224859546 0.5
2498 2499 2.5 0.015 0.5
2498 2500 2.5 0.015 0.5
2498 2502 2.958039892 0.02224859546 0.5
2499 2503 2.958039892 0.02224859546 0.5
2499 2504 2.5 0.015 0.5
2499 2505 2.5 0.015 0.5
2500 2503 2.958039892 0.02224859546 0.5
2500 2504 2.5 0.015 0.5
2500 2505 2.5 0.015 0.5
2502 2510 3.5 0.033 0.5
2502 2511 2.958039892 0.02224859546 0.5
2502 2512 2.958039892 0.02224859546 0.5
2503 2513 2.958039892 0.02224859546 0.5
2503 2514 2.958039892 0.02224859546 0.5
2503 2516 3.5 0.033 0.5
2504 2506 2.5 0.015 0.5
2504 2507 2.5 0.015 0.5
2504 2509 2.958039892 0.02224859546 0.5
2505 2506 2.5 0.015 0.5
2505 2507 2.5 0.015 0.5
2505 2509 2.958039892 0.02224859546 0.5
2506 2510 2.958039892 0.02224859546 0.5
2506 2511 2.5 0.015 0.5
2506 2512 2.5 0.015 0.5
2507 2510 2.958039892 0.02224859546 0.5
2507 2511 2.5 0.015 0.5
2507 2512 2.5 0.015 0.5
2509 2517 3.5 0.033 0.5
2509 2518 2.958039892 0.02224859546 0.5
2509 2519 2.958039892 0.02224859546 0.5
2510 2520 2.958039892 0.02224859546 0.5
2510 2521 2.958039892 0.02224859546 0.5
2510 2523 3.5 0.033 0.5
2511 2513 2.5 0.015 0.5
2511 2514 2.5 0.015 0.5
2511 2516 2.958039892 0.02224859546 0.5
2512 2513 2.5 0.015 0.5
2512 2514 2.5 0.015 0.5
2512 2516 2.958039892 0.02224859546 0.5
2513 2517 2.958039892 0.02224859546 0.5
2513 2518 2.5 0.015 0.5
2513 2519 2.5 0.015 0.5
2514 2517 2.958039892 0.02224859546 0.5
2514 2518 2.5 0.015 0.5
2514 2519 2.5 0.015 0.5
2516 2524 3.5 0.033 0.5
2516 2525 2.958039892 0.02224859546 0.5
2516 2526 2.958039892 0.02224859546 0.5
2517 2527 2.958039892 0.02224859546 0.5
2517 2528 2.958039892 0.02224859546 0.5
2517 2530 3.5 0.033 0.5
2518 2520 2.5 0.015 0.5
2518 2521 2.5 0.015 0.5
2518 2523 2.958039892 0.02224859546 0.5
2519 2520 2.5 0.015 0.5
2519 2521 2.5 0.015 0.5
2519 2523 2.958039892 0.02224859546 0.5
2520 2524 2.958039892 0.02224859546 0.5
2520 2525 2.5 0.015 0.5
2520 2526 2.5 0.015 0.5
2521 2524 2.958039892 0.02224859546 0.5
2521 2525 2.5 0.015 0.5
2521 2526 2.5 0.015 0.5
2523 2531 3.5 0.033 0.5
2523 2532 2.958039892 0.02224859546 0.5
2523 2533 2.958039892 0.02224859546 0.5
2524 2534 2.958039892 0.02224859546 0.5
2524 2535 2.958039892 0.02224859546 0.5
2524 2537 3.5 0.033 0.5
2525 2527 2.5 0.015 0.5
2525 2528 2.5 0.015 0.5
2525 2530 2.958039892 0.02224859546 0.5
2526 2527 2.5 0.015 0.5
2526 2528 2.5 0.015 0.5
2526 2530 2.958039892 0.02224859546 0.5
2527 2531 2.958039892 0.02224859546 0.5
2527 2532 2.5 0.015 0.5
2527 2533 2.5 0.015 0.5
2528 2531 2.958039892 0.02224859546 0.5
2528 2532 2.5 0.015 0.5
2528 2533 2.5 0.015 0.5
2530 2538 3.5 0.033 0.5
2530 2539 2.958039892 0.02224859546 0.5
2530 2540 2.958039892 0.02224859546 0.5
2531 2541 2.958039892 0.02224859546 0.5
2531 2542 2.958039892 0.02224859546 0.5
2531 2544 3.5 0.033 0.5
2532 2534 2.5 0.015 0.5
2532 2535 2.5 0.015 0.5
2532 2537 2.958039892 0.02224859546 0.5
2533 2534 2.5 0.015 0.5
2533 2535 2.5 0.015 0.5
2533 2537 2.958039892 0.02224859546 0.5
2534 2538 2.958039892 0.02224859546 0.5
2534 2539 2.5 0.015 0.5
2534 2540 2.5 0.015 0.5
2535 2538 2.958039892 0.02224859546 0.5
2535 2539 2.5 0.015 0.5
2535 2540 2.5 0.015 0.5
2537 2545 3.5 0.033 0.5
2537 2546 2.958039892 0.02224859546 0.5
2537 2547 2.958039892 0.02224859546 0.5
2538 2548 2.958039892 0.02224859546 0.5
2538 2549 2.958039892 0.02224859546 0.5
2538 2551 3.5 0.033 0.5
2539 2541 2.5 0.015 0.5
2539 2542 2.5 0.015 0.5
2539 2544 2.958039892 0.02224859546 0.5
2540 2541 2.5 0.015 0.5
2540 2542 2.5 0.015 0.5
2540 2544 2.958039892 0.02224859546 0.5
2541 2545 2.958039892 0.02224859546 0.5
2541 2546 2.5 0.015 0.5
2541 2547 2.5 0.015 0.5
2542 2545 2.958039892 0.02224859546 0.5
2542 2546 2.5 0.015 0.5
2542 2547 2.5 0.015 0.5
2544 2552 3.5 0.033 0.5
2544 2553 2.958039892 0.02224859546 0.5
2544 2554 2.958039892 0.02224859546 0.5
2545 2555 2.958039892 0.02224859546 0.5
2545 2556 2.958039892 0.02224859546 0.5
2545 2558 3.5 0.033 0.5
2546 2548 2.5 0.015 0.5
2546 2549 2.5 0.015 0.5
2546 2551 2.958039892 0.02224859546 0.5
2547 2548 2.5 0.015 0.5
2547 2549 2.5 0.015 0.5
2547 2551 2.958039892 0.02224859546 0.5
2548 2552 2.958039892 0.02224859546 0.5
2548 2553 2.5 0.015 0.5
2548 2554 2.5 0.015 0.5
2549 2552 2.958039892 0.02224859546 0.5
2549 2553 2.5 0.015 0.5
2549 2554 2.5 0.015 0.5
2551 2559 3.5 0.033 0.5
2551 2560 2.958039892 0.02224859546 0.5
2551 2561 2.958039892 0.02224859546 0.5
2552 2562 2.958039892 0.02224859546 0.5
2552 2563 2.958039892 0.02224859546 0.5
2552 2565 3.5 0.033 0.5
2553 2555 2.5 0.015 0.5
2553 2556 2.5 0.015 0.5
2553 2558 2.958039892 0.02224859546 0.5
2554 2555 2.5 0.015 0.5
2554 2556 2.5 0.015 0.5
2554 2558 2.958039892 0.02224859546 0.5
2555 2559 2.958039892 0.02224859546 0.5
2555 2560 2.5 0.015 0.5
2555 2561 2.5 0.015 0.5
2556 2559 2.958039892 0.02224859546 0.5
2556 2560 2.5 0.015 0.5
2556 2561 2.5 0.015 0.5
2558 2566 3.5 0.033 0.5
2558 2567 2.958039892 0.02224859546 0.5
2558 2568 2.958039892 0.02224859546 0.5
2559 2569 2.958039892 0.02224859546 0.5
2559 2570 2.958039892 0.02224859546 0.5
2559 2572 3.5 0.033 0.5
2560 2562 2.5 0.015 0.5
2560 2563 2.5 0.015 0.5
2560 2565 2.958039892 0.02224859546 0.5
2561 2562 2.5 0.015 0.5
2561 2563 2.5 0.015 0.5
2561 2565 2.958039892 0.02224859546 0.5
2562 2566 2.958039892 0.02224859546 0.5
2562 2567 2.5 0.015 0.5
2562 2568 2.5 0.015 0.5
2563 2566 2.958039892 0.02224859546 0.5
2563 2567 2.5 0.015 0.5
2563 2568 2.5 0.015 0.5
2565 2573 3.5 0.033 0.5
2565 2574 2.958039892 0.02224859546 0.5
2565 2575 2.958039892 0.02224859546 0.5
2566 2576 2.958039892 0.02224859546 0.5
2566 2577 2.958039892 0.02224859546 0.5
2566 2579 3.5 0.033 0.5
2567 2569 2.5 0.015 0.5
2567 2570 2.5 0.015 0.5
2567 2572 2.958039892 0.02224859546 0.5
2568 2569 2.5 0.015 0.5
2568 2570 2.5 0.015 0.5
2568 2572 2.958039892 0.02224859546 0.5
2569 2573 2.958039892 0.02224859546 0.5
2569 2574 2.5 0.015 0.5
2569 2575 2.5 0.015 0.5
2570 2573 2.958039892 0.02224859546 0.5
2570 2574 2.5 0.015 0.5
2570 2575 2.5 0.015 0.5
2572 2580 3.5 0.033 0.5
2572 2581 2.958039892 0.02224859546 0.5
2572 2582 2.958039892 0.02224859546 0.5
2573 2583 2.958039892 0.02224859546 0.5
2573 2584 2.958039892 0.02224859546 0.5
2573 2586 3.5 0.033 0.5
2574 2576 2.5 0.015 0.5
2574 2577 2.5 0.015 0.5
2574 2579 2.958039892 0.02224859546 0.5
2575 2576 2.5 0.015 0.5
2575 2577 2.5 0.015 0.5
2575 2579 2.958039892 0.02224859546 0.5
2576 2580 2.958039892 0.02224859546 0.5
2576 2581 2.5 0.015 0.5
2576 2582 2.5 0.015 0.5
2577 2580 2.958039892 0.02224859546 0.5
2577 2581 2.5 0.015 0.5
2577 2582 2.5 0.015 0.5
2579 2587 3.5 0.033 0.5
2579 2588 2.958039892 0.02224859546 0.5
2579 2589 2.958039892 0.02224859546 0.5
2580 2590 2.958039892 0.02224859546 0.5
2580 2591 2.958039892 0.02224859546 0.5
2580 2593 3.5 0.033 0.5
2581 2583 2.5 0.015 0.5
2581 2584 2.5 0.015 0.5
2581 2586 2.958039892 0.02224859546 0.5
2582 2583 2.5 0.015 0.5
2582 2584 2.5 0.015 0.5
2582 2586 2.958039892 0.02224859546 0.5
2583 2587 2.958039892 0.02224859546 0.5
2583 2588 2.5 0.015 0.5
2583 2589 2.5 0.015 0.5
2584 2587 2.958039892 0.02224859546 0.5
2584 2588 2.5 0.015 0.5
2584 2589 2.5 0.015 0.5
2586 2594 3.5 0.033 0.5
2586 2595 2.958039892 0.02224859546 0.5
2586 2596 2.958039892 0.02224859546 0.5
2587 2597 2.958039892 0.02224859546 0.5
2587 2598 2.958039892 0.02224859546 0.5
2587 2600 3.5 0.033 0.5
2588 2590 2.5 0.015 0.5
2588 2591 2.5 0.015 0.5
2588 2593 2.958039892 0.02224859546 0.5
2589 2590 2.5 0.015 0.5
2589 2591 2.5 0.015 0.5
2589 2593 2.958039892 0.02224859546 0.5
2590 2594 2.958039892 0.02224859546 0.5
2590 2595 2.5 0.015 0.5
2590 2596 2.5 0.015 0.5
2591 2594 2.958039892 0.02224859546 0.5
2591 2595 2.5 0.015 0.5
2591 2596 2.5 0.015 0.5
2593 2601 3.5 0.033 0.5
2593 2602 2.958039892 0.02224859546 0.5
2593 2603 2.958039892 0.02224859546 0.5
2594 2604 2.958039892 0.02224859546 0.5
2594 2605 2.958039892 0.02224859546 0.5
2594 2607 3.5 0.033 0.5
2595 2597 2.5 0.015 0.5
2595 2598 2.5 0.015 0.5
2595 2600 2.958039892 0.02224859546 0.5
2596 2597 2.5 0.015 0.5
2596 2598 2.5 0.015 0.5
2596 2600 2.958039892 0.02224859546 0.5
2597 2601 2.958039892 0.02224859546 0.5
2597 2602 2.5 0.015 0.5
2597 2603 2.5 0.015 0.5
2598 2601 2.958039892 0.02224859546 0.5
2598 2602 2.5 0.015 0.5
2598 2603 2.5 0.015 0.5
2600 2608 3.5 0.033 0.5
2600 2609 2.958039892 0.02224859546 0.5
2600 2610 2.958039892 0.02224859546 0.5
2601 2611 2.958039892 0.02224859546 0.5
2601 2612 2.958039892 0.02224859546 0.5
2601 2614 3.5 0.033 0.5
2602 2604 2.5 0.015 0.5
2602 2605 2.5 0.015 0.5
2602 2607 2.958039892 0.02224859546 0.5
2603 2604 2.5 0.015 0.5
2603 2605 2.5 0.015 0.5
2603 2607 2.958039892 0.02224859546 0.5
2604 2608 2.958039892 0.02224859546 0.5
2604 2609 2.5 0.015 0.5
2604 2610 2.5 0.015 0.5
2605 2608 2.958039892 0.02224859546 0.5
2605 2609 2.5 0.015 0.5
2605 2610 2.5 0.015 0.5
2607 2615 3.5 0.033 0.5
2607 2616 2.958039892 0.02224859546 0.5
2607 2617 2.958039892 0.02224859546 0.5
2608 2618 2.958039892 0.02224859546 0.5
2608 2619 2.958039892 0.02224859546 0.5
2608 2621 3.5 0.033 0.5
2609 2611 2.5 0.015 0.5
2609 2612 2.5 0.015 0.5
2609 2614 2.958039892 0.02224859546 0.5
2610 2611 2.5 0.015 0.5
2610 2612 2.5 0.015 0.5
2610 2614 2.958039892 0.02224859546 0.5
2611 2615 2.958039892 0.02224859546 0.5
2611 2616 2.5 0.015 0.5
2611 2617 2.5 0.015 0.5
2612 2615 2.958039892 0.02224859546 0.5
2612 2616 2.5 0.015 0.5
2612 2617 2.5 0.015 0.5
2614 2622 3.5 0.033 0.5
2614 2623 2.958039892 0.02224859546 0.5
2614 2624 2.958039892 0.02224859546 0.5
2615 2625 2.958039892 0.02224859546 0.5
2615 2626 2.958039892 0.02224859546 0.5
2615 2628 3.5 0.033 0.5
2616 2618 2.5 0.015 0.5
2616 2619 2.5 0.015 0.5
2616 2621 2.958039892 0.02224859546 0.5
2617 2618 2.5 0.015 0.5
2617 2619 2.5 0.015 0.5
2617 2621 2.958039892 0.02224859546 0.5
2618 2622 2.958039892 0.02224859546 0.5
2618 2623 2.5 0.015 0.5
2618 2624 2.5 0.015 0.5
2619 2622 2.958039892 0.02224859546 0.5
2619 2623 2.5 0.015 0.5
2619 2624 2.5 0.015 0.5
2621 2629 3.5 0.033 0.5
2621 2630 2.958039892 0.02224859546 0.5
2621 2631 2.958039892 0.02224859546 0.5
2622 2632 2.958039892 0.02224859546 0.5
2622 2633 2.958039892 0.02224859546 0.5
2622 2635 3.5 0.033 0.5
2623 2625 2.5 0.015 0.5
2623 2626 2.5 0.015 0.5
2623 2628 2.958039892 0.02224859546 0.5
2624 2625 2.5 0.015 0.5
2624 2626 2.5 0.015 0.5
2624 2628 2.958039892 0.02224859546 0.5
2625 2629 2.958039892 0.02224859546 0.5
2625 2630 2.5 0.015 0.5
2625 2631 2.5 0.015 0.5
2626 2629 2.958039892 0.02224859546 0.5
2626 2630 2.5 0.015 0.5
2626 2631 2.5 0.015 0.5
2628 2636 3.5 0.033 0.5
2628 2637 2.958039892 0.02224859546 0.5
2628 2638 2.958039892 0.02224859546 0.5
2629 2639 2.958039892 0.02224859546 0.5
2629 2640 2.958039892 0.02224859546 0.5
2629 2642 3.5 0.033 0.5
2630 2632 2.5 0.015 0.5
2630 2633 2.5 0.015 0.5
2630 2635 2.958039892 0.02224859546 0.5
2631 2632 2.5 0.015 0.5
2631 2633 2.5 0.015 0.5
2631 2635 2.958039892 0.02224859546 0.5
2632 2636 2.958039892 0.02224859546 0.5
2632 2637 2.5 0.015 0.5
2632 2638 2.5 0.015 0.5
2633 2636 2.958039892 0.02224859546 0.5
2633 2637 2.5 0.015 0.5
2633 2638 2.5 0.015 0.5
2635 2643 3.5 0.033 0.5
2635 2644 2.958039892 0.02224859546 0.5
2635 2645 2.958039892 0.02224859546 0.5
2636 2646 2.958039892 0.02224859546 0.5
2636 2647 2.958039892 0.02224859546 0.5
2636 2649 3.5 0.033 0.5
2637 2639 2.5 0.015 0.5
2637 2640 2.5 0.015 0.5
2637 2642 2.958039892 0.02224859546 0.5
2638 2639 2.5 0.015 0.5
2638 2640 2.5 0.015 0.5
2638 2642 2.958039892 0.02224859546 0.5
2639 2643 2.958039892 0.02224859546 0.5
2639 2644 2.5 0.015 0.5
2639 2645 2.5 0.015 0.5
2640 2643 2.958039892 0.02224859546 0.5
2640 2644 2.5 0.015 0.5
2640 2645 2.5 0.015 0.5
2642 2650 3.5 0.033 0.5
2642 2651 2.958039892 0.02224859546 0.5
2642 2652 2.958039892 0.02224859546 0.5
2643 2653 2.958039892 0.02224859546 0.5
2643 2654 2.958039892 0.02224859546 0.5
2643 2656 3.5 0.033 0.5
2644 2646 2.5 0.015 0.5
2644 2647 2.5 0.015 0.5
2644 2649 2.958039892 0.02224859546 0.5
2645 2646 2.5 0.015 0.5
2645 2647 2.5 0.015 0.5
2645 2649 2.958039892 0.02224859546 0.5
2646 2650 2.958039892 0.02224859546 0.5
2646 2651 2.5 0.015 0.5
2646 2652 2.5 0.015 0.5
2647 2650 2.958039892 0.02224859546 0.5
2647 2651 2.5 0.015 0.5
2647 2652 2.5 0.015 0.5
2649 2657 3.5 0.033 0.5
2649 2658 2.958039892 0.02224859546 0.5
2649 2659 2.958039892 0.02224859546 0.5
2650 2660 2.958039892 0.02224859546 0.5
2650 2661 2.958039892 0.02224859546 0.5
2650 2663 3.5 0.033 0.5
2651 2653 2.5 0.015 0.5
2651 2654 2.5 0.015 0.5
2651 2656 2.958039892 0.02224859546 0.5
2652 2653 2.5 0.015 0.5
2652 2654 2.5 0.015 0.5
2652 2656 2.958039892 0.02224859546 0.5
2653 2657 2.958039892 0.02224859546 0.5
2653 2658 2.5 0.015 0.5
2653 2659 2.5 0.015 0.5
2654 2657 2.958039892 0.02224859546 0.5
2654 2658 2.5 0.015 0.5
2654 2659 2.5 0.015 0.5
2656 2664 3.5 0.033 0.5
2656 2665 2.958039892 0.02224859546 0.5
2656 2666 2.958039892 0.02224859546 0.5
2657 2667 2.958039892 0.02224859546 0.5
2657 2668 2.958039892 0.02224859546 0.5
2657 2670 3.5 0.033 0.5
2658 2660 2.5 0.015 0.5
2658 2661 2.5 0.015 0.5
2658 2663 2.958039892 0.02224859546 0.5
2659 2660 2.5 0.015 0.5
2659 2661 2.5 0.015 0.5
2659 2663 2.958039892 0.02224859546 0.5
2660 2664 2.958039892 0.02224859546 0.5
2660 2665 2.5 0.015 0.5
2660 2666 2.5 0.015 0.5
2661 2664 2.958039892 0.02224859546 0.5
2661 2665 2.5 0.015 0.5
2661 2666 2.5 0.015 0.5
2663 2671 3.5 0.033 0.5
2663 2672 2.958039892 0.02224859546 0.5
2663 2673 2.958039892 0.02224859546 0.5
2664 2674 2.958039892 0.02224859546 0.5
2664 2675 2.958039892 0.02224859546 0.5
2664 2677 3.5 0.033 0.5
2665 2667 2.5 0.015 0.5
2665 2668 2.5 0.015 0.5
2665 2670 2.958039892 0.02224859546 0.5
2666 2667 2.5 0.015 0.5
2666 2668 2.5 0.015 0.5
2666 2670 2.958039892 0.02224859546 0.5
2667 2671 2.958039892 0.02224859546 0.5
2667 2672 2.5 0.015 0.5
2667 2673 2.5 0.015 0.5
2668 2671 2.958039892 0.02224859546 0.5
2668 2672 2.5 0.015 0.5
2668 2673 2.5 0.015 0.5
2670 2678 3.5 0.033 0.5
2670 2679 2.958039892 0.02224859546 0.5
2670 2680 2.958039892 0.02224859546 0.5
2671 2681 2.958039892 0.02224859546 0.5
2671 2682 2.958039892 0.02224859546 0.5
2671 2684 3.5 0.033 0.5
2672 2674 2.5 0.015 0.5
2672 2675 2.5 0.015 0.5
2672 2677 2.958039892 0.02224859546 0.5
2673 2674 2.5 0.015 0.5
2673 2675 2.5 0.015 0.5
2673 2677 2.958039892 0.02224859546 0.5
2674 2678 2.958039892 0.02224859546 0.5
2674 2679 2.5 0.015 0.5
2674 2680 2.5 0.015 0.5
2675 2678 2.958039892 0.02224859546 0.5
2675 2679 2.5 0.015 0.5
2675 2680 2.5 0.015 0.5
2677 2685 3.5 0.033 0.5
2677 2686 2.958039892 0.02224859546 0.5
2677 2687 2.958039892 0.02224859546 0.5
2678 2688 2.958039892 0.02224859546 0.5
2678 2689 2.958039892 0.02224859546 0.5
2678 2691 3.5 0.033 0.5
2679 2681 2.5 0.015 0.5
2679 2682 2.5 0.015 0.5
2679 2684 2.958039892 0.02224859546 0.5
2680 2681 2.5 0.015 0.5
2680 2682 2.5 0.015 0.5
2680 2684 2.958039892 0.02224859546 0.5
2681 2685 2.958039892 0.02224859546 0.5
2681 2686 2.5 0.015 0.5
2681 2687 2.5 0.015 0.5
2682 2685 2.958039892 0.02224859546 0.5
2682 2686 2.5 0.015 0.5
2682 2687 2.5 0.015 0.5
2684 2692 3.5 0.033 0.5
2684 2693 2.958039892 0.02224859546 0.5
2684 2694 2.958039892 0.02224859546 0.5
2685 2695 2.958039892 0.02224859546 0.5
2685 2696 2.958039892 0.02224859546 0.5
2685 2698 3.5 0.033 0.5
2686 2688 2.5 0.015 0.5
2686 2689 2.5 0.015 0.5
2686 2691 2.958039892 0.02224859546 0.5
2687 2688 2.5 0.015 0.5
2687 2689 2.5 0.015 0.5
2687 2691 2.958039892 0.02224859546 0.5
2688 2692 2.958039892 0.02224859546 0.5
2688 2693 2.5 0.015 0.5
2688 2694 2.5 0.015 0.5
2689 2692 2.958039892 0.02224859546 0.5
2689 2693 2.5 0.015 0.5
2689 2694 2.5 0.015 0.5
2691 2699 3.5 0.033 0.5
2691 2700 2.958039892 0.02224859546 0.5
2691 2701 2.958039892 0.02224859546 0.5
2692 2702 2.958039892 0.02224859546 0.5
2692 2703 2.958039892 0.02224859546 0.5
2692 2705 3.5 0.033 0.5
2693 2695 2.5 0.015 0.5
2693 2696 2.5 0.015 0.5
2693 2698 2.958039892 0.02224859546 0.5
2694 2695 2.5 0.015 0.5
2694 2696 2.5 0.015 0.5
2694 2698 2.958039892 0.02224859546 0.5
2695 2699 2.958039892 0.02224859546 0.5
2695 2700 2.5 0.015 0.5
2695 2701 2.5 0.015 0.5
2696 2699 2.958039892 0.02224859546 0.5
2696 2700 2.5 0.015 0.5
2696 2701 2.5 0.015 0.5
2698 2706 3.5 0.033 0.5
2698 2707 2.958039892 0.02224859546 0.5
2698 2708 2.958039892 0.02224859546 0.5
2699 2709 2.958039892 0.02224859546 0.5
2699 2710 2.958039892 0.02224859546 0.5
2699 2712 3.5 0.033 0.5
2700 2702 2.5 0.015 0.5
2700 2703 2.5 0.015 0.5
2700 2705 2.958039892 0.02224859546 0.5
2701 2702 2.5 0.015 0.5
2701 2703 2.5 0.015 0.5
2701 2705 2.958039892 0.02224859546 0.5
2702 2706 2.958039892 0.02224859546 0.5
2702 2707 2.5 0.015 0.5
2702 2708 2.5 0.015 0.5
2703 2706 2.958039892 0.02224859546 0.5
2703 2707 2.5 0.015 0.5
2703 2708 2.5 0.015 0.5
2705 2713 3.5 0.033 0.5
2705 2714 2.958039892 0.02224859546 0.5
2705 2715 2.958039892 0.02224859546 0.5
2706 2716 2.958039892 0.02224859546 0.5
2706 2717 2.958039892 0.02224859546 0.5
2706 2719 3.5 0.033 0.5
2707 2709 2.5 0.015 0.5
2707 2710 2.5 0.015 0.5
2707 2712 2.958039892 0.02224859546 0.5
2708 2709 2.5 0.015 0.5
2708 2710 2.5 0.015 0.5
2708 2712 2.958039892 0.02224859546 0.5
2709 2713 2.958039892 0.02224859546 0.5
2709 2714 2.5 0.015 0.5
2709 2715 2.5 0.015 0.5
2710 2713 2.958039892 0.02224859546 0.5
2710 2714 2.5 0.015 0.5
2710 2715 2.5 0.015 0.5
2712 2720 3.5 0.033 0.5
2712 2721 2.958039892 0.02224859546 0.5
2712 2722 2.958039892 0.02224859546 0.5
2713 2723 2.958039892 0.02224859546 0.5
2713 2724 2.958039892 0.02224859546 0.5
2713 2726 3.5 0.033 0.5
2714 2716 2.5 0.015 0.5
2714 2717 2.5 0.015 0.5
2714 2719 2.958039892 0.02224859546 0.5
2715 2716 2.5 0.015 0.5
2715 2717 2.5 0.015 0.5
2715 2719 2.958039892 0.02224859546 0.5
2716 2720 2.958039892 0.02224859546 0.5
2716 2721 2.5 0.015 0.5
2716 2722 2.5 0.015 0.5
2717 2720 2.958039892 0.02224859546 0.5
2717 2721 2.5 0.015 0.5
2717 2722 2.5 0.015 0.5
2719 2727 3.5 0.033 0.5
2719 2728 2.958039892 0.02224859546 0.5
2719 2729 2.958039892 0.02224859546 0.5
2720 2730 2.958039892 0.02224859546 0.5
2720 2731 2.958039892 0.02224859546 0.5
2720 2733 3.5 0.033 0.5
2721 2723 2.5 0.015 0.5
2721 2724 2.5 0.015 0.5
2721 2726 2.958039892 0.02224859546 0.5
2722 2723 2.5 0.015 0.5
2722 2724 2.5 0.015 0.5
2722 2726 2.958039892 0.02224859546 0.5
2723 2727 2.958039892 0.02224859546 0.5
2723 2728 2.5 0.015 0.5
2723 2729 2.5 0.015 0.5
2724 2727 2.958039892 0.02224859546 0.5
2724 2728 2.5 0.015 0.5
2724 2729 2.5 0.015 0.5
2726 2734 3.5 0.033 0.5
2726 2735 2.958039892 0.02224859546 0.5
2726 2736 2.958039892 0.02224859546 0.5
2727 2737 2.958039892 0.02224859546 0.5
2727 2738 2.958039892 0.02224859546 0.5
2727 2740 3.5 0.033 0.5
2728 2730 2.5 0.015 0.5
2728 2731 2.5 0.015 0.5
2728 2733 2.958039892 0.02224859546 0.5
2729 2730 2.5 0.015 0.5
2729 2731 2.5 0.015 0.5
2729 2733 2.958039892 0.02224859546 0.5
2730 2734 2.958039892 0.02224859546 0.5
2730 2735 2.5 0.015 0.5
2730 2736 2.5 0.015 0.5
2731 2734 2.958039892 0.02224859546 0.5
2731 2735 2.5 0.015 0.5
2731 2736 2.5 0.015 0.5
2733 2741 3.5 0.033 0.5
2733 2742 2.958039892 0.02224859546 0.5
2733 2743 2.958039892 0.02224859546 0.5
2734 2744 2.958039892 0.02224859546 0.5
2734 2745 2.958039892 0.02224859546 0.5
2734 2747 3.5 0.033 0.5
2735 2737 2.5 0.015 0.5
2735 2738 2.5 0.015 0.5
2735 2740 2.958039892 0.02224859546 0.5
2736 2737 2.5 0.015 0.5
2736 2738 2.5 0.015 0.5
2736 2740 2.958039892 0.02224859546 0.5
2737 2741 2.958039892 0.02224859546 0.5
2737 2742 2.5 0.015 0.5
2737 2743 2.5 0.015 0.5
2738 2741 2.958039892 0.02224859546 0.5
2738 2742 2.5 0.015 0.5
2738 2743 2.5 0.015 0.5
2740 2748 3.5 0.033 0.5
2740 2749 2.958039892 0.02224859546 0.5
2740 2750 2.958039892 0.02224859546 0.5
2741 2751 2.958039892 0.02224859546 0.5
2741 2752 2.958039892 0.02224859546 0.5
2741 2754 3.5 0.033 0.5
2742 2744 2.5 0.015 0.5
2742 2745 2.5 0.015 0.5
2742 2747 2.958039892 0.02224859546 0.5
2743 2744 2.5 0.015 0.5
2743 2745 2.5 0.015 0.5
2743 2747 2.958039892 0.02224859546 0.5
2744 2748 2.958039892 0.02224859546 0.5
2744 2749 2.5 0.015 0.5
2744 2750 2.5 0.015 0.5
2745 2748 2.958039892 0.02224859546 0.5
2745 2749 2.5 0.015 0.5
2745 2750 2.5 0.015 0.5
2747 2755 3.5 0.033 0.5
2747 2756 2.958039892 0.02224859546 0.5
2747 2757 2.958039892 0.02224859546 0.5
2748 2758 2.958039892 0.02224859546 0.5
2748 2759 2.958039892 0.02224859546 0.5
2748 2761 3.5 0.033 0.5
2749 2751 2.5 0.015 0.5
2749 2752 2.5 0.015 0.5
2749 2754 2.958039892 0.02224859546 0.5
2750 2751 2.5 0.015 0.5
2750 2752 2.5 0.015 0.5
2750 2754 2.958039892 0.02224859546 0.5
2751 2755 2.958039892 0.02224859546 0.5
2751 2756 2.5 0.015 0.5
2751 2757 2.5 0.015 0.5
2752 2755 2.958039892 0.02224859546 0.5
2752 2756 2.5 0.015 0.5
2752 2757 2.5 0.015 0.5
2754 2762 3.5 0.033 0.5
2754 2763 2.958039892 0.02224859546 0.5
2754 2764 2.958039892 0.02224859546 0.5
2755 2765 2.958039892 0.02224859546 0.5
2755 2766 2.958039892 0.02224859546 0.5
2755 2768 3.5 0.033 0.5
2756 2758 2.5 0.015 0.5
2756 2759 2.5 0.015 0.5
2756 2761 2.958039892 0.02224859546 0.5
2757 2758 2.5 0.015 0.5
2757 2759 2.5 0.015 0.5
2757 2761 2.958039892 0.02224859546 0.5
2758 2762 2.958039892 0.02224859546 0.5
2758 2763 2.5 0.015 0.5
2758 2764 2.5 0.015 0.5
2759 2762 2.958039892 0.02224859546 0.5
2759 2763 2.5 0.015 0.5
2759 2764 2.5 0.015 0.5
2761 2769 3.5 0.033 0.5
2761 2770 2.958039892 0.02224859546 0.5
2761 2771 2.958039892 0.02224859546 0.5
2762 2772 2.958039892 0.02224859546 0.5
2762 2773 2.958039892 0.02224859546 0.5
2762 2775 3.5 0.033 0.5
2763 2765 2.5 0.015 0.5
2763 2766 2.5 0.015 0.5
2763 2768 2.958039892 0.02224859546 0.5
2764 2765 2.5 0.015 0.5
2764 2766 2.5 0.015 0.5
2764 2768 2.958039892 0.02224859546 0.5
2765 2769 2.958039892 0.02224859546 0.5
2765 2770 2.5 0.015 0.5
2765 2771 2.5 0.015 0.5
2766 2769 2.958039892 0.02224859546 0.5
2766 2770 2.5 0.015 0.5
2766 2771 2.5 0.015 0.5
2768 2776 3.5 0.033 0.5
2768 2777 2.958039892 0.02224859546 0.5
2768 2778 2.958039892 0.02224859546 0.5
2769 2779 2.958039892 0.02224859546 0.5
2769 2780 2.958039892 0.02224859546 0.5
2769 2782 3.5 0.033 0.5
2770 2772 2.5 0.015 0.5
2770 2773 2.5 0.015 0.5
2770 2775 2.958039892 0.02224859546 0.5
2771 2772 2.5 0.015 0.5
2771 2773 2.5 0.015 0.5
2771 2775 2.958039892 0.02224859546 0.5
2772 2776 2.958039892 0.02224859546 0.5
2772 2777 2.5 0.015 0.5
2772 2778 2.5 0.015 0.5
2773 2776 2.958039892 0.02224859546 0.5
2773 2777 2.5 0.015 0.5
2773 2778 2.5 0.015 0.5
2775 2783 3.5 0.033 0.5
2775 2784 2.958039892 0.02224859546 0.5
2775 2785 2.958039892 0.02224859546 0.5
2776 2786 2.958039892 0.02224859546 0.5
2776 2787 2.958039892 0.02224859546 0.5
2776 2789 3.5 0.033 0.5
2777 2779 2.5 0.015 0.5
2777 2780 2.5 0.015 0.5
2777 2782 2.958039892 0.02224859546 0.5
2778 2779 2.5 0.015 0.5
2778 2780 2.5 0.015 0.5
2778 2782 2.958039892 0.02224859546 0.5
2779 2783 2.958039892 0.02224859546 0.5
2779 2784 2.5 0.015 0.5
2779 2785 2.5 0.015 0.5
2780 2783 2.958039892 0.02224859546 0.5
2780 2784 2.5 0.015 0.5
2780 2785 2.5 0.015 0.5
2782 2790 3.5 0.033 0.5
2782 2791 2.958039892 0.02224859546 0.5
2782 2792 2.958039892 0.02224859546 0.5
2783 2793 2.958039892 0.02224859546 0.5
2783 2794 2.958039892 0.02224859546 0.5
2783 2796 3.5 0.033 0.5
2784 2786 2.5 0.015 0.5
2784 2787 2.5 0.015 0.5
2784 2789 2.958039892 0.02224859546 0.5
2785 2786 2.5 0.015 0.5
2785 2787 2.5 0.015 0.5
2785 2789 2.958039892 0.02224859546 0.5
2786 2790 2.958039892 0.02224859546 0.5
2786 2791 2.5 0.015 0.5
2786 2792 2.5 0.015 0.5
2787 2790 2.958039892 0.02224859546 0.5
2787 2791 2.5 0.015 0.5
2787 2792 2.5 0.015 0.5
2789 2797 3.5 0.033 0.5
2789 2798 2.958039892 0.02224859546 0.5
2789 2799 2.958039892 0.02224859546 0.5
2790 2800 2.958039892 0.02224859546 0.5
2790 2801 2.958039892 0.02224859546 0.5
2790 2803 3.5 0.033 0.5
2791 2793 2.5 0.015 0.5
2791 2794 2.5 0.015 0.5
2791 2796 2.958039892 0.02224859546 0.5
2792 2793 2.5 0.015 0.5
2792 2794 2.5 0.015 0.5
2792 2796 2.958039892 0.02224859546 0.5
2793 2797 2.958039892 0.02224859546 0.5
2793 2798 2.5 0.015 0.5
2793 2799 2.5 0.015 0.5
2794 2797 2.958039892 0.02224859546 0.5
2794 2798 2.5 0.015 0.5
2794 2799 2.5 0.015 0.5
2796 2804 3.5 0.033 0.5
2796 2805 2.958039892 0.02224859546 0.5
2796 2806 2.958039892 0.02224859546 0.5
2797 2807 2.958039892 0.02224859546 0.5
2797 2808 2.958039892 0.02224859546 0.5
2797 2810 3.5 0.033 0.5
2798 2800 2.5 0.015 0.5
2798 2801 2.5 0.015 0.5
2798 2803 2.958039892 0.02224859546 0.5
2799 2800 2.5 0.015 0.5
2799 2801 2.5 0.015 0.5
2799 2803 2.958039892 0.02224859546 0.5
2800 2804 2.958039892 0.02224859546 0.5
2800 2805 2.5 0.015 0.5
2800 2806 2.5 0.015 0.5
2801 2804 2.958039892 0.02224859546 0.5
2801 2805 2.5 0.015 0.5
2801 2806 2.5 0.015 0.5
2803 2811 3.5 0.033 0.5
2803 2812 2.958039892 0.02224859546 0.5
2803 2813 2.958039892 0.02224859546 0.5
2804 2814 2.958039892 0.02224859546 0.5
2804 2815 2.958039892 0.02224859546 0.5
2804 2816 2.958039892 0.02224859546 0.5
2805 2807 2.5 0.015 0.5
2805 2808 2.5 0.015 0.5
2805 2810 2.958039892 0.02224859546 0.5
2806 2807 2.5 0.015 0.5
2806 2808 2.5 0.015 0.5
2806 2810 2.958039892 0.02224859546 0.5
2807 2811 2.958039892 0.02224859546 0.5
2807 2812 2.5 0.015 0.5
2807 2813 2.5 0.015 0.5
2808 2811 2.958039892 0.02224859546 0.5
2808 2812 2.5 0.015 0.5
2808 2813 2.5 0.015 0.5
2812 2814 2.5 0.015 0.5
2812 2815 2.5 0.015 0.5
2812 2816 2.5 0.015 0.5
2813 2814 2.5 0.015 0.5
2813 2815 2.5 0.015 0.5
2813 2816 2.5 0.015 0.5
2818 2830 2.958039892 0.02224859546 0.5
2818 2831 2.958039892 0.02224859546 0.5
2818 2833 3.5 0.033 0.5
2819 2827 3.5 0.033 0.5
2819 2828 2.958039892 0.02224859546 0.5
2819 2829 2.958039892 0.02224859546 0.5
2820 2822 2.5 0.015 0.5
2820 2823 2.5 0.015 0.5
2820 2824 2.5 0.015 0.5
2820 2827 2.958039892 0.02224859546 0.5
2820 2828 2.5 0.015 0.5
2820 2829 2.5 0.015 0.5
2821 2822 2.5 0.015 0.5
2821 2823 2.5 0.015 0.5
2821 2824 2.5 0.015 0.5
2821 2827 2.958039892 0.02224859546 0.5
2821 2828 2.5 0.015 0.5
2821 2829 2.5 0.015 0.5
2822 2826 2.958039892 0.02224859546 0.5
2823 2826 2.958039892 0.02224859546 0.5
2824 2826 2.958039892 0.02224859546 0.5
2826 2834 3.5 0.033 0.5
2826 2835 2.958039892 0.02224859546 0.5
2826 2836 2.958039892 0.02224859546 0.5
2827 2837 2.958039892 0.02224859546 0.5
2827 2838 2.958039892 0.02224859546 0.5
2827 2840 3.5 0.033 0.5
2828 2830 2.5 0.015 0.5
2828 2831 2.5 0.015 0.5
2828 2833 2.958039892 0.02224859546 0.5
2829 2830 2.5 0.015 0.5
2829 2831 2.5 0.015 0.5
2829 2833 2.958039892 0.02224859546 0.5
2830 2834 2.958039892 0.02224859546 0.5
2830 2835 2.5 0.015 0.5
2830 2836 2.5 0.015 0.5
2831 2834 2.958039892 0.02224859546 0.5
2831 2835 2.5 0.015 0.5
2831 2836 2.5 0.015 0.5
2833 2841 3.5 0.033 0.5
2833 2842 2.958039892 0.02224859546 0.5
2833 2843 2.958039892 0.02224859546 0.5
2834 2844 2.958039892 0.02224859546 0.5
2834 2845 2.958039892 0.02224859546 0.5
2834 2847 3.5 0.033 0.5
2835 2837 2.5 0.015 0.5
2835 2838 2.5 0.015 0.5
2835 2840 2.958039892 0.02224859546 0.5
2836 2837 2.5 0.015 0.5
2836 2838 2.5 0.015 0.5
2836 2840 2.958039892 0.02224859546 0.5
2837 2841 2.958039892 0.02224859546 0.5
2837 2842 2.5 0.015 0.5
2837 2843 2.5 0.015 0.5
2838 2841 2.958039892 0.02224859546 0.5
2838 2842 2.5 0.015 0.5
2838 2843 2.5 0.015 0.5
2840 2848 3.5 0.033 0.5
2840 2849 2.958039892 0.02224859546 0.5
2840 2850 2.958039892 0.02224859546 0.5
2841 2851 2.958039892 0.02224859546 0.5
2841 2852 2.958039892 0.02224859546 0.5
2841 2854 3.5 0.033 0.5
2842 2844 2.5 0.015 0.5
2842 2845 2.5 0.015 0.5
2842 2847 2.958039892 0.02224859546 0.5
2843 2844 2.5 0.015 0.5
2843 2845 2.5 0.015 0.5
2843 2847 2.958039892 0.02224859546 0.5
2844 2848 2.958039892 0.02224859546 0.5
2844 2849 2.5 0.015 0.5
2844 2850 2.5 0.015 0.5
2845 2848 2.958039892 0.02224859546 0.5
2845 2849 2.5 0.015 0.5
2845 2850 2.5 0.015 0.5
2847 2855 3.5 0.033 0.5
2847 2856 2.958039892 0.02224859546 0.5
2847 2857 2.958039892 0.02224859546 0.5
2848 2858 2.958039892 0.02224859546 0.5
2848 2859 2.958039892 0.02224859546 0.5
2848 2861 3.5 0.033 0.5
2849 2851 2.5 0.015 0.5
2849 2852 2.5 0.015 0.5
2849 2854 2.958039892 0.02224859546 0.5
2850 2851 2.5 0.015 0.5
2850 2852 2.5 0.015 0.5
2850 2854 2.958039892 0.02224859546 0.5
2851 2855 2.958039892 0.02224859546 0.5
2851 2856 2.5 0.015 0.5
2851 2857 2.5 0.015 0.5
2852 2855 2.958039892 0.02224859546 0.5
2852 2856 2.5 0.015 0.5
2852 2857 2.5 0.015 0.5
2854 2862 3.5 0.033 0.5
2854 2863 2.958039892 0.02224859546 0.5
2854 2864 2.958039892 0.02224859546 0.5
2855 2865 2.958039892 0.02224859546 0.5
2855 2866 2.958039892 0.02224859546 0.5
2855 2868 3.5 0.033 0.5
2856 2858 2.5 0.015 0.5
2856 2859 2.5 0.015 0.5
2856 2861 2.958039892 0.02224859546 0.5
2857 2858 2.5 0.015 0.5
2857 2859 2.5 0.015 0.5
2857 2861 2.958039892 0.02224859546 0.5
2858 2862 2.958039892 0.02224859546 0.5
2858 2863 2.5 0.015 0.5
2858 2864 2.5 0.015 0.5
2859 2862 2.958039892 0.02224859546 0.5
2859 2863 2.5 0.015 0.5
2859 2864 2.5 0.015 0.5
2861 2869 3.5 0.033 0.5
2861 2870 2.958039892 0.02224859546 0.5
2861 2871 2.958039892 0.02224859546 0.5
2862 2872 2.958039892 0.02224859546 0.5
2862 2873 2.958039892 0.02224859546 0.5
2862 2875 3.5 0.033 0.5
2863 2865 2.5 0.015 0.5
2863 2866 2.5 0.015 0.5
2863 2868 2.958039892 0.02224859546 0.5
2864 2865 2.5 0.015 0.5
2864 2866 2.5 0.015 0.5
2864 2868 2.958039892 0.02224859546 0.5
2865 2869 2.958039892 0.02224859546 0.5
2865 2870 2.5 0.015 0.5
2865 2871 2.5 0.015 0.5
2866 2869 2.958039892 0.02224859546 0.5
2866 2870 2.5 0.015 0.5
2866 2871 2.5 0.015 0.5
2868 2876 3.5 0.033 0.5
2868 2877 2.958039892 0.02224859546 0.5
2868 2878 2.958039892 0.02224859546 0.5
2869 2879 2.958039892 0.02224859546 0.5
2869 2880 2.958039892 0.02224859546 0.5
2869 2882 3.5 0.033 0.5
2870 2872 2.5 0.015 0.5
2870 2873 2.5 0.015 0.5
2870 2875 2.958039892 0.02224859546 0.5
2871 2872 2.5 0.015 0.5
2871 2873 2.5 0.015 0.5
2871 2875 2.958039892 0.02224859546 0.5
2872 2876 2.958039892 0.02224859546 0.5
2872 2877 2.5 0.015 0.5
2872 2878 2.5 0.015 0.5
2873 2876 2.958039892 0.02224859546 0.5
2873 2877 2.5 0.015 0.5
2873 2878 2.5 0.015 0.5
2875 2883 3.5 0.033 0.5
2875 2884 2.958039892 0.02224859546 0.5
2875 2885 2.958039892 0.02224859546 0.5
2876 2886 2.958039892 0.02224859546 0.5
2876 2887 2.958039892 0.02224859546 0.5
2876 2889 3.5 0.033 0.5
2877 2879 2.5 0.015 0.5
2877 2880 2.5 0.015 0.5
2877 2882 2.958039892 0.02224859546 0.5
2878 2879 2.5 0.015 0.5
2878 2880 2.5 0.015 0.5
2878 2882 2.958039892 0.02224859546 0.5
2879 2883 2.958039892 0.02224859546 0.5
2879 2884 2.5 0.015 0.5
2879 2885 2.5 0.015 0.5
2880 2883 2.958039892 0.02224859546 0.5
2880 2884 2.5 0.015 0.5
2880 2885 2.5 0.015 0.5
2882 2890 3.5 0.033 0.5
2882 2891 2.958039892 0.02224859546 0.5
2882 2892 2.958039892 0.02224859546 0.5
2883 2893 2.958039892 0.02224859546 0.5
2883 2894 2.958039892 0.02224859546 0.5
2883 2896 3.5 0.033 0.5
2884 2886 2.5 0.015 0.5
2884 2887 2.5 0.015 0.5
2884 2889 2.958039892 0.02224859546 0.5
2885 2886 2.5 0.015 0.5
2885 2887 2.5 0.015 0.5
2885 2889 2.958039892 0.02224859546 0.5
2886 2890 2.958039892 0.02224859546 0.5
2886 2891 2.5 0.015 0.5
2886 2892 2.5 0.015 0.5
2887 2890 2.958039892 0.02224859546 0.5
2887 2891 2.5 0.015 0.5
2887 2892 2.5 0.015 0.5
2889 2897 3.5 0.033 0.5
2889 2898 2.958039892 0.02224859546 0.5
2889 2899 2.958039892 0.02224859546 0.5
2890 2900 2.958039892 0.02224859546 0.5
2890 2901 2.958039892 0.02224859546 0.5
2890 2903 3.5 0.033 0.5
2891 2893 2.5 0.015 0.5
2891 2894 2.5 0.015 0.5
2891 2896 2.958039892 0.02224859546 0.5
2892 2893 2.5 0.015 0.5
2892 2894 2.5 0.015 0.5
2892 2896 2.958039892 0.02224859546 0.5
2893 2897 2.958039892 0.02224859546 0.5
2893 2898 2.5 0.015 0.5
2893 2899 2.5 0.015 0.5
2894 2897 2.958039892 0.02224859546 0.5
2894 2898 2.5 0.015 0.5
2894 2899 2.5 0.015 0.5
2896 2904 3.5 0.033 0.5
2896 2905 2.958039892 0.02224859546 0.5
2896 2906 2.958039892 0.02224859546 0.5
2897 2907 2.958039892 0.02224859546 0.5
2897 2908 2.958039892 0.02224859546 0.5
2897 2910 3.5 0.033 0.5
2898 2900 2.5 0.015 0.5
2898 2901 2.5 0.015 0.5
2898 2903 2.958039892 0.02224859546 0.5
2899 2900 2.5 0.015 0.5
2899 2901 2.5 0.015 0.5
2899 2903 2.958039892 0.02224859546 0.5
2900 2904 2.958039892 0.02224859546 0.5
2900 2905 2.5 0.015 0.5
2900 2906 2.5 0.015 0.5
2901 2904 2.958039892 0.02224859546 0.5
2901 2905 2.5 0.015 0.5
2901 2906 2.5 0.015 0.5
2903 2911 3.5 0.033 0.5
2903 2912 2.958039892 0.02224859546 0.5
2903 2913 2.958039892 0.02224859546 0.5
2904 2914 2.958039892 0.02224859546 0.5
2904 2915 2.958039892 0.02224859546 0.5
2904 2917 3.5 0.033 0.5
2905 2907 2.5 0.015 0.5
2905 2908 2.5 0.015 0.5
2905 2910 2.958039892 0.02224859546 0.5
2906 2907 2.5 0.015 0.5
2906 2908 2.5 0.015 0.5
2906 2910 2.958039892 0.02224859546 0.5
2907 2911 2.958039892 0.02224859546 0.5
2907 2912 2.5 0.015 0.5
2907 2913 2.5 0.015 0.5
2908 2911 2.958039892 0.02224859546 0.5
2908 2912 2.5 0.015 0.5
2908 2913 2.5 0.015 0.5
2910 2918 3.5 0.033 0.5
2910 2919 2.958039892 0.02224859546 0.5
2910 2920 2.958039892 0.02224859546 0.5
2911 2921 2.958039892 0.02224859546 0.5
2911 2922 2.958039892 0.02224859546 0.5
2911 2924 3.5 0.033 0.5
2912 2914 2.5 0.015 0.5
2912 2915 2.5 0.015 0.5
2912 2917 2.958039892 0.02224859546 0.5
2913 2914 2.5 0.015 0.5
2913 2915 2.5 0.015 0.5
2913 2917 2.958039892 0.02224859546 0.5
2914 2918 2.958039892 0.02224859546 0.5
2914 2919 2.5 0.015 0.5
2914 2920 2.5 0.015 0.5
2915 2918 2.958039892 0.02224859546 0.5
2915 2919 2.5 0.015 0.5
2915 2920 2.5 0.015 0.5
2917 2925 3.5 0.033 0.5
2917 2926 2.958039892 0.02224859546 0.5
2917 2927 2.958039892 0.02224859546 0.5
2918 2928 2.958039892 0.02224859546 0.5
2918 2929 2.958039892 0.02224859546 0.5
2918 2931 3.5 0.033 0.5
2919 2921 2.5 0.015 0.5
2919 2922 2.5 0.015 0.5
2919 2924 2.958039892 0.02224859546 0.5
2920 2921 2.5 0.015 0.5
2920 2922 2.5 0.015 0.5
2920 2924 2.958039892 0.02224859546 0.5
2921 2925 2.958039892 0.02224859546 0.5
2921 2926 2.5 0.015 0.5
2921 2927 2.5 0.015 0.5
2922 2925 2.958039892 0.02224859546 0.5
2922 2926 2.5 0.015 0.5
2922 2927 2.5 0.015 0.5
2924 2932 3.5 0.033 0.5
2924 2933 2.958039892 0.02224859546 0.5
2924 2934 2.958039892 0.02224859546 0.5
2925 2935 2.958039892 0.02224859546 0.5
2925 2936 2.958039892 0.02224859546 0.5
2925 2938 3.5 0.033 0.5
2926 2928 2.5 0.015 0.5
2926 2929 2.5 0.015 0.5
2926 2931 2.958039892 0.02224859546 0.5
2927 2928 2.5 0.015 0.5
2927 2929 2.5 0.015 0.5
2927 2931 2.958039892 0.02224859546 0.5
2928 2932 2.958039892 0.02224859546 0.5
2928 2933 2.5 0.015 0.5
2928 2934 2.5 0.015 0.5
2929 2932 2.958039892 0.02224859546 0.5
2929 2933 2.5 0.015 0.5
2929 2934 2.5 0.015 0.5
2931 2939 3.5 0.033 0.5
2931 2940 2.958039892 0.02224859546 0.5
2931 2941 2.958039892 0.02224859546 0.5
2932 2942 2.958039892 0.02224859546 0.5
2932 2943 2.958039892 0.02224859546 0.5
2932 2945 3.5 0.033 0.5
2933 2935 2.5 0.015 0.5
2933 2936 2.5 0.015 0.5
2933 2938 2.958039892 0.02224859546 0.5
2934 2935 2.5 0.015 0.5
2934 2936 2.5 0.015 0.5
2934 2938 2.958039892 0.02224859546 0.5
2935 2939 2.958039892 0.02224859546 0.5
2935 2940 2.5 0.015 0.5
2935 2941 2.5 0.015 0.5
2936 2939 2.958039892 0.02224859546 0.5
2936 2940 2.5 0.015 0.5
2936 2941 2.5 0.015 0.5
2938 2946 3.5 0.033 0.5
2938 2947 2.958039892 0.02224859546 0.5
2938 2948 2.958039892 0.02224859546 0.5
2939 2949 2.958039892 0.02224859546 0.5
2939 2950 2.958039892 0.02224859546 0.5
2939 2952 3.5 0.033 0.5
2940 2942 2.5 0.015 0.5
2940 2943 2.5 0.015 0.5
2940 2945 2.958039892 0.02224859546 0.5
2941 2942 2.5 0.015 0.5
2941 2943 2.5 0.015 0.5
2941 2945 2.958039892 0.02224859546 0.5
2942 2946 2.958039892 0.02224859546 0.5
2942 2947 2.5 0.015 0.5
2942 2948 2.5 0.015 0.5
2943 2946 2.958039892 0.02224859546 0.5
2943 2947 2.5 0.015 0.5
2943 2948 2.5 0.015 0.5
2945 2953 3.5 0.033 0.5
2945 2954 2.958039892 0.02224859546 0.5
2945 2955 2.958039892 0.02224859546 0.5
2946 2956 2.958039892 0.02224859546 0.5
2946 2957 2.958039892 0.02224859546 0.5
2946 2959 3.5 0.033 0.5
2947 2949 2.5 0.015 0.5
2947 2950 2.5 0.015 0.5
2947 2952 2.958039892 0.02224859546 0.5
2948 2949 2.5 0.015 0.5
2948 2950 2.5 0.015 0.5
2948 2952 2.958039892 0.02224859546 0.5
2949 2953 2.958039892 0.02224859546 0.5
2949 2954 2.5 0.015 0.5
2949 2955 2.5 0.015 0.5
2950 2953 2.958039892 0.02224859546 0.5
2950 2954 2.5 0.015 0.5
2950 2955 2.5 0.015 0.5
2952 2960 3.5 0.033 0.5
2952 2961 2.958039892 0.02224859546 0.5
2952 2962 2.958039892 0.02224859546 0.5
2953 2963 2.958039892 0.02224859546 0.5
2953 2964 2.958039892 0.02224859546 0.5
2953 2966 3.5 0.033 0.5
2954 2956 2.5 0.015 0.5
2954 2957 2.5 0.015 0.5
2954 2959 2.958039892 0.02224859546 0.5
2955 2956 2.5 0.015 0.5
2955 2957 2.5 0.015 0.5
2955 2959 2.958039892 0.02224859546 0.5
2956 2960 2.958039892 0.02224859546 0.5
2956 2961 2.5 0.015 0.5
2956 2962 2.5 0.015 0.5
2957 2960 2.958039892 0.02224859546 0.5
2957 2961 2.5 0.015 0.5
2957 2962 2.5 0.015 0.5
2959 2967 3.5 0.033 0.5
2959 2968 2.958039892 0.02224859546 0.5
2959 2969 2.958039892 0.02224859546 0.5
2960 2970 2.958039892 0.02224859546 0.5
2960 2971 2.958039892 0.02224859546 0.5
2960 2973 3.5 0.033 0.5
2961 2963 2.5 0.015 0.5
2961 2964 2.5 0.015 0.5
2961 2966 2.958039892 0.02224859546 0.5
2962 2963 2.5 0.015 0.5
2962 2964 2.5 0.015 0.5
2962 2966 2.958039892 0.02224859546 0.5
2963 2967 2.958039892 0.02224859546 0.5
2963 2968 2.5 0.015 0.5
2963 2969 2.5 0.015 0.5
2964 2967 2.958039892 0.02224859546 0.5
2964 2968 2.5 0.015 0.5
2964 2969 2.5 0.015 0.5
2966 2974 3.5 0.033 0.5
2966 2975 2.958039892 0.02224859546 0.5
2966 2976 2.958039892 0.02224859546 0.5
2967 2977 2.958039892 0.02224859546 0.5
2967 2978 2.958039892 0.02224859546 0.5
2967 2980 3.5 0.033 0.5
2968 2970 2.5 0.015 0.5
2968 2971 2.5 0.015 0.5
2968 2973 2.958039892 0.02224859546 0.5
2969 2970 2.5 0.015 0.5
2969 2971 2.5 0.015 0.5
2969 2973 2.958039892 0.02224859546 0.5
2970 2974 2.958039892 0.02224859546 0.5
2970 2975 2.5 0.015 0.5
2970 2976 2.5 0.015 0.5
2971 2974 2.958039892 0.02224859546 0.5
2971 2975 2.5 0.015 0.5
2971 2976 2.5 0.015 0.5
2973 2981 3.5 0.033 0.5
2973 2982 2.958039892 0.02224859546 0.5
2973 2983 2.958039892 0.02224859546 0.5
2974 2984 2.958039892 0.02224859546 0.5
2974 2985 2.958039892 0.02224859546 0.5
2974 2987 3.5 0.033 0.5
2975 2977 2.5 0.015 0.5
2975 2978 2.5 0.015 0.5
2975 2980 2.958039892 0.02224859546 0.5
2976 2977 2.5 0.015 0.5
2976 2978 2.5 0.015 0.5
2976 2980 2.958039892 0.02224859546 0.5
2977 2981 2.958039892 0.02224859546 0.5
2977 2982 2.5 0.015 0.5
2977 2983 2.5 0.015 0.5
2978 2981 2.958039892 0.02224859546 0.5
2978 2982 2.5 0.015 0.5
2978 2983 2.5 0.015 0.5
2980 2988 3.5 0.033 0.5
2980 2989 2.958039892 0.02224859546 0.5
2980 2990 2.958039892 0.02224859546 0.5
2981 2991 2.958039892 0.02224859546 0.5
2981 2992 2.958039892 0.02224859546 0.5
2981 2994 3.5 0.033 0.5
2982 2984 2.5 0.015 0.5
2982 2985 2.5 0.015 0.5
2982 2987 2.958039892 0.02224859546 0.5
2983 2984 2.5 0.015 0.5
2983 2985 2.5 0.015 0.5
2983 2987 2.958039892 0.02224859546 0.5
2984 2988 2.958039892 0.02224859546 0.5
2984 2989 2.5 0.015 0.5
2984 2990 2.5 0.015 0.5
2985 2988 2.958039892 0.02224859546 0.5
2985 2989 2.5 0.015 0.5
2985 2990 2.5 0.015 0.5
2987 2995 3.5 0.033 0.5
2987 2996 2.958039892 0.02224859546 0.5
2987 2997 2.958039892 0.02224859546 0.5
2988 2998 2.958039892 0.02224859546 0.5
2988 2999 2.958039892 0.02224859546 0.5
2988 3001 3.5 0.033 0.5
2989 2991 2.5 0.015 0.5
2989 2992 2.5 0.015 0.5
2989 2994 2.958039892 0.02224859546 0.5
2990 2991 2.5 0.015 0.5
2990 2992 2.5 0.015 0.5
2990 2994 2.958039892 0.02224859546 0.5
2991 2995 2.958039892 0.02224859546 0.5
2991 2996 2.5 0.015 0.5
2991 2997 2.5 0.015 0.5
2992 2995 2.958039892 0.02224859546 0.5
2992 2996 2.5 0.015 0.5
2992 2997 2.5 0.015 0.5
2994 3002 3.5 0.033 0.5
2994 3003 2.958039892 0.02224859546 0.5
2994 3004 2.958039892 0.02224859546 0.5
2995 3005 2.958039892 0.02224859546 0.5
2995 3006 2.958039892 0.02224859546 0.5
2995 3008 3.5 0.033 0.5
2996 2998 2.5 0.015 0.5
2996 2999 2.5 0.015 0.5
2996 3001 2.958039892 0.02224859546 0.5
2997 2998 2.5 0.015 0.5
2997 2999 2.5 0.015 0.5
2997 3001 2.958039892 0.02224859546 0.5
2998 3002 2.958039892 0.02224859546 0.5
2998 3003 2.5 0.015 0.5
2998 3004 2.5 0.015 0.5
2999 3002 2.958039892 0.02224859546 0.5
2999 3003 2.5 0.015 0.5
2999 3004 2.5 0.015 0.5
3001 3009 3.5 0.033 0.5
3001 3010 2.958039892 0.02224859546 0.5
3001 3011 2.958039892 0.02224859546 0.5
3002 3012 2.958039892 0.02224859546 0.5
3002 3013 2.958039892 0.02224859546 0.5
3002 3015 3.5 0.033 0.5
3003 3005 2.5 0.015 0.5
3003 3006 2.5 0.015 0.5
3003 3008 2.958039892 0.02224859546 0.5
3004 3005 2.5 0.015 0.5
3004 3006 2.5 0.015 0.5
3004 3008 2.958039892 0.02224859546 0.5
3005 3009 2.958039892 0.02224859546 0.5
3005 3010 2.5 0.015 0.5
3005 3011 2.5 0.015 0.5
3006 3009 2.958039892 0.02224859546 0.5
3006 3010 2.5 0.015 0.5
3006 3011 2.5 0.015 0.5
3008 3016 3.5 0.033 0.5
3008 3017 2.958039892 0.02224859546 0.5
3008 3018 2.958039892 0.02224859546 0.5
3009 3019 2.958039892 0.02224859546 0.5
3009 3020 2.958039892 0.02224859546 0.5
3009 3022 3.5 0.033 0.5
3010 3012 2.5 0.015 0.5
3010 3013 2.5 0.015 0.5
3010 3015 2.958039892 0.02224859546 0.5
3011 3012 2.5 0.015 0.5
3011 3013 2.5 0.015 0.5
3011 3015 2.958039892 0.02224859546 0.5
3012 3016 2.958039892 0.02224859546 0.5
3012 3017 2.5 0.015 0.5
3012 3018 2.5 0.015 0.5
3013 3016 2.958039892 0.02224859546 0.5
3013 3017 2.5 0.015 0.5
3013 3018 2.5 0.015 0.5
3015 3023 3.5 0.033 0.5
3015 3024 2.958039892 0.02224859546 0.5
3015 3025 2.958039892 0.02224859546 0.5
3016 3026 2.958039892 0.02224859546 0.5
3016 3027 2.958039892 0.02224859546 0.5
3016 3029 3.5 0.033 0.5
3017 3019 2.5 0.015 0.5
3017 3020 2.5 0.015 0.5
3017 3022 2.958039892 0.02224859546 0.5
3018 3019 2.5 0.015 0.5
3018 3020 2.5 0.015 0.5
3018 3022 2.958039892 0.02224859546 0.5
3019 3023 2.958039892 0.02224859546 0.5
3019 3024 2.5 0.015 0.5
3019 3025 2.5 0.015 0.5
3020 3023 2.958039892 0.02224859546 0.5
3020 3024 2.5 0.015 0.5
3020 3025 2.5 0.015 0.5
3022 3030 3.5 0.033 0.5
3022 3031 2.958039892 0.02224859546 0.5
3022 3032 2.958039892 0.02224859546 0.5
3023 3033 2.958039892 0.02224859546 0.5
3023 3034 2.958039892 0.02224859546 0.5
3023 3036 3.5 0.033 0.5
3024 3026 2.5 0.015 0.5
3024 3027 2.5 0.015 0.5
3024 3029 2.958039892 0.02224859546 0.5
3025 3026 2.5 0.015 0.5
3025 3027 2.5 0.015 0.5
3025 3029 2.958039892 0.02224859546 0.5
3026 3030 2.958039892 0.02224859546 0.5
3026 3031 2.5 0.015 0.5
3026 3032 2.5 0.015 0.5
3027 3030 2.958039892 0.02224859546 0.5
3027 3031 2.5 0.015 0.5
3027 3032 2.5 0.015 0.5
3029 3037 3.5 0.033 0.5
3029 3038 2.958039892 0.02224859546 0.5
3029 3039 2.958039892 0.02224859546 0.5
3030 3040 2.958039892 0.02224859546 0.5
3030 3041 2.958039892 0.02224859546 0.5
3030 3043 3.5 0.033 0.5
3031 3033 2.5 0.015 0.5
3031 3034 2.5 0.015 0.5
3031 3036 2.958039892 0.02224859546 0.5
3032 3033 2.5 0.015 0.5
3032 3034 2.5 0.015 0.5
3032 3036 2.958039892 0.02224859546 0.5
3033 3037 2.958039892 0.02224859546 0.5
3033 3038 2.5 0.015 0.5
3033 3039 2.5 0.015 0.5
3034 3037 2.958039892 0.02224859546 0.5
3034 3038 2.5 0.015 0.5
3034 3039 2.5 0.015 0.5
3036 3044 3.5 0.033 0.5
3036 3045 2.958039892 0.02224859546 0.5
3036 3046 2.958039892 0.02224859546 0.5
3037 3047 2.958039892 0.02224859546 0.5
3037 3048 2.958039892 0.02224859546 0.5
3037 3050 3.5 0.033 0.5
3038 3040 2.5 0.015 0.5
3038 3041 2.5 0.015 0.5
3038 3043 2.958039892 0.02224859546 0.5
3039 3040 2.5 0.015 0.5
3039 3041 2.5 0.015 0.5
3039 3043 2.958039892 0.02224859546 0.5
3040 3044 2.958039892 0.02224859546 0.5
3040 3045 2.5 0.015 0.5
3040 3046 2.5 0.015 0.5
3041 3044 2.958039892 0.02224859546 0.5
3041 3045 2.5 0.015 0.5
3041 3046 2.5 0.015 0.5
3043 3051 3.5 0.033 0.5
3043 3052 2.958039892 0.02224859546 0.5
3043 3053 2.958039892 0.02224859546 0.5
3044 3054 2.958039892 0.02224859546 0.5
3044 3055 2.958039892 0.02224859546 0.5
3044 3057 3.5 0.033 0.5
3045 3047 2.5 0.015 0.5
3045 3048 2.5 0.015 0.5
3045 3050 2.958039892 0.02224859546 0.5
3046 3047 2.5 0.015 0.5
3046 3048 2.5 0.015 0.5
3046 3050 2.958039892 0.02224859546 0.5
3047 3051 2.958039892 0.02224859546 0.5
3047 3052 2.5 0.015 0.5
3047 3053 2.5 0.015 0.5
3048 3051 2.958039892 0.02224859546 0.5
3048 3052 2.5 0.015 0.5
3048 3053 2.5 0.015 0.5
3050 3058 3.5 0.033 0.5
3050 3059 2.958039892 0.02224859546 0.5
3050 3060 2.958039892 0.02224859546 0.5
3051 3061 2.958039892 0.02224859546 0.5
3051 3062 2.958039892 0.02224859546 0.5
3051 3064 3.5 0.033 0.5
3052 3054 2.5 0.015 0.5
3052 3055 2.5 0.015 0.5
3052 3057 2.958039892 0.02224859546 0.5
3053 3054 2.5 0.015 0.5
3053 3055 2.5 0.015 0.5
3053 3057 2.958039892 0.02224859546 0.5
3054 3058 2.958039892 0.02224859546 0.5
3054 3059 2.5 0.015 0.5
3054 3060 2.5 0.015 0.5
3055 3058 2.958039892 0.02224859546 0.5
3055 3059 2.5 0.015 0.5
3055 3060 2.5 0.015 0.5
3057 3065 3.5 0.033 0.5
3057 3066 2.958039892 0.02224859546 0.5
3057 3067 2.958039892 0.02224859546 0.5
3058 3068 2.958039892 0.02224859546 0.5
3058 3069 2.958039892 0.02224859546 0.5
3058 3071 3.5 0.033 0.5
3059 3061 2.5 0.015 0.5
3059 3062 2.5 0.015 0.5
3059 3064 2.958039892 0.02224859546 0.5
3060 3061 2.5 0.015 0.5
3060 3062 2.5 0.015 0.5
3060 3064 2.958039892 0.02224859546 0.5
3061 3065 2.958039892 0.02224859546 0.5
3061 3066 2.5 0.015 0.5
3061 3067 2.5 0.015 0.5
3062 3065 2.958039892 0.02224859546 0.5
3062 3066 2.5 0.015 0.5
3062 3067 2.5 0.015 0.5
3064 3072 3.5 0.033 0.5
3064 3073 2.958039892 0.02224859546 0.5
3064 3074 2.958039892 0.02224859546 0.5
3065 3075 2.958039892 0.02224859546 0.5
3065 3076 2.958039892 0.02224859546 0.5
3065 3078 3.5 0.033 0.5
3066 3068 2.5 0.015 0.5
3066 3069 2.5 0.015 0.5
3066 3071 2.958039892 0.02224859546 0.5
3067 3068 2.5 0.015 0.5
3067 3069 2.5 0.015 0.5
3067 3071 2.958039892 0.02224859546 0.5
3068 3072 2.958039892 0.02224859546 0.5
3068 3073 2.5 0.015 0.5
3068 3074 2.5 0.015 0.5
3069 3072 2.958039892 0.02224859546 0.5
3069 3073 2.5 0.015 0.5
3069 3074 2.5 0.015 0.5
3071 3079 3.5 0.033 0.5
3071 3080 2.958039892 0.02224859546 0.5
3071 3081 2.958039892 0.02224859546 0.5
3072 3082 2.958039892 0.02224859546 0.5
3072 3083 2.958039892 0.02224859546 0.5
3072 3085 3.5 0.033 0.5
3073 3075 2.5 0.015 0.5
3073 3076 2.5 0.015 0.5
3073 3078 2.958039892 0.02224859546 0.5
3074 3075 2.5 0.015 0.5
3074 3076 2.5 0.015 0.5
3074 3078 2.958039892 0.02224859546 0.5
3075 3079 2.958039892 0.02224859546 0.5
3075 3080 2.5 0.015 0.5
3075 3081 2.5 0.015 0.5
3076 3079 2.958039892 0.02224859546 0.5
3076 3080 2.5 0.015 0.5
3076 3081 2.5 0.015 0.5
3078 3086 3.5 0.033 0.5
3078 3087 2.958039892 0.02224859546 0.5
3078 3088 2.958039892 0.02224859546 0.5
3079 3089 2.958039892 0.02224859546 0.5
3079 3090 2.958039892 0.02224859546 0.5
3079 3092 3.5 0.033 0.5
3080 3082 2.5 0.015 0.5
3080 3083 2.5 0.015 0.5
3080 3085 2.958039892 0.02224859546 0.5
3081 3082 2.5 0.015 0.5
3081 3083 2.5 0.015 0.5
3081 3085 2.958039892 0.02224859546 0.5
3082 3086 2.958039892 0.02224859546 0.5
3082 3087 2.5 0.015 0.5
3082 3088 2.5 0.015 0.5
3083 3086 2.958039892 0.02224859546 0.5
3083 3087 2.5 0.015 0.5
3083 3088 2.5 0.015 0.5
3085 3093 3.5 0.033 0.5
3085 3094 2.958039892 0.02224859546 0.5
3085 3095 2.958039892 0.02224859546 0.5
3086 3096 2.958039892 0.02224859546 0.5
3086 3097 2.958039892 0.02224859546 0.5
3086 3099 3.5 0.033 0.5
3087 3089 2.5 0.015 0.5
3087 3090 2.5 0.015 0.5
3087 3092 2.958039892 0.02224859546 0.5
3088 3089 2.5 0.015 0.5
3088 3090 2.5 0.015 0.5
3088 3092 2.958039892 0.02224859546 0.5
3089 3093 2.958039892 0.02224859546 0.5
3089 3094 2.5 0.015 0.5
3089 3095 2.5 0.015 0.5
3090 3093 2.958039892 0.02224859546 0.5
3090 3094 2.5 0.015 0.5
3090 3095 2.5 0.015 0.5
3092 3100 3.5 0.033 0.5
3092 3101 2.958039892 0.02224859546 0.5
3092 3102 2.958039892 0.02224859546 0.5
3093 3103 2.958039892 0.02224859546 0.5
3093 3104 2.958039892 0.02224859546 0.5
3093 3106 3.5 0.033 0.5
3094 3096 2.5 0.015 0.5
3094 3097 2.5 0.015 0.5
3094 3099 2.958039892 0.02224859546 0.5
3095 3096 2.5 0.015 0.5
3095 3097 2.5 0.015 0.5
3095 3099 2.958039892 0.02224859546 0.5
3096 3100 2.958039892 0.02224859546 0.5
3096 3101 2.5 0.015 0.5
3096 3102 2.5 0.015 0.5
3097 3100 2.958039892 0.02224859546 0.5
3097 3101 2.5 0.015 0.5
3097 3102 2.5 0.015 0.5
3099 3107 3.5 0.033 0.5
3099 3108 2.958039892 0.02224859546 0.5
3099 3109 2.958039892 0.02224859546 0.5
3100 3110 2.958039892 0.02224859546 0.5
3100 3111 2.958039892 0.02224859546 0.5
3100 3113 3.5 0.033 0.5
3101 3103 2.5 0.015 0.5
3101 3104 2.5 0.015 0.5
3101 3106 2.958039892 0.02224859546 0.5
3102 3103 2.5 0.015 0.5
3102 3104 2.5 0.015 0.5
3102 3106 2.958039892 0.02224859546 0.5
3103 3107 2.958039892 0.02224859546 0.5
3103 3108 2.5 0.015 0.5
3103 3109 2.5 0.015 0.5
3104 3107 2.958039892 0.02224859546 0.5
3104 3108 2.5 0.015 0.5
3104 3109 2.5 0.015 0.5
3106 3114 3.5 0.033 0.5
3106 3115 2.958039892 0.02224859546 0.5
3106 3116 2.958039892 0.02224859546 0.5
3107 3117 2.958039892 0.02224859546 0.5
3107 3118 2.958039892 0.02224859546 0.5
3107 3120 3.5 0.033 0.5
3108 3110 2.5 0.015 0.5
3108 3111 2.5 0.015 0.5
3108 3113 2.958039892 0.02224859546 0.5
3109 3110 2.5 0.015 0.5
3109 3111 2.5 0.015 0.5
3109 3113 2.958039892 0.02224859546 0.5
3110 3114 2.958039892 0.02224859546 0.5
3110 3115 2.5 0.015 0.5
3110 3116 2.5 0.015 0.5
3111 3114 2.958039892 0.02224859546 0.5
3111 3115 2.5 0.015 0.5
3111 3116 2.5 0.015 0.5
3113 3121 3.5 0.033 0.5
3113 3122 2.958039892 0.02224859546 0.5
3113 3123 2.958039892 0.02224859546 0.5
3114 3124 2.958039892 0.02224859546 0.5
3114 3125 2.958039892 0.02224859546 0.5
3114 3127 3.5 0.033 0.5
3115 3117 2.5 0.015 0.5
3115 3118 2.5 0.015 0.5
3115 3120 2.958039892 0.02224859546 0.5
3116 3117 2.5 0.015 0.5
3116 3118 2.5 0.015 0.5
3116 3120 2.958039892 0.02224859546 0.5
3117 3121 2.958039892 0.02224859546 0.5
3117 3122 2.5 0.015 0.5
3117 3123 2.5 0.015 0.5
3118 3121 2.958039892 0.02224859546 0.5
3118 3122 2.5 0.015 0.5
3118 3123 2.5 0.015 0.5
3120 3128 3.5 0.033 0.5
3120 3129 2.958039892 0.02224859546 0.5
3120 3130 2.958039892 0.02224859546 0.5
3121 3131 2.958039892 0.02224859546 0.5
3121 3132 2.958039892 0.02224859546 0.5
3121 3134 3.5 0.033 0.5
3122 3124 2.5 0.015 0.5
3122 3125 2.5 0.015 0.5
3122 3127 2.958039892 0.02224859546 0.5
3123 3124 2.5 0.015 0.5
3123 3125 2.5 0.015 0.5
3123 3127 2.958039892 0.02224859546 0.5
3124 3128 2.958039892 0.02224859546 0.5
3124 3129 2.5 0.015 0.5
3124 3130 2.5 0.015 0.5
3125 3128 2.958039892 0.02224859546 0.5
3125 3129 2.5 0.015 0.5
3125 3130 2.5 0.015 0.5
3127 3135 3.5 0.033 0.5
3127 3136 2.958039892 0.02224859546 0.5
3127 3137 2.958039892 0.02224859546 0.5
3128 3138 2.958039892 0.02224859546 0.5
3128 3139 2.958039892 0.02224859546 0.5
3128 3141 3.5 0.033 0.5
3129 3131 2.5 0.015 0.5
3129 3132 2.5 0.015 0.5
3129 3134 2.958039892 0.02224859546 0.5
3130 3131 2.5 0.015 0.5
3130 3132 2.5 0.015 0.5
3130 3134 2.958039892 0.02224859546 0.5
3131 3135 2.958039892 0.02224859546 0.5
3131 3136 2.5 0.015 0.5
3131 3137 2.5 0.015 0.5
3132 3135 2.958039892 0.02224859546 0.5
3132 3136 2.5 0.015 0.5
3132 3137 2.5 0.015 0.5
3134 3142 3.5 0.033 0.5
3134 3143 2.958039892 0.02224859546 0.5
3134 3144 2.958039892 0.02224859546 0.5
3135 3145 2.958039892 0.02224859546 0.5
3135 3146 2.958039892 0.02224859546 0.5
3135 3148 3.5 0.033 0.5
3136 3138 2.5 0.015 0.5
3136 3139 2.5 0.015 0.5
3136 3141 2.958039892 0.02224859546 0.5
3137 3138 2.5 0.015 0.5
3137 3139 2.5 0.015 0.5
3137 3141 2.958039892 0.02224859546 0.5
3138 3142 2.958039892 0.02224859546 0.5
3138 3143 2.5 0.015 0.5
3138 3144 2.5 0.015 0.5
3139 3142 2.958039892 0.02224859546 0.5
3139 3143 2.5 0.015 0.5
3139 3144 2.5 0.015 0.5
3141 3149 3.5 0.033 0.5
3141 3150 2.958039892 0.02224859546 0.5
3141 3151 2.958039892 0.02224859546 0.5
3142 3152 2.958039892 0.02224859546 0.5
3142 3153 2.958039892 0.02224859546 0.5
3142 3155 3.5 0.033 0.5
3143 3145 2.5 0.015 0.5
3143 3146 2.5 0.015 0.5
3143 3148 2.958039892 0.02224859546 0.5
3144 3145 2.5 0.015 0.5
3144 3146 2.5 0.015 0.5
3144 3148 2.958039892 0.02224859546 0.5
3145 3149 2.958039892 0.02224859546 0.5
3145 3150 2.5 0.015 0.5
3145 3151 2.5 0.015 0.5
3146 3149 2.958039892 0.02224859546 0.5
3146 3150 2.5 0.015 0.5
3146 3151 2.5 0.015 0.5
3148 3156 3.5 0.033 0.5
3148 3157 2.958039892 0.02224859546 0.5
3148 3158 2.958039892 0.02224859546 0.5
3149 3159 2.958039892 0.02224859546 0.5
3149 3160 2.958039892 0.02224859546 0.5
3149 3162 3.5 0.033 0.5
3150 3152 2.5 0.015 0.5
3150 3153 2.5 0.015 0.5
3150 3155 2.958039892 0.02224859546 0.5
3151 3152 2.5 0.015 0.5
3151 3153 2.5 0.015 0.5
3151 3155 2.958039892 0.02224859546 0.5
3152 3156 2.958039892 0.02224859546 0.5
3152 3157 2.5 0.015 0.5
3152 3158 2.5 0.015 0.5
3153 3156 2.958039892 0.02224859546 0.5
3153 3157 2.5 0.015 0.5
3153 3158 2.5 0.015 0.5
3155 3163 3.5 0.033 0.5
3155 3164 2.958039892 0.02224859546 0.5
3155 3165 2.958039892 0.02224859546 0.5
3156 3166 2.958039892 0.02224859546 0.5
3156 3167 2.958039892 0.02224859546 0.5
3156 3168 2.958039892 0.02224859546 0.5
3157 3159 2.5 0.015 0.5
3157 3160 2.5 0.015 0.5
3157 3162 2.958039892 0.02224859546 0.5
3158 3159 2.5 0.015 0.5
3158 3160 2.5 0.015 0.5
3158 3162 2.958039892 0.02224859546 0.5
3159 3163 2.958039892 0.02224859546 0.5
3159 3164 2.5 0.015 0.5
3159 3165 2.5 0.015 0.5
3160 3163 2.958039892 0.02224859546 0.5
3160 3164 2.5 0.015 0.5
3160 3165 2.5 0.015 0.5
3164 3166 2.5 0.015 0.5
3164 3167 2.5 0.015 0.5
3164 3168 2.5 0.015 0.5
3165 3166 2.5 0.015 0.5
3165 3167 2.5 0.015 0.5
3165 3168 2.5 0.015 0.5
3170 3182 2.958039892 0.02224859546 0.5
3170 3183 2.958039892 0.02224859546 0.5
3170 3185 3.5 0.033 0.5
3171 3179 3.5 0.033 0.5
3171 3180 2.958039892 0.02224859546 0.5
3171 3181 2.958039892 0.02224859546 0.5
3172 3174 2.5 0.015 0.5
3172 3175 2.5 0.015 0.5
3172 3176 2.5 0.015 0.5
3172 3179 2.958039892 0.02224859546 0.5
3172 3180 2.5 0.015 0.5
3172 3181 2.5 0.015 0.5
3173 3174 2.5 0.015 0.5
3173 3175 2.5 0.015 0.5
3173 3176 2.5 0.015 0.5
3173 3179 2.958039892 0.02224859546 0.5
3173 3180 2.5 0.015 0.5
3173 3181 2.5 0.015 0.5
3174 3178 2.958039892 0.02224859546 0.5
3175 3178 2.958039892 0.02224859546 0.5
3176 3178 2.958039892 0.02224859546 0.5
3178 3186 3.5 0.033 0.5
3178 3187 2.958039892 0.02224859546 0.5
3178 3188 2.958039892 0.02224859546 0.5
3179 3189 2.958039892 0.02224859546 0.5
3179 3190 2.958039892 0.02224859546 0.5
3179 3192 3.5 0.033 0.5
3180 3182 2.5 0.015 0.5
3180 3183 2.5 0.015 0.5
3180 3185 2.958039892 0.02224859546 0.5
3181 3182 2.5 0.015 0.5
3181 3183 2.5 0.015 0.5
3181 3185 2.958039892 0.02224859546 0.5
3182 3186 2.958039892 0.02224859546 0.5
3182 3187 2.5 0.015 0.5
3182 3188 2.5 0.015 0.5
3183 3186 2.958039892 0.02224859546 0.5
3183 3187 2.5 0.015 0.5
3183 3188 2.5 0.015 0.5
3185 3193 3.5 0.033 0.5
3185 3194 2.958039892 0.02224859546 0.5
3185 3195 2.958039892 0.02224859546 0.5
3186 3196 2.958039892 0.02224859546 0.5
3186 3197 2.958039892 0.02224859546 0.5
3186 3199 3.5 0.033 0.5
3187 3189 2.5 0.015 0.5
3187 3190 2.5 0.015 0.5
3187 3192 2.958039892 0.02224859546 0.5
3188 3189 2.5 0.015 0.5
3188 3190 2.5 0.015 0.5
3188 3192 2.958039892 0.02224859546 0.5
3189 3193 2.958039892 0.02224859546 0.5
3189 3194 2.5 0.015 0.5
3189 3195 2.5 0.015 0.5
3190 3193 2.958039892 0.02224859546 0.5
3190 3194 2.5 0.015 0.5
3190 3195 2.5 0.015 0.5
3192 3200 3.5 0.033 0.5
3192 3201 2.958039892 0.02224859546 0.5
3192 3202 2.958039892 0.02224859546 0.5
3193 3203 2.958039892 0.02224859546 0.5
3193 3204 2.958039892 0.02224859546 0.5
3193 3206 3.5 0.033 0.5
3194 3196 2.5 0.015 0.5
3194 3197 2.5 0.015 0.5
3194 3199 2.958039892 0.02224859546 0.5
3195 3196 2.5 0.015 0.5
3195 3197 2.5 0.015 0.5
3195 3199 2.958039892 0.02224859546 0.5
3196 3200 2.958039892 0.02224859546 0.5
3196 3201 2.5 0.015 0.5
3196 3202 2.5 0.015 0.5
3197 3200 2.958039892 0.02224859546 0.5
3197 3201 2.5 0.015 0.5
3197 3202 2.5 0.015 0.5
3199 3207 3.5 0.033 0.5
3199 3208 2.958039892 0.02224859546 0.5
3199 3209 2.958039892 0.02224859546 0.5
3200 3210 2.958039892 0.02224859546 0.5
3200 3211 2.958039892 0.02224859546 0.5
3200 3213 3.5 0.033 0.5
3201 3203 2.5 0.015 0.5
3201 3204 2.5 0.015 0.5
3201 3206 2.958039892 0.02224859546 0.5
3202 3203 2.5 0.015 0.5
3202 3204 2.5 0.015 0.5
3202 3206 2.958039892 0.02224859546 0.5
3203 3207 2.958039892 0.02224859546 0.5
3203 3208 2.5 0.015 0.5
3203 3209 2.5 0.015 0.5
3204 3207 2.958039892 0.02224859546 0.5
3204 3208 2.5 0.015 0.5
3204 3209 2.5 0.015 0.5
3206 3214 3.5 0.033 0.5
3206 3215 2.958039892 0.02224859546 0.5
3206 3216 2.958039892 0.02224859546 0.5
3207 3217 2.958039892 0.02224859546 0.5
3207 3218 2.958039892 0.02224859546 0.5
3207 3220 3.5 0.033 0.5
3208 3210 2.5 0.015 0.5
3208 3211 2.5 0.015 0.5
3208 3213 2.958039892 0.02224859546 0.5
3209 3210 2.5 0.015 0.5
3209 3211 2.5 0.015 0.5
3209 3213 2.958039892 0.02224859546 0.5
3210 3214 2.958039892 0.02224859546 0.5
3210 3215 2.5 0.015 0.5
3210 3216 2.5 0.015 0.5
3211 3214 2.958039892 0.02224859546 0.5
3211 3215 2.5 0.015 0.5
3211 3216 2.5 0.015 0.5
3213 3221 3.5 0.033 0.5
3213 3222 2.958039892 0.02224859546 0.5
3213 3223 2.958039892 0.02224859546 0.5
3214 3224 2.958039892 0.02224859546 0.5
3214 3225 2.958039892 0.02224859546 0.5
3214 3227 3.5 0.033 0.5
3215 3217 2.5 0.015 0.5
3215 3218 2.5 0.015 0.5
3215 3220 2.958039892 0.02224859546 0.5
3216 3217 2.5 0.015 0.5
3216 3218 2.5 0.015 0.5
3216 3220 2.958039892 0.02224859546 0.5
3217 3221 2.958039892 0.02224859546 0.5
3217 3222 2.5 0.015 0.5
3217 3223 2.5 0.015 0.5
3218 3221 2.958039892 0.02224859546 0.5
3218 3222 2.5 0.015 0.5
3218 3223 2.5 0.015 0.5
3220 3228 3.5 0.033 0.5
3220 3229 2.958039892 0.02224859546 0.5
3220 3230 2.958039892 0.02224859546 0.5
3221 3231 2.958039892 0.02224859546 0.5
3221 3232 2.958039892 0.02224859546 0.5
3221 3234 3.5 0.033 0.5
3222 3224 2.5 0.015 0.5
3222 3225 2.5 0.015 0.5
3222 3227 2.958039892 0.02224859546 0.5
3223 3224 2.5 0.015 0.5
3223 3225 2.5 0.015 0.5
3223 3227 2.958039892 0.02224859546 0.5
3224 3228 2.958039892 0.02224859546 0.5
3224 3229 2.5 0.015 0.5
3224 3230 2.5 0.015 0.5
3225 3228 2.958039892 0.02224859546 0.5
3225 3229 2.5 0.015 0.5
3225 3230 2.5 0.015 0.5
3227 3235 3.5 0.033 0.5
3227 3236 2.958039892 0.02224859546 0.5
3227 3237 2.958039892 0.02224859546 0.5
3228 3238 2.958039892 0.02224859546 0.5
3228 3239 2.958039892 0.02224859546 0.5
3228 3241 3.5 0.033 0.5
3229 3231 2.5 0.015 0.5
3229 3232 2.5 0.015 0.5
3229 3234 2.958039892 0.02224859546 0.5
3230 3231 2.5 0.015 0.5
3230 3232 2.5 0.015 0.5
3230 3234 2.958039892 0.02224859546 0.5
3231 3235 2.958039892 0.02224859546 0.5
3231 3236 2.5 0.015 0.5
3231 3237 2.5 0.015 0.5
3232 3235 2.958039892 0.02224859546 0.5
3232 3236 2.5 0.015 0.5
3232 3237 2.5 0.015 0.5
3234 3242 3.5 0.033 0.5
3234 3243 2.958039892 0.02224859546 0.5
3234 3244 2.958039892 0.02224859546 0.5
3235 3245 2.958039892 0.02224859546 0.5
3235 3246 2.958039892 0.02224859546 0.5
3235 3248 3.5 0.033 0.5
3236 3238 2.5 0.015 0.5
3236 3239 2.5 0.015 0.5
3236 3241 2.958039892 0.02224859546 0.5
3237 3238 2.5 0.015 0.5
3237 3239 2.5 0.015 0.5
3237 3241 2.958039892 0.02224859546 0.5
3238 3242 2.958039892 0.02224859546 0.5
3238 3243 2.5 0.015 0.5
3238 3244 2.5 0.015 0.5
3239 3242 2.958039892 0.02224859546 0.5
3239 3243 2.5 0.015 0.5
3239 3244 2.5 0.015 0.5
3241 3249 3.5 0.033 0.5
3241 3250 2.958039892 0.02224859546 0.5
3241 3251 2.958039892 0.02224859546 0.5
3242 3252 2.958039892 0.02224859546 0.5
3242 3253 2.958039892 0.02224859546 0.5
3242 3255 3.5 0.033 0.5
3243 3245 2.5 0.015 0.5
3243 3246 2.5 0.015 0.5
3243 3248 2.958039892 0.02224859546 0.5
3244 3245 2.5 0.015 0.5
3244 3246 2.5 0.015 0.5
3244 3248 2.958039892 0.02224859546 0.5
3245 3249 2.958039892 0.02224859546 0.5
3245 3250 2.5 0.015 0.5
3245 3251 2.5 0.015 0.5
3246 3249 2.958039892 0.02224859546 0.5
3246 3250 2.5 0.015 0.5
3246 3251 2.5 0.015 0.5
3248 3256 3.5 0.033 0.5
3248 3257 2.958039892 0.02224859546 0.5
3248 3258 2.958039892 0.02224859546 0.5
3249 3259 2.958039892 0.02224859546 0.5
3249 3260 2.958039892 0.02224859546 0.5
3249 3262 3.5 0.033 0.5
3250 3252 2.5 0.015 0.5
3250 3253 2.5 0.015 0.5
3250 3255 2.958039892 0.02224859546 0.5
3251 3252 2.5 0.015 0.5
3251 3253 2.5 0.015 0.5
3251 3255 2.958039892 0.02224859546 0.5
3252 3256 2.958039892 0.02224859546 0.5
3252 3257 2.5 0.015 0.5
3252 3258 2.5 0.015 0.5
3253 3256 2.958039892 0.02224859546 0.5
3253 3257 2.5 0.015 0.5
3253 3258 2.5 0.015 0.5
3255 3263 3.5 0.033 0.5
3255 3264 2.958039892 0.02224859546 0.5
3255 3265 2.958039892 0.02224859546 0.5
3256 3266 2.958039892 0.02224859546 0.5
3256 3267 2.958039892 0.02224859546 0.5
3256 3269 3.5 0.033 0.5
3257 3259 2.5 0.015 0.5
3257 3260 2.5 0.015 0.5
3257 3262 2.958039892 0.02224859546 0.5
3258 3259 2.5 0.015 0.5
3258 3260 2.5 0.015 0.5
3258 3262 2.958039892 0.02224859546 0.5
3259 3263 2.958039892 0.02224859546 0.5
3259 3264 2.5 0.015 0.5
3259 3265 2.5 0.015 0.5
3260 3263 2.958039892 0.02224859546 0.5
3260 3264 2.5 0.015 0.5
3260 3265 2.5 0.015 0.5
3262 3270 3.5 0.033 0.5
3262 3271 2.958039892 0.02224859546 0.5
3262 3272 2.958039892 0.02224859546 0.5
3263 3273 2.958039892 0.02224859546 0.5
3263 3274 2.958039892 0.02224859546 0.5
3263 3276 3.5 0.033 0.5
3264 3266 2.5 0.015 0.5
3264 3267 2.5 0.015 0.5
3264 3269 2.958039892 0.02224859546 0.5
3265 3266 2.5 0.015 0.5
3265 3267 2.5 0.015 0.5
3265 3269 2.958039892 0.02224859546 0.5
3266 3270 2.958039892 0.02224859546 0.5
3266 3271 2.5 0.015 0.5
3266 3272 2.5 0.015 0.5
3267 3270 2.958039892 0.02224859546 0.5
3267 3271 2.5 0.015 0.5
3267 3272 2.5 0.015 0.5
3269 3277 3.5 0.033 0.5
3269 3278 2.958039892 0.02224859546 0.5
3269 3279 2.958039892 0.02224859546 0.5
3270 3280 2.958039892 0.02224859546 0.5
3270 3281 2.958039892 0.02224859546 0.5
3270 3283 3.5 0.033 0.5
3271 3273 2.5 0.015 0.5
3271 3274 2.5 0.015 0.5
3271 3276 2.958039892 0.02224859546 0.5
3272 3273 2.5 0.015 0.5
3272 3274 2.5 0.015 0.5
3272 3276 2.958039892 0.02224859546 0.5
3273 3277 2.958039892 0.02224859546 0.5
3273 3278 2.5 0.015 0.5
3273 3279 2.5 0.015 0.5
3274 3277 2.958039892 0.02224859546 0.5
3274 3278 2.5 0.015 0.5
3274 3279 2.5 0.015 0.5
3276 3284 3.5 0.033 0.5
3276 3285 2.958039892 0.02224859546 0.5
3276 3286 2.958039892 0.02224859546 0.5
3277 3287 2.958039892 0.02224859546 0.5
3277 3288 2.958039892 0.02224859546 0.5
3277 3290 3.5 0.033 0.5
3278 3280 2.5 0.015 0.5
3278 3281 2.5 0.015 0.5
3278 3283 2.958039892 0.02224859546 0.5
3279 3280 2.5 0.015 0.5
3279 3281 2.5 0.015 0.5
3279 3283 2.958039892 0.02224859546 0.5
3280 3284 2.958039892 0.02224859546 0.5
3280 3285 2.5 0.015 0.5
3280 3286 2.5 0.015 0.5
3281 3284 2.958039892 0.02224859546 0.5
3281 3285 2.5 0.015 0.5
3281 3286 2.5 0.015 0.5
3283 3291 3.5 0.033 0.5
3283 3292 2.958039892 0.02224859546 0.5
3283 3293 2.958039892 0.02224859546 0.5
3284 3294 2.958039892 0.02224859546 0.5
3284 3295 2.958039892 0.02224859546 0.5
3284 3297 3.5 0.033 0.5
3285 3287 2.5 0.015 0.5
3285 3288 2.5 0.015 0.5
3285 3290 2.958039892 0.02224859546 0.5
3286 3287 2.5 0.015 0.5
3286 3288 2.5 0.015 0.5
3286 3290 2.958039892 0.02224859546 0.5
3287 3291 2.958039892 0.02224859546 0.5
3287 3292 2.5 0.015 0.5
3287 3293 2.5 0.015 0.5
3288 3291 2.958039892 0.02224859546 0.5
3288 3292 2.5 0.015 0.5
3288 3293 2.5 0.015 0.5
3290 3298 3.5 0.033 0.5
3290 3299 2.958039892 0.02224859546 0.5
3290 3300 2.958039892 0.02224859546 0.5
3291 3301 2.958039892 0.02224859546 0.5
3291 3302 2.958039892 0.02224859546 0.5
3291 3304 3.5 0.033 0.5
3292 3294 2.5 0.015 0.5
3292 3295 2.5 0.015 0.5
3292 3297 2.958039892 0.02224859546 0.5
3293 3294 2.5 0.015 0.5
3293 3295 2.5 0.015 0.5
3293 3297 2.958039892 0.02224859546 0.5
3294 3298 2.958039892 0.02224859546 0.5
3294 3299 2.5 0.015 0.5
3294 3300 2.5 0.015 0.5
3295 3298 2.958039892 0.02224859546 0.5
3295 3299 2.5 0.015 0.5
3295 3300 2.5 0.015 0.5
3297 3305 3.5 0.033 0.5
3297 3306 2.958039892 0.02224859546 0.5
3297 3307 2.958039892 0.02224859546 0.5
3298 3308 2.958039892 0.02224859546 0.5
3298 3309 2.958039892 0.02224859546 0.5
3298 3311 3.5 0.033 0.5
3299 3301 2.5 0.015 0.5
3299 3302 2.5 0.015 0.5
3299 3304 2.958039892 0.02224859546 0.5
3300 3301 2.5 0.015 0.5
3300 3302 2.5 0.015 0.5
3300 3304 2.958039892 0.02224859546 0.5
3301 3305 2.958039892 0.02224859546 0.5
3301 3306 2.5 0.015 0.5
3301 3307 2.5 0.015 0.5
3302 3305 2.958039892 0.02224859546 0.5
3302 3306 2.5 0.015 0.5
3302 3307 2.5 0.015 0.5
3304 3312 3.5 0.033 0.5
3304 3313 2.958039892 0.02224859546 0.5
3304 3314 2.958039892 0.02224859546 0.5
3305 3315 2.958039892 0.02224859546 0.5
3305 3316 2.958039892 0.02224859546 0.5
3305 3318 3.5 0.033 0.5
3306 3308 2.5 0.015 0.5
3306 3309 2.5 0.015 0.5
3306 3311 2.958039892 0.02224859546 0.5
3307 3308 2.5 0.015 0.5
3307 3309 2.5 0.015 0.5
3307 3311 2.958039892 0.02224859546 0.5
3308 3312 2.958039892 0.02224859546 0.5
3308 3313 2.5 0.015 0.5
3308 3314 2.5 0.015 0.5
3309 3312 2.958039892 0.02224859546 0.5
3309 3313 2.5 0.015 0.5
3309 3314 2.5 0.015 0.5
3311 3319 3.5 0.033 0.5
3311 3320 2.958039892 0.02224859546 0.5
3311 3321 2.958039892 0.02224859546 0.5
3312 3322 2.958039892 0.02224859546 0.5
3312 3323 2.958039892 0.02224859546 0.5
3312 3325 3.5 0.033 0.5
3313 3315 2.5 0.015 0.5
3313 3316 2.5 0.015 0.5
3313 3318 2.958039892 0.02224859546 0.5
3314 3315 2.5 0.015 0.5
3314 3316 2.5 0.015 0.5
3314 3318 2.958039892 0.02224859546 0.5
3315 3319 2.958039892 0.02224859546 0.5
3315 3320 2.5 0.015 0.5
3315 3321 2.5 0.015 0.5
3316 3319 2.958039892 0.02224859546 0.5
3316 3320 2.5 0.015 0.5
3316 3321 2.5 0.015 0.5
3318 3326 3.5 0.033 0.5
3318 3327 2.958039892 0.02224859546 0.5
3318 3328 2.958039892 0.02224859546 0.5
3319 3329 2.958039892 0.02224859546 0.5
3319 3330 2.958039892 0.02224859546 0.5
3319 3332 3.5 0.033 0.5
3320 3322 2.5 0.015 0.5
3320 3323 2.5 0.015 0.5
3320 3325 2.958039892 0.02224859546 0.5
3321 3322 2.5 0.015 0.5
3321 3323 2.5 0.015 0.5
3321 3325 2.958039892 0.02224859546 0.5
3322 3326 2.958039892 0.02224859546 0.5
3322 3327 2.5 0.015 0.5
3322 3328 2.5 0.015 0.5
3323 3326 2.958039892 0.02224859546 0.5
3323 3327 2.5 0.015 0.5
3323 3328 2.5 0.015 0.5
3325 3333 3.5 0.033 0.5
3325 3334 2.958039892 0.02224859546 0.5
3325 3335 2.958039892 0.02224859546 0.5
3326 3336 2.958039892 0.02224859546 0.5
3326 3337 2.958039892 0.02224859546 0.5
3326 3339 3.5 0.033 0.5
3327 3329 2.5 0.015 0.5
3327 3330 2.5 0.015 0.5
3327 3332 2.958039892 0.02224859546 0.5
3328 3329 2.5 0.015 0.5
3328 3330 2.5 0.015 0.5
3328 3332 2.958039892 0.02224859546 0.5
3329 3333 2.958039892 0.02224859546 0.5
3329 3334 2.5 0.015 0.5
3329 3335 2.5 0.015 0.5
3330 3333 2.958039892 0.02224859546 0.5
3330 3334 2.5 0.015 0.5
3330 3335 2.5 0.015 0.5
3332 3340 3.5 0.033 0.5
3332 3341 2.958039892 0.02224859546 0.5
3332 3342 2.958039892 0.02224859546 0.5
3333 3343 2.958039892 0.02224859546 0.5
3333 3344 2.958039892 0.02224859546 0.5
3333 3346 3.5 0.033 0.5
3334 3336 2.5 0.015 0.5
3334 3337 2.5 0.015 0.5
3334 3339 2.958039892 0.02224859546 0.5
3335 3336 2.5 0.015 0.5
3335 3337 2.5 0.015 0.5
3335 3339 2.958039892 0.02224859546 0.5
3336 3340 2.958039892 0.02224859546 0.5
3336 3341 2.5 0.015 0.5
3336 3342 2.5 0.015 0.5
3337 3340 2.958039892 0.02224859546 0.5
3337 3341 2.5 0.015 0.5
3337 3342 2.5 0.015 0.5
3339 3347 3.5 0.033 0.5
3339 3348 2.958039892 0.02224859546 0.5
3339 3349 2.958039892 0.02224859546 0.5
3340 3350 2.958039892 0.02224859546 0.5
3340 3351 2.958039892 0.02224859546 0.5
3340 3353 3.5 0.033 0.5
3341 3343 2.5 0.015 0.5
3341 3344 2.5 0.015 0.5
3341 3346 2.958039892 0.02224859546 0.5
3342 3343 2.5 0.015 0.5
3342 3344 2.5 0.015 0.5
3342 3346 2.958039892 0.02224859546 0.5
3343 3347 2.958039892 0.02224859546 0.5
3343 3348 2.5 0.015 0.5
3343 3349 2.5 0.015 0.5
3344 3347 2.958039892 0.02224859546 0.5
3344 3348 2.5 0.015 0.5
3344 3349 2.5 0.015 0.5
3346 3354 3.5 0.033 0.5
3346 3355 2.958039892 0.02224859546 0.5
3346 3356 2.958039892 0.02224859546 0.5
3347 3357 2.958039892 0.02224859546 0.5
3347 3358 2.958039892 0.02224859546 0.5
3347 3360 3.5 0.033 0.5
3348 3350 2.5 0.015 0.5
3348 3351 2.5 0.015 0.5
3348 3353 2.958039892 0.02224859546 0.5
3349 3350 2.5 0.015 0.5
3349 3351 2.5 0.015 0.5
3349 3353 2.958039892 0.02224859546 0.5
3350 3354 2.958039892 0.02224859546 0.5
3350 3355 2.5 0.015 0.5
3350 3356 2.5 0.015 0.5
3351 3354 2.958039892 0.02224859546 0.5
3351 3355 2.5 0.015 0.5
3351 3356 2.5 0.015 0.5
3353 3361 3.5 0.033 0.5
3353 3362 2.958039892 0.02224859546 0.5
3353 3363 2.958039892 0.02224859546 0.5
3354 3364 2.958039892 0.02224859546 0.5
3354 3365 2.958039892 0.02224859546 0.5
3354 3367 3.5 0.033 0.5
3355 3357 2.5 0.015 0.5
3355 3358 2.5 0.015 0.5
3355 3360 2.958039892 0.02224859546 0.5
3356 3357 2.5 0.015 0.5
3356 3358 2.5 0.015 0.5
3356 3360 2.958039892 0.02224859546 0.5
3357 3361 2.958039892 0.02224859546 0.5
3357 3362 2.5 0.015 0.5
3357 3363 2.5 0.015 0.5
3358 3361 2.958039892 0.02224859546 0.5
3358 3362 2.5 0.015 0.5
3358 3363 2.5 0.015 0.5
3360 3368 3.5 0.033 0.5
3360 3369 2.958039892 0.02224859546 0.5
3360 3370 2.958039892 0.02224859546 0.5
3361 3371 2.958039892 0.02224859546 0.5
3361 3372 2.958039892 0.02224859546 0.5
3361 3374 3.5 0.033 0.5
3362 3364 2.5 0.015 0.5
3362 3365 2.5 0.015 0.5
3362 3367 2.958039892 0.02224859546 0.5
3363 3364 2.5 0.015 0.5
3363 3365 2.5 0.015 0.5
3363 3367 2.958039892 0.02224859546 0.5
3364 3368 2.958039892 0.02224859546 0.5
3364 3369 2.5 0.015 0.5
3364 3370 2.5 0.015 0.5
3365 3368 2.958039892 0.02224859546 0.5
3365 3369 2.5 0.015 0.5
3365 3370 2.5 0.015 0.5
3367 3375 3.5 0.033 0.5
3367 3376 2.958039892 0.02224859546 0.5
3367 3377 2.958039892 0.02224859546 0.5
3368 3378 2.958039892 0.02224859546 0.5
3368 3379 2.958039892 0.02224859546 0.5
3368 3381 3.5 0.033 0.5
3369 3371 2.5 0.015 0.5
3369 3372 2.5 0.015 0.5
3369 3374 2.958039892 0.02224859546 0.5
3370 3371 2.5 0.015 0.5
3370 3372 2.5 0.015 0.5
3370 3374 2.958039892 0.02224859546 0.5
3371 3375 2.958039892 0.02224859546 0.5
3371 3376 2.5 0.015 0.5
3371 3377 2.5 0.015 0.5
3372 3375 2.958039892 0.02224859546 0.5
3372 3376 2.5 0.015 0.5
3372 3377 2.5 0.015 0.5
3374 3382 3.5 0.033 0.5
3374 3383 2.958039892 0.02224859546 0.5
3374 3384 2.958039892 0.02224859546 0.5
3375 3385 2.958039892 0.02224859546 0.5
3375 3386 2.958039892 0.02224859546 0.5
3375 3388 3.5 0.033 0.5
3376 3378 2.5 0.015 0.5
3376 3379 2.5 0.015 0.5
3376 3381 2.958039892 0.02224859546 0.5
3377 3378 2.5 0.015 0.5
3377 3379 2.5 0.015 0.5
3377 3381 2.958039892 0.02224859546 0.5
3378 3382 2.958039892 0.02224859546 0.5
3378 3383 2.5 0.015 0.5
3378 3384 2.5 0.015 0.5
3379 3382 2.958039892 0.02224859546 0.5
3379 3383 2.5 0.015 0.5
3379 3384 2.5 0.015 0.5
3381 3389 3.5 0.033 0.5
3381 3390 2.958039892 0.02224859546 0.5
3381 3391 2.958039892 0.02224859546 0.5
3382 3392 2.958039892 0.02224859546 0.5
3382 3393 2.958039892 0.02224859546 0.5
3382 3395 3.5 0.033 0.5
3383 3385 2.5 0.015 0.5
3383 3386 2.5 0.015 0.5
3383 3388 2.958039892 0.02224859546 0.5
3384 3385 2.5 0.015 0.5
3384 3386 2.5 0.015 0.5
3384 3388 2.958039892 0.02224859546 0.5
3385 3389 2.958039892 0.02224859546 0.5
3385 3390 2.5 0.015 0.5
3385 3391 2.5 0.015 0.5
3386 3389 2.958039892 0.02224859546 0.5
3386 3390 2.5 0.015 0.5
3386 3391 2.5 0.015 0.5
3388 3396 3.5 0.033 0.5
3388 3397 2.958039892 0.02224859546 0.5
3388 3398 2.958039892 0.02224859546 0.5
3389 3399 2.958039892 0.02224859546 0.5
3389 3400 2.958039892 0.02224859546 0.5
3389 3402 3.5 0.033 0.5
3390 3392 2.5 0.015 0.5
3390 3393 2.5 0.015 0.5
3390 3395 2.958039892 0.02224859546 0.5
3391 3392 2.5 0.015 0.5
3391 3393 2.5 0.015 0.5
3391 3395 2.958039892 0.02224859546 0.5
3392 3396 2.958039892 0.02224859546 0.5
3392 3397 2.5 0.015 0.5
3392 3398 2.5 0.015 0.5
3393 3396 2.958039892 0.02224859546 0.5
3393 3397 2.5 0.015 0.5
3393 3398 2.5 0.015 0.5
3395 3403 3.5 0.033 0.5
3395 3404 2.958039892 0.02224859546 0.5
3395 3405 2.958039892 0.02224859546 0.5
3396 3406 2.958039892 0.02224859546 0.5
3396 3407 2.958039892 0.02224859546 0.5
3396 3409 3.5 0.033 0.5
3397 3399 2.5 0.015 0.5
3397 3400 2.5 0.015 0.5
3397 3402 2.958039892 0.02224859546 0.5
3398 3399 2.5 0.015 0.5
3398 3400 2.5 0.015 0.5
3398 3402 2.958039892 0.02224859546 0.5
3399 3403 2.958039892 0.02224859546 0.5
3399 3404 2.5 0.015 0.5
3399 3405 2.5 0.015 0.5
3400 3403 2.958039892 0.02224859546 0.5
3400 3404 2.5 0.015 0.5
3400 3405 2.5 0.015 0.5
3402 3410 3.5 0.033 0.5
3402 3411 2.958039892 0.02224859546 0.5
3402 3412 2.958039892 0.02224859546 0.5
3403 3413 2.958039892 0.02224859546 0.5
3403 3414 2.958039892 0.02224859546 0.5
3403 3416 3.5 0.033 0.5
3404 3406 2.5 0.015 0.5
3404 3407 2.5 0.015 0.5
3404 3409 2.958039892 0.02224859546 0.5
3405 3406 2.5 0.015 0.5
3405 3407 2.5 0.015 0.5
3405 3409 2.958039892 0.02224859546 0.5
3406 3410 2.958039892 0.02224859546 0.5
3406 3411 2.5 0.015 0.5
3406 3412 2.5 0.015 0.5
3407 3410 2.958039892 0.02224859546 0.5
3407 3411 2.5 0.015 0.5
3407 3412 2.5 0.015 0.5
3409 3417 3.5 0.033 0.5
3409 3418 2.958039892 0.02224859546 0.5
3409 3419 2.958039892 0.02224859546 0.5
3410 3420 2.958039892 0.02224859546 0.5
3410 3421 2.958039892 0.02224859546 0.5
3410 3423 3.5 0.033 0.5
3411 3413 2.5 0.015 0.5
3411 3414 2.5 0.015 0.5
3411 3416 2.958039892 0.02224859546 0.5
3412 3413 2.5 0.015 0.5
3412 3414 2.5 0.015 0.5
3412 3416 2.958039892 0.02224859546 0.5
3413 3417 2.958039892 0.02224859546 0.5
3413 3418 2.5 0.015 0.5
3413 3419 2.5 0.015 0.5
3414 3417 2.958039892 0.02224859546 0.5
3414 3418 2.5 0.015 0.5
3414 3419 2.5 0.015 0.5
3416 3424 3.5 0.033 0.5
3416 3425 2.958039892 0.02224859546 0.5
3416 3426 2.958039892 0.02224859546 0.5
3417 3427 2.958039892 0.02224859546 0.5
3417 3428 2.958039892 0.02224859546 0.5
3417 3430 3.5 0.033 0.5
3418 3420 2.5 0.015 0.5
3418 3421 2.5 0.015 0.5
3418 3423 2.958039892 0.02224859546 0.5
3419 3420 2.5 0.015 0.5
3419 3421 2.5 0.015 0.5
3419 3423 2.958039892 0.02224859546 0.5
3420 3424 2.958039892 0.02224859546 0.5
3420 3425 2.5 0.015 0.5
3420 3426 2.5 0.015 0.5
3421 3424 2.958039892 0.02224859546 0.5
3421 3425 2.5 0.015 0.5
3421 3426 2.5 0.015 0.5
3423 3431 3.5 0.033 0.5
3423 3432 2.958039892 0.02224859546 0.5
3423 3433 2.958039892 0.02224859546 0.5
3424 3434 2.958039892 0.02224859546 0.5
3424 3435 2.958039892 0.02224859546 0.5
3424 3437 3.5 0.033 0.5
3425 3427 2.5 0.015 0.5
3425 3428 2.5 0.015 0.5
3425 3430 2.958039892 0.02224859546 0.5
3426 3427 2.5 0.015 0.5
3426 3428 2.5 0.015 0.5
3426 3430 2.958039892 0.02224859546 0.5
3427 3431 2.958039892 0.02224859546 0.5
3427 3432 2.5 0.015 0.5
3427 3433 2.5 0.015 0.5
3428 3431 2.958039892 0.02224859546 0.5
3428 3432 2.5 0.015 0.5
3428 3433 2.5 0.015 0.5
3430 3438 3.5 0.033 0.5
3430 3439 2.958039892 0.02224859546 0.5
3430 3440 2.958039892 0.02224859546 0.5
3431 3441 2.958039892 0.02224859546 0.5
3431 3442 2.958039892 0.02224859546 0.5
3431 3444 3.5 0.033 0.5
3432 3434 2.5 0.015 0.5
3432 3435 2.5 0.015 0.5
3432 3437 2.958039892 0.02224859546 0.5
3433 3434 2.5 0.015 0.5
3433 3435 2.5 0.015 0.5
3433 3437 2.958039892 0.02224859546 0.5
3434 3438 2.958039892 0.02224859546 0.5
3434 3439 2.5 0.015 0.5
3434 3440 2.5 0.015 0.5
3435 3438 2.958039892 0.02224859546 0.5
3435 3439 2.5 0.015 0.5
3435 3440 2.5 0.015 0.5
3437 3445 3.5 0.033 0.5
3437 3446 2.958039892 0.02224859546 0.5
3437 3447 2.958039892 0.02224859546 0.5
3438 3448 2.958039892 0.02224859546 0.5
3438 3449 2.958039892 0.02224859546 0.5
3438 3451 3.5 0.033 0.5
3439 3441 2.5 0.015 0.5
3439 3442 2.5 0.015 0.5
3439 3444 2.958039892 0.02224859546 0.5
3440 3441 2.5 0.015 0.5
3440 3442 2.5 0.015 0.5
3440 3444 2.958039892 0.02224859546 0.5
3441 3445 2.958039892 0.02224859546 0.5
3441 3446 2.5 0.015 0.5
3441 3447 2.5 0.015 0.5
3442 3445 2.958039892 0.02224859546 0.5
3442 3446 2.5 0.015 0.5
3442 3447 2.5 0.015 0.5
3444 3452 3.5 0.033 0.5
3444 3453 2.958039892 0.02224859546 0.5
3444 3454 2.958039892 0.02224859546 0.5
3445 3455 2.958039892 0.02224859546 0.5
3445 3456 2.958039892 0.02224859546 0.5
3445 3458 3.5 0.033 0.5
3446 3448 2.5 0.015 0.5
3446 3449 2.5 0.015 0.5
3446 3451 2.958039892 0.02224859546 0.5
3447 3448 2.5 0.015 0.5
3447 3449 2.5 0.015 0.5
3447 3451 2.958039892 0.02224859546 0.5
3448 3452 2.958039892 0.02224859546 0.5
3448 3453 2.5 0.015 0.5
3448 3454 2.5 0.015 0.5
3449 3452 2.958039892 0.02224859546 0.5
3449 3453 2.5 0.015 0.5
3449 3454 2.5 0.015 0.5
3451 3459 3.5 0.033 0.5
3451 3460 2.958039892 0.02224859546 0.5
3451 3461 2.958039892 0.02224859546 0.5
3452 3462 2.958039892 0.02224859546 0.5
3452 3463 2.958039892 0.02224859546 0.5
3452 3465 3.5 0.033 0.5
3453 3455 2.5 0.015 0.5
3453 3456 2.5 0.015 0.5
3453 3458 2.958039892 0.02224859546 0.5
3454 3455 2.5 0.015 0.5
3454 3456 2.5 0.015 0.5
3454 3458 2.958039892 0.02224859546 0.5
3455 3459 2.958039892 0.02224859546 0.5
3455 3460 2.5 0.015 0.5
3455 3461 2.5 0.015 0.5
3456 3459 2.958039892 0.02224859546 0.5
3456 3460 2.5 0.015 0.5
3456 3461 2.5 0.015 0.5
3458 3466 3.5 0.033 0.5
3458 3467 2.958039892 0.02224859546 0.5
3458 3468 2.958039892 0.02224859546 0.5
3459 3469 2.958039892 0.02224859546 0.5
3459 3470 2.958039892 0.02224859546 0.5
3459 3472 3.5 0.033 0.5
3460 3462 2.5 0.015 0.5
3460 3463 2.5 0.015 0.5
3460 3465 2.958039892 0.02224859546 0.5
3461 3462 2.5 0.015 0.5
3461 3463 2.5 0.015 0.5
3461 3465 2.958039892 0.02224859546 0.5
3462 3466 2.958039892 0.02224859546 0.5
3462 3467 2.5 0.015 0.5
3462 3468 2.5 0.015 0.5
3463 3466 2.958039892 0.02224859546 0.5
3463 3467 2.5 0.015 0.5
3463 3468 2.5 0.015 0.5
3465 3473 3.5 0.033 0.5
3465 3474 2.958039892 0.02224859546 0.5
3465 3475 2.958039892 0.02224859546 0.5
3466 3476 2.958039892 0.02224859546 0.5
3466 3477 2.958039892 0.02224859546 0.5
3466 3479 3.5 0.033 0.5
3467 3469 2.5 0.015 0.5
3467 3470 2.5 0.015 0.5
3467 3472 2.958039892 0.02224859546 0.5
3468 3469 2.5 0.015 0.5
3468 3470 2.5 0.015 0.5
3468 3472 2.958039892 0.02224859546 0.5
3469 3473 2.958039892 0.02224859546 0.5
3469 3474 2.5 0.015 0.5
3469 3475 2.5 0.015 0.5
3470 3473 2.958039892 0.02224859546 0.5
3470 3474 2.5 0.015 0.5
3470 3475 2.5 0.015 0.5
3472 3480 3.5 0.033 0.5
3472 3481 2.958039892 0.02224859546 0.5
3472 3482 2.958039892 0.02224859546 0.5
3473 3483 2.958039892 0.02224859546 0.5
3473 3484 2.958039892 0.02224859546 0.5
3473 3486 3.5 0.033 0.5
3474 3476 2.5 0.015 0.5
3474 3477 2.5 0.015 0.5
3474 3479 2.958039892 0.02224859546 0.5
3475 3476 2.5 0.015 0.5
3475 3477 2.5 0.015 0.5
3475 3479 2.958039892 0.02224859546 0.5
3476 3480 2.958039892 0.02224859546 0.5
3476 3481 2.5 0.015 0.5
3476 3482 2.5 0.015 0.5
3477 3480 2.958039892 0.02224859546 0.5
3477 3481 2.5 0.015 0.5
3477 3482 2.5 0.015 0.5
3479 3487 3.5 0.033 0.5
3479 3488 2.958039892 0.02224859546 0.5
3479 3489 2.958039892 0.02224859546 0.5
3480 3490 2.958039892 0.02224859546 0.5
3480 3491 2.958039892 0.02224859546 0.5
3480 3493 3.5 0.033 0.5
3481 3483 2.5 0.015 0.5
3481 3484 2.5 0.015 0.5
3481 3486 2.958039892 0.02224859546 0.5
3482 3483 2.5 0.015 0.5
3482 3484 2.5 0.015 0.5
3482 3486 2.958039892 0.02224859546 0.5
3483 3487 2.958039892 0.02224859546 0.5
3483 3488 2.5 0.015 0.5
3483 3489 2.5 0.015 0.5
3484 3487 2.958039892 0.02224859546 0.5
3484 3488 2.5 0.015 0.5
3484 3489 2.5 0.015 0.5
3486 3494 3.5 0.033 0.5
3486 3495 2.958039892 0.02224859546 0.5
3486 3496 2.958039892 0.02224859546 0.5
3487 3497 2.958039892 0.02224859546 0.5
3487 3498 2.958039892 0.02224859546 0.5
3487 3500 3.5 0.033 0.5
3488 3490 2.5 0.015 0.5
3488 3491 2.5 0.015 0.5
3488 3493 2.958039892 0.02224859546 0.5
3489 3490 2.5 0.015 0.5
3489 3491 2.5 0.015 0.5
3489 3493 2.958039892 0.02224859546 0.5
3490 3494 2.958039892 0.02224859546 0.5
3490 3495 2.5 0.015 0.5
3490 3496 2.5 0.015 0.5
3491 3494 2.958039892 0.02224859546 0.5
3491 3495 2.5 0.015 0.5
3491 3496 2.5 0.015 0.5
3493 3501 3.5 0.033 0.5
3493 3502 2.958039892 0.02224859546 0.5
3493 3503 2.958039892 0.02224859546 0.5
3494 3504 2.958039892 0.02224859546 0.5
3494 3505 2.958039892 0.02224859546 0.5
3494 3507 3.5 0.033 0.5
3495 3497 2.5 0.015 0.5
3495 3498 2.5 0.015 0.5
3495 3500 2.958039892 0.02224859546 0.5
3496 3497 2.5 0.015 0.5
3496 3498 2.5 0.015 0.5
3496 3500 2.958039892 0.02224859546 0.5
3497 3501 2.958039892 0.02224859546 0.5
3497 3502 2.5 0.015 0.5
3497 3503 2.5 0.015 0.5
3498 3501 2.958039892 0.02224859546 0.5
3498 3502 2.5 0.015 0.5
3498 3503 2.5 0.015 0.5
3500 3508 3.5 0.033 0.5
3500 3509 2.958039892 0.02224859546 0.5
3500 3510 2.958039892 0.02224859546 0.5
3501 3511 2.958039892 0.02224859546 0.5
3501 3512 2.958039892 0.02224859546 0.5
3501 3514 3.5 0.033 0.5
3502 3504 2.5 0.015 0.5
3502 3505 2.5 0.015 0.5
3502 3507 2.958039892 0.02224859546 0.5
3503 3504 2.5 0.015 0.5
3503 3505 2.5 0.015 0.5
3503 3507 2.958039892 0.02224859546 0.5
3504 3508 2.958039892 0.02224859546 0.5
3504 3509 2.5 0.015 0.5
3504 3510 2.5 0.015 0.5
3505 3508 2.958039892 0.02224859546 0.5
3505 3509 2.5 0.015 0.5
3505 3510 2.5 0.015 0.5
3507 3515 3.5 0.033 0.5
3507 3516 2.958039892 0.02224859546 0.5
3507 3517 2.958039892 0.02224859546 0.5
3508 3518 2.958039892 0.02224859546 0.5
3508 3519 2.958039892 0.02224859546 0.5
3508 3520 2.958039892 0.02224859546 0.5
3509 3511 2.5 0.015 0.5
3509 3512 2.5 0.015 0.5
3509 3514 2.958039892 0.02224859546 0.5
3510 3511 2.5 0.015 0.5
3510 3512 2.5 0.015 0.5
3510 3514 2.958039892 0.02224859546 0.5
3511 3515 2.958039892 0.02224859546 0.5
3511 3516 2.5 0.015 0.5
3511 3517 2.5 0.015 0.5
3512 3515 2.958039892 0.02224859546 0.5
3512 3516 2.5 0.015 0.5
3512 3517 2.5 0.015 0.5
3516 3518 2.5 0.015 0.5
3516 3519 2.5 0.015 0.5
3516 3520 2.5 0.015 0.5
3517 3518 2.5 0.015 0.5
3517 3519 2.5 0.015 0.5
3517 3520 2.5 0.015 0.5
