24000
2 5 3.398529094 0.05296225071 0.5
2 10 0 0 0.5
2 13 3.422718218 0.05454356057 0.5
2 25 3.398529094 0.05296225071 0.5
2 30 0 0 0.5
3 6 3.328062499 0.05454356057 0.5
3 8 2.979093822 0.02291287847 0.5
3 9 2.979093822 0.02291287847 0.5
3 14 3.422718218 0.05454356057 0.5
3 22 3.422718218 0.05454356057 0.5
3 24 3.422718218 0.05454356057 0.5
4 7 0 0 0.5
4 13 3.422718218 0.05454356057 0.5
4 23 3.422718218 0.05454356057 0.5
5 12 3.398529094 0.05296225071 0.5
6 10 0 0 0.5
7 8 0 0 0.5
7 9 0 0 0.5
8 10 0 0 0.5
9 10 0 0 0.5
10 12 0 0 0.5
12 15 3.398529094 0.05296225071 0.5
12 20 0 0 0.5
12 23 3.422718218 0.05454356057 0.5
13 16 3.328062499 0.05454356057 0.5
13 18 2.979093822 0.02291287847 0.5
13 19 2.979093822 0.02291287847 0.5
13 24 3.422718218 0.05454356057 0.5
14 17 0 0 0.5
14 23 3.422718218 0.05454356057 0.5
15 22 3.398529094 0.05296225071 0.5
16 20 0 0 0.5
17 18 0 0 0.5
17 19 0 0 0.5
18 20 0 0 0.5
19 20 0 0 0.5
20 22 0 0 0.5
22 25 3.398529094 0.05296225071 0.5
22 30 0 0 0.5
23 26 3.328062499 0.05454356057 0.5
23 28 2.979093822 0.02291287847 0.5
23 29 2.979093822 0.02291287847 0.5
24 27 0 0 0.5
26 30 0 0 0.5
27 28 0 0 0.5
27 29 0 0 0.5
28 30 0 0 0.5
29 30 0 0 0.5
32 35 3.398529094 0.05296225071 0.5
32 40 0 0 0.5
32 43 3.422718218 0.05454356057 0.5
32 55 3.398529094 0.05296225071 0.5
32 60 0 0 0.5
33 36 3.328062499 0.05454356057 0.5
33 38 2.979093822 0.02291287847 0.5
33 39 2.979093822 0.02291287847 0.5
33 44 3.422718218 0.05454356057 0.5
33 52 3.422718218 0.05454356057 0.5
33 54 3.422718218 0.05454356057 0.5
34 37 0 0 0.5
34 43 3.422718218 0.05454356057 0.5
34 53 3.422718218 0.05454356057 0.5
35 42 3.398529094 0.05296225071 0.5
36 40 0 0 0.5
37 38 0 0 0.5
37 39 0 0 0.5
38 40 0 0 0.5
39 40 0 0 0.5
40 42 0 0 0.5
42 45 3.398529094 0.05296225071 0.5
42 50 0 0 0.5
42 53 3.422718218 0.05454356057 0.5
43 46 3.328062499 0.05454356057 0.5
43 48 2.979093822 0.02291287847 0.5
43 49 2.979093822 0.02291287847 0.5
43 54 3.422718218 0.05454356057 0.5
44 47 0 0 0.5
44 53 3.422718218 0.05454356057 0.5
45 52 3.398529094 0.05296225071 0.5
46 50 0 0 0.5
47 48 0 0 0.5
47 49 0 0 0.5
48 50 0 0 0.5
49 50 0 0 0.5
50 52 0 0 0.5
52 55 3.398529094 0.05296225071 0.5
52 60 0 0 0.5
53 56 3.328062499 0.05454356057 0.5
53 58 2.979093822 0.02291287847 0.5
53 59 2.979093822 0.02291287847 0.5
54 57 0 0 0.5
56 60 0 0 0.5
57 58 0 0 0.5
57 59 0 0 0.5
58 60 0 0 0.5
59 60 0 0 0.5
62 65 3.398529094 0.05296225071 0.5
62 70 0 0 0.5
62 73 3.422718218 0.05454356057 0.5
62 85 3.398529094 0.05296225071 0.5
62 90 0 0 0.5
63 66 3.328062499 0.05454356057 0.5
63 68 2.979093822 0.02291287847 0.5
63 69 2.979093822 0.02291287847 0.5
63 74 3.422718218 0.05454356057 0.5
63 82 3.422718218 0.05454356057 0.5
63 84 3.422718218 0.05454356057 0.5
64 67 0 0 0.5
64 73 3.422718218 0.05454356057 0.5
64 83 3.422718218 0.05454356057 0.5
65 72 3.398529094 0.05296225071 0.5
66 70 0 0 0.5
67 68 0 0 0.5
67 69 0 0 0.5
68 70 0 0 0.5
69 70 0 0 0.5
70 72 0 0 0.5
72 75 3.398529094 0.05296225071 0.5
72 80 0 0 0.5
72 83 3.422718218 0.05454356057 0.5
73 76 3.328062499 0.05454356057 0.5
73 78 2.979093822 0.02291287847 0.5
73 79 2.979093822 0.02291287847 0.5
73 84 3.422718218 0.05454356057 0.5
74 77 0 0 0.5
74 83 3.422718218 0.05454356057 0.5
75 82 3.398529094 0.05296225071 0.5
76 80 0 0 0.5
77 78 0 0 0.5
77 79 0 0 0.5
78 80 0 0 0.5
79 80 0 0 0.5
80 82 0 0 0.5
82 85 3.398529094 0.05296225071 0.5
82 90 0 0 0.5
83 86 3.328062499 0.05454356057 0.5
83 88 2.979093822 0.02291287847 0.5
83 89 2.979093822 0.02291287847 0.5
84 87 0 0 0.5
86 90 0 0 0.5
87 88 0 0 0.5
87 89 0 0 0.5
88 90 0 0 0.5
89 90 0 0 0.5
92 95 3.398529094 0.05296225071 0.5
92 100 0 0 0.5
92 103 3.422718218 0.05454356057 0.5
92 115 3.398529094 0.05296225071 0.5
92 120 0 0 0.5
93 96 3.328062499 0.05454356057 0.5
93 98 2.979093822 0.02291287847 0.5
93 99 2.979093822 0.02291287847 0.5
93 104 3.422718218 0.05454356057 0.5
93 112 3.422718218 0.05454356057 0.5
93 114 3.422718218 0.05454356057 0.5
94 97 0 0 0.5
94 103 3.422718218 0.05454356057 0.5
94 113 3.422718218 0.05454356057 0.5
95 102 3.398529094 0.05296225071 0.5
96 100 0 0 0.5
97 98 0 0 0.5
97 99 0 0 0.5
98 100 0 0 0.5
99 100 0 0 0.5
100 102 0 0 0.5
102 105 3.398529094 0.05296225071 0.5
102 110 0 0 0.5
102 113 3.422718218 0.05454356057 0.5
103 106 3.328062499 0.05454356057 0.5
103 108 2.979093822 0.02291287847 0.5
103 109 2.979093822 0.02291287847 0.5
103 114 3.422718218 0.05454356057 0.5
104 107 0 0 0.5
104 113 3.422718218 0.05454356057 0.5
105 112 3.398529094 0.05296225071 0.5
106 110 0 0 0.5
107 108 0 0 0.5
107 109 0 0 0.5
108 110 0 0 0.5
109 110 0 0 0.5
110 112 0 0 0.5
112 115 3.398529094 0.05296225071 0.5
112 120 0 0 0.5
113 116 3.328062499 0.05454356057 0.5
113 118 2.979093822 0.02291287847 0.5
113 119 2.979093822 0.02291287847 0.5
114 117 0 0 0.5
116 120 0 0 0.5
117 118 0 0 0.5
117 119 0 0 0.5
118 120 0 0 0.5
119 120 0 0 0.5
122 125 3.398529094 0.05296225071 0.5
122 130 0 0 0.5
122 133 3.422718218 0.05454356057 0.5
122 145 3.398529094 0.05296225071 0.5
122 150 0 0 0.5
123 126 3.328062499 0.05454356057 0.5
123 128 2.979093822 0.02291287847 0.5
123 129 2.979093822 0.02291287847 0.5
123 134 3.422718218 0.05454356057 0.5
123 142 3.422718218 0.05454356057 0.5
123 144 3.422718218 0.05454356057 0.5
124 127 0 0 0.5
124 133 3.422718218 0.05454356057 0.5
124 143 3.422718218 0.05454356057 0.5
125 132 3.398529094 0.05296225071 0.5
126 130 0 0 0.5
127 128 0 0 0.5
127 129 0 0 0.5
128 130 0 0 0.5
129 130 0 0 0.5
130 132 0 0 0.5
132 135 3.398529094 0.05296225071 0.5
132 140 0 0 0.5
132 143 3.422718218 0.05454356057 0.5
133 136 3.328062499 0.05454356057 0.5
133 138 2.979093822 0.02291287847 0.5
133 139 2.979093822 0.02291287847 0.5
133 144 3.422718218 0.05454356057 0.5
134 137 0 0 0.5
134 143 3.422718218 0.05454356057 0.5
135 142 3.398529094 0.05296225071 0.5
136 140 0 0 0.5
137 138 0 0 0.5
137 139 0 0 0.5
138 140 0 0 0.5
139 140 0 0 0.5
140 142 0 0 0.5
142 145 3.398529094 0.05296225071 0.5
142 150 0 0 0.5
143 146 3.328062499 0.05454356057 0.5
143 148 2.979093822 0.02291287847 0.5
143 149 2.979093822 0.02291287847 0.5
144 147 0 0 0.5
146 150 0 0 0.5
147 148 0 0 0.5
147 149 0 0 0.5
148 150 0 0 0.5
149 150 0 0 0.5
152 155 3.398529094 0.05296225071 0.5
152 160 0 0 0.5
152 163 3.422718218 0.05454356057 0.5
152 175 3.398529094 0.05296225071 0.5
152 180 0 0 0.5
153 156 3.328062499 0.05454356057 0.5
153 158 2.979093822 0.02291287847 0.5
153 159 2.979093822 0.02291287847 0.5
153 164 3.422718218 0.05454356057 0.5
153 172 3.422718218 0.05454356057 0.5
153 174 3.422718218 0.05454356057 0.5
154 157 0 0 0.5
154 163 3.422718218 0.05454356057 0.5
154 173 3.422718218 0.05454356057 0.5
155 162 3.398529094 0.05296225071 0.5
156 160 0 0 0.5
157 158 0 0 0.5
157 159 0 0 0.5
158 160 0 0 0.5
159 160 0 0 0.5
160 162 0 0 0.5
162 165 3.398529094 0.05296225071 0.5
162 170 0 0 0.5
162 173 3.422718218 0.05454356057 0.5
163 166 3.328062499 0.05454356057 0.5
163 168 2.979093822 0.02291287847 0.5
163 169 2.979093822 0.02291287847 0.5
163 174 3.422718218 0.05454356057 0.5
164 167 0 0 0.5
164 173 3.422718218 0.05454356057 0.5
165 172 3.398529094 0.05296225071 0.5
166 170 0 0 0.5
167 168 0 0 0.5
167 169 0 0 0.5
168 170 0 0 0.5
169 170 0 0 0.5
170 172 0 0 0.5
172 175 3.398529094 0.05296225071 0.5
172 180 0 0 0.5
173 176 3.328062499 0.05454356057 0.5
173 178 2.979093822 0.02291287847 0.5
173 179 2.979093822 0.02291287847 0.5
174 177 0 0 0.5
176 180 0 0 0.5
177 178 0 0 0.5
177 179 0 0 0.5
178 180 0 0 0.5
179 180 0 0 0.5
182 185 3.398529094 0.05296225071 0.5
182 190 0 0 0.5
182 193 3.422718218 0.05454356057 0.5
182 205 3.398529094 0.05296225071 0.5
182 210 0 0 0.5
183 186 3.328062499 0.05454356057 0.5
183 188 2.979093822 0.02291287847 0.5
183 189 2.979093822 0.02291287847 0.5
183 194 3.422718218 0.05454356057 0.5
183 202 3.422718218 0.05454356057 0.5
183 204 3.422718218 0.05454356057 0.5
184 187 0 0 0.5
184 193 3.422718218 0.05454356057 0.5
184 203 3.422718218 0.05454356057 0.5
185 192 3.398529094 0.05296225071 0.5
186 190 0 0 0.5
187 188 0 0 0.5
187 189 0 0 0.5
188 190 0 0 0.5
189 190 0 0 0.5
190 192 0 0 0.5
192 195 3.398529094 0.05296225071 0.5
192 200 0 0 0.5
192 203 3.422718218 0.05454356057 0.5
193 196 3.328062499 0.05454356057 0.5
193 198 2.979093822 0.02291287847 0.5
193 199 2.979093822 0.02291287847 0.5
193 204 3.422718218 0.05454356057 0.5
194 197 0 0 0.5
194 203 3.422718218 0.05454356057 0.5
195 202 3.398529094 0.05296225071 0.5
196 200 0 0 0.5
197 198 0 0 0.5
197 199 0 0 0.5
198 200 0 0 0.5
199 200 0 0 0.5
200 202 0 0 0.5
202 205 3.398529094 0.05296225071 0.5
202 210 0 0 0.5
203 206 3.328062499 0.05454356057 0.5
203 208 2.979093822 0.02291287847 0.5
203 209 2.979093822 0.02291287847 0.5
204 207 0 0 0.5
206 210 0 0 0.5
207 208 0 0 0.5
207 209 0 0 0.5
208 210 0 0 0.5
209 210 0 0 0.5
212 215 3.398529094 0.05296225071 0.5
212 220 0 0 0.5
212 223 3.422718218 0.05454356057 0.5
212 235 3.398529094 0.05296225071 0.5
212 240 0 0 0.5
213 216 3.328062499 0.05454356057 0.5
213 218 2.979093822 0.02291287847 0.5
213 219 2.979093822 0.02291287847 0.5
213 224 3.422718218 0.05454356057 0.5
213 232 3.422718218 0.05454356057 0.5
213 234 3.422718218 0.05454356057 0.5
214 217 0 0 0.5
214 223 3.422718218 0.05454356057 0.5
214 233 3.422718218 0.05454356057 0.5
215 222 3.398529094 0.05296225071 0.5
216 220 0 0 0.5
217 218 0 0 0.5
217 219 0 0 0.5
218 220 0 0 0.5
219 220 0 0 0.5
220 222 0 0 0.5
222 225 3.398529094 0.05296225071 0.5
222 230 0 0 0.5
222 233 3.422718218 0.05454356057 0.5
223 226 3.328062499 0.05454356057 0.5
223 228 2.979093822 0.02291287847 0.5
223 229 2.979093822 0.02291287847 0.5
223 234 3.422718218 0.05454356057 0.5
224 227 0 0 0.5
224 233 3.422718218 0.05454356057 0.5
225 232 3.398529094 0.05296225071 0.5
226 230 0 0 0.5
227 228 0 0 0.5
227 229 0 0 0.5
228 230 0 0 0.5
229 230 0 0 0.5
230 232 0 0 0.5
232 235 3.398529094 0.05296225071 0.5
232 240 0 0 0.5
233 236 3.328062499 0.05454356057 0.5
233 238 2.979093822 0.02291287847 0.5
233 239 2.979093822 0.02291287847 0.5
234 237 0 0 0.5
236 240 0 0 0.5
237 238 0 0 0.5
237 239 0 0 0.5
238 240 0 0 0.5
239 240 0 0 0.5
242 245 3.398529094 0.05296225071 0.5
242 250 0 0 0.5
242 253 3.422718218 0.05454356057 0.5
242 265 3.398529094 0.05296225071 0.5
242 270 0 0 0.5
243 246 3.328062499 0.05454356057 0.5
243 248 2.979093822 0.02291287847 0.5
243 249 2.979093822 0.02291287847 0.5
243 254 3.422718218 0.05454356057 0.5
243 262 3.422718218 0.05454356057 0.5
243 264 3.422718218 0.05454356057 0.5
244 247 0 0 0.5
244 253 3.422718218 0.05454356057 0.5
244 263 3.422718218 0.05454356057 0.5
245 252 3.398529094 0.05296225071 0.5
246 250 0 0 0.5
247 248 0 0 0.5
247 249 0 0 0.5
248 250 0 0 0.5
249 250 0 0 0.5
250 252 0 0 0.5
252 255 3.398529094 0.05296225071 0.5
252 260 0 0 0.5
252 263 3.422718218 0.05454356057 0.5
253 256 3.328062499 0.05454356057 0.5
253 258 2.979093822 0.02291287847 0.5
253 259 2.979093822 0.02291287847 0.5
253 264 3.422718218 0.05454356057 0.5
254 257 0 0 0.5
254 263 3.422718218 0.05454356057 0.5
255 262 3.398529094 0.05296225071 0.5
256 260 0 0 0.5
257 258 0 0 0.5
257 259 0 0 0.5
258 260 0 0 0.5
259 260 0 0 0.5
260 262 0 0 0.5
262 265 3.398529094 0.05296225071 0.5
262 270 0 0 0.5
263 266 3.328062499 0.05454356057 0.5
263 268 2.979093822 0.02291287847 0.5
263 269 2.979093822 0.02291287847 0.5
264 267 0 0 0.5
266 270 0 0 0.5
267 268 0 0 0.5
267 269 0 0 0.5
268 270 0 0 0.5
269 270 0 0 0.5
272 275 3.398529094 0.05296225071 0.5
272 280 0 0 0.5
272 283 3.422718218 0.05454356057 0.5
272 295 3.398529094 0.05296225071 0.5
272 300 0 0 0.5
273 276 3.328062499 0.05454356057 0.5
273 278 2.979093822 0.02291287847 0.5
273 279 2.979093822 0.02291287847 0.5
273 284 3.422718218 0.05454356057 0.5
273 292 3.422718218 0.05454356057 0.5
273 294 3.422718218 0.05454356057 0.5
274 277 0 0 0.5
274 283 3.422718218 0.05454356057 0.5
274 293 3.422718218 0.05454356057 0.5
275 282 3.398529094 0.05296225071 0.5
276 280 0 0 0.5
277 278 0 0 0.5
277 279 0 0 0.5
278 280 0 0 0.5
279 280 0 0 0.5
280 282 0 0 0.5
282 285 3.398529094 0.05296225071 0.5
282 290 0 0 0.5
282 293 3.422718218 0.05454356057 0.5
283 286 3.328062499 0.05454356057 0.5
283 288 2.979093822 0.02291287847 0.5
283 289 2.979093822 0.02291287847 0.5
283 294 3.422718218 0.05454356057 0.5
284 287 0 0 0.5
284 293 3.422718218 0.05454356057 0.5
285 292 3.398529094 0.05296225071 0.5
286 290 0 0 0.5
287 288 0 0 0.5
287 289 0 0 0.5
288 290 0 0 0.5
289 290 0 0 0.5
290 292 0 0 0.5
292 295 3.398529094 0.05296225071 0.5
292 300 0 0 0.5
293 296 3.328062499 0.05454356057 0.5
293 298 2.979093822 0.02291287847 0.5
293 299 2.979093822 0.02291287847 0.5
294 297 0 0 0.5
296 300 0 0 0.5
297 298 0 0 0.5
297 299 0 0 0.5
298 300 0 0 0.5
299 300 0 0 0.5
302 305 3.398529094 0.05296225071 0.5
302 310 0 0 0.5
302 313 3.422718218 0.05454356057 0.5
302 325 3.398529094 0.05296225071 0.5
302 330 0 0 0.5
303 306 3.328062499 0.05454356057 0.5
303 308 2.979093822 0.02291287847 0.5
303 309 2.979093822 0.02291287847 0.5
303 314 3.422718218 0.05454356057 0.5
303 322 3.422718218 0.05454356057 0.5
303 324 3.422718218 0.05454356057 0.5
304 307 0 0 0.5
304 313 3.422718218 0.05454356057 0.5
304 323 3.422718218 0.05454356057 0.5
305 312 3.398529094 0.05296225071 0.5
306 310 0 0 0.5
307 308 0 0 0.5
307 309 0 0 0.5
308 310 0 0 0.5
309 310 0 0 0.5
310 312 0 0 0.5
312 315 3.398529094 0.05296225071 0.5
312 320 0 0 0.5
312 323 3.422718218 0.05454356057 0.5
313 316 3.328062499 0.05454356057 0.5
313 318 2.979093822 0.02291287847 0.5
313 319 2.979093822 0.02291287847 0.5
313 324 3.422718218 0.05454356057 0.5
314 317 0 0 0.5
314 323 3.422718218 0.05454356057 0.5
315 322 3.398529094 0.05296225071 0.5
316 320 0 0 0.5
317 318 0 0 0.5
317 319 0 0 0.5
318 320 0 0 0.5
319 320 0 0 0.5
320 322 0 0 0.5
322 325 3.398529094 0.05296225071 0.5
322 330 0 0 0.5
323 326 3.328062499 0.05454356057 0.5
323 328 2.979093822 0.02291287847 0.5
323 329 2.979093822 0.02291287847 0.5
324 327 0 0 0.5
326 330 0 0 0.5
327 328 0 0 0.5
327 329 0 0 0.5
328 330 0 0 0.5
329 330 0 0 0.5
332 335 3.398529094 0.05296225071 0.5
332 340 0 0 0.5
332 343 3.422718218 0.05454356057 0.5
332 355 3.398529094 0.05296225071 0.5
332 360 0 0 0.5
333 336 3.328062499 0.05454356057 0.5
333 338 2.979093822 0.02291287847 0.5
333 339 2.979093822 0.02291287847 0.5
333 344 3.422718218 0.05454356057 0.5
333 352 3.422718218 0.05454356057 0.5
333 354 3.422718218 0.05454356057 0.5
334 337 0 0 0.5
334 343 3.422718218 0.05454356057 0.5
334 353 3.422718218 0.05454356057 0.5
335 342 3.398529094 0.05296225071 0.5
336 340 0 0 0.5
337 338 0 0 0.5
337 339 0 0 0.5
338 340 0 0 0.5
339 340 0 0 0.5
340 342 0 0 0.5
342 345 3.398529094 0.05296225071 0.5
342 350 0 0 0.5
342 353 3.422718218 0.05454356057 0.5
343 346 3.328062499 0.05454356057 0.5
343 348 2.979093822 0.02291287847 0.5
343 349 2.979093822 0.02291287847 0.5
343 354 3.422718218 0.05454356057 0.5
344 347 0 0 0.5
344 353 3.422718218 0.05454356057 0.5
345 352 3.398529094 0.05296225071 0.5
346 350 0 0 0.5
347 348 0 0 0.5
347 349 0 0 0.5
348 350 0 0 0.5
349 350 0 0 0.5
350 352 0 0 0.5
352 355 3.398529094 0.05296225071 0.5
352 360 0 0 0.5
353 356 3.328062499 0.05454356057 0.5
353 358 2.979093822 0.02291287847 0.5
353 359 2.979093822 0.02291287847 0.5
354 357 0 0 0.5
356 360 0 0 0.5
357 358 0 0 0.5
357 359 0 0 0.5
358 360 0 0 0.5
359 360 0 0 0.5
362 365 3.398529094 0.05296225071 0.5
362 370 0 0 0.5
362 373 3.422718218 0.05454356057 0.5
362 385 3.398529094 0.05296225071 0.5
362 390 0 0 0.5
363 366 3.328062499 0.05454356057 0.5
363 368 2.979093822 0.02291287847 0.5
363 369 2.979093822 0.02291287847 0.5
363 374 3.422718218 0.05454356057 0.5
363 382 3.422718218 0.05454356057 0.5
363 384 3.422718218 0.05454356057 0.5
364 367 0 0 0.5
364 373 3.422718218 0.05454356057 0.5
364 383 3.422718218 0.05454356057 0.5
365 372 3.398529094 0.05296225071 0.5
366 370 0 0 0.5
367 368 0 0 0.5
367 369 0 0 0.5
368 370 0 0 0.5
369 370 0 0 0.5
370 372 0 0 0.5
372 375 3.398529094 0.05296225071 0.5
372 380 0 0 0.5
372 383 3.422718218 0.05454356057 0.5
373 376 3.328062499 0.05454356057 0.5
373 378 2.979093822 0.02291287847 0.5
373 379 2.979093822 0.02291287847 0.5
373 384 3.422718218 0.05454356057 0.5
374 377 0 0 0.5
374 383 3.422718218 0.05454356057 0.5
375 382 3.398529094 0.05296225071 0.5
376 380 0 0 0.5
377 378 0 0 0.5
377 379 0 0 0.5
378 380 0 0 0.5
379 380 0 0 0.5
380 382 0 0 0.5
382 385 3.398529094 0.05296225071 0.5
382 390 0 0 0.5
383 386 3.328062499 0.05454356057 0.5
383 388 2.979093822 0.02291287847 0.5
383 389 2.979093822 0.02291287847 0.5
384 387 0 0 0.5
386 390 0 0 0.5
387 388 0 0 0.5
387 389 0 0 0.5
388 390 0 0 0.5
389 390 0 0 0.5
392 395 3.398529094 0.05296225071 0.5
392 400 0 0 0.5
392 403 3.422718218 0.05454356057 0.5
392 415 3.398529094 0.05296225071 0.5
392 420 0 0 0.5
393 396 3.328062499 0.05454356057 0.5
393 398 2.979093822 0.02291287847 0.5
393 399 2.979093822 0.02291287847 0.5
393 404 3.422718218 0.05454356057 0.5
393 412 3.422718218 0.05454356057 0.5
393 414 3.422718218 0.05454356057 0.5
394 397 0 0 0.5
394 403 3.422718218 0.05454356057 0.5
394 413 3.422718218 0.05454356057 0.5
395 402 3.398529094 0.05296225071 0.5
396 400 0 0 0.5
397 398 0 0 0.5
397 399 0 0 0.5
398 400 0 0 0.5
399 400 0 0 0.5
400 402 0 0 0.5
402 405 3.398529094 0.05296225071 0.5
402 410 0 0 0.5
402 413 3.422718218 0.05454356057 0.5
403 406 3.328062499 0.05454356057 0.5
403 408 2.979093822 0.02291287847 0.5
403 409 2.979093822 0.02291287847 0.5
403 414 3.422718218 0.05454356057 0.5
404 407 0 0 0.5
404 413 3.422718218 0.05454356057 0.5
405 412 3.398529094 0.05296225071 0.5
406 410 0 0 0.5
407 408 0 0 0.5
407 409 0 0 0.5
408 410 0 0 0.5
409 410 0 0 0.5
410 412 0 0 0.5
412 415 3.398529094 0.05296225071 0.5
412 420 0 0 0.5
413 416 3.328062499 0.05454356057 0.5
413 418 2.979093822 0.02291287847 0.5
413 419 2.979093822 0.02291287847 0.5
414 417 0 0 0.5
416 420 0 0 0.5
417 418 0 0 0.5
417 419 0 0 0.5
418 420 0 0 0.5
419 420 0 0 0.5
422 425 3.398529094 0.05296225071 0.5
422 430 0 0 0.5
422 433 3.422718218 0.05454356057 0.5
422 445 3.398529094 0.05296225071 0.5
422 450 0 0 0.5
423 426 3.328062499 0.05454356057 0.5
423 428 2.979093822 0.02291287847 0.5
423 429 2.979093822 0.02291287847 0.5
423 434 3.422718218 0.05454356057 0.5
423 442 3.422718218 0.05454356057 0.5
423 444 3.422718218 0.05454356057 0.5
424 427 0 0 0.5
424 433 3.422718218 0.05454356057 0.5
424 443 3.422718218 0.05454356057 0.5
425 432 3.398529094 0.05296225071 0.5
426 430 0 0 0.5
427 428 0 0 0.5
427 429 0 0 0.5
428 430 0 0 0.5
429 430 0 0 0.5
430 432 0 0 0.5
432 435 3.398529094 0.05296225071 0.5
432 440 0 0 0.5
432 443 3.422718218 0.05454356057 0.5
433 436 3.328062499 0.05454356057 0.5
433 438 2.979093822 0.02291287847 0.5
433 439 2.979093822 0.02291287847 0.5
433 444 3.422718218 0.05454356057 0.5
434 437 0 0 0.5
434 443 3.422718218 0.05454356057 0.5
435 442 3.398529094 0.05296225071 0.5
436 440 0 0 0.5
437 438 0 0 0.5
437 439 0 0 0.5
438 440 0 0 0.5
439 440 0 0 0.5
440 442 0 0 0.5
442 445 3.398529094 0.05296225071 0.5
442 450 0 0 0.5
443 446 3.328062499 0.05454356057 0.5
443 448 2.979093822 0.02291287847 0.5
443 449 2.979093822 0.02291287847 0.5
444 447 0 0 0.5
446 450 0 0 0.5
447 448 0 0 0.5
447 449 0 0 0.5
448 450 0 0 0.5
449 450 0 0 0.5
452 455 3.398529094 0.05296225071 0.5
452 460 0 0 0.5
452 463 3.422718218 0.05454356057 0.5
452 475 3.398529094 0.05296225071 0.5
452 480 0 0 0.5
453 456 3.328062499 0.05454356057 0.5
453 458 2.979093822 0.02291287847 0.5
453 459 2.979093822 0.02291287847 0.5
453 464 3.422718218 0.05454356057 0.5
453 472 3.422718218 0.05454356057 0.5
453 474 3.422718218 0.05454356057 0.5
454 457 0 0 0.5
454 463 3.422718218 0.05454356057 0.5
454 473 3.422718218 0.05454356057 0.5
455 462 3.398529094 0.05296225071 0.5
456 460 0 0 0.5
457 458 0 0 0.5
457 459 0 0 0.5
458 460 0 0 0.5
459 460 0 0 0.5
460 462 0 0 0.5
462 465 3.398529094 0.05296225071 0.5
462 470 0 0 0.5
462 473 3.422718218 0.05454356057 0.5
463 466 3.328062499 0.05454356057 0.5
463 468 2.979093822 0.02291287847 0.5
463 469 2.979093822 0.02291287847 0.5
463 474 3.422718218 0.05454356057 0.5
464 467 0 0 0.5
464 473 3.422718218 0.05454356057 0.5
465 472 3.398529094 0.05296225071 0.5
466 470 0 0 0.5
467 468 0 0 0.5
467 469 0 0 0.5
468 470 0 0 0.5
469 470 0 0 0.5
470 472 0 0 0.5
472 475 3.398529094 0.05296225071 0.5
472 480 0 0 0.5
473 476 3.328062499 0.05454356057 0.5
473 478 2.979093822 0.02291287847 0.5
473 479 2.979093822 0.02291287847 0.5
474 477 0 0 0.5
476 480 0 0 0.5
477 478 0 0 0.5
477 479 0 0 0.5
478 480 0 0 0.5
479 480 0 0 0.5
482 485 3.398529094 0.05296225071 0.5
482 490 0 0 0.5
482 493 3.422718218 0.05454356057 0.5
482 505 3.398529094 0.05296225071 0.5
482 510 0 0 0.5
483 486 3.328062499 0.05454356057 0.5
483 488 2.979093822 0.02291287847 0.5
483 489 2.979093822 0.02291287847 0.5
483 494 3.422718218 0.05454356057 0.5
483 502 3.422718218 0.05454356057 0.5
483 504 3.422718218 0.05454356057 0.5
484 487 0 0 0.5
484 493 3.422718218 0.05454356057 0.5
484 503 3.422718218 0.05454356057 0.5
485 492 3.398529094 0.05296225071 0.5
486 490 0 0 0.5
487 488 0 0 0.5
487 489 0 0 0.5
488 490 0 0 0.5
489 490 0 0 0.5
490 492 0 0 0.5
492 495 3.398529094 0.05296225071 0.5
492 500 0 0 0.5
492 503 3.422718218 0.05454356057 0.5
493 496 3.328062499 0.05454356057 0.5
493 498 2.979093822 0.02291287847 0.5
493 499 2.979093822 0.02291287847 0.5
493 504 3.422718218 0.05454356057 0.5
494 497 0 0 0.5
494 503 3.422718218 0.05454356057 0.5
495 502 3.398529094 0.05296225071 0.5
496 500 0 0 0.5
497 498 0 0 0.5
497 499 0 0 0.5
498 500 0 0 0.5
499 500 0 0 0.5
500 502 0 0 0.5
502 505 3.398529094 0.05296225071 0.5
502 510 0 0 0.5
503 506 3.328062499 0.05454356057 0.5
503 508 2.979093822 0.02291287847 0.5
503 509 2.979093822 0.02291287847 0.5
504 507 0 0 0.5
506 510 0 0 0.5
507 508 0 0 0.5
507 509 0 0 0.5
508 510 0 0 0.5
509 510 0 0 0.5
512 515 3.398529094 0.05296225071 0.5
512 520 0 0 0.5
512 523 3.422718218 0.05454356057 0.5
512 535 3.398529094 0.05296225071 0.5
512 540 0 0 0.5
513 516 3.328062499 0.05454356057 0.5
513 518 2.979093822 0.02291287847 0.5
513 519 2.979093822 0.02291287847 0.5
513 524 3.422718218 0.05454356057 0.5
513 532 3.422718218 0.05454356057 0.5
513 534 3.422718218 0.05454356057 0.5
514 517 0 0 0.5
514 523 3.422718218 0.05454356057 0.5
514 533 3.422718218 0.05454356057 0.5
515 522 3.398529094 0.05296225071 0.5
516 520 0 0 0.5
517 518 0 0 0.5
517 519 0 0 0.5
518 520 0 0 0.5
519 520 0 0 0.5
520 522 0 0 0.5
522 525 3.398529094 0.05296225071 0.5
522 530 0 0 0.5
522 533 3.422718218 0.05454356057 0.5
523 526 3.328062499 0.05454356057 0.5
523 528 2.979093822 0.02291287847 0.5
523 529 2.979093822 0.02291287847 0.5
523 534 3.422718218 0.05454356057 0.5
524 527 0 0 0.5
524 533 3.422718218 0.05454356057 0.5
525 532 3.398529094 0.05296225071 0.5
526 530 0 0 0.5
527 528 0 0 0.5
527 529 0 0 0.5
528 530 0 0 0.5
529 530 0 0 0.5
530 532 0 0 0.5
532 535 3.398529094 0.05296225071 0.5
532 540 0 0 0.5
533 536 3.328062499 0.05454356057 0.5
533 538 2.979093822 0.02291287847 0.5
533 539 2.979093822 0.02291287847 0.5
534 537 0 0 0.5
536 540 0 0 0.5
537 538 0 0 0.5
537 539 0 0 0.5
538 540 0 0 0.5
539 540 0 0 0.5
542 545 3.398529094 0.05296225071 0.5
542 550 0 0 0.5
542 553 3.422718218 0.05454356057 0.5
542 565 3.398529094 0.05296225071 0.5
542 570 0 0 0.5
543 546 3.328062499 0.05454356057 0.5
543 548 2.979093822 0.02291287847 0.5
543 549 2.979093822 0.02291287847 0.5
543 554 3.422718218 0.05454356057 0.5
543 562 3.422718218 0.05454356057 0.5
543 564 3.422718218 0.05454356057 0.5
544 547 0 0 0.5
544 553 3.422718218 0.05454356057 0.5
544 563 3.422718218 0.05454356057 0.5
545 552 3.398529094 0.05296225071 0.5
546 550 0 0 0.5
547 548 0 0 0.5
547 549 0 0 0.5
548 550 0 0 0.5
549 550 0 0 0.5
550 552 0 0 0.5
552 555 3.398529094 0.05296225071 0.5
552 560 0 0 0.5
552 563 3.422718218 0.05454356057 0.5
553 556 3.328062499 0.05454356057 0.5
553 558 2.979093822 0.02291287847 0.5
553 559 2.979093822 0.02291287847 0.5
553 564 3.422718218 0.05454356057 0.5
554 557 0 0 0.5
554 563 3.422718218 0.05454356057 0.5
555 562 3.398529094 0.05296225071 0.5
556 560 0 0 0.5
557 558 0 0 0.5
557 559 0 0 0.5
558 560 0 0 0.5
559 560 0 0 0.5
560 562 0 0 0.5
562 565 3.398529094 0.05296225071 0.5
562 570 0 0 0.5
563 566 3.328062499 0.05454356057 0.5
563 568 2.979093822 0.02291287847 0.5
563 569 2.979093822 0.02291287847 0.5
564 567 0 0 0.5
566 570 0 0 0.5
567 568 0 0 0.5
567 569 0 0 0.5
568 570 0 0 0.5
569 570 0 0 0.5
572 575 3.398529094 0.05296225071 0.5
572 580 0 0 0.5
572 583 3.422718218 0.05454356057 0.5
572 595 3.398529094 0.05296225071 0.5
572 600 0 0 0.5
573 576 3.328062499 0.05454356057 0.5
573 578 2.979093822 0.02291287847 0.5
573 579 2.979093822 0.02291287847 0.5
573 584 3.422718218 0.05454356057 0.5
573 592 3.422718218 0.05454356057 0.5
573 594 3.422718218 0.05454356057 0.5
574 577 0 0 0.5
574 583 3.422718218 0.05454356057 0.5
574 593 3.422718218 0.05454356057 0.5
575 582 3.398529094 0.05296225071 0.5
576 580 0 0 0.5
577 578 0 0 0.5
577 579 0 0 0.5
578 580 0 0 0.5
579 580 0 0 0.5
580 582 0 0 0.5
582 585 3.398529094 0.05296225071 0.5
582 590 0 0 0.5
582 593 3.422718218 0.05454356057 0.5
583 586 3.328062499 0.05454356057 0.5
583 588 2.979093822 0.02291287847 0.5
583 589 2.979093822 0.02291287847 0.5
583 594 3.422718218 0.05454356057 0.5
584 587 0 0 0.5
584 593 3.422718218 0.05454356057 0.5
585 592 3.398529094 0.05296225071 0.5
586 590 0 0 0.5
587 588 0 0 0.5
587 589 0 0 0.5
588 590 0 0 0.5
589 590 0 0 0.5
590 592 0 0 0.5
592 595 3.398529094 0.05296225071 0.5
592 600 0 0 0.5
593 596 3.328062499 0.05454356057 0.5
593 598 2.979093822 0.02291287847 0.5
593 599 2.979093822 0.02291287847 0.5
594 597 0 0 0.5
596 600 0 0 0.5
597 598 0 0 0.5
597 599 0 0 0.5
598 600 0 0 0.5
599 600 0 0 0.5
602 605 3.398529094 0.05296225071 0.5
602 610 0 0 0.5
602 613 3.422718218 0.05454356057 0.5
602 625 3.398529094 0.05296225071 0.5
602 630 0 0 0.5
603 606 3.328062499 0.05454356057 0.5
603 608 2.979093822 0.02291287847 0.5
603 609 2.979093822 0.02291287847 0.5
603 614 3.422718218 0.05454356057 0.5
603 622 3.422718218 0.05454356057 0.5
603 624 3.422718218 0.05454356057 0.5
604 607 0 0 0.5
604 613 3.422718218 0.05454356057 0.5
604 623 3.422718218 0.05454356057 0.5
605 612 3.398529094 0.05296225071 0.5
606 610 0 0 0.5
607 608 0 0 0.5
607 609 0 0 0.5
608 610 0 0 0.5
609 610 0 0 0.5
610 612 0 0 0.5
612 615 3.398529094 0.05296225071 0.5
612 620 0 0 0.5
612 623 3.422718218 0.05454356057 0.5
613 616 3.328062499 0.05454356057 0.5
613 618 2.979093822 0.02291287847 0.5
613 619 2.979093822 0.02291287847 0.5
613 624 3.422718218 0.05454356057 0.5
614 617 0 0 0.5
614 623 3.422718218 0.05454356057 0.5
615 622 3.398529094 0.05296225071 0.5
616 620 0 0 0.5
617 618 0 0 0.5
617 619 0 0 0.5
618 620 0 0 0.5
619 620 0 0 0.5
620 622 0 0 0.5
622 625 3.398529094 0.05296225071 0.5
622 630 0 0 0.5
623 626 3.328062499 0.05454356057 0.5
623 628 2.979093822 0.02291287847 0.5
623 629 2.979093822 0.02291287847 0.5
624 627 0 0 0.5
626 630 0 0 0.5
627 628 0 0 0.5
627 629 0 0 0.5
628 630 0 0 0.5
629 630 0 0 0.5
632 635 3.398529094 0.05296225071 0.5
632 640 0 0 0.5
632 643 3.422718218 0.05454356057 0.5
632 655 3.398529094 0.05296225071 0.5
632 660 0 0 0.5
633 636 3.328062499 0.05454356057 0.5
633 638 2.979093822 0.02291287847 0.5
633 639 2.979093822 0.02291287847 0.5
633 644 3.422718218 0.05454356057 0.5
633 652 3.422718218 0.05454356057 0.5
633 654 3.422718218 0.05454356057 0.5
634 637 0 0 0.5
634 643 3.422718218 0.05454356057 0.5
634 653 3.422718218 0.05454356057 0.5
635 642 3.398529094 0.05296225071 0.5
636 640 0 0 0.5
637 638 0 0 0.5
637 639 0 0 0.5
638 640 0 0 0.5
639 640 0 0 0.5
640 642 0 0 0.5
642 645 3.398529094 0.05296225071 0.5
642 650 0 0 0.5
642 653 3.422718218 0.05454356057 0.5
643 646 3.328062499 0.05454356057 0.5
643 648 2.979093822 0.02291287847 0.5
643 649 2.979093822 0.02291287847 0.5
643 654 3.422718218 0.05454356057 0.5
644 647 0 0 0.5
644 653 3.422718218 0.05454356057 0.5
645 652 3.398529094 0.05296225071 0.5
646 650 0 0 0.5
647 648 0 0 0.5
647 649 0 0 0.5
648 650 0 0 0.5
649 650 0 0 0.5
650 652 0 0 0.5
652 655 3.398529094 0.05296225071 0.5
652 660 0 0 0.5
653 656 3.328062499 0.05454356057 0.5
653 658 2.979093822 0.02291287847 0.5
653 659 2.979093822 0.02291287847 0.5
654 657 0 0 0.5
656 660 0 0 0.5
657 658 0 0 0.5
657 659 0 0 0.5
658 660 0 0 0.5
659 660 0 0 0.5
662 665 3.398529094 0.05296225071 0.5
662 670 0 0 0.5
662 673 3.422718218 0.05454356057 0.5
662 685 3.398529094 0.05296225071 0.5
662 690 0 0 0.5
663 666 3.328062499 0.05454356057 0.5
663 668 2.979093822 0.02291287847 0.5
663 669 2.979093822 0.02291287847 0.5
663 674 3.422718218 0.05454356057 0.5
663 682 3.422718218 0.05454356057 0.5
663 684 3.422718218 0.05454356057 0.5
664 667 0 0 0.5
664 673 3.422718218 0.05454356057 0.5
664 683 3.422718218 0.05454356057 0.5
665 672 3.398529094 0.05296225071 0.5
666 670 0 0 0.5
667 668 0 0 0.5
667 669 0 0 0.5
668 670 0 0 0.5
669 670 0 0 0.5
670 672 0 0 0.5
672 675 3.398529094 0.05296225071 0.5
672 680 0 0 0.5
672 683 3.422718218 0.05454356057 0.5
673 676 3.328062499 0.05454356057 0.5
673 678 2.979093822 0.02291287847 0.5
673 679 2.979093822 0.02291287847 0.5
673 684 3.422718218 0.05454356057 0.5
674 677 0 0 0.5
674 683 3.422718218 0.05454356057 0.5
675 682 3.398529094 0.05296225071 0.5
676 680 0 0 0.5
677 678 0 0 0.5
677 679 0 0 0.5
678 680 0 0 0.5
679 680 0 0 0.5
680 682 0 0 0.5
682 685 3.398529094 0.05296225071 0.5
682 690 0 0 0.5
683 686 3.328062499 0.05454356057 0.5
683 688 2.979093822 0.02291287847 0.5
683 689 2.979093822 0.02291287847 0.5
684 687 0 0 0.5
686 690 0 0 0.5
687 688 0 0 0.5
687 689 0 0 0.5
688 690 0 0 0.5
689 690 0 0 0.5
692 695 3.398529094 0.05296225071 0.5
692 700 0 0 0.5
692 703 3.422718218 0.05454356057 0.5
692 715 3.398529094 0.05296225071 0.5
692 720 0 0 0.5
693 696 3.328062499 0.05454356057 0.5
693 698 2.979093822 0.02291287847 0.5
693 699 2.979093822 0.02291287847 0.5
693 704 3.422718218 0.05454356057 0.5
693 712 3.422718218 0.05454356057 0.5
693 714 3.422718218 0.05454356057 0.5
694 697 0 0 0.5
694 703 3.422718218 0.05454356057 0.5
694 713 3.422718218 0.05454356057 0.5
695 702 3.398529094 0.05296225071 0.5
696 700 0 0 0.5
697 698 0 0 0.5
697 699 0 0 0.5
698 700 0 0 0.5
699 700 0 0 0.5
700 702 0 0 0.5
702 705 3.398529094 0.05296225071 0.5
702 710 0 0 0.5
702 713 3.422718218 0.05454356057 0.5
703 706 3.328062499 0.05454356057 0.5
703 708 2.979093822 0.02291287847 0.5
703 709 2.979093822 0.02291287847 0.5
703 714 3.422718218 0.05454356057 0.5
704 707 0 0 0.5
704 713 3.422718218 0.05454356057 0.5
705 712 3.398529094 0.05296225071 0.5
706 710 0 0 0.5
707 708 0 0 0.5
707 709 0 0 0.5
708 710 0 0 0.5
709 710 0 0 0.5
710 712 0 0 0.5
712 715 3.398529094 0.05296225071 0.5
712 720 0 0 0.5
713 716 3.328062499 0.05454356057 0.5
713 718 2.979093822 0.02291287847 0.5
713 719 2.979093822 0.02291287847 0.5
714 717 0 0 0.5
716 720 0 0 0.5
717 718 0 0 0.5
717 719 0 0 0.5
718 720 0 0 0.5
719 720 0 0 0.5
722 725 3.398529094 0.05296225071 0.5
722 730 0 0 0.5
722 733 3.422718218 0.05454356057 0.5
722 745 3.398529094 0.05296225071 0.5
722 750 0 0 0.5
723 726 3.328062499 0.05454356057 0.5
723 728 2.979093822 0.02291287847 0.5
723 729 2.979093822 0.02291287847 0.5
723 734 3.422718218 0.05454356057 0.5
723 742 3.422718218 0.05454356057 0.5
723 744 3.422718218 0.05454356057 0.5
724 727 0 0 0.5
724 733 3.422718218 0.05454356057 0.5
724 743 3.422718218 0.05454356057 0.5
725 732 3.398529094 0.05296225071 0.5
726 730 0 0 0.5
727 728 0 0 0.5
727 729 0 0 0.5
728 730 0 0 0.5
729 730 0 0 0.5
730 732 0 0 0.5
732 735 3.398529094 0.05296225071 0.5
732 740 0 0 0.5
732 743 3.422718218 0.05454356057 0.5
733 736 3.328062499 0.05454356057 0.5
733 738 2.979093822 0.02291287847 0.5
733 739 2.979093822 0.02291287847 0.5
733 744 3.422718218 0.05454356057 0.5
734 737 0 0 0.5
734 743 3.422718218 0.05454356057 0.5
735 742 3.398529094 0.05296225071 0.5
736 740 0 0 0.5
737 738 0 0 0.5
737 739 0 0 0.5
738 740 0 0 0.5
739 740 0 0 0.5
740 742 0 0 0.5
742 745 3.398529094 0.05296225071 0.5
742 750 0 0 0.5
743 746 3.328062499 0.05454356057 0.5
743 748 2.979093822 0.02291287847 0.5
743 749 2.979093822 0.02291287847 0.5
744 747 0 0 0.5
746 750 0 0 0.5
747 748 0 0 0.5
747 749 0 0 0.5
748 750 0 0 0.5
749 750 0 0 0.5
752 755 3.398529094 0.05296225071 0.5
752 760 0 0 0.5
752 763 3.422718218 0.05454356057 0.5
752 775 3.398529094 0.05296225071 0.5
752 780 0 0 0.5
753 756 3.328062499 0.05454356057 0.5
753 758 2.979093822 0.02291287847 0.5
753 759 2.979093822 0.02291287847 0.5
753 764 3.422718218 0.05454356057 0.5
753 772 3.422718218 0.05454356057 0.5
753 774 3.422718218 0.05454356057 0.5
754 757 0 0 0.5
754 763 3.422718218 0.05454356057 0.5
754 773 3.422718218 0.05454356057 0.5
755 762 3.398529094 0.05296225071 0.5
756 760 0 0 0.5
757 758 0 0 0.5
757 759 0 0 0.5
758 760 0 0 0.5
759 760 0 0 0.5
760 762 0 0 0.5
762 765 3.398529094 0.05296225071 0.5
762 770 0 0 0.5
762 773 3.422718218 0.05454356057 0.5
763 766 3.328062499 0.05454356057 0.5
763 768 2.979093822 0.02291287847 0.5
763 769 2.979093822 0.02291287847 0.5
763 774 3.422718218 0.05454356057 0.5
764 767 0 0 0.5
764 773 3.422718218 0.05454356057 0.5
765 772 3.398529094 0.05296225071 0.5
766 770 0 0 0.5
767 768 0 0 0.5
767 769 0 0 0.5
768 770 0 0 0.5
769 770 0 0 0.5
770 772 0 0 0.5
772 775 3.398529094 0.05296225071 0.5
772 780 0 0 0.5
773 776 3.328062499 0.05454356057 0.5
773 778 2.979093822 0.02291287847 0.5
773 779 2.979093822 0.02291287847 0.5
774 777 0 0 0.5
776 780 0 0 0.5
777 778 0 0 0.5
777 779 0 0 0.5
778 780 0 0 0.5
779 780 0 0 0.5
782 785 3.398529094 0.05296225071 0.5
782 790 0 0 0.5
782 793 3.422718218 0.05454356057 0.5
782 805 3.398529094 0.05296225071 0.5
782 810 0 0 0.5
783 786 3.328062499 0.05454356057 0.5
783 788 2.979093822 0.02291287847 0.5
783 789 2.979093822 0.02291287847 0.5
783 794 3.422718218 0.05454356057 0.5
783 802 3.422718218 0.05454356057 0.5
783 804 3.422718218 0.05454356057 0.5
784 787 0 0 0.5
784 793 3.422718218 0.05454356057 0.5
784 803 3.422718218 0.05454356057 0.5
785 792 3.398529094 0.05296225071 0.5
786 790 0 0 0.5
787 788 0 0 0.5
787 789 0 0 0.5
788 790 0 0 0.5
789 790 0 0 0.5
790 792 0 0 0.5
792 795 3.398529094 0.05296225071 0.5
792 800 0 0 0.5
792 803 3.422718218 0.05454356057 0.5
793 796 3.328062499 0.05454356057 0.5
793 798 2.979093822 0.02291287847 0.5
793 799 2.979093822 0.02291287847 0.5
793 804 3.422718218 0.05454356057 0.5
794 797 0 0 0.5
794 803 3.422718218 0.05454356057 0.5
795 802 3.398529094 0.05296225071 0.5
796 800 0 0 0.5
797 798 0 0 0.5
797 799 0 0 0.5
798 800 0 0 0.5
799 800 0 0 0.5
800 802 0 0 0.5
802 805 3.398529094 0.05296225071 0.5
802 810 0 0 0.5
803 806 3.328062499 0.05454356057 0.5
803 808 2.979093822 0.02291287847 0.5
803 809 2.979093822 0.02291287847 0.5
804 807 0 0 0.5
806 810 0 0 0.5
807 808 0 0 0.5
807 809 0 0 0.5
808 810 0 0 0.5
809 810 0 0 0.5
812 815 3.398529094 0.05296225071 0.5
812 820 0 0 0.5
812 823 3.422718218 0.05454356057 0.5
812 835 3.398529094 0.05296225071 0.5
812 840 0 0 0.5
813 816 3.328062499 0.05454356057 0.5
813 818 2.979093822 0.02291287847 0.5
813 819 2.979093822 0.02291287847 0.5
813 824 3.422718218 0.05454356057 0.5
813 832 3.422718218 0.05454356057 0.5
813 834 3.422718218 0.05454356057 0.5
814 817 0 0 0.5
814 823 3.422718218 0.05454356057 0.5
814 833 3.422718218 0.05454356057 0.5
815 822 3.398529094 0.05296225071 0.5
816 820 0 0 0.5
817 818 0 0 0.5
817 819 0 0 0.5
818 820 0 0 0.5
819 820 0 0 0.5
820 822 0 0 0.5
822 825 3.398529094 0.05296225071 0.5
822 830 0 0 0.5
822 833 3.422718218 0.05454356057 0.5
823 826 3.328062499 0.05454356057 0.5
823 828 2.979093822 0.02291287847 0.5
823 829 2.979093822 0.02291287847 0.5
823 834 3.422718218 0.05454356057 0.5
824 827 0 0 0.5
824 833 3.422718218 0.05454356057 0.5
825 832 3.398529094 0.05296225071 0.5
826 830 0 0 0.5
827 828 0 0 0.5
827 829 0 0 0.5
828 830 0 0 0.5
829 830 0 0 0.5
830 832 0 0 0.5
832 835 3.398529094 0.05296225071 0.5
832 840 0 0 0.5
833 836 3.328062499 0.05454356057 0.5
833 838 2.979093822 0.02291287847 0.5
833 839 2.979093822 0.02291287847 0.5
834 837 0 0 0.5
836 840 0 0 0.5
837 838 0 0 0.5
837 839 0 0 0.5
838 840 0 0 0.5
839 840 0 0 0.5
842 845 3.398529094 0.05296225071 0.5
842 850 0 0 0.5
842 853 3.422718218 0.05454356057 0.5
842 865 3.398529094 0.05296225071 0.5
842 870 0 0 0.5
843 846 3.328062499 0.05454356057 0.5
843 848 2.979093822 0.02291287847 0.5
843 849 2.979093822 0.02291287847 0.5
843 854 3.422718218 0.05454356057 0.5
843 862 3.422718218 0.05454356057 0.5
843 864 3.422718218 0.05454356057 0.5
844 847 0 0 0.5
844 853 3.422718218 0.05454356057 0.5
844 863 3.422718218 0.05454356057 0.5
845 852 3.398529094 0.05296225071 0.5
846 850 0 0 0.5
847 848 0 0 0.5
847 849 0 0 0.5
848 850 0 0 0.5
849 850 0 0 0.5
850 852 0 0 0.5
852 855 3.398529094 0.05296225071 0.5
852 860 0 0 0.5
852 863 3.422718218 0.05454356057 0.5
853 856 3.328062499 0.05454356057 0.5
853 858 2.979093822 0.02291287847 0.5
853 859 2.979093822 0.02291287847 0.5
853 864 3.422718218 0.05454356057 0.5
854 857 0 0 0.5
854 863 3.422718218 0.05454356057 0.5
855 862 3.398529094 0.05296225071 0.5
856 860 0 0 0.5
857 858 0 0 0.5
857 859 0 0 0.5
858 860 0 0 0.5
859 860 0 0 0.5
860 862 0 0 0.5
862 865 3.398529094 0.05296225071 0.5
862 870 0 0 0.5
863 866 3.328062499 0.05454356057 0.5
863 868 2.979093822 0.02291287847 0.5
863 869 2.979093822 0.02291287847 0.5
864 867 0 0 0.5
866 870 0 0 0.5
867 868 0 0 0.5
867 869 0 0 0.5
868 870 0 0 0.5
869 870 0 0 0.5
872 875 3.398529094 0.05296225071 0.5
872 880 0 0 0.5
872 883 3.422718218 0.05454356057 0.5
872 895 3.398529094 0.05296225071 0.5
872 900 0 0 0.5
873 876 3.328062499 0.05454356057 0.5
873 878 2.979093822 0.02291287847 0.5
873 879 2.979093822 0.02291287847 0.5
873 884 3.422718218 0.05454356057 0.5
873 892 3.422718218 0.05454356057 0.5
873 894 3.422718218 0.05454356057 0.5
874 877 0 0 0.5
874 883 3.422718218 0.05454356057 0.5
874 893 3.422718218 0.05454356057 0.5
875 882 3.398529094 0.05296225071 0.5
876 880 0 0 0.5
877 878 0 0 0.5
877 879 0 0 0.5
878 880 0 0 0.5
879 880 0 0 0.5
880 882 0 0 0.5
882 885 3.398529094 0.05296225071 0.5
882 890 0 0 0.5
882 893 3.422718218 0.05454356057 0.5
883 886 3.328062499 0.05454356057 0.5
883 888 2.979093822 0.02291287847 0.5
883 889 2.979093822 0.02291287847 0.5
883 894 3.422718218 0.05454356057 0.5
884 887 0 0 0.5
884 893 3.422718218 0.05454356057 0.5
885 892 3.398529094 0.05296225071 0.5
886 890 0 0 0.5
887 888 0 0 0.5
887 889 0 0 0.5
888 890 0 0 0.5
889 890 0 0 0.5
890 892 0 0 0.5
892 895 3.398529094 0.05296225071 0.5
892 900 0 0 0.5
893 896 3.328062499 0.05454356057 0.5
893 898 2.979093822 0.02291287847 0.5
893 899 2.979093822 0.02291287847 0.5
894 897 0 0 0.5
896 900 0 0 0.5
897 898 0 0 0.5
897 899 0 0 0.5
898 900 0 0 0.5
899 900 0 0 0.5
902 905 3.398529094 0.05296225071 0.5
902 910 0 0 0.5
902 913 3.422718218 0.05454356057 0.5
902 925 3.398529094 0.05296225071 0.5
902 930 0 0 0.5
903 906 3.328062499 0.05454356057 0.5
903 908 2.979093822 0.02291287847 0.5
903 909 2.979093822 0.02291287847 0.5
903 914 3.422718218 0.05454356057 0.5
903 922 3.422718218 0.05454356057 0.5
903 924 3.422718218 0.05454356057 0.5
904 907 0 0 0.5
904 913 3.422718218 0.05454356057 0.5
904 923 3.422718218 0.05454356057 0.5
905 912 3.398529094 0.05296225071 0.5
906 910 0 0 0.5
907 908 0 0 0.5
907 909 0 0 0.5
908 910 0 0 0.5
909 910 0 0 0.5
910 912 0 0 0.5
912 915 3.398529094 0.05296225071 0.5
912 920 0 0 0.5
912 923 3.422718218 0.05454356057 0.5
913 916 3.328062499 0.05454356057 0.5
913 918 2.979093822 0.02291287847 0.5
913 919 2.979093822 0.02291287847 0.5
913 924 3.422718218 0.05454356057 0.5
914 917 0 0 0.5
914 923 3.422718218 0.05454356057 0.5
915 922 3.398529094 0.05296225071 0.5
916 920 0 0 0.5
917 918 0 0 0.5
917 919 0 0 0.5
918 920 0 0 0.5
919 920 0 0 0.5
920 922 0 0 0.5
922 925 3.398529094 0.05296225071 0.5
922 930 0 0 0.5
923 926 3.328062499 0.05454356057 0.5
923 928 2.979093822 0.02291287847 0.5
923 929 2.979093822 0.02291287847 0.5
924 927 0 0 0.5
926 930 0 0 0.5
927 928 0 0 0.5
927 929 0 0 0.5
928 930 0 0 0.5
929 930 0 0 0.5
932 935 3.398529094 0.05296225071 0.5
932 940 0 0 0.5
932 943 3.422718218 0.05454356057 0.5
932 955 3.398529094 0.05296225071 0.5
932 960 0 0 0.5
933 936 3.328062499 0.05454356057 0.5
933 938 2.979093822 0.02291287847 0.5
933 939 2.979093822 0.02291287847 0.5
933 944 3.422718218 0.05454356057 0.5
933 952 3.422718218 0.05454356057 0.5
933 954 3.422718218 0.05454356057 0.5
934 937 0 0 0.5
934 943 3.422718218 0.05454356057 0.5
934 953 3.422718218 0.05454356057 0.5
935 942 3.398529094 0.05296225071 0.5
936 940 0 0 0.5
937 938 0 0 0.5
937 939 0 0 0.5
938 940 0 0 0.5
939 940 0 0 0.5
940 942 0 0 0.5
942 945 3.398529094 0.05296225071 0.5
942 950 0 0 0.5
942 953 3.422718218 0.05454356057 0.5
943 946 3.328062499 0.05454356057 0.5
943 948 2.979093822 0.02291287847 0.5
943 949 2.979093822 0.02291287847 0.5
943 954 3.422718218 0.05454356057 0.5
944 947 0 0 0.5
944 953 3.422718218 0.05454356057 0.5
945 952 3.398529094 0.05296225071 0.5
946 950 0 0 0.5
947 948 0 0 0.5
947 949 0 0 0.5
948 950 0 0 0.5
949 950 0 0 0.5
950 952 0 0 0.5
952 955 3.398529094 0.05296225071 0.5
952 960 0 0 0.5
953 956 3.328062499 0.05454356057 0.5
953 958 2.979093822 0.02291287847 0.5
953 959 2.979093822 0.02291287847 0.5
954 957 0 0 0.5
956 960 0 0 0.5
957 958 0 0 0.5
957 959 0 0 0.5
958 960 0 0 0.5
959 960 0 0 0.5
962 965 3.398529094 0.05296225071 0.5
962 970 0 0 0.5
962 973 3.422718218 0.05454356057 0.5
962 985 3.398529094 0.05296225071 0.5
962 990 0 0 0.5
963 966 3.328062499 0.05454356057 0.5
963 968 2.979093822 0.02291287847 0.5
963 969 2.979093822 0.02291287847 0.5
963 974 3.422718218 0.05454356057 0.5
963 982 3.422718218 0.05454356057 0.5
963 984 3.422718218 0.05454356057 0.5
964 967 0 0 0.5
964 973 3.422718218 0.05454356057 0.5
964 983 3.422718218 0.05454356057 0.5
965 972 3.398529094 0.05296225071 0.5
966 970 0 0 0.5
967 968 0 0 0.5
967 969 0 0 0.5
968 970 0 0 0.5
969 970 0 0 0.5
970 972 0 0 0.5
972 975 3.398529094 0.05296225071 0.5
972 980 0 0 0.5
972 983 3.422718218 0.05454356057 0.5
973 976 3.328062499 0.05454356057 0.5
973 978 2.979093822 0.02291287847 0.5
973 979 2.979093822 0.02291287847 0.5
973 984 3.422718218 0.05454356057 0.5
974 977 0 0 0.5
974 983 3.422718218 0.05454356057 0.5
975 982 3.398529094 0.05296225071 0.5
976 980 0 0 0.5
977 978 0 0 0.5
977 979 0 0 0.5
978 980 0 0 0.5
979 980 0 0 0.5
980 982 0 0 0.5
982 985 3.398529094 0.05296225071 0.5
982 990 0 0 0.5
983 986 3.328062499 0.05454356057 0.5
983 988 2.979093822 0.02291287847 0.5
983 989 2.979093822 0.02291287847 0.5
984 987 0 0 0.5
986 990 0 0 0.5
987 988 0 0 0.5
987 989 0 0 0.5
988 990 0 0 0.5
989 990 0 0 0.5
992 995 3.398529094 0.05296225071 0.5
992 1000 0 0 0.5
992 1003 3.422718218 0.05454356057 0.5
992 1015 3.398529094 0.05296225071 0.5
992 1020 0 0 0.5
993 996 3.328062499 0.05454356057 0.5
993 998 2.979093822 0.02291287847 0.5
993 999 2.979093822 0.02291287847 0.5
993 1004 3.422718218 0.05454356057 0.5
993 1012 3.422718218 0.05454356057 0.5
993 1014 3.422718218 0.05454356057 0.5
994 997 0 0 0.5
994 1003 3.422718218 0.05454356057 0.5
994 1013 3.422718218 0.05454356057 0.5
995 1002 3.398529094 0.05296225071 0.5
996 1000 0 0 0.5
997 998 0 0 0.5
997 999 0 0 0.5
998 1000 0 0 0.5
999 1000 0 0 0.5
1000 1002 0 0 0.5
1002 1005 3.398529094 0.05296225071 0.5
1002 1010 0 0 0.5
1002 1013 3.422718218 0.05454356057 0.5
1003 1006 3.328062499 0.05454356057 0.5
1003 1008 2.979093822 0.02291287847 0.5
1003 1009 2.979093822 0.02291287847 0.5
1003 1014 3.422718218 0.05454356057 0.5
1004 1007 0 0 0.5
1004 1013 3.422718218 0.05454356057 0.5
1005 1012 3.398529094 0.05296225071 0.5
1006 1010 0 0 0.5
1007 1008 0 0 0.5
1007 1009 0 0 0.5
1008 1010 0 0 0.5
1009 1010 0 0 0.5
1010 1012 0 0 0.5
1012 1015 3.398529094 0.05296225071 0.5
1012 1020 0 0 0.5
1013 1016 3.328062499 0.05454356057 0.5
1013 1018 2.979093822 0.02291287847 0.5
1013 1019 2.979093822 0.02291287847 0.5
1014 1017 0 0 0.5
1016 1020 0 0 0.5
1017 1018 0 0 0.5
1017 1019 0 0 0.5
1018 1020 0 0 0.5
1019 1020 0 0 0.5
1022 1025 3.398529094 0.05296225071 0.5
1022 1030 0 0 0.5
1022 1033 3.422718218 0.05454356057 0.5
1022 1045 3.398529094 0.05296225071 0.5
1022 1050 0 0 0.5
1023 1026 3.328062499 0.05454356057 0.5
1023 1028 2.979093822 0.02291287847 0.5
1023 1029 2.979093822 0.02291287847 0.5
1023 1034 3.422718218 0.05454356057 0.5
1023 1042 3.422718218 0.05454356057 0.5
1023 1044 3.422718218 0.05454356057 0.5
1024 1027 0 0 0.5
1024 1033 3.422718218 0.05454356057 0.5
1024 1043 3.422718218 0.05454356057 0.5
1025 1032 3.398529094 0.05296225071 0.5
1026 1030 0 0 0.5
1027 1028 0 0 0.5
1027 1029 0 0 0.5
1028 1030 0 0 0.5
1029 1030 0 0 0.5
1030 1032 0 0 0.5
1032 1035 3.398529094 0.05296225071 0.5
1032 1040 0 0 0.5
1032 1043 3.422718218 0.05454356057 0.5
1033 1036 3.328062499 0.05454356057 0.5
1033 1038 2.979093822 0.02291287847 0.5
1033 1039 2.979093822 0.02291287847 0.5
1033 1044 3.422718218 0.05454356057 0.5
1034 1037 0 0 0.5
1034 1043 3.422718218 0.05454356057 0.5
1035 1042 3.398529094 0.05296225071 0.5
1036 1040 0 0 0.5
1037 1038 0 0 0.5
1037 1039 0 0 0.5
1038 1040 0 0 0.5
1039 1040 0 0 0.5
1040 1042 0 0 0.5
1042 1045 3.398529094 0.05296225071 0.5
1042 1050 0 0 0.5
1043 1046 3.328062499 0.05454356057 0.5
1043 1048 2.979093822 0.02291287847 0.5
1043 1049 2.979093822 0.02291287847 0.5
1044 1047 0 0 0.5
1046 1050 0 0 0.5
1047 1048 0 0 0.5
1047 1049 0 0 0.5
1048 1050 0 0 0.5
1049 1050 0 0 0.5
1052 1055 3.398529094 0.05296225071 0.5
1052 1060 0 0 0.5
1052 1063 3.422718218 0.05454356057 0.5
1052 1075 3.398529094 0.05296225071 0.5
1052 1080 0 0 0.5
1053 1056 3.328062499 0.05454356057 0.5
1053 1058 2.979093822 0.02291287847 0.5
1053 1059 2.979093822 0.02291287847 0.5
1053 1064 3.422718218 0.05454356057 0.5
1053 1072 3.422718218 0.05454356057 0.5
1053 1074 3.422718218 0.05454356057 0.5
1054 1057 0 0 0.5
1054 1063 3.422718218 0.05454356057 0.5
1054 1073 3.422718218 0.05454356057 0.5
1055 1062 3.398529094 0.05296225071 0.5
1056 1060 0 0 0.5
1057 1058 0 0 0.5
1057 1059 0 0 0.5
1058 1060 0 0 0.5
1059 1060 0 0 0.5
1060 1062 0 0 0.5
1062 1065 3.398529094 0.05296225071 0.5
1062 1070 0 0 0.5
1062 1073 3.422718218 0.05454356057 0.5
1063 1066 3.328062499 0.05454356057 0.5
1063 1068 2.979093822 0.02291287847 0.5
1063 1069 2.979093822 0.02291287847 0.5
1063 1074 3.422718218 0.05454356057 0.5
1064 1067 0 0 0.5
1064 1073 3.422718218 0.05454356057 0.5
1065 1072 3.398529094 0.05296225071 0.5
1066 1070 0 0 0.5
1067 1068 0 0 0.5
1067 1069 0 0 0.5
1068 1070 0 0 0.5
1069 1070 0 0 0.5
1070 1072 0 0 0.5
1072 1075 3.398529094 0.05296225071 0.5
1072 1080 0 0 0.5
1073 1076 3.328062499 0.05454356057 0.5
1073 1078 2.979093822 0.02291287847 0.5
1073 1079 2.979093822 0.02291287847 0.5
1074 1077 0 0 0.5
1076 1080 0 0 0.5
1077 1078 0 0 0.5
1077 1079 0 0 0.5
1078 1080 0 0 0.5
1079 1080 0 0 0.5
1082 1085 3.398529094 0.05296225071 0.5
1082 1090 0 0 0.5
1082 1093 3.422718218 0.05454356057 0.5
1082 1105 3.398529094 0.05296225071 0.5
1082 1110 0 0 0.5
1083 1086 3.328062499 0.05454356057 0.5
1083 1088 2.979093822 0.02291287847 0.5
1083 1089 2.979093822 0.02291287847 0.5
1083 1094 3.422718218 0.05454356057 0.5
1083 1102 3.422718218 0.05454356057 0.5
1083 1104 3.422718218 0.05454356057 0.5
1084 1087 0 0 0.5
1084 1093 3.422718218 0.05454356057 0.5
1084 1103 3.422718218 0.05454356057 0.5
1085 1092 3.398529094 0.05296225071 0.5
1086 1090 0 0 0.5
1087 1088 0 0 0.5
1087 1089 0 0 0.5
1088 1090 0 0 0.5
1089 1090 0 0 0.5
1090 1092 0 0 0.5
1092 1095 3.398529094 0.05296225071 0.5
1092 1100 0 0 0.5
1092 1103 3.422718218 0.05454356057 0.5
1093 1096 3.328062499 0.05454356057 0.5
1093 1098 2.979093822 0.02291287847 0.5
1093 1099 2.979093822 0.02291287847 0.5
1093 1104 3.422718218 0.05454356057 0.5
1094 1097 0 0 0.5
1094 1103 3.422718218 0.05454356057 0.5
1095 1102 3.398529094 0.05296225071 0.5
1096 1100 0 0 0.5
1097 1098 0 0 0.5
1097 1099 0 0 0.5
1098 1100 0 0 0.5
1099 1100 0 0 0.5
1100 1102 0 0 0.5
1102 1105 3.398529094 0.05296225071 0.5
1102 1110 0 0 0.5
1103 1106 3.328062499 0.05454356057 0.5
1103 1108 2.979093822 0.02291287847 0.5
1103 1109 2.979093822 0.02291287847 0.5
1104 1107 0 0 0.5
1106 1110 0 0 0.5
1107 1108 0 0 0.5
1107 1109 0 0 0.5
1108 1110 0 0 0.5
1109 1110 0 0 0.5
1112 1115 3.398529094 0.05296225071 0.5
1112 1120 0 0 0.5
1112 1123 3.422718218 0.05454356057 0.5
1112 1135 3.398529094 0.05296225071 0.5
1112 1140 0 0 0.5
1113 1116 3.328062499 0.05454356057 0.5
1113 1118 2.979093822 0.02291287847 0.5
1113 1119 2.979093822 0.02291287847 0.5
1113 1124 3.422718218 0.05454356057 0.5
1113 1132 3.422718218 0.05454356057 0.5
1113 1134 3.422718218 0.05454356057 0.5
1114 1117 0 0 0.5
1114 1123 3.422718218 0.05454356057 0.5
1114 1133 3.422718218 0.05454356057 0.5
1115 1122 3.398529094 0.05296225071 0.5
1116 1120 0 0 0.5
1117 1118 0 0 0.5
1117 1119 0 0 0.5
1118 1120 0 0 0.5
1119 1120 0 0 0.5
1120 1122 0 0 0.5
1122 1125 3.398529094 0.05296225071 0.5
1122 1130 0 0 0.5
1122 1133 3.422718218 0.05454356057 0.5
1123 1126 3.328062499 0.05454356057 0.5
1123 1128 2.979093822 0.02291287847 0.5
1123 1129 2.979093822 0.02291287847 0.5
1123 1134 3.422718218 0.05454356057 0.5
1124 1127 0 0 0.5
1124 1133 3.422718218 0.05454356057 0.5
1125 1132 3.398529094 0.05296225071 0.5
1126 1130 0 0 0.5
1127 1128 0 0 0.5
1127 1129 0 0 0.5
1128 1130 0 0 0.5
1129 1130 0 0 0.5
1130 1132 0 0 0.5
1132 1135 3.398529094 0.05296225071 0.5
1132 1140 0 0 0.5
1133 1136 3.328062499 0.05454356057 0.5
1133 1138 2.979093822 0.02291287847 0.5
1133 1139 2.979093822 0.02291287847 0.5
1134 1137 0 0 0.5
1136 1140 0 0 0.5
1137 1138 0 0 0.5
1137 1139 0 0 0.5
1138 1140 0 0 0.5
1139 1140 0 0 0.5
1142 1145 3.398529094 0.05296225071 0.5
1142 1150 0 0 0.5
1142 1153 3.422718218 0.05454356057 0.5
1142 1165 3.398529094 0.05296225071 0.5
1142 1170 0 0 0.5
1143 1146 3.328062499 0.05454356057 0.5
1143 1148 2.979093822 0.02291287847 0.5
1143 1149 2.979093822 0.02291287847 0.5
1143 1154 3.422718218 0.05454356057 0.5
1143 1162 3.422718218 0.05454356057 0.5
1143 1164 3.422718218 0.05454356057 0.5
1144 1147 0 0 0.5
1144 1153 3.422718218 0.05454356057 0.5
1144 1163 3.422718218 0.05454356057 0.5
1145 1152 3.398529094 0.05296225071 0.5
1146 1150 0 0 0.5
1147 1148 0 0 0.5
1147 1149 0 0 0.5
1148 1150 0 0 0.5
1149 1150 0 0 0.5
1150 1152 0 0 0.5
1152 1155 3.398529094 0.05296225071 0.5
1152 1160 0 0 0.5
1152 1163 3.422718218 0.05454356057 0.5
1153 1156 3.328062499 0.05454356057 0.5
1153 1158 2.979093822 0.02291287847 0.5
1153 1159 2.979093822 0.02291287847 0.5
1153 1164 3.422718218 0.05454356057 0.5
1154 1157 0 0 0.5
1154 1163 3.422718218 0.05454356057 0.5
1155 1162 3.398529094 0.05296225071 0.5
1156 1160 0 0 0.5
1157 1158 0 0 0.5
1157 1159 0 0 0.5
1158 1160 0 0 0.5
1159 1160 0 0 0.5
1160 1162 0 0 0.5
1162 1165 3.398529094 0.05296225071 0.5
1162 1170 0 0 0.5
1163 1166 3.328062499 0.05454356057 0.5
1163 1168 2.979093822 0.02291287847 0.5
1163 1169 2.979093822 0.02291287847 0.5
1164 1167 0 0 0.5
1166 1170 0 0 0.5
1167 1168 0 0 0.5
1167 1169 0 0 0.5
1168 1170 0 0 0.5
1169 1170 0 0 0.5
1172 1175 3.398529094 0.05296225071 0.5
1172 1180 0 0 0.5
1172 1183 3.422718218 0.05454356057 0.5
1172 1195 3.398529094 0.05296225071 0.5
1172 1200 0 0 0.5
1173 1176 3.328062499 0.05454356057 0.5
1173 1178 2.979093822 0.02291287847 0.5
1173 1179 2.979093822 0.02291287847 0.5
1173 1184 3.422718218 0.05454356057 0.5
1173 1192 3.422718218 0.05454356057 0.5
1173 1194 3.422718218 0.05454356057 0.5
1174 1177 0 0 0.5
1174 1183 3.422718218 0.05454356057 0.5
1174 1193 3.422718218 0.05454356057 0.5
1175 1182 3.398529094 0.05296225071 0.5
1176 1180 0 0 0.5
1177 1178 0 0 0.5
1177 1179 0 0 0.5
1178 1180 0 0 0.5
1179 1180 0 0 0.5
1180 1182 0 0 0.5
1182 1185 3.398529094 0.05296225071 0.5
1182 1190 0 0 0.5
1182 1193 3.422718218 0.05454356057 0.5
1183 1186 3.328062499 0.05454356057 0.5
1183 1188 2.979093822 0.02291287847 0.5
1183 1189 2.979093822 0.02291287847 0.5
1183 1194 3.422718218 0.05454356057 0.5
1184 1187 0 0 0.5
1184 1193 3.422718218 0.05454356057 0.5
1185 1192 3.398529094 0.05296225071 0.5
1186 1190 0 0 0.5
1187 1188 0 0 0.5
1187 1189 0 0 0.5
1188 1190 0 0 0.5
1189 1190 0 0 0.5
1190 1192 0 0 0.5
1192 1195 3.398529094 0.05296225071 0.5
1192 1200 0 0 0.5
1193 1196 3.328062499 0.05454356057 0.5
1193 1198 2.979093822 0.02291287847 0.5
1193 1199 2.979093822 0.02291287847 0.5
1194 1197 0 0 0.5
1196 1200 0 0 0.5
1197 1198 0 0 0.5
1197 1199 0 0 0.5
1198 1200 0 0 0.5
1199 1200 0 0 0.5
1202 1205 3.398529094 0.05296225071 0.5
1202 1210 0 0 0.5
1202 1213 3.422718218 0.05454356057 0.5
1202 1225 3.398529094 0.05296225071 0.5
1202 1230 0 0 0.5
1203 1206 3.328062499 0.05454356057 0.5
1203 1208 2.979093822 0.02291287847 0.5
1203 1209 2.979093822 0.02291287847 0.5
1203 1214 3.422718218 0.05454356057 0.5
1203 1222 3.422718218 0.05454356057 0.5
1203 1224 3.422718218 0.05454356057 0.5
1204 1207 0 0 0.5
1204 1213 3.422718218 0.05454356057 0.5
1204 1223 3.422718218 0.05454356057 0.5
1205 1212 3.398529094 0.05296225071 0.5
1206 1210 0 0 0.5
1207 1208 0 0 0.5
1207 1209 0 0 0.5
1208 1210 0 0 0.5
1209 1210 0 0 0.5
1210 1212 0 0 0.5
1212 1215 3.398529094 0.05296225071 0.5
1212 1220 0 0 0.5
1212 1223 3.422718218 0.05454356057 0.5
1213 1216 3.328062499 0.05454356057 0.5
1213 1218 2.979093822 0.02291287847 0.5
1213 1219 2.979093822 0.02291287847 0.5
1213 1224 3.422718218 0.05454356057 0.5
1214 1217 0 0 0.5
1214 1223 3.422718218 0.05454356057 0.5
1215 1222 3.398529094 0.05296225071 0.5
1216 1220 0 0 0.5
1217 1218 0 0 0.5
1217 1219 0 0 0.5
1218 1220 0 0 0.5
1219 1220 0 0 0.5
1220 1222 0 0 0.5
1222 1225 3.398529094 0.05296225071 0.5
1222 1230 0 0 0.5
1223 1226 3.328062499 0.05454356057 0.5
1223 1228 2.979093822 0.02291287847 0.5
1223 1229 2.979093822 0.02291287847 0.5
1224 1227 0 0 0.5
1226 1230 0 0 0.5
1227 1228 0 0 0.5
1227 1229 0 0 0.5
1228 1230 0 0 0.5
1229 1230 0 0 0.5
1232 1235 3.398529094 0.05296225071 0.5
1232 1240 0 0 0.5
1232 1243 3.422718218 0.05454356057 0.5
1232 1255 3.398529094 0.05296225071 0.5
1232 1260 0 0 0.5
1233 1236 3.328062499 0.05454356057 0.5
1233 1238 2.979093822 0.02291287847 0.5
1233 1239 2.979093822 0.02291287847 0.5
1233 1244 3.422718218 0.05454356057 0.5
1233 1252 3.422718218 0.05454356057 0.5
1233 1254 3.422718218 0.05454356057 0.5
1234 1237 0 0 0.5
1234 1243 3.422718218 0.05454356057 0.5
1234 1253 3.422718218 0.05454356057 0.5
1235 1242 3.398529094 0.05296225071 0.5
1236 1240 0 0 0.5
1237 1238 0 0 0.5
1237 1239 0 0 0.5
1238 1240 0 0 0.5
1239 1240 0 0 0.5
1240 1242 0 0 0.5
1242 1245 3.398529094 0.05296225071 0.5
1242 1250 0 0 0.5
1242 1253 3.422718218 0.05454356057 0.5
1243 1246 3.328062499 0.05454356057 0.5
1243 1248 2.979093822 0.02291287847 0.5
1243 1249 2.979093822 0.02291287847 0.5
1243 1254 3.422718218 0.05454356057 0.5
1244 1247 0 0 0.5
1244 1253 3.422718218 0.05454356057 0.5
1245 1252 3.398529094 0.05296225071 0.5
1246 1250 0 0 0.5
1247 1248 0 0 0.5
1247 1249 0 0 0.5
1248 1250 0 0 0.5
1249 1250 0 0 0.5
1250 1252 0 0 0.5
1252 1255 3.398529094 0.05296225071 0.5
1252 1260 0 0 0.5
1253 1256 3.328062499 0.05454356057 0.5
1253 1258 2.979093822 0.02291287847 0.5
1253 1259 2.979093822 0.02291287847 0.5
1254 1257 0 0 0.5
1256 1260 0 0 0.5
1257 1258 0 0 0.5
1257 1259 0 0 0.5
1258 1260 0 0 0.5
1259 1260 0 0 0.5
1262 1265 3.398529094 0.05296225071 0.5
1262 1270 0 0 0.5
1262 1273 3.422718218 0.05454356057 0.5
1262 1285 3.398529094 0.05296225071 0.5
1262 1290 0 0 0.5
1263 1266 3.328062499 0.05454356057 0.5
1263 1268 2.979093822 0.02291287847 0.5
1263 1269 2.979093822 0.02291287847 0.5
1263 1274 3.422718218 0.05454356057 0.5
1263 1282 3.422718218 0.05454356057 0.5
1263 1284 3.422718218 0.05454356057 0.5
1264 1267 0 0 0.5
1264 1273 3.422718218 0.05454356057 0.5
1264 1283 3.422718218 0.05454356057 0.5
1265 1272 3.398529094 0.05296225071 0.5
1266 1270 0 0 0.5
1267 1268 0 0 0.5
1267 1269 0 0 0.5
1268 1270 0 0 0.5
1269 1270 0 0 0.5
1270 1272 0 0 0.5
1272 1275 3.398529094 0.05296225071 0.5
1272 1280 0 0 0.5
1272 1283 3.422718218 0.05454356057 0.5
1273 1276 3.328062499 0.05454356057 0.5
1273 1278 2.979093822 0.02291287847 0.5
1273 1279 2.979093822 0.02291287847 0.5
1273 1284 3.422718218 0.05454356057 0.5
1274 1277 0 0 0.5
1274 1283 3.422718218 0.05454356057 0.5
1275 1282 3.398529094 0.05296225071 0.5
1276 1280 0 0 0.5
1277 1278 0 0 0.5
1277 1279 0 0 0.5
1278 1280 0 0 0.5
1279 1280 0 0 0.5
1280 1282 0 0 0.5
1282 1285 3.398529094 0.05296225071 0.5
1282 1290 0 0 0.5
1283 1286 3.328062499 0.05454356057 0.5
1283 1288 2.979093822 0.02291287847 0.5
1283 1289 2.979093822 0.02291287847 0.5
1284 1287 0 0 0.5
1286 1290 0 0 0.5
1287 1288 0 0 0.5
1287 1289 0 0 0.5
1288 1290 0 0 0.5
1289 1290 0 0 0.5
1292 1295 3.398529094 0.05296225071 0.5
1292 1300 0 0 0.5
1292 1303 3.422718218 0.05454356057 0.5
1292 1315 3.398529094 0.05296225071 0.5
1292 1320 0 0 0.5
1293 1296 3.328062499 0.05454356057 0.5
1293 1298 2.979093822 0.02291287847 0.5
1293 1299 2.979093822 0.02291287847 0.5
1293 1304 3.422718218 0.05454356057 0.5
1293 1312 3.422718218 0.05454356057 0.5
1293 1314 3.422718218 0.05454356057 0.5
1294 1297 0 0 0.5
1294 1303 3.422718218 0.05454356057 0.5
1294 1313 3.422718218 0.05454356057 0.5
1295 1302 3.398529094 0.05296225071 0.5
1296 1300 0 0 0.5
1297 1298 0 0 0.5
1297 1299 0 0 0.5
1298 1300 0 0 0.5
1299 1300 0 0 0.5
1300 1302 0 0 0.5
1302 1305 3.398529094 0.05296225071 0.5
1302 1310 0 0 0.5
1302 1313 3.422718218 0.05454356057 0.5
1303 1306 3.328062499 0.05454356057 0.5
1303 1308 2.979093822 0.02291287847 0.5
1303 1309 2.979093822 0.02291287847 0.5
1303 1314 3.422718218 0.05454356057 0.5
1304 1307 0 0 0.5
1304 1313 3.422718218 0.05454356057 0.5
1305 1312 3.398529094 0.05296225071 0.5
1306 1310 0 0 0.5
1307 1308 0 0 0.5
1307 1309 0 0 0.5
1308 1310 0 0 0.5
1309 1310 0 0 0.5
1310 1312 0 0 0.5
1312 1315 3.398529094 0.05296225071 0.5
1312 1320 0 0 0.5
1313 1316 3.328062499 0.05454356057 0.5
1313 1318 2.979093822 0.02291287847 0.5
1313 1319 2.979093822 0.02291287847 0.5
1314 1317 0 0 0.5
1316 1320 0 0 0.5
1317 1318 0 0 0.5
1317 1319 0 0 0.5
1318 1320 0 0 0.5
1319 1320 0 0 0.5
1322 1325 3.398529094 0.05296225071 0.5
1322 1330 0 0 0.5
1322 1333 3.422718218 0.05454356057 0.5
1322 1345 3.398529094 0.05296225071 0.5
1322 1350 0 0 0.5
1323 1326 3.328062499 0.05454356057 0.5
1323 1328 2.979093822 0.02291287847 0.5
1323 1329 2.979093822 0.02291287847 0.5
1323 1334 3.422718218 0.05454356057 0.5
1323 1342 3.422718218 0.05454356057 0.5
1323 1344 3.422718218 0.05454356057 0.5
1324 1327 0 0 0.5
1324 1333 3.422718218 0.05454356057 0.5
1324 1343 3.422718218 0.05454356057 0.5
1325 1332 3.398529094 0.05296225071 0.5
1326 1330 0 0 0.5
1327 1328 0 0 0.5
1327 1329 0 0 0.5
1328 1330 0 0 0.5
1329 1330 0 0 0.5
1330 1332 0 0 0.5
1332 1335 3.398529094 0.05296225071 0.5
1332 1340 0 0 0.5
1332 1343 3.422718218 0.05454356057 0.5
1333 1336 3.328062499 0.05454356057 0.5
1333 1338 2.979093822 0.02291287847 0.5
1333 1339 2.979093822 0.02291287847 0.5
1333 1344 3.422718218 0.05454356057 0.5
1334 1337 0 0 0.5
1334 1343 3.422718218 0.05454356057 0.5
1335 1342 3.398529094 0.05296225071 0.5
1336 1340 0 0 0.5
1337 1338 0 0 0.5
1337 1339 0 0 0.5
1338 1340 0 0 0.5
1339 1340 0 0 0.5
1340 1342 0 0 0.5
1342 1345 3.398529094 0.05296225071 0.5
1342 1350 0 0 0.5
1343 1346 3.328062499 0.05454356057 0.5
1343 1348 2.979093822 0.02291287847 0.5
1343 1349 2.979093822 0.02291287847 0.5
1344 1347 0 0 0.5
1346 1350 0 0 0.5
1347 1348 0 0 0.5
1347 1349 0 0 0.5
1348 1350 0 0 0.5
1349 1350 0 0 0.5
1352 1355 3.398529094 0.05296225071 0.5
1352 1360 0 0 0.5
1352 1363 3.422718218 0.05454356057 0.5
1352 1375 3.398529094 0.05296225071 0.5
1352 1380 0 0 0.5
1353 1356 3.328062499 0.05454356057 0.5
1353 1358 2.979093822 0.02291287847 0.5
1353 1359 2.979093822 0.02291287847 0.5
1353 1364 3.422718218 0.05454356057 0.5
1353 1372 3.422718218 0.05454356057 0.5
1353 1374 3.422718218 0.05454356057 0.5
1354 1357 0 0 0.5
1354 1363 3.422718218 0.05454356057 0.5
1354 1373 3.422718218 0.05454356057 0.5
1355 1362 3.398529094 0.05296225071 0.5
1356 1360 0 0 0.5
1357 1358 0 0 0.5
1357 1359 0 0 0.5
1358 1360 0 0 0.5
1359 1360 0 0 0.5
1360 1362 0 0 0.5
1362 1365 3.398529094 0.05296225071 0.5
1362 1370 0 0 0.5
1362 1373 3.422718218 0.05454356057 0.5
1363 1366 3.328062499 0.05454356057 0.5
1363 1368 2.979093822 0.02291287847 0.5
1363 1369 2.979093822 0.02291287847 0.5
1363 1374 3.422718218 0.05454356057 0.5
1364 1367 0 0 0.5
1364 1373 3.422718218 0.05454356057 0.5
1365 1372 3.398529094 0.05296225071 0.5
1366 1370 0 0 0.5
1367 1368 0 0 0.5
1367 1369 0 0 0.5
1368 1370 0 0 0.5
1369 1370 0 0 0.5
1370 1372 0 0 0.5
1372 1375 3.398529094 0.05296225071 0.5
1372 1380 0 0 0.5
1373 1376 3.328062499 0.05454356057 0.5
1373 1378 2.979093822 0.02291287847 0.5
1373 1379 2.979093822 0.02291287847 0.5
1374 1377 0 0 0.5
1376 1380 0 0 0.5
1377 1378 0 0 0.5
1377 1379 0 0 0.5
1378 1380 0 0 0.5
1379 1380 0 0 0.5
1382 1385 3.398529094 0.05296225071 0.5
1382 1390 0 0 0.5
1382 1393 3.422718218 0.05454356057 0.5
1382 1405 3.398529094 0.05296225071 0.5
1382 1410 0 0 0.5
1383 1386 3.328062499 0.05454356057 0.5
1383 1388 2.979093822 0.02291287847 0.5
1383 1389 2.979093822 0.02291287847 0.5
1383 1394 3.422718218 0.05454356057 0.5
1383 1402 3.422718218 0.05454356057 0.5
1383 1404 3.422718218 0.05454356057 0.5
1384 1387 0 0 0.5
1384 1393 3.422718218 0.05454356057 0.5
1384 1403 3.422718218 0.05454356057 0.5
1385 1392 3.398529094 0.05296225071 0.5
1386 1390 0 0 0.5
1387 1388 0 0 0.5
1387 1389 0 0 0.5
1388 1390 0 0 0.5
1389 1390 0 0 0.5
1390 1392 0 0 0.5
1392 1395 3.398529094 0.05296225071 0.5
1392 1400 0 0 0.5
1392 1403 3.422718218 0.05454356057 0.5
1393 1396 3.328062499 0.05454356057 0.5
1393 1398 2.979093822 0.02291287847 0.5
1393 1399 2.979093822 0.02291287847 0.5
1393 1404 3.422718218 0.05454356057 0.5
1394 1397 0 0 0.5
1394 1403 3.422718218 0.05454356057 0.5
1395 1402 3.398529094 0.05296225071 0.5
1396 1400 0 0 0.5
1397 1398 0 0 0.5
1397 1399 0 0 0.5
1398 1400 0 0 0.5
1399 1400 0 0 0.5
1400 1402 0 0 0.5
1402 1405 3.398529094 0.05296225071 0.5
1402 1410 0 0 0.5
1403 1406 3.328062499 0.05454356057 0.5
1403 1408 2.979093822 0.02291287847 0.5
1403 1409 2.979093822 0.02291287847 0.5
1404 1407 0 0 0.5
1406 1410 0 0 0.5
1407 1408 0 0 0.5
1407 1409 0 0 0.5
1408 1410 0 0 0.5
1409 1410 0 0 0.5
1412 1415 3.398529094 0.05296225071 0.5
1412 1420 0 0 0.5
1412 1423 3.422718218 0.05454356057 0.5
1412 1435 3.398529094 0.05296225071 0.5
1412 1440 0 0 0.5
1413 1416 3.328062499 0.05454356057 0.5
1413 1418 2.979093822 0.02291287847 0.5
1413 1419 2.979093822 0.02291287847 0.5
1413 1424 3.422718218 0.05454356057 0.5
1413 1432 3.422718218 0.05454356057 0.5
1413 1434 3.422718218 0.05454356057 0.5
1414 1417 0 0 0.5
1414 1423 3.422718218 0.05454356057 0.5
1414 1433 3.422718218 0.05454356057 0.5
1415 1422 3.398529094 0.05296225071 0.5
1416 1420 0 0 0.5
1417 1418 0 0 0.5
1417 1419 0 0 0.5
1418 1420 0 0 0.5
1419 1420 0 0 0.5
1420 1422 0 0 0.5
1422 1425 3.398529094 0.05296225071 0.5
1422 1430 0 0 0.5
1422 1433 3.422718218 0.05454356057 0.5
1423 1426 3.328062499 0.05454356057 0.5
1423 1428 2.979093822 0.02291287847 0.5
1423 1429 2.979093822 0.02291287847 0.5
1423 1434 3.422718218 0.05454356057 0.5
1424 1427 0 0 0.5
1424 1433 3.422718218 0.05454356057 0.5
1425 1432 3.398529094 0.05296225071 0.5
1426 1430 0 0 0.5
1427 1428 0 0 0.5
1427 1429 0 0 0.5
1428 1430 0 0 0.5
1429 1430 0 0 0.5
1430 1432 0 0 0.5
1432 1435 3.398529094 0.05296225071 0.5
1432 1440 0 0 0.5
1433 1436 3.328062499 0.05454356057 0.5
1433 1438 2.979093822 0.02291287847 0.5
1433 1439 2.979093822 0.02291287847 0.5
1434 1437 0 0 0.5
1436 1440 0 0 0.5
1437 1438 0 0 0.5
1437 1439 0 0 0.5
1438 1440 0 0 0.5
1439 1440 0 0 0.5
1442 1445 3.398529094 0.05296225071 0.5
1442 1450 0 0 0.5
1442 1453 3.422718218 0.05454356057 0.5
1442 1465 3.398529094 0.05296225071 0.5
1442 1470 0 0 0.5
1443 1446 3.328062499 0.05454356057 0.5
1443 1448 2.979093822 0.02291287847 0.5
1443 1449 2.979093822 0.02291287847 0.5
1443 1454 3.422718218 0.05454356057 0.5
1443 1462 3.422718218 0.05454356057 0.5
1443 1464 3.422718218 0.05454356057 0.5
1444 1447 0 0 0.5
1444 1453 3.422718218 0.05454356057 0.5
1444 1463 3.422718218 0.05454356057 0.5
1445 1452 3.398529094 0.05296225071 0.5
1446 1450 0 0 0.5
1447 1448 0 0 0.5
1447 1449 0 0 0.5
1448 1450 0 0 0.5
1449 1450 0 0 0.5
1450 1452 0 0 0.5
1452 1455 3.398529094 0.05296225071 0.5
1452 1460 0 0 0.5
1452 1463 3.422718218 0.05454356057 0.5
1453 1456 3.328062499 0.05454356057 0.5
1453 1458 2.979093822 0.02291287847 0.5
1453 1459 2.979093822 0.02291287847 0.5
1453 1464 3.422718218 0.05454356057 0.5
1454 1457 0 0 0.5
1454 1463 3.422718218 0.05454356057 0.5
1455 1462 3.398529094 0.05296225071 0.5
1456 1460 0 0 0.5
1457 1458 0 0 0.5
1457 1459 0 0 0.5
1458 1460 0 0 0.5
1459 1460 0 0 0.5
1460 1462 0 0 0.5
1462 1465 3.398529094 0.05296225071 0.5
1462 1470 0 0 0.5
1463 1466 3.328062499 0.05454356057 0.5
1463 1468 2.979093822 0.02291287847 0.5
1463 1469 2.979093822 0.02291287847 0.5
1464 1467 0 0 0.5
1466 1470 0 0 0.5
1467 1468 0 0 0.5
1467 1469 0 0 0.5
1468 1470 0 0 0.5
1469 1470 0 0 0.5
1472 1475 3.398529094 0.05296225071 0.5
1472 1480 0 0 0.5
1472 1483 3.422718218 0.05454356057 0.5
1472 1495 3.398529094 0.05296225071 0.5
1472 1500 0 0 0.5
1473 1476 3.328062499 0.05454356057 0.5
1473 1478 2.979093822 0.02291287847 0.5
1473 1479 2.979093822 0.02291287847 0.5
1473 1484 3.422718218 0.05454356057 0.5
1473 1492 3.422718218 0.05454356057 0.5
1473 1494 3.422718218 0.05454356057 0.5
1474 1477 0 0 0.5
1474 1483 3.422718218 0.05454356057 0.5
1474 1493 3.422718218 0.05454356057 0.5
1475 1482 3.398529094 0.05296225071 0.5
1476 1480 0 0 0.5
1477 1478 0 0 0.5
1477 1479 0 0 0.5
1478 1480 0 0 0.5
1479 1480 0 0 0.5
1480 1482 0 0 0.5
1482 1485 3.398529094 0.05296225071 0.5
1482 1490 0 0 0.5
1482 1493 3.422718218 0.05454356057 0.5
1483 1486 3.328062499 0.05454356057 0.5
1483 1488 2.979093822 0.02291287847 0.5
1483 1489 2.979093822 0.02291287847 0.5
1483 1494 3.422718218 0.05454356057 0.5
1484 1487 0 0 0.5
1484 1493 3.422718218 0.05454356057 0.5
1485 1492 3.398529094 0.05296225071 0.5
1486 1490 0 0 0.5
1487 1488 0 0 0.5
1487 1489 0 0 0.5
1488 1490 0 0 0.5
1489 1490 0 0 0.5
1490 1492 0 0 0.5
1492 1495 3.398529094 0.05296225071 0.5
1492 1500 0 0 0.5
1493 1496 3.328062499 0.05454356057 0.5
1493 1498 2.979093822 0.02291287847 0.5
1493 1499 2.979093822 0.02291287847 0.5
1494 1497 0 0 0.5
1496 1500 0 0 0.5
1497 1498 0 0 0.5
1497 1499 0 0 0.5
1498 1500 0 0 0.5
1499 1500 0 0 0.5
1502 1505 3.398529094 0.05296225071 0.5
1502 1510 0 0 0.5
1502 1513 3.422718218 0.05454356057 0.5
1502 1525 3.398529094 0.05296225071 0.5
1502 1530 0 0 0.5
1503 1506 3.328062499 0.05454356057 0.5
1503 1508 2.979093822 0.02291287847 0.5
1503 1509 2.979093822 0.02291287847 0.5
1503 1514 3.422718218 0.05454356057 0.5
1503 1522 3.422718218 0.05454356057 0.5
1503 1524 3.422718218 0.05454356057 0.5
1504 1507 0 0 0.5
1504 1513 3.422718218 0.05454356057 0.5
1504 1523 3.422718218 0.05454356057 0.5
1505 1512 3.398529094 0.05296225071 0.5
1506 1510 0 0 0.5
1507 1508 0 0 0.5
1507 1509 0 0 0.5
1508 1510 0 0 0.5
1509 1510 0 0 0.5
1510 1512 0 0 0.5
1512 1515 3.398529094 0.05296225071 0.5
1512 1520 0 0 0.5
1512 1523 3.422718218 0.05454356057 0.5
1513 1516 3.328062499 0.05454356057 0.5
1513 1518 2.979093822 0.02291287847 0.5
1513 1519 2.979093822 0.02291287847 0.5
1513 1524 3.422718218 0.05454356057 0.5
1514 1517 0 0 0.5
1514 1523 3.422718218 0.05454356057 0.5
1515 1522 3.398529094 0.05296225071 0.5
1516 1520 0 0 0.5
1517 1518 0 0 0.5
1517 1519 0 0 0.5
1518 1520 0 0 0.5
1519 1520 0 0 0.5
1520 1522 0 0 0.5
1522 1525 3.398529094 0.05296225071 0.5
1522 1530 0 0 0.5
1523 1526 3.328062499 0.05454356057 0.5
1523 1528 2.979093822 0.02291287847 0.5
1523 1529 2.979093822 0.02291287847 0.5
1524 1527 0 0 0.5
1526 1530 0 0 0.5
1527 1528 0 0 0.5
1527 1529 0 0 0.5
1528 1530 0 0 0.5
1529 1530 0 0 0.5
1532 1535 3.398529094 0.05296225071 0.5
1532 1540 0 0 0.5
1532 1543 3.422718218 0.05454356057 0.5
1532 1555 3.398529094 0.05296225071 0.5
1532 1560 0 0 0.5
1533 1536 3.328062499 0.05454356057 0.5
1533 1538 2.979093822 0.02291287847 0.5
1533 1539 2.979093822 0.02291287847 0.5
1533 1544 3.422718218 0.05454356057 0.5
1533 1552 3.422718218 0.05454356057 0.5
1533 1554 3.422718218 0.05454356057 0.5
1534 1537 0 0 0.5
1534 1543 3.422718218 0.05454356057 0.5
1534 1553 3.422718218 0.05454356057 0.5
1535 1542 3.398529094 0.05296225071 0.5
1536 1540 0 0 0.5
1537 1538 0 0 0.5
1537 1539 0 0 0.5
1538 1540 0 0 0.5
1539 1540 0 0 0.5
1540 1542 0 0 0.5
1542 1545 3.398529094 0.05296225071 0.5
1542 1550 0 0 0.5
1542 1553 3.422718218 0.05454356057 0.5
1543 1546 3.328062499 0.05454356057 0.5
1543 1548 2.979093822 0.02291287847 0.5
1543 1549 2.979093822 0.02291287847 0.5
1543 1554 3.422718218 0.05454356057 0.5
1544 1547 0 0 0.5
1544 1553 3.422718218 0.05454356057 0.5
1545 1552 3.398529094 0.05296225071 0.5
1546 1550 0 0 0.5
1547 1548 0 0 0.5
1547 1549 0 0 0.5
1548 1550 0 0 0.5
1549 1550 0 0 0.5
1550 1552 0 0 0.5
1552 1555 3.398529094 0.05296225071 0.5
1552 1560 0 0 0.5
1553 1556 3.328062499 0.05454356057 0.5
1553 1558 2.979093822 0.02291287847 0.5
1553 1559 2.979093822 0.02291287847 0.5
1554 1557 0 0 0.5
1556 1560 0 0 0.5
1557 1558 0 0 0.5
1557 1559 0 0 0.5
1558 1560 0 0 0.5
1559 1560 0 0 0.5
1562 1565 3.398529094 0.05296225071 0.5
1562 1570 0 0 0.5
1562 1573 3.422718218 0.05454356057 0.5
1562 1585 3.398529094 0.05296225071 0.5
1562 1590 0 0 0.5
1563 1566 3.328062499 0.05454356057 0.5
1563 1568 2.979093822 0.02291287847 0.5
1563 1569 2.979093822 0.02291287847 0.5
1563 1574 3.422718218 0.05454356057 0.5
1563 1582 3.422718218 0.05454356057 0.5
1563 1584 3.422718218 0.05454356057 0.5
1564 1567 0 0 0.5
1564 1573 3.422718218 0.05454356057 0.5
1564 1583 3.422718218 0.05454356057 0.5
1565 1572 3.398529094 0.05296225071 0.5
1566 1570 0 0 0.5
1567 1568 0 0 0.5
1567 1569 0 0 0.5
1568 1570 0 0 0.5
1569 1570 0 0 0.5
1570 1572 0 0 0.5
1572 1575 3.398529094 0.05296225071 0.5
1572 1580 0 0 0.5
1572 1583 3.422718218 0.05454356057 0.5
1573 1576 3.328062499 0.05454356057 0.5
1573 1578 2.979093822 0.02291287847 0.5
1573 1579 2.979093822 0.02291287847 0.5
1573 1584 3.422718218 0.05454356057 0.5
1574 1577 0 0 0.5
1574 1583 3.422718218 0.05454356057 0.5
1575 1582 3.398529094 0.05296225071 0.5
1576 1580 0 0 0.5
1577 1578 0 0 0.5
1577 1579 0 0 0.5
1578 1580 0 0 0.5
1579 1580 0 0 0.5
1580 1582 0 0 0.5
1582 1585 3.398529094 0.05296225071 0.5
1582 1590 0 0 0.5
1583 1586 3.328062499 0.05454356057 0.5
1583 1588 2.979093822 0.02291287847 0.5
1583 1589 2.979093822 0.02291287847 0.5
1584 1587 0 0 0.5
1586 1590 0 0 0.5
1587 1588 0 0 0.5
1587 1589 0 0 0.5
1588 1590 0 0 0.5
1589 1590 0 0 0.5
1592 1595 3.398529094 0.05296225071 0.5
1592 1600 0 0 0.5
1592 1603 3.422718218 0.05454356057 0.5
1592 1615 3.398529094 0.05296225071 0.5
1592 1620 0 0 0.5
1593 1596 3.328062499 0.05454356057 0.5
1593 1598 2.979093822 0.02291287847 0.5
1593 1599 2.979093822 0.02291287847 0.5
1593 1604 3.422718218 0.05454356057 0.5
1593 1612 3.422718218 0.05454356057 0.5
1593 1614 3.422718218 0.05454356057 0.5
1594 1597 0 0 0.5
1594 1603 3.422718218 0.05454356057 0.5
1594 1613 3.422718218 0.05454356057 0.5
1595 1602 3.398529094 0.05296225071 0.5
1596 1600 0 0 0.5
1597 1598 0 0 0.5
1597 1599 0 0 0.5
1598 1600 0 0 0.5
1599 1600 0 0 0.5
1600 1602 0 0 0.5
1602 1605 3.398529094 0.05296225071 0.5
1602 1610 0 0 0.5
1602 1613 3.422718218 0.05454356057 0.5
1603 1606 3.328062499 0.05454356057 0.5
1603 1608 2.979093822 0.02291287847 0.5
1603 1609 2.979093822 0.02291287847 0.5
1603 1614 3.422718218 0.05454356057 0.5
1604 1607 0 0 0.5
1604 1613 3.422718218 0.05454356057 0.5
1605 1612 3.398529094 0.05296225071 0.5
1606 1610 0 0 0.5
1607 1608 0 0 0.5
1607 1609 0 0 0.5
1608 1610 0 0 0.5
1609 1610 0 0 0.5
1610 1612 0 0 0.5
1612 1615 3.398529094 0.05296225071 0.5
1612 1620 0 0 0.5
1613 1616 3.328062499 0.05454356057 0.5
1613 1618 2.979093822 0.02291287847 0.5
1613 1619 2.979093822 0.02291287847 0.5
1614 1617 0 0 0.5
1616 1620 0 0 0.5
1617 1618 0 0 0.5
1617 1619 0 0 0.5
1618 1620 0 0 0.5
1619 1620 0 0 0.5
1622 1625 3.398529094 0.05296225071 0.5
1622 1630 0 0 0.5
1622 1633 3.422718218 0.05454356057 0.5
1622 1645 3.398529094 0.05296225071 0.5
1622 1650 0 0 0.5
1623 1626 3.328062499 0.05454356057 0.5
1623 1628 2.979093822 0.02291287847 0.5
1623 1629 2.979093822 0.02291287847 0.5
1623 1634 3.422718218 0.05454356057 0.5
1623 1642 3.422718218 0.05454356057 0.5
1623 1644 3.422718218 0.05454356057 0.5
1624 1627 0 0 0.5
1624 1633 3.422718218 0.05454356057 0.5
1624 1643 3.422718218 0.05454356057 0.5
1625 1632 3.398529094 0.05296225071 0.5
1626 1630 0 0 0.5
1627 1628 0 0 0.5
1627 1629 0 0 0.5
1628 1630 0 0 0.5
1629 1630 0 0 0.5
1630 1632 0 0 0.5
1632 1635 3.398529094 0.05296225071 0.5
1632 1640 0 0 0.5
1632 1643 3.422718218 0.05454356057 0.5
1633 1636 3.328062499 0.05454356057 0.5
1633 1638 2.979093822 0.02291287847 0.5
1633 1639 2.979093822 0.02291287847 0.5
1633 1644 3.422718218 0.05454356057 0.5
1634 1637 0 0 0.5
1634 1643 3.422718218 0.05454356057 0.5
1635 1642 3.398529094 0.05296225071 0.5
1636 1640 0 0 0.5
1637 1638 0 0 0.5
1637 1639 0 0 0.5
1638 1640 0 0 0.5
1639 1640 0 0 0.5
1640 1642 0 0 0.5
1642 1645 3.398529094 0.05296225071 0.5
1642 1650 0 0 0.5
1643 1646 3.328062499 0.05454356057 0.5
1643 1648 2.979093822 0.02291287847 0.5
1643 1649 2.979093822 0.02291287847 0.5
1644 1647 0 0 0.5
1646 1650 0 0 0.5
1647 1648 0 0 0.5
1647 1649 0 0 0.5
1648 1650 0 0 0.5
1649 1650 0 0 0.5
1652 1655 3.398529094 0.05296225071 0.5
1652 1660 0 0 0.5
1652 1663 3.422718218 0.05454356057 0.5
1652 1675 3.398529094 0.05296225071 0.5
1652 1680 0 0 0.5
1653 1656 3.328062499 0.05454356057 0.5
1653 1658 2.979093822 0.02291287847 0.5
1653 1659 2.979093822 0.02291287847 0.5
1653 1664 3.422718218 0.05454356057 0.5
1653 1672 3.422718218 0.05454356057 0.5
1653 1674 3.422718218 0.05454356057 0.5
1654 1657 0 0 0.5
1654 1663 3.422718218 0.05454356057 0.5
1654 1673 3.422718218 0.05454356057 0.5
1655 1662 3.398529094 0.05296225071 0.5
1656 1660 0 0 0.5
1657 1658 0 0 0.5
1657 1659 0 0 0.5
1658 1660 0 0 0.5
1659 1660 0 0 0.5
1660 1662 0 0 0.5
1662 1665 3.398529094 0.05296225071 0.5
1662 1670 0 0 0.5
1662 1673 3.422718218 0.05454356057 0.5
1663 1666 3.328062499 0.05454356057 0.5
1663 1668 2.979093822 0.02291287847 0.5
1663 1669 2.979093822 0.02291287847 0.5
1663 1674 3.422718218 0.05454356057 0.5
1664 1667 0 0 0.5
1664 1673 3.422718218 0.05454356057 0.5
1665 1672 3.398529094 0.05296225071 0.5
1666 1670 0 0 0.5
1667 1668 0 0 0.5
1667 1669 0 0 0.5
1668 1670 0 0 0.5
1669 1670 0 0 0.5
1670 1672 0 0 0.5
1672 1675 3.398529094 0.05296225071 0.5
1672 1680 0 0 0.5
1673 1676 3.328062499 0.05454356057 0.5
1673 1678 2.979093822 0.02291287847 0.5
1673 1679 2.979093822 0.02291287847 0.5
1674 1677 0 0 0.5
1676 1680 0 0 0.5
1677 1678 0 0 0.5
1677 1679 0 0 0.5
1678 1680 0 0 0.5
1679 1680 0 0 0.5
1682 1685 3.398529094 0.05296225071 0.5
1682 1690 0 0 0.5
1682 1693 3.422718218 0.05454356057 0.5
1682 1705 3.398529094 0.05296225071 0.5
1682 1710 0 0 0.5
1683 1686 3.328062499 0.05454356057 0.5
1683 1688 2.979093822 0.02291287847 0.5
1683 1689 2.979093822 0.02291287847 0.5
1683 1694 3.422718218 0.05454356057 0.5
1683 1702 3.422718218 0.05454356057 0.5
1683 1704 3.422718218 0.05454356057 0.5
1684 1687 0 0 0.5
1684 1693 3.422718218 0.05454356057 0.5
1684 1703 3.422718218 0.05454356057 0.5
1685 1692 3.398529094 0.05296225071 0.5
1686 1690 0 0 0.5
1687 1688 0 0 0.5
1687 1689 0 0 0.5
1688 1690 0 0 0.5
1689 1690 0 0 0.5
1690 1692 0 0 0.5
1692 1695 3.398529094 0.05296225071 0.5
1692 1700 0 0 0.5
1692 1703 3.422718218 0.05454356057 0.5
1693 1696 3.328062499 0.05454356057 0.5
1693 1698 2.979093822 0.02291287847 0.5
1693 1699 2.979093822 0.02291287847 0.5
1693 1704 3.422718218 0.05454356057 0.5
1694 1697 0 0 0.5
1694 1703 3.422718218 0.05454356057 0.5
1695 1702 3.398529094 0.05296225071 0.5
1696 1700 0 0 0.5
1697 1698 0 0 0.5
1697 1699 0 0 0.5
1698 1700 0 0 0.5
1699 1700 0 0 0.5
1700 1702 0 0 0.5
1702 1705 3.398529094 0.05296225071 0.5
1702 1710 0 0 0.5
1703 1706 3.328062499 0.05454356057 0.5
1703 1708 2.979093822 0.02291287847 0.5
1703 1709 2.979093822 0.02291287847 0.5
1704 1707 0 0 0.5
1706 1710 0 0 0.5
1707 1708 0 0 0.5
1707 1709 0 0 0.5
1708 1710 0 0 0.5
1709 1710 0 0 0.5
1712 1715 3.398529094 0.05296225071 0.5
1712 1720 0 0 0.5
1712 1723 3.422718218 0.05454356057 0.5
1712 1735 3.398529094 0.05296225071 0.5
1712 1740 0 0 0.5
1713 1716 3.328062499 0.05454356057 0.5
1713 1718 2.979093822 0.02291287847 0.5
1713 1719 2.979093822 0.02291287847 0.5
1713 1724 3.422718218 0.05454356057 0.5
1713 1732 3.422718218 0.05454356057 0.5
1713 1734 3.422718218 0.05454356057 0.5
1714 1717 0 0 0.5
1714 1723 3.422718218 0.05454356057 0.5
1714 1733 3.422718218 0.05454356057 0.5
1715 1722 3.398529094 0.05296225071 0.5
1716 1720 0 0 0.5
1717 1718 0 0 0.5
1717 1719 0 0 0.5
1718 1720 0 0 0.5
1719 1720 0 0 0.5
1720 1722 0 0 0.5
1722 1725 3.398529094 0.05296225071 0.5
1722 1730 0 0 0.5
1722 1733 3.422718218 0.05454356057 0.5
1723 1726 3.328062499 0.05454356057 0.5
1723 1728 2.979093822 0.02291287847 0.5
1723 1729 2.979093822 0.02291287847 0.5
1723 1734 3.422718218 0.05454356057 0.5
1724 1727 0 0 0.5
1724 1733 3.422718218 0.05454356057 0.5
1725 1732 3.398529094 0.05296225071 0.5
1726 1730 0 0 0.5
1727 1728 0 0 0.5
1727 1729 0 0 0.5
1728 1730 0 0 0.5
1729 1730 0 0 0.5
1730 1732 0 0 0.5
1732 1735 3.398529094 0.05296225071 0.5
1732 1740 0 0 0.5
1733 1736 3.328062499 0.05454356057 0.5
1733 1738 2.979093822 0.02291287847 0.5
1733 1739 2.979093822 0.02291287847 0.5
1734 1737 0 0 0.5
1736 1740 0 0 0.5
1737 1738 0 0 0.5
1737 1739 0 0 0.5
1738 1740 0 0 0.5
1739 1740 0 0 0.5
1742 1745 3.398529094 0.05296225071 0.5
1742 1750 0 0 0.5
1742 1753 3.422718218 0.05454356057 0.5
1742 1765 3.398529094 0.05296225071 0.5
1742 1770 0 0 0.5
1743 1746 3.328062499 0.05454356057 0.5
1743 1748 2.979093822 0.02291287847 0.5
1743 1749 2.979093822 0.02291287847 0.5
1743 1754 3.422718218 0.05454356057 0.5
1743 1762 3.422718218 0.05454356057 0.5
1743 1764 3.422718218 0.05454356057 0.5
1744 1747 0 0 0.5
1744 1753 3.422718218 0.05454356057 0.5
1744 1763 3.422718218 0.05454356057 0.5
1745 1752 3.398529094 0.05296225071 0.5
1746 1750 0 0 0.5
1747 1748 0 0 0.5
1747 1749 0 0 0.5
1748 1750 0 0 0.5
1749 1750 0 0 0.5
1750 1752 0 0 0.5
1752 1755 3.398529094 0.05296225071 0.5
1752 1760 0 0 0.5
1752 1763 3.422718218 0.05454356057 0.5
1753 1756 3.328062499 0.05454356057 0.5
1753 1758 2.979093822 0.02291287847 0.5
1753 1759 2.979093822 0.02291287847 0.5
1753 1764 3.422718218 0.05454356057 0.5
1754 1757 0 0 0.5
1754 1763 3.422718218 0.05454356057 0.5
1755 1762 3.398529094 0.05296225071 0.5
1756 1760 0 0 0.5
1757 1758 0 0 0.5
1757 1759 0 0 0.5
1758 1760 0 0 0.5
1759 1760 0 0 0.5
1760 1762 0 0 0.5
1762 1765 3.398529094 0.05296225071 0.5
1762 1770 0 0 0.5
1763 1766 3.328062499 0.05454356057 0.5
1763 1768 2.979093822 0.02291287847 0.5
1763 1769 2.979093822 0.02291287847 0.5
1764 1767 0 0 0.5
1766 1770 0 0 0.5
1767 1768 0 0 0.5
1767 1769 0 0 0.5
1768 1770 0 0 0.5
1769 1770 0 0 0.5
1772 1775 3.398529094 0.05296225071 0.5
1772 1780 0 0 0.5
1772 1783 3.422718218 0.05454356057 0.5
1772 1795 3.398529094 0.05296225071 0.5
1772 1800 0 0 0.5
1773 1776 3.328062499 0.05454356057 0.5
1773 1778 2.979093822 0.02291287847 0.5
1773 1779 2.979093822 0.02291287847 0.5
1773 1784 3.422718218 0.05454356057 0.5
1773 1792 3.422718218 0.05454356057 0.5
1773 1794 3.422718218 0.05454356057 0.5
1774 1777 0 0 0.5
1774 1783 3.422718218 0.05454356057 0.5
1774 1793 3.422718218 0.05454356057 0.5
1775 1782 3.398529094 0.05296225071 0.5
1776 1780 0 0 0.5
1777 1778 0 0 0.5
1777 1779 0 0 0.5
1778 1780 0 0 0.5
1779 1780 0 0 0.5
1780 1782 0 0 0.5
1782 1785 3.398529094 0.05296225071 0.5
1782 1790 0 0 0.5
1782 1793 3.422718218 0.05454356057 0.5
1783 1786 3.328062499 0.05454356057 0.5
1783 1788 2.979093822 0.02291287847 0.5
1783 1789 2.979093822 0.02291287847 0.5
1783 1794 3.422718218 0.05454356057 0.5
1784 1787 0 0 0.5
1784 1793 3.422718218 0.05454356057 0.5
1785 1792 3.398529094 0.05296225071 0.5
1786 1790 0 0 0.5
1787 1788 0 0 0.5
1787 1789 0 0 0.5
1788 1790 0 0 0.5
1789 1790 0 0 0.5
1790 1792 0 0 0.5
1792 1795 3.398529094 0.05296225071 0.5
1792 1800 0 0 0.5
1793 1796 3.328062499 0.05454356057 0.5
1793 1798 2.979093822 0.02291287847 0.5
1793 1799 2.979093822 0.02291287847 0.5
1794 1797 0 0 0.5
1796 1800 0 0 0.5
1797 1798 0 0 0.5
1797 1799 0 0 0.5
1798 1800 0 0 0.5
1799 1800 0 0 0.5
1802 1805 3.398529094 0.05296225071 0.5
1802 1810 0 0 0.5
1802 1813 3.422718218 0.05454356057 0.5
1802 1825 3.398529094 0.05296225071 0.5
1802 1830 0 0 0.5
1803 1806 3.328062499 0.05454356057 0.5
1803 1808 2.979093822 0.02291287847 0.5
1803 1809 2.979093822 0.02291287847 0.5
1803 1814 3.422718218 0.05454356057 0.5
1803 1822 3.422718218 0.05454356057 0.5
1803 1824 3.422718218 0.05454356057 0.5
1804 1807 0 0 0.5
1804 1813 3.422718218 0.05454356057 0.5
1804 1823 3.422718218 0.05454356057 0.5
1805 1812 3.398529094 0.05296225071 0.5
1806 1810 0 0 0.5
1807 1808 0 0 0.5
1807 1809 0 0 0.5
1808 1810 0 0 0.5
1809 1810 0 0 0.5
1810 1812 0 0 0.5
1812 1815 3.398529094 0.05296225071 0.5
1812 1820 0 0 0.5
1812 1823 3.422718218 0.05454356057 0.5
1813 1816 3.328062499 0.05454356057 0.5
1813 1818 2.979093822 0.02291287847 0.5
1813 1819 2.979093822 0.02291287847 0.5
1813 1824 3.422718218 0.05454356057 0.5
1814 1817 0 0 0.5
1814 1823 3.422718218 0.05454356057 0.5
1815 1822 3.398529094 0.05296225071 0.5
1816 1820 0 0 0.5
1817 1818 0 0 0.5
1817 1819 0 0 0.5
1818 1820 0 0 0.5
1819 1820 0 0 0.5
1820 1822 0 0 0.5
1822 1825 3.398529094 0.05296225071 0.5
1822 1830 0 0 0.5
1823 1826 3.328062499 0.05454356057 0.5
1823 1828 2.979093822 0.02291287847 0.5
1823 1829 2.979093822 0.02291287847 0.5
1824 1827 0 0 0.5
1826 1830 0 0 0.5
1827 1828 0 0 0.5
1827 1829 0 0 0.5
1828 1830 0 0 0.5
1829 1830 0 0 0.5
1832 1835 3.398529094 0.05296225071 0.5
1832 1840 0 0 0.5
1832 1843 3.422718218 0.05454356057 0.5
1832 1855 3.398529094 0.05296225071 0.5
1832 1860 0 0 0.5
1833 1836 3.328062499 0.05454356057 0.5
1833 1838 2.979093822 0.02291287847 0.5
1833 1839 2.979093822 0.02291287847 0.5
1833 1844 3.422718218 0.05454356057 0.5
1833 1852 3.422718218 0.05454356057 0.5
1833 1854 3.422718218 0.05454356057 0.5
1834 1837 0 0 0.5
1834 1843 3.422718218 0.05454356057 0.5
1834 1853 3.422718218 0.05454356057 0.5
1835 1842 3.398529094 0.05296225071 0.5
1836 1840 0 0 0.5
1837 1838 0 0 0.5
1837 1839 0 0 0.5
1838 1840 0 0 0.5
1839 1840 0 0 0.5
1840 1842 0 0 0.5
1842 1845 3.398529094 0.05296225071 0.5
1842 1850 0 0 0.5
1842 1853 3.422718218 0.05454356057 0.5
1843 1846 3.328062499 0.05454356057 0.5
1843 1848 2.979093822 0.02291287847 0.5
1843 1849 2.979093822 0.02291287847 0.5
1843 1854 3.422718218 0.05454356057 0.5
1844 1847 0 0 0.5
1844 1853 3.422718218 0.05454356057 0.5
1845 1852 3.398529094 0.05296225071 0.5
1846 1850 0 0 0.5
1847 1848 0 0 0.5
1847 1849 0 0 0.5
1848 1850 0 0 0.5
1849 1850 0 0 0.5
1850 1852 0 0 0.5
1852 1855 3.398529094 0.05296225071 0.5
1852 1860 0 0 0.5
1853 1856 3.328062499 0.05454356057 0.5
1853 1858 2.979093822 0.02291287847 0.5
1853 1859 2.979093822 0.02291287847 0.5
1854 1857 0 0 0.5
1856 1860 0 0 0.5
1857 1858 0 0 0.5
1857 1859 0 0 0.5
1858 1860 0 0 0.5
1859 1860 0 0 0.5
1862 1865 3.398529094 0.05296225071 0.5
1862 1870 0 0 0.5
1862 1873 3.422718218 0.05454356057 0.5
1862 1885 3.398529094 0.05296225071 0.5
1862 1890 0 0 0.5
1863 1866 3.328062499 0.05454356057 0.5
1863 1868 2.979093822 0.02291287847 0.5
1863 1869 2.979093822 0.02291287847 0.5
1863 1874 3.422718218 0.05454356057 0.5
1863 1882 3.422718218 0.05454356057 0.5
1863 1884 3.422718218 0.05454356057 0.5
1864 1867 0 0 0.5
1864 1873 3.422718218 0.05454356057 0.5
1864 1883 3.422718218 0.05454356057 0.5
1865 1872 3.398529094 0.05296225071 0.5
1866 1870 0 0 0.5
1867 1868 0 0 0.5
1867 1869 0 0 0.5
1868 1870 0 0 0.5
1869 1870 0 0 0.5
1870 1872 0 0 0.5
1872 1875 3.398529094 0.05296225071 0.5
1872 1880 0 0 0.5
1872 1883 3.422718218 0.05454356057 0.5
1873 1876 3.328062499 0.05454356057 0.5
1873 1878 2.979093822 0.02291287847 0.5
1873 1879 2.979093822 0.02291287847 0.5
1873 1884 3.422718218 0.05454356057 0.5
1874 1877 0 0 0.5
1874 1883 3.422718218 0.05454356057 0.5
1875 1882 3.398529094 0.05296225071 0.5
1876 1880 0 0 0.5
1877 1878 0 0 0.5
1877 1879 0 0 0.5
1878 1880 0 0 0.5
1879 1880 0 0 0.5
1880 1882 0 0 0.5
1882 1885 3.398529094 0.05296225071 0.5
1882 1890 0 0 0.5
1883 1886 3.328062499 0.05454356057 0.5
1883 1888 2.979093822 0.02291287847 0.5
1883 1889 2.979093822 0.02291287847 0.5
1884 1887 0 0 0.5
1886 1890 0 0 0.5
1887 1888 0 0 0.5
1887 1889 0 0 0.5
1888 1890 0 0 0.5
1889 1890 0 0 0.5
1892 1895 3.398529094 0.05296225071 0.5
1892 1900 0 0 0.5
1892 1903 3.422718218 0.05454356057 0.5
1892 1915 3.398529094 0.05296225071 0.5
1892 1920 0 0 0.5
1893 1896 3.328062499 0.05454356057 0.5
1893 1898 2.979093822 0.02291287847 0.5
1893 1899 2.979093822 0.02291287847 0.5
1893 1904 3.422718218 0.05454356057 0.5
1893 1912 3.422718218 0.05454356057 0.5
1893 1914 3.422718218 0.05454356057 0.5
1894 1897 0 0 0.5
1894 1903 3.422718218 0.05454356057 0.5
1894 1913 3.422718218 0.05454356057 0.5
1895 1902 3.398529094 0.05296225071 0.5
1896 1900 0 0 0.5
1897 1898 0 0 0.5
1897 1899 0 0 0.5
1898 1900 0 0 0.5
1899 1900 0 0 0.5
1900 1902 0 0 0.5
1902 1905 3.398529094 0.05296225071 0.5
1902 1910 0 0 0.5
1902 1913 3.422718218 0.05454356057 0.5
1903 1906 3.328062499 0.05454356057 0.5
1903 1908 2.979093822 0.02291287847 0.5
1903 1909 2.979093822 0.02291287847 0.5
1903 1914 3.422718218 0.05454356057 0.5
1904 1907 0 0 0.5
1904 1913 3.422718218 0.05454356057 0.5
1905 1912 3.398529094 0.05296225071 0.5
1906 1910 0 0 0.5
1907 1908 0 0 0.5
1907 1909 0 0 0.5
1908 1910 0 0 0.5
1909 1910 0 0 0.5
1910 1912 0 0 0.5
1912 1915 3.398529094 0.05296225071 0.5
1912 1920 0 0 0.5
1913 1916 3.328062499 0.05454356057 0.5
1913 1918 2.979093822 0.02291287847 0.5
1913 1919 2.979093822 0.02291287847 0.5
1914 1917 0 0 0.5
1916 1920 0 0 0.5
1917 1918 0 0 0.5
1917 1919 0 0 0.5
1918 1920 0 0 0.5
1919 1920 0 0 0.5
1922 1925 3.398529094 0.05296225071 0.5
1922 1930 0 0 0.5
1922 1933 3.422718218 0.05454356057 0.5
1922 1945 3.398529094 0.05296225071 0.5
1922 1950 0 0 0.5
1923 1926 3.328062499 0.05454356057 0.5
1923 1928 2.979093822 0.02291287847 0.5
1923 1929 2.979093822 0.02291287847 0.5
1923 1934 3.422718218 0.05454356057 0.5
1923 1942 3.422718218 0.05454356057 0.5
1923 1944 3.422718218 0.05454356057 0.5
1924 1927 0 0 0.5
1924 1933 3.422718218 0.05454356057 0.5
1924 1943 3.422718218 0.05454356057 0.5
1925 1932 3.398529094 0.05296225071 0.5
1926 1930 0 0 0.5
1927 1928 0 0 0.5
1927 1929 0 0 0.5
1928 1930 0 0 0.5
1929 1930 0 0 0.5
1930 1932 0 0 0.5
1932 1935 3.398529094 0.05296225071 0.5
1932 1940 0 0 0.5
1932 1943 3.422718218 0.05454356057 0.5
1933 1936 3.328062499 0.05454356057 0.5
1933 1938 2.979093822 0.02291287847 0.5
1933 1939 2.979093822 0.02291287847 0.5
1933 1944 3.422718218 0.05454356057 0.5
1934 1937 0 0 0.5
1934 1943 3.422718218 0.05454356057 0.5
1935 1942 3.398529094 0.05296225071 0.5
1936 1940 0 0 0.5
1937 1938 0 0 0.5
1937 1939 0 0 0.5
1938 1940 0 0 0.5
1939 1940 0 0 0.5
1940 1942 0 0 0.5
1942 1945 3.398529094 0.05296225071 0.5
1942 1950 0 0 0.5
1943 1946 3.328062499 0.05454356057 0.5
1943 1948 2.979093822 0.02291287847 0.5
1943 1949 2.979093822 0.02291287847 0.5
1944 1947 0 0 0.5
1946 1950 0 0 0.5
1947 1948 0 0 0.5
1947 1949 0 0 0.5
1948 1950 0 0 0.5
1949 1950 0 0 0.5
1952 1955 3.398529094 0.05296225071 0.5
1952 1960 0 0 0.5
1952 1963 3.422718218 0.05454356057 0.5
1952 1975 3.398529094 0.05296225071 0.5
1952 1980 0 0 0.5
1953 1956 3.328062499 0.05454356057 0.5
1953 1958 2.979093822 0.02291287847 0.5
1953 1959 2.979093822 0.02291287847 0.5
1953 1964 3.422718218 0.05454356057 0.5
1953 1972 3.422718218 0.05454356057 0.5
1953 1974 3.422718218 0.05454356057 0.5
1954 1957 0 0 0.5
1954 1963 3.422718218 0.05454356057 0.5
1954 1973 3.422718218 0.05454356057 0.5
1955 1962 3.398529094 0.05296225071 0.5
1956 1960 0 0 0.5
1957 1958 0 0 0.5
1957 1959 0 0 0.5
1958 1960 0 0 0.5
1959 1960 0 0 0.5
1960 1962 0 0 0.5
1962 1965 3.398529094 0.05296225071 0.5
1962 1970 0 0 0.5
1962 1973 3.422718218 0.05454356057 0.5
1963 1966 3.328062499 0.05454356057 0.5
1963 1968 2.979093822 0.02291287847 0.5
1963 1969 2.979093822 0.02291287847 0.5
1963 1974 3.422718218 0.05454356057 0.5
1964 1967 0 0 0.5
1964 1973 3.422718218 0.05454356057 0.5
1965 1972 3.398529094 0.05296225071 0.5
1966 1970 0 0 0.5
1967 1968 0 0 0.5
1967 1969 0 0 0.5
1968 1970 0 0 0.5
1969 1970 0 0 0.5
1970 1972 0 0 0.5
1972 1975 3.398529094 0.05296225071 0.5
1972 1980 0 0 0.5
1973 1976 3.328062499 0.05454356057 0.5
1973 1978 2.979093822 0.02291287847 0.5
1973 1979 2.979093822 0.02291287847 0.5
1974 1977 0 0 0.5
1976 1980 0 0 0.5
1977 1978 0 0 0.5
1977 1979 0 0 0.5
1978 1980 0 0 0.5
1979 1980 0 0 0.5
1982 1985 3.398529094 0.05296225071 0.5
1982 1990 0 0 0.5
1982 1993 3.422718218 0.05454356057 0.5
1982 2005 3.398529094 0.05296225071 0.5
1982 2010 0 0 0.5
1983 1986 3.328062499 0.05454356057 0.5
1983 1988 2.979093822 0.02291287847 0.5
1983 1989 2.979093822 0.02291287847 0.5
1983 1994 3.422718218 0.05454356057 0.5
1983 2002 3.422718218 0.05454356057 0.5
1983 2004 3.422718218 0.05454356057 0.5
1984 1987 0 0 0.5
1984 1993 3.422718218 0.05454356057 0.5
1984 2003 3.422718218 0.05454356057 0.5
1985 1992 3.398529094 0.05296225071 0.5
1986 1990 0 0 0.5
1987 1988 0 0 0.5
1987 1989 0 0 0.5
1988 1990 0 0 0.5
1989 1990 0 0 0.5
1990 1992 0 0 0.5
1992 1995 3.398529094 0.05296225071 0.5
1992 2000 0 0 0.5
1992 2003 3.422718218 0.05454356057 0.5
1993 1996 3.328062499 0.05454356057 0.5
1993 1998 2.979093822 0.02291287847 0.5
1993 1999 2.979093822 0.02291287847 0.5
1993 2004 3.422718218 0.05454356057 0.5
1994 1997 0 0 0.5
1994 2003 3.422718218 0.05454356057 0.5
1995 2002 3.398529094 0.05296225071 0.5
1996 2000 0 0 0.5
1997 1998 0 0 0.5
1997 1999 0 0 0.5
1998 2000 0 0 0.5
1999 2000 0 0 0.5
2000 2002 0 0 0.5
2002 2005 3.398529094 0.05296225071 0.5
2002 2010 0 0 0.5
2003 2006 3.328062499 0.05454356057 0.5
2003 2008 2.979093822 0.02291287847 0.5
2003 2009 2.979093822 0.02291287847 0.5
2004 2007 0 0 0.5
2006 2010 0 0 0.5
2007 2008 0 0 0.5
2007 2009 0 0 0.5
2008 2010 0 0 0.5
2009 2010 0 0 0.5
2012 2015 3.398529094 0.05296225071 0.5
2012 2020 0 0 0.5
2012 2023 3.422718218 0.05454356057 0.5
2012 2035 3.398529094 0.05296225071 0.5
2012 2040 0 0 0.5
2013 2016 3.328062499 0.05454356057 0.5
2013 2018 2.979093822 0.02291287847 0.5
2013 2019 2.979093822 0.02291287847 0.5
2013 2024 3.422718218 0.05454356057 0.5
2013 2032 3.422718218 0.05454356057 0.5
2013 2034 3.422718218 0.05454356057 0.5
2014 2017 0 0 0.5
2014 2023 3.422718218 0.05454356057 0.5
2014 2033 3.422718218 0.05454356057 0.5
2015 2022 3.398529094 0.05296225071 0.5
2016 2020 0 0 0.5
2017 2018 0 0 0.5
2017 2019 0 0 0.5
2018 2020 0 0 0.5
2019 2020 0 0 0.5
2020 2022 0 0 0.5
2022 2025 3.398529094 0.05296225071 0.5
2022 2030 0 0 0.5
2022 2033 3.422718218 0.05454356057 0.5
2023 2026 3.328062499 0.05454356057 0.5
2023 2028 2.979093822 0.02291287847 0.5
2023 2029 2.979093822 0.02291287847 0.5
2023 2034 3.422718218 0.05454356057 0.5
2024 2027 0 0 0.5
2024 2033 3.422718218 0.05454356057 0.5
2025 2032 3.398529094 0.05296225071 0.5
2026 2030 0 0 0.5
2027 2028 0 0 0.5
2027 2029 0 0 0.5
2028 2030 0 0 0.5
2029 2030 0 0 0.5
2030 2032 0 0 0.5
2032 2035 3.398529094 0.05296225071 0.5
2032 2040 0 0 0.5
2033 2036 3.328062499 0.05454356057 0.5
2033 2038 2.979093822 0.02291287847 0.5
2033 2039 2.979093822 0.02291287847 0.5
2034 2037 0 0 0.5
2036 2040 0 0 0.5
2037 2038 0 0 0.5
2037 2039 0 0 0.5
2038 2040 0 0 0.5
2039 2040 0 0 0.5
2042 2045 3.398529094 0.05296225071 0.5
2042 2050 0 0 0.5
2042 2053 3.422718218 0.05454356057 0.5
2042 2065 3.398529094 0.05296225071 0.5
2042 2070 0 0 0.5
2043 2046 3.328062499 0.05454356057 0.5
2043 2048 2.979093822 0.02291287847 0.5
2043 2049 2.979093822 0.02291287847 0.5
2043 2054 3.422718218 0.05454356057 0.5
2043 2062 3.422718218 0.05454356057 0.5
2043 2064 3.422718218 0.05454356057 0.5
2044 2047 0 0 0.5
2044 2053 3.422718218 0.05454356057 0.5
2044 2063 3.422718218 0.05454356057 0.5
2045 2052 3.398529094 0.05296225071 0.5
2046 2050 0 0 0.5
2047 2048 0 0 0.5
2047 2049 0 0 0.5
2048 2050 0 0 0.5
2049 2050 0 0 0.5
2050 2052 0 0 0.5
2052 2055 3.398529094 0.05296225071 0.5
2052 2060 0 0 0.5
2052 2063 3.422718218 0.05454356057 0.5
2053 2056 3.328062499 0.05454356057 0.5
2053 2058 2.979093822 0.02291287847 0.5
2053 2059 2.979093822 0.02291287847 0.5
2053 2064 3.422718218 0.05454356057 0.5
2054 2057 0 0 0.5
2054 2063 3.422718218 0.05454356057 0.5
2055 2062 3.398529094 0.05296225071 0.5
2056 2060 0 0 0.5
2057 2058 0 0 0.5
2057 2059 0 0 0.5
2058 2060 0 0 0.5
2059 2060 0 0 0.5
2060 2062 0 0 0.5
2062 2065 3.398529094 0.05296225071 0.5
2062 2070 0 0 0.5
2063 2066 3.328062499 0.05454356057 0.5
2063 2068 2.979093822 0.02291287847 0.5
2063 2069 2.979093822 0.02291287847 0.5
2064 2067 0 0 0.5
2066 2070 0 0 0.5
2067 2068 0 0 0.5
2067 2069 0 0 0.5
2068 2070 0 0 0.5
2069 2070 0 0 0.5
2072 2075 3.398529094 0.05296225071 0.5
2072 2080 0 0 0.5
2072 2083 3.422718218 0.05454356057 0.5
2072 2095 3.398529094 0.05296225071 0.5
2072 2100 0 0 0.5
2073 2076 3.328062499 0.05454356057 0.5
2073 2078 2.979093822 0.02291287847 0.5
2073 2079 2.979093822 0.02291287847 0.5
2073 2084 3.422718218 0.05454356057 0.5
2073 2092 3.422718218 0.05454356057 0.5
2073 2094 3.422718218 0.05454356057 0.5
2074 2077 0 0 0.5
2074 2083 3.422718218 0.05454356057 0.5
2074 2093 3.422718218 0.05454356057 0.5
2075 2082 3.398529094 0.05296225071 0.5
2076 2080 0 0 0.5
2077 2078 0 0 0.5
2077 2079 0 0 0.5
2078 2080 0 0 0.5
2079 2080 0 0 0.5
2080 2082 0 0 0.5
2082 2085 3.398529094 0.05296225071 0.5
2082 2090 0 0 0.5
2082 2093 3.422718218 0.05454356057 0.5
2083 2086 3.328062499 0.05454356057 0.5
2083 2088 2.979093822 0.02291287847 0.5
2083 2089 2.979093822 0.02291287847 0.5
2083 2094 3.422718218 0.05454356057 0.5
2084 2087 0 0 0.5
2084 2093 3.422718218 0.05454356057 0.5
2085 2092 3.398529094 0.05296225071 0.5
2086 2090 0 0 0.5
2087 2088 0 0 0.5
2087 2089 0 0 0.5
2088 2090 0 0 0.5
2089 2090 0 0 0.5
2090 2092 0 0 0.5
2092 2095 3.398529094 0.05296225071 0.5
2092 2100 0 0 0.5
2093 2096 3.328062499 0.05454356057 0.5
2093 2098 2.979093822 0.02291287847 0.5
2093 2099 2.979093822 0.02291287847 0.5
2094 2097 0 0 0.5
2096 2100 0 0 0.5
2097 2098 0 0 0.5
2097 2099 0 0 0.5
2098 2100 0 0 0.5
2099 2100 0 0 0.5
2102 2105 3.398529094 0.05296225071 0.5
2102 2110 0 0 0.5
2102 2113 3.422718218 0.05454356057 0.5
2102 2125 3.398529094 0.05296225071 0.5
2102 2130 0 0 0.5
2103 2106 3.328062499 0.05454356057 0.5
2103 2108 2.979093822 0.02291287847 0.5
2103 2109 2.979093822 0.02291287847 0.5
2103 2114 3.422718218 0.05454356057 0.5
2103 2122 3.422718218 0.05454356057 0.5
2103 2124 3.422718218 0.05454356057 0.5
2104 2107 0 0 0.5
2104 2113 3.422718218 0.05454356057 0.5
2104 2123 3.422718218 0.05454356057 0.5
2105 2112 3.398529094 0.05296225071 0.5
2106 2110 0 0 0.5
2107 2108 0 0 0.5
2107 2109 0 0 0.5
2108 2110 0 0 0.5
2109 2110 0 0 0.5
2110 2112 0 0 0.5
2112 2115 3.398529094 0.05296225071 0.5
2112 2120 0 0 0.5
2112 2123 3.422718218 0.05454356057 0.5
2113 2116 3.328062499 0.05454356057 0.5
2113 2118 2.979093822 0.02291287847 0.5
2113 2119 2.979093822 0.02291287847 0.5
2113 2124 3.422718218 0.05454356057 0.5
2114 2117 0 0 0.5
2114 2123 3.422718218 0.05454356057 0.5
2115 2122 3.398529094 0.05296225071 0.5
2116 2120 0 0 0.5
2117 2118 0 0 0.5
2117 2119 0 0 0.5
2118 2120 0 0 0.5
2119 2120 0 0 0.5
2120 2122 0 0 0.5
2122 2125 3.398529094 0.05296225071 0.5
2122 2130 0 0 0.5
2123 2126 3.328062499 0.05454356057 0.5
2123 2128 2.979093822 0.02291287847 0.5
2123 2129 2.979093822 0.02291287847 0.5
2124 2127 0 0 0.5
2126 2130 0 0 0.5
2127 2128 0 0 0.5
2127 2129 0 0 0.5
2128 2130 0 0 0.5
2129 2130 0 0 0.5
2132 2135 3.398529094 0.05296225071 0.5
2132 2140 0 0 0.5
2132 2143 3.422718218 0.05454356057 0.5
2132 2155 3.398529094 0.05296225071 0.5
2132 2160 0 0 0.5
2133 2136 3.328062499 0.05454356057 0.5
2133 2138 2.979093822 0.02291287847 0.5
2133 2139 2.979093822 0.02291287847 0.5
2133 2144 3.422718218 0.05454356057 0.5
2133 2152 3.422718218 0.05454356057 0.5
2133 2154 3.422718218 0.05454356057 0.5
2134 2137 0 0 0.5
2134 2143 3.422718218 0.05454356057 0.5
2134 2153 3.422718218 0.05454356057 0.5
2135 2142 3.398529094 0.05296225071 0.5
2136 2140 0 0 0.5
2137 2138 0 0 0.5
2137 2139 0 0 0.5
2138 2140 0 0 0.5
2139 2140 0 0 0.5
2140 2142 0 0 0.5
2142 2145 3.398529094 0.05296225071 0.5
2142 2150 0 0 0.5
2142 2153 3.422718218 0.05454356057 0.5
2143 2146 3.328062499 0.05454356057 0.5
2143 2148 2.979093822 0.02291287847 0.5
2143 2149 2.979093822 0.02291287847 0.5
2143 2154 3.422718218 0.05454356057 0.5
2144 2147 0 0 0.5
2144 2153 3.422718218 0.05454356057 0.5
2145 2152 3.398529094 0.05296225071 0.5
2146 2150 0 0 0.5
2147 2148 0 0 0.5
2147 2149 0 0 0.5
2148 2150 0 0 0.5
2149 2150 0 0 0.5
2150 2152 0 0 0.5
2152 2155 3.398529094 0.05296225071 0.5
2152 2160 0 0 0.5
2153 2156 3.328062499 0.05454356057 0.5
2153 2158 2.979093822 0.02291287847 0.5
2153 2159 2.979093822 0.02291287847 0.5
2154 2157 0 0 0.5
2156 2160 0 0 0.5
2157 2158 0 0 0.5
2157 2159 0 0 0.5
2158 2160 0 0 0.5
2159 2160 0 0 0.5
2162 2165 3.398529094 0.05296225071 0.5
2162 2170 0 0 0.5
2162 2173 3.422718218 0.05454356057 0.5
2162 2185 3.398529094 0.05296225071 0.5
2162 2190 0 0 0.5
2163 2166 3.328062499 0.05454356057 0.5
2163 2168 2.979093822 0.02291287847 0.5
2163 2169 2.979093822 0.02291287847 0.5
2163 2174 3.422718218 0.05454356057 0.5
2163 2182 3.422718218 0.05454356057 0.5
2163 2184 3.422718218 0.05454356057 0.5
2164 2167 0 0 0.5
2164 2173 3.422718218 0.05454356057 0.5
2164 2183 3.422718218 0.05454356057 0.5
2165 2172 3.398529094 0.05296225071 0.5
2166 2170 0 0 0.5
2167 2168 0 0 0.5
2167 2169 0 0 0.5
2168 2170 0 0 0.5
2169 2170 0 0 0.5
2170 2172 0 0 0.5
2172 2175 3.398529094 0.05296225071 0.5
2172 2180 0 0 0.5
2172 2183 3.422718218 0.05454356057 0.5
2173 2176 3.328062499 0.05454356057 0.5
2173 2178 2.979093822 0.02291287847 0.5
2173 2179 2.979093822 0.02291287847 0.5
2173 2184 3.422718218 0.05454356057 0.5
2174 2177 0 0 0.5
2174 2183 3.422718218 0.05454356057 0.5
2175 2182 3.398529094 0.05296225071 0.5
2176 2180 0 0 0.5
2177 2178 0 0 0.5
2177 2179 0 0 0.5
2178 2180 0 0 0.5
2179 2180 0 0 0.5
2180 2182 0 0 0.5
2182 2185 3.398529094 0.05296225071 0.5
2182 2190 0 0 0.5
2183 2186 3.328062499 0.05454356057 0.5
2183 2188 2.979093822 0.02291287847 0.5
2183 2189 2.979093822 0.02291287847 0.5
2184 2187 0 0 0.5
2186 2190 0 0 0.5
2187 2188 0 0 0.5
2187 2189 0 0 0.5
2188 2190 0 0 0.5
2189 2190 0 0 0.5
2192 2195 3.398529094 0.05296225071 0.5
2192 2200 0 0 0.5
2192 2203 3.422718218 0.05454356057 0.5
2192 2215 3.398529094 0.05296225071 0.5
2192 2220 0 0 0.5
2193 2196 3.328062499 0.05454356057 0.5
2193 2198 2.979093822 0.02291287847 0.5
2193 2199 2.979093822 0.02291287847 0.5
2193 2204 3.422718218 0.05454356057 0.5
2193 2212 3.422718218 0.05454356057 0.5
2193 2214 3.422718218 0.05454356057 0.5
2194 2197 0 0 0.5
2194 2203 3.422718218 0.05454356057 0.5
2194 2213 3.422718218 0.05454356057 0.5
2195 2202 3.398529094 0.05296225071 0.5
2196 2200 0 0 0.5
2197 2198 0 0 0.5
2197 2199 0 0 0.5
2198 2200 0 0 0.5
2199 2200 0 0 0.5
2200 2202 0 0 0.5
2202 2205 3.398529094 0.05296225071 0.5
2202 2210 0 0 0.5
2202 2213 3.422718218 0.05454356057 0.5
2203 2206 3.328062499 0.05454356057 0.5
2203 2208 2.979093822 0.02291287847 0.5
2203 2209 2.979093822 0.02291287847 0.5
2203 2214 3.422718218 0.05454356057 0.5
2204 2207 0 0 0.5
2204 2213 3.422718218 0.05454356057 0.5
2205 2212 3.398529094 0.05296225071 0.5
2206 2210 0 0 0.5
2207 2208 0 0 0.5
2207 2209 0 0 0.5
2208 2210 0 0 0.5
2209 2210 0 0 0.5
2210 2212 0 0 0.5
2212 2215 3.398529094 0.05296225071 0.5
2212 2220 0 0 0.5
2213 2216 3.328062499 0.05454356057 0.5
2213 2218 2.979093822 0.02291287847 0.5
2213 2219 2.979093822 0.02291287847 0.5
2214 2217 0 0 0.5
2216 2220 0 0 0.5
2217 2218 0 0 0.5
2217 2219 0 0 0.5
2218 2220 0 0 0.5
2219 2220 0 0 0.5
2222 2225 3.398529094 0.05296225071 0.5
2222 2230 0 0 0.5
2222 2233 3.422718218 0.05454356057 0.5
2222 2245 3.398529094 0.05296225071 0.5
2222 2250 0 0 0.5
2223 2226 3.328062499 0.05454356057 0.5
2223 2228 2.979093822 0.02291287847 0.5
2223 2229 2.979093822 0.02291287847 0.5
2223 2234 3.422718218 0.05454356057 0.5
2223 2242 3.422718218 0.05454356057 0.5
2223 2244 3.422718218 0.05454356057 0.5
2224 2227 0 0 0.5
2224 2233 3.422718218 0.05454356057 0.5
2224 2243 3.422718218 0.05454356057 0.5
2225 2232 3.398529094 0.05296225071 0.5
2226 2230 0 0 0.5
2227 2228 0 0 0.5
2227 2229 0 0 0.5
2228 2230 0 0 0.5
2229 2230 0 0 0.5
2230 2232 0 0 0.5
2232 2235 3.398529094 0.05296225071 0.5
2232 2240 0 0 0.5
2232 2243 3.422718218 0.05454356057 0.5
2233 2236 3.328062499 0.05454356057 0.5
2233 2238 2.979093822 0.02291287847 0.5
2233 2239 2.979093822 0.02291287847 0.5
2233 2244 3.422718218 0.05454356057 0.5
2234 2237 0 0 0.5
2234 2243 3.422718218 0.05454356057 0.5
2235 2242 3.398529094 0.05296225071 0.5
2236 2240 0 0 0.5
2237 2238 0 0 0.5
2237 2239 0 0 0.5
2238 2240 0 0 0.5
2239 2240 0 0 0.5
2240 2242 0 0 0.5
2242 2245 3.398529094 0.05296225071 0.5
2242 2250 0 0 0.5
2243 2246 3.328062499 0.05454356057 0.5
2243 2248 2.979093822 0.02291287847 0.5
2243 2249 2.979093822 0.02291287847 0.5
2244 2247 0 0 0.5
2246 2250 0 0 0.5
2247 2248 0 0 0.5
2247 2249 0 0 0.5
2248 2250 0 0 0.5
2249 2250 0 0 0.5
2252 2255 3.398529094 0.05296225071 0.5
2252 2260 0 0 0.5
2252 2263 3.422718218 0.05454356057 0.5
2252 2275 3.398529094 0.05296225071 0.5
2252 2280 0 0 0.5
2253 2256 3.328062499 0.05454356057 0.5
2253 2258 2.979093822 0.02291287847 0.5
2253 2259 2.979093822 0.02291287847 0.5
2253 2264 3.422718218 0.05454356057 0.5
2253 2272 3.422718218 0.05454356057 0.5
2253 2274 3.422718218 0.05454356057 0.5
2254 2257 0 0 0.5
2254 2263 3.422718218 0.05454356057 0.5
2254 2273 3.422718218 0.05454356057 0.5
2255 2262 3.398529094 0.05296225071 0.5
2256 2260 0 0 0.5
2257 2258 0 0 0.5
2257 2259 0 0 0.5
2258 2260 0 0 0.5
2259 2260 0 0 0.5
2260 2262 0 0 0.5
2262 2265 3.398529094 0.05296225071 0.5
2262 2270 0 0 0.5
2262 2273 3.422718218 0.05454356057 0.5
2263 2266 3.328062499 0.05454356057 0.5
2263 2268 2.979093822 0.02291287847 0.5
2263 2269 2.979093822 0.02291287847 0.5
2263 2274 3.422718218 0.05454356057 0.5
2264 2267 0 0 0.5
2264 2273 3.422718218 0.05454356057 0.5
2265 2272 3.398529094 0.05296225071 0.5
2266 2270 0 0 0.5
2267 2268 0 0 0.5
2267 2269 0 0 0.5
2268 2270 0 0 0.5
2269 2270 0 0 0.5
2270 2272 0 0 0.5
2272 2275 3.398529094 0.05296225071 0.5
2272 2280 0 0 0.5
2273 2276 3.328062499 0.05454356057 0.5
2273 2278 2.979093822 0.02291287847 0.5
2273 2279 2.979093822 0.02291287847 0.5
2274 2277 0 0 0.5
2276 2280 0 0 0.5
2277 2278 0 0 0.5
2277 2279 0 0 0.5
2278 2280 0 0 0.5
2279 2280 0 0 0.5
2282 2285 3.398529094 0.05296225071 0.5
2282 2290 0 0 0.5
2282 2293 3.422718218 0.05454356057 0.5
2282 2305 3.398529094 0.05296225071 0.5
2282 2310 0 0 0.5
2283 2286 3.328062499 0.05454356057 0.5
2283 2288 2.979093822 0.02291287847 0.5
2283 2289 2.979093822 0.02291287847 0.5
2283 2294 3.422718218 0.05454356057 0.5
2283 2302 3.422718218 0.05454356057 0.5
2283 2304 3.422718218 0.05454356057 0.5
2284 2287 0 0 0.5
2284 2293 3.422718218 0.05454356057 0.5
2284 2303 3.422718218 0.05454356057 0.5
2285 2292 3.398529094 0.05296225071 0.5
2286 2290 0 0 0.5
2287 2288 0 0 0.5
2287 2289 0 0 0.5
2288 2290 0 0 0.5
2289 2290 0 0 0.5
2290 2292 0 0 0.5
2292 2295 3.398529094 0.05296225071 0.5
2292 2300 0 0 0.5
2292 2303 3.422718218 0.05454356057 0.5
2293 2296 3.328062499 0.05454356057 0.5
2293 2298 2.979093822 0.02291287847 0.5
2293 2299 2.979093822 0.02291287847 0.5
2293 2304 3.422718218 0.05454356057 0.5
2294 2297 0 0 0.5
2294 2303 3.422718218 0.05454356057 0.5
2295 2302 3.398529094 0.05296225071 0.5
2296 2300 0 0 0.5
2297 2298 0 0 0.5
2297 2299 0 0 0.5
2298 2300 0 0 0.5
2299 2300 0 0 0.5
2300 2302 0 0 0.5
2302 2305 3.398529094 0.05296225071 0.5
2302 2310 0 0 0.5
2303 2306 3.328062499 0.05454356057 0.5
2303 2308 2.979093822 0.02291287847 0.5
2303 2309 2.979093822 0.02291287847 0.5
2304 2307 0 0 0.5
2306 2310 0 0 0.5
2307 2308 0 0 0.5
2307 2309 0 0 0.5
2308 2310 0 0 0.5
2309 2310 0 0 0.5
2312 2315 3.398529094 0.05296225071 0.5
2312 2320 0 0 0.5
2312 2323 3.422718218 0.05454356057 0.5
2312 2335 3.398529094 0.05296225071 0.5
2312 2340 0 0 0.5
2313 2316 3.328062499 0.05454356057 0.5
2313 2318 2.979093822 0.02291287847 0.5
2313 2319 2.979093822 0.02291287847 0.5
2313 2324 3.422718218 0.05454356057 0.5
2313 2332 3.422718218 0.05454356057 0.5
2313 2334 3.422718218 0.05454356057 0.5
2314 2317 0 0 0.5
2314 2323 3.422718218 0.05454356057 0.5
2314 2333 3.422718218 0.05454356057 0.5
2315 2322 3.398529094 0.05296225071 0.5
2316 2320 0 0 0.5
2317 2318 0 0 0.5
2317 2319 0 0 0.5
2318 2320 0 0 0.5
2319 2320 0 0 0.5
2320 2322 0 0 0.5
2322 2325 3.398529094 0.05296225071 0.5
2322 2330 0 0 0.5
2322 2333 3.422718218 0.05454356057 0.5
2323 2326 3.328062499 0.05454356057 0.5
2323 2328 2.979093822 0.02291287847 0.5
2323 2329 2.979093822 0.02291287847 0.5
2323 2334 3.422718218 0.05454356057 0.5
2324 2327 0 0 0.5
2324 2333 3.422718218 0.05454356057 0.5
2325 2332 3.398529094 0.05296225071 0.5
2326 2330 0 0 0.5
2327 2328 0 0 0.5
2327 2329 0 0 0.5
2328 2330 0 0 0.5
2329 2330 0 0 0.5
2330 2332 0 0 0.5
2332 2335 3.398529094 0.05296225071 0.5
2332 2340 0 0 0.5
2333 2336 3.328062499 0.05454356057 0.5
2333 2338 2.979093822 0.02291287847 0.5
2333 2339 2.979093822 0.02291287847 0.5
2334 2337 0 0 0.5
2336 2340 0 0 0.5
2337 2338 0 0 0.5
2337 2339 0 0 0.5
2338 2340 0 0 0.5
2339 2340 0 0 0.5
2342 2345 3.398529094 0.05296225071 0.5
2342 2350 0 0 0.5
2342 2353 3.422718218 0.05454356057 0.5
2342 2365 3.398529094 0.05296225071 0.5
2342 2370 0 0 0.5
2343 2346 3.328062499 0.05454356057 0.5
2343 2348 2.979093822 0.02291287847 0.5
2343 2349 2.979093822 0.02291287847 0.5
2343 2354 3.422718218 0.05454356057 0.5
2343 2362 3.422718218 0.05454356057 0.5
2343 2364 3.422718218 0.05454356057 0.5
2344 2347 0 0 0.5
2344 2353 3.422718218 0.05454356057 0.5
2344 2363 3.422718218 0.05454356057 0.5
2345 2352 3.398529094 0.05296225071 0.5
2346 2350 0 0 0.5
2347 2348 0 0 0.5
2347 2349 0 0 0.5
2348 2350 0 0 0.5
2349 2350 0 0 0.5
2350 2352 0 0 0.5
2352 2355 3.398529094 0.05296225071 0.5
2352 2360 0 0 0.5
2352 2363 3.422718218 0.05454356057 0.5
2353 2356 3.328062499 0.05454356057 0.5
2353 2358 2.979093822 0.02291287847 0.5
2353 2359 2.979093822 0.02291287847 0.5
2353 2364 3.422718218 0.05454356057 0.5
2354 2357 0 0 0.5
2354 2363 3.422718218 0.05454356057 0.5
2355 2362 3.398529094 0.05296225071 0.5
2356 2360 0 0 0.5
2357 2358 0 0 0.5
2357 2359 0 0 0.5
2358 2360 0 0 0.5
2359 2360 0 0 0.5
2360 2362 0 0 0.5
2362 2365 3.398529094 0.05296225071 0.5
2362 2370 0 0 0.5
2363 2366 3.328062499 0.05454356057 0.5
2363 2368 2.979093822 0.02291287847 0.5
2363 2369 2.979093822 0.02291287847 0.5
2364 2367 0 0 0.5
2366 2370 0 0 0.5
2367 2368 0 0 0.5
2367 2369 0 0 0.5
2368 2370 0 0 0.5
2369 2370 0 0 0.5
2372 2375 3.398529094 0.05296225071 0.5
2372 2380 0 0 0.5
2372 2383 3.422718218 0.05454356057 0.5
2372 2395 3.398529094 0.05296225071 0.5
2372 2400 0 0 0.5
2373 2376 3.328062499 0.05454356057 0.5
2373 2378 2.979093822 0.02291287847 0.5
2373 2379 2.979093822 0.02291287847 0.5
2373 2384 3.422718218 0.05454356057 0.5
2373 2392 3.422718218 0.05454356057 0.5
2373 2394 3.422718218 0.05454356057 0.5
2374 2377 0 0 0.5
2374 2383 3.422718218 0.05454356057 0.5
2374 2393 3.422718218 0.05454356057 0.5
2375 2382 3.398529094 0.05296225071 0.5
2376 2380 0 0 0.5
2377 2378 0 0 0.5
2377 2379 0 0 0.5
2378 2380 0 0 0.5
2379 2380 0 0 0.5
2380 2382 0 0 0.5
2382 2385 3.398529094 0.05296225071 0.5
2382 2390 0 0 0.5
2382 2393 3.422718218 0.05454356057 0.5
2383 2386 3.328062499 0.05454356057 0.5
2383 2388 2.979093822 0.02291287847 0.5
2383 2389 2.979093822 0.02291287847 0.5
2383 2394 3.422718218 0.05454356057 0.5
2384 2387 0 0 0.5
2384 2393 3.422718218 0.05454356057 0.5
2385 2392 3.398529094 0.05296225071 0.5
2386 2390 0 0 0.5
2387 2388 0 0 0.5
2387 2389 0 0 0.5
2388 2390 0 0 0.5
2389 2390 0 0 0.5
2390 2392 0 0 0.5
2392 2395 3.398529094 0.05296225071 0.5
2392 2400 0 0 0.5
2393 2396 3.328062499 0.05454356057 0.5
2393 2398 2.979093822 0.02291287847 0.5
2393 2399 2.979093822 0.02291287847 0.5
2394 2397 0 0 0.5
2396 2400 0 0 0.5
2397 2398 0 0 0.5
2397 2399 0 0 0.5
2398 2400 0 0 0.5
2399 2400 0 0 0.5
2402 2405 3.398529094 0.05296225071 0.5
2402 2410 0 0 0.5
2402 2413 3.422718218 0.05454356057 0.5
2402 2425 3.398529094 0.05296225071 0.5
2402 2430 0 0 0.5
2403 2406 3.328062499 0.05454356057 0.5
2403 2408 2.979093822 0.02291287847 0.5
2403 2409 2.979093822 0.02291287847 0.5
2403 2414 3.422718218 0.05454356057 0.5
2403 2422 3.422718218 0.05454356057 0.5
2403 2424 3.422718218 0.05454356057 0.5
2404 2407 0 0 0.5
2404 2413 3.422718218 0.05454356057 0.5
2404 2423 3.422718218 0.05454356057 0.5
2405 2412 3.398529094 0.05296225071 0.5
2406 2410 0 0 0.5
2407 2408 0 0 0.5
2407 2409 0 0 0.5
2408 2410 0 0 0.5
2409 2410 0 0 0.5
2410 2412 0 0 0.5
2412 2415 3.398529094 0.05296225071 0.5
2412 2420 0 0 0.5
2412 2423 3.422718218 0.05454356057 0.5
2413 2416 3.328062499 0.05454356057 0.5
2413 2418 2.979093822 0.02291287847 0.5
2413 2419 2.979093822 0.02291287847 0.5
2413 2424 3.422718218 0.05454356057 0.5
2414 2417 0 0 0.5
2414 2423 3.422718218 0.05454356057 0.5
2415 2422 3.398529094 0.05296225071 0.5
2416 2420 0 0 0.5
2417 2418 0 0 0.5
2417 2419 0 0 0.5
2418 2420 0 0 0.5
2419 2420 0 0 0.5
2420 2422 0 0 0.5
2422 2425 3.398529094 0.05296225071 0.5
2422 2430 0 0 0.5
2423 2426 3.328062499 0.05454356057 0.5
2423 2428 2.979093822 0.02291287847 0.5
2423 2429 2.979093822 0.02291287847 0.5
2424 2427 0 0 0.5
2426 2430 0 0 0.5
2427 2428 0 0 0.5
2427 2429 0 0 0.5
2428 2430 0 0 0.5
2429 2430 0 0 0.5
2432 2435 3.398529094 0.05296225071 0.5
2432 2440 0 0 0.5
2432 2443 3.422718218 0.05454356057 0.5
2432 2455 3.398529094 0.05296225071 0.5
2432 2460 0 0 0.5
2433 2436 3.328062499 0.05454356057 0.5
2433 2438 2.979093822 0.02291287847 0.5
2433 2439 2.979093822 0.02291287847 0.5
2433 2444 3.422718218 0.05454356057 0.5
2433 2452 3.422718218 0.05454356057 0.5
2433 2454 3.422718218 0.05454356057 0.5
2434 2437 0 0 0.5
2434 2443 3.422718218 0.05454356057 0.5
2434 2453 3.422718218 0.05454356057 0.5
2435 2442 3.398529094 0.05296225071 0.5
2436 2440 0 0 0.5
2437 2438 0 0 0.5
2437 2439 0 0 0.5
2438 2440 0 0 0.5
2439 2440 0 0 0.5
2440 2442 0 0 0.5
2442 2445 3.398529094 0.05296225071 0.5
2442 2450 0 0 0.5
2442 2453 3.422718218 0.05454356057 0.5
2443 2446 3.328062499 0.05454356057 0.5
2443 2448 2.979093822 0.02291287847 0.5
2443 2449 2.979093822 0.02291287847 0.5
2443 2454 3.422718218 0.05454356057 0.5
2444 2447 0 0 0.5
2444 2453 3.422718218 0.05454356057 0.5
2445 2452 3.398529094 0.05296225071 0.5
2446 2450 0 0 0.5
2447 2448 0 0 0.5
2447 2449 0 0 0.5
2448 2450 0 0 0.5
2449 2450 0 0 0.5
2450 2452 0 0 0.5
2452 2455 3.398529094 0.05296225071 0.5
2452 2460 0 0 0.5
2453 2456 3.328062499 0.05454356057 0.5
2453 2458 2.979093822 0.02291287847 0.5
2453 2459 2.979093822 0.02291287847 0.5
2454 2457 0 0 0.5
2456 2460 0 0 0.5
2457 2458 0 0 0.5
2457 2459 0 0 0.5
2458 2460 0 0 0.5
2459 2460 0 0 0.5
2462 2465 3.398529094 0.05296225071 0.5
2462 2470 0 0 0.5
2462 2473 3.422718218 0.05454356057 0.5
2462 2485 3.398529094 0.05296225071 0.5
2462 2490 0 0 0.5
2463 2466 3.328062499 0.05454356057 0.5
2463 2468 2.979093822 0.02291287847 0.5
2463 2469 2.979093822 0.02291287847 0.5
2463 2474 3.422718218 0.05454356057 0.5
2463 2482 3.422718218 0.05454356057 0.5
2463 2484 3.422718218 0.05454356057 0.5
2464 2467 0 0 0.5
2464 2473 3.422718218 0.05454356057 0.5
2464 2483 3.422718218 0.05454356057 0.5
2465 2472 3.398529094 0.05296225071 0.5
2466 2470 0 0 0.5
2467 2468 0 0 0.5
2467 2469 0 0 0.5
2468 2470 0 0 0.5
2469 2470 0 0 0.5
2470 2472 0 0 0.5
2472 2475 3.398529094 0.05296225071 0.5
2472 2480 0 0 0.5
2472 2483 3.422718218 0.05454356057 0.5
2473 2476 3.328062499 0.05454356057 0.5
2473 2478 2.979093822 0.02291287847 0.5
2473 2479 2.979093822 0.02291287847 0.5
2473 2484 3.422718218 0.05454356057 0.5
2474 2477 0 0 0.5
2474 2483 3.422718218 0.05454356057 0.5
2475 2482 3.398529094 0.05296225071 0.5
2476 2480 0 0 0.5
2477 2478 0 0 0.5
2477 2479 0 0 0.5
2478 2480 0 0 0.5
2479 2480 0 0 0.5
2480 2482 0 0 0.5
2482 2485 3.398529094 0.05296225071 0.5
2482 2490 0 0 0.5
2483 2486 3.328062499 0.05454356057 0.5
2483 2488 2.979093822 0.02291287847 0.5
2483 2489 2.979093822 0.02291287847 0.5
2484 2487 0 0 0.5
2486 2490 0 0 0.5
2487 2488 0 0 0.5
2487 2489 0 0 0.5
2488 2490 0 0 0.5
2489 2490 0 0 0.5
2492 2495 3.398529094 0.05296225071 0.5
2492 2500 0 0 0.5
2492 2503 3.422718218 0.05454356057 0.5
2492 2515 3.398529094 0.05296225071 0.5
2492 2520 0 0 0.5
2493 2496 3.328062499 0.05454356057 0.5
2493 2498 2.979093822 0.02291287847 0.5
2493 2499 2.979093822 0.02291287847 0.5
2493 2504 3.422718218 0.05454356057 0.5
2493 2512 3.422718218 0.05454356057 0.5
2493 2514 3.422718218 0.05454356057 0.5
2494 2497 0 0 0.5
2494 2503 3.422718218 0.05454356057 0.5
2494 2513 3.422718218 0.05454356057 0.5
2495 2502 3.398529094 0.05296225071 0.5
2496 2500 0 0 0.5
2497 2498 0 0 0.5
2497 2499 0 0 0.5
2498 2500 0 0 0.5
2499 2500 0 0 0.5
2500 2502 0 0 0.5
2502 2505 3.398529094 0.05296225071 0.5
2502 2510 0 0 0.5
2502 2513 3.422718218 0.05454356057 0.5
2503 2506 3.328062499 0.05454356057 0.5
2503 2508 2.979093822 0.02291287847 0.5
2503 2509 2.979093822 0.02291287847 0.5
2503 2514 3.422718218 0.05454356057 0.5
2504 2507 0 0 0.5
2504 2513 3.422718218 0.05454356057 0.5
2505 2512 3.398529094 0.05296225071 0.5
2506 2510 0 0 0.5
2507 2508 0 0 0.5
2507 2509 0 0 0.5
2508 2510 0 0 0.5
2509 2510 0 0 0.5
2510 2512 0 0 0.5
2512 2515 3.398529094 0.05296225071 0.5
2512 2520 0 0 0.5
2513 2516 3.328062499 0.05454356057 0.5
2513 2518 2.979093822 0.02291287847 0.5
2513 2519 2.979093822 0.02291287847 0.5
2514 2517 0 0 0.5
2516 2520 0 0 0.5
2517 2518 0 0 0.5
2517 2519 0 0 0.5
2518 2520 0 0 0.5
2519 2520 0 0 0.5
2522 2525 3.398529094 0.05296225071 0.5
2522 2530 0 0 0.5
2522 2533 3.422718218 0.05454356057 0.5
2522 2545 3.398529094 0.05296225071 0.5
2522 2550 0 0 0.5
2523 2526 3.328062499 0.05454356057 0.5
2523 2528 2.979093822 0.02291287847 0.5
2523 2529 2.979093822 0.02291287847 0.5
2523 2534 3.422718218 0.05454356057 0.5
2523 2542 3.422718218 0.05454356057 0.5
2523 2544 3.422718218 0.05454356057 0.5
2524 2527 0 0 0.5
2524 2533 3.422718218 0.05454356057 0.5
2524 2543 3.422718218 0.05454356057 0.5
2525 2532 3.398529094 0.05296225071 0.5
2526 2530 0 0 0.5
2527 2528 0 0 0.5
2527 2529 0 0 0.5
2528 2530 0 0 0.5
2529 2530 0 0 0.5
2530 2532 0 0 0.5
2532 2535 3.398529094 0.05296225071 0.5
2532 2540 0 0 0.5
2532 2543 3.422718218 0.05454356057 0.5
2533 2536 3.328062499 0.05454356057 0.5
2533 2538 2.979093822 0.02291287847 0.5
2533 2539 2.979093822 0.02291287847 0.5
2533 2544 3.422718218 0.05454356057 0.5
2534 2537 0 0 0.5
2534 2543 3.422718218 0.05454356057 0.5
2535 2542 3.398529094 0.05296225071 0.5
2536 2540 0 0 0.5
2537 2538 0 0 0.5
2537 2539 0 0 0.5
2538 2540 0 0 0.5
2539 2540 0 0 0.5
2540 2542 0 0 0.5
2542 2545 3.398529094 0.05296225071 0.5
2542 2550 0 0 0.5
2543 2546 3.328062499 0.05454356057 0.5
2543 2548 2.979093822 0.02291287847 0.5
2543 2549 2.979093822 0.02291287847 0.5
2544 2547 0 0 0.5
2546 2550 0 0 0.5
2547 2548 0 0 0.5
2547 2549 0 0 0.5
2548 2550 0 0 0.5
2549 2550 0 0 0.5
2552 2555 3.398529094 0.05296225071 0.5
2552 2560 0 0 0.5
2552 2563 3.422718218 0.05454356057 0.5
2552 2575 3.398529094 0.05296225071 0.5
2552 2580 0 0 0.5
2553 2556 3.328062499 0.05454356057 0.5
2553 2558 2.979093822 0.02291287847 0.5
2553 2559 2.979093822 0.02291287847 0.5
2553 2564 3.422718218 0.05454356057 0.5
2553 2572 3.422718218 0.05454356057 0.5
2553 2574 3.422718218 0.05454356057 0.5
2554 2557 0 0 0.5
2554 2563 3.422718218 0.05454356057 0.5
2554 2573 3.422718218 0.05454356057 0.5
2555 2562 3.398529094 0.05296225071 0.5
2556 2560 0 0 0.5
2557 2558 0 0 0.5
2557 2559 0 0 0.5
2558 2560 0 0 0.5
2559 2560 0 0 0.5
2560 2562 0 0 0.5
2562 2565 3.398529094 0.05296225071 0.5
2562 2570 0 0 0.5
2562 2573 3.422718218 0.05454356057 0.5
2563 2566 3.328062499 0.05454356057 0.5
2563 2568 2.979093822 0.02291287847 0.5
2563 2569 2.979093822 0.02291287847 0.5
2563 2574 3.422718218 0.05454356057 0.5
2564 2567 0 0 0.5
2564 2573 3.422718218 0.05454356057 0.5
2565 2572 3.398529094 0.05296225071 0.5
2566 2570 0 0 0.5
2567 2568 0 0 0.5
2567 2569 0 0 0.5
2568 2570 0 0 0.5
2569 2570 0 0 0.5
2570 2572 0 0 0.5
2572 2575 3.398529094 0.05296225071 0.5
2572 2580 0 0 0.5
2573 2576 3.328062499 0.05454356057 0.5
2573 2578 2.979093822 0.02291287847 0.5
2573 2579 2.979093822 0.02291287847 0.5
2574 2577 0 0 0.5
2576 2580 0 0 0.5
2577 2578 0 0 0.5
2577 2579 0 0 0.5
2578 2580 0 0 0.5
2579 2580 0 0 0.5
2582 2585 3.398529094 0.05296225071 0.5
2582 2590 0 0 0.5
2582 2593 3.422718218 0.05454356057 0.5
2582 2605 3.398529094 0.05296225071 0.5
2582 2610 0 0 0.5
2583 2586 3.328062499 0.05454356057 0.5
2583 2588 2.979093822 0.02291287847 0.5
2583 2589 2.979093822 0.02291287847 0.5
2583 2594 3.422718218 0.05454356057 0.5
2583 2602 3.422718218 0.05454356057 0.5
2583 2604 3.422718218 0.05454356057 0.5
2584 2587 0 0 0.5
2584 2593 3.422718218 0.05454356057 0.5
2584 2603 3.422718218 0.05454356057 0.5
2585 2592 3.398529094 0.05296225071 0.5
2586 2590 0 0 0.5
2587 2588 0 0 0.5
2587 2589 0 0 0.5
2588 2590 0 0 0.5
2589 2590 0 0 0.5
2590 2592 0 0 0.5
2592 2595 3.398529094 0.05296225071 0.5
2592 2600 0 0 0.5
2592 2603 3.422718218 0.05454356057 0.5
2593 2596 3.328062499 0.05454356057 0.5
2593 2598 2.979093822 0.02291287847 0.5
2593 2599 2.979093822 0.02291287847 0.5
2593 2604 3.422718218 0.05454356057 0.5
2594 2597 0 0 0.5
2594 2603 3.422718218 0.05454356057 0.5
2595 2602 3.398529094 0.05296225071 0.5
2596 2600 0 0 0.5
2597 2598 0 0 0.5
2597 2599 0 0 0.5
2598 2600 0 0 0.5
2599 2600 0 0 0.5
2600 2602 0 0 0.5
2602 2605 3.398529094 0.05296225071 0.5
2602 2610 0 0 0.5
2603 2606 3.328062499 0.05454356057 0.5
2603 2608 2.979093822 0.02291287847 0.5
2603 2609 2.979093822 0.02291287847 0.5
2604 2607 0 0 0.5
2606 2610 0 0 0.5
2607 2608 0 0 0.5
2607 2609 0 0 0.5
2608 2610 0 0 0.5
2609 2610 0 0 0.5
2612 2615 3.398529094 0.05296225071 0.5
2612 2620 0 0 0.5
2612 2623 3.422718218 0.05454356057 0.5
2612 2635 3.398529094 0.05296225071 0.5
2612 2640 0 0 0.5
2613 2616 3.328062499 0.05454356057 0.5
2613 2618 2.979093822 0.02291287847 0.5
2613 2619 2.979093822 0.02291287847 0.5
2613 2624 3.422718218 0.05454356057 0.5
2613 2632 3.422718218 0.05454356057 0.5
2613 2634 3.422718218 0.05454356057 0.5
2614 2617 0 0 0.5
2614 2623 3.422718218 0.05454356057 0.5
2614 2633 3.422718218 0.05454356057 0.5
2615 2622 3.398529094 0.05296225071 0.5
2616 2620 0 0 0.5
2617 2618 0 0 0.5
2617 2619 0 0 0.5
2618 2620 0 0 0.5
2619 2620 0 0 0.5
2620 2622 0 0 0.5
2622 2625 3.398529094 0.05296225071 0.5
2622 2630 0 0 0.5
2622 2633 3.422718218 0.05454356057 0.5
2623 2626 3.328062499 0.05454356057 0.5
2623 2628 2.979093822 0.02291287847 0.5
2623 2629 2.979093822 0.02291287847 0.5
2623 2634 3.422718218 0.05454356057 0.5
2624 2627 0 0 0.5
2624 2633 3.422718218 0.05454356057 0.5
2625 2632 3.398529094 0.05296225071 0.5
2626 2630 0 0 0.5
2627 2628 0 0 0.5
2627 2629 0 0 0.5
2628 2630 0 0 0.5
2629 2630 0 0 0.5
2630 2632 0 0 0.5
2632 2635 3.398529094 0.05296225071 0.5
2632 2640 0 0 0.5
2633 2636 3.328062499 0.05454356057 0.5
2633 2638 2.979093822 0.02291287847 0.5
2633 2639 2.979093822 0.02291287847 0.5
2634 2637 0 0 0.5
2636 2640 0 0 0.5
2637 2638 0 0 0.5
2637 2639 0 0 0.5
2638 2640 0 0 0.5
2639 2640 0 0 0.5
2642 2645 3.398529094 0.05296225071 0.5
2642 2650 0 0 0.5
2642 2653 3.422718218 0.05454356057 0.5
2642 2665 3.398529094 0.05296225071 0.5
2642 2670 0 0 0.5
2643 2646 3.328062499 0.05454356057 0.5
2643 2648 2.979093822 0.02291287847 0.5
2643 2649 2.979093822 0.02291287847 0.5
2643 2654 3.422718218 0.05454356057 0.5
2643 2662 3.422718218 0.05454356057 0.5
2643 2664 3.422718218 0.05454356057 0.5
2644 2647 0 0 0.5
2644 2653 3.422718218 0.05454356057 0.5
2644 2663 3.422718218 0.05454356057 0.5
2645 2652 3.398529094 0.05296225071 0.5
2646 2650 0 0 0.5
2647 2648 0 0 0.5
2647 2649 0 0 0.5
2648 2650 0 0 0.5
2649 2650 0 0 0.5
2650 2652 0 0 0.5
2652 2655 3.398529094 0.05296225071 0.5
2652 2660 0 0 0.5
2652 2663 3.422718218 0.05454356057 0.5
2653 2656 3.328062499 0.05454356057 0.5
2653 2658 2.979093822 0.02291287847 0.5
2653 2659 2.979093822 0.02291287847 0.5
2653 2664 3.422718218 0.05454356057 0.5
2654 2657 0 0 0.5
2654 2663 3.422718218 0.05454356057 0.5
2655 2662 3.398529094 0.05296225071 0.5
2656 2660 0 0 0.5
2657 2658 0 0 0.5
2657 2659 0 0 0.5
2658 2660 0 0 0.5
2659 2660 0 0 0.5
2660 2662 0 0 0.5
2662 2665 3.398529094 0.05296225071 0.5
2662 2670 0 0 0.5
2663 2666 3.328062499 0.05454356057 0.5
2663 2668 2.979093822 0.02291287847 0.5
2663 2669 2.979093822 0.02291287847 0.5
2664 2667 0 0 0.5
2666 2670 0 0 0.5
2667 2668 0 0 0.5
2667 2669 0 0 0.5
2668 2670 0 0 0.5
2669 2670 0 0 0.5
2672 2675 3.398529094 0.05296225071 0.5
2672 2680 0 0 0.5
2672 2683 3.422718218 0.05454356057 0.5
2672 2695 3.398529094 0.05296225071 0.5
2672 2700 0 0 0.5
2673 2676 3.328062499 0.05454356057 0.5
2673 2678 2.979093822 0.02291287847 0.5
2673 2679 2.979093822 0.02291287847 0.5
2673 2684 3.422718218 0.05454356057 0.5
2673 2692 3.422718218 0.05454356057 0.5
2673 2694 3.422718218 0.05454356057 0.5
2674 2677 0 0 0.5
2674 2683 3.422718218 0.05454356057 0.5
2674 2693 3.422718218 0.05454356057 0.5
2675 2682 3.398529094 0.05296225071 0.5
2676 2680 0 0 0.5
2677 2678 0 0 0.5
2677 2679 0 0 0.5
2678 2680 0 0 0.5
2679 2680 0 0 0.5
2680 2682 0 0 0.5
2682 2685 3.398529094 0.05296225071 0.5
2682 2690 0 0 0.5
2682 2693 3.422718218 0.05454356057 0.5
2683 2686 3.328062499 0.05454356057 0.5
2683 2688 2.979093822 0.02291287847 0.5
2683 2689 2.979093822 0.02291287847 0.5
2683 2694 3.422718218 0.05454356057 0.5
2684 2687 0 0 0.5
2684 2693 3.422718218 0.05454356057 0.5
2685 2692 3.398529094 0.05296225071 0.5
2686 2690 0 0 0.5
2687 2688 0 0 0.5
2687 2689 0 0 0.5
2688 2690 0 0 0.5
2689 2690 0 0 0.5
2690 2692 0 0 0.5
2692 2695 3.398529094 0.05296225071 0.5
2692 2700 0 0 0.5
2693 2696 3.328062499 0.05454356057 0.5
2693 2698 2.979093822 0.02291287847 0.5
2693 2699 2.979093822 0.02291287847 0.5
2694 2697 0 0 0.5
2696 2700 0 0 0.5
2697 2698 0 0 0.5
2697 2699 0 0 0.5
2698 2700 0 0 0.5
2699 2700 0 0 0.5
2702 2705 3.398529094 0.05296225071 0.5
2702 2710 0 0 0.5
2702 2713 3.422718218 0.05454356057 0.5
2702 2725 3.398529094 0.05296225071 0.5
2702 2730 0 0 0.5
2703 2706 3.328062499 0.05454356057 0.5
2703 2708 2.979093822 0.02291287847 0.5
2703 2709 2.979093822 0.02291287847 0.5
2703 2714 3.422718218 0.05454356057 0.5
2703 2722 3.422718218 0.05454356057 0.5
2703 2724 3.422718218 0.05454356057 0.5
2704 2707 0 0 0.5
2704 2713 3.422718218 0.05454356057 0.5
2704 2723 3.422718218 0.05454356057 0.5
2705 2712 3.398529094 0.05296225071 0.5
2706 2710 0 0 0.5
2707 2708 0 0 0.5
2707 2709 0 0 0.5
2708 2710 0 0 0.5
2709 2710 0 0 0.5
2710 2712 0 0 0.5
2712 2715 3.398529094 0.05296225071 0.5
2712 2720 0 0 0.5
2712 2723 3.422718218 0.05454356057 0.5
2713 2716 3.328062499 0.05454356057 0.5
2713 2718 2.979093822 0.02291287847 0.5
2713 2719 2.979093822 0.02291287847 0.5
2713 2724 3.422718218 0.05454356057 0.5
2714 2717 0 0 0.5
2714 2723 3.422718218 0.05454356057 0.5
2715 2722 3.398529094 0.05296225071 0.5
2716 2720 0 0 0.5
2717 2718 0 0 0.5
2717 2719 0 0 0.5
2718 2720 0 0 0.5
2719 2720 0 0 0.5
2720 2722 0 0 0.5
2722 2725 3.398529094 0.05296225071 0.5
2722 2730 0 0 0.5
2723 2726 3.328062499 0.05454356057 0.5
2723 2728 2.979093822 0.02291287847 0.5
2723 2729 2.979093822 0.02291287847 0.5
2724 2727 0 0 0.5
2726 2730 0 0 0.5
2727 2728 0 0 0.5
2727 2729 0 0 0.5
2728 2730 0 0 0.5
2729 2730 0 0 0.5
2732 2735 3.398529094 0.05296225071 0.5
2732 2740 0 0 0.5
2732 2743 3.422718218 0.05454356057 0.5
2732 2755 3.398529094 0.05296225071 0.5
2732 2760 0 0 0.5
2733 2736 3.328062499 0.05454356057 0.5
2733 2738 2.979093822 0.02291287847 0.5
2733 2739 2.979093822 0.02291287847 0.5
2733 2744 3.422718218 0.05454356057 0.5
2733 2752 3.422718218 0.05454356057 0.5
2733 2754 3.422718218 0.05454356057 0.5
2734 2737 0 0 0.5
2734 2743 3.422718218 0.05454356057 0.5
2734 2753 3.422718218 0.05454356057 0.5
2735 2742 3.398529094 0.05296225071 0.5
2736 2740 0 0 0.5
2737 2738 0 0 0.5
2737 2739 0 0 0.5
2738 2740 0 0 0.5
2739 2740 0 0 0.5
2740 2742 0 0 0.5
2742 2745 3.398529094 0.05296225071 0.5
2742 2750 0 0 0.5
2742 2753 3.422718218 0.05454356057 0.5
2743 2746 3.328062499 0.05454356057 0.5
2743 2748 2.979093822 0.02291287847 0.5
2743 2749 2.979093822 0.02291287847 0.5
2743 2754 3.422718218 0.05454356057 0.5
2744 2747 0 0 0.5
2744 2753 3.422718218 0.05454356057 0.5
2745 2752 3.398529094 0.05296225071 0.5
2746 2750 0 0 0.5
2747 2748 0 0 0.5
2747 2749 0 0 0.5
2748 2750 0 0 0.5
2749 2750 0 0 0.5
2750 2752 0 0 0.5
2752 2755 3.398529094 0.05296225071 0.5
2752 2760 0 0 0.5
2753 2756 3.328062499 0.05454356057 0.5
2753 2758 2.979093822 0.02291287847 0.5
2753 2759 2.979093822 0.02291287847 0.5
2754 2757 0 0 0.5
2756 2760 0 0 0.5
2757 2758 0 0 0.5
2757 2759 0 0 0.5
2758 2760 0 0 0.5
2759 2760 0 0 0.5
2762 2765 3.398529094 0.05296225071 0.5
2762 2770 0 0 0.5
2762 2773 3.422718218 0.05454356057 0.5
2762 2785 3.398529094 0.05296225071 0.5
2762 2790 0 0 0.5
2763 2766 3.328062499 0.05454356057 0.5
2763 2768 2.979093822 0.02291287847 0.5
2763 2769 2.979093822 0.02291287847 0.5
2763 2774 3.422718218 0.05454356057 0.5
2763 2782 3.422718218 0.05454356057 0.5
2763 2784 3.422718218 0.05454356057 0.5
2764 2767 0 0 0.5
2764 2773 3.422718218 0.05454356057 0.5
2764 2783 3.422718218 0.05454356057 0.5
2765 2772 3.398529094 0.05296225071 0.5
2766 2770 0 0 0.5
2767 2768 0 0 0.5
2767 2769 0 0 0.5
2768 2770 0 0 0.5
2769 2770 0 0 0.5
2770 2772 0 0 0.5
2772 2775 3.398529094 0.05296225071 0.5
2772 2780 0 0 0.5
2772 2783 3.422718218 0.05454356057 0.5
2773 2776 3.328062499 0.05454356057 0.5
2773 2778 2.979093822 0.02291287847 0.5
2773 2779 2.979093822 0.02291287847 0.5
2773 2784 3.422718218 0.05454356057 0.5
2774 2777 0 0 0.5
2774 2783 3.422718218 0.05454356057 0.5
2775 2782 3.398529094 0.05296225071 0.5
2776 2780 0 0 0.5
2777 2778 0 0 0.5
2777 2779 0 0 0.5
2778 2780 0 0 0.5
2779 2780 0 0 0.5
2780 2782 0 0 0.5
2782 2785 3.398529094 0.05296225071 0.5
2782 2790 0 0 0.5
2783 2786 3.328062499 0.05454356057 0.5
2783 2788 2.979093822 0.02291287847 0.5
2783 2789 2.979093822 0.02291287847 0.5
2784 2787 0 0 0.5
2786 2790 0 0 0.5
2787 2788 0 0 0.5
2787 2789 0 0 0.5
2788 2790 0 0 0.5
2789 2790 0 0 0.5
2792 2795 3.398529094 0.05296225071 0.5
2792 2800 0 0 0.5
2792 2803 3.422718218 0.05454356057 0.5
2792 2815 3.398529094 0.05296225071 0.5
2792 2820 0 0 0.5
2793 2796 3.328062499 0.05454356057 0.5
2793 2798 2.979093822 0.02291287847 0.5
2793 2799 2.979093822 0.02291287847 0.5
2793 2804 3.422718218 0.05454356057 0.5
2793 2812 3.422718218 0.05454356057 0.5
2793 2814 3.422718218 0.05454356057 0.5
2794 2797 0 0 0.5
2794 2803 3.422718218 0.05454356057 0.5
2794 2813 3.422718218 0.05454356057 0.5
2795 2802 3.398529094 0.05296225071 0.5
2796 2800 0 0 0.5
2797 2798 0 0 0.5
2797 2799 0 0 0.5
2798 2800 0 0 0.5
2799 2800 0 0 0.5
2800 2802 0 0 0.5
2802 2805 3.398529094 0.05296225071 0.5
2802 2810 0 0 0.5
2802 2813 3.422718218 0.05454356057 0.5
2803 2806 3.328062499 0.05454356057 0.5
2803 2808 2.979093822 0.02291287847 0.5
2803 2809 2.979093822 0.02291287847 0.5
2803 2814 3.422718218 0.05454356057 0.5
2804 2807 0 0 0.5
2804 2813 3.422718218 0.05454356057 0.5
2805 2812 3.398529094 0.05296225071 0.5
2806 2810 0 0 0.5
2807 2808 0 0 0.5
2807 2809 0 0 0.5
2808 2810 0 0 0.5
2809 2810 0 0 0.5
2810 2812 0 0 0.5
2812 2815 3.398529094 0.05296225071 0.5
2812 2820 0 0 0.5
2813 2816 3.328062499 0.05454356057 0.5
2813 2818 2.979093822 0.02291287847 0.5
2813 2819 2.979093822 0.02291287847 0.5
2814 2817 0 0 0.5
2816 2820 0 0 0.5
2817 2818 0 0 0.5
2817 2819 0 0 0.5
2818 2820 0 0 0.5
2819 2820 0 0 0.5
2822 2825 3.398529094 0.05296225071 0.5
2822 2830 0 0 0.5
2822 2833 3.422718218 0.05454356057 0.5
2822 2845 3.398529094 0.05296225071 0.5
2822 2850 0 0 0.5
2823 2826 3.328062499 0.05454356057 0.5
2823 2828 2.979093822 0.02291287847 0.5
2823 2829 2.979093822 0.02291287847 0.5
2823 2834 3.422718218 0.05454356057 0.5
2823 2842 3.422718218 0.05454356057 0.5
2823 2844 3.422718218 0.05454356057 0.5
2824 2827 0 0 0.5
2824 2833 3.422718218 0.05454356057 0.5
2824 2843 3.422718218 0.05454356057 0.5
2825 2832 3.398529094 0.05296225071 0.5
2826 2830 0 0 0.5
2827 2828 0 0 0.5
2827 2829 0 0 0.5
2828 2830 0 0 0.5
2829 2830 0 0 0.5
2830 2832 0 0 0.5
2832 2835 3.398529094 0.05296225071 0.5
2832 2840 0 0 0.5
2832 2843 3.422718218 0.05454356057 0.5
2833 2836 3.328062499 0.05454356057 0.5
2833 2838 2.979093822 0.02291287847 0.5
2833 2839 2.979093822 0.02291287847 0.5
2833 2844 3.422718218 0.05454356057 0.5
2834 2837 0 0 0.5
2834 2843 3.422718218 0.05454356057 0.5
2835 2842 3.398529094 0.05296225071 0.5
2836 2840 0 0 0.5
2837 2838 0 0 0.5
2837 2839 0 0 0.5
2838 2840 0 0 0.5
2839 2840 0 0 0.5
2840 2842 0 0 0.5
2842 2845 3.398529094 0.05296225071 0.5
2842 2850 0 0 0.5
2843 2846 3.328062499 0.05454356057 0.5
2843 2848 2.979093822 0.02291287847 0.5
2843 2849 2.979093822 0.02291287847 0.5
2844 2847 0 0 0.5
2846 2850 0 0 0.5
2847 2848 0 0 0.5
2847 2849 0 0 0.5
2848 2850 0 0 0.5
2849 2850 0 0 0.5
2852 2855 3.398529094 0.05296225071 0.5
2852 2860 0 0 0.5
2852 2863 3.422718218 0.05454356057 0.5
2852 2875 3.398529094 0.05296225071 0.5
2852 2880 0 0 0.5
2853 2856 3.328062499 0.05454356057 0.5
2853 2858 2.979093822 0.02291287847 0.5
2853 2859 2.979093822 0.02291287847 0.5
2853 2864 3.422718218 0.05454356057 0.5
2853 2872 3.422718218 0.05454356057 0.5
2853 2874 3.422718218 0.05454356057 0.5
2854 2857 0 0 0.5
2854 2863 3.422718218 0.05454356057 0.5
2854 2873 3.422718218 0.05454356057 0.5
2855 2862 3.398529094 0.05296225071 0.5
2856 2860 0 0 0.5
2857 2858 0 0 0.5
2857 2859 0 0 0.5
2858 2860 0 0 0.5
2859 2860 0 0 0.5
2860 2862 0 0 0.5
2862 2865 3.398529094 0.05296225071 0.5
2862 2870 0 0 0.5
2862 2873 3.422718218 0.05454356057 0.5
2863 2866 3.328062499 0.05454356057 0.5
2863 2868 2.979093822 0.02291287847 0.5
2863 2869 2.979093822 0.02291287847 0.5
2863 2874 3.422718218 0.05454356057 0.5
2864 2867 0 0 0.5
2864 2873 3.422718218 0.05454356057 0.5
2865 2872 3.398529094 0.05296225071 0.5
2866 2870 0 0 0.5
2867 2868 0 0 0.5
2867 2869 0 0 0.5
2868 2870 0 0 0.5
2869 2870 0 0 0.5
2870 2872 0 0 0.5
2872 2875 3.398529094 0.05296225071 0.5
2872 2880 0 0 0.5
2873 2876 3.328062499 0.05454356057 0.5
2873 2878 2.979093822 0.02291287847 0.5
2873 2879 2.979093822 0.02291287847 0.5
2874 2877 0 0 0.5
2876 2880 0 0 0.5
2877 2878 0 0 0.5
2877 2879 0 0 0.5
2878 2880 0 0 0.5
2879 2880 0 0 0.5
2882 2885 3.398529094 0.05296225071 0.5
2882 2890 0 0 0.5
2882 2893 3.422718218 0.05454356057 0.5
2882 2905 3.398529094 0.05296225071 0.5
2882 2910 0 0 0.5
2883 2886 3.328062499 0.05454356057 0.5
2883 2888 2.979093822 0.02291287847 0.5
2883 2889 2.979093822 0.02291287847 0.5
2883 2894 3.422718218 0.05454356057 0.5
2883 2902 3.422718218 0.05454356057 0.5
2883 2904 3.422718218 0.05454356057 0.5
2884 2887 0 0 0.5
2884 2893 3.422718218 0.05454356057 0.5
2884 2903 3.422718218 0.05454356057 0.5
2885 2892 3.398529094 0.05296225071 0.5
2886 2890 0 0 0.5
2887 2888 0 0 0.5
2887 2889 0 0 0.5
2888 2890 0 0 0.5
2889 2890 0 0 0.5
2890 2892 0 0 0.5
2892 2895 3.398529094 0.05296225071 0.5
2892 2900 0 0 0.5
2892 2903 3.422718218 0.05454356057 0.5
2893 2896 3.328062499 0.05454356057 0.5
2893 2898 2.979093822 0.02291287847 0.5
2893 2899 2.979093822 0.02291287847 0.5
2893 2904 3.422718218 0.05454356057 0.5
2894 2897 0 0 0.5
2894 2903 3.422718218 0.05454356057 0.5
2895 2902 3.398529094 0.05296225071 0.5
2896 2900 0 0 0.5
2897 2898 0 0 0.5
2897 2899 0 0 0.5
2898 2900 0 0 0.5
2899 2900 0 0 0.5
2900 2902 0 0 0.5
2902 2905 3.398529094 0.05296225071 0.5
2902 2910 0 0 0.5
2903 2906 3.328062499 0.05454356057 0.5
2903 2908 2.979093822 0.02291287847 0.5
2903 2909 2.979093822 0.02291287847 0.5
2904 2907 0 0 0.5
2906 2910 0 0 0.5
2907 2908 0 0 0.5
2907 2909 0 0 0.5
2908 2910 0 0 0.5
2909 2910 0 0 0.5
2912 2915 3.398529094 0.05296225071 0.5
2912 2920 0 0 0.5
2912 2923 3.422718218 0.05454356057 0.5
2912 2935 3.398529094 0.05296225071 0.5
2912 2940 0 0 0.5
2913 2916 3.328062499 0.05454356057 0.5
2913 2918 2.979093822 0.02291287847 0.5
2913 2919 2.979093822 0.02291287847 0.5
2913 2924 3.422718218 0.05454356057 0.5
2913 2932 3.422718218 0.05454356057 0.5
2913 2934 3.422718218 0.05454356057 0.5
2914 2917 0 0 0.5
2914 2923 3.422718218 0.05454356057 0.5
2914 2933 3.422718218 0.05454356057 0.5
2915 2922 3.398529094 0.05296225071 0.5
2916 2920 0 0 0.5
2917 2918 0 0 0.5
2917 2919 0 0 0.5
2918 2920 0 0 0.5
2919 2920 0 0 0.5
2920 2922 0 0 0.5
2922 2925 3.398529094 0.05296225071 0.5
2922 2930 0 0 0.5
2922 2933 3.422718218 0.05454356057 0.5
2923 2926 3.328062499 0.05454356057 0.5
2923 2928 2.979093822 0.02291287847 0.5
2923 2929 2.979093822 0.02291287847 0.5
2923 2934 3.422718218 0.05454356057 0.5
2924 2927 0 0 0.5
2924 2933 3.422718218 0.05454356057 0.5
2925 2932 3.398529094 0.05296225071 0.5
2926 2930 0 0 0.5
2927 2928 0 0 0.5
2927 2929 0 0 0.5
2928 2930 0 0 0.5
2929 2930 0 0 0.5
2930 2932 0 0 0.5
2932 2935 3.398529094 0.05296225071 0.5
2932 2940 0 0 0.5
2933 2936 3.328062499 0.05454356057 0.5
2933 2938 2.979093822 0.02291287847 0.5
2933 2939 2.979093822 0.02291287847 0.5
2934 2937 0 0 0.5
2936 2940 0 0 0.5
2937 2938 0 0 0.5
2937 2939 0 0 0.5
2938 2940 0 0 0.5
2939 2940 0 0 0.5
2942 2945 3.398529094 0.05296225071 0.5
2942 2950 0 0 0.5
2942 2953 3.422718218 0.05454356057 0.5
2942 2965 3.398529094 0.05296225071 0.5
2942 2970 0 0 0.5
2943 2946 3.328062499 0.05454356057 0.5
2943 2948 2.979093822 0.02291287847 0.5
2943 2949 2.979093822 0.02291287847 0.5
2943 2954 3.422718218 0.05454356057 0.5
2943 2962 3.422718218 0.05454356057 0.5
2943 2964 3.422718218 0.05454356057 0.5
2944 2947 0 0 0.5
2944 2953 3.422718218 0.05454356057 0.5
2944 2963 3.422718218 0.05454356057 0.5
2945 2952 3.398529094 0.05296225071 0.5
2946 2950 0 0 0.5
2947 2948 0 0 0.5
2947 2949 0 0 0.5
2948 2950 0 0 0.5
2949 2950 0 0 0.5
2950 2952 0 0 0.5
2952 2955 3.398529094 0.05296225071 0.5
2952 2960 0 0 0.5
2952 2963 3.422718218 0.05454356057 0.5
2953 2956 3.328062499 0.05454356057 0.5
2953 2958 2.979093822 0.02291287847 0.5
2953 2959 2.979093822 0.02291287847 0.5
2953 2964 3.422718218 0.05454356057 0.5
2954 2957 0 0 0.5
2954 2963 3.422718218 0.05454356057 0.5
2955 2962 3.398529094 0.05296225071 0.5
2956 2960 0 0 0.5
2957 2958 0 0 0.5
2957 2959 0 0 0.5
2958 2960 0 0 0.5
2959 2960 0 0 0.5
2960 2962 0 0 0.5
2962 2965 3.398529094 0.05296225071 0.5
2962 2970 0 0 0.5
2963 2966 3.328062499 0.05454356057 0.5
2963 2968 2.979093822 0.02291287847 0.5
2963 2969 2.979093822 0.02291287847 0.5
2964 2967 0 0 0.5
2966 2970 0 0 0.5
2967 2968 0 0 0.5
2967 2969 0 0 0.5
2968 2970 0 0 0.5
2969 2970 0 0 0.5
2972 2975 3.398529094 0.05296225071 0.5
2972 2980 0 0 0.5
2972 2983 3.422718218 0.05454356057 0.5
2972 2995 3.398529094 0.05296225071 0.5
2972 3000 0 0 0.5
2973 2976 3.328062499 0.05454356057 0.5
2973 2978 2.979093822 0.02291287847 0.5
2973 2979 2.979093822 0.02291287847 0.5
2973 2984 3.422718218 0.05454356057 0.5
2973 2992 3.422718218 0.05454356057 0.5
2973 2994 3.422718218 0.05454356057 0.5
2974 2977 0 0 0.5
2974 2983 3.422718218 0.05454356057 0.5
2974 2993 3.422718218 0.05454356057 0.5
2975 2982 3.398529094 0.05296225071 0.5
2976 2980 0 0 0.5
2977 2978 0 0 0.5
2977 2979 0 0 0.5
2978 2980 0 0 0.5
2979 2980 0 0 0.5
2980 2982 0 0 0.5
2982 2985 3.398529094 0.05296225071 0.5
2982 2990 0 0 0.5
2982 2993 3.422718218 0.05454356057 0.5
2983 2986 3.328062499 0.05454356057 0.5
2983 2988 2.979093822 0.02291287847 0.5
2983 2989 2.979093822 0.02291287847 0.5
2983 2994 3.422718218 0.05454356057 0.5
2984 2987 0 0 0.5
2984 2993 3.422718218 0.05454356057 0.5
2985 2992 3.398529094 0.05296225071 0.5
2986 2990 0 0 0.5
2987 2988 0 0 0.5
2987 2989 0 0 0.5
2988 2990 0 0 0.5
2989 2990 0 0 0.5
2990 2992 0 0 0.5
2992 2995 3.398529094 0.05296225071 0.5
2992 3000 0 0 0.5
2993 2996 3.328062499 0.05454356057 0.5
2993 2998 2.979093822 0.02291287847 0.5
2993 2999 2.979093822 0.02291287847 0.5
2994 2997 0 0 0.5
2996 3000 0 0 0.5
2997 2998 0 0 0.5
2997 2999 0 0 0.5
2998 3000 0 0 0.5
2999 3000 0 0 0.5
3002 3005 3.398529094 0.05296225071 0.5
3002 3010 0 0 0.5
3002 3013 3.422718218 0.05454356057 0.5
3002 3025 3.398529094 0.05296225071 0.5
3002 3030 0 0 0.5
3003 3006 3.328062499 0.05454356057 0.5
3003 3008 2.979093822 0.02291287847 0.5
3003 3009 2.979093822 0.02291287847 0.5
3003 3014 3.422718218 0.05454356057 0.5
3003 3022 3.422718218 0.05454356057 0.5
3003 3024 3.422718218 0.05454356057 0.5
3004 3007 0 0 0.5
3004 3013 3.422718218 0.05454356057 0.5
3004 3023 3.422718218 0.05454356057 0.5
3005 3012 3.398529094 0.05296225071 0.5
3006 3010 0 0 0.5
3007 3008 0 0 0.5
3007 3009 0 0 0.5
3008 3010 0 0 0.5
3009 3010 0 0 0.5
3010 3012 0 0 0.5
3012 3015 3.398529094 0.05296225071 0.5
3012 3020 0 0 0.5
3012 3023 3.422718218 0.05454356057 0.5
3013 3016 3.328062499 0.05454356057 0.5
3013 3018 2.979093822 0.02291287847 0.5
3013 3019 2.979093822 0.02291287847 0.5
3013 3024 3.422718218 0.05454356057 0.5
3014 3017 0 0 0.5
3014 3023 3.422718218 0.05454356057 0.5
3015 3022 3.398529094 0.05296225071 0.5
3016 3020 0 0 0.5
3017 3018 0 0 0.5
3017 3019 0 0 0.5
3018 3020 0 0 0.5
3019 3020 0 0 0.5
3020 3022 0 0 0.5
3022 3025 3.398529094 0.05296225071 0.5
3022 3030 0 0 0.5
3023 3026 3.328062499 0.05454356057 0.5
3023 3028 2.979093822 0.02291287847 0.5
3023 3029 2.979093822 0.02291287847 0.5
3024 3027 0 0 0.5
3026 3030 0 0 0.5
3027 3028 0 0 0.5
3027 3029 0 0 0.5
3028 3030 0 0 0.5
3029 3030 0 0 0.5
3032 3035 3.398529094 0.05296225071 0.5
3032 3040 0 0 0.5
3032 3043 3.422718218 0.05454356057 0.5
3032 3055 3.398529094 0.05296225071 0.5
3032 3060 0 0 0.5
3033 3036 3.328062499 0.05454356057 0.5
3033 3038 2.979093822 0.02291287847 0.5
3033 3039 2.979093822 0.02291287847 0.5
3033 3044 3.422718218 0.05454356057 0.5
3033 3052 3.422718218 0.05454356057 0.5
3033 3054 3.422718218 0.05454356057 0.5
3034 3037 0 0 0.5
3034 3043 3.422718218 0.05454356057 0.5
3034 3053 3.422718218 0.05454356057 0.5
3035 3042 3.398529094 0.05296225071 0.5
3036 3040 0 0 0.5
3037 3038 0 0 0.5
3037 3039 0 0 0.5
3038 3040 0 0 0.5
3039 3040 0 0 0.5
3040 3042 0 0 0.5
3042 3045 3.398529094 0.05296225071 0.5
3042 3050 0 0 0.5
3042 3053 3.422718218 0.05454356057 0.5
3043 3046 3.328062499 0.05454356057 0.5
3043 3048 2.979093822 0.02291287847 0.5
3043 3049 2.979093822 0.02291287847 0.5
3043 3054 3.422718218 0.05454356057 0.5
3044 3047 0 0 0.5
3044 3053 3.422718218 0.05454356057 0.5
3045 3052 3.398529094 0.05296225071 0.5
3046 3050 0 0 0.5
3047 3048 0 0 0.5
3047 3049 0 0 0.5
3048 3050 0 0 0.5
3049 3050 0 0 0.5
3050 3052 0 0 0.5
3052 3055 3.398529094 0.05296225071 0.5
3052 3060 0 0 0.5
3053 3056 3.328062499 0.05454356057 0.5
3053 3058 2.979093822 0.02291287847 0.5
3053 3059 2.979093822 0.02291287847 0.5
3054 3057 0 0 0.5
3056 3060 0 0 0.5
3057 3058 0 0 0.5
3057 3059 0 0 0.5
3058 3060 0 0 0.5
3059 3060 0 0 0.5
3062 3065 3.398529094 0.05296225071 0.5
3062 3070 0 0 0.5
3062 3073 3.422718218 0.05454356057 0.5
3062 3085 3.398529094 0.05296225071 0.5
3062 3090 0 0 0.5
3063 3066 3.328062499 0.05454356057 0.5
3063 3068 2.979093822 0.02291287847 0.5
3063 3069 2.979093822 0.02291287847 0.5
3063 3074 3.422718218 0.05454356057 0.5
3063 3082 3.422718218 0.05454356057 0.5
3063 3084 3.422718218 0.05454356057 0.5
3064 3067 0 0 0.5
3064 3073 3.422718218 0.05454356057 0.5
3064 3083 3.422718218 0.05454356057 0.5
3065 3072 3.398529094 0.05296225071 0.5
3066 3070 0 0 0.5
3067 3068 0 0 0.5
3067 3069 0 0 0.5
3068 3070 0 0 0.5
3069 3070 0 0 0.5
3070 3072 0 0 0.5
3072 3075 3.398529094 0.05296225071 0.5
3072 3080 0 0 0.5
3072 3083 3.422718218 0.05454356057 0.5
3073 3076 3.328062499 0.05454356057 0.5
3073 3078 2.979093822 0.02291287847 0.5
3073 3079 2.979093822 0.02291287847 0.5
3073 3084 3.422718218 0.05454356057 0.5
3074 3077 0 0 0.5
3074 3083 3.422718218 0.05454356057 0.5
3075 3082 3.398529094 0.05296225071 0.5
3076 3080 0 0 0.5
3077 3078 0 0 0.5
3077 3079 0 0 0.5
3078 3080 0 0 0.5
3079 3080 0 0 0.5
3080 3082 0 0 0.5
3082 3085 3.398529094 0.05296225071 0.5
3082 3090 0 0 0.5
3083 3086 3.328062499 0.05454356057 0.5
3083 3088 2.979093822 0.02291287847 0.5
3083 3089 2.979093822 0.02291287847 0.5
3084 3087 0 0 0.5
3086 3090 0 0 0.5
3087 3088 0 0 0.5
3087 3089 0 0 0.5
3088 3090 0 0 0.5
3089 3090 0 0 0.5
3092 3095 3.398529094 0.05296225071 0.5
3092 3100 0 0 0.5
3092 3103 3.422718218 0.05454356057 0.5
3092 3115 3.398529094 0.05296225071 0.5
3092 3120 0 0 0.5
3093 3096 3.328062499 0.05454356057 0.5
3093 3098 2.979093822 0.02291287847 0.5
3093 3099 2.979093822 0.02291287847 0.5
3093 3104 3.422718218 0.05454356057 0.5
3093 3112 3.422718218 0.05454356057 0.5
3093 3114 3.422718218 0.05454356057 0.5
3094 3097 0 0 0.5
3094 3103 3.422718218 0.05454356057 0.5
3094 3113 3.422718218 0.05454356057 0.5
3095 3102 3.398529094 0.05296225071 0.5
3096 3100 0 0 0.5
3097 3098 0 0 0.5
3097 3099 0 0 0.5
3098 3100 0 0 0.5
3099 3100 0 0 0.5
3100 3102 0 0 0.5
3102 3105 3.398529094 0.05296225071 0.5
3102 3110 0 0 0.5
3102 3113 3.422718218 0.05454356057 0.5
3103 3106 3.328062499 0.05454356057 0.5
3103 3108 2.979093822 0.02291287847 0.5
3103 3109 2.979093822 0.02291287847 0.5
3103 3114 3.422718218 0.05454356057 0.5
3104 3107 0 0 0.5
3104 3113 3.422718218 0.05454356057 0.5
3105 3112 3.398529094 0.05296225071 0.5
3106 3110 0 0 0.5
3107 3108 0 0 0.5
3107 3109 0 0 0.5
3108 3110 0 0 0.5
3109 3110 0 0 0.5
3110 3112 0 0 0.5
3112 3115 3.398529094 0.05296225071 0.5
3112 3120 0 0 0.5
3113 3116 3.328062499 0.05454356057 0.5
3113 3118 2.979093822 0.02291287847 0.5
3113 3119 2.979093822 0.02291287847 0.5
3114 3117 0 0 0.5
3116 3120 0 0 0.5
3117 3118 0 0 0.5
3117 3119 0 0 0.5
3118 3120 0 0 0.5
3119 3120 0 0 0.5
3122 3125 3.398529094 0.05296225071 0.5
3122 3130 0 0 0.5
3122 3133 3.422718218 0.05454356057 0.5
3122 3145 3.398529094 0.05296225071 0.5
3122 3150 0 0 0.5
3123 3126 3.328062499 0.05454356057 0.5
3123 3128 2.979093822 0.02291287847 0.5
3123 3129 2.979093822 0.02291287847 0.5
3123 3134 3.422718218 0.05454356057 0.5
3123 3142 3.422718218 0.05454356057 0.5
3123 3144 3.422718218 0.05454356057 0.5
3124 3127 0 0 0.5
3124 3133 3.422718218 0.05454356057 0.5
3124 3143 3.422718218 0.05454356057 0.5
3125 3132 3.398529094 0.05296225071 0.5
3126 3130 0 0 0.5
3127 3128 0 0 0.5
3127 3129 0 0 0.5
3128 3130 0 0 0.5
3129 3130 0 0 0.5
3130 3132 0 0 0.5
3132 3135 3.398529094 0.05296225071 0.5
3132 3140 0 0 0.5
3132 3143 3.422718218 0.05454356057 0.5
3133 3136 3.328062499 0.05454356057 0.5
3133 3138 2.979093822 0.02291287847 0.5
3133 3139 2.979093822 0.02291287847 0.5
3133 3144 3.422718218 0.05454356057 0.5
3134 3137 0 0 0.5
3134 3143 3.422718218 0.05454356057 0.5
3135 3142 3.398529094 0.05296225071 0.5
3136 3140 0 0 0.5
3137 3138 0 0 0.5
3137 3139 0 0 0.5
3138 3140 0 0 0.5
3139 3140 0 0 0.5
3140 3142 0 0 0.5
3142 3145 3.398529094 0.05296225071 0.5
3142 3150 0 0 0.5
3143 3146 3.328062499 0.05454356057 0.5
3143 3148 2.979093822 0.02291287847 0.5
3143 3149 2.979093822 0.02291287847 0.5
3144 3147 0 0 0.5
3146 3150 0 0 0.5
3147 3148 0 0 0.5
3147 3149 0 0 0.5
3148 3150 0 0 0.5
3149 3150 0 0 0.5
3152 3155 3.398529094 0.05296225071 0.5
3152 3160 0 0 0.5
3152 3163 3.422718218 0.05454356057 0.5
3152 3175 3.398529094 0.05296225071 0.5
3152 3180 0 0 0.5
3153 3156 3.328062499 0.05454356057 0.5
3153 3158 2.979093822 0.02291287847 0.5
3153 3159 2.979093822 0.02291287847 0.5
3153 3164 3.422718218 0.05454356057 0.5
3153 3172 3.422718218 0.05454356057 0.5
3153 3174 3.422718218 0.05454356057 0.5
3154 3157 0 0 0.5
3154 3163 3.422718218 0.05454356057 0.5
3154 3173 3.422718218 0.05454356057 0.5
3155 3162 3.398529094 0.05296225071 0.5
3156 3160 0 0 0.5
3157 3158 0 0 0.5
3157 3159 0 0 0.5
3158 3160 0 0 0.5
3159 3160 0 0 0.5
3160 3162 0 0 0.5
3162 3165 3.398529094 0.05296225071 0.5
3162 3170 0 0 0.5
3162 3173 3.422718218 0.05454356057 0.5
3163 3166 3.328062499 0.05454356057 0.5
3163 3168 2.979093822 0.02291287847 0.5
3163 3169 2.979093822 0.02291287847 0.5
3163 3174 3.422718218 0.05454356057 0.5
3164 3167 0 0 0.5
3164 3173 3.422718218 0.05454356057 0.5
3165 3172 3.398529094 0.05296225071 0.5
3166 3170 0 0 0.5
3167 3168 0 0 0.5
3167 3169 0 0 0.5
3168 3170 0 0 0.5
3169 3170 0 0 0.5
3170 3172 0 0 0.5
3172 3175 3.398529094 0.05296225071 0.5
3172 3180 0 0 0.5
3173 3176 3.328062499 0.05454356057 0.5
3173 3178 2.979093822 0.02291287847 0.5
3173 3179 2.979093822 0.02291287847 0.5
3174 3177 0 0 0.5
3176 3180 0 0 0.5
3177 3178 0 0 0.5
3177 3179 0 0 0.5
3178 3180 0 0 0.5
3179 3180 0 0 0.5
3182 3185 3.398529094 0.05296225071 0.5
3182 3190 0 0 0.5
3182 3193 3.422718218 0.05454356057 0.5
3182 3205 3.398529094 0.05296225071 0.5
3182 3210 0 0 0.5
3183 3186 3.328062499 0.05454356057 0.5
3183 3188 2.979093822 0.02291287847 0.5
3183 3189 2.979093822 0.02291287847 0.5
3183 3194 3.422718218 0.05454356057 0.5
3183 3202 3.422718218 0.05454356057 0.5
3183 3204 3.422718218 0.05454356057 0.5
3184 3187 0 0 0.5
3184 3193 3.422718218 0.05454356057 0.5
3184 3203 3.422718218 0.05454356057 0.5
3185 3192 3.398529094 0.05296225071 0.5
3186 3190 0 0 0.5
3187 3188 0 0 0.5
3187 3189 0 0 0.5
3188 3190 0 0 0.5
3189 3190 0 0 0.5
3190 3192 0 0 0.5
3192 3195 3.398529094 0.05296225071 0.5
3192 3200 0 0 0.5
3192 3203 3.422718218 0.05454356057 0.5
3193 3196 3.328062499 0.05454356057 0.5
3193 3198 2.979093822 0.02291287847 0.5
3193 3199 2.979093822 0.02291287847 0.5
3193 3204 3.422718218 0.05454356057 0.5
3194 3197 0 0 0.5
3194 3203 3.422718218 0.05454356057 0.5
3195 3202 3.398529094 0.05296225071 0.5
3196 3200 0 0 0.5
3197 3198 0 0 0.5
3197 3199 0 0 0.5
3198 3200 0 0 0.5
3199 3200 0 0 0.5
3200 3202 0 0 0.5
3202 3205 3.398529094 0.05296225071 0.5
3202 3210 0 0 0.5
3203 3206 3.328062499 0.05454356057 0.5
3203 3208 2.979093822 0.02291287847 0.5
3203 3209 2.979093822 0.02291287847 0.5
3204 3207 0 0 0.5
3206 3210 0 0 0.5
3207 3208 0 0 0.5
3207 3209 0 0 0.5
3208 3210 0 0 0.5
3209 3210 0 0 0.5
3212 3215 3.398529094 0.05296225071 0.5
3212 3220 0 0 0.5
3212 3223 3.422718218 0.05454356057 0.5
3212 3235 3.398529094 0.05296225071 0.5
3212 3240 0 0 0.5
3213 3216 3.328062499 0.05454356057 0.5
3213 3218 2.979093822 0.02291287847 0.5
3213 3219 2.979093822 0.02291287847 0.5
3213 3224 3.422718218 0.05454356057 0.5
3213 3232 3.422718218 0.05454356057 0.5
3213 3234 3.422718218 0.05454356057 0.5
3214 3217 0 0 0.5
3214 3223 3.422718218 0.05454356057 0.5
3214 3233 3.422718218 0.05454356057 0.5
3215 3222 3.398529094 0.05296225071 0.5
3216 3220 0 0 0.5
3217 3218 0 0 0.5
3217 3219 0 0 0.5
3218 3220 0 0 0.5
3219 3220 0 0 0.5
3220 3222 0 0 0.5
3222 3225 3.398529094 0.05296225071 0.5
3222 3230 0 0 0.5
3222 3233 3.422718218 0.05454356057 0.5
3223 3226 3.328062499 0.05454356057 0.5
3223 3228 2.979093822 0.02291287847 0.5
3223 3229 2.979093822 0.02291287847 0.5
3223 3234 3.422718218 0.05454356057 0.5
3224 3227 0 0 0.5
3224 3233 3.422718218 0.05454356057 0.5
3225 3232 3.398529094 0.05296225071 0.5
3226 3230 0 0 0.5
3227 3228 0 0 0.5
3227 3229 0 0 0.5
3228 3230 0 0 0.5
3229 3230 0 0 0.5
3230 3232 0 0 0.5
3232 3235 3.398529094 0.05296225071 0.5
3232 3240 0 0 0.5
3233 3236 3.328062499 0.05454356057 0.5
3233 3238 2.979093822 0.02291287847 0.5
3233 3239 2.979093822 0.02291287847 0.5
3234 3237 0 0 0.5
3236 3240 0 0 0.5
3237 3238 0 0 0.5
3237 3239 0 0 0.5
3238 3240 0 0 0.5
3239 3240 0 0 0.5
3242 3245 3.398529094 0.05296225071 0.5
3242 3250 0 0 0.5
3242 3253 3.422718218 0.05454356057 0.5
3242 3265 3.398529094 0.05296225071 0.5
3242 3270 0 0 0.5
3243 3246 3.328062499 0.05454356057 0.5
3243 3248 2.979093822 0.02291287847 0.5
3243 3249 2.979093822 0.02291287847 0.5
3243 3254 3.422718218 0.05454356057 0.5
3243 3262 3.422718218 0.05454356057 0.5
3243 3264 3.422718218 0.05454356057 0.5
3244 3247 0 0 0.5
3244 3253 3.422718218 0.05454356057 0.5
3244 3263 3.422718218 0.05454356057 0.5
3245 3252 3.398529094 0.05296225071 0.5
3246 3250 0 0 0.5
3247 3248 0 0 0.5
3247 3249 0 0 0.5
3248 3250 0 0 0.5
3249 3250 0 0 0.5
3250 3252 0 0 0.5
3252 3255 3.398529094 0.05296225071 0.5
3252 3260 0 0 0.5
3252 3263 3.422718218 0.05454356057 0.5
3253 3256 3.328062499 0.05454356057 0.5
3253 3258 2.979093822 0.02291287847 0.5
3253 3259 2.979093822 0.02291287847 0.5
3253 3264 3.422718218 0.05454356057 0.5
3254 3257 0 0 0.5
3254 3263 3.422718218 0.05454356057 0.5
3255 3262 3.398529094 0.05296225071 0.5
3256 3260 0 0 0.5
3257 3258 0 0 0.5
3257 3259 0 0 0.5
3258 3260 0 0 0.5
3259 3260 0 0 0.5
3260 3262 0 0 0.5
3262 3265 3.398529094 0.05296225071 0.5
3262 3270 0 0 0.5
3263 3266 3.328062499 0.05454356057 0.5
3263 3268 2.979093822 0.02291287847 0.5
3263 3269 2.979093822 0.02291287847 0.5
3264 3267 0 0 0.5
3266 3270 0 0 0.5
3267 3268 0 0 0.5
3267 3269 0 0 0.5
3268 3270 0 0 0.5
3269 3270 0 0 0.5
3272 3275 3.398529094 0.05296225071 0.5
3272 3280 0 0 0.5
3272 3283 3.422718218 0.05454356057 0.5
3272 3295 3.398529094 0.05296225071 0.5
3272 3300 0 0 0.5
3273 3276 3.328062499 0.05454356057 0.5
3273 3278 2.979093822 0.02291287847 0.5
3273 3279 2.979093822 0.02291287847 0.5
3273 3284 3.422718218 0.05454356057 0.5
3273 3292 3.422718218 0.05454356057 0.5
3273 3294 3.422718218 0.05454356057 0.5
3274 3277 0 0 0.5
3274 3283 3.422718218 0.05454356057 0.5
3274 3293 3.422718218 0.05454356057 0.5
3275 3282 3.398529094 0.05296225071 0.5
3276 3280 0 0 0.5
3277 3278 0 0 0.5
3277 3279 0 0 0.5
3278 3280 0 0 0.5
3279 3280 0 0 0.5
3280 3282 0 0 0.5
3282 3285 3.398529094 0.05296225071 0.5
3282 3290 0 0 0.5
3282 3293 3.422718218 0.05454356057 0.5
3283 3286 3.328062499 0.05454356057 0.5
3283 3288 2.979093822 0.02291287847 0.5
3283 3289 2.979093822 0.02291287847 0.5
3283 3294 3.422718218 0.05454356057 0.5
3284 3287 0 0 0.5
3284 3293 3.422718218 0.05454356057 0.5
3285 3292 3.398529094 0.05296225071 0.5
3286 3290 0 0 0.5
3287 3288 0 0 0.5
3287 3289 0 0 0.5
3288 3290 0 0 0.5
3289 3290 0 0 0.5
3290 3292 0 0 0.5
3292 3295 3.398529094 0.05296225071 0.5
3292 3300 0 0 0.5
3293 3296 3.328062499 0.05454356057 0.5
3293 3298 2.979093822 0.02291287847 0.5
3293 3299 2.979093822 0.02291287847 0.5
3294 3297 0 0 0.5
3296 3300 0 0 0.5
3297 3298 0 0 0.5
3297 3299 0 0 0.5
3298 3300 0 0 0.5
3299 3300 0 0 0.5
3302 3305 3.398529094 0.05296225071 0.5
3302 3310 0 0 0.5
3302 3313 3.422718218 0.05454356057 0.5
3302 3325 3.398529094 0.05296225071 0.5
3302 3330 0 0 0.5
3303 3306 3.328062499 0.05454356057 0.5
3303 3308 2.979093822 0.02291287847 0.5
3303 3309 2.979093822 0.02291287847 0.5
3303 3314 3.422718218 0.05454356057 0.5
3303 3322 3.422718218 0.05454356057 0.5
3303 3324 3.422718218 0.05454356057 0.5
3304 3307 0 0 0.5
3304 3313 3.422718218 0.05454356057 0.5
3304 3323 3.422718218 0.05454356057 0.5
3305 3312 3.398529094 0.05296225071 0.5
3306 3310 0 0 0.5
3307 3308 0 0 0.5
3307 3309 0 0 0.5
3308 3310 0 0 0.5
3309 3310 0 0 0.5
3310 3312 0 0 0.5
3312 3315 3.398529094 0.05296225071 0.5
3312 3320 0 0 0.5
3312 3323 3.422718218 0.05454356057 0.5
3313 3316 3.328062499 0.05454356057 0.5
3313 3318 2.979093822 0.02291287847 0.5
3313 3319 2.979093822 0.02291287847 0.5
3313 3324 3.422718218 0.05454356057 0.5
3314 3317 0 0 0.5
3314 3323 3.422718218 0.05454356057 0.5
3315 3322 3.398529094 0.05296225071 0.5
3316 3320 0 0 0.5
3317 3318 0 0 0.5
3317 3319 0 0 0.5
3318 3320 0 0 0.5
3319 3320 0 0 0.5
3320 3322 0 0 0.5
3322 3325 3.398529094 0.05296225071 0.5
3322 3330 0 0 0.5
3323 3326 3.328062499 0.05454356057 0.5
3323 3328 2.979093822 0.02291287847 0.5
3323 3329 2.979093822 0.02291287847 0.5
3324 3327 0 0 0.5
3326 3330 0 0 0.5
3327 3328 0 0 0.5
3327 3329 0 0 0.5
3328 3330 0 0 0.5
3329 3330 0 0 0.5
3332 3335 3.398529094 0.05296225071 0.5
3332 3340 0 0 0.5
3332 3343 3.422718218 0.05454356057 0.5
3332 3355 3.398529094 0.05296225071 0.5
3332 3360 0 0 0.5
3333 3336 3.328062499 0.05454356057 0.5
3333 3338 2.979093822 0.02291287847 0.5
3333 3339 2.979093822 0.02291287847 0.5
3333 3344 3.422718218 0.05454356057 0.5
3333 3352 3.422718218 0.05454356057 0.5
3333 3354 3.422718218 0.05454356057 0.5
3334 3337 0 0 0.5
3334 3343 3.422718218 0.05454356057 0.5
3334 3353 3.422718218 0.05454356057 0.5
3335 3342 3.398529094 0.05296225071 0.5
3336 3340 0 0 0.5
3337 3338 0 0 0.5
3337 3339 0 0 0.5
3338 3340 0 0 0.5
3339 3340 0 0 0.5
3340 3342 0 0 0.5
3342 3345 3.398529094 0.05296225071 0.5
3342 3350 0 0 0.5
3342 3353 3.422718218 0.05454356057 0.5
3343 3346 3.328062499 0.05454356057 0.5
3343 3348 2.979093822 0.02291287847 0.5
3343 3349 2.979093822 0.02291287847 0.5
3343 3354 3.422718218 0.05454356057 0.5
3344 3347 0 0 0.5
3344 3353 3.422718218 0.05454356057 0.5
3345 3352 3.398529094 0.05296225071 0.5
3346 3350 0 0 0.5
3347 3348 0 0 0.5
3347 3349 0 0 0.5
3348 3350 0 0 0.5
3349 3350 0 0 0.5
3350 3352 0 0 0.5
3352 3355 3.398529094 0.05296225071 0.5
3352 3360 0 0 0.5
3353 3356 3.328062499 0.05454356057 0.5
3353 3358 2.979093822 0.02291287847 0.5
3353 3359 2.979093822 0.02291287847 0.5
3354 3357 0 0 0.5
3356 3360 0 0 0.5
3357 3358 0 0 0.5
3357 3359 0 0 0.5
3358 3360 0 0 0.5
3359 3360 0 0 0.5
3362 3365 3.398529094 0.05296225071 0.5
3362 3370 0 0 0.5
3362 3373 3.422718218 0.05454356057 0.5
3362 3385 3.398529094 0.05296225071 0.5
3362 3390 0 0 0.5
3363 3366 3.328062499 0.05454356057 0.5
3363 3368 2.979093822 0.02291287847 0.5
3363 3369 2.979093822 0.02291287847 0.5
3363 3374 3.422718218 0.05454356057 0.5
3363 3382 3.422718218 0.05454356057 0.5
3363 3384 3.422718218 0.05454356057 0.5
3364 3367 0 0 0.5
3364 3373 3.422718218 0.05454356057 0.5
3364 3383 3.422718218 0.05454356057 0.5
3365 3372 3.398529094 0.05296225071 0.5
3366 3370 0 0 0.5
3367 3368 0 0 0.5
3367 3369 0 0 0.5
3368 3370 0 0 0.5
3369 3370 0 0 0.5
3370 3372 0 0 0.5
3372 3375 3.398529094 0.05296225071 0.5
3372 3380 0 0 0.5
3372 3383 3.422718218 0.05454356057 0.5
3373 3376 3.328062499 0.05454356057 0.5
3373 3378 2.979093822 0.02291287847 0.5
3373 3379 2.979093822 0.02291287847 0.5
3373 3384 3.422718218 0.05454356057 0.5
3374 3377 0 0 0.5
3374 3383 3.422718218 0.05454356057 0.5
3375 3382 3.398529094 0.05296225071 0.5
3376 3380 0 0 0.5
3377 3378 0 0 0.5
3377 3379 0 0 0.5
3378 3380 0 0 0.5
3379 3380 0 0 0.5
3380 3382 0 0 0.5
3382 3385 3.398529094 0.05296225071 0.5
3382 3390 0 0 0.5
3383 3386 3.328062499 0.05454356057 0.5
3383 3388 2.979093822 0.02291287847 0.5
3383 3389 2.979093822 0.02291287847 0.5
3384 3387 0 0 0.5
3386 3390 0 0 0.5
3387 3388 0 0 0.5
3387 3389 0 0 0.5
3388 3390 0 0 0.5
3389 3390 0 0 0.5
3392 3395 3.398529094 0.05296225071 0.5
3392 3400 0 0 0.5
3392 3403 3.422718218 0.05454356057 0.5
3392 3415 3.398529094 0.05296225071 0.5
3392 3420 0 0 0.5
3393 3396 3.328062499 0.05454356057 0.5
3393 3398 2.979093822 0.02291287847 0.5
3393 3399 2.979093822 0.02291287847 0.5
3393 3404 3.422718218 0.05454356057 0.5
3393 3412 3.422718218 0.05454356057 0.5
3393 3414 3.422718218 0.05454356057 0.5
3394 3397 0 0 0.5
3394 3403 3.422718218 0.05454356057 0.5
3394 3413 3.422718218 0.05454356057 0.5
3395 3402 3.398529094 0.05296225071 0.5
3396 3400 0 0 0.5
3397 3398 0 0 0.5
3397 3399 0 0 0.5
3398 3400 0 0 0.5
3399 3400 0 0 0.5
3400 3402 0 0 0.5
3402 3405 3.398529094 0.05296225071 0.5
3402 3410 0 0 0.5
3402 3413 3.422718218 0.05454356057 0.5
3403 3406 3.328062499 0.05454356057 0.5
3403 3408 2.979093822 0.02291287847 0.5
3403 3409 2.979093822 0.02291287847 0.5
3403 3414 3.422718218 0.05454356057 0.5
3404 3407 0 0 0.5
3404 3413 3.422718218 0.05454356057 0.5
3405 3412 3.398529094 0.05296225071 0.5
3406 3410 0 0 0.5
3407 3408 0 0 0.5
3407 3409 0 0 0.5
3408 3410 0 0 0.5
3409 3410 0 0 0.5
3410 3412 0 0 0.5
3412 3415 3.398529094 0.05296225071 0.5
3412 3420 0 0 0.5
3413 3416 3.328062499 0.05454356057 0.5
3413 3418 2.979093822 0.02291287847 0.5
3413 3419 2.979093822 0.02291287847 0.5
3414 3417 0 0 0.5
3416 3420 0 0 0.5
3417 3418 0 0 0.5
3417 3419 0 0 0.5
3418 3420 0 0 0.5
3419 3420 0 0 0.5
3422 3425 3.398529094 0.05296225071 0.5
3422 3430 0 0 0.5
3422 3433 3.422718218 0.05454356057 0.5
3422 3445 3.398529094 0.05296225071 0.5
3422 3450 0 0 0.5
3423 3426 3.328062499 0.05454356057 0.5
3423 3428 2.979093822 0.02291287847 0.5
3423 3429 2.979093822 0.02291287847 0.5
3423 3434 3.422718218 0.05454356057 0.5
3423 3442 3.422718218 0.05454356057 0.5
3423 3444 3.422718218 0.05454356057 0.5
3424 3427 0 0 0.5
3424 3433 3.422718218 0.05454356057 0.5
3424 3443 3.422718218 0.05454356057 0.5
3425 3432 3.398529094 0.05296225071 0.5
3426 3430 0 0 0.5
3427 3428 0 0 0.5
3427 3429 0 0 0.5
3428 3430 0 0 0.5
3429 3430 0 0 0.5
3430 3432 0 0 0.5
3432 3435 3.398529094 0.05296225071 0.5
3432 3440 0 0 0.5
3432 3443 3.422718218 0.05454356057 0.5
3433 3436 3.328062499 0.05454356057 0.5
3433 3438 2.979093822 0.02291287847 0.5
3433 3439 2.979093822 0.02291287847 0.5
3433 3444 3.422718218 0.05454356057 0.5
3434 3437 0 0 0.5
3434 3443 3.422718218 0.05454356057 0.5
3435 3442 3.398529094 0.05296225071 0.5
3436 3440 0 0 0.5
3437 3438 0 0 0.5
3437 3439 0 0 0.5
3438 3440 0 0 0.5
3439 3440 0 0 0.5
3440 3442 0 0 0.5
3442 3445 3.398529094 0.05296225071 0.5
3442 3450 0 0 0.5
3443 3446 3.328062499 0.05454356057 0.5
3443 3448 2.979093822 0.02291287847 0.5
3443 3449 2.979093822 0.02291287847 0.5
3444 3447 0 0 0.5
3446 3450 0 0 0.5
3447 3448 0 0 0.5
3447 3449 0 0 0.5
3448 3450 0 0 0.5
3449 3450 0 0 0.5
3452 3455 3.398529094 0.05296225071 0.5
3452 3460 0 0 0.5
3452 3463 3.422718218 0.05454356057 0.5
3452 3475 3.398529094 0.05296225071 0.5
3452 3480 0 0 0.5
3453 3456 3.328062499 0.05454356057 0.5
3453 3458 2.979093822 0.02291287847 0.5
3453 3459 2.979093822 0.02291287847 0.5
3453 3464 3.422718218 0.05454356057 0.5
3453 3472 3.422718218 0.05454356057 0.5
3453 3474 3.422718218 0.05454356057 0.5
3454 3457 0 0 0.5
3454 3463 3.422718218 0.05454356057 0.5
3454 3473 3.422718218 0.05454356057 0.5
3455 3462 3.398529094 0.05296225071 0.5
3456 3460 0 0 0.5
3457 3458 0 0 0.5
3457 3459 0 0 0.5
3458 3460 0 0 0.5
3459 3460 0 0 0.5
3460 3462 0 0 0.5
3462 3465 3.398529094 0.05296225071 0.5
3462 3470 0 0 0.5
3462 3473 3.422718218 0.05454356057 0.5
3463 3466 3.328062499 0.05454356057 0.5
3463 3468 2.979093822 0.02291287847 0.5
3463 3469 2.979093822 0.02291287847 0.5
3463 3474 3.422718218 0.05454356057 0.5
3464 3467 0 0 0.5
3464 3473 3.422718218 0.05454356057 0.5
3465 3472 3.398529094 0.05296225071 0.5
3466 3470 0 0 0.5
3467 3468 0 0 0.5
3467 3469 0 0 0.5
3468 3470 0 0 0.5
3469 3470 0 0 0.5
3470 3472 0 0 0.5
3472 3475 3.398529094 0.05296225071 0.5
3472 3480 0 0 0.5
3473 3476 3.328062499 0.05454356057 0.5
3473 3478 2.979093822 0.02291287847 0.5
3473 3479 2.979093822 0.02291287847 0.5
3474 3477 0 0 0.5
3476 3480 0 0 0.5
3477 3478 0 0 0.5
3477 3479 0 0 0.5
3478 3480 0 0 0.5
3479 3480 0 0 0.5
3482 3485 3.398529094 0.05296225071 0.5
3482 3490 0 0 0.5
3482 3493 3.422718218 0.05454356057 0.5
3482 3505 3.398529094 0.05296225071 0.5
3482 3510 0 0 0.5
3483 3486 3.328062499 0.05454356057 0.5
3483 3488 2.979093822 0.02291287847 0.5
3483 3489 2.979093822 0.02291287847 0.5
3483 3494 3.422718218 0.05454356057 0.5
3483 3502 3.422718218 0.05454356057 0.5
3483 3504 3.422718218 0.05454356057 0.5
3484 3487 0 0 0.5
3484 3493 3.422718218 0.05454356057 0.5
3484 3503 3.422718218 0.05454356057 0.5
3485 3492 3.398529094 0.05296225071 0.5
3486 3490 0 0 0.5
3487 3488 0 0 0.5
3487 3489 0 0 0.5
3488 3490 0 0 0.5
3489 3490 0 0 0.5
3490 3492 0 0 0.5
3492 3495 3.398529094 0.05296225071 0.5
3492 3500 0 0 0.5
3492 3503 3.422718218 0.05454356057 0.5
3493 3496 3.328062499 0.05454356057 0.5
3493 3498 2.979093822 0.02291287847 0.5
3493 3499 2.979093822 0.02291287847 0.5
3493 3504 3.422718218 0.05454356057 0.5
3494 3497 0 0 0.5
3494 3503 3.422718218 0.05454356057 0.5
3495 3502 3.398529094 0.05296225071 0.5
3496 3500 0 0 0.5
3497 3498 0 0 0.5
3497 3499 0 0 0.5
3498 3500 0 0 0.5
3499 3500 0 0 0.5
3500 3502 0 0 0.5
3502 3505 3.398529094 0.05296225071 0.5
3502 3510 0 0 0.5
3503 3506 3.328062499 0.05454356057 0.5
3503 3508 2.979093822 0.02291287847 0.5
3503 3509 2.979093822 0.02291287847 0.5
3504 3507 0 0 0.5
3506 3510 0 0 0.5
3507 3508 0 0 0.5
3507 3509 0 0 0.5
3508 3510 0 0 0.5
3509 3510 0 0 0.5
3512 3515 3.398529094 0.05296225071 0.5
3512 3520 0 0 0.5
3512 3523 3.422718218 0.05454356057 0.5
3512 3535 3.398529094 0.05296225071 0.5
3512 3540 0 0 0.5
3513 3516 3.328062499 0.05454356057 0.5
3513 3518 2.979093822 0.02291287847 0.5
3513 3519 2.979093822 0.02291287847 0.5
3513 3524 3.422718218 0.05454356057 0.5
3513 3532 3.422718218 0.05454356057 0.5
3513 3534 3.422718218 0.05454356057 0.5
3514 3517 0 0 0.5
3514 3523 3.422718218 0.05454356057 0.5
3514 3533 3.422718218 0.05454356057 0.5
3515 3522 3.398529094 0.05296225071 0.5
3516 3520 0 0 0.5
3517 3518 0 0 0.5
3517 3519 0 0 0.5
3518 3520 0 0 0.5
3519 3520 0 0 0.5
3520 3522 0 0 0.5
3522 3525 3.398529094 0.05296225071 0.5
3522 3530 0 0 0.5
3522 3533 3.422718218 0.05454356057 0.5
3523 3526 3.328062499 0.05454356057 0.5
3523 3528 2.979093822 0.02291287847 0.5
3523 3529 2.979093822 0.02291287847 0.5
3523 3534 3.422718218 0.05454356057 0.5
3524 3527 0 0 0.5
3524 3533 3.422718218 0.05454356057 0.5
3525 3532 3.398529094 0.05296225071 0.5
3526 3530 0 0 0.5
3527 3528 0 0 0.5
3527 3529 0 0 0.5
3528 3530 0 0 0.5
3529 3530 0 0 0.5
3530 3532 0 0 0.5
3532 3535 3.398529094 0.05296225071 0.5
3532 3540 0 0 0.5
3533 3536 3.328062499 0.05454356057 0.5
3533 3538 2.979093822 0.02291287847 0.5
3533 3539 2.979093822 0.02291287847 0.5
3534 3537 0 0 0.5
3536 3540 0 0 0.5
3537 3538 0 0 0.5
3537 3539 0 0 0.5
3538 3540 0 0 0.5
3539 3540 0 0 0.5
3542 3545 3.398529094 0.05296225071 0.5
3542 3550 0 0 0.5
3542 3553 3.422718218 0.05454356057 0.5
3542 3565 3.398529094 0.05296225071 0.5
3542 3570 0 0 0.5
3543 3546 3.328062499 0.05454356057 0.5
3543 3548 2.979093822 0.02291287847 0.5
3543 3549 2.979093822 0.02291287847 0.5
3543 3554 3.422718218 0.05454356057 0.5
3543 3562 3.422718218 0.05454356057 0.5
3543 3564 3.422718218 0.05454356057 0.5
3544 3547 0 0 0.5
3544 3553 3.422718218 0.05454356057 0.5
3544 3563 3.422718218 0.05454356057 0.5
3545 3552 3.398529094 0.05296225071 0.5
3546 3550 0 0 0.5
3547 3548 0 0 0.5
3547 3549 0 0 0.5
3548 3550 0 0 0.5
3549 3550 0 0 0.5
3550 3552 0 0 0.5
3552 3555 3.398529094 0.05296225071 0.5
3552 3560 0 0 0.5
3552 3563 3.422718218 0.05454356057 0.5
3553 3556 3.328062499 0.05454356057 0.5
3553 3558 2.979093822 0.02291287847 0.5
3553 3559 2.979093822 0.02291287847 0.5
3553 3564 3.422718218 0.05454356057 0.5
3554 3557 0 0 0.5
3554 3563 3.422718218 0.05454356057 0.5
3555 3562 3.398529094 0.05296225071 0.5
3556 3560 0 0 0.5
3557 3558 0 0 0.5
3557 3559 0 0 0.5
3558 3560 0 0 0.5
3559 3560 0 0 0.5
3560 3562 0 0 0.5
3562 3565 3.398529094 0.05296225071 0.5
3562 3570 0 0 0.5
3563 3566 3.328062499 0.05454356057 0.5
3563 3568 2.979093822 0.02291287847 0.5
3563 3569 2.979093822 0.02291287847 0.5
3564 3567 0 0 0.5
3566 3570 0 0 0.5
3567 3568 0 0 0.5
3567 3569 0 0 0.5
3568 3570 0 0 0.5
3569 3570 0 0 0.5
3572 3575 3.398529094 0.05296225071 0.5
3572 3580 0 0 0.5
3572 3583 3.422718218 0.05454356057 0.5
3572 3595 3.398529094 0.05296225071 0.5
3572 3600 0 0 0.5
3573 3576 3.328062499 0.05454356057 0.5
3573 3578 2.979093822 0.02291287847 0.5
3573 3579 2.979093822 0.02291287847 0.5
3573 3584 3.422718218 0.05454356057 0.5
3573 3592 3.422718218 0.05454356057 0.5
3573 3594 3.422718218 0.05454356057 0.5
3574 3577 0 0 0.5
3574 3583 3.422718218 0.05454356057 0.5
3574 3593 3.422718218 0.05454356057 0.5
3575 3582 3.398529094 0.05296225071 0.5
3576 3580 0 0 0.5
3577 3578 0 0 0.5
3577 3579 0 0 0.5
3578 3580 0 0 0.5
3579 3580 0 0 0.5
3580 3582 0 0 0.5
3582 3585 3.398529094 0.05296225071 0.5
3582 3590 0 0 0.5
3582 3593 3.422718218 0.05454356057 0.5
3583 3586 3.328062499 0.05454356057 0.5
3583 3588 2.979093822 0.02291287847 0.5
3583 3589 2.979093822 0.02291287847 0.5
3583 3594 3.422718218 0.05454356057 0.5
3584 3587 0 0 0.5
3584 3593 3.422718218 0.05454356057 0.5
3585 3592 3.398529094 0.05296225071 0.5
3586 3590 0 0 0.5
3587 3588 0 0 0.5
3587 3589 0 0 0.5
3588 3590 0 0 0.5
3589 3590 0 0 0.5
3590 3592 0 0 0.5
3592 3595 3.398529094 0.05296225071 0.5
3592 3600 0 0 0.5
3593 3596 3.328062499 0.05454356057 0.5
3593 3598 2.979093822 0.02291287847 0.5
3593 3599 2.979093822 0.02291287847 0.5
3594 3597 0 0 0.5
3596 3600 0 0 0.5
3597 3598 0 0 0.5
3597 3599 0 0 0.5
3598 3600 0 0 0.5
3599 3600 0 0 0.5
3602 3605 3.398529094 0.05296225071 0.5
3602 3610 0 0 0.5
3602 3613 3.422718218 0.05454356057 0.5
3602 3625 3.398529094 0.05296225071 0.5
3602 3630 0 0 0.5
3603 3606 3.328062499 0.05454356057 0.5
3603 3608 2.979093822 0.02291287847 0.5
3603 3609 2.979093822 0.02291287847 0.5
3603 3614 3.422718218 0.05454356057 0.5
3603 3622 3.422718218 0.05454356057 0.5
3603 3624 3.422718218 0.05454356057 0.5
3604 3607 0 0 0.5
3604 3613 3.422718218 0.05454356057 0.5
3604 3623 3.422718218 0.05454356057 0.5
3605 3612 3.398529094 0.05296225071 0.5
3606 3610 0 0 0.5
3607 3608 0 0 0.5
3607 3609 0 0 0.5
3608 3610 0 0 0.5
3609 3610 0 0 0.5
3610 3612 0 0 0.5
3612 3615 3.398529094 0.05296225071 0.5
3612 3620 0 0 0.5
3612 3623 3.422718218 0.05454356057 0.5
3613 3616 3.328062499 0.05454356057 0.5
3613 3618 2.979093822 0.02291287847 0.5
3613 3619 2.979093822 0.02291287847 0.5
3613 3624 3.422718218 0.05454356057 0.5
3614 3617 0 0 0.5
3614 3623 3.422718218 0.05454356057 0.5
3615 3622 3.398529094 0.05296225071 0.5
3616 3620 0 0 0.5
3617 3618 0 0 0.5
3617 3619 0 0 0.5
3618 3620 0 0 0.5
3619 3620 0 0 0.5
3620 3622 0 0 0.5
3622 3625 3.398529094 0.05296225071 0.5
3622 3630 0 0 0.5
3623 3626 3.328062499 0.05454356057 0.5
3623 3628 2.979093822 0.02291287847 0.5
3623 3629 2.979093822 0.02291287847 0.5
3624 3627 0 0 0.5
3626 3630 0 0 0.5
3627 3628 0 0 0.5
3627 3629 0 0 0.5
3628 3630 0 0 0.5
3629 3630 0 0 0.5
3632 3635 3.398529094 0.05296225071 0.5
3632 3640 0 0 0.5
3632 3643 3.422718218 0.05454356057 0.5
3632 3655 3.398529094 0.05296225071 0.5
3632 3660 0 0 0.5
3633 3636 3.328062499 0.05454356057 0.5
3633 3638 2.979093822 0.02291287847 0.5
3633 3639 2.979093822 0.02291287847 0.5
3633 3644 3.422718218 0.05454356057 0.5
3633 3652 3.422718218 0.05454356057 0.5
3633 3654 3.422718218 0.05454356057 0.5
3634 3637 0 0 0.5
3634 3643 3.422718218 0.05454356057 0.5
3634 3653 3.422718218 0.05454356057 0.5
3635 3642 3.398529094 0.05296225071 0.5
3636 3640 0 0 0.5
3637 3638 0 0 0.5
3637 3639 0 0 0.5
3638 3640 0 0 0.5
3639 3640 0 0 0.5
3640 3642 0 0 0.5
3642 3645 3.398529094 0.05296225071 0.5
3642 3650 0 0 0.5
3642 3653 3.422718218 0.05454356057 0.5
3643 3646 3.328062499 0.05454356057 0.5
3643 3648 2.979093822 0.02291287847 0.5
3643 3649 2.979093822 0.02291287847 0.5
3643 3654 3.422718218 0.05454356057 0.5
3644 3647 0 0 0.5
3644 3653 3.422718218 0.05454356057 0.5
3645 3652 3.398529094 0.05296225071 0.5
3646 3650 0 0 0.5
3647 3648 0 0 0.5
3647 3649 0 0 0.5
3648 3650 0 0 0.5
3649 3650 0 0 0.5
3650 3652 0 0 0.5
3652 3655 3.398529094 0.05296225071 0.5
3652 3660 0 0 0.5
3653 3656 3.328062499 0.05454356057 0.5
3653 3658 2.979093822 0.02291287847 0.5
3653 3659 2.979093822 0.02291287847 0.5
3654 3657 0 0 0.5
3656 3660 0 0 0.5
3657 3658 0 0 0.5
3657 3659 0 0 0.5
3658 3660 0 0 0.5
3659 3660 0 0 0.5
3662 3665 3.398529094 0.05296225071 0.5
3662 3670 0 0 0.5
3662 3673 3.422718218 0.05454356057 0.5
3662 3685 3.398529094 0.05296225071 0.5
3662 3690 0 0 0.5
3663 3666 3.328062499 0.05454356057 0.5
3663 3668 2.979093822 0.02291287847 0.5
3663 3669 2.979093822 0.02291287847 0.5
3663 3674 3.422718218 0.05454356057 0.5
3663 3682 3.422718218 0.05454356057 0.5
3663 3684 3.422718218 0.05454356057 0.5
3664 3667 0 0 0.5
3664 3673 3.422718218 0.05454356057 0.5
3664 3683 3.422718218 0.05454356057 0.5
3665 3672 3.398529094 0.05296225071 0.5
3666 3670 0 0 0.5
3667 3668 0 0 0.5
3667 3669 0 0 0.5
3668 3670 0 0 0.5
3669 3670 0 0 0.5
3670 3672 0 0 0.5
3672 3675 3.398529094 0.05296225071 0.5
3672 3680 0 0 0.5
3672 3683 3.422718218 0.05454356057 0.5
3673 3676 3.328062499 0.05454356057 0.5
3673 3678 2.979093822 0.02291287847 0.5
3673 3679 2.979093822 0.02291287847 0.5
3673 3684 3.422718218 0.05454356057 0.5
3674 3677 0 0 0.5
3674 3683 3.422718218 0.05454356057 0.5
3675 3682 3.398529094 0.05296225071 0.5
3676 3680 0 0 0.5
3677 3678 0 0 0.5
3677 3679 0 0 0.5
3678 3680 0 0 0.5
3679 3680 0 0 0.5
3680 3682 0 0 0.5
3682 3685 3.398529094 0.05296225071 0.5
3682 3690 0 0 0.5
3683 3686 3.328062499 0.05454356057 0.5
3683 3688 2.979093822 0.02291287847 0.5
3683 3689 2.979093822 0.02291287847 0.5
3684 3687 0 0 0.5
3686 3690 0 0 0.5
3687 3688 0 0 0.5
3687 3689 0 0 0.5
3688 3690 0 0 0.5
3689 3690 0 0 0.5
3692 3695 3.398529094 0.05296225071 0.5
3692 3700 0 0 0.5
3692 3703 3.422718218 0.05454356057 0.5
3692 3715 3.398529094 0.05296225071 0.5
3692 3720 0 0 0.5
3693 3696 3.328062499 0.05454356057 0.5
3693 3698 2.979093822 0.02291287847 0.5
3693 3699 2.979093822 0.02291287847 0.5
3693 3704 3.422718218 0.05454356057 0.5
3693 3712 3.422718218 0.05454356057 0.5
3693 3714 3.422718218 0.05454356057 0.5
3694 3697 0 0 0.5
3694 3703 3.422718218 0.05454356057 0.5
3694 3713 3.422718218 0.05454356057 0.5
3695 3702 3.398529094 0.05296225071 0.5
3696 3700 0 0 0.5
3697 3698 0 0 0.5
3697 3699 0 0 0.5
3698 3700 0 0 0.5
3699 3700 0 0 0.5
3700 3702 0 0 0.5
3702 3705 3.398529094 0.05296225071 0.5
3702 3710 0 0 0.5
3702 3713 3.422718218 0.05454356057 0.5
3703 3706 3.328062499 0.05454356057 0.5
3703 3708 2.979093822 0.02291287847 0.5
3703 3709 2.979093822 0.02291287847 0.5
3703 3714 3.422718218 0.05454356057 0.5
3704 3707 0 0 0.5
3704 3713 3.422718218 0.05454356057 0.5
3705 3712 3.398529094 0.05296225071 0.5
3706 3710 0 0 0.5
3707 3708 0 0 0.5
3707 3709 0 0 0.5
3708 3710 0 0 0.5
3709 3710 0 0 0.5
3710 3712 0 0 0.5
3712 3715 3.398529094 0.05296225071 0.5
3712 3720 0 0 0.5
3713 3716 3.328062499 0.05454356057 0.5
3713 3718 2.979093822 0.02291287847 0.5
3713 3719 2.979093822 0.02291287847 0.5
3714 3717 0 0 0.5
3716 3720 0 0 0.5
3717 3718 0 0 0.5
3717 3719 0 0 0.5
3718 3720 0 0 0.5
3719 3720 0 0 0.5
3722 3725 3.398529094 0.05296225071 0.5
3722 3730 0 0 0.5
3722 3733 3.422718218 0.05454356057 0.5
3722 3745 3.398529094 0.05296225071 0.5
3722 3750 0 0 0.5
3723 3726 3.328062499 0.05454356057 0.5
3723 3728 2.979093822 0.02291287847 0.5
3723 3729 2.979093822 0.02291287847 0.5
3723 3734 3.422718218 0.05454356057 0.5
3723 3742 3.422718218 0.05454356057 0.5
3723 3744 3.422718218 0.05454356057 0.5
3724 3727 0 0 0.5
3724 3733 3.422718218 0.05454356057 0.5
3724 3743 3.422718218 0.05454356057 0.5
3725 3732 3.398529094 0.05296225071 0.5
3726 3730 0 0 0.5
3727 3728 0 0 0.5
3727 3729 0 0 0.5
3728 3730 0 0 0.5
3729 3730 0 0 0.5
3730 3732 0 0 0.5
3732 3735 3.398529094 0.05296225071 0.5
3732 3740 0 0 0.5
3732 3743 3.422718218 0.05454356057 0.5
3733 3736 3.328062499 0.05454356057 0.5
3733 3738 2.979093822 0.02291287847 0.5
3733 3739 2.979093822 0.02291287847 0.5
3733 3744 3.422718218 0.05454356057 0.5
3734 3737 0 0 0.5
3734 3743 3.422718218 0.05454356057 0.5
3735 3742 3.398529094 0.05296225071 0.5
3736 3740 0 0 0.5
3737 3738 0 0 0.5
3737 3739 0 0 0.5
3738 3740 0 0 0.5
3739 3740 0 0 0.5
3740 3742 0 0 0.5
3742 3745 3.398529094 0.05296225071 0.5
3742 3750 0 0 0.5
3743 3746 3.328062499 0.05454356057 0.5
3743 3748 2.979093822 0.02291287847 0.5
3743 3749 2.979093822 0.02291287847 0.5
3744 3747 0 0 0.5
3746 3750 0 0 0.5
3747 3748 0 0 0.5
3747 3749 0 0 0.5
3748 3750 0 0 0.5
3749 3750 0 0 0.5
3752 3755 3.398529094 0.05296225071 0.5
3752 3760 0 0 0.5
3752 3763 3.422718218 0.05454356057 0.5
3752 3775 3.398529094 0.05296225071 0.5
3752 3780 0 0 0.5
3753 3756 3.328062499 0.05454356057 0.5
3753 3758 2.979093822 0.02291287847 0.5
3753 3759 2.979093822 0.02291287847 0.5
3753 3764 3.422718218 0.05454356057 0.5
3753 3772 3.422718218 0.05454356057 0.5
3753 3774 3.422718218 0.05454356057 0.5
3754 3757 0 0 0.5
3754 3763 3.422718218 0.05454356057 0.5
3754 3773 3.422718218 0.05454356057 0.5
3755 3762 3.398529094 0.05296225071 0.5
3756 3760 0 0 0.5
3757 3758 0 0 0.5
3757 3759 0 0 0.5
3758 3760 0 0 0.5
3759 3760 0 0 0.5
3760 3762 0 0 0.5
3762 3765 3.398529094 0.05296225071 0.5
3762 3770 0 0 0.5
3762 3773 3.422718218 0.05454356057 0.5
3763 3766 3.328062499 0.05454356057 0.5
3763 3768 2.979093822 0.02291287847 0.5
3763 3769 2.979093822 0.02291287847 0.5
3763 3774 3.422718218 0.05454356057 0.5
3764 3767 0 0 0.5
3764 3773 3.422718218 0.05454356057 0.5
3765 3772 3.398529094 0.05296225071 0.5
3766 3770 0 0 0.5
3767 3768 0 0 0.5
3767 3769 0 0 0.5
3768 3770 0 0 0.5
3769 3770 0 0 0.5
3770 3772 0 0 0.5
3772 3775 3.398529094 0.05296225071 0.5
3772 3780 0 0 0.5
3773 3776 3.328062499 0.05454356057 0.5
3773 3778 2.979093822 0.02291287847 0.5
3773 3779 2.979093822 0.02291287847 0.5
3774 3777 0 0 0.5
3776 3780 0 0 0.5
3777 3778 0 0 0.5
3777 3779 0 0 0.5
3778 3780 0 0 0.5
3779 3780 0 0 0.5
3782 3785 3.398529094 0.05296225071 0.5
3782 3790 0 0 0.5
3782 3793 3.422718218 0.05454356057 0.5
3782 3805 3.398529094 0.05296225071 0.5
3782 3810 0 0 0.5
3783 3786 3.328062499 0.05454356057 0.5
3783 3788 2.979093822 0.02291287847 0.5
3783 3789 2.979093822 0.02291287847 0.5
3783 3794 3.422718218 0.05454356057 0.5
3783 3802 3.422718218 0.05454356057 0.5
3783 3804 3.422718218 0.05454356057 0.5
3784 3787 0 0 0.5
3784 3793 3.422718218 0.05454356057 0.5
3784 3803 3.422718218 0.05454356057 0.5
3785 3792 3.398529094 0.05296225071 0.5
3786 3790 0 0 0.5
3787 3788 0 0 0.5
3787 3789 0 0 0.5
3788 3790 0 0 0.5
3789 3790 0 0 0.5
3790 3792 0 0 0.5
3792 3795 3.398529094 0.05296225071 0.5
3792 3800 0 0 0.5
3792 3803 3.422718218 0.05454356057 0.5
3793 3796 3.328062499 0.05454356057 0.5
3793 3798 2.979093822 0.02291287847 0.5
3793 3799 2.979093822 0.02291287847 0.5
3793 3804 3.422718218 0.05454356057 0.5
3794 3797 0 0 0.5
3794 3803 3.422718218 0.05454356057 0.5
3795 3802 3.398529094 0.05296225071 0.5
3796 3800 0 0 0.5
3797 3798 0 0 0.5
3797 3799 0 0 0.5
3798 3800 0 0 0.5
3799 3800 0 0 0.5
3800 3802 0 0 0.5
3802 3805 3.398529094 0.05296225071 0.5
3802 3810 0 0 0.5
3803 3806 3.328062499 0.05454356057 0.5
3803 3808 2.979093822 0.02291287847 0.5
3803 3809 2.979093822 0.02291287847 0.5
3804 3807 0 0 0.5
3806 3810 0 0 0.5
3807 3808 0 0 0.5
3807 3809 0 0 0.5
3808 3810 0 0 0.5
3809 3810 0 0 0.5
3812 3815 3.398529094 0.05296225071 0.5
3812 3820 0 0 0.5
3812 3823 3.422718218 0.05454356057 0.5
3812 3835 3.398529094 0.05296225071 0.5
3812 3840 0 0 0.5
3813 3816 3.328062499 0.05454356057 0.5
3813 3818 2.979093822 0.02291287847 0.5
3813 3819 2.979093822 0.02291287847 0.5
3813 3824 3.422718218 0.05454356057 0.5
3813 3832 3.422718218 0.05454356057 0.5
3813 3834 3.422718218 0.05454356057 0.5
3814 3817 0 0 0.5
3814 3823 3.422718218 0.05454356057 0.5
3814 3833 3.422718218 0.05454356057 0.5
3815 3822 3.398529094 0.05296225071 0.5
3816 3820 0 0 0.5
3817 3818 0 0 0.5
3817 3819 0 0 0.5
3818 3820 0 0 0.5
3819 3820 0 0 0.5
3820 3822 0 0 0.5
3822 3825 3.398529094 0.05296225071 0.5
3822 3830 0 0 0.5
3822 3833 3.422718218 0.05454356057 0.5
3823 3826 3.328062499 0.05454356057 0.5
3823 3828 2.979093822 0.02291287847 0.5
3823 3829 2.979093822 0.02291287847 0.5
3823 3834 3.422718218 0.05454356057 0.5
3824 3827 0 0 0.5
3824 3833 3.422718218 0.05454356057 0.5
3825 3832 3.398529094 0.05296225071 0.5
3826 3830 0 0 0.5
3827 3828 0 0 0.5
3827 3829 0 0 0.5
3828 3830 0 0 0.5
3829 3830 0 0 0.5
3830 3832 0 0 0.5
3832 3835 3.398529094 0.05296225071 0.5
3832 3840 0 0 0.5
3833 3836 3.328062499 0.05454356057 0.5
3833 3838 2.979093822 0.02291287847 0.5
3833 3839 2.979093822 0.02291287847 0.5
3834 3837 0 0 0.5
3836 3840 0 0 0.5
3837 3838 0 0 0.5
3837 3839 0 0 0.5
3838 3840 0 0 0.5
3839 3840 0 0 0.5
3842 3845 3.398529094 0.05296225071 0.5
3842 3850 0 0 0.5
3842 3853 3.422718218 0.05454356057 0.5
3842 3865 3.398529094 0.05296225071 0.5
3842 3870 0 0 0.5
3843 3846 3.328062499 0.05454356057 0.5
3843 3848 2.979093822 0.02291287847 0.5
3843 3849 2.979093822 0.02291287847 0.5
3843 3854 3.422718218 0.05454356057 0.5
3843 3862 3.422718218 0.05454356057 0.5
3843 3864 3.422718218 0.05454356057 0.5
3844 3847 0 0 0.5
3844 3853 3.422718218 0.05454356057 0.5
3844 3863 3.422718218 0.05454356057 0.5
3845 3852 3.398529094 0.05296225071 0.5
3846 3850 0 0 0.5
3847 3848 0 0 0.5
3847 3849 0 0 0.5
3848 3850 0 0 0.5
3849 3850 0 0 0.5
3850 3852 0 0 0.5
3852 3855 3.398529094 0.05296225071 0.5
3852 3860 0 0 0.5
3852 3863 3.422718218 0.05454356057 0.5
3853 3856 3.328062499 0.05454356057 0.5
3853 3858 2.979093822 0.02291287847 0.5
3853 3859 2.979093822 0.02291287847 0.5
3853 3864 3.422718218 0.05454356057 0.5
3854 3857 0 0 0.5
3854 3863 3.422718218 0.05454356057 0.5
3855 3862 3.398529094 0.05296225071 0.5
3856 3860 0 0 0.5
3857 3858 0 0 0.5
3857 3859 0 0 0.5
3858 3860 0 0 0.5
3859 3860 0 0 0.5
3860 3862 0 0 0.5
3862 3865 3.398529094 0.05296225071 0.5
3862 3870 0 0 0.5
3863 3866 3.328062499 0.05454356057 0.5
3863 3868 2.979093822 0.02291287847 0.5
3863 3869 2.979093822 0.02291287847 0.5
3864 3867 0 0 0.5
3866 3870 0 0 0.5
3867 3868 0 0 0.5
3867 3869 0 0 0.5
3868 3870 0 0 0.5
3869 3870 0 0 0.5
3872 3875 3.398529094 0.05296225071 0.5
3872 3880 0 0 0.5
3872 3883 3.422718218 0.05454356057 0.5
3872 3895 3.398529094 0.05296225071 0.5
3872 3900 0 0 0.5
3873 3876 3.328062499 0.05454356057 0.5
3873 3878 2.979093822 0.02291287847 0.5
3873 3879 2.979093822 0.02291287847 0.5
3873 3884 3.422718218 0.05454356057 0.5
3873 3892 3.422718218 0.05454356057 0.5
3873 3894 3.422718218 0.05454356057 0.5
3874 3877 0 0 0.5
3874 3883 3.422718218 0.05454356057 0.5
3874 3893 3.422718218 0.05454356057 0.5
3875 3882 3.398529094 0.05296225071 0.5
3876 3880 0 0 0.5
3877 3878 0 0 0.5
3877 3879 0 0 0.5
3878 3880 0 0 0.5
3879 3880 0 0 0.5
3880 3882 0 0 0.5
3882 3885 3.398529094 0.05296225071 0.5
3882 3890 0 0 0.5
3882 3893 3.422718218 0.05454356057 0.5
3883 3886 3.328062499 0.05454356057 0.5
3883 3888 2.979093822 0.02291287847 0.5
3883 3889 2.979093822 0.02291287847 0.5
3883 3894 3.422718218 0.05454356057 0.5
3884 3887 0 0 0.5
3884 3893 3.422718218 0.05454356057 0.5
3885 3892 3.398529094 0.05296225071 0.5
3886 3890 0 0 0.5
3887 3888 0 0 0.5
3887 3889 0 0 0.5
3888 3890 0 0 0.5
3889 3890 0 0 0.5
3890 3892 0 0 0.5
3892 3895 3.398529094 0.05296225071 0.5
3892 3900 0 0 0.5
3893 3896 3.328062499 0.05454356057 0.5
3893 3898 2.979093822 0.02291287847 0.5
3893 3899 2.979093822 0.02291287847 0.5
3894 3897 0 0 0.5
3896 3900 0 0 0.5
3897 3898 0 0 0.5
3897 3899 0 0 0.5
3898 3900 0 0 0.5
3899 3900 0 0 0.5
3902 3905 3.398529094 0.05296225071 0.5
3902 3910 0 0 0.5
3902 3913 3.422718218 0.05454356057 0.5
3902 3925 3.398529094 0.05296225071 0.5
3902 3930 0 0 0.5
3903 3906 3.328062499 0.05454356057 0.5
3903 3908 2.979093822 0.02291287847 0.5
3903 3909 2.979093822 0.02291287847 0.5
3903 3914 3.422718218 0.05454356057 0.5
3903 3922 3.422718218 0.05454356057 0.5
3903 3924 3.422718218 0.05454356057 0.5
3904 3907 0 0 0.5
3904 3913 3.422718218 0.05454356057 0.5
3904 3923 3.422718218 0.05454356057 0.5
3905 3912 3.398529094 0.05296225071 0.5
3906 3910 0 0 0.5
3907 3908 0 0 0.5
3907 3909 0 0 0.5
3908 3910 0 0 0.5
3909 3910 0 0 0.5
3910 3912 0 0 0.5
3912 3915 3.398529094 0.05296225071 0.5
3912 3920 0 0 0.5
3912 3923 3.422718218 0.05454356057 0.5
3913 3916 3.328062499 0.05454356057 0.5
3913 3918 2.979093822 0.02291287847 0.5
3913 3919 2.979093822 0.02291287847 0.5
3913 3924 3.422718218 0.05454356057 0.5
3914 3917 0 0 0.5
3914 3923 3.422718218 0.05454356057 0.5
3915 3922 3.398529094 0.05296225071 0.5
3916 3920 0 0 0.5
3917 3918 0 0 0.5
3917 3919 0 0 0.5
3918 3920 0 0 0.5
3919 3920 0 0 0.5
3920 3922 0 0 0.5
3922 3925 3.398529094 0.05296225071 0.5
3922 3930 0 0 0.5
3923 3926 3.328062499 0.05454356057 0.5
3923 3928 2.979093822 0.02291287847 0.5
3923 3929 2.979093822 0.02291287847 0.5
3924 3927 0 0 0.5
3926 3930 0 0 0.5
3927 3928 0 0 0.5
3927 3929 0 0 0.5
3928 3930 0 0 0.5
3929 3930 0 0 0.5
3932 3935 3.398529094 0.05296225071 0.5
3932 3940 0 0 0.5
3932 3943 3.422718218 0.05454356057 0.5
3932 3955 3.398529094 0.05296225071 0.5
3932 3960 0 0 0.5
3933 3936 3.328062499 0.05454356057 0.5
3933 3938 2.979093822 0.02291287847 0.5
3933 3939 2.979093822 0.02291287847 0.5
3933 3944 3.422718218 0.05454356057 0.5
3933 3952 3.422718218 0.05454356057 0.5
3933 3954 3.422718218 0.05454356057 0.5
3934 3937 0 0 0.5
3934 3943 3.422718218 0.05454356057 0.5
3934 3953 3.422718218 0.05454356057 0.5
3935 3942 3.398529094 0.05296225071 0.5
3936 3940 0 0 0.5
3937 3938 0 0 0.5
3937 3939 0 0 0.5
3938 3940 0 0 0.5
3939 3940 0 0 0.5
3940 3942 0 0 0.5
3942 3945 3.398529094 0.05296225071 0.5
3942 3950 0 0 0.5
3942 3953 3.422718218 0.05454356057 0.5
3943 3946 3.328062499 0.05454356057 0.5
3943 3948 2.979093822 0.02291287847 0.5
3943 3949 2.979093822 0.02291287847 0.5
3943 3954 3.422718218 0.05454356057 0.5
3944 3947 0 0 0.5
3944 3953 3.422718218 0.05454356057 0.5
3945 3952 3.398529094 0.05296225071 0.5
3946 3950 0 0 0.5
3947 3948 0 0 0.5
3947 3949 0 0 0.5
3948 3950 0 0 0.5
3949 3950 0 0 0.5
3950 3952 0 0 0.5
3952 3955 3.398529094 0.05296225071 0.5
3952 3960 0 0 0.5
3953 3956 3.328062499 0.05454356057 0.5
3953 3958 2.979093822 0.02291287847 0.5
3953 3959 2.979093822 0.02291287847 0.5
3954 3957 0 0 0.5
3956 3960 0 0 0.5
3957 3958 0 0 0.5
3957 3959 0 0 0.5
3958 3960 0 0 0.5
3959 3960 0 0 0.5
3962 3965 3.398529094 0.05296225071 0.5
3962 3970 0 0 0.5
3962 3973 3.422718218 0.05454356057 0.5
3962 3985 3.398529094 0.05296225071 0.5
3962 3990 0 0 0.5
3963 3966 3.328062499 0.05454356057 0.5
3963 3968 2.979093822 0.02291287847 0.5
3963 3969 2.979093822 0.02291287847 0.5
3963 3974 3.422718218 0.05454356057 0.5
3963 3982 3.422718218 0.05454356057 0.5
3963 3984 3.422718218 0.05454356057 0.5
3964 3967 0 0 0.5
3964 3973 3.422718218 0.05454356057 0.5
3964 3983 3.422718218 0.05454356057 0.5
3965 3972 3.398529094 0.05296225071 0.5
3966 3970 0 0 0.5
3967 3968 0 0 0.5
3967 3969 0 0 0.5
3968 3970 0 0 0.5
3969 3970 0 0 0.5
3970 3972 0 0 0.5
3972 3975 3.398529094 0.05296225071 0.5
3972 3980 0 0 0.5
3972 3983 3.422718218 0.05454356057 0.5
3973 3976 3.328062499 0.05454356057 0.5
3973 3978 2.979093822 0.02291287847 0.5
3973 3979 2.979093822 0.02291287847 0.5
3973 3984 3.422718218 0.05454356057 0.5
3974 3977 0 0 0.5
3974 3983 3.422718218 0.05454356057 0.5
3975 3982 3.398529094 0.05296225071 0.5
3976 3980 0 0 0.5
3977 3978 0 0 0.5
3977 3979 0 0 0.5
3978 3980 0 0 0.5
3979 3980 0 0 0.5
3980 3982 0 0 0.5
3982 3985 3.398529094 0.05296225071 0.5
3982 3990 0 0 0.5
3983 3986 3.328062499 0.05454356057 0.5
3983 3988 2.979093822 0.02291287847 0.5
3983 3989 2.979093822 0.02291287847 0.5
3984 3987 0 0 0.5
3986 3990 0 0 0.5
3987 3988 0 0 0.5
3987 3989 0 0 0.5
3988 3990 0 0 0.5
3989 3990 0 0 0.5
3992 3995 3.398529094 0.05296225071 0.5
3992 4000 0 0 0.5
3992 4003 3.422718218 0.05454356057 0.5
3992 4015 3.398529094 0.05296225071 0.5
3992 4020 0 0 0.5
3993 3996 3.328062499 0.05454356057 0.5
3993 3998 2.979093822 0.02291287847 0.5
3993 3999 2.979093822 0.02291287847 0.5
3993 4004 3.422718218 0.05454356057 0.5
3993 4012 3.422718218 0.05454356057 0.5
3993 4014 3.422718218 0.05454356057 0.5
3994 3997 0 0 0.5
3994 4003 3.422718218 0.05454356057 0.5
3994 4013 3.422718218 0.05454356057 0.5
3995 4002 3.398529094 0.05296225071 0.5
3996 4000 0 0 0.5
3997 3998 0 0 0.5
3997 3999 0 0 0.5
3998 4000 0 0 0.5
3999 4000 0 0 0.5
4000 4002 0 0 0.5
4002 4005 3.398529094 0.05296225071 0.5
4002 4010 0 0 0.5
4002 4013 3.422718218 0.05454356057 0.5
4003 4006 3.328062499 0.05454356057 0.5
4003 4008 2.979093822 0.02291287847 0.5
4003 4009 2.979093822 0.02291287847 0.5
4003 4014 3.422718218 0.05454356057 0.5
4004 4007 0 0 0.5
4004 4013 3.422718218 0.05454356057 0.5
4005 4012 3.398529094 0.05296225071 0.5
4006 4010 0 0 0.5
4007 4008 0 0 0.5
4007 4009 0 0 0.5
4008 4010 0 0 0.5
4009 4010 0 0 0.5
4010 4012 0 0 0.5
4012 4015 3.398529094 0.05296225071 0.5
4012 4020 0 0 0.5
4013 4016 3.328062499 0.05454356057 0.5
4013 4018 2.979093822 0.02291287847 0.5
4013 4019 2.979093822 0.02291287847 0.5
4014 4017 0 0 0.5
4016 4020 0 0 0.5
4017 4018 0 0 0.5
4017 4019 0 0 0.5
4018 4020 0 0 0.5
4019 4020 0 0 0.5
4022 4025 3.398529094 0.05296225071 0.5
4022 4030 0 0 0.5
4022 4033 3.422718218 0.05454356057 0.5
4022 4045 3.398529094 0.05296225071 0.5
4022 4050 0 0 0.5
4023 4026 3.328062499 0.05454356057 0.5
4023 4028 2.979093822 0.02291287847 0.5
4023 4029 2.979093822 0.02291287847 0.5
4023 4034 3.422718218 0.05454356057 0.5
4023 4042 3.422718218 0.05454356057 0.5
4023 4044 3.422718218 0.05454356057 0.5
4024 4027 0 0 0.5
4024 4033 3.422718218 0.05454356057 0.5
4024 4043 3.422718218 0.05454356057 0.5
4025 4032 3.398529094 0.05296225071 0.5
4026 4030 0 0 0.5
4027 4028 0 0 0.5
4027 4029 0 0 0.5
4028 4030 0 0 0.5
4029 4030 0 0 0.5
4030 4032 0 0 0.5
4032 4035 3.398529094 0.05296225071 0.5
4032 4040 0 0 0.5
4032 4043 3.422718218 0.05454356057 0.5
4033 4036 3.328062499 0.05454356057 0.5
4033 4038 2.979093822 0.02291287847 0.5
4033 4039 2.979093822 0.02291287847 0.5
4033 4044 3.422718218 0.05454356057 0.5
4034 4037 0 0 0.5
4034 4043 3.422718218 0.05454356057 0.5
4035 4042 3.398529094 0.05296225071 0.5
4036 4040 0 0 0.5
4037 4038 0 0 0.5
4037 4039 0 0 0.5
4038 4040 0 0 0.5
4039 4040 0 0 0.5
4040 4042 0 0 0.5
4042 4045 3.398529094 0.05296225071 0.5
4042 4050 0 0 0.5
4043 4046 3.328062499 0.05454356057 0.5
4043 4048 2.979093822 0.02291287847 0.5
4043 4049 2.979093822 0.02291287847 0.5
4044 4047 0 0 0.5
4046 4050 0 0 0.5
4047 4048 0 0 0.5
4047 4049 0 0 0.5
4048 4050 0 0 0.5
4049 4050 0 0 0.5
4052 4055 3.398529094 0.05296225071 0.5
4052 4060 0 0 0.5
4052 4063 3.422718218 0.05454356057 0.5
4052 4075 3.398529094 0.05296225071 0.5
4052 4080 0 0 0.5
4053 4056 3.328062499 0.05454356057 0.5
4053 4058 2.979093822 0.02291287847 0.5
4053 4059 2.979093822 0.02291287847 0.5
4053 4064 3.422718218 0.05454356057 0.5
4053 4072 3.422718218 0.05454356057 0.5
4053 4074 3.422718218 0.05454356057 0.5
4054 4057 0 0 0.5
4054 4063 3.422718218 0.05454356057 0.5
4054 4073 3.422718218 0.05454356057 0.5
4055 4062 3.398529094 0.05296225071 0.5
4056 4060 0 0 0.5
4057 4058 0 0 0.5
4057 4059 0 0 0.5
4058 4060 0 0 0.5
4059 4060 0 0 0.5
4060 4062 0 0 0.5
4062 4065 3.398529094 0.05296225071 0.5
4062 4070 0 0 0.5
4062 4073 3.422718218 0.05454356057 0.5
4063 4066 3.328062499 0.05454356057 0.5
4063 4068 2.979093822 0.02291287847 0.5
4063 4069 2.979093822 0.02291287847 0.5
4063 4074 3.422718218 0.05454356057 0.5
4064 4067 0 0 0.5
4064 4073 3.422718218 0.05454356057 0.5
4065 4072 3.398529094 0.05296225071 0.5
4066 4070 0 0 0.5
4067 4068 0 0 0.5
4067 4069 0 0 0.5
4068 4070 0 0 0.5
4069 4070 0 0 0.5
4070 4072 0 0 0.5
4072 4075 3.398529094 0.05296225071 0.5
4072 4080 0 0 0.5
4073 4076 3.328062499 0.05454356057 0.5
4073 4078 2.979093822 0.02291287847 0.5
4073 4079 2.979093822 0.02291287847 0.5
4074 4077 0 0 0.5
4076 4080 0 0 0.5
4077 4078 0 0 0.5
4077 4079 0 0 0.5
4078 4080 0 0 0.5
4079 4080 0 0 0.5
4082 4085 3.398529094 0.05296225071 0.5
4082 4090 0 0 0.5
4082 4093 3.422718218 0.05454356057 0.5
4082 4105 3.398529094 0.05296225071 0.5
4082 4110 0 0 0.5
4083 4086 3.328062499 0.05454356057 0.5
4083 4088 2.979093822 0.02291287847 0.5
4083 4089 2.979093822 0.02291287847 0.5
4083 4094 3.422718218 0.05454356057 0.5
4083 4102 3.422718218 0.05454356057 0.5
4083 4104 3.422718218 0.05454356057 0.5
4084 4087 0 0 0.5
4084 4093 3.422718218 0.05454356057 0.5
4084 4103 3.422718218 0.05454356057 0.5
4085 4092 3.398529094 0.05296225071 0.5
4086 4090 0 0 0.5
4087 4088 0 0 0.5
4087 4089 0 0 0.5
4088 4090 0 0 0.5
4089 4090 0 0 0.5
4090 4092 0 0 0.5
4092 4095 3.398529094 0.05296225071 0.5
4092 4100 0 0 0.5
4092 4103 3.422718218 0.05454356057 0.5
4093 4096 3.328062499 0.05454356057 0.5
4093 4098 2.979093822 0.02291287847 0.5
4093 4099 2.979093822 0.02291287847 0.5
4093 4104 3.422718218 0.05454356057 0.5
4094 4097 0 0 0.5
4094 4103 3.422718218 0.05454356057 0.5
4095 4102 3.398529094 0.05296225071 0.5
4096 4100 0 0 0.5
4097 4098 0 0 0.5
4097 4099 0 0 0.5
4098 4100 0 0 0.5
4099 4100 0 0 0.5
4100 4102 0 0 0.5
4102 4105 3.398529094 0.05296225071 0.5
4102 4110 0 0 0.5
4103 4106 3.328062499 0.05454356057 0.5
4103 4108 2.979093822 0.02291287847 0.5
4103 4109 2.979093822 0.02291287847 0.5
4104 4107 0 0 0.5
4106 4110 0 0 0.5
4107 4108 0 0 0.5
4107 4109 0 0 0.5
4108 4110 0 0 0.5
4109 4110 0 0 0.5
4112 4115 3.398529094 0.05296225071 0.5
4112 4120 0 0 0.5
4112 4123 3.422718218 0.05454356057 0.5
4112 4135 3.398529094 0.05296225071 0.5
4112 4140 0 0 0.5
4113 4116 3.328062499 0.05454356057 0.5
4113 4118 2.979093822 0.02291287847 0.5
4113 4119 2.979093822 0.02291287847 0.5
4113 4124 3.422718218 0.05454356057 0.5
4113 4132 3.422718218 0.05454356057 0.5
4113 4134 3.422718218 0.05454356057 0.5
4114 4117 0 0 0.5
4114 4123 3.422718218 0.05454356057 0.5
4114 4133 3.422718218 0.05454356057 0.5
4115 4122 3.398529094 0.05296225071 0.5
4116 4120 0 0 0.5
4117 4118 0 0 0.5
4117 4119 0 0 0.5
4118 4120 0 0 0.5
4119 4120 0 0 0.5
4120 4122 0 0 0.5
4122 4125 3.398529094 0.05296225071 0.5
4122 4130 0 0 0.5
4122 4133 3.422718218 0.05454356057 0.5
4123 4126 3.328062499 0.05454356057 0.5
4123 4128 2.979093822 0.02291287847 0.5
4123 4129 2.979093822 0.02291287847 0.5
4123 4134 3.422718218 0.05454356057 0.5
4124 4127 0 0 0.5
4124 4133 3.422718218 0.05454356057 0.5
4125 4132 3.398529094 0.05296225071 0.5
4126 4130 0 0 0.5
4127 4128 0 0 0.5
4127 4129 0 0 0.5
4128 4130 0 0 0.5
4129 4130 0 0 0.5
4130 4132 0 0 0.5
4132 4135 3.398529094 0.05296225071 0.5
4132 4140 0 0 0.5
4133 4136 3.328062499 0.05454356057 0.5
4133 4138 2.979093822 0.02291287847 0.5
4133 4139 2.979093822 0.02291287847 0.5
4134 4137 0 0 0.5
4136 4140 0 0 0.5
4137 4138 0 0 0.5
4137 4139 0 0 0.5
4138 4140 0 0 0.5
4139 4140 0 0 0.5
4142 4145 3.398529094 0.05296225071 0.5
4142 4150 0 0 0.5
4142 4153 3.422718218 0.05454356057 0.5
4142 4165 3.398529094 0.05296225071 0.5
4142 4170 0 0 0.5
4143 4146 3.328062499 0.05454356057 0.5
4143 4148 2.979093822 0.02291287847 0.5
4143 4149 2.979093822 0.02291287847 0.5
4143 4154 3.422718218 0.05454356057 0.5
4143 4162 3.422718218 0.05454356057 0.5
4143 4164 3.422718218 0.05454356057 0.5
4144 4147 0 0 0.5
4144 4153 3.422718218 0.05454356057 0.5
4144 4163 3.422718218 0.05454356057 0.5
4145 4152 3.398529094 0.05296225071 0.5
4146 4150 0 0 0.5
4147 4148 0 0 0.5
4147 4149 0 0 0.5
4148 4150 0 0 0.5
4149 4150 0 0 0.5
4150 4152 0 0 0.5
4152 4155 3.398529094 0.05296225071 0.5
4152 4160 0 0 0.5
4152 4163 3.422718218 0.05454356057 0.5
4153 4156 3.328062499 0.05454356057 0.5
4153 4158 2.979093822 0.02291287847 0.5
4153 4159 2.979093822 0.02291287847 0.5
4153 4164 3.422718218 0.05454356057 0.5
4154 4157 0 0 0.5
4154 4163 3.422718218 0.05454356057 0.5
4155 4162 3.398529094 0.05296225071 0.5
4156 4160 0 0 0.5
4157 4158 0 0 0.5
4157 4159 0 0 0.5
4158 4160 0 0 0.5
4159 4160 0 0 0.5
4160 4162 0 0 0.5
4162 4165 3.398529094 0.05296225071 0.5
4162 4170 0 0 0.5
4163 4166 3.328062499 0.05454356057 0.5
4163 4168 2.979093822 0.02291287847 0.5
4163 4169 2.979093822 0.02291287847 0.5
4164 4167 0 0 0.5
4166 4170 0 0 0.5
4167 4168 0 0 0.5
4167 4169 0 0 0.5
4168 4170 0 0 0.5
4169 4170 0 0 0.5
4172 4175 3.398529094 0.05296225071 0.5
4172 4180 0 0 0.5
4172 4183 3.422718218 0.05454356057 0.5
4172 4195 3.398529094 0.05296225071 0.5
4172 4200 0 0 0.5
4173 4176 3.328062499 0.05454356057 0.5
4173 4178 2.979093822 0.02291287847 0.5
4173 4179 2.979093822 0.02291287847 0.5
4173 4184 3.422718218 0.05454356057 0.5
4173 4192 3.422718218 0.05454356057 0.5
4173 4194 3.422718218 0.05454356057 0.5
4174 4177 0 0 0.5
4174 4183 3.422718218 0.05454356057 0.5
4174 4193 3.422718218 0.05454356057 0.5
4175 4182 3.398529094 0.05296225071 0.5
4176 4180 0 0 0.5
4177 4178 0 0 0.5
4177 4179 0 0 0.5
4178 4180 0 0 0.5
4179 4180 0 0 0.5
4180 4182 0 0 0.5
4182 4185 3.398529094 0.05296225071 0.5
4182 4190 0 0 0.5
4182 4193 3.422718218 0.05454356057 0.5
4183 4186 3.328062499 0.05454356057 0.5
4183 4188 2.979093822 0.02291287847 0.5
4183 4189 2.979093822 0.02291287847 0.5
4183 4194 3.422718218 0.05454356057 0.5
4184 4187 0 0 0.5
4184 4193 3.422718218 0.05454356057 0.5
4185 4192 3.398529094 0.05296225071 0.5
4186 4190 0 0 0.5
4187 4188 0 0 0.5
4187 4189 0 0 0.5
4188 4190 0 0 0.5
4189 4190 0 0 0.5
4190 4192 0 0 0.5
4192 4195 3.398529094 0.05296225071 0.5
4192 4200 0 0 0.5
4193 4196 3.328062499 0.05454356057 0.5
4193 4198 2.979093822 0.02291287847 0.5
4193 4199 2.979093822 0.02291287847 0.5
4194 4197 0 0 0.5
4196 4200 0 0 0.5
4197 4198 0 0 0.5
4197 4199 0 0 0.5
4198 4200 0 0 0.5
4199 4200 0 0 0.5
4202 4205 3.398529094 0.05296225071 0.5
4202 4210 0 0 0.5
4202 4213 3.422718218 0.05454356057 0.5
4202 4225 3.398529094 0.05296225071 0.5
4202 4230 0 0 0.5
4203 4206 3.328062499 0.05454356057 0.5
4203 4208 2.979093822 0.02291287847 0.5
4203 4209 2.979093822 0.02291287847 0.5
4203 4214 3.422718218 0.05454356057 0.5
4203 4222 3.422718218 0.05454356057 0.5
4203 4224 3.422718218 0.05454356057 0.5
4204 4207 0 0 0.5
4204 4213 3.422718218 0.05454356057 0.5
4204 4223 3.422718218 0.05454356057 0.5
4205 4212 3.398529094 0.05296225071 0.5
4206 4210 0 0 0.5
4207 4208 0 0 0.5
4207 4209 0 0 0.5
4208 4210 0 0 0.5
4209 4210 0 0 0.5
4210 4212 0 0 0.5
4212 4215 3.398529094 0.05296225071 0.5
4212 4220 0 0 0.5
4212 4223 3.422718218 0.05454356057 0.5
4213 4216 3.328062499 0.05454356057 0.5
4213 4218 2.979093822 0.02291287847 0.5
4213 4219 2.979093822 0.02291287847 0.5
4213 4224 3.422718218 0.05454356057 0.5
4214 4217 0 0 0.5
4214 4223 3.422718218 0.05454356057 0.5
4215 4222 3.398529094 0.05296225071 0.5
4216 4220 0 0 0.5
4217 4218 0 0 0.5
4217 4219 0 0 0.5
4218 4220 0 0 0.5
4219 4220 0 0 0.5
4220 4222 0 0 0.5
4222 4225 3.398529094 0.05296225071 0.5
4222 4230 0 0 0.5
4223 4226 3.328062499 0.05454356057 0.5
4223 4228 2.979093822 0.02291287847 0.5
4223 4229 2.979093822 0.02291287847 0.5
4224 4227 0 0 0.5
4226 4230 0 0 0.5
4227 4228 0 0 0.5
4227 4229 0 0 0.5
4228 4230 0 0 0.5
4229 4230 0 0 0.5
4232 4235 3.398529094 0.05296225071 0.5
4232 4240 0 0 0.5
4232 4243 3.422718218 0.05454356057 0.5
4232 4255 3.398529094 0.05296225071 0.5
4232 4260 0 0 0.5
4233 4236 3.328062499 0.05454356057 0.5
4233 4238 2.979093822 0.02291287847 0.5
4233 4239 2.979093822 0.02291287847 0.5
4233 4244 3.422718218 0.05454356057 0.5
4233 4252 3.422718218 0.05454356057 0.5
4233 4254 3.422718218 0.05454356057 0.5
4234 4237 0 0 0.5
4234 4243 3.422718218 0.05454356057 0.5
4234 4253 3.422718218 0.05454356057 0.5
4235 4242 3.398529094 0.05296225071 0.5
4236 4240 0 0 0.5
4237 4238 0 0 0.5
4237 4239 0 0 0.5
4238 4240 0 0 0.5
4239 4240 0 0 0.5
4240 4242 0 0 0.5
4242 4245 3.398529094 0.05296225071 0.5
4242 4250 0 0 0.5
4242 4253 3.422718218 0.05454356057 0.5
4243 4246 3.328062499 0.05454356057 0.5
4243 4248 2.979093822 0.02291287847 0.5
4243 4249 2.979093822 0.02291287847 0.5
4243 4254 3.422718218 0.05454356057 0.5
4244 4247 0 0 0.5
4244 4253 3.422718218 0.05454356057 0.5
4245 4252 3.398529094 0.05296225071 0.5
4246 4250 0 0 0.5
4247 4248 0 0 0.5
4247 4249 0 0 0.5
4248 4250 0 0 0.5
4249 4250 0 0 0.5
4250 4252 0 0 0.5
4252 4255 3.398529094 0.05296225071 0.5
4252 4260 0 0 0.5
4253 4256 3.328062499 0.05454356057 0.5
4253 4258 2.979093822 0.02291287847 0.5
4253 4259 2.979093822 0.02291287847 0.5
4254 4257 0 0 0.5
4256 4260 0 0 0.5
4257 4258 0 0 0.5
4257 4259 0 0 0.5
4258 4260 0 0 0.5
4259 4260 0 0 0.5
4262 4265 3.398529094 0.05296225071 0.5
4262 4270 0 0 0.5
4262 4273 3.422718218 0.05454356057 0.5
4262 4285 3.398529094 0.05296225071 0.5
4262 4290 0 0 0.5
4263 4266 3.328062499 0.05454356057 0.5
4263 4268 2.979093822 0.02291287847 0.5
4263 4269 2.979093822 0.02291287847 0.5
4263 4274 3.422718218 0.05454356057 0.5
4263 4282 3.422718218 0.05454356057 0.5
4263 4284 3.422718218 0.05454356057 0.5
4264 4267 0 0 0.5
4264 4273 3.422718218 0.05454356057 0.5
4264 4283 3.422718218 0.05454356057 0.5
4265 4272 3.398529094 0.05296225071 0.5
4266 4270 0 0 0.5
4267 4268 0 0 0.5
4267 4269 0 0 0.5
4268 4270 0 0 0.5
4269 4270 0 0 0.5
4270 4272 0 0 0.5
4272 4275 3.398529094 0.05296225071 0.5
4272 4280 0 0 0.5
4272 4283 3.422718218 0.05454356057 0.5
4273 4276 3.328062499 0.05454356057 0.5
4273 4278 2.979093822 0.02291287847 0.5
4273 4279 2.979093822 0.02291287847 0.5
4273 4284 3.422718218 0.05454356057 0.5
4274 4277 0 0 0.5
4274 4283 3.422718218 0.05454356057 0.5
4275 4282 3.398529094 0.05296225071 0.5
4276 4280 0 0 0.5
4277 4278 0 0 0.5
4277 4279 0 0 0.5
4278 4280 0 0 0.5
4279 4280 0 0 0.5
4280 4282 0 0 0.5
4282 4285 3.398529094 0.05296225071 0.5
4282 4290 0 0 0.5
4283 4286 3.328062499 0.05454356057 0.5
4283 4288 2.979093822 0.02291287847 0.5
4283 4289 2.979093822 0.02291287847 0.5
4284 4287 0 0 0.5
4286 4290 0 0 0.5
4287 4288 0 0 0.5
4287 4289 0 0 0.5
4288 4290 0 0 0.5
4289 4290 0 0 0.5
4292 4295 3.398529094 0.05296225071 0.5
4292 4300 0 0 0.5
4292 4303 3.422718218 0.05454356057 0.5
4292 4315 3.398529094 0.05296225071 0.5
4292 4320 0 0 0.5
4293 4296 3.328062499 0.05454356057 0.5
4293 4298 2.979093822 0.02291287847 0.5
4293 4299 2.979093822 0.02291287847 0.5
4293 4304 3.422718218 0.05454356057 0.5
4293 4312 3.422718218 0.05454356057 0.5
4293 4314 3.422718218 0.05454356057 0.5
4294 4297 0 0 0.5
4294 4303 3.422718218 0.05454356057 0.5
4294 4313 3.422718218 0.05454356057 0.5
4295 4302 3.398529094 0.05296225071 0.5
4296 4300 0 0 0.5
4297 4298 0 0 0.5
4297 4299 0 0 0.5
4298 4300 0 0 0.5
4299 4300 0 0 0.5
4300 4302 0 0 0.5
4302 4305 3.398529094 0.05296225071 0.5
4302 4310 0 0 0.5
4302 4313 3.422718218 0.05454356057 0.5
4303 4306 3.328062499 0.05454356057 0.5
4303 4308 2.979093822 0.02291287847 0.5
4303 4309 2.979093822 0.02291287847 0.5
4303 4314 3.422718218 0.05454356057 0.5
4304 4307 0 0 0.5
4304 4313 3.422718218 0.05454356057 0.5
4305 4312 3.398529094 0.05296225071 0.5
4306 4310 0 0 0.5
4307 4308 0 0 0.5
4307 4309 0 0 0.5
4308 4310 0 0 0.5
4309 4310 0 0 0.5
4310 4312 0 0 0.5
4312 4315 3.398529094 0.05296225071 0.5
4312 4320 0 0 0.5
4313 4316 3.328062499 0.05454356057 0.5
4313 4318 2.979093822 0.02291287847 0.5
4313 4319 2.979093822 0.02291287847 0.5
4314 4317 0 0 0.5
4316 4320 0 0 0.5
4317 4318 0 0 0.5
4317 4319 0 0 0.5
4318 4320 0 0 0.5
4319 4320 0 0 0.5
4322 4325 3.398529094 0.05296225071 0.5
4322 4330 0 0 0.5
4322 4333 3.422718218 0.05454356057 0.5
4322 4345 3.398529094 0.05296225071 0.5
4322 4350 0 0 0.5
4323 4326 3.328062499 0.05454356057 0.5
4323 4328 2.979093822 0.02291287847 0.5
4323 4329 2.979093822 0.02291287847 0.5
4323 4334 3.422718218 0.05454356057 0.5
4323 4342 3.422718218 0.05454356057 0.5
4323 4344 3.422718218 0.05454356057 0.5
4324 4327 0 0 0.5
4324 4333 3.422718218 0.05454356057 0.5
4324 4343 3.422718218 0.05454356057 0.5
4325 4332 3.398529094 0.05296225071 0.5
4326 4330 0 0 0.5
4327 4328 0 0 0.5
4327 4329 0 0 0.5
4328 4330 0 0 0.5
4329 4330 0 0 0.5
4330 4332 0 0 0.5
4332 4335 3.398529094 0.05296225071 0.5
4332 4340 0 0 0.5
4332 4343 3.422718218 0.05454356057 0.5
4333 4336 3.328062499 0.05454356057 0.5
4333 4338 2.979093822 0.02291287847 0.5
4333 4339 2.979093822 0.02291287847 0.5
4333 4344 3.422718218 0.05454356057 0.5
4334 4337 0 0 0.5
4334 4343 3.422718218 0.05454356057 0.5
4335 4342 3.398529094 0.05296225071 0.5
4336 4340 0 0 0.5
4337 4338 0 0 0.5
4337 4339 0 0 0.5
4338 4340 0 0 0.5
4339 4340 0 0 0.5
4340 4342 0 0 0.5
4342 4345 3.398529094 0.05296225071 0.5
4342 4350 0 0 0.5
4343 4346 3.328062499 0.05454356057 0.5
4343 4348 2.979093822 0.02291287847 0.5
4343 4349 2.979093822 0.02291287847 0.5
4344 4347 0 0 0.5
4346 4350 0 0 0.5
4347 4348 0 0 0.5
4347 4349 0 0 0.5
4348 4350 0 0 0.5
4349 4350 0 0 0.5
4352 4355 3.398529094 0.05296225071 0.5
4352 4360 0 0 0.5
4352 4363 3.422718218 0.05454356057 0.5
4352 4375 3.398529094 0.05296225071 0.5
4352 4380 0 0 0.5
4353 4356 3.328062499 0.05454356057 0.5
4353 4358 2.979093822 0.02291287847 0.5
4353 4359 2.979093822 0.02291287847 0.5
4353 4364 3.422718218 0.05454356057 0.5
4353 4372 3.422718218 0.05454356057 0.5
4353 4374 3.422718218 0.05454356057 0.5
4354 4357 0 0 0.5
4354 4363 3.422718218 0.05454356057 0.5
4354 4373 3.422718218 0.05454356057 0.5
4355 4362 3.398529094 0.05296225071 0.5
4356 4360 0 0 0.5
4357 4358 0 0 0.5
4357 4359 0 0 0.5
4358 4360 0 0 0.5
4359 4360 0 0 0.5
4360 4362 0 0 0.5
4362 4365 3.398529094 0.05296225071 0.5
4362 4370 0 0 0.5
4362 4373 3.422718218 0.05454356057 0.5
4363 4366 3.328062499 0.05454356057 0.5
4363 4368 2.979093822 0.02291287847 0.5
4363 4369 2.979093822 0.02291287847 0.5
4363 4374 3.422718218 0.05454356057 0.5
4364 4367 0 0 0.5
4364 4373 3.422718218 0.05454356057 0.5
4365 4372 3.398529094 0.05296225071 0.5
4366 4370 0 0 0.5
4367 4368 0 0 0.5
4367 4369 0 0 0.5
4368 4370 0 0 0.5
4369 4370 0 0 0.5
4370 4372 0 0 0.5
4372 4375 3.398529094 0.05296225071 0.5
4372 4380 0 0 0.5
4373 4376 3.328062499 0.05454356057 0.5
4373 4378 2.979093822 0.02291287847 0.5
4373 4379 2.979093822 0.02291287847 0.5
4374 4377 0 0 0.5
4376 4380 0 0 0.5
4377 4378 0 0 0.5
4377 4379 0 0 0.5
4378 4380 0 0 0.5
4379 4380 0 0 0.5
4382 4385 3.398529094 0.05296225071 0.5
4382 4390 0 0 0.5
4382 4393 3.422718218 0.05454356057 0.5
4382 4405 3.398529094 0.05296225071 0.5
4382 4410 0 0 0.5
4383 4386 3.328062499 0.05454356057 0.5
4383 4388 2.979093822 0.02291287847 0.5
4383 4389 2.979093822 0.02291287847 0.5
4383 4394 3.422718218 0.05454356057 0.5
4383 4402 3.422718218 0.05454356057 0.5
4383 4404 3.422718218 0.05454356057 0.5
4384 4387 0 0 0.5
4384 4393 3.422718218 0.05454356057 0.5
4384 4403 3.422718218 0.05454356057 0.5
4385 4392 3.398529094 0.05296225071 0.5
4386 4390 0 0 0.5
4387 4388 0 0 0.5
4387 4389 0 0 0.5
4388 4390 0 0 0.5
4389 4390 0 0 0.5
4390 4392 0 0 0.5
4392 4395 3.398529094 0.05296225071 0.5
4392 4400 0 0 0.5
4392 4403 3.422718218 0.05454356057 0.5
4393 4396 3.328062499 0.05454356057 0.5
4393 4398 2.979093822 0.02291287847 0.5
4393 4399 2.979093822 0.02291287847 0.5
4393 4404 3.422718218 0.05454356057 0.5
4394 4397 0 0 0.5
4394 4403 3.422718218 0.05454356057 0.5
4395 4402 3.398529094 0.05296225071 0.5
4396 4400 0 0 0.5
4397 4398 0 0 0.5
4397 4399 0 0 0.5
4398 4400 0 0 0.5
4399 4400 0 0 0.5
4400 4402 0 0 0.5
4402 4405 3.398529094 0.05296225071 0.5
4402 4410 0 0 0.5
4403 4406 3.328062499 0.05454356057 0.5
4403 4408 2.979093822 0.02291287847 0.5
4403 4409 2.979093822 0.02291287847 0.5
4404 4407 0 0 0.5
4406 4410 0 0 0.5
4407 4408 0 0 0.5
4407 4409 0 0 0.5
4408 4410 0 0 0.5
4409 4410 0 0 0.5
4412 4415 3.398529094 0.05296225071 0.5
4412 4420 0 0 0.5
4412 4423 3.422718218 0.05454356057 0.5
4412 4435 3.398529094 0.05296225071 0.5
4412 4440 0 0 0.5
4413 4416 3.328062499 0.05454356057 0.5
4413 4418 2.979093822 0.02291287847 0.5
4413 4419 2.979093822 0.02291287847 0.5
4413 4424 3.422718218 0.05454356057 0.5
4413 4432 3.422718218 0.05454356057 0.5
4413 4434 3.422718218 0.05454356057 0.5
4414 4417 0 0 0.5
4414 4423 3.422718218 0.05454356057 0.5
4414 4433 3.422718218 0.05454356057 0.5
4415 4422 3.398529094 0.05296225071 0.5
4416 4420 0 0 0.5
4417 4418 0 0 0.5
4417 4419 0 0 0.5
4418 4420 0 0 0.5
4419 4420 0 0 0.5
4420 4422 0 0 0.5
4422 4425 3.398529094 0.05296225071 0.5
4422 4430 0 0 0.5
4422 4433 3.422718218 0.05454356057 0.5
4423 4426 3.328062499 0.05454356057 0.5
4423 4428 2.979093822 0.02291287847 0.5
4423 4429 2.979093822 0.02291287847 0.5
4423 4434 3.422718218 0.05454356057 0.5
4424 4427 0 0 0.5
4424 4433 3.422718218 0.05454356057 0.5
4425 4432 3.398529094 0.05296225071 0.5
4426 4430 0 0 0.5
4427 4428 0 0 0.5
4427 4429 0 0 0.5
4428 4430 0 0 0.5
4429 4430 0 0 0.5
4430 4432 0 0 0.5
4432 4435 3.398529094 0.05296225071 0.5
4432 4440 0 0 0.5
4433 4436 3.328062499 0.05454356057 0.5
4433 4438 2.979093822 0.02291287847 0.5
4433 4439 2.979093822 0.02291287847 0.5
4434 4437 0 0 0.5
4436 4440 0 0 0.5
4437 4438 0 0 0.5
4437 4439 0 0 0.5
4438 4440 0 0 0.5
4439 4440 0 0 0.5
4442 4445 3.398529094 0.05296225071 0.5
4442 4450 0 0 0.5
4442 4453 3.422718218 0.05454356057 0.5
4442 4465 3.398529094 0.05296225071 0.5
4442 4470 0 0 0.5
4443 4446 3.328062499 0.05454356057 0.5
4443 4448 2.979093822 0.02291287847 0.5
4443 4449 2.979093822 0.02291287847 0.5
4443 4454 3.422718218 0.05454356057 0.5
4443 4462 3.422718218 0.05454356057 0.5
4443 4464 3.422718218 0.05454356057 0.5
4444 4447 0 0 0.5
4444 4453 3.422718218 0.05454356057 0.5
4444 4463 3.422718218 0.05454356057 0.5
4445 4452 3.398529094 0.05296225071 0.5
4446 4450 0 0 0.5
4447 4448 0 0 0.5
4447 4449 0 0 0.5
4448 4450 0 0 0.5
4449 4450 0 0 0.5
4450 4452 0 0 0.5
4452 4455 3.398529094 0.05296225071 0.5
4452 4460 0 0 0.5
4452 4463 3.422718218 0.05454356057 0.5
4453 4456 3.328062499 0.05454356057 0.5
4453 4458 2.979093822 0.02291287847 0.5
4453 4459 2.979093822 0.02291287847 0.5
4453 4464 3.422718218 0.05454356057 0.5
4454 4457 0 0 0.5
4454 4463 3.422718218 0.05454356057 0.5
4455 4462 3.398529094 0.05296225071 0.5
4456 4460 0 0 0.5
4457 4458 0 0 0.5
4457 4459 0 0 0.5
4458 4460 0 0 0.5
4459 4460 0 0 0.5
4460 4462 0 0 0.5
4462 4465 3.398529094 0.05296225071 0.5
4462 4470 0 0 0.5
4463 4466 3.328062499 0.05454356057 0.5
4463 4468 2.979093822 0.02291287847 0.5
4463 4469 2.979093822 0.02291287847 0.5
4464 4467 0 0 0.5
4466 4470 0 0 0.5
4467 4468 0 0 0.5
4467 4469 0 0 0.5
4468 4470 0 0 0.5
4469 4470 0 0 0.5
4472 4475 3.398529094 0.05296225071 0.5
4472 4480 0 0 0.5
4472 4483 3.422718218 0.05454356057 0.5
4472 4495 3.398529094 0.05296225071 0.5
4472 4500 0 0 0.5
4473 4476 3.328062499 0.05454356057 0.5
4473 4478 2.979093822 0.02291287847 0.5
4473 4479 2.979093822 0.02291287847 0.5
4473 4484 3.422718218 0.05454356057 0.5
4473 4492 3.422718218 0.05454356057 0.5
4473 4494 3.422718218 0.05454356057 0.5
4474 4477 0 0 0.5
4474 4483 3.422718218 0.05454356057 0.5
4474 4493 3.422718218 0.05454356057 0.5
4475 4482 3.398529094 0.05296225071 0.5
4476 4480 0 0 0.5
4477 4478 0 0 0.5
4477 4479 0 0 0.5
4478 4480 0 0 0.5
4479 4480 0 0 0.5
4480 4482 0 0 0.5
4482 4485 3.398529094 0.05296225071 0.5
4482 4490 0 0 0.5
4482 4493 3.422718218 0.05454356057 0.5
4483 4486 3.328062499 0.05454356057 0.5
4483 4488 2.979093822 0.02291287847 0.5
4483 4489 2.979093822 0.02291287847 0.5
4483 4494 3.422718218 0.05454356057 0.5
4484 4487 0 0 0.5
4484 4493 3.422718218 0.05454356057 0.5
4485 4492 3.398529094 0.05296225071 0.5
4486 4490 0 0 0.5
4487 4488 0 0 0.5
4487 4489 0 0 0.5
4488 4490 0 0 0.5
4489 4490 0 0 0.5
4490 4492 0 0 0.5
4492 4495 3.398529094 0.05296225071 0.5
4492 4500 0 0 0.5
4493 4496 3.328062499 0.05454356057 0.5
4493 4498 2.979093822 0.02291287847 0.5
4493 4499 2.979093822 0.02291287847 0.5
4494 4497 0 0 0.5
4496 4500 0 0 0.5
4497 4498 0 0 0.5
4497 4499 0 0 0.5
4498 4500 0 0 0.5
4499 4500 0 0 0.5
4502 4505 3.398529094 0.05296225071 0.5
4502 4510 0 0 0.5
4502 4513 3.422718218 0.05454356057 0.5
4502 4525 3.398529094 0.05296225071 0.5
4502 4530 0 0 0.5
4503 4506 3.328062499 0.05454356057 0.5
4503 4508 2.979093822 0.02291287847 0.5
4503 4509 2.979093822 0.02291287847 0.5
4503 4514 3.422718218 0.05454356057 0.5
4503 4522 3.422718218 0.05454356057 0.5
4503 4524 3.422718218 0.05454356057 0.5
4504 4507 0 0 0.5
4504 4513 3.422718218 0.05454356057 0.5
4504 4523 3.422718218 0.05454356057 0.5
4505 4512 3.398529094 0.05296225071 0.5
4506 4510 0 0 0.5
4507 4508 0 0 0.5
4507 4509 0 0 0.5
4508 4510 0 0 0.5
4509 4510 0 0 0.5
4510 4512 0 0 0.5
4512 4515 3.398529094 0.05296225071 0.5
4512 4520 0 0 0.5
4512 4523 3.422718218 0.05454356057 0.5
4513 4516 3.328062499 0.05454356057 0.5
4513 4518 2.979093822 0.02291287847 0.5
4513 4519 2.979093822 0.02291287847 0.5
4513 4524 3.422718218 0.05454356057 0.5
4514 4517 0 0 0.5
4514 4523 3.422718218 0.05454356057 0.5
4515 4522 3.398529094 0.05296225071 0.5
4516 4520 0 0 0.5
4517 4518 0 0 0.5
4517 4519 0 0 0.5
4518 4520 0 0 0.5
4519 4520 0 0 0.5
4520 4522 0 0 0.5
4522 4525 3.398529094 0.05296225071 0.5
4522 4530 0 0 0.5
4523 4526 3.328062499 0.05454356057 0.5
4523 4528 2.979093822 0.02291287847 0.5
4523 4529 2.979093822 0.02291287847 0.5
4524 4527 0 0 0.5
4526 4530 0 0 0.5
4527 4528 0 0 0.5
4527 4529 0 0 0.5
4528 4530 0 0 0.5
4529 4530 0 0 0.5
4532 4535 3.398529094 0.05296225071 0.5
4532 4540 0 0 0.5
4532 4543 3.422718218 0.05454356057 0.5
4532 4555 3.398529094 0.05296225071 0.5
4532 4560 0 0 0.5
4533 4536 3.328062499 0.05454356057 0.5
4533 4538 2.979093822 0.02291287847 0.5
4533 4539 2.979093822 0.02291287847 0.5
4533 4544 3.422718218 0.05454356057 0.5
4533 4552 3.422718218 0.05454356057 0.5
4533 4554 3.422718218 0.05454356057 0.5
4534 4537 0 0 0.5
4534 4543 3.422718218 0.05454356057 0.5
4534 4553 3.422718218 0.05454356057 0.5
4535 4542 3.398529094 0.05296225071 0.5
4536 4540 0 0 0.5
4537 4538 0 0 0.5
4537 4539 0 0 0.5
4538 4540 0 0 0.5
4539 4540 0 0 0.5
4540 4542 0 0 0.5
4542 4545 3.398529094 0.05296225071 0.5
4542 4550 0 0 0.5
4542 4553 3.422718218 0.05454356057 0.5
4543 4546 3.328062499 0.05454356057 0.5
4543 4548 2.979093822 0.02291287847 0.5
4543 4549 2.979093822 0.02291287847 0.5
4543 4554 3.422718218 0.05454356057 0.5
4544 4547 0 0 0.5
4544 4553 3.422718218 0.05454356057 0.5
4545 4552 3.398529094 0.05296225071 0.5
4546 4550 0 0 0.5
4547 4548 0 0 0.5
4547 4549 0 0 0.5
4548 4550 0 0 0.5
4549 4550 0 0 0.5
4550 4552 0 0 0.5
4552 4555 3.398529094 0.05296225071 0.5
4552 4560 0 0 0.5
4553 4556 3.328062499 0.05454356057 0.5
4553 4558 2.979093822 0.02291287847 0.5
4553 4559 2.979093822 0.02291287847 0.5
4554 4557 0 0 0.5
4556 4560 0 0 0.5
4557 4558 0 0 0.5
4557 4559 0 0 0.5
4558 4560 0 0 0.5
4559 4560 0 0 0.5
4562 4565 3.398529094 0.05296225071 0.5
4562 4570 0 0 0.5
4562 4573 3.422718218 0.05454356057 0.5
4562 4585 3.398529094 0.05296225071 0.5
4562 4590 0 0 0.5
4563 4566 3.328062499 0.05454356057 0.5
4563 4568 2.979093822 0.02291287847 0.5
4563 4569 2.979093822 0.02291287847 0.5
4563 4574 3.422718218 0.05454356057 0.5
4563 4582 3.422718218 0.05454356057 0.5
4563 4584 3.422718218 0.05454356057 0.5
4564 4567 0 0 0.5
4564 4573 3.422718218 0.05454356057 0.5
4564 4583 3.422718218 0.05454356057 0.5
4565 4572 3.398529094 0.05296225071 0.5
4566 4570 0 0 0.5
4567 4568 0 0 0.5
4567 4569 0 0 0.5
4568 4570 0 0 0.5
4569 4570 0 0 0.5
4570 4572 0 0 0.5
4572 4575 3.398529094 0.05296225071 0.5
4572 4580 0 0 0.5
4572 4583 3.422718218 0.05454356057 0.5
4573 4576 3.328062499 0.05454356057 0.5
4573 4578 2.979093822 0.02291287847 0.5
4573 4579 2.979093822 0.02291287847 0.5
4573 4584 3.422718218 0.05454356057 0.5
4574 4577 0 0 0.5
4574 4583 3.422718218 0.05454356057 0.5
4575 4582 3.398529094 0.05296225071 0.5
4576 4580 0 0 0.5
4577 4578 0 0 0.5
4577 4579 0 0 0.5
4578 4580 0 0 0.5
4579 4580 0 0 0.5
4580 4582 0 0 0.5
4582 4585 3.398529094 0.05296225071 0.5
4582 4590 0 0 0.5
4583 4586 3.328062499 0.05454356057 0.5
4583 4588 2.979093822 0.02291287847 0.5
4583 4589 2.979093822 0.02291287847 0.5
4584 4587 0 0 0.5
4586 4590 0 0 0.5
4587 4588 0 0 0.5
4587 4589 0 0 0.5
4588 4590 0 0 0.5
4589 4590 0 0 0.5
4592 4595 3.398529094 0.05296225071 0.5
4592 4600 0 0 0.5
4592 4603 3.422718218 0.05454356057 0.5
4592 4615 3.398529094 0.05296225071 0.5
4592 4620 0 0 0.5
4593 4596 3.328062499 0.05454356057 0.5
4593 4598 2.979093822 0.02291287847 0.5
4593 4599 2.979093822 0.02291287847 0.5
4593 4604 3.422718218 0.05454356057 0.5
4593 4612 3.422718218 0.05454356057 0.5
4593 4614 3.422718218 0.05454356057 0.5
4594 4597 0 0 0.5
4594 4603 3.422718218 0.05454356057 0.5
4594 4613 3.422718218 0.05454356057 0.5
4595 4602 3.398529094 0.05296225071 0.5
4596 4600 0 0 0.5
4597 4598 0 0 0.5
4597 4599 0 0 0.5
4598 4600 0 0 0.5
4599 4600 0 0 0.5
4600 4602 0 0 0.5
4602 4605 3.398529094 0.05296225071 0.5
4602 4610 0 0 0.5
4602 4613 3.422718218 0.05454356057 0.5
4603 4606 3.328062499 0.05454356057 0.5
4603 4608 2.979093822 0.02291287847 0.5
4603 4609 2.979093822 0.02291287847 0.5
4603 4614 3.422718218 0.05454356057 0.5
4604 4607 0 0 0.5
4604 4613 3.422718218 0.05454356057 0.5
4605 4612 3.398529094 0.05296225071 0.5
4606 4610 0 0 0.5
4607 4608 0 0 0.5
4607 4609 0 0 0.5
4608 4610 0 0 0.5
4609 4610 0 0 0.5
4610 4612 0 0 0.5
4612 4615 3.398529094 0.05296225071 0.5
4612 4620 0 0 0.5
4613 4616 3.328062499 0.05454356057 0.5
4613 4618 2.979093822 0.02291287847 0.5
4613 4619 2.979093822 0.02291287847 0.5
4614 4617 0 0 0.5
4616 4620 0 0 0.5
4617 4618 0 0 0.5
4617 4619 0 0 0.5
4618 4620 0 0 0.5
4619 4620 0 0 0.5
4622 4625 3.398529094 0.05296225071 0.5
4622 4630 0 0 0.5
4622 4633 3.422718218 0.05454356057 0.5
4622 4645 3.398529094 0.05296225071 0.5
4622 4650 0 0 0.5
4623 4626 3.328062499 0.05454356057 0.5
4623 4628 2.979093822 0.02291287847 0.5
4623 4629 2.979093822 0.02291287847 0.5
4623 4634 3.422718218 0.05454356057 0.5
4623 4642 3.422718218 0.05454356057 0.5
4623 4644 3.422718218 0.05454356057 0.5
4624 4627 0 0 0.5
4624 4633 3.422718218 0.05454356057 0.5
4624 4643 3.422718218 0.05454356057 0.5
4625 4632 3.398529094 0.05296225071 0.5
4626 4630 0 0 0.5
4627 4628 0 0 0.5
4627 4629 0 0 0.5
4628 4630 0 0 0.5
4629 4630 0 0 0.5
4630 4632 0 0 0.5
4632 4635 3.398529094 0.05296225071 0.5
4632 4640 0 0 0.5
4632 4643 3.422718218 0.05454356057 0.5
4633 4636 3.328062499 0.05454356057 0.5
4633 4638 2.979093822 0.02291287847 0.5
4633 4639 2.979093822 0.02291287847 0.5
4633 4644 3.422718218 0.05454356057 0.5
4634 4637 0 0 0.5
4634 4643 3.422718218 0.05454356057 0.5
4635 4642 3.398529094 0.05296225071 0.5
4636 4640 0 0 0.5
4637 4638 0 0 0.5
4637 4639 0 0 0.5
4638 4640 0 0 0.5
4639 4640 0 0 0.5
4640 4642 0 0 0.5
4642 4645 3.398529094 0.05296225071 0.5
4642 4650 0 0 0.5
4643 4646 3.328062499 0.05454356057 0.5
4643 4648 2.979093822 0.02291287847 0.5
4643 4649 2.979093822 0.02291287847 0.5
4644 4647 0 0 0.5
4646 4650 0 0 0.5
4647 4648 0 0 0.5
4647 4649 0 0 0.5
4648 4650 0 0 0.5
4649 4650 0 0 0.5
4652 4655 3.398529094 0.05296225071 0.5
4652 4660 0 0 0.5
4652 4663 3.422718218 0.05454356057 0.5
4652 4675 3.398529094 0.05296225071 0.5
4652 4680 0 0 0.5
4653 4656 3.328062499 0.05454356057 0.5
4653 4658 2.979093822 0.02291287847 0.5
4653 4659 2.979093822 0.02291287847 0.5
4653 4664 3.422718218 0.05454356057 0.5
4653 4672 3.422718218 0.05454356057 0.5
4653 4674 3.422718218 0.05454356057 0.5
4654 4657 0 0 0.5
4654 4663 3.422718218 0.05454356057 0.5
4654 4673 3.422718218 0.05454356057 0.5
4655 4662 3.398529094 0.05296225071 0.5
4656 4660 0 0 0.5
4657 4658 0 0 0.5
4657 4659 0 0 0.5
4658 4660 0 0 0.5
4659 4660 0 0 0.5
4660 4662 0 0 0.5
4662 4665 3.398529094 0.05296225071 0.5
4662 4670 0 0 0.5
4662 4673 3.422718218 0.05454356057 0.5
4663 4666 3.328062499 0.05454356057 0.5
4663 4668 2.979093822 0.02291287847 0.5
4663 4669 2.979093822 0.02291287847 0.5
4663 4674 3.422718218 0.05454356057 0.5
4664 4667 0 0 0.5
4664 4673 3.422718218 0.05454356057 0.5
4665 4672 3.398529094 0.05296225071 0.5
4666 4670 0 0 0.5
4667 4668 0 0 0.5
4667 4669 0 0 0.5
4668 4670 0 0 0.5
4669 4670 0 0 0.5
4670 4672 0 0 0.5
4672 4675 3.398529094 0.05296225071 0.5
4672 4680 0 0 0.5
4673 4676 3.328062499 0.05454356057 0.5
4673 4678 2.979093822 0.02291287847 0.5
4673 4679 2.979093822 0.02291287847 0.5
4674 4677 0 0 0.5
4676 4680 0 0 0.5
4677 4678 0 0 0.5
4677 4679 0 0 0.5
4678 4680 0 0 0.5
4679 4680 0 0 0.5
4682 4685 3.398529094 0.05296225071 0.5
4682 4690 0 0 0.5
4682 4693 3.422718218 0.05454356057 0.5
4682 4705 3.398529094 0.05296225071 0.5
4682 4710 0 0 0.5
4683 4686 3.328062499 0.05454356057 0.5
4683 4688 2.979093822 0.02291287847 0.5
4683 4689 2.979093822 0.02291287847 0.5
4683 4694 3.422718218 0.05454356057 0.5
4683 4702 3.422718218 0.05454356057 0.5
4683 4704 3.422718218 0.05454356057 0.5
4684 4687 0 0 0.5
4684 4693 3.422718218 0.05454356057 0.5
4684 4703 3.422718218 0.05454356057 0.5
4685 4692 3.398529094 0.05296225071 0.5
4686 4690 0 0 0.5
4687 4688 0 0 0.5
4687 4689 0 0 0.5
4688 4690 0 0 0.5
4689 4690 0 0 0.5
4690 4692 0 0 0.5
4692 4695 3.398529094 0.05296225071 0.5
4692 4700 0 0 0.5
4692 4703 3.422718218 0.05454356057 0.5
4693 4696 3.328062499 0.05454356057 0.5
4693 4698 2.979093822 0.02291287847 0.5
4693 4699 2.979093822 0.02291287847 0.5
4693 4704 3.422718218 0.05454356057 0.5
4694 4697 0 0 0.5
4694 4703 3.422718218 0.05454356057 0.5
4695 4702 3.398529094 0.05296225071 0.5
4696 4700 0 0 0.5
4697 4698 0 0 0.5
4697 4699 0 0 0.5
4698 4700 0 0 0.5
4699 4700 0 0 0.5
4700 4702 0 0 0.5
4702 4705 3.398529094 0.05296225071 0.5
4702 4710 0 0 0.5
4703 4706 3.328062499 0.05454356057 0.5
4703 4708 2.979093822 0.02291287847 0.5
4703 4709 2.979093822 0.02291287847 0.5
4704 4707 0 0 0.5
4706 4710 0 0 0.5
4707 4708 0 0 0.5
4707 4709 0 0 0.5
4708 4710 0 0 0.5
4709 4710 0 0 0.5
4712 4715 3.398529094 0.05296225071 0.5
4712 4720 0 0 0.5
4712 4723 3.422718218 0.05454356057 0.5
4712 4735 3.398529094 0.05296225071 0.5
4712 4740 0 0 0.5
4713 4716 3.328062499 0.05454356057 0.5
4713 4718 2.979093822 0.02291287847 0.5
4713 4719 2.979093822 0.02291287847 0.5
4713 4724 3.422718218 0.05454356057 0.5
4713 4732 3.422718218 0.05454356057 0.5
4713 4734 3.422718218 0.05454356057 0.5
4714 4717 0 0 0.5
4714 4723 3.422718218 0.05454356057 0.5
4714 4733 3.422718218 0.05454356057 0.5
4715 4722 3.398529094 0.05296225071 0.5
4716 4720 0 0 0.5
4717 4718 0 0 0.5
4717 4719 0 0 0.5
4718 4720 0 0 0.5
4719 4720 0 0 0.5
4720 4722 0 0 0.5
4722 4725 3.398529094 0.05296225071 0.5
4722 4730 0 0 0.5
4722 4733 3.422718218 0.05454356057 0.5
4723 4726 3.328062499 0.05454356057 0.5
4723 4728 2.979093822 0.02291287847 0.5
4723 4729 2.979093822 0.02291287847 0.5
4723 4734 3.422718218 0.05454356057 0.5
4724 4727 0 0 0.5
4724 4733 3.422718218 0.05454356057 0.5
4725 4732 3.398529094 0.05296225071 0.5
4726 4730 0 0 0.5
4727 4728 0 0 0.5
4727 4729 0 0 0.5
4728 4730 0 0 0.5
4729 4730 0 0 0.5
4730 4732 0 0 0.5
4732 4735 3.398529094 0.05296225071 0.5
4732 4740 0 0 0.5
4733 4736 3.328062499 0.05454356057 0.5
4733 4738 2.979093822 0.02291287847 0.5
4733 4739 2.979093822 0.02291287847 0.5
4734 4737 0 0 0.5
4736 4740 0 0 0.5
4737 4738 0 0 0.5
4737 4739 0 0 0.5
4738 4740 0 0 0.5
4739 4740 0 0 0.5
4742 4745 3.398529094 0.05296225071 0.5
4742 4750 0 0 0.5
4742 4753 3.422718218 0.05454356057 0.5
4742 4765 3.398529094 0.05296225071 0.5
4742 4770 0 0 0.5
4743 4746 3.328062499 0.05454356057 0.5
4743 4748 2.979093822 0.02291287847 0.5
4743 4749 2.979093822 0.02291287847 0.5
4743 4754 3.422718218 0.05454356057 0.5
4743 4762 3.422718218 0.05454356057 0.5
4743 4764 3.422718218 0.05454356057 0.5
4744 4747 0 0 0.5
4744 4753 3.422718218 0.05454356057 0.5
4744 4763 3.422718218 0.05454356057 0.5
4745 4752 3.398529094 0.05296225071 0.5
4746 4750 0 0 0.5
4747 4748 0 0 0.5
4747 4749 0 0 0.5
4748 4750 0 0 0.5
4749 4750 0 0 0.5
4750 4752 0 0 0.5
4752 4755 3.398529094 0.05296225071 0.5
4752 4760 0 0 0.5
4752 4763 3.422718218 0.05454356057 0.5
4753 4756 3.328062499 0.05454356057 0.5
4753 4758 2.979093822 0.02291287847 0.5
4753 4759 2.979093822 0.02291287847 0.5
4753 4764 3.422718218 0.05454356057 0.5
4754 4757 0 0 0.5
4754 4763 3.422718218 0.05454356057 0.5
4755 4762 3.398529094 0.05296225071 0.5
4756 4760 0 0 0.5
4757 4758 0 0 0.5
4757 4759 0 0 0.5
4758 4760 0 0 0.5
4759 4760 0 0 0.5
4760 4762 0 0 0.5
4762 4765 3.398529094 0.05296225071 0.5
4762 4770 0 0 0.5
4763 4766 3.328062499 0.05454356057 0.5
4763 4768 2.979093822 0.02291287847 0.5
4763 4769 2.979093822 0.02291287847 0.5
4764 4767 0 0 0.5
4766 4770 0 0 0.5
4767 4768 0 0 0.5
4767 4769 0 0 0.5
4768 4770 0 0 0.5
4769 4770 0 0 0.5
4772 4775 3.398529094 0.05296225071 0.5
4772 4780 0 0 0.5
4772 4783 3.422718218 0.05454356057 0.5
4772 4795 3.398529094 0.05296225071 0.5
4772 4800 0 0 0.5
4773 4776 3.328062499 0.05454356057 0.5
4773 4778 2.979093822 0.02291287847 0.5
4773 4779 2.979093822 0.02291287847 0.5
4773 4784 3.422718218 0.05454356057 0.5
4773 4792 3.422718218 0.05454356057 0.5
4773 4794 3.422718218 0.05454356057 0.5
4774 4777 0 0 0.5
4774 4783 3.422718218 0.05454356057 0.5
4774 4793 3.422718218 0.05454356057 0.5
4775 4782 3.398529094 0.05296225071 0.5
4776 4780 0 0 0.5
4777 4778 0 0 0.5
4777 4779 0 0 0.5
4778 4780 0 0 0.5
4779 4780 0 0 0.5
4780 4782 0 0 0.5
4782 4785 3.398529094 0.05296225071 0.5
4782 4790 0 0 0.5
4782 4793 3.422718218 0.05454356057 0.5
4783 4786 3.328062499 0.05454356057 0.5
4783 4788 2.979093822 0.02291287847 0.5
4783 4789 2.979093822 0.02291287847 0.5
4783 4794 3.422718218 0.05454356057 0.5
4784 4787 0 0 0.5
4784 4793 3.422718218 0.05454356057 0.5
4785 4792 3.398529094 0.05296225071 0.5
4786 4790 0 0 0.5
4787 4788 0 0 0.5
4787 4789 0 0 0.5
4788 4790 0 0 0.5
4789 4790 0 0 0.5
4790 4792 0 0 0.5
4792 4795 3.398529094 0.05296225071 0.5
4792 4800 0 0 0.5
4793 4796 3.328062499 0.05454356057 0.5
4793 4798 2.979093822 0.02291287847 0.5
4793 4799 2.979093822 0.02291287847 0.5
4794 4797 0 0 0.5
4796 4800 0 0 0.5
4797 4798 0 0 0.5
4797 4799 0 0 0.5
4798 4800 0 0 0.5
4799 4800 0 0 0.5
4802 4805 3.398529094 0.05296225071 0.5
4802 4810 0 0 0.5
4802 4813 3.422718218 0.05454356057 0.5
4802 4825 3.398529094 0.05296225071 0.5
4802 4830 0 0 0.5
4803 4806 3.328062499 0.05454356057 0.5
4803 4808 2.979093822 0.02291287847 0.5
4803 4809 2.979093822 0.02291287847 0.5
4803 4814 3.422718218 0.05454356057 0.5
4803 4822 3.422718218 0.05454356057 0.5
4803 4824 3.422718218 0.05454356057 0.5
4804 4807 0 0 0.5
4804 4813 3.422718218 0.05454356057 0.5
4804 4823 3.422718218 0.05454356057 0.5
4805 4812 3.398529094 0.05296225071 0.5
4806 4810 0 0 0.5
4807 4808 0 0 0.5
4807 4809 0 0 0.5
4808 4810 0 0 0.5
4809 4810 0 0 0.5
4810 4812 0 0 0.5
4812 4815 3.398529094 0.05296225071 0.5
4812 4820 0 0 0.5
4812 4823 3.422718218 0.05454356057 0.5
4813 4816 3.328062499 0.05454356057 0.5
4813 4818 2.979093822 0.02291287847 0.5
4813 4819 2.979093822 0.02291287847 0.5
4813 4824 3.422718218 0.05454356057 0.5
4814 4817 0 0 0.5
4814 4823 3.422718218 0.05454356057 0.5
4815 4822 3.398529094 0.05296225071 0.5
4816 4820 0 0 0.5
4817 4818 0 0 0.5
4817 4819 0 0 0.5
4818 4820 0 0 0.5
4819 4820 0 0 0.5
4820 4822 0 0 0.5
4822 4825 3.398529094 0.05296225071 0.5
4822 4830 0 0 0.5
4823 4826 3.328062499 0.05454356057 0.5
4823 4828 2.979093822 0.02291287847 0.5
4823 4829 2.979093822 0.02291287847 0.5
4824 4827 0 0 0.5
4826 4830 0 0 0.5
4827 4828 0 0 0.5
4827 4829 0 0 0.5
4828 4830 0 0 0.5
4829 4830 0 0 0.5
4832 4835 3.398529094 0.05296225071 0.5
4832 4840 0 0 0.5
4832 4843 3.422718218 0.05454356057 0.5
4832 4855 3.398529094 0.05296225071 0.5
4832 4860 0 0 0.5
4833 4836 3.328062499 0.05454356057 0.5
4833 4838 2.979093822 0.02291287847 0.5
4833 4839 2.979093822 0.02291287847 0.5
4833 4844 3.422718218 0.05454356057 0.5
4833 4852 3.422718218 0.05454356057 0.5
4833 4854 3.422718218 0.05454356057 0.5
4834 4837 0 0 0.5
4834 4843 3.422718218 0.05454356057 0.5
4834 4853 3.422718218 0.05454356057 0.5
4835 4842 3.398529094 0.05296225071 0.5
4836 4840 0 0 0.5
4837 4838 0 0 0.5
4837 4839 0 0 0.5
4838 4840 0 0 0.5
4839 4840 0 0 0.5
4840 4842 0 0 0.5
4842 4845 3.398529094 0.05296225071 0.5
4842 4850 0 0 0.5
4842 4853 3.422718218 0.05454356057 0.5
4843 4846 3.328062499 0.05454356057 0.5
4843 4848 2.979093822 0.02291287847 0.5
4843 4849 2.979093822 0.02291287847 0.5
4843 4854 3.422718218 0.05454356057 0.5
4844 4847 0 0 0.5
4844 4853 3.422718218 0.05454356057 0.5
4845 4852 3.398529094 0.05296225071 0.5
4846 4850 0 0 0.5
4847 4848 0 0 0.5
4847 4849 0 0 0.5
4848 4850 0 0 0.5
4849 4850 0 0 0.5
4850 4852 0 0 0.5
4852 4855 3.398529094 0.05296225071 0.5
4852 4860 0 0 0.5
4853 4856 3.328062499 0.05454356057 0.5
4853 4858 2.979093822 0.02291287847 0.5
4853 4859 2.979093822 0.02291287847 0.5
4854 4857 0 0 0.5
4856 4860 0 0 0.5
4857 4858 0 0 0.5
4857 4859 0 0 0.5
4858 4860 0 0 0.5
4859 4860 0 0 0.5
4862 4865 3.398529094 0.05296225071 0.5
4862 4870 0 0 0.5
4862 4873 3.422718218 0.05454356057 0.5
4862 4885 3.398529094 0.05296225071 0.5
4862 4890 0 0 0.5
4863 4866 3.328062499 0.05454356057 0.5
4863 4868 2.979093822 0.02291287847 0.5
4863 4869 2.979093822 0.02291287847 0.5
4863 4874 3.422718218 0.05454356057 0.5
4863 4882 3.422718218 0.05454356057 0.5
4863 4884 3.422718218 0.05454356057 0.5
4864 4867 0 0 0.5
4864 4873 3.422718218 0.05454356057 0.5
4864 4883 3.422718218 0.05454356057 0.5
4865 4872 3.398529094 0.05296225071 0.5
4866 4870 0 0 0.5
4867 4868 0 0 0.5
4867 4869 0 0 0.5
4868 4870 0 0 0.5
4869 4870 0 0 0.5
4870 4872 0 0 0.5
4872 4875 3.398529094 0.05296225071 0.5
4872 4880 0 0 0.5
4872 4883 3.422718218 0.05454356057 0.5
4873 4876 3.328062499 0.05454356057 0.5
4873 4878 2.979093822 0.02291287847 0.5
4873 4879 2.979093822 0.02291287847 0.5
4873 4884 3.422718218 0.05454356057 0.5
4874 4877 0 0 0.5
4874 4883 3.422718218 0.05454356057 0.5
4875 4882 3.398529094 0.05296225071 0.5
4876 4880 0 0 0.5
4877 4878 0 0 0.5
4877 4879 0 0 0.5
4878 4880 0 0 0.5
4879 4880 0 0 0.5
4880 4882 0 0 0.5
4882 4885 3.398529094 0.05296225071 0.5
4882 4890 0 0 0.5
4883 4886 3.328062499 0.05454356057 0.5
4883 4888 2.979093822 0.02291287847 0.5
4883 4889 2.979093822 0.02291287847 0.5
4884 4887 0 0 0.5
4886 4890 0 0 0.5
4887 4888 0 0 0.5
4887 4889 0 0 0.5
4888 4890 0 0 0.5
4889 4890 0 0 0.5
4892 4895 3.398529094 0.05296225071 0.5
4892 4900 0 0 0.5
4892 4903 3.422718218 0.05454356057 0.5
4892 4915 3.398529094 0.05296225071 0.5
4892 4920 0 0 0.5
4893 4896 3.328062499 0.05454356057 0.5
4893 4898 2.979093822 0.02291287847 0.5
4893 4899 2.979093822 0.02291287847 0.5
4893 4904 3.422718218 0.05454356057 0.5
4893 4912 3.422718218 0.05454356057 0.5
4893 4914 3.422718218 0.05454356057 0.5
4894 4897 0 0 0.5
4894 4903 3.422718218 0.05454356057 0.5
4894 4913 3.422718218 0.05454356057 0.5
4895 4902 3.398529094 0.05296225071 0.5
4896 4900 0 0 0.5
4897 4898 0 0 0.5
4897 4899 0 0 0.5
4898 4900 0 0 0.5
4899 4900 0 0 0.5
4900 4902 0 0 0.5
4902 4905 3.398529094 0.05296225071 0.5
4902 4910 0 0 0.5
4902 4913 3.422718218 0.05454356057 0.5
4903 4906 3.328062499 0.05454356057 0.5
4903 4908 2.979093822 0.02291287847 0.5
4903 4909 2.979093822 0.02291287847 0.5
4903 4914 3.422718218 0.05454356057 0.5
4904 4907 0 0 0.5
4904 4913 3.422718218 0.05454356057 0.5
4905 4912 3.398529094 0.05296225071 0.5
4906 4910 0 0 0.5
4907 4908 0 0 0.5
4907 4909 0 0 0.5
4908 4910 0 0 0.5
4909 4910 0 0 0.5
4910 4912 0 0 0.5
4912 4915 3.398529094 0.05296225071 0.5
4912 4920 0 0 0.5
4913 4916 3.328062499 0.05454356057 0.5
4913 4918 2.979093822 0.02291287847 0.5
4913 4919 2.979093822 0.02291287847 0.5
4914 4917 0 0 0.5
4916 4920 0 0 0.5
4917 4918 0 0 0.5
4917 4919 0 0 0.5
4918 4920 0 0 0.5
4919 4920 0 0 0.5
4922 4925 3.398529094 0.05296225071 0.5
4922 4930 0 0 0.5
4922 4933 3.422718218 0.05454356057 0.5
4922 4945 3.398529094 0.05296225071 0.5
4922 4950 0 0 0.5
4923 4926 3.328062499 0.05454356057 0.5
4923 4928 2.979093822 0.02291287847 0.5
4923 4929 2.979093822 0.02291287847 0.5
4923 4934 3.422718218 0.05454356057 0.5
4923 4942 3.422718218 0.05454356057 0.5
4923 4944 3.422718218 0.05454356057 0.5
4924 4927 0 0 0.5
4924 4933 3.422718218 0.05454356057 0.5
4924 4943 3.422718218 0.05454356057 0.5
4925 4932 3.398529094 0.05296225071 0.5
4926 4930 0 0 0.5
4927 4928 0 0 0.5
4927 4929 0 0 0.5
4928 4930 0 0 0.5
4929 4930 0 0 0.5
4930 4932 0 0 0.5
4932 4935 3.398529094 0.05296225071 0.5
4932 4940 0 0 0.5
4932 4943 3.422718218 0.05454356057 0.5
4933 4936 3.328062499 0.05454356057 0.5
4933 4938 2.979093822 0.02291287847 0.5
4933 4939 2.979093822 0.02291287847 0.5
4933 4944 3.422718218 0.05454356057 0.5
4934 4937 0 0 0.5
4934 4943 3.422718218 0.05454356057 0.5
4935 4942 3.398529094 0.05296225071 0.5
4936 4940 0 0 0.5
4937 4938 0 0 0.5
4937 4939 0 0 0.5
4938 4940 0 0 0.5
4939 4940 0 0 0.5
4940 4942 0 0 0.5
4942 4945 3.398529094 0.05296225071 0.5
4942 4950 0 0 0.5
4943 4946 3.328062499 0.05454356057 0.5
4943 4948 2.979093822 0.02291287847 0.5
4943 4949 2.979093822 0.02291287847 0.5
4944 4947 0 0 0.5
4946 4950 0 0 0.5
4947 4948 0 0 0.5
4947 4949 0 0 0.5
4948 4950 0 0 0.5
4949 4950 0 0 0.5
4952 4955 3.398529094 0.05296225071 0.5
4952 4960 0 0 0.5
4952 4963 3.422718218 0.05454356057 0.5
4952 4975 3.398529094 0.05296225071 0.5
4952 4980 0 0 0.5
4953 4956 3.328062499 0.05454356057 0.5
4953 4958 2.979093822 0.02291287847 0.5
4953 4959 2.979093822 0.02291287847 0.5
4953 4964 3.422718218 0.05454356057 0.5
4953 4972 3.422718218 0.05454356057 0.5
4953 4974 3.422718218 0.05454356057 0.5
4954 4957 0 0 0.5
4954 4963 3.422718218 0.05454356057 0.5
4954 4973 3.422718218 0.05454356057 0.5
4955 4962 3.398529094 0.05296225071 0.5
4956 4960 0 0 0.5
4957 4958 0 0 0.5
4957 4959 0 0 0.5
4958 4960 0 0 0.5
4959 4960 0 0 0.5
4960 4962 0 0 0.5
4962 4965 3.398529094 0.05296225071 0.5
4962 4970 0 0 0.5
4962 4973 3.422718218 0.05454356057 0.5
4963 4966 3.328062499 0.05454356057 0.5
4963 4968 2.979093822 0.02291287847 0.5
4963 4969 2.979093822 0.02291287847 0.5
4963 4974 3.422718218 0.05454356057 0.5
4964 4967 0 0 0.5
4964 4973 3.422718218 0.05454356057 0.5
4965 4972 3.398529094 0.05296225071 0.5
4966 4970 0 0 0.5
4967 4968 0 0 0.5
4967 4969 0 0 0.5
4968 4970 0 0 0.5
4969 4970 0 0 0.5
4970 4972 0 0 0.5
4972 4975 3.398529094 0.05296225071 0.5
4972 4980 0 0 0.5
4973 4976 3.328062499 0.05454356057 0.5
4973 4978 2.979093822 0.02291287847 0.5
4973 4979 2.979093822 0.02291287847 0.5
4974 4977 0 0 0.5
4976 4980 0 0 0.5
4977 4978 0 0 0.5
4977 4979 0 0 0.5
4978 4980 0 0 0.5
4979 4980 0 0 0.5
4982 4985 3.398529094 0.05296225071 0.5
4982 4990 0 0 0.5
4982 4993 3.422718218 0.05454356057 0.5
4982 5005 3.398529094 0.05296225071 0.5
4982 5010 0 0 0.5
4983 4986 3.328062499 0.05454356057 0.5
4983 4988 2.979093822 0.02291287847 0.5
4983 4989 2.979093822 0.02291287847 0.5
4983 4994 3.422718218 0.05454356057 0.5
4983 5002 3.422718218 0.05454356057 0.5
4983 5004 3.422718218 0.05454356057 0.5
4984 4987 0 0 0.5
4984 4993 3.422718218 0.05454356057 0.5
4984 5003 3.422718218 0.05454356057 0.5
4985 4992 3.398529094 0.05296225071 0.5
4986 4990 0 0 0.5
4987 4988 0 0 0.5
4987 4989 0 0 0.5
4988 4990 0 0 0.5
4989 4990 0 0 0.5
4990 4992 0 0 0.5
4992 4995 3.398529094 0.05296225071 0.5
4992 5000 0 0 0.5
4992 5003 3.422718218 0.05454356057 0.5
4993 4996 3.328062499 0.05454356057 0.5
4993 4998 2.979093822 0.02291287847 0.5
4993 4999 2.979093822 0.02291287847 0.5
4993 5004 3.422718218 0.05454356057 0.5
4994 4997 0 0 0.5
4994 5003 3.422718218 0.05454356057 0.5
4995 5002 3.398529094 0.05296225071 0.5
4996 5000 0 0 0.5
4997 4998 0 0 0.5
4997 4999 0 0 0.5
4998 5000 0 0 0.5
4999 5000 0 0 0.5
5000 5002 0 0 0.5
5002 5005 3.398529094 0.05296225071 0.5
5002 5010 0 0 0.5
5003 5006 3.328062499 0.05454356057 0.5
5003 5008 2.979093822 0.02291287847 0.5
5003 5009 2.979093822 0.02291287847 0.5
5004 5007 0 0 0.5
5006 5010 0 0 0.5
5007 5008 0 0 0.5
5007 5009 0 0 0.5
5008 5010 0 0 0.5
5009 5010 0 0 0.5
5012 5015 3.398529094 0.05296225071 0.5
5012 5020 0 0 0.5
5012 5023 3.422718218 0.05454356057 0.5
5012 5035 3.398529094 0.05296225071 0.5
5012 5040 0 0 0.5
5013 5016 3.328062499 0.05454356057 0.5
5013 5018 2.979093822 0.02291287847 0.5
5013 5019 2.979093822 0.02291287847 0.5
5013 5024 3.422718218 0.05454356057 0.5
5013 5032 3.422718218 0.05454356057 0.5
5013 5034 3.422718218 0.05454356057 0.5
5014 5017 0 0 0.5
5014 5023 3.422718218 0.05454356057 0.5
5014 5033 3.422718218 0.05454356057 0.5
5015 5022 3.398529094 0.05296225071 0.5
5016 5020 0 0 0.5
5017 5018 0 0 0.5
5017 5019 0 0 0.5
5018 5020 0 0 0.5
5019 5020 0 0 0.5
5020 5022 0 0 0.5
5022 5025 3.398529094 0.05296225071 0.5
5022 5030 0 0 0.5
5022 5033 3.422718218 0.05454356057 0.5
5023 5026 3.328062499 0.05454356057 0.5
5023 5028 2.979093822 0.02291287847 0.5
5023 5029 2.979093822 0.02291287847 0.5
5023 5034 3.422718218 0.05454356057 0.5
5024 5027 0 0 0.5
5024 5033 3.422718218 0.05454356057 0.5
5025 5032 3.398529094 0.05296225071 0.5
5026 5030 0 0 0.5
5027 5028 0 0 0.5
5027 5029 0 0 0.5
5028 5030 0 0 0.5
5029 5030 0 0 0.5
5030 5032 0 0 0.5
5032 5035 3.398529094 0.05296225071 0.5
5032 5040 0 0 0.5
5033 5036 3.328062499 0.05454356057 0.5
5033 5038 2.979093822 0.02291287847 0.5
5033 5039 2.979093822 0.02291287847 0.5
5034 5037 0 0 0.5
5036 5040 0 0 0.5
5037 5038 0 0 0.5
5037 5039 0 0 0.5
5038 5040 0 0 0.5
5039 5040 0 0 0.5
5042 5045 3.398529094 0.05296225071 0.5
5042 5050 0 0 0.5
5042 5053 3.422718218 0.05454356057 0.5
5042 5065 3.398529094 0.05296225071 0.5
5042 5070 0 0 0.5
5043 5046 3.328062499 0.05454356057 0.5
5043 5048 2.979093822 0.02291287847 0.5
5043 5049 2.979093822 0.02291287847 0.5
5043 5054 3.422718218 0.05454356057 0.5
5043 5062 3.422718218 0.05454356057 0.5
5043 5064 3.422718218 0.05454356057 0.5
5044 5047 0 0 0.5
5044 5053 3.422718218 0.05454356057 0.5
5044 5063 3.422718218 0.05454356057 0.5
5045 5052 3.398529094 0.05296225071 0.5
5046 5050 0 0 0.5
5047 5048 0 0 0.5
5047 5049 0 0 0.5
5048 5050 0 0 0.5
5049 5050 0 0 0.5
5050 5052 0 0 0.5
5052 5055 3.398529094 0.05296225071 0.5
5052 5060 0 0 0.5
5052 5063 3.422718218 0.05454356057 0.5
5053 5056 3.328062499 0.05454356057 0.5
5053 5058 2.979093822 0.02291287847 0.5
5053 5059 2.979093822 0.02291287847 0.5
5053 5064 3.422718218 0.05454356057 0.5
5054 5057 0 0 0.5
5054 5063 3.422718218 0.05454356057 0.5
5055 5062 3.398529094 0.05296225071 0.5
5056 5060 0 0 0.5
5057 5058 0 0 0.5
5057 5059 0 0 0.5
5058 5060 0 0 0.5
5059 5060 0 0 0.5
5060 5062 0 0 0.5
5062 5065 3.398529094 0.05296225071 0.5
5062 5070 0 0 0.5
5063 5066 3.328062499 0.05454356057 0.5
5063 5068 2.979093822 0.02291287847 0.5
5063 5069 2.979093822 0.02291287847 0.5
5064 5067 0 0 0.5
5066 5070 0 0 0.5
5067 5068 0 0 0.5
5067 5069 0 0 0.5
5068 5070 0 0 0.5
5069 5070 0 0 0.5
5072 5075 3.398529094 0.05296225071 0.5
5072 5080 0 0 0.5
5072 5083 3.422718218 0.05454356057 0.5
5072 5095 3.398529094 0.05296225071 0.5
5072 5100 0 0 0.5
5073 5076 3.328062499 0.05454356057 0.5
5073 5078 2.979093822 0.02291287847 0.5
5073 5079 2.979093822 0.02291287847 0.5
5073 5084 3.422718218 0.05454356057 0.5
5073 5092 3.422718218 0.05454356057 0.5
5073 5094 3.422718218 0.05454356057 0.5
5074 5077 0 0 0.5
5074 5083 3.422718218 0.05454356057 0.5
5074 5093 3.422718218 0.05454356057 0.5
5075 5082 3.398529094 0.05296225071 0.5
5076 5080 0 0 0.5
5077 5078 0 0 0.5
5077 5079 0 0 0.5
5078 5080 0 0 0.5
5079 5080 0 0 0.5
5080 5082 0 0 0.5
5082 5085 3.398529094 0.05296225071 0.5
5082 5090 0 0 0.5
5082 5093 3.422718218 0.05454356057 0.5
5083 5086 3.328062499 0.05454356057 0.5
5083 5088 2.979093822 0.02291287847 0.5
5083 5089 2.979093822 0.02291287847 0.5
5083 5094 3.422718218 0.05454356057 0.5
5084 5087 0 0 0.5
5084 5093 3.422718218 0.05454356057 0.5
5085 5092 3.398529094 0.05296225071 0.5
5086 5090 0 0 0.5
5087 5088 0 0 0.5
5087 5089 0 0 0.5
5088 5090 0 0 0.5
5089 5090 0 0 0.5
5090 5092 0 0 0.5
5092 5095 3.398529094 0.05296225071 0.5
5092 5100 0 0 0.5
5093 5096 3.328062499 0.05454356057 0.5
5093 5098 2.979093822 0.02291287847 0.5
5093 5099 2.979093822 0.02291287847 0.5
5094 5097 0 0 0.5
5096 5100 0 0 0.5
5097 5098 0 0 0.5
5097 5099 0 0 0.5
5098 5100 0 0 0.5
5099 5100 0 0 0.5
5102 5105 3.398529094 0.05296225071 0.5
5102 5110 0 0 0.5
5102 5113 3.422718218 0.05454356057 0.5
5102 5125 3.398529094 0.05296225071 0.5
5102 5130 0 0 0.5
5103 5106 3.328062499 0.05454356057 0.5
5103 5108 2.979093822 0.02291287847 0.5
5103 5109 2.979093822 0.02291287847 0.5
5103 5114 3.422718218 0.05454356057 0.5
5103 5122 3.422718218 0.05454356057 0.5
5103 5124 3.422718218 0.05454356057 0.5
5104 5107 0 0 0.5
5104 5113 3.422718218 0.05454356057 0.5
5104 5123 3.422718218 0.05454356057 0.5
5105 5112 3.398529094 0.05296225071 0.5
5106 5110 0 0 0.5
5107 5108 0 0 0.5
5107 5109 0 0 0.5
5108 5110 0 0 0.5
5109 5110 0 0 0.5
5110 5112 0 0 0.5
5112 5115 3.398529094 0.05296225071 0.5
5112 5120 0 0 0.5
5112 5123 3.422718218 0.05454356057 0.5
5113 5116 3.328062499 0.05454356057 0.5
5113 5118 2.979093822 0.02291287847 0.5
5113 5119 2.979093822 0.02291287847 0.5
5113 5124 3.422718218 0.05454356057 0.5
5114 5117 0 0 0.5
5114 5123 3.422718218 0.05454356057 0.5
5115 5122 3.398529094 0.05296225071 0.5
5116 5120 0 0 0.5
5117 5118 0 0 0.5
5117 5119 0 0 0.5
5118 5120 0 0 0.5
5119 5120 0 0 0.5
5120 5122 0 0 0.5
5122 5125 3.398529094 0.05296225071 0.5
5122 5130 0 0 0.5
5123 5126 3.328062499 0.05454356057 0.5
5123 5128 2.979093822 0.02291287847 0.5
5123 5129 2.979093822 0.02291287847 0.5
5124 5127 0 0 0.5
5126 5130 0 0 0.5
5127 5128 0 0 0.5
5127 5129 0 0 0.5
5128 5130 0 0 0.5
5129 5130 0 0 0.5
5132 5135 3.398529094 0.05296225071 0.5
5132 5140 0 0 0.5
5132 5143 3.422718218 0.05454356057 0.5
5132 5155 3.398529094 0.05296225071 0.5
5132 5160 0 0 0.5
5133 5136 3.328062499 0.05454356057 0.5
5133 5138 2.979093822 0.02291287847 0.5
5133 5139 2.979093822 0.02291287847 0.5
5133 5144 3.422718218 0.05454356057 0.5
5133 5152 3.422718218 0.05454356057 0.5
5133 5154 3.422718218 0.05454356057 0.5
5134 5137 0 0 0.5
5134 5143 3.422718218 0.05454356057 0.5
5134 5153 3.422718218 0.05454356057 0.5
5135 5142 3.398529094 0.05296225071 0.5
5136 5140 0 0 0.5
5137 5138 0 0 0.5
5137 5139 0 0 0.5
5138 5140 0 0 0.5
5139 5140 0 0 0.5
5140 5142 0 0 0.5
5142 5145 3.398529094 0.05296225071 0.5
5142 5150 0 0 0.5
5142 5153 3.422718218 0.05454356057 0.5
5143 5146 3.328062499 0.05454356057 0.5
5143 5148 2.979093822 0.02291287847 0.5
5143 5149 2.979093822 0.02291287847 0.5
5143 5154 3.422718218 0.05454356057 0.5
5144 5147 0 0 0.5
5144 5153 3.422718218 0.05454356057 0.5
5145 5152 3.398529094 0.05296225071 0.5
5146 5150 0 0 0.5
5147 5148 0 0 0.5
5147 5149 0 0 0.5
5148 5150 0 0 0.5
5149 5150 0 0 0.5
5150 5152 0 0 0.5
5152 5155 3.398529094 0.05296225071 0.5
5152 5160 0 0 0.5
5153 5156 3.328062499 0.05454356057 0.5
5153 5158 2.979093822 0.02291287847 0.5
5153 5159 2.979093822 0.02291287847 0.5
5154 5157 0 0 0.5
5156 5160 0 0 0.5
5157 5158 0 0 0.5
5157 5159 0 0 0.5
5158 5160 0 0 0.5
5159 5160 0 0 0.5
5162 5165 3.398529094 0.05296225071 0.5
5162 5170 0 0 0.5
5162 5173 3.422718218 0.05454356057 0.5
5162 5185 3.398529094 0.05296225071 0.5
5162 5190 0 0 0.5
5163 5166 3.328062499 0.05454356057 0.5
5163 5168 2.979093822 0.02291287847 0.5
5163 5169 2.979093822 0.02291287847 0.5
5163 5174 3.422718218 0.05454356057 0.5
5163 5182 3.422718218 0.05454356057 0.5
5163 5184 3.422718218 0.05454356057 0.5
5164 5167 0 0 0.5
5164 5173 3.422718218 0.05454356057 0.5
5164 5183 3.422718218 0.05454356057 0.5
5165 5172 3.398529094 0.05296225071 0.5
5166 5170 0 0 0.5
5167 5168 0 0 0.5
5167 5169 0 0 0.5
5168 5170 0 0 0.5
5169 5170 0 0 0.5
5170 5172 0 0 0.5
5172 5175 3.398529094 0.05296225071 0.5
5172 5180 0 0 0.5
5172 5183 3.422718218 0.05454356057 0.5
5173 5176 3.328062499 0.05454356057 0.5
5173 5178 2.979093822 0.02291287847 0.5
5173 5179 2.979093822 0.02291287847 0.5
5173 5184 3.422718218 0.05454356057 0.5
5174 5177 0 0 0.5
5174 5183 3.422718218 0.05454356057 0.5
5175 5182 3.398529094 0.05296225071 0.5
5176 5180 0 0 0.5
5177 5178 0 0 0.5
5177 5179 0 0 0.5
5178 5180 0 0 0.5
5179 5180 0 0 0.5
5180 5182 0 0 0.5
5182 5185 3.398529094 0.05296225071 0.5
5182 5190 0 0 0.5
5183 5186 3.328062499 0.05454356057 0.5
5183 5188 2.979093822 0.02291287847 0.5
5183 5189 2.979093822 0.02291287847 0.5
5184 5187 0 0 0.5
5186 5190 0 0 0.5
5187 5188 0 0 0.5
5187 5189 0 0 0.5
5188 5190 0 0 0.5
5189 5190 0 0 0.5
5192 5195 3.398529094 0.05296225071 0.5
5192 5200 0 0 0.5
5192 5203 3.422718218 0.05454356057 0.5
5192 5215 3.398529094 0.05296225071 0.5
5192 5220 0 0 0.5
5193 5196 3.328062499 0.05454356057 0.5
5193 5198 2.979093822 0.02291287847 0.5
5193 5199 2.979093822 0.02291287847 0.5
5193 5204 3.422718218 0.05454356057 0.5
5193 5212 3.422718218 0.05454356057 0.5
5193 5214 3.422718218 0.05454356057 0.5
5194 5197 0 0 0.5
5194 5203 3.422718218 0.05454356057 0.5
5194 5213 3.422718218 0.05454356057 0.5
5195 5202 3.398529094 0.05296225071 0.5
5196 5200 0 0 0.5
5197 5198 0 0 0.5
5197 5199 0 0 0.5
5198 5200 0 0 0.5
5199 5200 0 0 0.5
5200 5202 0 0 0.5
5202 5205 3.398529094 0.05296225071 0.5
5202 5210 0 0 0.5
5202 5213 3.422718218 0.05454356057 0.5
5203 5206 3.328062499 0.05454356057 0.5
5203 5208 2.979093822 0.02291287847 0.5
5203 5209 2.979093822 0.02291287847 0.5
5203 5214 3.422718218 0.05454356057 0.5
5204 5207 0 0 0.5
5204 5213 3.422718218 0.05454356057 0.5
5205 5212 3.398529094 0.05296225071 0.5
5206 5210 0 0 0.5
5207 5208 0 0 0.5
5207 5209 0 0 0.5
5208 5210 0 0 0.5
5209 5210 0 0 0.5
5210 5212 0 0 0.5
5212 5215 3.398529094 0.05296225071 0.5
5212 5220 0 0 0.5
5213 5216 3.328062499 0.05454356057 0.5
5213 5218 2.979093822 0.02291287847 0.5
5213 5219 2.979093822 0.02291287847 0.5
5214 5217 0 0 0.5
5216 5220 0 0 0.5
5217 5218 0 0 0.5
5217 5219 0 0 0.5
5218 5220 0 0 0.5
5219 5220 0 0 0.5
5222 5225 3.398529094 0.05296225071 0.5
5222 5230 0 0 0.5
5222 5233 3.422718218 0.05454356057 0.5
5222 5245 3.398529094 0.05296225071 0.5
5222 5250 0 0 0.5
5223 5226 3.328062499 0.05454356057 0.5
5223 5228 2.979093822 0.02291287847 0.5
5223 5229 2.979093822 0.02291287847 0.5
5223 5234 3.422718218 0.05454356057 0.5
5223 5242 3.422718218 0.05454356057 0.5
5223 5244 3.422718218 0.05454356057 0.5
5224 5227 0 0 0.5
5224 5233 3.422718218 0.05454356057 0.5
5224 5243 3.422718218 0.05454356057 0.5
5225 5232 3.398529094 0.05296225071 0.5
5226 5230 0 0 0.5
5227 5228 0 0 0.5
5227 5229 0 0 0.5
5228 5230 0 0 0.5
5229 5230 0 0 0.5
5230 5232 0 0 0.5
5232 5235 3.398529094 0.05296225071 0.5
5232 5240 0 0 0.5
5232 5243 3.422718218 0.05454356057 0.5
5233 5236 3.328062499 0.05454356057 0.5
5233 5238 2.979093822 0.02291287847 0.5
5233 5239 2.979093822 0.02291287847 0.5
5233 5244 3.422718218 0.05454356057 0.5
5234 5237 0 0 0.5
5234 5243 3.422718218 0.05454356057 0.5
5235 5242 3.398529094 0.05296225071 0.5
5236 5240 0 0 0.5
5237 5238 0 0 0.5
5237 5239 0 0 0.5
5238 5240 0 0 0.5
5239 5240 0 0 0.5
5240 5242 0 0 0.5
5242 5245 3.398529094 0.05296225071 0.5
5242 5250 0 0 0.5
5243 5246 3.328062499 0.05454356057 0.5
5243 5248 2.979093822 0.02291287847 0.5
5243 5249 2.979093822 0.02291287847 0.5
5244 5247 0 0 0.5
5246 5250 0 0 0.5
5247 5248 0 0 0.5
5247 5249 0 0 0.5
5248 5250 0 0 0.5
5249 5250 0 0 0.5
5252 5255 3.398529094 0.05296225071 0.5
5252 5260 0 0 0.5
5252 5263 3.422718218 0.05454356057 0.5
5252 5275 3.398529094 0.05296225071 0.5
5252 5280 0 0 0.5
5253 5256 3.328062499 0.05454356057 0.5
5253 5258 2.979093822 0.02291287847 0.5
5253 5259 2.979093822 0.02291287847 0.5
5253 5264 3.422718218 0.05454356057 0.5
5253 5272 3.422718218 0.05454356057 0.5
5253 5274 3.422718218 0.05454356057 0.5
5254 5257 0 0 0.5
5254 5263 3.422718218 0.05454356057 0.5
5254 5273 3.422718218 0.05454356057 0.5
5255 5262 3.398529094 0.05296225071 0.5
5256 5260 0 0 0.5
5257 5258 0 0 0.5
5257 5259 0 0 0.5
5258 5260 0 0 0.5
5259 5260 0 0 0.5
5260 5262 0 0 0.5
5262 5265 3.398529094 0.05296225071 0.5
5262 5270 0 0 0.5
5262 5273 3.422718218 0.05454356057 0.5
5263 5266 3.328062499 0.05454356057 0.5
5263 5268 2.979093822 0.02291287847 0.5
5263 5269 2.979093822 0.02291287847 0.5
5263 5274 3.422718218 0.05454356057 0.5
5264 5267 0 0 0.5
5264 5273 3.422718218 0.05454356057 0.5
5265 5272 3.398529094 0.05296225071 0.5
5266 5270 0 0 0.5
5267 5268 0 0 0.5
5267 5269 0 0 0.5
5268 5270 0 0 0.5
5269 5270 0 0 0.5
5270 5272 0 0 0.5
5272 5275 3.398529094 0.05296225071 0.5
5272 5280 0 0 0.5
5273 5276 3.328062499 0.05454356057 0.5
5273 5278 2.979093822 0.02291287847 0.5
5273 5279 2.979093822 0.02291287847 0.5
5274 5277 0 0 0.5
5276 5280 0 0 0.5
5277 5278 0 0 0.5
5277 5279 0 0 0.5
5278 5280 0 0 0.5
5279 5280 0 0 0.5
5282 5285 3.398529094 0.05296225071 0.5
5282 5290 0 0 0.5
5282 5293 3.422718218 0.05454356057 0.5
5282 5305 3.398529094 0.05296225071 0.5
5282 5310 0 0 0.5
5283 5286 3.328062499 0.05454356057 0.5
5283 5288 2.979093822 0.02291287847 0.5
5283 5289 2.979093822 0.02291287847 0.5
5283 5294 3.422718218 0.05454356057 0.5
5283 5302 3.422718218 0.05454356057 0.5
5283 5304 3.422718218 0.05454356057 0.5
5284 5287 0 0 0.5
5284 5293 3.422718218 0.05454356057 0.5
5284 5303 3.422718218 0.05454356057 0.5
5285 5292 3.398529094 0.05296225071 0.5
5286 5290 0 0 0.5
5287 5288 0 0 0.5
5287 5289 0 0 0.5
5288 5290 0 0 0.5
5289 5290 0 0 0.5
5290 5292 0 0 0.5
5292 5295 3.398529094 0.05296225071 0.5
5292 5300 0 0 0.5
5292 5303 3.422718218 0.05454356057 0.5
5293 5296 3.328062499 0.05454356057 0.5
5293 5298 2.979093822 0.02291287847 0.5
5293 5299 2.979093822 0.02291287847 0.5
5293 5304 3.422718218 0.05454356057 0.5
5294 5297 0 0 0.5
5294 5303 3.422718218 0.05454356057 0.5
5295 5302 3.398529094 0.05296225071 0.5
5296 5300 0 0 0.5
5297 5298 0 0 0.5
5297 5299 0 0 0.5
5298 5300 0 0 0.5
5299 5300 0 0 0.5
5300 5302 0 0 0.5
5302 5305 3.398529094 0.05296225071 0.5
5302 5310 0 0 0.5
5303 5306 3.328062499 0.05454356057 0.5
5303 5308 2.979093822 0.02291287847 0.5
5303 5309 2.979093822 0.02291287847 0.5
5304 5307 0 0 0.5
5306 5310 0 0 0.5
5307 5308 0 0 0.5
5307 5309 0 0 0.5
5308 5310 0 0 0.5
5309 5310 0 0 0.5
5312 5315 3.398529094 0.05296225071 0.5
5312 5320 0 0 0.5
5312 5323 3.422718218 0.05454356057 0.5
5312 5335 3.398529094 0.05296225071 0.5
5312 5340 0 0 0.5
5313 5316 3.328062499 0.05454356057 0.5
5313 5318 2.979093822 0.02291287847 0.5
5313 5319 2.979093822 0.02291287847 0.5
5313 5324 3.422718218 0.05454356057 0.5
5313 5332 3.422718218 0.05454356057 0.5
5313 5334 3.422718218 0.05454356057 0.5
5314 5317 0 0 0.5
5314 5323 3.422718218 0.05454356057 0.5
5314 5333 3.422718218 0.05454356057 0.5
5315 5322 3.398529094 0.05296225071 0.5
5316 5320 0 0 0.5
5317 5318 0 0 0.5
5317 5319 0 0 0.5
5318 5320 0 0 0.5
5319 5320 0 0 0.5
5320 5322 0 0 0.5
5322 5325 3.398529094 0.05296225071 0.5
5322 5330 0 0 0.5
5322 5333 3.422718218 0.05454356057 0.5
5323 5326 3.328062499 0.05454356057 0.5
5323 5328 2.979093822 0.02291287847 0.5
5323 5329 2.979093822 0.02291287847 0.5
5323 5334 3.422718218 0.05454356057 0.5
5324 5327 0 0 0.5
5324 5333 3.422718218 0.05454356057 0.5
5325 5332 3.398529094 0.05296225071 0.5
5326 5330 0 0 0.5
5327 5328 0 0 0.5
5327 5329 0 0 0.5
5328 5330 0 0 0.5
5329 5330 0 0 0.5
5330 5332 0 0 0.5
5332 5335 3.398529094 0.05296225071 0.5
5332 5340 0 0 0.5
5333 5336 3.328062499 0.05454356057 0.5
5333 5338 2.979093822 0.02291287847 0.5
5333 5339 2.979093822 0.02291287847 0.5
5334 5337 0 0 0.5
5336 5340 0 0 0.5
5337 5338 0 0 0.5
5337 5339 0 0 0.5
5338 5340 0 0 0.5
5339 5340 0 0 0.5
5342 5345 3.398529094 0.05296225071 0.5
5342 5350 0 0 0.5
5342 5353 3.422718218 0.05454356057 0.5
5342 5365 3.398529094 0.05296225071 0.5
5342 5370 0 0 0.5
5343 5346 3.328062499 0.05454356057 0.5
5343 5348 2.979093822 0.02291287847 0.5
5343 5349 2.979093822 0.02291287847 0.5
5343 5354 3.422718218 0.05454356057 0.5
5343 5362 3.422718218 0.05454356057 0.5
5343 5364 3.422718218 0.05454356057 0.5
5344 5347 0 0 0.5
5344 5353 3.422718218 0.05454356057 0.5
5344 5363 3.422718218 0.05454356057 0.5
5345 5352 3.398529094 0.05296225071 0.5
5346 5350 0 0 0.5
5347 5348 0 0 0.5
5347 5349 0 0 0.5
5348 5350 0 0 0.5
5349 5350 0 0 0.5
5350 5352 0 0 0.5
5352 5355 3.398529094 0.05296225071 0.5
5352 5360 0 0 0.5
5352 5363 3.422718218 0.05454356057 0.5
5353 5356 3.328062499 0.05454356057 0.5
5353 5358 2.979093822 0.02291287847 0.5
5353 5359 2.979093822 0.02291287847 0.5
5353 5364 3.422718218 0.05454356057 0.5
5354 5357 0 0 0.5
5354 5363 3.422718218 0.05454356057 0.5
5355 5362 3.398529094 0.05296225071 0.5
5356 5360 0 0 0.5
5357 5358 0 0 0.5
5357 5359 0 0 0.5
5358 5360 0 0 0.5
5359 5360 0 0 0.5
5360 5362 0 0 0.5
5362 5365 3.398529094 0.05296225071 0.5
5362 5370 0 0 0.5
5363 5366 3.328062499 0.05454356057 0.5
5363 5368 2.979093822 0.02291287847 0.5
5363 5369 2.979093822 0.02291287847 0.5
5364 5367 0 0 0.5
5366 5370 0 0 0.5
5367 5368 0 0 0.5
5367 5369 0 0 0.5
5368 5370 0 0 0.5
5369 5370 0 0 0.5
5372 5375 3.398529094 0.05296225071 0.5
5372 5380 0 0 0.5
5372 5383 3.422718218 0.05454356057 0.5
5372 5395 3.398529094 0.05296225071 0.5
5372 5400 0 0 0.5
5373 5376 3.328062499 0.05454356057 0.5
5373 5378 2.979093822 0.02291287847 0.5
5373 5379 2.979093822 0.02291287847 0.5
5373 5384 3.422718218 0.05454356057 0.5
5373 5392 3.422718218 0.05454356057 0.5
5373 5394 3.422718218 0.05454356057 0.5
5374 5377 0 0 0.5
5374 5383 3.422718218 0.05454356057 0.5
5374 5393 3.422718218 0.05454356057 0.5
5375 5382 3.398529094 0.05296225071 0.5
5376 5380 0 0 0.5
5377 5378 0 0 0.5
5377 5379 0 0 0.5
5378 5380 0 0 0.5
5379 5380 0 0 0.5
5380 5382 0 0 0.5
5382 5385 3.398529094 0.05296225071 0.5
5382 5390 0 0 0.5
5382 5393 3.422718218 0.05454356057 0.5
5383 5386 3.328062499 0.05454356057 0.5
5383 5388 2.979093822 0.02291287847 0.5
5383 5389 2.979093822 0.02291287847 0.5
5383 5394 3.422718218 0.05454356057 0.5
5384 5387 0 0 0.5
5384 5393 3.422718218 0.05454356057 0.5
5385 5392 3.398529094 0.05296225071 0.5
5386 5390 0 0 0.5
5387 5388 0 0 0.5
5387 5389 0 0 0.5
5388 5390 0 0 0.5
5389 5390 0 0 0.5
5390 5392 0 0 0.5
5392 5395 3.398529094 0.05296225071 0.5
5392 5400 0 0 0.5
5393 5396 3.328062499 0.05454356057 0.5
5393 5398 2.979093822 0.02291287847 0.5
5393 5399 2.979093822 0.02291287847 0.5
5394 5397 0 0 0.5
5396 5400 0 0 0.5
5397 5398 0 0 0.5
5397 5399 0 0 0.5
5398 5400 0 0 0.5
5399 5400 0 0 0.5
5402 5405 3.398529094 0.05296225071 0.5
5402 5410 0 0 0.5
5402 5413 3.422718218 0.05454356057 0.5
5402 5425 3.398529094 0.05296225071 0.5
5402 5430 0 0 0.5
5403 5406 3.328062499 0.05454356057 0.5
5403 5408 2.979093822 0.02291287847 0.5
5403 5409 2.979093822 0.02291287847 0.5
5403 5414 3.422718218 0.05454356057 0.5
5403 5422 3.422718218 0.05454356057 0.5
5403 5424 3.422718218 0.05454356057 0.5
5404 5407 0 0 0.5
5404 5413 3.422718218 0.05454356057 0.5
5404 5423 3.422718218 0.05454356057 0.5
5405 5412 3.398529094 0.05296225071 0.5
5406 5410 0 0 0.5
5407 5408 0 0 0.5
5407 5409 0 0 0.5
5408 5410 0 0 0.5
5409 5410 0 0 0.5
5410 5412 0 0 0.5
5412 5415 3.398529094 0.05296225071 0.5
5412 5420 0 0 0.5
5412 5423 3.422718218 0.05454356057 0.5
5413 5416 3.328062499 0.05454356057 0.5
5413 5418 2.979093822 0.02291287847 0.5
5413 5419 2.979093822 0.02291287847 0.5
5413 5424 3.422718218 0.05454356057 0.5
5414 5417 0 0 0.5
5414 5423 3.422718218 0.05454356057 0.5
5415 5422 3.398529094 0.05296225071 0.5
5416 5420 0 0 0.5
5417 5418 0 0 0.5
5417 5419 0 0 0.5
5418 5420 0 0 0.5
5419 5420 0 0 0.5
5420 5422 0 0 0.5
5422 5425 3.398529094 0.05296225071 0.5
5422 5430 0 0 0.5
5423 5426 3.328062499 0.05454356057 0.5
5423 5428 2.979093822 0.02291287847 0.5
5423 5429 2.979093822 0.02291287847 0.5
5424 5427 0 0 0.5
5426 5430 0 0 0.5
5427 5428 0 0 0.5
5427 5429 0 0 0.5
5428 5430 0 0 0.5
5429 5430 0 0 0.5
5432 5435 3.398529094 0.05296225071 0.5
5432 5440 0 0 0.5
5432 5443 3.422718218 0.05454356057 0.5
5432 5455 3.398529094 0.05296225071 0.5
5432 5460 0 0 0.5
5433 5436 3.328062499 0.05454356057 0.5
5433 5438 2.979093822 0.02291287847 0.5
5433 5439 2.979093822 0.02291287847 0.5
5433 5444 3.422718218 0.05454356057 0.5
5433 5452 3.422718218 0.05454356057 0.5
5433 5454 3.422718218 0.05454356057 0.5
5434 5437 0 0 0.5
5434 5443 3.422718218 0.05454356057 0.5
5434 5453 3.422718218 0.05454356057 0.5
5435 5442 3.398529094 0.05296225071 0.5
5436 5440 0 0 0.5
5437 5438 0 0 0.5
5437 5439 0 0 0.5
5438 5440 0 0 0.5
5439 5440 0 0 0.5
5440 5442 0 0 0.5
5442 5445 3.398529094 0.05296225071 0.5
5442 5450 0 0 0.5
5442 5453 3.422718218 0.05454356057 0.5
5443 5446 3.328062499 0.05454356057 0.5
5443 5448 2.979093822 0.02291287847 0.5
5443 5449 2.979093822 0.02291287847 0.5
5443 5454 3.422718218 0.05454356057 0.5
5444 5447 0 0 0.5
5444 5453 3.422718218 0.05454356057 0.5
5445 5452 3.398529094 0.05296225071 0.5
5446 5450 0 0 0.5
5447 5448 0 0 0.5
5447 5449 0 0 0.5
5448 5450 0 0 0.5
5449 5450 0 0 0.5
5450 5452 0 0 0.5
5452 5455 3.398529094 0.05296225071 0.5
5452 5460 0 0 0.5
5453 5456 3.328062499 0.05454356057 0.5
5453 5458 2.979093822 0.02291287847 0.5
5453 5459 2.979093822 0.02291287847 0.5
5454 5457 0 0 0.5
5456 5460 0 0 0.5
5457 5458 0 0 0.5
5457 5459 0 0 0.5
5458 5460 0 0 0.5
5459 5460 0 0 0.5
5462 5465 3.398529094 0.05296225071 0.5
5462 5470 0 0 0.5
5462 5473 3.422718218 0.05454356057 0.5
5462 5485 3.398529094 0.05296225071 0.5
5462 5490 0 0 0.5
5463 5466 3.328062499 0.05454356057 0.5
5463 5468 2.979093822 0.02291287847 0.5
5463 5469 2.979093822 0.02291287847 0.5
5463 5474 3.422718218 0.05454356057 0.5
5463 5482 3.422718218 0.05454356057 0.5
5463 5484 3.422718218 0.05454356057 0.5
5464 5467 0 0 0.5
5464 5473 3.422718218 0.05454356057 0.5
5464 5483 3.422718218 0.05454356057 0.5
5465 5472 3.398529094 0.05296225071 0.5
5466 5470 0 0 0.5
5467 5468 0 0 0.5
5467 5469 0 0 0.5
5468 5470 0 0 0.5
5469 5470 0 0 0.5
5470 5472 0 0 0.5
5472 5475 3.398529094 0.05296225071 0.5
5472 5480 0 0 0.5
5472 5483 3.422718218 0.05454356057 0.5
5473 5476 3.328062499 0.05454356057 0.5
5473 5478 2.979093822 0.02291287847 0.5
5473 5479 2.979093822 0.02291287847 0.5
5473 5484 3.422718218 0.05454356057 0.5
5474 5477 0 0 0.5
5474 5483 3.422718218 0.05454356057 0.5
5475 5482 3.398529094 0.05296225071 0.5
5476 5480 0 0 0.5
5477 5478 0 0 0.5
5477 5479 0 0 0.5
5478 5480 0 0 0.5
5479 5480 0 0 0.5
5480 5482 0 0 0.5
5482 5485 3.398529094 0.05296225071 0.5
5482 5490 0 0 0.5
5483 5486 3.328062499 0.05454356057 0.5
5483 5488 2.979093822 0.02291287847 0.5
5483 5489 2.979093822 0.02291287847 0.5
5484 5487 0 0 0.5
5486 5490 0 0 0.5
5487 5488 0 0 0.5
5487 5489 0 0 0.5
5488 5490 0 0 0.5
5489 5490 0 0 0.5
5492 5495 3.398529094 0.05296225071 0.5
5492 5500 0 0 0.5
5492 5503 3.422718218 0.05454356057 0.5
5492 5515 3.398529094 0.05296225071 0.5
5492 5520 0 0 0.5
5493 5496 3.328062499 0.05454356057 0.5
5493 5498 2.979093822 0.02291287847 0.5
5493 5499 2.979093822 0.02291287847 0.5
5493 5504 3.422718218 0.05454356057 0.5
5493 5512 3.422718218 0.05454356057 0.5
5493 5514 3.422718218 0.05454356057 0.5
5494 5497 0 0 0.5
5494 5503 3.422718218 0.05454356057 0.5
5494 5513 3.422718218 0.05454356057 0.5
5495 5502 3.398529094 0.05296225071 0.5
5496 5500 0 0 0.5
5497 5498 0 0 0.5
5497 5499 0 0 0.5
5498 5500 0 0 0.5
5499 5500 0 0 0.5
5500 5502 0 0 0.5
5502 5505 3.398529094 0.05296225071 0.5
5502 5510 0 0 0.5
5502 5513 3.422718218 0.05454356057 0.5
5503 5506 3.328062499 0.05454356057 0.5
5503 5508 2.979093822 0.02291287847 0.5
5503 5509 2.979093822 0.02291287847 0.5
5503 5514 3.422718218 0.05454356057 0.5
5504 5507 0 0 0.5
5504 5513 3.422718218 0.05454356057 0.5
5505 5512 3.398529094 0.05296225071 0.5
5506 5510 0 0 0.5
5507 5508 0 0 0.5
5507 5509 0 0 0.5
5508 5510 0 0 0.5
5509 5510 0 0 0.5
5510 5512 0 0 0.5
5512 5515 3.398529094 0.05296225071 0.5
5512 5520 0 0 0.5
5513 5516 3.328062499 0.05454356057 0.5
5513 5518 2.979093822 0.02291287847 0.5
5513 5519 2.979093822 0.02291287847 0.5
5514 5517 0 0 0.5
5516 5520 0 0 0.5
5517 5518 0 0 0.5
5517 5519 0 0 0.5
5518 5520 0 0 0.5
5519 5520 0 0 0.5
5522 5525 3.398529094 0.05296225071 0.5
5522 5530 0 0 0.5
5522 5533 3.422718218 0.05454356057 0.5
5522 5545 3.398529094 0.05296225071 0.5
5522 5550 0 0 0.5
5523 5526 3.328062499 0.05454356057 0.5
5523 5528 2.979093822 0.02291287847 0.5
5523 5529 2.979093822 0.02291287847 0.5
5523 5534 3.422718218 0.05454356057 0.5
5523 5542 3.422718218 0.05454356057 0.5
5523 5544 3.422718218 0.05454356057 0.5
5524 5527 0 0 0.5
5524 5533 3.422718218 0.05454356057 0.5
5524 5543 3.422718218 0.05454356057 0.5
5525 5532 3.398529094 0.05296225071 0.5
5526 5530 0 0 0.5
5527 5528 0 0 0.5
5527 5529 0 0 0.5
5528 5530 0 0 0.5
5529 5530 0 0 0.5
5530 5532 0 0 0.5
5532 5535 3.398529094 0.05296225071 0.5
5532 5540 0 0 0.5
5532 5543 3.422718218 0.05454356057 0.5
5533 5536 3.328062499 0.05454356057 0.5
5533 5538 2.979093822 0.02291287847 0.5
5533 5539 2.979093822 0.02291287847 0.5
5533 5544 3.422718218 0.05454356057 0.5
5534 5537 0 0 0.5
5534 5543 3.422718218 0.05454356057 0.5
5535 5542 3.398529094 0.05296225071 0.5
5536 5540 0 0 0.5
5537 5538 0 0 0.5
5537 5539 0 0 0.5
5538 5540 0 0 0.5
5539 5540 0 0 0.5
5540 5542 0 0 0.5
5542 5545 3.398529094 0.05296225071 0.5
5542 5550 0 0 0.5
5543 5546 3.328062499 0.05454356057 0.5
5543 5548 2.979093822 0.02291287847 0.5
5543 5549 2.979093822 0.02291287847 0.5
5544 5547 0 0 0.5
5546 5550 0 0 0.5
5547 5548 0 0 0.5
5547 5549 0 0 0.5
5548 5550 0 0 0.5
5549 5550 0 0 0.5
5552 5555 3.398529094 0.05296225071 0.5
5552 5560 0 0 0.5
5552 5563 3.422718218 0.05454356057 0.5
5552 5575 3.398529094 0.05296225071 0.5
5552 5580 0 0 0.5
5553 5556 3.328062499 0.05454356057 0.5
5553 5558 2.979093822 0.02291287847 0.5
5553 5559 2.979093822 0.02291287847 0.5
5553 5564 3.422718218 0.05454356057 0.5
5553 5572 3.422718218 0.05454356057 0.5
5553 5574 3.422718218 0.05454356057 0.5
5554 5557 0 0 0.5
5554 5563 3.422718218 0.05454356057 0.5
5554 5573 3.422718218 0.05454356057 0.5
5555 5562 3.398529094 0.05296225071 0.5
5556 5560 0 0 0.5
5557 5558 0 0 0.5
5557 5559 0 0 0.5
5558 5560 0 0 0.5
5559 5560 0 0 0.5
5560 5562 0 0 0.5
5562 5565 3.398529094 0.05296225071 0.5
5562 5570 0 0 0.5
5562 5573 3.422718218 0.05454356057 0.5
5563 5566 3.328062499 0.05454356057 0.5
5563 5568 2.979093822 0.02291287847 0.5
5563 5569 2.979093822 0.02291287847 0.5
5563 5574 3.422718218 0.05454356057 0.5
5564 5567 0 0 0.5
5564 5573 3.422718218 0.05454356057 0.5
5565 5572 3.398529094 0.05296225071 0.5
5566 5570 0 0 0.5
5567 5568 0 0 0.5
5567 5569 0 0 0.5
5568 5570 0 0 0.5
5569 5570 0 0 0.5
5570 5572 0 0 0.5
5572 5575 3.398529094 0.05296225071 0.5
5572 5580 0 0 0.5
5573 5576 3.328062499 0.05454356057 0.5
5573 5578 2.979093822 0.02291287847 0.5
5573 5579 2.979093822 0.02291287847 0.5
5574 5577 0 0 0.5
5576 5580 0 0 0.5
5577 5578 0 0 0.5
5577 5579 0 0 0.5
5578 5580 0 0 0.5
5579 5580 0 0 0.5
5582 5585 3.398529094 0.05296225071 0.5
5582 5590 0 0 0.5
5582 5593 3.422718218 0.05454356057 0.5
5582 5605 3.398529094 0.05296225071 0.5
5582 5610 0 0 0.5
5583 5586 3.328062499 0.05454356057 0.5
5583 5588 2.979093822 0.02291287847 0.5
5583 5589 2.979093822 0.02291287847 0.5
5583 5594 3.422718218 0.05454356057 0.5
5583 5602 3.422718218 0.05454356057 0.5
5583 5604 3.422718218 0.05454356057 0.5
5584 5587 0 0 0.5
5584 5593 3.422718218 0.05454356057 0.5
5584 5603 3.422718218 0.05454356057 0.5
5585 5592 3.398529094 0.05296225071 0.5
5586 5590 0 0 0.5
5587 5588 0 0 0.5
5587 5589 0 0 0.5
5588 5590 0 0 0.5
5589 5590 0 0 0.5
5590 5592 0 0 0.5
5592 5595 3.398529094 0.05296225071 0.5
5592 5600 0 0 0.5
5592 5603 3.422718218 0.05454356057 0.5
5593 5596 3.328062499 0.05454356057 0.5
5593 5598 2.979093822 0.02291287847 0.5
5593 5599 2.979093822 0.02291287847 0.5
5593 5604 3.422718218 0.05454356057 0.5
5594 5597 0 0 0.5
5594 5603 3.422718218 0.05454356057 0.5
5595 5602 3.398529094 0.05296225071 0.5
5596 5600 0 0 0.5
5597 5598 0 0 0.5
5597 5599 0 0 0.5
5598 5600 0 0 0.5
5599 5600 0 0 0.5
5600 5602 0 0 0.5
5602 5605 3.398529094 0.05296225071 0.5
5602 5610 0 0 0.5
5603 5606 3.328062499 0.05454356057 0.5
5603 5608 2.979093822 0.02291287847 0.5
5603 5609 2.979093822 0.02291287847 0.5
5604 5607 0 0 0.5
5606 5610 0 0 0.5
5607 5608 0 0 0.5
5607 5609 0 0 0.5
5608 5610 0 0 0.5
5609 5610 0 0 0.5
5612 5615 3.398529094 0.05296225071 0.5
5612 5620 0 0 0.5
5612 5623 3.422718218 0.05454356057 0.5
5612 5635 3.398529094 0.05296225071 0.5
5612 5640 0 0 0.5
5613 5616 3.328062499 0.05454356057 0.5
5613 5618 2.979093822 0.02291287847 0.5
5613 5619 2.979093822 0.02291287847 0.5
5613 5624 3.422718218 0.05454356057 0.5
5613 5632 3.422718218 0.05454356057 0.5
5613 5634 3.422718218 0.05454356057 0.5
5614 5617 0 0 0.5
5614 5623 3.422718218 0.05454356057 0.5
5614 5633 3.422718218 0.05454356057 0.5
5615 5622 3.398529094 0.05296225071 0.5
5616 5620 0 0 0.5
5617 5618 0 0 0.5
5617 5619 0 0 0.5
5618 5620 0 0 0.5
5619 5620 0 0 0.5
5620 5622 0 0 0.5
5622 5625 3.398529094 0.05296225071 0.5
5622 5630 0 0 0.5
5622 5633 3.422718218 0.05454356057 0.5
5623 5626 3.328062499 0.05454356057 0.5
5623 5628 2.979093822 0.02291287847 0.5
5623 5629 2.979093822 0.02291287847 0.5
5623 5634 3.422718218 0.05454356057 0.5
5624 5627 0 0 0.5
5624 5633 3.422718218 0.05454356057 0.5
5625 5632 3.398529094 0.05296225071 0.5
5626 5630 0 0 0.5
5627 5628 0 0 0.5
5627 5629 0 0 0.5
5628 5630 0 0 0.5
5629 5630 0 0 0.5
5630 5632 0 0 0.5
5632 5635 3.398529094 0.05296225071 0.5
5632 5640 0 0 0.5
5633 5636 3.328062499 0.05454356057 0.5
5633 5638 2.979093822 0.02291287847 0.5
5633 5639 2.979093822 0.02291287847 0.5
5634 5637 0 0 0.5
5636 5640 0 0 0.5
5637 5638 0 0 0.5
5637 5639 0 0 0.5
5638 5640 0 0 0.5
5639 5640 0 0 0.5
5642 5645 3.398529094 0.05296225071 0.5
5642 5650 0 0 0.5
5642 5653 3.422718218 0.05454356057 0.5
5642 5665 3.398529094 0.05296225071 0.5
5642 5670 0 0 0.5
5643 5646 3.328062499 0.05454356057 0.5
5643 5648 2.979093822 0.02291287847 0.5
5643 5649 2.979093822 0.02291287847 0.5
5643 5654 3.422718218 0.05454356057 0.5
5643 5662 3.422718218 0.05454356057 0.5
5643 5664 3.422718218 0.05454356057 0.5
5644 5647 0 0 0.5
5644 5653 3.422718218 0.05454356057 0.5
5644 5663 3.422718218 0.05454356057 0.5
5645 5652 3.398529094 0.05296225071 0.5
5646 5650 0 0 0.5
5647 5648 0 0 0.5
5647 5649 0 0 0.5
5648 5650 0 0 0.5
5649 5650 0 0 0.5
5650 5652 0 0 0.5
5652 5655 3.398529094 0.05296225071 0.5
5652 5660 0 0 0.5
5652 5663 3.422718218 0.05454356057 0.5
5653 5656 3.328062499 0.05454356057 0.5
5653 5658 2.979093822 0.02291287847 0.5
5653 5659 2.979093822 0.02291287847 0.5
5653 5664 3.422718218 0.05454356057 0.5
5654 5657 0 0 0.5
5654 5663 3.422718218 0.05454356057 0.5
5655 5662 3.398529094 0.05296225071 0.5
5656 5660 0 0 0.5
5657 5658 0 0 0.5
5657 5659 0 0 0.5
5658 5660 0 0 0.5
5659 5660 0 0 0.5
5660 5662 0 0 0.5
5662 5665 3.398529094 0.05296225071 0.5
5662 5670 0 0 0.5
5663 5666 3.328062499 0.05454356057 0.5
5663 5668 2.979093822 0.02291287847 0.5
5663 5669 2.979093822 0.02291287847 0.5
5664 5667 0 0 0.5
5666 5670 0 0 0.5
5667 5668 0 0 0.5
5667 5669 0 0 0.5
5668 5670 0 0 0.5
5669 5670 0 0 0.5
5672 5675 3.398529094 0.05296225071 0.5
5672 5680 0 0 0.5
5672 5683 3.422718218 0.05454356057 0.5
5672 5695 3.398529094 0.05296225071 0.5
5672 5700 0 0 0.5
5673 5676 3.328062499 0.05454356057 0.5
5673 5678 2.979093822 0.02291287847 0.5
5673 5679 2.979093822 0.02291287847 0.5
5673 5684 3.422718218 0.05454356057 0.5
5673 5692 3.422718218 0.05454356057 0.5
5673 5694 3.422718218 0.05454356057 0.5
5674 5677 0 0 0.5
5674 5683 3.422718218 0.05454356057 0.5
5674 5693 3.422718218 0.05454356057 0.5
5675 5682 3.398529094 0.05296225071 0.5
5676 5680 0 0 0.5
5677 5678 0 0 0.5
5677 5679 0 0 0.5
5678 5680 0 0 0.5
5679 5680 0 0 0.5
5680 5682 0 0 0.5
5682 5685 3.398529094 0.05296225071 0.5
5682 5690 0 0 0.5
5682 5693 3.422718218 0.05454356057 0.5
5683 5686 3.328062499 0.05454356057 0.5
5683 5688 2.979093822 0.02291287847 0.5
5683 5689 2.979093822 0.02291287847 0.5
5683 5694 3.422718218 0.05454356057 0.5
5684 5687 0 0 0.5
5684 5693 3.422718218 0.05454356057 0.5
5685 5692 3.398529094 0.05296225071 0.5
5686 5690 0 0 0.5
5687 5688 0 0 0.5
5687 5689 0 0 0.5
5688 5690 0 0 0.5
5689 5690 0 0 0.5
5690 5692 0 0 0.5
5692 5695 3.398529094 0.05296225071 0.5
5692 5700 0 0 0.5
5693 5696 3.328062499 0.05454356057 0.5
5693 5698 2.979093822 0.02291287847 0.5
5693 5699 2.979093822 0.02291287847 0.5
5694 5697 0 0 0.5
5696 5700 0 0 0.5
5697 5698 0 0 0.5
5697 5699 0 0 0.5
5698 5700 0 0 0.5
5699 5700 0 0 0.5
5702 5705 3.398529094 0.05296225071 0.5
5702 5710 0 0 0.5
5702 5713 3.422718218 0.05454356057 0.5
5702 5725 3.398529094 0.05296225071 0.5
5702 5730 0 0 0.5
5703 5706 3.328062499 0.05454356057 0.5
5703 5708 2.979093822 0.02291287847 0.5
5703 5709 2.979093822 0.02291287847 0.5
5703 5714 3.422718218 0.05454356057 0.5
5703 5722 3.422718218 0.05454356057 0.5
5703 5724 3.422718218 0.05454356057 0.5
5704 5707 0 0 0.5
5704 5713 3.422718218 0.05454356057 0.5
5704 5723 3.422718218 0.05454356057 0.5
5705 5712 3.398529094 0.05296225071 0.5
5706 5710 0 0 0.5
5707 5708 0 0 0.5
5707 5709 0 0 0.5
5708 5710 0 0 0.5
5709 5710 0 0 0.5
5710 5712 0 0 0.5
5712 5715 3.398529094 0.05296225071 0.5
5712 5720 0 0 0.5
5712 5723 3.422718218 0.05454356057 0.5
5713 5716 3.328062499 0.05454356057 0.5
5713 5718 2.979093822 0.02291287847 0.5
5713 5719 2.979093822 0.02291287847 0.5
5713 5724 3.422718218 0.05454356057 0.5
5714 5717 0 0 0.5
5714 5723 3.422718218 0.05454356057 0.5
5715 5722 3.398529094 0.05296225071 0.5
5716 5720 0 0 0.5
5717 5718 0 0 0.5
5717 5719 0 0 0.5
5718 5720 0 0 0.5
5719 5720 0 0 0.5
5720 5722 0 0 0.5
5722 5725 3.398529094 0.05296225071 0.5
5722 5730 0 0 0.5
5723 5726 3.328062499 0.05454356057 0.5
5723 5728 2.979093822 0.02291287847 0.5
5723 5729 2.979093822 0.02291287847 0.5
5724 5727 0 0 0.5
5726 5730 0 0 0.5
5727 5728 0 0 0.5
5727 5729 0 0 0.5
5728 5730 0 0 0.5
5729 5730 0 0 0.5
5732 5735 3.398529094 0.05296225071 0.5
5732 5740 0 0 0.5
5732 5743 3.422718218 0.05454356057 0.5
5732 5755 3.398529094 0.05296225071 0.5
5732 5760 0 0 0.5
5733 5736 3.328062499 0.05454356057 0.5
5733 5738 2.979093822 0.02291287847 0.5
5733 5739 2.979093822 0.02291287847 0.5
5733 5744 3.422718218 0.05454356057 0.5
5733 5752 3.422718218 0.05454356057 0.5
5733 5754 3.422718218 0.05454356057 0.5
5734 5737 0 0 0.5
5734 5743 3.422718218 0.05454356057 0.5
5734 5753 3.422718218 0.05454356057 0.5
5735 5742 3.398529094 0.05296225071 0.5
5736 5740 0 0 0.5
5737 5738 0 0 0.5
5737 5739 0 0 0.5
5738 5740 0 0 0.5
5739 5740 0 0 0.5
5740 5742 0 0 0.5
5742 5745 3.398529094 0.05296225071 0.5
5742 5750 0 0 0.5
5742 5753 3.422718218 0.05454356057 0.5
5743 5746 3.328062499 0.05454356057 0.5
5743 5748 2.979093822 0.02291287847 0.5
5743 5749 2.979093822 0.02291287847 0.5
5743 5754 3.422718218 0.05454356057 0.5
5744 5747 0 0 0.5
5744 5753 3.422718218 0.05454356057 0.5
5745 5752 3.398529094 0.05296225071 0.5
5746 5750 0 0 0.5
5747 5748 0 0 0.5
5747 5749 0 0 0.5
5748 5750 0 0 0.5
5749 5750 0 0 0.5
5750 5752 0 0 0.5
5752 5755 3.398529094 0.05296225071 0.5
5752 5760 0 0 0.5
5753 5756 3.328062499 0.05454356057 0.5
5753 5758 2.979093822 0.02291287847 0.5
5753 5759 2.979093822 0.02291287847 0.5
5754 5757 0 0 0.5
5756 5760 0 0 0.5
5757 5758 0 0 0.5
5757 5759 0 0 0.5
5758 5760 0 0 0.5
5759 5760 0 0 0.5
5762 5765 3.398529094 0.05296225071 0.5
5762 5770 0 0 0.5
5762 5773 3.422718218 0.05454356057 0.5
5762 5785 3.398529094 0.05296225071 0.5
5762 5790 0 0 0.5
5763 5766 3.328062499 0.05454356057 0.5
5763 5768 2.979093822 0.02291287847 0.5
5763 5769 2.979093822 0.02291287847 0.5
5763 5774 3.422718218 0.05454356057 0.5
5763 5782 3.422718218 0.05454356057 0.5
5763 5784 3.422718218 0.05454356057 0.5
5764 5767 0 0 0.5
5764 5773 3.422718218 0.05454356057 0.5
5764 5783 3.422718218 0.05454356057 0.5
5765 5772 3.398529094 0.05296225071 0.5
5766 5770 0 0 0.5
5767 5768 0 0 0.5
5767 5769 0 0 0.5
5768 5770 0 0 0.5
5769 5770 0 0 0.5
5770 5772 0 0 0.5
5772 5775 3.398529094 0.05296225071 0.5
5772 5780 0 0 0.5
5772 5783 3.422718218 0.05454356057 0.5
5773 5776 3.328062499 0.05454356057 0.5
5773 5778 2.979093822 0.02291287847 0.5
5773 5779 2.979093822 0.02291287847 0.5
5773 5784 3.422718218 0.05454356057 0.5
5774 5777 0 0 0.5
5774 5783 3.422718218 0.05454356057 0.5
5775 5782 3.398529094 0.05296225071 0.5
5776 5780 0 0 0.5
5777 5778 0 0 0.5
5777 5779 0 0 0.5
5778 5780 0 0 0.5
5779 5780 0 0 0.5
5780 5782 0 0 0.5
5782 5785 3.398529094 0.05296225071 0.5
5782 5790 0 0 0.5
5783 5786 3.328062499 0.05454356057 0.5
5783 5788 2.979093822 0.02291287847 0.5
5783 5789 2.979093822 0.02291287847 0.5
5784 5787 0 0 0.5
5786 5790 0 0 0.5
5787 5788 0 0 0.5
5787 5789 0 0 0.5
5788 5790 0 0 0.5
5789 5790 0 0 0.5
5792 5795 3.398529094 0.05296225071 0.5
5792 5800 0 0 0.5
5792 5803 3.422718218 0.05454356057 0.5
5792 5815 3.398529094 0.05296225071 0.5
5792 5820 0 0 0.5
5793 5796 3.328062499 0.05454356057 0.5
5793 5798 2.979093822 0.02291287847 0.5
5793 5799 2.979093822 0.02291287847 0.5
5793 5804 3.422718218 0.05454356057 0.5
5793 5812 3.422718218 0.05454356057 0.5
5793 5814 3.422718218 0.05454356057 0.5
5794 5797 0 0 0.5
5794 5803 3.422718218 0.05454356057 0.5
5794 5813 3.422718218 0.05454356057 0.5
5795 5802 3.398529094 0.05296225071 0.5
5796 5800 0 0 0.5
5797 5798 0 0 0.5
5797 5799 0 0 0.5
5798 5800 0 0 0.5
5799 5800 0 0 0.5
5800 5802 0 0 0.5
5802 5805 3.398529094 0.05296225071 0.5
5802 5810 0 0 0.5
5802 5813 3.422718218 0.05454356057 0.5
5803 5806 3.328062499 0.05454356057 0.5
5803 5808 2.979093822 0.02291287847 0.5
5803 5809 2.979093822 0.02291287847 0.5
5803 5814 3.422718218 0.05454356057 0.5
5804 5807 0 0 0.5
5804 5813 3.422718218 0.05454356057 0.5
5805 5812 3.398529094 0.05296225071 0.5
5806 5810 0 0 0.5
5807 5808 0 0 0.5
5807 5809 0 0 0.5
5808 5810 0 0 0.5
5809 5810 0 0 0.5
5810 5812 0 0 0.5
5812 5815 3.398529094 0.05296225071 0.5
5812 5820 0 0 0.5
5813 5816 3.328062499 0.05454356057 0.5
5813 5818 2.979093822 0.02291287847 0.5
5813 5819 2.979093822 0.02291287847 0.5
5814 5817 0 0 0.5
5816 5820 0 0 0.5
5817 5818 0 0 0.5
5817 5819 0 0 0.5
5818 5820 0 0 0.5
5819 5820 0 0 0.5
5822 5825 3.398529094 0.05296225071 0.5
5822 5830 0 0 0.5
5822 5833 3.422718218 0.05454356057 0.5
5822 5845 3.398529094 0.05296225071 0.5
5822 5850 0 0 0.5
5823 5826 3.328062499 0.05454356057 0.5
5823 5828 2.979093822 0.02291287847 0.5
5823 5829 2.979093822 0.02291287847 0.5
5823 5834 3.422718218 0.05454356057 0.5
5823 5842 3.422718218 0.05454356057 0.5
5823 5844 3.422718218 0.05454356057 0.5
5824 5827 0 0 0.5
5824 5833 3.422718218 0.05454356057 0.5
5824 5843 3.422718218 0.05454356057 0.5
5825 5832 3.398529094 0.05296225071 0.5
5826 5830 0 0 0.5
5827 5828 0 0 0.5
5827 5829 0 0 0.5
5828 5830 0 0 0.5
5829 5830 0 0 0.5
5830 5832 0 0 0.5
5832 5835 3.398529094 0.05296225071 0.5
5832 5840 0 0 0.5
5832 5843 3.422718218 0.05454356057 0.5
5833 5836 3.328062499 0.05454356057 0.5
5833 5838 2.979093822 0.02291287847 0.5
5833 5839 2.979093822 0.02291287847 0.5
5833 5844 3.422718218 0.05454356057 0.5
5834 5837 0 0 0.5
5834 5843 3.422718218 0.05454356057 0.5
5835 5842 3.398529094 0.05296225071 0.5
5836 5840 0 0 0.5
5837 5838 0 0 0.5
5837 5839 0 0 0.5
5838 5840 0 0 0.5
5839 5840 0 0 0.5
5840 5842 0 0 0.5
5842 5845 3.398529094 0.05296225071 0.5
5842 5850 0 0 0.5
5843 5846 3.328062499 0.05454356057 0.5
5843 5848 2.979093822 0.02291287847 0.5
5843 5849 2.979093822 0.02291287847 0.5
5844 5847 0 0 0.5
5846 5850 0 0 0.5
5847 5848 0 0 0.5
5847 5849 0 0 0.5
5848 5850 0 0 0.5
5849 5850 0 0 0.5
5852 5855 3.398529094 0.05296225071 0.5
5852 5860 0 0 0.5
5852 5863 3.422718218 0.05454356057 0.5
5852 5875 3.398529094 0.05296225071 0.5
5852 5880 0 0 0.5
5853 5856 3.328062499 0.05454356057 0.5
5853 5858 2.979093822 0.02291287847 0.5
5853 5859 2.979093822 0.02291287847 0.5
5853 5864 3.422718218 0.05454356057 0.5
5853 5872 3.422718218 0.05454356057 0.5
5853 5874 3.422718218 0.05454356057 0.5
5854 5857 0 0 0.5
5854 5863 3.422718218 0.05454356057 0.5
5854 5873 3.422718218 0.05454356057 0.5
5855 5862 3.398529094 0.05296225071 0.5
5856 5860 0 0 0.5
5857 5858 0 0 0.5
5857 5859 0 0 0.5
5858 5860 0 0 0.5
5859 5860 0 0 0.5
5860 5862 0 0 0.5
5862 5865 3.398529094 0.05296225071 0.5
5862 5870 0 0 0.5
5862 5873 3.422718218 0.05454356057 0.5
5863 5866 3.328062499 0.05454356057 0.5
5863 5868 2.979093822 0.02291287847 0.5
5863 5869 2.979093822 0.02291287847 0.5
5863 5874 3.422718218 0.05454356057 0.5
5864 5867 0 0 0.5
5864 5873 3.422718218 0.05454356057 0.5
5865 5872 3.398529094 0.05296225071 0.5
5866 5870 0 0 0.5
5867 5868 0 0 0.5
5867 5869 0 0 0.5
5868 5870 0 0 0.5
5869 5870 0 0 0.5
5870 5872 0 0 0.5
5872 5875 3.398529094 0.05296225071 0.5
5872 5880 0 0 0.5
5873 5876 3.328062499 0.05454356057 0.5
5873 5878 2.979093822 0.02291287847 0.5
5873 5879 2.979093822 0.02291287847 0.5
5874 5877 0 0 0.5
5876 5880 0 0 0.5
5877 5878 0 0 0.5
5877 5879 0 0 0.5
5878 5880 0 0 0.5
5879 5880 0 0 0.5
5882 5885 3.398529094 0.05296225071 0.5
5882 5890 0 0 0.5
5882 5893 3.422718218 0.05454356057 0.5
5882 5905 3.398529094 0.05296225071 0.5
5882 5910 0 0 0.5
5883 5886 3.328062499 0.05454356057 0.5
5883 5888 2.979093822 0.02291287847 0.5
5883 5889 2.979093822 0.02291287847 0.5
5883 5894 3.422718218 0.05454356057 0.5
5883 5902 3.422718218 0.05454356057 0.5
5883 5904 3.422718218 0.05454356057 0.5
5884 5887 0 0 0.5
5884 5893 3.422718218 0.05454356057 0.5
5884 5903 3.422718218 0.05454356057 0.5
5885 5892 3.398529094 0.05296225071 0.5
5886 5890 0 0 0.5
5887 5888 0 0 0.5
5887 5889 0 0 0.5
5888 5890 0 0 0.5
5889 5890 0 0 0.5
5890 5892 0 0 0.5
5892 5895 3.398529094 0.05296225071 0.5
5892 5900 0 0 0.5
5892 5903 3.422718218 0.05454356057 0.5
5893 5896 3.328062499 0.05454356057 0.5
5893 5898 2.979093822 0.02291287847 0.5
5893 5899 2.979093822 0.02291287847 0.5
5893 5904 3.422718218 0.05454356057 0.5
5894 5897 0 0 0.5
5894 5903 3.422718218 0.05454356057 0.5
5895 5902 3.398529094 0.05296225071 0.5
5896 5900 0 0 0.5
5897 5898 0 0 0.5
5897 5899 0 0 0.5
5898 5900 0 0 0.5
5899 5900 0 0 0.5
5900 5902 0 0 0.5
5902 5905 3.398529094 0.05296225071 0.5
5902 5910 0 0 0.5
5903 5906 3.328062499 0.05454356057 0.5
5903 5908 2.979093822 0.02291287847 0.5
5903 5909 2.979093822 0.02291287847 0.5
5904 5907 0 0 0.5
5906 5910 0 0 0.5
5907 5908 0 0 0.5
5907 5909 0 0 0.5
5908 5910 0 0 0.5
5909 5910 0 0 0.5
5912 5915 3.398529094 0.05296225071 0.5
5912 5920 0 0 0.5
5912 5923 3.422718218 0.05454356057 0.5
5912 5935 3.398529094 0.05296225071 0.5
5912 5940 0 0 0.5
5913 5916 3.328062499 0.05454356057 0.5
5913 5918 2.979093822 0.02291287847 0.5
5913 5919 2.979093822 0.02291287847 0.5
5913 5924 3.422718218 0.05454356057 0.5
5913 5932 3.422718218 0.05454356057 0.5
5913 5934 3.422718218 0.05454356057 0.5
5914 5917 0 0 0.5
5914 5923 3.422718218 0.05454356057 0.5
5914 5933 3.422718218 0.05454356057 0.5
5915 5922 3.398529094 0.05296225071 0.5
5916 5920 0 0 0.5
5917 5918 0 0 0.5
5917 5919 0 0 0.5
5918 5920 0 0 0.5
5919 5920 0 0 0.5
5920 5922 0 0 0.5
5922 5925 3.398529094 0.05296225071 0.5
5922 5930 0 0 0.5
5922 5933 3.422718218 0.05454356057 0.5
5923 5926 3.328062499 0.05454356057 0.5
5923 5928 2.979093822 0.02291287847 0.5
5923 5929 2.979093822 0.02291287847 0.5
5923 5934 3.422718218 0.05454356057 0.5
5924 5927 0 0 0.5
5924 5933 3.422718218 0.05454356057 0.5
5925 5932 3.398529094 0.05296225071 0.5
5926 5930 0 0 0.5
5927 5928 0 0 0.5
5927 5929 0 0 0.5
5928 5930 0 0 0.5
5929 5930 0 0 0.5
5930 5932 0 0 0.5
5932 5935 3.398529094 0.05296225071 0.5
5932 5940 0 0 0.5
5933 5936 3.328062499 0.05454356057 0.5
5933 5938 2.979093822 0.02291287847 0.5
5933 5939 2.979093822 0.02291287847 0.5
5934 5937 0 0 0.5
5936 5940 0 0 0.5
5937 5938 0 0 0.5
5937 5939 0 0 0.5
5938 5940 0 0 0.5
5939 5940 0 0 0.5
5942 5945 3.398529094 0.05296225071 0.5
5942 5950 0 0 0.5
5942 5953 3.422718218 0.05454356057 0.5
5942 5965 3.398529094 0.05296225071 0.5
5942 5970 0 0 0.5
5943 5946 3.328062499 0.05454356057 0.5
5943 5948 2.979093822 0.02291287847 0.5
5943 5949 2.979093822 0.02291287847 0.5
5943 5954 3.422718218 0.05454356057 0.5
5943 5962 3.422718218 0.05454356057 0.5
5943 5964 3.422718218 0.05454356057 0.5
5944 5947 0 0 0.5
5944 5953 3.422718218 0.05454356057 0.5
5944 5963 3.422718218 0.05454356057 0.5
5945 5952 3.398529094 0.05296225071 0.5
5946 5950 0 0 0.5
5947 5948 0 0 0.5
5947 5949 0 0 0.5
5948 5950 0 0 0.5
5949 5950 0 0 0.5
5950 5952 0 0 0.5
5952 5955 3.398529094 0.05296225071 0.5
5952 5960 0 0 0.5
5952 5963 3.422718218 0.05454356057 0.5
5953 5956 3.328062499 0.05454356057 0.5
5953 5958 2.979093822 0.02291287847 0.5
5953 5959 2.979093822 0.02291287847 0.5
5953 5964 3.422718218 0.05454356057 0.5
5954 5957 0 0 0.5
5954 5963 3.422718218 0.05454356057 0.5
5955 5962 3.398529094 0.05296225071 0.5
5956 5960 0 0 0.5
5957 5958 0 0 0.5
5957 5959 0 0 0.5
5958 5960 0 0 0.5
5959 5960 0 0 0.5
5960 5962 0 0 0.5
5962 5965 3.398529094 0.05296225071 0.5
5962 5970 0 0 0.5
5963 5966 3.328062499 0.05454356057 0.5
5963 5968 2.979093822 0.02291287847 0.5
5963 5969 2.979093822 0.02291287847 0.5
5964 5967 0 0 0.5
5966 5970 0 0 0.5
5967 5968 0 0 0.5
5967 5969 0 0 0.5
5968 5970 0 0 0.5
5969 5970 0 0 0.5
5972 5975 3.398529094 0.05296225071 0.5
5972 5980 0 0 0.5
5972 5983 3.422718218 0.05454356057 0.5
5972 5995 3.398529094 0.05296225071 0.5
5972 6000 0 0 0.5
5973 5976 3.328062499 0.05454356057 0.5
5973 5978 2.979093822 0.02291287847 0.5
5973 5979 2.979093822 0.02291287847 0.5
5973 5984 3.422718218 0.05454356057 0.5
5973 5992 3.422718218 0.05454356057 0.5
5973 5994 3.422718218 0.05454356057 0.5
5974 5977 0 0 0.5
5974 5983 3.422718218 0.05454356057 0.5
5974 5993 3.422718218 0.05454356057 0.5
5975 5982 3.398529094 0.05296225071 0.5
5976 5980 0 0 0.5
5977 5978 0 0 0.5
5977 5979 0 0 0.5
5978 5980 0 0 0.5
5979 5980 0 0 0.5
5980 5982 0 0 0.5
5982 5985 3.398529094 0.05296225071 0.5
5982 5990 0 0 0.5
5982 5993 3.422718218 0.05454356057 0.5
5983 5986 3.328062499 0.05454356057 0.5
5983 5988 2.979093822 0.02291287847 0.5
5983 5989 2.979093822 0.02291287847 0.5
5983 5994 3.422718218 0.05454356057 0.5
5984 5987 0 0 0.5
5984 5993 3.422718218 0.05454356057 0.5
5985 5992 3.398529094 0.05296225071 0.5
5986 5990 0 0 0.5
5987 5988 0 0 0.5
5987 5989 0 0 0.5
5988 5990 0 0 0.5
5989 5990 0 0 0.5
5990 5992 0 0 0.5
5992 5995 3.398529094 0.05296225071 0.5
5992 6000 0 0 0.5
5993 5996 3.328062499 0.05454356057 0.5
5993 5998 2.979093822 0.02291287847 0.5
5993 5999 2.979093822 0.02291287847 0.5
5994 5997 0 0 0.5
5996 6000 0 0 0.5
5997 5998 0 0 0.5
5997 5999 0 0 0.5
5998 6000 0 0 0.5
5999 6000 0 0 0.5
6002 6005 3.398529094 0.05296225071 0.5
6002 6010 0 0 0.5
6002 6013 3.422718218 0.05454356057 0.5
6002 6025 3.398529094 0.05296225071 0.5
6002 6030 0 0 0.5
6003 6006 3.328062499 0.05454356057 0.5
6003 6008 2.979093822 0.02291287847 0.5
6003 6009 2.979093822 0.02291287847 0.5
6003 6014 3.422718218 0.05454356057 0.5
6003 6022 3.422718218 0.05454356057 0.5
6003 6024 3.422718218 0.05454356057 0.5
6004 6007 0 0 0.5
6004 6013 3.422718218 0.05454356057 0.5
6004 6023 3.422718218 0.05454356057 0.5
6005 6012 3.398529094 0.05296225071 0.5
6006 6010 0 0 0.5
6007 6008 0 0 0.5
6007 6009 0 0 0.5
6008 6010 0 0 0.5
6009 6010 0 0 0.5
6010 6012 0 0 0.5
6012 6015 3.398529094 0.05296225071 0.5
6012 6020 0 0 0.5
6012 6023 3.422718218 0.05454356057 0.5
6013 6016 3.328062499 0.05454356057 0.5
6013 6018 2.979093822 0.02291287847 0.5
6013 6019 2.979093822 0.02291287847 0.5
6013 6024 3.422718218 0.05454356057 0.5
6014 6017 0 0 0.5
6014 6023 3.422718218 0.05454356057 0.5
6015 6022 3.398529094 0.05296225071 0.5
6016 6020 0 0 0.5
6017 6018 0 0 0.5
6017 6019 0 0 0.5
6018 6020 0 0 0.5
6019 6020 0 0 0.5
6020 6022 0 0 0.5
6022 6025 3.398529094 0.05296225071 0.5
6022 6030 0 0 0.5
6023 6026 3.328062499 0.05454356057 0.5
6023 6028 2.979093822 0.02291287847 0.5
6023 6029 2.979093822 0.02291287847 0.5
6024 6027 0 0 0.5
6026 6030 0 0 0.5
6027 6028 0 0 0.5
6027 6029 0 0 0.5
6028 6030 0 0 0.5
6029 6030 0 0 0.5
6032 6035 3.398529094 0.05296225071 0.5
6032 6040 0 0 0.5
6032 6043 3.422718218 0.05454356057 0.5
6032 6055 3.398529094 0.05296225071 0.5
6032 6060 0 0 0.5
6033 6036 3.328062499 0.05454356057 0.5
6033 6038 2.979093822 0.02291287847 0.5
6033 6039 2.979093822 0.02291287847 0.5
6033 6044 3.422718218 0.05454356057 0.5
6033 6052 3.422718218 0.05454356057 0.5
6033 6054 3.422718218 0.05454356057 0.5
6034 6037 0 0 0.5
6034 6043 3.422718218 0.05454356057 0.5
6034 6053 3.422718218 0.05454356057 0.5
6035 6042 3.398529094 0.05296225071 0.5
6036 6040 0 0 0.5
6037 6038 0 0 0.5
6037 6039 0 0 0.5
6038 6040 0 0 0.5
6039 6040 0 0 0.5
6040 6042 0 0 0.5
6042 6045 3.398529094 0.05296225071 0.5
6042 6050 0 0 0.5
6042 6053 3.422718218 0.05454356057 0.5
6043 6046 3.328062499 0.05454356057 0.5
6043 6048 2.979093822 0.02291287847 0.5
6043 6049 2.979093822 0.02291287847 0.5
6043 6054 3.422718218 0.05454356057 0.5
6044 6047 0 0 0.5
6044 6053 3.422718218 0.05454356057 0.5
6045 6052 3.398529094 0.05296225071 0.5
6046 6050 0 0 0.5
6047 6048 0 0 0.5
6047 6049 0 0 0.5
6048 6050 0 0 0.5
6049 6050 0 0 0.5
6050 6052 0 0 0.5
6052 6055 3.398529094 0.05296225071 0.5
6052 6060 0 0 0.5
6053 6056 3.328062499 0.05454356057 0.5
6053 6058 2.979093822 0.02291287847 0.5
6053 6059 2.979093822 0.02291287847 0.5
6054 6057 0 0 0.5
6056 6060 0 0 0.5
6057 6058 0 0 0.5
6057 6059 0 0 0.5
6058 6060 0 0 0.5
6059 6060 0 0 0.5
6062 6065 3.398529094 0.05296225071 0.5
6062 6070 0 0 0.5
6062 6073 3.422718218 0.05454356057 0.5
6062 6085 3.398529094 0.05296225071 0.5
6062 6090 0 0 0.5
6063 6066 3.328062499 0.05454356057 0.5
6063 6068 2.979093822 0.02291287847 0.5
6063 6069 2.979093822 0.02291287847 0.5
6063 6074 3.422718218 0.05454356057 0.5
6063 6082 3.422718218 0.05454356057 0.5
6063 6084 3.422718218 0.05454356057 0.5
6064 6067 0 0 0.5
6064 6073 3.422718218 0.05454356057 0.5
6064 6083 3.422718218 0.05454356057 0.5
6065 6072 3.398529094 0.05296225071 0.5
6066 6070 0 0 0.5
6067 6068 0 0 0.5
6067 6069 0 0 0.5
6068 6070 0 0 0.5
6069 6070 0 0 0.5
6070 6072 0 0 0.5
6072 6075 3.398529094 0.05296225071 0.5
6072 6080 0 0 0.5
6072 6083 3.422718218 0.05454356057 0.5
6073 6076 3.328062499 0.05454356057 0.5
6073 6078 2.979093822 0.02291287847 0.5
6073 6079 2.979093822 0.02291287847 0.5
6073 6084 3.422718218 0.05454356057 0.5
6074 6077 0 0 0.5
6074 6083 3.422718218 0.05454356057 0.5
6075 6082 3.398529094 0.05296225071 0.5
6076 6080 0 0 0.5
6077 6078 0 0 0.5
6077 6079 0 0 0.5
6078 6080 0 0 0.5
6079 6080 0 0 0.5
6080 6082 0 0 0.5
6082 6085 3.398529094 0.05296225071 0.5
6082 6090 0 0 0.5
6083 6086 3.328062499 0.05454356057 0.5
6083 6088 2.979093822 0.02291287847 0.5
6083 6089 2.979093822 0.02291287847 0.5
6084 6087 0 0 0.5
6086 6090 0 0 0.5
6087 6088 0 0 0.5
6087 6089 0 0 0.5
6088 6090 0 0 0.5
6089 6090 0 0 0.5
6092 6095 3.398529094 0.05296225071 0.5
6092 6100 0 0 0.5
6092 6103 3.422718218 0.05454356057 0.5
6092 6115 3.398529094 0.05296225071 0.5
6092 6120 0 0 0.5
6093 6096 3.328062499 0.05454356057 0.5
6093 6098 2.979093822 0.02291287847 0.5
6093 6099 2.979093822 0.02291287847 0.5
6093 6104 3.422718218 0.05454356057 0.5
6093 6112 3.422718218 0.05454356057 0.5
6093 6114 3.422718218 0.05454356057 0.5
6094 6097 0 0 0.5
6094 6103 3.422718218 0.05454356057 0.5
6094 6113 3.422718218 0.05454356057 0.5
6095 6102 3.398529094 0.05296225071 0.5
6096 6100 0 0 0.5
6097 6098 0 0 0.5
6097 6099 0 0 0.5
6098 6100 0 0 0.5
6099 6100 0 0 0.5
6100 6102 0 0 0.5
6102 6105 3.398529094 0.05296225071 0.5
6102 6110 0 0 0.5
6102 6113 3.422718218 0.05454356057 0.5
6103 6106 3.328062499 0.05454356057 0.5
6103 6108 2.979093822 0.02291287847 0.5
6103 6109 2.979093822 0.02291287847 0.5
6103 6114 3.422718218 0.05454356057 0.5
6104 6107 0 0 0.5
6104 6113 3.422718218 0.05454356057 0.5
6105 6112 3.398529094 0.05296225071 0.5
6106 6110 0 0 0.5
6107 6108 0 0 0.5
6107 6109 0 0 0.5
6108 6110 0 0 0.5
6109 6110 0 0 0.5
6110 6112 0 0 0.5
6112 6115 3.398529094 0.05296225071 0.5
6112 6120 0 0 0.5
6113 6116 3.328062499 0.05454356057 0.5
6113 6118 2.979093822 0.02291287847 0.5
6113 6119 2.979093822 0.02291287847 0.5
6114 6117 0 0 0.5
6116 6120 0 0 0.5
6117 6118 0 0 0.5
6117 6119 0 0 0.5
6118 6120 0 0 0.5
6119 6120 0 0 0.5
6122 6125 3.398529094 0.05296225071 0.5
6122 6130 0 0 0.5
6122 6133 3.422718218 0.05454356057 0.5
6122 6145 3.398529094 0.05296225071 0.5
6122 6150 0 0 0.5
6123 6126 3.328062499 0.05454356057 0.5
6123 6128 2.979093822 0.02291287847 0.5
6123 6129 2.979093822 0.02291287847 0.5
6123 6134 3.422718218 0.05454356057 0.5
6123 6142 3.422718218 0.05454356057 0.5
6123 6144 3.422718218 0.05454356057 0.5
6124 6127 0 0 0.5
6124 6133 3.422718218 0.05454356057 0.5
6124 6143 3.422718218 0.05454356057 0.5
6125 6132 3.398529094 0.05296225071 0.5
6126 6130 0 0 0.5
6127 6128 0 0 0.5
6127 6129 0 0 0.5
6128 6130 0 0 0.5
6129 6130 0 0 0.5
6130 6132 0 0 0.5
6132 6135 3.398529094 0.05296225071 0.5
6132 6140 0 0 0.5
6132 6143 3.422718218 0.05454356057 0.5
6133 6136 3.328062499 0.05454356057 0.5
6133 6138 2.979093822 0.02291287847 0.5
6133 6139 2.979093822 0.02291287847 0.5
6133 6144 3.422718218 0.05454356057 0.5
6134 6137 0 0 0.5
6134 6143 3.422718218 0.05454356057 0.5
6135 6142 3.398529094 0.05296225071 0.5
6136 6140 0 0 0.5
6137 6138 0 0 0.5
6137 6139 0 0 0.5
6138 6140 0 0 0.5
6139 6140 0 0 0.5
6140 6142 0 0 0.5
6142 6145 3.398529094 0.05296225071 0.5
6142 6150 0 0 0.5
6143 6146 3.328062499 0.05454356057 0.5
6143 6148 2.979093822 0.02291287847 0.5
6143 6149 2.979093822 0.02291287847 0.5
6144 6147 0 0 0.5
6146 6150 0 0 0.5
6147 6148 0 0 0.5
6147 6149 0 0 0.5
6148 6150 0 0 0.5
6149 6150 0 0 0.5
6152 6155 3.398529094 0.05296225071 0.5
6152 6160 0 0 0.5
6152 6163 3.422718218 0.05454356057 0.5
6152 6175 3.398529094 0.05296225071 0.5
6152 6180 0 0 0.5
6153 6156 3.328062499 0.05454356057 0.5
6153 6158 2.979093822 0.02291287847 0.5
6153 6159 2.979093822 0.02291287847 0.5
6153 6164 3.422718218 0.05454356057 0.5
6153 6172 3.422718218 0.05454356057 0.5
6153 6174 3.422718218 0.05454356057 0.5
6154 6157 0 0 0.5
6154 6163 3.422718218 0.05454356057 0.5
6154 6173 3.422718218 0.05454356057 0.5
6155 6162 3.398529094 0.05296225071 0.5
6156 6160 0 0 0.5
6157 6158 0 0 0.5
6157 6159 0 0 0.5
6158 6160 0 0 0.5
6159 6160 0 0 0.5
6160 6162 0 0 0.5
6162 6165 3.398529094 0.05296225071 0.5
6162 6170 0 0 0.5
6162 6173 3.422718218 0.05454356057 0.5
6163 6166 3.328062499 0.05454356057 0.5
6163 6168 2.979093822 0.02291287847 0.5
6163 6169 2.979093822 0.02291287847 0.5
6163 6174 3.422718218 0.05454356057 0.5
6164 6167 0 0 0.5
6164 6173 3.422718218 0.05454356057 0.5
6165 6172 3.398529094 0.05296225071 0.5
6166 6170 0 0 0.5
6167 6168 0 0 0.5
6167 6169 0 0 0.5
6168 6170 0 0 0.5
6169 6170 0 0 0.5
6170 6172 0 0 0.5
6172 6175 3.398529094 0.05296225071 0.5
6172 6180 0 0 0.5
6173 6176 3.328062499 0.05454356057 0.5
6173 6178 2.979093822 0.02291287847 0.5
6173 6179 2.979093822 0.02291287847 0.5
6174 6177 0 0 0.5
6176 6180 0 0 0.5
6177 6178 0 0 0.5
6177 6179 0 0 0.5
6178 6180 0 0 0.5
6179 6180 0 0 0.5
6182 6185 3.398529094 0.05296225071 0.5
6182 6190 0 0 0.5
6182 6193 3.422718218 0.05454356057 0.5
6182 6205 3.398529094 0.05296225071 0.5
6182 6210 0 0 0.5
6183 6186 3.328062499 0.05454356057 0.5
6183 6188 2.979093822 0.02291287847 0.5
6183 6189 2.979093822 0.02291287847 0.5
6183 6194 3.422718218 0.05454356057 0.5
6183 6202 3.422718218 0.05454356057 0.5
6183 6204 3.422718218 0.05454356057 0.5
6184 6187 0 0 0.5
6184 6193 3.422718218 0.05454356057 0.5
6184 6203 3.422718218 0.05454356057 0.5
6185 6192 3.398529094 0.05296225071 0.5
6186 6190 0 0 0.5
6187 6188 0 0 0.5
6187 6189 0 0 0.5
6188 6190 0 0 0.5
6189 6190 0 0 0.5
6190 6192 0 0 0.5
6192 6195 3.398529094 0.05296225071 0.5
6192 6200 0 0 0.5
6192 6203 3.422718218 0.05454356057 0.5
6193 6196 3.328062499 0.05454356057 0.5
6193 6198 2.979093822 0.02291287847 0.5
6193 6199 2.979093822 0.02291287847 0.5
6193 6204 3.422718218 0.05454356057 0.5
6194 6197 0 0 0.5
6194 6203 3.422718218 0.05454356057 0.5
6195 6202 3.398529094 0.05296225071 0.5
6196 6200 0 0 0.5
6197 6198 0 0 0.5
6197 6199 0 0 0.5
6198 6200 0 0 0.5
6199 6200 0 0 0.5
6200 6202 0 0 0.5
6202 6205 3.398529094 0.05296225071 0.5
6202 6210 0 0 0.5
6203 6206 3.328062499 0.05454356057 0.5
6203 6208 2.979093822 0.02291287847 0.5
6203 6209 2.979093822 0.02291287847 0.5
6204 6207 0 0 0.5
6206 6210 0 0 0.5
6207 6208 0 0 0.5
6207 6209 0 0 0.5
6208 6210 0 0 0.5
6209 6210 0 0 0.5
6212 6215 3.398529094 0.05296225071 0.5
6212 6220 0 0 0.5
6212 6223 3.422718218 0.05454356057 0.5
6212 6235 3.398529094 0.05296225071 0.5
6212 6240 0 0 0.5
6213 6216 3.328062499 0.05454356057 0.5
6213 6218 2.979093822 0.02291287847 0.5
6213 6219 2.979093822 0.02291287847 0.5
6213 6224 3.422718218 0.05454356057 0.5
6213 6232 3.422718218 0.05454356057 0.5
6213 6234 3.422718218 0.05454356057 0.5
6214 6217 0 0 0.5
6214 6223 3.422718218 0.05454356057 0.5
6214 6233 3.422718218 0.05454356057 0.5
6215 6222 3.398529094 0.05296225071 0.5
6216 6220 0 0 0.5
6217 6218 0 0 0.5
6217 6219 0 0 0.5
6218 6220 0 0 0.5
6219 6220 0 0 0.5
6220 6222 0 0 0.5
6222 6225 3.398529094 0.05296225071 0.5
6222 6230 0 0 0.5
6222 6233 3.422718218 0.05454356057 0.5
6223 6226 3.328062499 0.05454356057 0.5
6223 6228 2.979093822 0.02291287847 0.5
6223 6229 2.979093822 0.02291287847 0.5
6223 6234 3.422718218 0.05454356057 0.5
6224 6227 0 0 0.5
6224 6233 3.422718218 0.05454356057 0.5
6225 6232 3.398529094 0.05296225071 0.5
6226 6230 0 0 0.5
6227 6228 0 0 0.5
6227 6229 0 0 0.5
6228 6230 0 0 0.5
6229 6230 0 0 0.5
6230 6232 0 0 0.5
6232 6235 3.398529094 0.05296225071 0.5
6232 6240 0 0 0.5
6233 6236 3.328062499 0.05454356057 0.5
6233 6238 2.979093822 0.02291287847 0.5
6233 6239 2.979093822 0.02291287847 0.5
6234 6237 0 0 0.5
6236 6240 0 0 0.5
6237 6238 0 0 0.5
6237 6239 0 0 0.5
6238 6240 0 0 0.5
6239 6240 0 0 0.5
6242 6245 3.398529094 0.05296225071 0.5
6242 6250 0 0 0.5
6242 6253 3.422718218 0.05454356057 0.5
6242 6265 3.398529094 0.05296225071 0.5
6242 6270 0 0 0.5
6243 6246 3.328062499 0.05454356057 0.5
6243 6248 2.979093822 0.02291287847 0.5
6243 6249 2.979093822 0.02291287847 0.5
6243 6254 3.422718218 0.05454356057 0.5
6243 6262 3.422718218 0.05454356057 0.5
6243 6264 3.422718218 0.05454356057 0.5
6244 6247 0 0 0.5
6244 6253 3.422718218 0.05454356057 0.5
6244 6263 3.422718218 0.05454356057 0.5
6245 6252 3.398529094 0.05296225071 0.5
6246 6250 0 0 0.5
6247 6248 0 0 0.5
6247 6249 0 0 0.5
6248 6250 0 0 0.5
6249 6250 0 0 0.5
6250 6252 0 0 0.5
6252 6255 3.398529094 0.05296225071 0.5
6252 6260 0 0 0.5
6252 6263 3.422718218 0.05454356057 0.5
6253 6256 3.328062499 0.05454356057 0.5
6253 6258 2.979093822 0.02291287847 0.5
6253 6259 2.979093822 0.02291287847 0.5
6253 6264 3.422718218 0.05454356057 0.5
6254 6257 0 0 0.5
6254 6263 3.422718218 0.05454356057 0.5
6255 6262 3.398529094 0.05296225071 0.5
6256 6260 0 0 0.5
6257 6258 0 0 0.5
6257 6259 0 0 0.5
6258 6260 0 0 0.5
6259 6260 0 0 0.5
6260 6262 0 0 0.5
6262 6265 3.398529094 0.05296225071 0.5
6262 6270 0 0 0.5
6263 6266 3.328062499 0.05454356057 0.5
6263 6268 2.979093822 0.02291287847 0.5
6263 6269 2.979093822 0.02291287847 0.5
6264 6267 0 0 0.5
6266 6270 0 0 0.5
6267 6268 0 0 0.5
6267 6269 0 0 0.5
6268 6270 0 0 0.5
6269 6270 0 0 0.5
6272 6275 3.398529094 0.05296225071 0.5
6272 6280 0 0 0.5
6272 6283 3.422718218 0.05454356057 0.5
6272 6295 3.398529094 0.05296225071 0.5
6272 6300 0 0 0.5
6273 6276 3.328062499 0.05454356057 0.5
6273 6278 2.979093822 0.02291287847 0.5
6273 6279 2.979093822 0.02291287847 0.5
6273 6284 3.422718218 0.05454356057 0.5
6273 6292 3.422718218 0.05454356057 0.5
6273 6294 3.422718218 0.05454356057 0.5
6274 6277 0 0 0.5
6274 6283 3.422718218 0.05454356057 0.5
6274 6293 3.422718218 0.05454356057 0.5
6275 6282 3.398529094 0.05296225071 0.5
6276 6280 0 0 0.5
6277 6278 0 0 0.5
6277 6279 0 0 0.5
6278 6280 0 0 0.5
6279 6280 0 0 0.5
6280 6282 0 0 0.5
6282 6285 3.398529094 0.05296225071 0.5
6282 6290 0 0 0.5
6282 6293 3.422718218 0.05454356057 0.5
6283 6286 3.328062499 0.05454356057 0.5
6283 6288 2.979093822 0.02291287847 0.5
6283 6289 2.979093822 0.02291287847 0.5
6283 6294 3.422718218 0.05454356057 0.5
6284 6287 0 0 0.5
6284 6293 3.422718218 0.05454356057 0.5
6285 6292 3.398529094 0.05296225071 0.5
6286 6290 0 0 0.5
6287 6288 0 0 0.5
6287 6289 0 0 0.5
6288 6290 0 0 0.5
6289 6290 0 0 0.5
6290 6292 0 0 0.5
6292 6295 3.398529094 0.05296225071 0.5
6292 6300 0 0 0.5
6293 6296 3.328062499 0.05454356057 0.5
6293 6298 2.979093822 0.02291287847 0.5
6293 6299 2.979093822 0.02291287847 0.5
6294 6297 0 0 0.5
6296 6300 0 0 0.5
6297 6298 0 0 0.5
6297 6299 0 0 0.5
6298 6300 0 0 0.5
6299 6300 0 0 0.5
6302 6305 3.398529094 0.05296225071 0.5
6302 6310 0 0 0.5
6302 6313 3.422718218 0.05454356057 0.5
6302 6325 3.398529094 0.05296225071 0.5
6302 6330 0 0 0.5
6303 6306 3.328062499 0.05454356057 0.5
6303 6308 2.979093822 0.02291287847 0.5
6303 6309 2.979093822 0.02291287847 0.5
6303 6314 3.422718218 0.05454356057 0.5
6303 6322 3.422718218 0.05454356057 0.5
6303 6324 3.422718218 0.05454356057 0.5
6304 6307 0 0 0.5
6304 6313 3.422718218 0.05454356057 0.5
6304 6323 3.422718218 0.05454356057 0.5
6305 6312 3.398529094 0.05296225071 0.5
6306 6310 0 0 0.5
6307 6308 0 0 0.5
6307 6309 0 0 0.5
6308 6310 0 0 0.5
6309 6310 0 0 0.5
6310 6312 0 0 0.5
6312 6315 3.398529094 0.05296225071 0.5
6312 6320 0 0 0.5
6312 6323 3.422718218 0.05454356057 0.5
6313 6316 3.328062499 0.05454356057 0.5
6313 6318 2.979093822 0.02291287847 0.5
6313 6319 2.979093822 0.02291287847 0.5
6313 6324 3.422718218 0.05454356057 0.5
6314 6317 0 0 0.5
6314 6323 3.422718218 0.05454356057 0.5
6315 6322 3.398529094 0.05296225071 0.5
6316 6320 0 0 0.5
6317 6318 0 0 0.5
6317 6319 0 0 0.5
6318 6320 0 0 0.5
6319 6320 0 0 0.5
6320 6322 0 0 0.5
6322 6325 3.398529094 0.05296225071 0.5
6322 6330 0 0 0.5
6323 6326 3.328062499 0.05454356057 0.5
6323 6328 2.979093822 0.02291287847 0.5
6323 6329 2.979093822 0.02291287847 0.5
6324 6327 0 0 0.5
6326 6330 0 0 0.5
6327 6328 0 0 0.5
6327 6329 0 0 0.5
6328 6330 0 0 0.5
6329 6330 0 0 0.5
6332 6335 3.398529094 0.05296225071 0.5
6332 6340 0 0 0.5
6332 6343 3.422718218 0.05454356057 0.5
6332 6355 3.398529094 0.05296225071 0.5
6332 6360 0 0 0.5
6333 6336 3.328062499 0.05454356057 0.5
6333 6338 2.979093822 0.02291287847 0.5
6333 6339 2.979093822 0.02291287847 0.5
6333 6344 3.422718218 0.05454356057 0.5
6333 6352 3.422718218 0.05454356057 0.5
6333 6354 3.422718218 0.05454356057 0.5
6334 6337 0 0 0.5
6334 6343 3.422718218 0.05454356057 0.5
6334 6353 3.422718218 0.05454356057 0.5
6335 6342 3.398529094 0.05296225071 0.5
6336 6340 0 0 0.5
6337 6338 0 0 0.5
6337 6339 0 0 0.5
6338 6340 0 0 0.5
6339 6340 0 0 0.5
6340 6342 0 0 0.5
6342 6345 3.398529094 0.05296225071 0.5
6342 6350 0 0 0.5
6342 6353 3.422718218 0.05454356057 0.5
6343 6346 3.328062499 0.05454356057 0.5
6343 6348 2.979093822 0.02291287847 0.5
6343 6349 2.979093822 0.02291287847 0.5
6343 6354 3.422718218 0.05454356057 0.5
6344 6347 0 0 0.5
6344 6353 3.422718218 0.05454356057 0.5
6345 6352 3.398529094 0.05296225071 0.5
6346 6350 0 0 0.5
6347 6348 0 0 0.5
6347 6349 0 0 0.5
6348 6350 0 0 0.5
6349 6350 0 0 0.5
6350 6352 0 0 0.5
6352 6355 3.398529094 0.05296225071 0.5
6352 6360 0 0 0.5
6353 6356 3.328062499 0.05454356057 0.5
6353 6358 2.979093822 0.02291287847 0.5
6353 6359 2.979093822 0.02291287847 0.5
6354 6357 0 0 0.5
6356 6360 0 0 0.5
6357 6358 0 0 0.5
6357 6359 0 0 0.5
6358 6360 0 0 0.5
6359 6360 0 0 0.5
6362 6365 3.398529094 0.05296225071 0.5
6362 6370 0 0 0.5
6362 6373 3.422718218 0.05454356057 0.5
6362 6385 3.398529094 0.05296225071 0.5
6362 6390 0 0 0.5
6363 6366 3.328062499 0.05454356057 0.5
6363 6368 2.979093822 0.02291287847 0.5
6363 6369 2.979093822 0.02291287847 0.5
6363 6374 3.422718218 0.05454356057 0.5
6363 6382 3.422718218 0.05454356057 0.5
6363 6384 3.422718218 0.05454356057 0.5
6364 6367 0 0 0.5
6364 6373 3.422718218 0.05454356057 0.5
6364 6383 3.422718218 0.05454356057 0.5
6365 6372 3.398529094 0.05296225071 0.5
6366 6370 0 0 0.5
6367 6368 0 0 0.5
6367 6369 0 0 0.5
6368 6370 0 0 0.5
6369 6370 0 0 0.5
6370 6372 0 0 0.5
6372 6375 3.398529094 0.05296225071 0.5
6372 6380 0 0 0.5
6372 6383 3.422718218 0.05454356057 0.5
6373 6376 3.328062499 0.05454356057 0.5
6373 6378 2.979093822 0.02291287847 0.5
6373 6379 2.979093822 0.02291287847 0.5
6373 6384 3.422718218 0.05454356057 0.5
6374 6377 0 0 0.5
6374 6383 3.422718218 0.05454356057 0.5
6375 6382 3.398529094 0.05296225071 0.5
6376 6380 0 0 0.5
6377 6378 0 0 0.5
6377 6379 0 0 0.5
6378 6380 0 0 0.5
6379 6380 0 0 0.5
6380 6382 0 0 0.5
6382 6385 3.398529094 0.05296225071 0.5
6382 6390 0 0 0.5
6383 6386 3.328062499 0.05454356057 0.5
6383 6388 2.979093822 0.02291287847 0.5
6383 6389 2.979093822 0.02291287847 0.5
6384 6387 0 0 0.5
6386 6390 0 0 0.5
6387 6388 0 0 0.5
6387 6389 0 0 0.5
6388 6390 0 0 0.5
6389 6390 0 0 0.5
6392 6395 3.398529094 0.05296225071 0.5
6392 6400 0 0 0.5
6392 6403 3.422718218 0.05454356057 0.5
6392 6415 3.398529094 0.05296225071 0.5
6392 6420 0 0 0.5
6393 6396 3.328062499 0.05454356057 0.5
6393 6398 2.979093822 0.02291287847 0.5
6393 6399 2.979093822 0.02291287847 0.5
6393 6404 3.422718218 0.05454356057 0.5
6393 6412 3.422718218 0.05454356057 0.5
6393 6414 3.422718218 0.05454356057 0.5
6394 6397 0 0 0.5
6394 6403 3.422718218 0.05454356057 0.5
6394 6413 3.422718218 0.05454356057 0.5
6395 6402 3.398529094 0.05296225071 0.5
6396 6400 0 0 0.5
6397 6398 0 0 0.5
6397 6399 0 0 0.5
6398 6400 0 0 0.5
6399 6400 0 0 0.5
6400 6402 0 0 0.5
6402 6405 3.398529094 0.05296225071 0.5
6402 6410 0 0 0.5
6402 6413 3.422718218 0.05454356057 0.5
6403 6406 3.328062499 0.05454356057 0.5
6403 6408 2.979093822 0.02291287847 0.5
6403 6409 2.979093822 0.02291287847 0.5
6403 6414 3.422718218 0.05454356057 0.5
6404 6407 0 0 0.5
6404 6413 3.422718218 0.05454356057 0.5
6405 6412 3.398529094 0.05296225071 0.5
6406 6410 0 0 0.5
6407 6408 0 0 0.5
6407 6409 0 0 0.5
6408 6410 0 0 0.5
6409 6410 0 0 0.5
6410 6412 0 0 0.5
6412 6415 3.398529094 0.05296225071 0.5
6412 6420 0 0 0.5
6413 6416 3.328062499 0.05454356057 0.5
6413 6418 2.979093822 0.02291287847 0.5
6413 6419 2.979093822 0.02291287847 0.5
6414 6417 0 0 0.5
6416 6420 0 0 0.5
6417 6418 0 0 0.5
6417 6419 0 0 0.5
6418 6420 0 0 0.5
6419 6420 0 0 0.5
6422 6425 3.398529094 0.05296225071 0.5
6422 6430 0 0 0.5
6422 6433 3.422718218 0.05454356057 0.5
6422 6445 3.398529094 0.05296225071 0.5
6422 6450 0 0 0.5
6423 6426 3.328062499 0.05454356057 0.5
6423 6428 2.979093822 0.02291287847 0.5
6423 6429 2.979093822 0.02291287847 0.5
6423 6434 3.422718218 0.05454356057 0.5
6423 6442 3.422718218 0.05454356057 0.5
6423 6444 3.422718218 0.05454356057 0.5
6424 6427 0 0 0.5
6424 6433 3.422718218 0.05454356057 0.5
6424 6443 3.422718218 0.05454356057 0.5
6425 6432 3.398529094 0.05296225071 0.5
6426 6430 0 0 0.5
6427 6428 0 0 0.5
6427 6429 0 0 0.5
6428 6430 0 0 0.5
6429 6430 0 0 0.5
6430 6432 0 0 0.5
6432 6435 3.398529094 0.05296225071 0.5
6432 6440 0 0 0.5
6432 6443 3.422718218 0.05454356057 0.5
6433 6436 3.328062499 0.05454356057 0.5
6433 6438 2.979093822 0.02291287847 0.5
6433 6439 2.979093822 0.02291287847 0.5
6433 6444 3.422718218 0.05454356057 0.5
6434 6437 0 0 0.5
6434 6443 3.422718218 0.05454356057 0.5
6435 6442 3.398529094 0.05296225071 0.5
6436 6440 0 0 0.5
6437 6438 0 0 0.5
6437 6439 0 0 0.5
6438 6440 0 0 0.5
6439 6440 0 0 0.5
6440 6442 0 0 0.5
6442 6445 3.398529094 0.05296225071 0.5
6442 6450 0 0 0.5
6443 6446 3.328062499 0.05454356057 0.5
6443 6448 2.979093822 0.02291287847 0.5
6443 6449 2.979093822 0.02291287847 0.5
6444 6447 0 0 0.5
6446 6450 0 0 0.5
6447 6448 0 0 0.5
6447 6449 0 0 0.5
6448 6450 0 0 0.5
6449 6450 0 0 0.5
6452 6455 3.398529094 0.05296225071 0.5
6452 6460 0 0 0.5
6452 6463 3.422718218 0.05454356057 0.5
6452 6475 3.398529094 0.05296225071 0.5
6452 6480 0 0 0.5
6453 6456 3.328062499 0.05454356057 0.5
6453 6458 2.979093822 0.02291287847 0.5
6453 6459 2.979093822 0.02291287847 0.5
6453 6464 3.422718218 0.05454356057 0.5
6453 6472 3.422718218 0.05454356057 0.5
6453 6474 3.422718218 0.05454356057 0.5
6454 6457 0 0 0.5
6454 6463 3.422718218 0.05454356057 0.5
6454 6473 3.422718218 0.05454356057 0.5
6455 6462 3.398529094 0.05296225071 0.5
6456 6460 0 0 0.5
6457 6458 0 0 0.5
6457 6459 0 0 0.5
6458 6460 0 0 0.5
6459 6460 0 0 0.5
6460 6462 0 0 0.5
6462 6465 3.398529094 0.05296225071 0.5
6462 6470 0 0 0.5
6462 6473 3.422718218 0.05454356057 0.5
6463 6466 3.328062499 0.05454356057 0.5
6463 6468 2.979093822 0.02291287847 0.5
6463 6469 2.979093822 0.02291287847 0.5
6463 6474 3.422718218 0.05454356057 0.5
6464 6467 0 0 0.5
6464 6473 3.422718218 0.05454356057 0.5
6465 6472 3.398529094 0.05296225071 0.5
6466 6470 0 0 0.5
6467 6468 0 0 0.5
6467 6469 0 0 0.5
6468 6470 0 0 0.5
6469 6470 0 0 0.5
6470 6472 0 0 0.5
6472 6475 3.398529094 0.05296225071 0.5
6472 6480 0 0 0.5
6473 6476 3.328062499 0.05454356057 0.5
6473 6478 2.979093822 0.02291287847 0.5
6473 6479 2.979093822 0.02291287847 0.5
6474 6477 0 0 0.5
6476 6480 0 0 0.5
6477 6478 0 0 0.5
6477 6479 0 0 0.5
6478 6480 0 0 0.5
6479 6480 0 0 0.5
6482 6485 3.398529094 0.05296225071 0.5
6482 6490 0 0 0.5
6482 6493 3.422718218 0.05454356057 0.5
6482 6505 3.398529094 0.05296225071 0.5
6482 6510 0 0 0.5
6483 6486 3.328062499 0.05454356057 0.5
6483 6488 2.979093822 0.02291287847 0.5
6483 6489 2.979093822 0.02291287847 0.5
6483 6494 3.422718218 0.05454356057 0.5
6483 6502 3.422718218 0.05454356057 0.5
6483 6504 3.422718218 0.05454356057 0.5
6484 6487 0 0 0.5
6484 6493 3.422718218 0.05454356057 0.5
6484 6503 3.422718218 0.05454356057 0.5
6485 6492 3.398529094 0.05296225071 0.5
6486 6490 0 0 0.5
6487 6488 0 0 0.5
6487 6489 0 0 0.5
6488 6490 0 0 0.5
6489 6490 0 0 0.5
6490 6492 0 0 0.5
6492 6495 3.398529094 0.05296225071 0.5
6492 6500 0 0 0.5
6492 6503 3.422718218 0.05454356057 0.5
6493 6496 3.328062499 0.05454356057 0.5
6493 6498 2.979093822 0.02291287847 0.5
6493 6499 2.979093822 0.02291287847 0.5
6493 6504 3.422718218 0.05454356057 0.5
6494 6497 0 0 0.5
6494 6503 3.422718218 0.05454356057 0.5
6495 6502 3.398529094 0.05296225071 0.5
6496 6500 0 0 0.5
6497 6498 0 0 0.5
6497 6499 0 0 0.5
6498 6500 0 0 0.5
6499 6500 0 0 0.5
6500 6502 0 0 0.5
6502 6505 3.398529094 0.05296225071 0.5
6502 6510 0 0 0.5
6503 6506 3.328062499 0.05454356057 0.5
6503 6508 2.979093822 0.02291287847 0.5
6503 6509 2.979093822 0.02291287847 0.5
6504 6507 0 0 0.5
6506 6510 0 0 0.5
6507 6508 0 0 0.5
6507 6509 0 0 0.5
6508 6510 0 0 0.5
6509 6510 0 0 0.5
6512 6515 3.398529094 0.05296225071 0.5
6512 6520 0 0 0.5
6512 6523 3.422718218 0.05454356057 0.5
6512 6535 3.398529094 0.05296225071 0.5
6512 6540 0 0 0.5
6513 6516 3.328062499 0.05454356057 0.5
6513 6518 2.979093822 0.02291287847 0.5
6513 6519 2.979093822 0.02291287847 0.5
6513 6524 3.422718218 0.05454356057 0.5
6513 6532 3.422718218 0.05454356057 0.5
6513 6534 3.422718218 0.05454356057 0.5
6514 6517 0 0 0.5
6514 6523 3.422718218 0.05454356057 0.5
6514 6533 3.422718218 0.05454356057 0.5
6515 6522 3.398529094 0.05296225071 0.5
6516 6520 0 0 0.5
6517 6518 0 0 0.5
6517 6519 0 0 0.5
6518 6520 0 0 0.5
6519 6520 0 0 0.5
6520 6522 0 0 0.5
6522 6525 3.398529094 0.05296225071 0.5
6522 6530 0 0 0.5
6522 6533 3.422718218 0.05454356057 0.5
6523 6526 3.328062499 0.05454356057 0.5
6523 6528 2.979093822 0.02291287847 0.5
6523 6529 2.979093822 0.02291287847 0.5
6523 6534 3.422718218 0.05454356057 0.5
6524 6527 0 0 0.5
6524 6533 3.422718218 0.05454356057 0.5
6525 6532 3.398529094 0.05296225071 0.5
6526 6530 0 0 0.5
6527 6528 0 0 0.5
6527 6529 0 0 0.5
6528 6530 0 0 0.5
6529 6530 0 0 0.5
6530 6532 0 0 0.5
6532 6535 3.398529094 0.05296225071 0.5
6532 6540 0 0 0.5
6533 6536 3.328062499 0.05454356057 0.5
6533 6538 2.979093822 0.02291287847 0.5
6533 6539 2.979093822 0.02291287847 0.5
6534 6537 0 0 0.5
6536 6540 0 0 0.5
6537 6538 0 0 0.5
6537 6539 0 0 0.5
6538 6540 0 0 0.5
6539 6540 0 0 0.5
6542 6545 3.398529094 0.05296225071 0.5
6542 6550 0 0 0.5
6542 6553 3.422718218 0.05454356057 0.5
6542 6565 3.398529094 0.05296225071 0.5
6542 6570 0 0 0.5
6543 6546 3.328062499 0.05454356057 0.5
6543 6548 2.979093822 0.02291287847 0.5
6543 6549 2.979093822 0.02291287847 0.5
6543 6554 3.422718218 0.05454356057 0.5
6543 6562 3.422718218 0.05454356057 0.5
6543 6564 3.422718218 0.05454356057 0.5
6544 6547 0 0 0.5
6544 6553 3.422718218 0.05454356057 0.5
6544 6563 3.422718218 0.05454356057 0.5
6545 6552 3.398529094 0.05296225071 0.5
6546 6550 0 0 0.5
6547 6548 0 0 0.5
6547 6549 0 0 0.5
6548 6550 0 0 0.5
6549 6550 0 0 0.5
6550 6552 0 0 0.5
6552 6555 3.398529094 0.05296225071 0.5
6552 6560 0 0 0.5
6552 6563 3.422718218 0.05454356057 0.5
6553 6556 3.328062499 0.05454356057 0.5
6553 6558 2.979093822 0.02291287847 0.5
6553 6559 2.979093822 0.02291287847 0.5
6553 6564 3.422718218 0.05454356057 0.5
6554 6557 0 0 0.5
6554 6563 3.422718218 0.05454356057 0.5
6555 6562 3.398529094 0.05296225071 0.5
6556 6560 0 0 0.5
6557 6558 0 0 0.5
6557 6559 0 0 0.5
6558 6560 0 0 0.5
6559 6560 0 0 0.5
6560 6562 0 0 0.5
6562 6565 3.398529094 0.05296225071 0.5
6562 6570 0 0 0.5
6563 6566 3.328062499 0.05454356057 0.5
6563 6568 2.979093822 0.02291287847 0.5
6563 6569 2.979093822 0.02291287847 0.5
6564 6567 0 0 0.5
6566 6570 0 0 0.5
6567 6568 0 0 0.5
6567 6569 0 0 0.5
6568 6570 0 0 0.5
6569 6570 0 0 0.5
6572 6575 3.398529094 0.05296225071 0.5
6572 6580 0 0 0.5
6572 6583 3.422718218 0.05454356057 0.5
6572 6595 3.398529094 0.05296225071 0.5
6572 6600 0 0 0.5
6573 6576 3.328062499 0.05454356057 0.5
6573 6578 2.979093822 0.02291287847 0.5
6573 6579 2.979093822 0.02291287847 0.5
6573 6584 3.422718218 0.05454356057 0.5
6573 6592 3.422718218 0.05454356057 0.5
6573 6594 3.422718218 0.05454356057 0.5
6574 6577 0 0 0.5
6574 6583 3.422718218 0.05454356057 0.5
6574 6593 3.422718218 0.05454356057 0.5
6575 6582 3.398529094 0.05296225071 0.5
6576 6580 0 0 0.5
6577 6578 0 0 0.5
6577 6579 0 0 0.5
6578 6580 0 0 0.5
6579 6580 0 0 0.5
6580 6582 0 0 0.5
6582 6585 3.398529094 0.05296225071 0.5
6582 6590 0 0 0.5
6582 6593 3.422718218 0.05454356057 0.5
6583 6586 3.328062499 0.05454356057 0.5
6583 6588 2.979093822 0.02291287847 0.5
6583 6589 2.979093822 0.02291287847 0.5
6583 6594 3.422718218 0.05454356057 0.5
6584 6587 0 0 0.5
6584 6593 3.422718218 0.05454356057 0.5
6585 6592 3.398529094 0.05296225071 0.5
6586 6590 0 0 0.5
6587 6588 0 0 0.5
6587 6589 0 0 0.5
6588 6590 0 0 0.5
6589 6590 0 0 0.5
6590 6592 0 0 0.5
6592 6595 3.398529094 0.05296225071 0.5
6592 6600 0 0 0.5
6593 6596 3.328062499 0.05454356057 0.5
6593 6598 2.979093822 0.02291287847 0.5
6593 6599 2.979093822 0.02291287847 0.5
6594 6597 0 0 0.5
6596 6600 0 0 0.5
6597 6598 0 0 0.5
6597 6599 0 0 0.5
6598 6600 0 0 0.5
6599 6600 0 0 0.5
6602 6605 3.398529094 0.05296225071 0.5
6602 6610 0 0 0.5
6602 6613 3.422718218 0.05454356057 0.5
6602 6625 3.398529094 0.05296225071 0.5
6602 6630 0 0 0.5
6603 6606 3.328062499 0.05454356057 0.5
6603 6608 2.979093822 0.02291287847 0.5
6603 6609 2.979093822 0.02291287847 0.5
6603 6614 3.422718218 0.05454356057 0.5
6603 6622 3.422718218 0.05454356057 0.5
6603 6624 3.422718218 0.05454356057 0.5
6604 6607 0 0 0.5
6604 6613 3.422718218 0.05454356057 0.5
6604 6623 3.422718218 0.05454356057 0.5
6605 6612 3.398529094 0.05296225071 0.5
6606 6610 0 0 0.5
6607 6608 0 0 0.5
6607 6609 0 0 0.5
6608 6610 0 0 0.5
6609 6610 0 0 0.5
6610 6612 0 0 0.5
6612 6615 3.398529094 0.05296225071 0.5
6612 6620 0 0 0.5
6612 6623 3.422718218 0.05454356057 0.5
6613 6616 3.328062499 0.05454356057 0.5
6613 6618 2.979093822 0.02291287847 0.5
6613 6619 2.979093822 0.02291287847 0.5
6613 6624 3.422718218 0.05454356057 0.5
6614 6617 0 0 0.5
6614 6623 3.422718218 0.05454356057 0.5
6615 6622 3.398529094 0.05296225071 0.5
6616 6620 0 0 0.5
6617 6618 0 0 0.5
6617 6619 0 0 0.5
6618 6620 0 0 0.5
6619 6620 0 0 0.5
6620 6622 0 0 0.5
6622 6625 3.398529094 0.05296225071 0.5
6622 6630 0 0 0.5
6623 6626 3.328062499 0.05454356057 0.5
6623 6628 2.979093822 0.02291287847 0.5
6623 6629 2.979093822 0.02291287847 0.5
6624 6627 0 0 0.5
6626 6630 0 0 0.5
6627 6628 0 0 0.5
6627 6629 0 0 0.5
6628 6630 0 0 0.5
6629 6630 0 0 0.5
6632 6635 3.398529094 0.05296225071 0.5
6632 6640 0 0 0.5
6632 6643 3.422718218 0.05454356057 0.5
6632 6655 3.398529094 0.05296225071 0.5
6632 6660 0 0 0.5
6633 6636 3.328062499 0.05454356057 0.5
6633 6638 2.979093822 0.02291287847 0.5
6633 6639 2.979093822 0.02291287847 0.5
6633 6644 3.422718218 0.05454356057 0.5
6633 6652 3.422718218 0.05454356057 0.5
6633 6654 3.422718218 0.05454356057 0.5
6634 6637 0 0 0.5
6634 6643 3.422718218 0.05454356057 0.5
6634 6653 3.422718218 0.05454356057 0.5
6635 6642 3.398529094 0.05296225071 0.5
6636 6640 0 0 0.5
6637 6638 0 0 0.5
6637 6639 0 0 0.5
6638 6640 0 0 0.5
6639 6640 0 0 0.5
6640 6642 0 0 0.5
6642 6645 3.398529094 0.05296225071 0.5
6642 6650 0 0 0.5
6642 6653 3.422718218 0.05454356057 0.5
6643 6646 3.328062499 0.05454356057 0.5
6643 6648 2.979093822 0.02291287847 0.5
6643 6649 2.979093822 0.02291287847 0.5
6643 6654 3.422718218 0.05454356057 0.5
6644 6647 0 0 0.5
6644 6653 3.422718218 0.05454356057 0.5
6645 6652 3.398529094 0.05296225071 0.5
6646 6650 0 0 0.5
6647 6648 0 0 0.5
6647 6649 0 0 0.5
6648 6650 0 0 0.5
6649 6650 0 0 0.5
6650 6652 0 0 0.5
6652 6655 3.398529094 0.05296225071 0.5
6652 6660 0 0 0.5
6653 6656 3.328062499 0.05454356057 0.5
6653 6658 2.979093822 0.02291287847 0.5
6653 6659 2.979093822 0.02291287847 0.5
6654 6657 0 0 0.5
6656 6660 0 0 0.5
6657 6658 0 0 0.5
6657 6659 0 0 0.5
6658 6660 0 0 0.5
6659 6660 0 0 0.5
6662 6665 3.398529094 0.05296225071 0.5
6662 6670 0 0 0.5
6662 6673 3.422718218 0.05454356057 0.5
6662 6685 3.398529094 0.05296225071 0.5
6662 6690 0 0 0.5
6663 6666 3.328062499 0.05454356057 0.5
6663 6668 2.979093822 0.02291287847 0.5
6663 6669 2.979093822 0.02291287847 0.5
6663 6674 3.422718218 0.05454356057 0.5
6663 6682 3.422718218 0.05454356057 0.5
6663 6684 3.422718218 0.05454356057 0.5
6664 6667 0 0 0.5
6664 6673 3.422718218 0.05454356057 0.5
6664 6683 3.422718218 0.05454356057 0.5
6665 6672 3.398529094 0.05296225071 0.5
6666 6670 0 0 0.5
6667 6668 0 0 0.5
6667 6669 0 0 0.5
6668 6670 0 0 0.5
6669 6670 0 0 0.5
6670 6672 0 0 0.5
6672 6675 3.398529094 0.05296225071 0.5
6672 6680 0 0 0.5
6672 6683 3.422718218 0.05454356057 0.5
6673 6676 3.328062499 0.05454356057 0.5
6673 6678 2.979093822 0.02291287847 0.5
6673 6679 2.979093822 0.02291287847 0.5
6673 6684 3.422718218 0.05454356057 0.5
6674 6677 0 0 0.5
6674 6683 3.422718218 0.05454356057 0.5
6675 6682 3.398529094 0.05296225071 0.5
6676 6680 0 0 0.5
6677 6678 0 0 0.5
6677 6679 0 0 0.5
6678 6680 0 0 0.5
6679 6680 0 0 0.5
6680 6682 0 0 0.5
6682 6685 3.398529094 0.05296225071 0.5
6682 6690 0 0 0.5
6683 6686 3.328062499 0.05454356057 0.5
6683 6688 2.979093822 0.02291287847 0.5
6683 6689 2.979093822 0.02291287847 0.5
6684 6687 0 0 0.5
6686 6690 0 0 0.5
6687 6688 0 0 0.5
6687 6689 0 0 0.5
6688 6690 0 0 0.5
6689 6690 0 0 0.5
6692 6695 3.398529094 0.05296225071 0.5
6692 6700 0 0 0.5
6692 6703 3.422718218 0.05454356057 0.5
6692 6715 3.398529094 0.05296225071 0.5
6692 6720 0 0 0.5
6693 6696 3.328062499 0.05454356057 0.5
6693 6698 2.979093822 0.02291287847 0.5
6693 6699 2.979093822 0.02291287847 0.5
6693 6704 3.422718218 0.05454356057 0.5
6693 6712 3.422718218 0.05454356057 0.5
6693 6714 3.422718218 0.05454356057 0.5
6694 6697 0 0 0.5
6694 6703 3.422718218 0.05454356057 0.5
6694 6713 3.422718218 0.05454356057 0.5
6695 6702 3.398529094 0.05296225071 0.5
6696 6700 0 0 0.5
6697 6698 0 0 0.5
6697 6699 0 0 0.5
6698 6700 0 0 0.5
6699 6700 0 0 0.5
6700 6702 0 0 0.5
6702 6705 3.398529094 0.05296225071 0.5
6702 6710 0 0 0.5
6702 6713 3.422718218 0.05454356057 0.5
6703 6706 3.328062499 0.05454356057 0.5
6703 6708 2.979093822 0.02291287847 0.5
6703 6709 2.979093822 0.02291287847 0.5
6703 6714 3.422718218 0.05454356057 0.5
6704 6707 0 0 0.5
6704 6713 3.422718218 0.05454356057 0.5
6705 6712 3.398529094 0.05296225071 0.5
6706 6710 0 0 0.5
6707 6708 0 0 0.5
6707 6709 0 0 0.5
6708 6710 0 0 0.5
6709 6710 0 0 0.5
6710 6712 0 0 0.5
6712 6715 3.398529094 0.05296225071 0.5
6712 6720 0 0 0.5
6713 6716 3.328062499 0.05454356057 0.5
6713 6718 2.979093822 0.02291287847 0.5
6713 6719 2.979093822 0.02291287847 0.5
6714 6717 0 0 0.5
6716 6720 0 0 0.5
6717 6718 0 0 0.5
6717 6719 0 0 0.5
6718 6720 0 0 0.5
6719 6720 0 0 0.5
6722 6725 3.398529094 0.05296225071 0.5
6722 6730 0 0 0.5
6722 6733 3.422718218 0.05454356057 0.5
6722 6745 3.398529094 0.05296225071 0.5
6722 6750 0 0 0.5
6723 6726 3.328062499 0.05454356057 0.5
6723 6728 2.979093822 0.02291287847 0.5
6723 6729 2.979093822 0.02291287847 0.5
6723 6734 3.422718218 0.05454356057 0.5
6723 6742 3.422718218 0.05454356057 0.5
6723 6744 3.422718218 0.05454356057 0.5
6724 6727 0 0 0.5
6724 6733 3.422718218 0.05454356057 0.5
6724 6743 3.422718218 0.05454356057 0.5
6725 6732 3.398529094 0.05296225071 0.5
6726 6730 0 0 0.5
6727 6728 0 0 0.5
6727 6729 0 0 0.5
6728 6730 0 0 0.5
6729 6730 0 0 0.5
6730 6732 0 0 0.5
6732 6735 3.398529094 0.05296225071 0.5
6732 6740 0 0 0.5
6732 6743 3.422718218 0.05454356057 0.5
6733 6736 3.328062499 0.05454356057 0.5
6733 6738 2.979093822 0.02291287847 0.5
6733 6739 2.979093822 0.02291287847 0.5
6733 6744 3.422718218 0.05454356057 0.5
6734 6737 0 0 0.5
6734 6743 3.422718218 0.05454356057 0.5
6735 6742 3.398529094 0.05296225071 0.5
6736 6740 0 0 0.5
6737 6738 0 0 0.5
6737 6739 0 0 0.5
6738 6740 0 0 0.5
6739 6740 0 0 0.5
6740 6742 0 0 0.5
6742 6745 3.398529094 0.05296225071 0.5
6742 6750 0 0 0.5
6743 6746 3.328062499 0.05454356057 0.5
6743 6748 2.979093822 0.02291287847 0.5
6743 6749 2.979093822 0.02291287847 0.5
6744 6747 0 0 0.5
6746 6750 0 0 0.5
6747 6748 0 0 0.5
6747 6749 0 0 0.5
6748 6750 0 0 0.5
6749 6750 0 0 0.5
6752 6755 3.398529094 0.05296225071 0.5
6752 6760 0 0 0.5
6752 6763 3.422718218 0.05454356057 0.5
6752 6775 3.398529094 0.05296225071 0.5
6752 6780 0 0 0.5
6753 6756 3.328062499 0.05454356057 0.5
6753 6758 2.979093822 0.02291287847 0.5
6753 6759 2.979093822 0.02291287847 0.5
6753 6764 3.422718218 0.05454356057 0.5
6753 6772 3.422718218 0.05454356057 0.5
6753 6774 3.422718218 0.05454356057 0.5
6754 6757 0 0 0.5
6754 6763 3.422718218 0.05454356057 0.5
6754 6773 3.422718218 0.05454356057 0.5
6755 6762 3.398529094 0.05296225071 0.5
6756 6760 0 0 0.5
6757 6758 0 0 0.5
6757 6759 0 0 0.5
6758 6760 0 0 0.5
6759 6760 0 0 0.5
6760 6762 0 0 0.5
6762 6765 3.398529094 0.05296225071 0.5
6762 6770 0 0 0.5
6762 6773 3.422718218 0.05454356057 0.5
6763 6766 3.328062499 0.05454356057 0.5
6763 6768 2.979093822 0.02291287847 0.5
6763 6769 2.979093822 0.02291287847 0.5
6763 6774 3.422718218 0.05454356057 0.5
6764 6767 0 0 0.5
6764 6773 3.422718218 0.05454356057 0.5
6765 6772 3.398529094 0.05296225071 0.5
6766 6770 0 0 0.5
6767 6768 0 0 0.5
6767 6769 0 0 0.5
6768 6770 0 0 0.5
6769 6770 0 0 0.5
6770 6772 0 0 0.5
6772 6775 3.398529094 0.05296225071 0.5
6772 6780 0 0 0.5
6773 6776 3.328062499 0.05454356057 0.5
6773 6778 2.979093822 0.02291287847 0.5
6773 6779 2.979093822 0.02291287847 0.5
6774 6777 0 0 0.5
6776 6780 0 0 0.5
6777 6778 0 0 0.5
6777 6779 0 0 0.5
6778 6780 0 0 0.5
6779 6780 0 0 0.5
6782 6785 3.398529094 0.05296225071 0.5
6782 6790 0 0 0.5
6782 6793 3.422718218 0.05454356057 0.5
6782 6805 3.398529094 0.05296225071 0.5
6782 6810 0 0 0.5
6783 6786 3.328062499 0.05454356057 0.5
6783 6788 2.979093822 0.02291287847 0.5
6783 6789 2.979093822 0.02291287847 0.5
6783 6794 3.422718218 0.05454356057 0.5
6783 6802 3.422718218 0.05454356057 0.5
6783 6804 3.422718218 0.05454356057 0.5
6784 6787 0 0 0.5
6784 6793 3.422718218 0.05454356057 0.5
6784 6803 3.422718218 0.05454356057 0.5
6785 6792 3.398529094 0.05296225071 0.5
6786 6790 0 0 0.5
6787 6788 0 0 0.5
6787 6789 0 0 0.5
6788 6790 0 0 0.5
6789 6790 0 0 0.5
6790 6792 0 0 0.5
6792 6795 3.398529094 0.05296225071 0.5
6792 6800 0 0 0.5
6792 6803 3.422718218 0.05454356057 0.5
6793 6796 3.328062499 0.05454356057 0.5
6793 6798 2.979093822 0.02291287847 0.5
6793 6799 2.979093822 0.02291287847 0.5
6793 6804 3.422718218 0.05454356057 0.5
6794 6797 0 0 0.5
6794 6803 3.422718218 0.05454356057 0.5
6795 6802 3.398529094 0.05296225071 0.5
6796 6800 0 0 0.5
6797 6798 0 0 0.5
6797 6799 0 0 0.5
6798 6800 0 0 0.5
6799 6800 0 0 0.5
6800 6802 0 0 0.5
6802 6805 3.398529094 0.05296225071 0.5
6802 6810 0 0 0.5
6803 6806 3.328062499 0.05454356057 0.5
6803 6808 2.979093822 0.02291287847 0.5
6803 6809 2.979093822 0.02291287847 0.5
6804 6807 0 0 0.5
6806 6810 0 0 0.5
6807 6808 0 0 0.5
6807 6809 0 0 0.5
6808 6810 0 0 0.5
6809 6810 0 0 0.5
6812 6815 3.398529094 0.05296225071 0.5
6812 6820 0 0 0.5
6812 6823 3.422718218 0.05454356057 0.5
6812 6835 3.398529094 0.05296225071 0.5
6812 6840 0 0 0.5
6813 6816 3.328062499 0.05454356057 0.5
6813 6818 2.979093822 0.02291287847 0.5
6813 6819 2.979093822 0.02291287847 0.5
6813 6824 3.422718218 0.05454356057 0.5
6813 6832 3.422718218 0.05454356057 0.5
6813 6834 3.422718218 0.05454356057 0.5
6814 6817 0 0 0.5
6814 6823 3.422718218 0.05454356057 0.5
6814 6833 3.422718218 0.05454356057 0.5
6815 6822 3.398529094 0.05296225071 0.5
6816 6820 0 0 0.5
6817 6818 0 0 0.5
6817 6819 0 0 0.5
6818 6820 0 0 0.5
6819 6820 0 0 0.5
6820 6822 0 0 0.5
6822 6825 3.398529094 0.05296225071 0.5
6822 6830 0 0 0.5
6822 6833 3.422718218 0.05454356057 0.5
6823 6826 3.328062499 0.05454356057 0.5
6823 6828 2.979093822 0.02291287847 0.5
6823 6829 2.979093822 0.02291287847 0.5
6823 6834 3.422718218 0.05454356057 0.5
6824 6827 0 0 0.5
6824 6833 3.422718218 0.05454356057 0.5
6825 6832 3.398529094 0.05296225071 0.5
6826 6830 0 0 0.5
6827 6828 0 0 0.5
6827 6829 0 0 0.5
6828 6830 0 0 0.5
6829 6830 0 0 0.5
6830 6832 0 0 0.5
6832 6835 3.398529094 0.05296225071 0.5
6832 6840 0 0 0.5
6833 6836 3.328062499 0.05454356057 0.5
6833 6838 2.979093822 0.02291287847 0.5
6833 6839 2.979093822 0.02291287847 0.5
6834 6837 0 0 0.5
6836 6840 0 0 0.5
6837 6838 0 0 0.5
6837 6839 0 0 0.5
6838 6840 0 0 0.5
6839 6840 0 0 0.5
6842 6845 3.398529094 0.05296225071 0.5
6842 6850 0 0 0.5
6842 6853 3.422718218 0.05454356057 0.5
6842 6865 3.398529094 0.05296225071 0.5
6842 6870 0 0 0.5
6843 6846 3.328062499 0.05454356057 0.5
6843 6848 2.979093822 0.02291287847 0.5
6843 6849 2.979093822 0.02291287847 0.5
6843 6854 3.422718218 0.05454356057 0.5
6843 6862 3.422718218 0.05454356057 0.5
6843 6864 3.422718218 0.05454356057 0.5
6844 6847 0 0 0.5
6844 6853 3.422718218 0.05454356057 0.5
6844 6863 3.422718218 0.05454356057 0.5
6845 6852 3.398529094 0.05296225071 0.5
6846 6850 0 0 0.5
6847 6848 0 0 0.5
6847 6849 0 0 0.5
6848 6850 0 0 0.5
6849 6850 0 0 0.5
6850 6852 0 0 0.5
6852 6855 3.398529094 0.05296225071 0.5
6852 6860 0 0 0.5
6852 6863 3.422718218 0.05454356057 0.5
6853 6856 3.328062499 0.05454356057 0.5
6853 6858 2.979093822 0.02291287847 0.5
6853 6859 2.979093822 0.02291287847 0.5
6853 6864 3.422718218 0.05454356057 0.5
6854 6857 0 0 0.5
6854 6863 3.422718218 0.05454356057 0.5
6855 6862 3.398529094 0.05296225071 0.5
6856 6860 0 0 0.5
6857 6858 0 0 0.5
6857 6859 0 0 0.5
6858 6860 0 0 0.5
6859 6860 0 0 0.5
6860 6862 0 0 0.5
6862 6865 3.398529094 0.05296225071 0.5
6862 6870 0 0 0.5
6863 6866 3.328062499 0.05454356057 0.5
6863 6868 2.979093822 0.02291287847 0.5
6863 6869 2.979093822 0.02291287847 0.5
6864 6867 0 0 0.5
6866 6870 0 0 0.5
6867 6868 0 0 0.5
6867 6869 0 0 0.5
6868 6870 0 0 0.5
6869 6870 0 0 0.5
6872 6875 3.398529094 0.05296225071 0.5
6872 6880 0 0 0.5
6872 6883 3.422718218 0.05454356057 0.5
6872 6895 3.398529094 0.05296225071 0.5
6872 6900 0 0 0.5
6873 6876 3.328062499 0.05454356057 0.5
6873 6878 2.979093822 0.02291287847 0.5
6873 6879 2.979093822 0.02291287847 0.5
6873 6884 3.422718218 0.05454356057 0.5
6873 6892 3.422718218 0.05454356057 0.5
6873 6894 3.422718218 0.05454356057 0.5
6874 6877 0 0 0.5
6874 6883 3.422718218 0.05454356057 0.5
6874 6893 3.422718218 0.05454356057 0.5
6875 6882 3.398529094 0.05296225071 0.5
6876 6880 0 0 0.5
6877 6878 0 0 0.5
6877 6879 0 0 0.5
6878 6880 0 0 0.5
6879 6880 0 0 0.5
6880 6882 0 0 0.5
6882 6885 3.398529094 0.05296225071 0.5
6882 6890 0 0 0.5
6882 6893 3.422718218 0.05454356057 0.5
6883 6886 3.328062499 0.05454356057 0.5
6883 6888 2.979093822 0.02291287847 0.5
6883 6889 2.979093822 0.02291287847 0.5
6883 6894 3.422718218 0.05454356057 0.5
6884 6887 0 0 0.5
6884 6893 3.422718218 0.05454356057 0.5
6885 6892 3.398529094 0.05296225071 0.5
6886 6890 0 0 0.5
6887 6888 0 0 0.5
6887 6889 0 0 0.5
6888 6890 0 0 0.5
6889 6890 0 0 0.5
6890 6892 0 0 0.5
6892 6895 3.398529094 0.05296225071 0.5
6892 6900 0 0 0.5
6893 6896 3.328062499 0.05454356057 0.5
6893 6898 2.979093822 0.02291287847 0.5
6893 6899 2.979093822 0.02291287847 0.5
6894 6897 0 0 0.5
6896 6900 0 0 0.5
6897 6898 0 0 0.5
6897 6899 0 0 0.5
6898 6900 0 0 0.5
6899 6900 0 0 0.5
6902 6905 3.398529094 0.05296225071 0.5
6902 6910 0 0 0.5
6902 6913 3.422718218 0.05454356057 0.5
6902 6925 3.398529094 0.05296225071 0.5
6902 6930 0 0 0.5
6903 6906 3.328062499 0.05454356057 0.5
6903 6908 2.979093822 0.02291287847 0.5
6903 6909 2.979093822 0.02291287847 0.5
6903 6914 3.422718218 0.05454356057 0.5
6903 6922 3.422718218 0.05454356057 0.5
6903 6924 3.422718218 0.05454356057 0.5
6904 6907 0 0 0.5
6904 6913 3.422718218 0.05454356057 0.5
6904 6923 3.422718218 0.05454356057 0.5
6905 6912 3.398529094 0.05296225071 0.5
6906 6910 0 0 0.5
6907 6908 0 0 0.5
6907 6909 0 0 0.5
6908 6910 0 0 0.5
6909 6910 0 0 0.5
6910 6912 0 0 0.5
6912 6915 3.398529094 0.05296225071 0.5
6912 6920 0 0 0.5
6912 6923 3.422718218 0.05454356057 0.5
6913 6916 3.328062499 0.05454356057 0.5
6913 6918 2.979093822 0.02291287847 0.5
6913 6919 2.979093822 0.02291287847 0.5
6913 6924 3.422718218 0.05454356057 0.5
6914 6917 0 0 0.5
6914 6923 3.422718218 0.05454356057 0.5
6915 6922 3.398529094 0.05296225071 0.5
6916 6920 0 0 0.5
6917 6918 0 0 0.5
6917 6919 0 0 0.5
6918 6920 0 0 0.5
6919 6920 0 0 0.5
6920 6922 0 0 0.5
6922 6925 3.398529094 0.05296225071 0.5
6922 6930 0 0 0.5
6923 6926 3.328062499 0.05454356057 0.5
6923 6928 2.979093822 0.02291287847 0.5
6923 6929 2.979093822 0.02291287847 0.5
6924 6927 0 0 0.5
6926 6930 0 0 0.5
6927 6928 0 0 0.5
6927 6929 0 0 0.5
6928 6930 0 0 0.5
6929 6930 0 0 0.5
6932 6935 3.398529094 0.05296225071 0.5
6932 6940 0 0 0.5
6932 6943 3.422718218 0.05454356057 0.5
6932 6955 3.398529094 0.05296225071 0.5
6932 6960 0 0 0.5
6933 6936 3.328062499 0.05454356057 0.5
6933 6938 2.979093822 0.02291287847 0.5
6933 6939 2.979093822 0.02291287847 0.5
6933 6944 3.422718218 0.05454356057 0.5
6933 6952 3.422718218 0.05454356057 0.5
6933 6954 3.422718218 0.05454356057 0.5
6934 6937 0 0 0.5
6934 6943 3.422718218 0.05454356057 0.5
6934 6953 3.422718218 0.05454356057 0.5
6935 6942 3.398529094 0.05296225071 0.5
6936 6940 0 0 0.5
6937 6938 0 0 0.5
6937 6939 0 0 0.5
6938 6940 0 0 0.5
6939 6940 0 0 0.5
6940 6942 0 0 0.5
6942 6945 3.398529094 0.05296225071 0.5
6942 6950 0 0 0.5
6942 6953 3.422718218 0.05454356057 0.5
6943 6946 3.328062499 0.05454356057 0.5
6943 6948 2.979093822 0.02291287847 0.5
6943 6949 2.979093822 0.02291287847 0.5
6943 6954 3.422718218 0.05454356057 0.5
6944 6947 0 0 0.5
6944 6953 3.422718218 0.05454356057 0.5
6945 6952 3.398529094 0.05296225071 0.5
6946 6950 0 0 0.5
6947 6948 0 0 0.5
6947 6949 0 0 0.5
6948 6950 0 0 0.5
6949 6950 0 0 0.5
6950 6952 0 0 0.5
6952 6955 3.398529094 0.05296225071 0.5
6952 6960 0 0 0.5
6953 6956 3.328062499 0.05454356057 0.5
6953 6958 2.979093822 0.02291287847 0.5
6953 6959 2.979093822 0.02291287847 0.5
6954 6957 0 0 0.5
6956 6960 0 0 0.5
6957 6958 0 0 0.5
6957 6959 0 0 0.5
6958 6960 0 0 0.5
6959 6960 0 0 0.5
6962 6965 3.398529094 0.05296225071 0.5
6962 6970 0 0 0.5
6962 6973 3.422718218 0.05454356057 0.5
6962 6985 3.398529094 0.05296225071 0.5
6962 6990 0 0 0.5
6963 6966 3.328062499 0.05454356057 0.5
6963 6968 2.979093822 0.02291287847 0.5
6963 6969 2.979093822 0.02291287847 0.5
6963 6974 3.422718218 0.05454356057 0.5
6963 6982 3.422718218 0.05454356057 0.5
6963 6984 3.422718218 0.05454356057 0.5
6964 6967 0 0 0.5
6964 6973 3.422718218 0.05454356057 0.5
6964 6983 3.422718218 0.05454356057 0.5
6965 6972 3.398529094 0.05296225071 0.5
6966 6970 0 0 0.5
6967 6968 0 0 0.5
6967 6969 0 0 0.5
6968 6970 0 0 0.5
6969 6970 0 0 0.5
6970 6972 0 0 0.5
6972 6975 3.398529094 0.05296225071 0.5
6972 6980 0 0 0.5
6972 6983 3.422718218 0.05454356057 0.5
6973 6976 3.328062499 0.05454356057 0.5
6973 6978 2.979093822 0.02291287847 0.5
6973 6979 2.979093822 0.02291287847 0.5
6973 6984 3.422718218 0.05454356057 0.5
6974 6977 0 0 0.5
6974 6983 3.422718218 0.05454356057 0.5
6975 6982 3.398529094 0.05296225071 0.5
6976 6980 0 0 0.5
6977 6978 0 0 0.5
6977 6979 0 0 0.5
6978 6980 0 0 0.5
6979 6980 0 0 0.5
6980 6982 0 0 0.5
6982 6985 3.398529094 0.05296225071 0.5
6982 6990 0 0 0.5
6983 6986 3.328062499 0.05454356057 0.5
6983 6988 2.979093822 0.02291287847 0.5
6983 6989 2.979093822 0.02291287847 0.5
6984 6987 0 0 0.5
6986 6990 0 0 0.5
6987 6988 0 0 0.5
6987 6989 0 0 0.5
6988 6990 0 0 0.5
6989 6990 0 0 0.5
6992 6995 3.398529094 0.05296225071 0.5
6992 7000 0 0 0.5
6992 7003 3.422718218 0.05454356057 0.5
6992 7015 3.398529094 0.05296225071 0.5
6992 7020 0 0 0.5
6993 6996 3.328062499 0.05454356057 0.5
6993 6998 2.979093822 0.02291287847 0.5
6993 6999 2.979093822 0.02291287847 0.5
6993 7004 3.422718218 0.05454356057 0.5
6993 7012 3.422718218 0.05454356057 0.5
6993 7014 3.422718218 0.05454356057 0.5
6994 6997 0 0 0.5
6994 7003 3.422718218 0.05454356057 0.5
6994 7013 3.422718218 0.05454356057 0.5
6995 7002 3.398529094 0.05296225071 0.5
6996 7000 0 0 0.5
6997 6998 0 0 0.5
6997 6999 0 0 0.5
6998 7000 0 0 0.5
6999 7000 0 0 0.5
7000 7002 0 0 0.5
7002 7005 3.398529094 0.05296225071 0.5
7002 7010 0 0 0.5
7002 7013 3.422718218 0.05454356057 0.5
7003 7006 3.328062499 0.05454356057 0.5
7003 7008 2.979093822 0.02291287847 0.5
7003 7009 2.979093822 0.02291287847 0.5
7003 7014 3.422718218 0.05454356057 0.5
7004 7007 0 0 0.5
7004 7013 3.422718218 0.05454356057 0.5
7005 7012 3.398529094 0.05296225071 0.5
7006 7010 0 0 0.5
7007 7008 0 0 0.5
7007 7009 0 0 0.5
7008 7010 0 0 0.5
7009 7010 0 0 0.5
7010 7012 0 0 0.5
7012 7015 3.398529094 0.05296225071 0.5
7012 7020 0 0 0.5
7013 7016 3.328062499 0.05454356057 0.5
7013 7018 2.979093822 0.02291287847 0.5
7013 7019 2.979093822 0.02291287847 0.5
7014 7017 0 0 0.5
7016 7020 0 0 0.5
7017 7018 0 0 0.5
7017 7019 0 0 0.5
7018 7020 0 0 0.5
7019 7020 0 0 0.5
7022 7025 3.398529094 0.05296225071 0.5
7022 7030 0 0 0.5
7022 7033 3.422718218 0.05454356057 0.5
7022 7045 3.398529094 0.05296225071 0.5
7022 7050 0 0 0.5
7023 7026 3.328062499 0.05454356057 0.5
7023 7028 2.979093822 0.02291287847 0.5
7023 7029 2.979093822 0.02291287847 0.5
7023 7034 3.422718218 0.05454356057 0.5
7023 7042 3.422718218 0.05454356057 0.5
7023 7044 3.422718218 0.05454356057 0.5
7024 7027 0 0 0.5
7024 7033 3.422718218 0.05454356057 0.5
7024 7043 3.422718218 0.05454356057 0.5
7025 7032 3.398529094 0.05296225071 0.5
7026 7030 0 0 0.5
7027 7028 0 0 0.5
7027 7029 0 0 0.5
7028 7030 0 0 0.5
7029 7030 0 0 0.5
7030 7032 0 0 0.5
7032 7035 3.398529094 0.05296225071 0.5
7032 7040 0 0 0.5
7032 7043 3.422718218 0.05454356057 0.5
7033 7036 3.328062499 0.05454356057 0.5
7033 7038 2.979093822 0.02291287847 0.5
7033 7039 2.979093822 0.02291287847 0.5
7033 7044 3.422718218 0.05454356057 0.5
7034 7037 0 0 0.5
7034 7043 3.422718218 0.05454356057 0.5
7035 7042 3.398529094 0.05296225071 0.5
7036 7040 0 0 0.5
7037 7038 0 0 0.5
7037 7039 0 0 0.5
7038 7040 0 0 0.5
7039 7040 0 0 0.5
7040 7042 0 0 0.5
7042 7045 3.398529094 0.05296225071 0.5
7042 7050 0 0 0.5
7043 7046 3.328062499 0.05454356057 0.5
7043 7048 2.979093822 0.02291287847 0.5
7043 7049 2.979093822 0.02291287847 0.5
7044 7047 0 0 0.5
7046 7050 0 0 0.5
7047 7048 0 0 0.5
7047 7049 0 0 0.5
7048 7050 0 0 0.5
7049 7050 0 0 0.5
7052 7055 3.398529094 0.05296225071 0.5
7052 7060 0 0 0.5
7052 7063 3.422718218 0.05454356057 0.5
7052 7075 3.398529094 0.05296225071 0.5
7052 7080 0 0 0.5
7053 7056 3.328062499 0.05454356057 0.5
7053 7058 2.979093822 0.02291287847 0.5
7053 7059 2.979093822 0.02291287847 0.5
7053 7064 3.422718218 0.05454356057 0.5
7053 7072 3.422718218 0.05454356057 0.5
7053 7074 3.422718218 0.05454356057 0.5
7054 7057 0 0 0.5
7054 7063 3.422718218 0.05454356057 0.5
7054 7073 3.422718218 0.05454356057 0.5
7055 7062 3.398529094 0.05296225071 0.5
7056 7060 0 0 0.5
7057 7058 0 0 0.5
7057 7059 0 0 0.5
7058 7060 0 0 0.5
7059 7060 0 0 0.5
7060 7062 0 0 0.5
7062 7065 3.398529094 0.05296225071 0.5
7062 7070 0 0 0.5
7062 7073 3.422718218 0.05454356057 0.5
7063 7066 3.328062499 0.05454356057 0.5
7063 7068 2.979093822 0.02291287847 0.5
7063 7069 2.979093822 0.02291287847 0.5
7063 7074 3.422718218 0.05454356057 0.5
7064 7067 0 0 0.5
7064 7073 3.422718218 0.05454356057 0.5
7065 7072 3.398529094 0.05296225071 0.5
7066 7070 0 0 0.5
7067 7068 0 0 0.5
7067 7069 0 0 0.5
7068 7070 0 0 0.5
7069 7070 0 0 0.5
7070 7072 0 0 0.5
7072 7075 3.398529094 0.05296225071 0.5
7072 7080 0 0 0.5
7073 7076 3.328062499 0.05454356057 0.5
7073 7078 2.979093822 0.02291287847 0.5
7073 7079 2.979093822 0.02291287847 0.5
7074 7077 0 0 0.5
7076 7080 0 0 0.5
7077 7078 0 0 0.5
7077 7079 0 0 0.5
7078 7080 0 0 0.5
7079 7080 0 0 0.5
7082 7085 3.398529094 0.05296225071 0.5
7082 7090 0 0 0.5
7082 7093 3.422718218 0.05454356057 0.5
7082 7105 3.398529094 0.05296225071 0.5
7082 7110 0 0 0.5
7083 7086 3.328062499 0.05454356057 0.5
7083 7088 2.979093822 0.02291287847 0.5
7083 7089 2.979093822 0.02291287847 0.5
7083 7094 3.422718218 0.05454356057 0.5
7083 7102 3.422718218 0.05454356057 0.5
7083 7104 3.422718218 0.05454356057 0.5
7084 7087 0 0 0.5
7084 7093 3.422718218 0.05454356057 0.5
7084 7103 3.422718218 0.05454356057 0.5
7085 7092 3.398529094 0.05296225071 0.5
7086 7090 0 0 0.5
7087 7088 0 0 0.5
7087 7089 0 0 0.5
7088 7090 0 0 0.5
7089 7090 0 0 0.5
7090 7092 0 0 0.5
7092 7095 3.398529094 0.05296225071 0.5
7092 7100 0 0 0.5
7092 7103 3.422718218 0.05454356057 0.5
7093 7096 3.328062499 0.05454356057 0.5
7093 7098 2.979093822 0.02291287847 0.5
7093 7099 2.979093822 0.02291287847 0.5
7093 7104 3.422718218 0.05454356057 0.5
7094 7097 0 0 0.5
7094 7103 3.422718218 0.05454356057 0.5
7095 7102 3.398529094 0.05296225071 0.5
7096 7100 0 0 0.5
7097 7098 0 0 0.5
7097 7099 0 0 0.5
7098 7100 0 0 0.5
7099 7100 0 0 0.5
7100 7102 0 0 0.5
7102 7105 3.398529094 0.05296225071 0.5
7102 7110 0 0 0.5
7103 7106 3.328062499 0.05454356057 0.5
7103 7108 2.979093822 0.02291287847 0.5
7103 7109 2.979093822 0.02291287847 0.5
7104 7107 0 0 0.5
7106 7110 0 0 0.5
7107 7108 0 0 0.5
7107 7109 0 0 0.5
7108 7110 0 0 0.5
7109 7110 0 0 0.5
7112 7115 3.398529094 0.05296225071 0.5
7112 7120 0 0 0.5
7112 7123 3.422718218 0.05454356057 0.5
7112 7135 3.398529094 0.05296225071 0.5
7112 7140 0 0 0.5
7113 7116 3.328062499 0.05454356057 0.5
7113 7118 2.979093822 0.02291287847 0.5
7113 7119 2.979093822 0.02291287847 0.5
7113 7124 3.422718218 0.05454356057 0.5
7113 7132 3.422718218 0.05454356057 0.5
7113 7134 3.422718218 0.05454356057 0.5
7114 7117 0 0 0.5
7114 7123 3.422718218 0.05454356057 0.5
7114 7133 3.422718218 0.05454356057 0.5
7115 7122 3.398529094 0.05296225071 0.5
7116 7120 0 0 0.5
7117 7118 0 0 0.5
7117 7119 0 0 0.5
7118 7120 0 0 0.5
7119 7120 0 0 0.5
7120 7122 0 0 0.5
7122 7125 3.398529094 0.05296225071 0.5
7122 7130 0 0 0.5
7122 7133 3.422718218 0.05454356057 0.5
7123 7126 3.328062499 0.05454356057 0.5
7123 7128 2.979093822 0.02291287847 0.5
7123 7129 2.979093822 0.02291287847 0.5
7123 7134 3.422718218 0.05454356057 0.5
7124 7127 0 0 0.5
7124 7133 3.422718218 0.05454356057 0.5
7125 7132 3.398529094 0.05296225071 0.5
7126 7130 0 0 0.5
7127 7128 0 0 0.5
7127 7129 0 0 0.5
7128 7130 0 0 0.5
7129 7130 0 0 0.5
7130 7132 0 0 0.5
7132 7135 3.398529094 0.05296225071 0.5
7132 7140 0 0 0.5
7133 7136 3.328062499 0.05454356057 0.5
7133 7138 2.979093822 0.02291287847 0.5
7133 7139 2.979093822 0.02291287847 0.5
7134 7137 0 0 0.5
7136 7140 0 0 0.5
7137 7138 0 0 0.5
7137 7139 0 0 0.5
7138 7140 0 0 0.5
7139 7140 0 0 0.5
7142 7145 3.398529094 0.05296225071 0.5
7142 7150 0 0 0.5
7142 7153 3.422718218 0.05454356057 0.5
7142 7165 3.398529094 0.05296225071 0.5
7142 7170 0 0 0.5
7143 7146 3.328062499 0.05454356057 0.5
7143 7148 2.979093822 0.02291287847 0.5
7143 7149 2.979093822 0.02291287847 0.5
7143 7154 3.422718218 0.05454356057 0.5
7143 7162 3.422718218 0.05454356057 0.5
7143 7164 3.422718218 0.05454356057 0.5
7144 7147 0 0 0.5
7144 7153 3.422718218 0.05454356057 0.5
7144 7163 3.422718218 0.05454356057 0.5
7145 7152 3.398529094 0.05296225071 0.5
7146 7150 0 0 0.5
7147 7148 0 0 0.5
7147 7149 0 0 0.5
7148 7150 0 0 0.5
7149 7150 0 0 0.5
7150 7152 0 0 0.5
7152 7155 3.398529094 0.05296225071 0.5
7152 7160 0 0 0.5
7152 7163 3.422718218 0.05454356057 0.5
7153 7156 3.328062499 0.05454356057 0.5
7153 7158 2.979093822 0.02291287847 0.5
7153 7159 2.979093822 0.02291287847 0.5
7153 7164 3.422718218 0.05454356057 0.5
7154 7157 0 0 0.5
7154 7163 3.422718218 0.05454356057 0.5
7155 7162 3.398529094 0.05296225071 0.5
7156 7160 0 0 0.5
7157 7158 0 0 0.5
7157 7159 0 0 0.5
7158 7160 0 0 0.5
7159 7160 0 0 0.5
7160 7162 0 0 0.5
7162 7165 3.398529094 0.05296225071 0.5
7162 7170 0 0 0.5
7163 7166 3.328062499 0.05454356057 0.5
7163 7168 2.979093822 0.02291287847 0.5
7163 7169 2.979093822 0.02291287847 0.5
7164 7167 0 0 0.5
7166 7170 0 0 0.5
7167 7168 0 0 0.5
7167 7169 0 0 0.5
7168 7170 0 0 0.5
7169 7170 0 0 0.5
7172 7175 3.398529094 0.05296225071 0.5
7172 7180 0 0 0.5
7172 7183 3.422718218 0.05454356057 0.5
7172 7195 3.398529094 0.05296225071 0.5
7172 7200 0 0 0.5
7173 7176 3.328062499 0.05454356057 0.5
7173 7178 2.979093822 0.02291287847 0.5
7173 7179 2.979093822 0.02291287847 0.5
7173 7184 3.422718218 0.05454356057 0.5
7173 7192 3.422718218 0.05454356057 0.5
7173 7194 3.422718218 0.05454356057 0.5
7174 7177 0 0 0.5
7174 7183 3.422718218 0.05454356057 0.5
7174 7193 3.422718218 0.05454356057 0.5
7175 7182 3.398529094 0.05296225071 0.5
7176 7180 0 0 0.5
7177 7178 0 0 0.5
7177 7179 0 0 0.5
7178 7180 0 0 0.5
7179 7180 0 0 0.5
7180 7182 0 0 0.5
7182 7185 3.398529094 0.05296225071 0.5
7182 7190 0 0 0.5
7182 7193 3.422718218 0.05454356057 0.5
7183 7186 3.328062499 0.05454356057 0.5
7183 7188 2.979093822 0.02291287847 0.5
7183 7189 2.979093822 0.02291287847 0.5
7183 7194 3.422718218 0.05454356057 0.5
7184 7187 0 0 0.5
7184 7193 3.422718218 0.05454356057 0.5
7185 7192 3.398529094 0.05296225071 0.5
7186 7190 0 0 0.5
7187 7188 0 0 0.5
7187 7189 0 0 0.5
7188 7190 0 0 0.5
7189 7190 0 0 0.5
7190 7192 0 0 0.5
7192 7195 3.398529094 0.05296225071 0.5
7192 7200 0 0 0.5
7193 7196 3.328062499 0.05454356057 0.5
7193 7198 2.979093822 0.02291287847 0.5
7193 7199 2.979093822 0.02291287847 0.5
7194 7197 0 0 0.5
7196 7200 0 0 0.5
7197 7198 0 0 0.5
7197 7199 0 0 0.5
7198 7200 0 0 0.5
7199 7200 0 0 0.5
7202 7205 3.398529094 0.05296225071 0.5
7202 7210 0 0 0.5
7202 7213 3.422718218 0.05454356057 0.5
7202 7225 3.398529094 0.05296225071 0.5
7202 7230 0 0 0.5
7203 7206 3.328062499 0.05454356057 0.5
7203 7208 2.979093822 0.02291287847 0.5
7203 7209 2.979093822 0.02291287847 0.5
7203 7214 3.422718218 0.05454356057 0.5
7203 7222 3.422718218 0.05454356057 0.5
7203 7224 3.422718218 0.05454356057 0.5
7204 7207 0 0 0.5
7204 7213 3.422718218 0.05454356057 0.5
7204 7223 3.422718218 0.05454356057 0.5
7205 7212 3.398529094 0.05296225071 0.5
7206 7210 0 0 0.5
7207 7208 0 0 0.5
7207 7209 0 0 0.5
7208 7210 0 0 0.5
7209 7210 0 0 0.5
7210 7212 0 0 0.5
7212 7215 3.398529094 0.05296225071 0.5
7212 7220 0 0 0.5
7212 7223 3.422718218 0.05454356057 0.5
7213 7216 3.328062499 0.05454356057 0.5
7213 7218 2.979093822 0.02291287847 0.5
7213 7219 2.979093822 0.02291287847 0.5
7213 7224 3.422718218 0.05454356057 0.5
7214 7217 0 0 0.5
7214 7223 3.422718218 0.05454356057 0.5
7215 7222 3.398529094 0.05296225071 0.5
7216 7220 0 0 0.5
7217 7218 0 0 0.5
7217 7219 0 0 0.5
7218 7220 0 0 0.5
7219 7220 0 0 0.5
7220 7222 0 0 0.5
7222 7225 3.398529094 0.05296225071 0.5
7222 7230 0 0 0.5
7223 7226 3.328062499 0.05454356057 0.5
7223 7228 2.979093822 0.02291287847 0.5
7223 7229 2.979093822 0.02291287847 0.5
7224 7227 0 0 0.5
7226 7230 0 0 0.5
7227 7228 0 0 0.5
7227 7229 0 0 0.5
7228 7230 0 0 0.5
7229 7230 0 0 0.5
7232 7235 3.398529094 0.05296225071 0.5
7232 7240 0 0 0.5
7232 7243 3.422718218 0.05454356057 0.5
7232 7255 3.398529094 0.05296225071 0.5
7232 7260 0 0 0.5
7233 7236 3.328062499 0.05454356057 0.5
7233 7238 2.979093822 0.02291287847 0.5
7233 7239 2.979093822 0.02291287847 0.5
7233 7244 3.422718218 0.05454356057 0.5
7233 7252 3.422718218 0.05454356057 0.5
7233 7254 3.422718218 0.05454356057 0.5
7234 7237 0 0 0.5
7234 7243 3.422718218 0.05454356057 0.5
7234 7253 3.422718218 0.05454356057 0.5
7235 7242 3.398529094 0.05296225071 0.5
7236 7240 0 0 0.5
7237 7238 0 0 0.5
7237 7239 0 0 0.5
7238 7240 0 0 0.5
7239 7240 0 0 0.5
7240 7242 0 0 0.5
7242 7245 3.398529094 0.05296225071 0.5
7242 7250 0 0 0.5
7242 7253 3.422718218 0.05454356057 0.5
7243 7246 3.328062499 0.05454356057 0.5
7243 7248 2.979093822 0.02291287847 0.5
7243 7249 2.979093822 0.02291287847 0.5
7243 7254 3.422718218 0.05454356057 0.5
7244 7247 0 0 0.5
7244 7253 3.422718218 0.05454356057 0.5
7245 7252 3.398529094 0.05296225071 0.5
7246 7250 0 0 0.5
7247 7248 0 0 0.5
7247 7249 0 0 0.5
7248 7250 0 0 0.5
7249 7250 0 0 0.5
7250 7252 0 0 0.5
7252 7255 3.398529094 0.05296225071 0.5
7252 7260 0 0 0.5
7253 7256 3.328062499 0.05454356057 0.5
7253 7258 2.979093822 0.02291287847 0.5
7253 7259 2.979093822 0.02291287847 0.5
7254 7257 0 0 0.5
7256 7260 0 0 0.5
7257 7258 0 0 0.5
7257 7259 0 0 0.5
7258 7260 0 0 0.5
7259 7260 0 0 0.5
7262 7265 3.398529094 0.05296225071 0.5
7262 7270 0 0 0.5
7262 7273 3.422718218 0.05454356057 0.5
7262 7285 3.398529094 0.05296225071 0.5
7262 7290 0 0 0.5
7263 7266 3.328062499 0.05454356057 0.5
7263 7268 2.979093822 0.02291287847 0.5
7263 7269 2.979093822 0.02291287847 0.5
7263 7274 3.422718218 0.05454356057 0.5
7263 7282 3.422718218 0.05454356057 0.5
7263 7284 3.422718218 0.05454356057 0.5
7264 7267 0 0 0.5
7264 7273 3.422718218 0.05454356057 0.5
7264 7283 3.422718218 0.05454356057 0.5
7265 7272 3.398529094 0.05296225071 0.5
7266 7270 0 0 0.5
7267 7268 0 0 0.5
7267 7269 0 0 0.5
7268 7270 0 0 0.5
7269 7270 0 0 0.5
7270 7272 0 0 0.5
7272 7275 3.398529094 0.05296225071 0.5
7272 7280 0 0 0.5
7272 7283 3.422718218 0.05454356057 0.5
7273 7276 3.328062499 0.05454356057 0.5
7273 7278 2.979093822 0.02291287847 0.5
7273 7279 2.979093822 0.02291287847 0.5
7273 7284 3.422718218 0.05454356057 0.5
7274 7277 0 0 0.5
7274 7283 3.422718218 0.05454356057 0.5
7275 7282 3.398529094 0.05296225071 0.5
7276 7280 0 0 0.5
7277 7278 0 0 0.5
7277 7279 0 0 0.5
7278 7280 0 0 0.5
7279 7280 0 0 0.5
7280 7282 0 0 0.5
7282 7285 3.398529094 0.05296225071 0.5
7282 7290 0 0 0.5
7283 7286 3.328062499 0.05454356057 0.5
7283 7288 2.979093822 0.02291287847 0.5
7283 7289 2.979093822 0.02291287847 0.5
7284 7287 0 0 0.5
7286 7290 0 0 0.5
7287 7288 0 0 0.5
7287 7289 0 0 0.5
7288 7290 0 0 0.5
7289 7290 0 0 0.5
7292 7295 3.398529094 0.05296225071 0.5
7292 7300 0 0 0.5
7292 7303 3.422718218 0.05454356057 0.5
7292 7315 3.398529094 0.05296225071 0.5
7292 7320 0 0 0.5
7293 7296 3.328062499 0.05454356057 0.5
7293 7298 2.979093822 0.02291287847 0.5
7293 7299 2.979093822 0.02291287847 0.5
7293 7304 3.422718218 0.05454356057 0.5
7293 7312 3.422718218 0.05454356057 0.5
7293 7314 3.422718218 0.05454356057 0.5
7294 7297 0 0 0.5
7294 7303 3.422718218 0.05454356057 0.5
7294 7313 3.422718218 0.05454356057 0.5
7295 7302 3.398529094 0.05296225071 0.5
7296 7300 0 0 0.5
7297 7298 0 0 0.5
7297 7299 0 0 0.5
7298 7300 0 0 0.5
7299 7300 0 0 0.5
7300 7302 0 0 0.5
7302 7305 3.398529094 0.05296225071 0.5
7302 7310 0 0 0.5
7302 7313 3.422718218 0.05454356057 0.5
7303 7306 3.328062499 0.05454356057 0.5
7303 7308 2.979093822 0.02291287847 0.5
7303 7309 2.979093822 0.02291287847 0.5
7303 7314 3.422718218 0.05454356057 0.5
7304 7307 0 0 0.5
7304 7313 3.422718218 0.05454356057 0.5
7305 7312 3.398529094 0.05296225071 0.5
7306 7310 0 0 0.5
7307 7308 0 0 0.5
7307 7309 0 0 0.5
7308 7310 0 0 0.5
7309 7310 0 0 0.5
7310 7312 0 0 0.5
7312 7315 3.398529094 0.05296225071 0.5
7312 7320 0 0 0.5
7313 7316 3.328062499 0.05454356057 0.5
7313 7318 2.979093822 0.02291287847 0.5
7313 7319 2.979093822 0.02291287847 0.5
7314 7317 0 0 0.5
7316 7320 0 0 0.5
7317 7318 0 0 0.5
7317 7319 0 0 0.5
7318 7320 0 0 0.5
7319 7320 0 0 0.5
7322 7325 3.398529094 0.05296225071 0.5
7322 7330 0 0 0.5
7322 7333 3.422718218 0.05454356057 0.5
7322 7345 3.398529094 0.05296225071 0.5
7322 7350 0 0 0.5
7323 7326 3.328062499 0.05454356057 0.5
7323 7328 2.979093822 0.02291287847 0.5
7323 7329 2.979093822 0.02291287847 0.5
7323 7334 3.422718218 0.05454356057 0.5
7323 7342 3.422718218 0.05454356057 0.5
7323 7344 3.422718218 0.05454356057 0.5
7324 7327 0 0 0.5
7324 7333 3.422718218 0.05454356057 0.5
7324 7343 3.422718218 0.05454356057 0.5
7325 7332 3.398529094 0.05296225071 0.5
7326 7330 0 0 0.5
7327 7328 0 0 0.5
7327 7329 0 0 0.5
7328 7330 0 0 0.5
7329 7330 0 0 0.5
7330 7332 0 0 0.5
7332 7335 3.398529094 0.05296225071 0.5
7332 7340 0 0 0.5
7332 7343 3.422718218 0.05454356057 0.5
7333 7336 3.328062499 0.05454356057 0.5
7333 7338 2.979093822 0.02291287847 0.5
7333 7339 2.979093822 0.02291287847 0.5
7333 7344 3.422718218 0.05454356057 0.5
7334 7337 0 0 0.5
7334 7343 3.422718218 0.05454356057 0.5
7335 7342 3.398529094 0.05296225071 0.5
7336 7340 0 0 0.5
7337 7338 0 0 0.5
7337 7339 0 0 0.5
7338 7340 0 0 0.5
7339 7340 0 0 0.5
7340 7342 0 0 0.5
7342 7345 3.398529094 0.05296225071 0.5
7342 7350 0 0 0.5
7343 7346 3.328062499 0.05454356057 0.5
7343 7348 2.979093822 0.02291287847 0.5
7343 7349 2.979093822 0.02291287847 0.5
7344 7347 0 0 0.5
7346 7350 0 0 0.5
7347 7348 0 0 0.5
7347 7349 0 0 0.5
7348 7350 0 0 0.5
7349 7350 0 0 0.5
7352 7355 3.398529094 0.05296225071 0.5
7352 7360 0 0 0.5
7352 7363 3.422718218 0.05454356057 0.5
7352 7375 3.398529094 0.05296225071 0.5
7352 7380 0 0 0.5
7353 7356 3.328062499 0.05454356057 0.5
7353 7358 2.979093822 0.02291287847 0.5
7353 7359 2.979093822 0.02291287847 0.5
7353 7364 3.422718218 0.05454356057 0.5
7353 7372 3.422718218 0.05454356057 0.5
7353 7374 3.422718218 0.05454356057 0.5
7354 7357 0 0 0.5
7354 7363 3.422718218 0.05454356057 0.5
7354 7373 3.422718218 0.05454356057 0.5
7355 7362 3.398529094 0.05296225071 0.5
7356 7360 0 0 0.5
7357 7358 0 0 0.5
7357 7359 0 0 0.5
7358 7360 0 0 0.5
7359 7360 0 0 0.5
7360 7362 0 0 0.5
7362 7365 3.398529094 0.05296225071 0.5
7362 7370 0 0 0.5
7362 7373 3.422718218 0.05454356057 0.5
7363 7366 3.328062499 0.05454356057 0.5
7363 7368 2.979093822 0.02291287847 0.5
7363 7369 2.979093822 0.02291287847 0.5
7363 7374 3.422718218 0.05454356057 0.5
7364 7367 0 0 0.5
7364 7373 3.422718218 0.05454356057 0.5
7365 7372 3.398529094 0.05296225071 0.5
7366 7370 0 0 0.5
7367 7368 0 0 0.5
7367 7369 0 0 0.5
7368 7370 0 0 0.5
7369 7370 0 0 0.5
7370 7372 0 0 0.5
7372 7375 3.398529094 0.05296225071 0.5
7372 7380 0 0 0.5
7373 7376 3.328062499 0.05454356057 0.5
7373 7378 2.979093822 0.02291287847 0.5
7373 7379 2.979093822 0.02291287847 0.5
7374 7377 0 0 0.5
7376 7380 0 0 0.5
7377 7378 0 0 0.5
7377 7379 0 0 0.5
7378 7380 0 0 0.5
7379 7380 0 0 0.5
7382 7385 3.398529094 0.05296225071 0.5
7382 7390 0 0 0.5
7382 7393 3.422718218 0.05454356057 0.5
7382 7405 3.398529094 0.05296225071 0.5
7382 7410 0 0 0.5
7383 7386 3.328062499 0.05454356057 0.5
7383 7388 2.979093822 0.02291287847 0.5
7383 7389 2.979093822 0.02291287847 0.5
7383 7394 3.422718218 0.05454356057 0.5
7383 7402 3.422718218 0.05454356057 0.5
7383 7404 3.422718218 0.05454356057 0.5
7384 7387 0 0 0.5
7384 7393 3.422718218 0.05454356057 0.5
7384 7403 3.422718218 0.05454356057 0.5
7385 7392 3.398529094 0.05296225071 0.5
7386 7390 0 0 0.5
7387 7388 0 0 0.5
7387 7389 0 0 0.5
7388 7390 0 0 0.5
7389 7390 0 0 0.5
7390 7392 0 0 0.5
7392 7395 3.398529094 0.05296225071 0.5
7392 7400 0 0 0.5
7392 7403 3.422718218 0.05454356057 0.5
7393 7396 3.328062499 0.05454356057 0.5
7393 7398 2.979093822 0.02291287847 0.5
7393 7399 2.979093822 0.02291287847 0.5
7393 7404 3.422718218 0.05454356057 0.5
7394 7397 0 0 0.5
7394 7403 3.422718218 0.05454356057 0.5
7395 7402 3.398529094 0.05296225071 0.5
7396 7400 0 0 0.5
7397 7398 0 0 0.5
7397 7399 0 0 0.5
7398 7400 0 0 0.5
7399 7400 0 0 0.5
7400 7402 0 0 0.5
7402 7405 3.398529094 0.05296225071 0.5
7402 7410 0 0 0.5
7403 7406 3.328062499 0.05454356057 0.5
7403 7408 2.979093822 0.02291287847 0.5
7403 7409 2.979093822 0.02291287847 0.5
7404 7407 0 0 0.5
7406 7410 0 0 0.5
7407 7408 0 0 0.5
7407 7409 0 0 0.5
7408 7410 0 0 0.5
7409 7410 0 0 0.5
7412 7415 3.398529094 0.05296225071 0.5
7412 7420 0 0 0.5
7412 7423 3.422718218 0.05454356057 0.5
7412 7435 3.398529094 0.05296225071 0.5
7412 7440 0 0 0.5
7413 7416 3.328062499 0.05454356057 0.5
7413 7418 2.979093822 0.02291287847 0.5
7413 7419 2.979093822 0.02291287847 0.5
7413 7424 3.422718218 0.05454356057 0.5
7413 7432 3.422718218 0.05454356057 0.5
7413 7434 3.422718218 0.05454356057 0.5
7414 7417 0 0 0.5
7414 7423 3.422718218 0.05454356057 0.5
7414 7433 3.422718218 0.05454356057 0.5
7415 7422 3.398529094 0.05296225071 0.5
7416 7420 0 0 0.5
7417 7418 0 0 0.5
7417 7419 0 0 0.5
7418 7420 0 0 0.5
7419 7420 0 0 0.5
7420 7422 0 0 0.5
7422 7425 3.398529094 0.05296225071 0.5
7422 7430 0 0 0.5
7422 7433 3.422718218 0.05454356057 0.5
7423 7426 3.328062499 0.05454356057 0.5
7423 7428 2.979093822 0.02291287847 0.5
7423 7429 2.979093822 0.02291287847 0.5
7423 7434 3.422718218 0.05454356057 0.5
7424 7427 0 0 0.5
7424 7433 3.422718218 0.05454356057 0.5
7425 7432 3.398529094 0.05296225071 0.5
7426 7430 0 0 0.5
7427 7428 0 0 0.5
7427 7429 0 0 0.5
7428 7430 0 0 0.5
7429 7430 0 0 0.5
7430 7432 0 0 0.5
7432 7435 3.398529094 0.05296225071 0.5
7432 7440 0 0 0.5
7433 7436 3.328062499 0.05454356057 0.5
7433 7438 2.979093822 0.02291287847 0.5
7433 7439 2.979093822 0.02291287847 0.5
7434 7437 0 0 0.5
7436 7440 0 0 0.5
7437 7438 0 0 0.5
7437 7439 0 0 0.5
7438 7440 0 0 0.5
7439 7440 0 0 0.5
7442 7445 3.398529094 0.05296225071 0.5
7442 7450 0 0 0.5
7442 7453 3.422718218 0.05454356057 0.5
7442 7465 3.398529094 0.05296225071 0.5
7442 7470 0 0 0.5
7443 7446 3.328062499 0.05454356057 0.5
7443 7448 2.979093822 0.02291287847 0.5
7443 7449 2.979093822 0.02291287847 0.5
7443 7454 3.422718218 0.05454356057 0.5
7443 7462 3.422718218 0.05454356057 0.5
7443 7464 3.422718218 0.05454356057 0.5
7444 7447 0 0 0.5
7444 7453 3.422718218 0.05454356057 0.5
7444 7463 3.422718218 0.05454356057 0.5
7445 7452 3.398529094 0.05296225071 0.5
7446 7450 0 0 0.5
7447 7448 0 0 0.5
7447 7449 0 0 0.5
7448 7450 0 0 0.5
7449 7450 0 0 0.5
7450 7452 0 0 0.5
7452 7455 3.398529094 0.05296225071 0.5
7452 7460 0 0 0.5
7452 7463 3.422718218 0.05454356057 0.5
7453 7456 3.328062499 0.05454356057 0.5
7453 7458 2.979093822 0.02291287847 0.5
7453 7459 2.979093822 0.02291287847 0.5
7453 7464 3.422718218 0.05454356057 0.5
7454 7457 0 0 0.5
7454 7463 3.422718218 0.05454356057 0.5
7455 7462 3.398529094 0.05296225071 0.5
7456 7460 0 0 0.5
7457 7458 0 0 0.5
7457 7459 0 0 0.5
7458 7460 0 0 0.5
7459 7460 0 0 0.5
7460 7462 0 0 0.5
7462 7465 3.398529094 0.05296225071 0.5
7462 7470 0 0 0.5
7463 7466 3.328062499 0.05454356057 0.5
7463 7468 2.979093822 0.02291287847 0.5
7463 7469 2.979093822 0.02291287847 0.5
7464 7467 0 0 0.5
7466 7470 0 0 0.5
7467 7468 0 0 0.5
7467 7469 0 0 0.5
7468 7470 0 0 0.5
7469 7470 0 0 0.5
7472 7475 3.398529094 0.05296225071 0.5
7472 7480 0 0 0.5
7472 7483 3.422718218 0.05454356057 0.5
7472 7495 3.398529094 0.05296225071 0.5
7472 7500 0 0 0.5
7473 7476 3.328062499 0.05454356057 0.5
7473 7478 2.979093822 0.02291287847 0.5
7473 7479 2.979093822 0.02291287847 0.5
7473 7484 3.422718218 0.05454356057 0.5
7473 7492 3.422718218 0.05454356057 0.5
7473 7494 3.422718218 0.05454356057 0.5
7474 7477 0 0 0.5
7474 7483 3.422718218 0.05454356057 0.5
7474 7493 3.422718218 0.05454356057 0.5
7475 7482 3.398529094 0.05296225071 0.5
7476 7480 0 0 0.5
7477 7478 0 0 0.5
7477 7479 0 0 0.5
7478 7480 0 0 0.5
7479 7480 0 0 0.5
7480 7482 0 0 0.5
7482 7485 3.398529094 0.05296225071 0.5
7482 7490 0 0 0.5
7482 7493 3.422718218 0.05454356057 0.5
7483 7486 3.328062499 0.05454356057 0.5
7483 7488 2.979093822 0.02291287847 0.5
7483 7489 2.979093822 0.02291287847 0.5
7483 7494 3.422718218 0.05454356057 0.5
7484 7487 0 0 0.5
7484 7493 3.422718218 0.05454356057 0.5
7485 7492 3.398529094 0.05296225071 0.5
7486 7490 0 0 0.5
7487 7488 0 0 0.5
7487 7489 0 0 0.5
7488 7490 0 0 0.5
7489 7490 0 0 0.5
7490 7492 0 0 0.5
7492 7495 3.398529094 0.05296225071 0.5
7492 7500 0 0 0.5
7493 7496 3.328062499 0.05454356057 0.5
7493 7498 2.979093822 0.02291287847 0.5
7493 7499 2.979093822 0.02291287847 0.5
7494 7497 0 0 0.5
7496 7500 0 0 0.5
7497 7498 0 0 0.5
7497 7499 0 0 0.5
7498 7500 0 0 0.5
7499 7500 0 0 0.5
7502 7505 3.398529094 0.05296225071 0.5
7502 7510 0 0 0.5
7502 7513 3.422718218 0.05454356057 0.5
7502 7525 3.398529094 0.05296225071 0.5
7502 7530 0 0 0.5
7503 7506 3.328062499 0.05454356057 0.5
7503 7508 2.979093822 0.02291287847 0.5
7503 7509 2.979093822 0.02291287847 0.5
7503 7514 3.422718218 0.05454356057 0.5
7503 7522 3.422718218 0.05454356057 0.5
7503 7524 3.422718218 0.05454356057 0.5
7504 7507 0 0 0.5
7504 7513 3.422718218 0.05454356057 0.5
7504 7523 3.422718218 0.05454356057 0.5
7505 7512 3.398529094 0.05296225071 0.5
7506 7510 0 0 0.5
7507 7508 0 0 0.5
7507 7509 0 0 0.5
7508 7510 0 0 0.5
7509 7510 0 0 0.5
7510 7512 0 0 0.5
7512 7515 3.398529094 0.05296225071 0.5
7512 7520 0 0 0.5
7512 7523 3.422718218 0.05454356057 0.5
7513 7516 3.328062499 0.05454356057 0.5
7513 7518 2.979093822 0.02291287847 0.5
7513 7519 2.979093822 0.02291287847 0.5
7513 7524 3.422718218 0.05454356057 0.5
7514 7517 0 0 0.5
7514 7523 3.422718218 0.05454356057 0.5
7515 7522 3.398529094 0.05296225071 0.5
7516 7520 0 0 0.5
7517 7518 0 0 0.5
7517 7519 0 0 0.5
7518 7520 0 0 0.5
7519 7520 0 0 0.5
7520 7522 0 0 0.5
7522 7525 3.398529094 0.05296225071 0.5
7522 7530 0 0 0.5
7523 7526 3.328062499 0.05454356057 0.5
7523 7528 2.979093822 0.02291287847 0.5
7523 7529 2.979093822 0.02291287847 0.5
7524 7527 0 0 0.5
7526 7530 0 0 0.5
7527 7528 0 0 0.5
7527 7529 0 0 0.5
7528 7530 0 0 0.5
7529 7530 0 0 0.5
7532 7535 3.398529094 0.05296225071 0.5
7532 7540 0 0 0.5
7532 7543 3.422718218 0.05454356057 0.5
7532 7555 3.398529094 0.05296225071 0.5
7532 7560 0 0 0.5
7533 7536 3.328062499 0.05454356057 0.5
7533 7538 2.979093822 0.02291287847 0.5
7533 7539 2.979093822 0.02291287847 0.5
7533 7544 3.422718218 0.05454356057 0.5
7533 7552 3.422718218 0.05454356057 0.5
7533 7554 3.422718218 0.05454356057 0.5
7534 7537 0 0 0.5
7534 7543 3.422718218 0.05454356057 0.5
7534 7553 3.422718218 0.05454356057 0.5
7535 7542 3.398529094 0.05296225071 0.5
7536 7540 0 0 0.5
7537 7538 0 0 0.5
7537 7539 0 0 0.5
7538 7540 0 0 0.5
7539 7540 0 0 0.5
7540 7542 0 0 0.5
7542 7545 3.398529094 0.05296225071 0.5
7542 7550 0 0 0.5
7542 7553 3.422718218 0.05454356057 0.5
7543 7546 3.328062499 0.05454356057 0.5
7543 7548 2.979093822 0.02291287847 0.5
7543 7549 2.979093822 0.02291287847 0.5
7543 7554 3.422718218 0.05454356057 0.5
7544 7547 0 0 0.5
7544 7553 3.422718218 0.05454356057 0.5
7545 7552 3.398529094 0.05296225071 0.5
7546 7550 0 0 0.5
7547 7548 0 0 0.5
7547 7549 0 0 0.5
7548 7550 0 0 0.5
7549 7550 0 0 0.5
7550 7552 0 0 0.5
7552 7555 3.398529094 0.05296225071 0.5
7552 7560 0 0 0.5
7553 7556 3.328062499 0.05454356057 0.5
7553 7558 2.979093822 0.02291287847 0.5
7553 7559 2.979093822 0.02291287847 0.5
7554 7557 0 0 0.5
7556 7560 0 0 0.5
7557 7558 0 0 0.5
7557 7559 0 0 0.5
7558 7560 0 0 0.5
7559 7560 0 0 0.5
7562 7565 3.398529094 0.05296225071 0.5
7562 7570 0 0 0.5
7562 7573 3.422718218 0.05454356057 0.5
7562 7585 3.398529094 0.05296225071 0.5
7562 7590 0 0 0.5
7563 7566 3.328062499 0.05454356057 0.5
7563 7568 2.979093822 0.02291287847 0.5
7563 7569 2.979093822 0.02291287847 0.5
7563 7574 3.422718218 0.05454356057 0.5
7563 7582 3.422718218 0.05454356057 0.5
7563 7584 3.422718218 0.05454356057 0.5
7564 7567 0 0 0.5
7564 7573 3.422718218 0.05454356057 0.5
7564 7583 3.422718218 0.05454356057 0.5
7565 7572 3.398529094 0.05296225071 0.5
7566 7570 0 0 0.5
7567 7568 0 0 0.5
7567 7569 0 0 0.5
7568 7570 0 0 0.5
7569 7570 0 0 0.5
7570 7572 0 0 0.5
7572 7575 3.398529094 0.05296225071 0.5
7572 7580 0 0 0.5
7572 7583 3.422718218 0.05454356057 0.5
7573 7576 3.328062499 0.05454356057 0.5
7573 7578 2.979093822 0.02291287847 0.5
7573 7579 2.979093822 0.02291287847 0.5
7573 7584 3.422718218 0.05454356057 0.5
7574 7577 0 0 0.5
7574 7583 3.422718218 0.05454356057 0.5
7575 7582 3.398529094 0.05296225071 0.5
7576 7580 0 0 0.5
7577 7578 0 0 0.5
7577 7579 0 0 0.5
7578 7580 0 0 0.5
7579 7580 0 0 0.5
7580 7582 0 0 0.5
7582 7585 3.398529094 0.05296225071 0.5
7582 7590 0 0 0.5
7583 7586 3.328062499 0.05454356057 0.5
7583 7588 2.979093822 0.02291287847 0.5
7583 7589 2.979093822 0.02291287847 0.5
7584 7587 0 0 0.5
7586 7590 0 0 0.5
7587 7588 0 0 0.5
7587 7589 0 0 0.5
7588 7590 0 0 0.5
7589 7590 0 0 0.5
7592 7595 3.398529094 0.05296225071 0.5
7592 7600 0 0 0.5
7592 7603 3.422718218 0.05454356057 0.5
7592 7615 3.398529094 0.05296225071 0.5
7592 7620 0 0 0.5
7593 7596 3.328062499 0.05454356057 0.5
7593 7598 2.979093822 0.02291287847 0.5
7593 7599 2.979093822 0.02291287847 0.5
7593 7604 3.422718218 0.05454356057 0.5
7593 7612 3.422718218 0.05454356057 0.5
7593 7614 3.422718218 0.05454356057 0.5
7594 7597 0 0 0.5
7594 7603 3.422718218 0.05454356057 0.5
7594 7613 3.422718218 0.05454356057 0.5
7595 7602 3.398529094 0.05296225071 0.5
7596 7600 0 0 0.5
7597 7598 0 0 0.5
7597 7599 0 0 0.5
7598 7600 0 0 0.5
7599 7600 0 0 0.5
7600 7602 0 0 0.5
7602 7605 3.398529094 0.05296225071 0.5
7602 7610 0 0 0.5
7602 7613 3.422718218 0.05454356057 0.5
7603 7606 3.328062499 0.05454356057 0.5
7603 7608 2.979093822 0.02291287847 0.5
7603 7609 2.979093822 0.02291287847 0.5
7603 7614 3.422718218 0.05454356057 0.5
7604 7607 0 0 0.5
7604 7613 3.422718218 0.05454356057 0.5
7605 7612 3.398529094 0.05296225071 0.5
7606 7610 0 0 0.5
7607 7608 0 0 0.5
7607 7609 0 0 0.5
7608 7610 0 0 0.5
7609 7610 0 0 0.5
7610 7612 0 0 0.5
7612 7615 3.398529094 0.05296225071 0.5
7612 7620 0 0 0.5
7613 7616 3.328062499 0.05454356057 0.5
7613 7618 2.979093822 0.02291287847 0.5
7613 7619 2.979093822 0.02291287847 0.5
7614 7617 0 0 0.5
7616 7620 0 0 0.5
7617 7618 0 0 0.5
7617 7619 0 0 0.5
7618 7620 0 0 0.5
7619 7620 0 0 0.5
7622 7625 3.398529094 0.05296225071 0.5
7622 7630 0 0 0.5
7622 7633 3.422718218 0.05454356057 0.5
7622 7645 3.398529094 0.05296225071 0.5
7622 7650 0 0 0.5
7623 7626 3.328062499 0.05454356057 0.5
7623 7628 2.979093822 0.02291287847 0.5
7623 7629 2.979093822 0.02291287847 0.5
7623 7634 3.422718218 0.05454356057 0.5
7623 7642 3.422718218 0.05454356057 0.5
7623 7644 3.422718218 0.05454356057 0.5
7624 7627 0 0 0.5
7624 7633 3.422718218 0.05454356057 0.5
7624 7643 3.422718218 0.05454356057 0.5
7625 7632 3.398529094 0.05296225071 0.5
7626 7630 0 0 0.5
7627 7628 0 0 0.5
7627 7629 0 0 0.5
7628 7630 0 0 0.5
7629 7630 0 0 0.5
7630 7632 0 0 0.5
7632 7635 3.398529094 0.05296225071 0.5
7632 7640 0 0 0.5
7632 7643 3.422718218 0.05454356057 0.5
7633 7636 3.328062499 0.05454356057 0.5
7633 7638 2.979093822 0.02291287847 0.5
7633 7639 2.979093822 0.02291287847 0.5
7633 7644 3.422718218 0.05454356057 0.5
7634 7637 0 0 0.5
7634 7643 3.422718218 0.05454356057 0.5
7635 7642 3.398529094 0.05296225071 0.5
7636 7640 0 0 0.5
7637 7638 0 0 0.5
7637 7639 0 0 0.5
7638 7640 0 0 0.5
7639 7640 0 0 0.5
7640 7642 0 0 0.5
7642 7645 3.398529094 0.05296225071 0.5
7642 7650 0 0 0.5
7643 7646 3.328062499 0.05454356057 0.5
7643 7648 2.979093822 0.02291287847 0.5
7643 7649 2.979093822 0.02291287847 0.5
7644 7647 0 0 0.5
7646 7650 0 0 0.5
7647 7648 0 0 0.5
7647 7649 0 0 0.5
7648 7650 0 0 0.5
7649 7650 0 0 0.5
7652 7655 3.398529094 0.05296225071 0.5
7652 7660 0 0 0.5
7652 7663 3.422718218 0.05454356057 0.5
7652 7675 3.398529094 0.05296225071 0.5
7652 7680 0 0 0.5
7653 7656 3.328062499 0.05454356057 0.5
7653 7658 2.979093822 0.02291287847 0.5
7653 7659 2.979093822 0.02291287847 0.5
7653 7664 3.422718218 0.05454356057 0.5
7653 7672 3.422718218 0.05454356057 0.5
7653 7674 3.422718218 0.05454356057 0.5
7654 7657 0 0 0.5
7654 7663 3.422718218 0.05454356057 0.5
7654 7673 3.422718218 0.05454356057 0.5
7655 7662 3.398529094 0.05296225071 0.5
7656 7660 0 0 0.5
7657 7658 0 0 0.5
7657 7659 0 0 0.5
7658 7660 0 0 0.5
7659 7660 0 0 0.5
7660 7662 0 0 0.5
7662 7665 3.398529094 0.05296225071 0.5
7662 7670 0 0 0.5
7662 7673 3.422718218 0.05454356057 0.5
7663 7666 3.328062499 0.05454356057 0.5
7663 7668 2.979093822 0.02291287847 0.5
7663 7669 2.979093822 0.02291287847 0.5
7663 7674 3.422718218 0.05454356057 0.5
7664 7667 0 0 0.5
7664 7673 3.422718218 0.05454356057 0.5
7665 7672 3.398529094 0.05296225071 0.5
7666 7670 0 0 0.5
7667 7668 0 0 0.5
7667 7669 0 0 0.5
7668 7670 0 0 0.5
7669 7670 0 0 0.5
7670 7672 0 0 0.5
7672 7675 3.398529094 0.05296225071 0.5
7672 7680 0 0 0.5
7673 7676 3.328062499 0.05454356057 0.5
7673 7678 2.979093822 0.02291287847 0.5
7673 7679 2.979093822 0.02291287847 0.5
7674 7677 0 0 0.5
7676 7680 0 0 0.5
7677 7678 0 0 0.5
7677 7679 0 0 0.5
7678 7680 0 0 0.5
7679 7680 0 0 0.5
7682 7685 3.398529094 0.05296225071 0.5
7682 7690 0 0 0.5
7682 7693 3.422718218 0.05454356057 0.5
7682 7705 3.398529094 0.05296225071 0.5
7682 7710 0 0 0.5
7683 7686 3.328062499 0.05454356057 0.5
7683 7688 2.979093822 0.02291287847 0.5
7683 7689 2.979093822 0.02291287847 0.5
7683 7694 3.422718218 0.05454356057 0.5
7683 7702 3.422718218 0.05454356057 0.5
7683 7704 3.422718218 0.05454356057 0.5
7684 7687 0 0 0.5
7684 7693 3.422718218 0.05454356057 0.5
7684 7703 3.422718218 0.05454356057 0.5
7685 7692 3.398529094 0.05296225071 0.5
7686 7690 0 0 0.5
7687 7688 0 0 0.5
7687 7689 0 0 0.5
7688 7690 0 0 0.5
7689 7690 0 0 0.5
7690 7692 0 0 0.5
7692 7695 3.398529094 0.05296225071 0.5
7692 7700 0 0 0.5
7692 7703 3.422718218 0.05454356057 0.5
7693 7696 3.328062499 0.05454356057 0.5
7693 7698 2.979093822 0.02291287847 0.5
7693 7699 2.979093822 0.02291287847 0.5
7693 7704 3.422718218 0.05454356057 0.5
7694 7697 0 0 0.5
7694 7703 3.422718218 0.05454356057 0.5
7695 7702 3.398529094 0.05296225071 0.5
7696 7700 0 0 0.5
7697 7698 0 0 0.5
7697 7699 0 0 0.5
7698 7700 0 0 0.5
7699 7700 0 0 0.5
7700 7702 0 0 0.5
7702 7705 3.398529094 0.05296225071 0.5
7702 7710 0 0 0.5
7703 7706 3.328062499 0.05454356057 0.5
7703 7708 2.979093822 0.02291287847 0.5
7703 7709 2.979093822 0.02291287847 0.5
7704 7707 0 0 0.5
7706 7710 0 0 0.5
7707 7708 0 0 0.5
7707 7709 0 0 0.5
7708 7710 0 0 0.5
7709 7710 0 0 0.5
7712 7715 3.398529094 0.05296225071 0.5
7712 7720 0 0 0.5
7712 7723 3.422718218 0.05454356057 0.5
7712 7735 3.398529094 0.05296225071 0.5
7712 7740 0 0 0.5
7713 7716 3.328062499 0.05454356057 0.5
7713 7718 2.979093822 0.02291287847 0.5
7713 7719 2.979093822 0.02291287847 0.5
7713 7724 3.422718218 0.05454356057 0.5
7713 7732 3.422718218 0.05454356057 0.5
7713 7734 3.422718218 0.05454356057 0.5
7714 7717 0 0 0.5
7714 7723 3.422718218 0.05454356057 0.5
7714 7733 3.422718218 0.05454356057 0.5
7715 7722 3.398529094 0.05296225071 0.5
7716 7720 0 0 0.5
7717 7718 0 0 0.5
7717 7719 0 0 0.5
7718 7720 0 0 0.5
7719 7720 0 0 0.5
7720 7722 0 0 0.5
7722 7725 3.398529094 0.05296225071 0.5
7722 7730 0 0 0.5
7722 7733 3.422718218 0.05454356057 0.5
7723 7726 3.328062499 0.05454356057 0.5
7723 7728 2.979093822 0.02291287847 0.5
7723 7729 2.979093822 0.02291287847 0.5
7723 7734 3.422718218 0.05454356057 0.5
7724 7727 0 0 0.5
7724 7733 3.422718218 0.05454356057 0.5
7725 7732 3.398529094 0.05296225071 0.5
7726 7730 0 0 0.5
7727 7728 0 0 0.5
7727 7729 0 0 0.5
7728 7730 0 0 0.5
7729 7730 0 0 0.5
7730 7732 0 0 0.5
7732 7735 3.398529094 0.05296225071 0.5
7732 7740 0 0 0.5
7733 7736 3.328062499 0.05454356057 0.5
7733 7738 2.979093822 0.02291287847 0.5
7733 7739 2.979093822 0.02291287847 0.5
7734 7737 0 0 0.5
7736 7740 0 0 0.5
7737 7738 0 0 0.5
7737 7739 0 0 0.5
7738 7740 0 0 0.5
7739 7740 0 0 0.5
7742 7745 3.398529094 0.05296225071 0.5
7742 7750 0 0 0.5
7742 7753 3.422718218 0.05454356057 0.5
7742 7765 3.398529094 0.05296225071 0.5
7742 7770 0 0 0.5
7743 7746 3.328062499 0.05454356057 0.5
7743 7748 2.979093822 0.02291287847 0.5
7743 7749 2.979093822 0.02291287847 0.5
7743 7754 3.422718218 0.05454356057 0.5
7743 7762 3.422718218 0.05454356057 0.5
7743 7764 3.422718218 0.05454356057 0.5
7744 7747 0 0 0.5
7744 7753 3.422718218 0.05454356057 0.5
7744 7763 3.422718218 0.05454356057 0.5
7745 7752 3.398529094 0.05296225071 0.5
7746 7750 0 0 0.5
7747 7748 0 0 0.5
7747 7749 0 0 0.5
7748 7750 0 0 0.5
7749 7750 0 0 0.5
7750 7752 0 0 0.5
7752 7755 3.398529094 0.05296225071 0.5
7752 7760 0 0 0.5
7752 7763 3.422718218 0.05454356057 0.5
7753 7756 3.328062499 0.05454356057 0.5
7753 7758 2.979093822 0.02291287847 0.5
7753 7759 2.979093822 0.02291287847 0.5
7753 7764 3.422718218 0.05454356057 0.5
7754 7757 0 0 0.5
7754 7763 3.422718218 0.05454356057 0.5
7755 7762 3.398529094 0.05296225071 0.5
7756 7760 0 0 0.5
7757 7758 0 0 0.5
7757 7759 0 0 0.5
7758 7760 0 0 0.5
7759 7760 0 0 0.5
7760 7762 0 0 0.5
7762 7765 3.398529094 0.05296225071 0.5
7762 7770 0 0 0.5
7763 7766 3.328062499 0.05454356057 0.5
7763 7768 2.979093822 0.02291287847 0.5
7763 7769 2.979093822 0.02291287847 0.5
7764 7767 0 0 0.5
7766 7770 0 0 0.5
7767 7768 0 0 0.5
7767 7769 0 0 0.5
7768 7770 0 0 0.5
7769 7770 0 0 0.5
7772 7775 3.398529094 0.05296225071 0.5
7772 7780 0 0 0.5
7772 7783 3.422718218 0.05454356057 0.5
7772 7795 3.398529094 0.05296225071 0.5
7772 7800 0 0 0.5
7773 7776 3.328062499 0.05454356057 0.5
7773 7778 2.979093822 0.02291287847 0.5
7773 7779 2.979093822 0.02291287847 0.5
7773 7784 3.422718218 0.05454356057 0.5
7773 7792 3.422718218 0.05454356057 0.5
7773 7794 3.422718218 0.05454356057 0.5
7774 7777 0 0 0.5
7774 7783 3.422718218 0.05454356057 0.5
7774 7793 3.422718218 0.05454356057 0.5
7775 7782 3.398529094 0.05296225071 0.5
7776 7780 0 0 0.5
7777 7778 0 0 0.5
7777 7779 0 0 0.5
7778 7780 0 0 0.5
7779 7780 0 0 0.5
7780 7782 0 0 0.5
7782 7785 3.398529094 0.05296225071 0.5
7782 7790 0 0 0.5
7782 7793 3.422718218 0.05454356057 0.5
7783 7786 3.328062499 0.05454356057 0.5
7783 7788 2.979093822 0.02291287847 0.5
7783 7789 2.979093822 0.02291287847 0.5
7783 7794 3.422718218 0.05454356057 0.5
7784 7787 0 0 0.5
7784 7793 3.422718218 0.05454356057 0.5
7785 7792 3.398529094 0.05296225071 0.5
7786 7790 0 0 0.5
7787 7788 0 0 0.5
7787 7789 0 0 0.5
7788 7790 0 0 0.5
7789 7790 0 0 0.5
7790 7792 0 0 0.5
7792 7795 3.398529094 0.05296225071 0.5
7792 7800 0 0 0.5
7793 7796 3.328062499 0.05454356057 0.5
7793 7798 2.979093822 0.02291287847 0.5
7793 7799 2.979093822 0.02291287847 0.5
7794 7797 0 0 0.5
7796 7800 0 0 0.5
7797 7798 0 0 0.5
7797 7799 0 0 0.5
7798 7800 0 0 0.5
7799 7800 0 0 0.5
7802 7805 3.398529094 0.05296225071 0.5
7802 7810 0 0 0.5
7802 7813 3.422718218 0.05454356057 0.5
7802 7825 3.398529094 0.05296225071 0.5
7802 7830 0 0 0.5
7803 7806 3.328062499 0.05454356057 0.5
7803 7808 2.979093822 0.02291287847 0.5
7803 7809 2.979093822 0.02291287847 0.5
7803 7814 3.422718218 0.05454356057 0.5
7803 7822 3.422718218 0.05454356057 0.5
7803 7824 3.422718218 0.05454356057 0.5
7804 7807 0 0 0.5
7804 7813 3.422718218 0.05454356057 0.5
7804 7823 3.422718218 0.05454356057 0.5
7805 7812 3.398529094 0.05296225071 0.5
7806 7810 0 0 0.5
7807 7808 0 0 0.5
7807 7809 0 0 0.5
7808 7810 0 0 0.5
7809 7810 0 0 0.5
7810 7812 0 0 0.5
7812 7815 3.398529094 0.05296225071 0.5
7812 7820 0 0 0.5
7812 7823 3.422718218 0.05454356057 0.5
7813 7816 3.328062499 0.05454356057 0.5
7813 7818 2.979093822 0.02291287847 0.5
7813 7819 2.979093822 0.02291287847 0.5
7813 7824 3.422718218 0.05454356057 0.5
7814 7817 0 0 0.5
7814 7823 3.422718218 0.05454356057 0.5
7815 7822 3.398529094 0.05296225071 0.5
7816 7820 0 0 0.5
7817 7818 0 0 0.5
7817 7819 0 0 0.5
7818 7820 0 0 0.5
7819 7820 0 0 0.5
7820 7822 0 0 0.5
7822 7825 3.398529094 0.05296225071 0.5
7822 7830 0 0 0.5
7823 7826 3.328062499 0.05454356057 0.5
7823 7828 2.979093822 0.02291287847 0.5
7823 7829 2.979093822 0.02291287847 0.5
7824 7827 0 0 0.5
7826 7830 0 0 0.5
7827 7828 0 0 0.5
7827 7829 0 0 0.5
7828 7830 0 0 0.5
7829 7830 0 0 0.5
7832 7835 3.398529094 0.05296225071 0.5
7832 7840 0 0 0.5
7832 7843 3.422718218 0.05454356057 0.5
7832 7855 3.398529094 0.05296225071 0.5
7832 7860 0 0 0.5
7833 7836 3.328062499 0.05454356057 0.5
7833 7838 2.979093822 0.02291287847 0.5
7833 7839 2.979093822 0.02291287847 0.5
7833 7844 3.422718218 0.05454356057 0.5
7833 7852 3.422718218 0.05454356057 0.5
7833 7854 3.422718218 0.05454356057 0.5
7834 7837 0 0 0.5
7834 7843 3.422718218 0.05454356057 0.5
7834 7853 3.422718218 0.05454356057 0.5
7835 7842 3.398529094 0.05296225071 0.5
7836 7840 0 0 0.5
7837 7838 0 0 0.5
7837 7839 0 0 0.5
7838 7840 0 0 0.5
7839 7840 0 0 0.5
7840 7842 0 0 0.5
7842 7845 3.398529094 0.05296225071 0.5
7842 7850 0 0 0.5
7842 7853 3.422718218 0.05454356057 0.5
7843 7846 3.328062499 0.05454356057 0.5
7843 7848 2.979093822 0.02291287847 0.5
7843 7849 2.979093822 0.02291287847 0.5
7843 7854 3.422718218 0.05454356057 0.5
7844 7847 0 0 0.5
7844 7853 3.422718218 0.05454356057 0.5
7845 7852 3.398529094 0.05296225071 0.5
7846 7850 0 0 0.5
7847 7848 0 0 0.5
7847 7849 0 0 0.5
7848 7850 0 0 0.5
7849 7850 0 0 0.5
7850 7852 0 0 0.5
7852 7855 3.398529094 0.05296225071 0.5
7852 7860 0 0 0.5
7853 7856 3.328062499 0.05454356057 0.5
7853 7858 2.979093822 0.02291287847 0.5
7853 7859 2.979093822 0.02291287847 0.5
7854 7857 0 0 0.5
7856 7860 0 0 0.5
7857 7858 0 0 0.5
7857 7859 0 0 0.5
7858 7860 0 0 0.5
7859 7860 0 0 0.5
7862 7865 3.398529094 0.05296225071 0.5
7862 7870 0 0 0.5
7862 7873 3.422718218 0.05454356057 0.5
7862 7885 3.398529094 0.05296225071 0.5
7862 7890 0 0 0.5
7863 7866 3.328062499 0.05454356057 0.5
7863 7868 2.979093822 0.02291287847 0.5
7863 7869 2.979093822 0.02291287847 0.5
7863 7874 3.422718218 0.05454356057 0.5
7863 7882 3.422718218 0.05454356057 0.5
7863 7884 3.422718218 0.05454356057 0.5
7864 7867 0 0 0.5
7864 7873 3.422718218 0.05454356057 0.5
7864 7883 3.422718218 0.05454356057 0.5
7865 7872 3.398529094 0.05296225071 0.5
7866 7870 0 0 0.5
7867 7868 0 0 0.5
7867 7869 0 0 0.5
7868 7870 0 0 0.5
7869 7870 0 0 0.5
7870 7872 0 0 0.5
7872 7875 3.398529094 0.05296225071 0.5
7872 7880 0 0 0.5
7872 7883 3.422718218 0.05454356057 0.5
7873 7876 3.328062499 0.05454356057 0.5
7873 7878 2.979093822 0.02291287847 0.5
7873 7879 2.979093822 0.02291287847 0.5
7873 7884 3.422718218 0.05454356057 0.5
7874 7877 0 0 0.5
7874 7883 3.422718218 0.05454356057 0.5
7875 7882 3.398529094 0.05296225071 0.5
7876 7880 0 0 0.5
7877 7878 0 0 0.5
7877 7879 0 0 0.5
7878 7880 0 0 0.5
7879 7880 0 0 0.5
7880 7882 0 0 0.5
7882 7885 3.398529094 0.05296225071 0.5
7882 7890 0 0 0.5
7883 7886 3.328062499 0.05454356057 0.5
7883 7888 2.979093822 0.02291287847 0.5
7883 7889 2.979093822 0.02291287847 0.5
7884 7887 0 0 0.5
7886 7890 0 0 0.5
7887 7888 0 0 0.5
7887 7889 0 0 0.5
7888 7890 0 0 0.5
7889 7890 0 0 0.5
7892 7895 3.398529094 0.05296225071 0.5
7892 7900 0 0 0.5
7892 7903 3.422718218 0.05454356057 0.5
7892 7915 3.398529094 0.05296225071 0.5
7892 7920 0 0 0.5
7893 7896 3.328062499 0.05454356057 0.5
7893 7898 2.979093822 0.02291287847 0.5
7893 7899 2.979093822 0.02291287847 0.5
7893 7904 3.422718218 0.05454356057 0.5
7893 7912 3.422718218 0.05454356057 0.5
7893 7914 3.422718218 0.05454356057 0.5
7894 7897 0 0 0.5
7894 7903 3.422718218 0.05454356057 0.5
7894 7913 3.422718218 0.05454356057 0.5
7895 7902 3.398529094 0.05296225071 0.5
7896 7900 0 0 0.5
7897 7898 0 0 0.5
7897 7899 0 0 0.5
7898 7900 0 0 0.5
7899 7900 0 0 0.5
7900 7902 0 0 0.5
7902 7905 3.398529094 0.05296225071 0.5
7902 7910 0 0 0.5
7902 7913 3.422718218 0.05454356057 0.5
7903 7906 3.328062499 0.05454356057 0.5
7903 7908 2.979093822 0.02291287847 0.5
7903 7909 2.979093822 0.02291287847 0.5
7903 7914 3.422718218 0.05454356057 0.5
7904 7907 0 0 0.5
7904 7913 3.422718218 0.05454356057 0.5
7905 7912 3.398529094 0.05296225071 0.5
7906 7910 0 0 0.5
7907 7908 0 0 0.5
7907 7909 0 0 0.5
7908 7910 0 0 0.5
7909 7910 0 0 0.5
7910 7912 0 0 0.5
7912 7915 3.398529094 0.05296225071 0.5
7912 7920 0 0 0.5
7913 7916 3.328062499 0.05454356057 0.5
7913 7918 2.979093822 0.02291287847 0.5
7913 7919 2.979093822 0.02291287847 0.5
7914 7917 0 0 0.5
7916 7920 0 0 0.5
7917 7918 0 0 0.5
7917 7919 0 0 0.5
7918 7920 0 0 0.5
7919 7920 0 0 0.5
7922 7925 3.398529094 0.05296225071 0.5
7922 7930 0 0 0.5
7922 7933 3.422718218 0.05454356057 0.5
7922 7945 3.398529094 0.05296225071 0.5
7922 7950 0 0 0.5
7923 7926 3.328062499 0.05454356057 0.5
7923 7928 2.979093822 0.02291287847 0.5
7923 7929 2.979093822 0.02291287847 0.5
7923 7934 3.422718218 0.05454356057 0.5
7923 7942 3.422718218 0.05454356057 0.5
7923 7944 3.422718218 0.05454356057 0.5
7924 7927 0 0 0.5
7924 7933 3.422718218 0.05454356057 0.5
7924 7943 3.422718218 0.05454356057 0.5
7925 7932 3.398529094 0.05296225071 0.5
7926 7930 0 0 0.5
7927 7928 0 0 0.5
7927 7929 0 0 0.5
7928 7930 0 0 0.5
7929 7930 0 0 0.5
7930 7932 0 0 0.5
7932 7935 3.398529094 0.05296225071 0.5
7932 7940 0 0 0.5
7932 7943 3.422718218 0.05454356057 0.5
7933 7936 3.328062499 0.05454356057 0.5
7933 7938 2.979093822 0.02291287847 0.5
7933 7939 2.979093822 0.02291287847 0.5
7933 7944 3.422718218 0.05454356057 0.5
7934 7937 0 0 0.5
7934 7943 3.422718218 0.05454356057 0.5
7935 7942 3.398529094 0.05296225071 0.5
7936 7940 0 0 0.5
7937 7938 0 0 0.5
7937 7939 0 0 0.5
7938 7940 0 0 0.5
7939 7940 0 0 0.5
7940 7942 0 0 0.5
7942 7945 3.398529094 0.05296225071 0.5
7942 7950 0 0 0.5
7943 7946 3.328062499 0.05454356057 0.5
7943 7948 2.979093822 0.02291287847 0.5
7943 7949 2.979093822 0.02291287847 0.5
7944 7947 0 0 0.5
7946 7950 0 0 0.5
7947 7948 0 0 0.5
7947 7949 0 0 0.5
7948 7950 0 0 0.5
7949 7950 0 0 0.5
7952 7955 3.398529094 0.05296225071 0.5
7952 7960 0 0 0.5
7952 7963 3.422718218 0.05454356057 0.5
7952 7975 3.398529094 0.05296225071 0.5
7952 7980 0 0 0.5
7953 7956 3.328062499 0.05454356057 0.5
7953 7958 2.979093822 0.02291287847 0.5
7953 7959 2.979093822 0.02291287847 0.5
7953 7964 3.422718218 0.05454356057 0.5
7953 7972 3.422718218 0.05454356057 0.5
7953 7974 3.422718218 0.05454356057 0.5
7954 7957 0 0 0.5
7954 7963 3.422718218 0.05454356057 0.5
7954 7973 3.422718218 0.05454356057 0.5
7955 7962 3.398529094 0.05296225071 0.5
7956 7960 0 0 0.5
7957 7958 0 0 0.5
7957 7959 0 0 0.5
7958 7960 0 0 0.5
7959 7960 0 0 0.5
7960 7962 0 0 0.5
7962 7965 3.398529094 0.05296225071 0.5
7962 7970 0 0 0.5
7962 7973 3.422718218 0.05454356057 0.5
7963 7966 3.328062499 0.05454356057 0.5
7963 7968 2.979093822 0.02291287847 0.5
7963 7969 2.979093822 0.02291287847 0.5
7963 7974 3.422718218 0.05454356057 0.5
7964 7967 0 0 0.5
7964 7973 3.422718218 0.05454356057 0.5
7965 7972 3.398529094 0.05296225071 0.5
7966 7970 0 0 0.5
7967 7968 0 0 0.5
7967 7969 0 0 0.5
7968 7970 0 0 0.5
7969 7970 0 0 0.5
7970 7972 0 0 0.5
7972 7975 3.398529094 0.05296225071 0.5
7972 7980 0 0 0.5
7973 7976 3.328062499 0.05454356057 0.5
7973 7978 2.979093822 0.02291287847 0.5
7973 7979 2.979093822 0.02291287847 0.5
7974 7977 0 0 0.5
7976 7980 0 0 0.5
7977 7978 0 0 0.5
7977 7979 0 0 0.5
7978 7980 0 0 0.5
7979 7980 0 0 0.5
7982 7985 3.398529094 0.05296225071 0.5
7982 7990 0 0 0.5
7982 7993 3.422718218 0.05454356057 0.5
7982 8005 3.398529094 0.05296225071 0.5
7982 8010 0 0 0.5
7983 7986 3.328062499 0.05454356057 0.5
7983 7988 2.979093822 0.02291287847 0.5
7983 7989 2.979093822 0.02291287847 0.5
7983 7994 3.422718218 0.05454356057 0.5
7983 8002 3.422718218 0.05454356057 0.5
7983 8004 3.422718218 0.05454356057 0.5
7984 7987 0 0 0.5
7984 7993 3.422718218 0.05454356057 0.5
7984 8003 3.422718218 0.05454356057 0.5
7985 7992 3.398529094 0.05296225071 0.5
7986 7990 0 0 0.5
7987 7988 0 0 0.5
7987 7989 0 0 0.5
7988 7990 0 0 0.5
7989 7990 0 0 0.5
7990 7992 0 0 0.5
7992 7995 3.398529094 0.05296225071 0.5
7992 8000 0 0 0.5
7992 8003 3.422718218 0.05454356057 0.5
7993 7996 3.328062499 0.05454356057 0.5
7993 7998 2.979093822 0.02291287847 0.5
7993 7999 2.979093822 0.02291287847 0.5
7993 8004 3.422718218 0.05454356057 0.5
7994 7997 0 0 0.5
7994 8003 3.422718218 0.05454356057 0.5
7995 8002 3.398529094 0.05296225071 0.5
7996 8000 0 0 0.5
7997 7998 0 0 0.5
7997 7999 0 0 0.5
7998 8000 0 0 0.5
7999 8000 0 0 0.5
8000 8002 0 0 0.5
8002 8005 3.398529094 0.05296225071 0.5
8002 8010 0 0 0.5
8003 8006 3.328062499 0.05454356057 0.5
8003 8008 2.979093822 0.02291287847 0.5
8003 8009 2.979093822 0.02291287847 0.5
8004 8007 0 0 0.5
8006 8010 0 0 0.5
8007 8008 0 0 0.5
8007 8009 0 0 0.5
8008 8010 0 0 0.5
8009 8010 0 0 0.5
8012 8015 3.398529094 0.05296225071 0.5
8012 8020 0 0 0.5
8012 8023 3.422718218 0.05454356057 0.5
8012 8035 3.398529094 0.05296225071 0.5
8012 8040 0 0 0.5
8013 8016 3.328062499 0.05454356057 0.5
8013 8018 2.979093822 0.02291287847 0.5
8013 8019 2.979093822 0.02291287847 0.5
8013 8024 3.422718218 0.05454356057 0.5
8013 8032 3.422718218 0.05454356057 0.5
8013 8034 3.422718218 0.05454356057 0.5
8014 8017 0 0 0.5
8014 8023 3.422718218 0.05454356057 0.5
8014 8033 3.422718218 0.05454356057 0.5
8015 8022 3.398529094 0.05296225071 0.5
8016 8020 0 0 0.5
8017 8018 0 0 0.5
8017 8019 0 0 0.5
8018 8020 0 0 0.5
8019 8020 0 0 0.5
8020 8022 0 0 0.5
8022 8025 3.398529094 0.05296225071 0.5
8022 8030 0 0 0.5
8022 8033 3.422718218 0.05454356057 0.5
8023 8026 3.328062499 0.05454356057 0.5
8023 8028 2.979093822 0.02291287847 0.5
8023 8029 2.979093822 0.02291287847 0.5
8023 8034 3.422718218 0.05454356057 0.5
8024 8027 0 0 0.5
8024 8033 3.422718218 0.05454356057 0.5
8025 8032 3.398529094 0.05296225071 0.5
8026 8030 0 0 0.5
8027 8028 0 0 0.5
8027 8029 0 0 0.5
8028 8030 0 0 0.5
8029 8030 0 0 0.5
8030 8032 0 0 0.5
8032 8035 3.398529094 0.05296225071 0.5
8032 8040 0 0 0.5
8033 8036 3.328062499 0.05454356057 0.5
8033 8038 2.979093822 0.02291287847 0.5
8033 8039 2.979093822 0.02291287847 0.5
8034 8037 0 0 0.5
8036 8040 0 0 0.5
8037 8038 0 0 0.5
8037 8039 0 0 0.5
8038 8040 0 0 0.5
8039 8040 0 0 0.5
8042 8045 3.398529094 0.05296225071 0.5
8042 8050 0 0 0.5
8042 8053 3.422718218 0.05454356057 0.5
8042 8065 3.398529094 0.05296225071 0.5
8042 8070 0 0 0.5
8043 8046 3.328062499 0.05454356057 0.5
8043 8048 2.979093822 0.02291287847 0.5
8043 8049 2.979093822 0.02291287847 0.5
8043 8054 3.422718218 0.05454356057 0.5
8043 8062 3.422718218 0.05454356057 0.5
8043 8064 3.422718218 0.05454356057 0.5
8044 8047 0 0 0.5
8044 8053 3.422718218 0.05454356057 0.5
8044 8063 3.422718218 0.05454356057 0.5
8045 8052 3.398529094 0.05296225071 0.5
8046 8050 0 0 0.5
8047 8048 0 0 0.5
8047 8049 0 0 0.5
8048 8050 0 0 0.5
8049 8050 0 0 0.5
8050 8052 0 0 0.5
8052 8055 3.398529094 0.05296225071 0.5
8052 8060 0 0 0.5
8052 8063 3.422718218 0.05454356057 0.5
8053 8056 3.328062499 0.05454356057 0.5
8053 8058 2.979093822 0.02291287847 0.5
8053 8059 2.979093822 0.02291287847 0.5
8053 8064 3.422718218 0.05454356057 0.5
8054 8057 0 0 0.5
8054 8063 3.422718218 0.05454356057 0.5
8055 8062 3.398529094 0.05296225071 0.5
8056 8060 0 0 0.5
8057 8058 0 0 0.5
8057 8059 0 0 0.5
8058 8060 0 0 0.5
8059 8060 0 0 0.5
8060 8062 0 0 0.5
8062 8065 3.398529094 0.05296225071 0.5
8062 8070 0 0 0.5
8063 8066 3.328062499 0.05454356057 0.5
8063 8068 2.979093822 0.02291287847 0.5
8063 8069 2.979093822 0.02291287847 0.5
8064 8067 0 0 0.5
8066 8070 0 0 0.5
8067 8068 0 0 0.5
8067 8069 0 0 0.5
8068 8070 0 0 0.5
8069 8070 0 0 0.5
8072 8075 3.398529094 0.05296225071 0.5
8072 8080 0 0 0.5
8072 8083 3.422718218 0.05454356057 0.5
8072 8095 3.398529094 0.05296225071 0.5
8072 8100 0 0 0.5
8073 8076 3.328062499 0.05454356057 0.5
8073 8078 2.979093822 0.02291287847 0.5
8073 8079 2.979093822 0.02291287847 0.5
8073 8084 3.422718218 0.05454356057 0.5
8073 8092 3.422718218 0.05454356057 0.5
8073 8094 3.422718218 0.05454356057 0.5
8074 8077 0 0 0.5
8074 8083 3.422718218 0.05454356057 0.5
8074 8093 3.422718218 0.05454356057 0.5
8075 8082 3.398529094 0.05296225071 0.5
8076 8080 0 0 0.5
8077 8078 0 0 0.5
8077 8079 0 0 0.5
8078 8080 0 0 0.5
8079 8080 0 0 0.5
8080 8082 0 0 0.5
8082 8085 3.398529094 0.05296225071 0.5
8082 8090 0 0 0.5
8082 8093 3.422718218 0.05454356057 0.5
8083 8086 3.328062499 0.05454356057 0.5
8083 8088 2.979093822 0.02291287847 0.5
8083 8089 2.979093822 0.02291287847 0.5
8083 8094 3.422718218 0.05454356057 0.5
8084 8087 0 0 0.5
8084 8093 3.422718218 0.05454356057 0.5
8085 8092 3.398529094 0.05296225071 0.5
8086 8090 0 0 0.5
8087 8088 0 0 0.5
8087 8089 0 0 0.5
8088 8090 0 0 0.5
8089 8090 0 0 0.5
8090 8092 0 0 0.5
8092 8095 3.398529094 0.05296225071 0.5
8092 8100 0 0 0.5
8093 8096 3.328062499 0.05454356057 0.5
8093 8098 2.979093822 0.02291287847 0.5
8093 8099 2.979093822 0.02291287847 0.5
8094 8097 0 0 0.5
8096 8100 0 0 0.5
8097 8098 0 0 0.5
8097 8099 0 0 0.5
8098 8100 0 0 0.5
8099 8100 0 0 0.5
8102 8105 3.398529094 0.05296225071 0.5
8102 8110 0 0 0.5
8102 8113 3.422718218 0.05454356057 0.5
8102 8125 3.398529094 0.05296225071 0.5
8102 8130 0 0 0.5
8103 8106 3.328062499 0.05454356057 0.5
8103 8108 2.979093822 0.02291287847 0.5
8103 8109 2.979093822 0.02291287847 0.5
8103 8114 3.422718218 0.05454356057 0.5
8103 8122 3.422718218 0.05454356057 0.5
8103 8124 3.422718218 0.05454356057 0.5
8104 8107 0 0 0.5
8104 8113 3.422718218 0.05454356057 0.5
8104 8123 3.422718218 0.05454356057 0.5
8105 8112 3.398529094 0.05296225071 0.5
8106 8110 0 0 0.5
8107 8108 0 0 0.5
8107 8109 0 0 0.5
8108 8110 0 0 0.5
8109 8110 0 0 0.5
8110 8112 0 0 0.5
8112 8115 3.398529094 0.05296225071 0.5
8112 8120 0 0 0.5
8112 8123 3.422718218 0.05454356057 0.5
8113 8116 3.328062499 0.05454356057 0.5
8113 8118 2.979093822 0.02291287847 0.5
8113 8119 2.979093822 0.02291287847 0.5
8113 8124 3.422718218 0.05454356057 0.5
8114 8117 0 0 0.5
8114 8123 3.422718218 0.05454356057 0.5
8115 8122 3.398529094 0.05296225071 0.5
8116 8120 0 0 0.5
8117 8118 0 0 0.5
8117 8119 0 0 0.5
8118 8120 0 0 0.5
8119 8120 0 0 0.5
8120 8122 0 0 0.5
8122 8125 3.398529094 0.05296225071 0.5
8122 8130 0 0 0.5
8123 8126 3.328062499 0.05454356057 0.5
8123 8128 2.979093822 0.02291287847 0.5
8123 8129 2.979093822 0.02291287847 0.5
8124 8127 0 0 0.5
8126 8130 0 0 0.5
8127 8128 0 0 0.5
8127 8129 0 0 0.5
8128 8130 0 0 0.5
8129 8130 0 0 0.5
8132 8135 3.398529094 0.05296225071 0.5
8132 8140 0 0 0.5
8132 8143 3.422718218 0.05454356057 0.5
8132 8155 3.398529094 0.05296225071 0.5
8132 8160 0 0 0.5
8133 8136 3.328062499 0.05454356057 0.5
8133 8138 2.979093822 0.02291287847 0.5
8133 8139 2.979093822 0.02291287847 0.5
8133 8144 3.422718218 0.05454356057 0.5
8133 8152 3.422718218 0.05454356057 0.5
8133 8154 3.422718218 0.05454356057 0.5
8134 8137 0 0 0.5
8134 8143 3.422718218 0.05454356057 0.5
8134 8153 3.422718218 0.05454356057 0.5
8135 8142 3.398529094 0.05296225071 0.5
8136 8140 0 0 0.5
8137 8138 0 0 0.5
8137 8139 0 0 0.5
8138 8140 0 0 0.5
8139 8140 0 0 0.5
8140 8142 0 0 0.5
8142 8145 3.398529094 0.05296225071 0.5
8142 8150 0 0 0.5
8142 8153 3.422718218 0.05454356057 0.5
8143 8146 3.328062499 0.05454356057 0.5
8143 8148 2.979093822 0.02291287847 0.5
8143 8149 2.979093822 0.02291287847 0.5
8143 8154 3.422718218 0.05454356057 0.5
8144 8147 0 0 0.5
8144 8153 3.422718218 0.05454356057 0.5
8145 8152 3.398529094 0.05296225071 0.5
8146 8150 0 0 0.5
8147 8148 0 0 0.5
8147 8149 0 0 0.5
8148 8150 0 0 0.5
8149 8150 0 0 0.5
8150 8152 0 0 0.5
8152 8155 3.398529094 0.05296225071 0.5
8152 8160 0 0 0.5
8153 8156 3.328062499 0.05454356057 0.5
8153 8158 2.979093822 0.02291287847 0.5
8153 8159 2.979093822 0.02291287847 0.5
8154 8157 0 0 0.5
8156 8160 0 0 0.5
8157 8158 0 0 0.5
8157 8159 0 0 0.5
8158 8160 0 0 0.5
8159 8160 0 0 0.5
8162 8165 3.398529094 0.05296225071 0.5
8162 8170 0 0 0.5
8162 8173 3.422718218 0.05454356057 0.5
8162 8185 3.398529094 0.05296225071 0.5
8162 8190 0 0 0.5
8163 8166 3.328062499 0.05454356057 0.5
8163 8168 2.979093822 0.02291287847 0.5
8163 8169 2.979093822 0.02291287847 0.5
8163 8174 3.422718218 0.05454356057 0.5
8163 8182 3.422718218 0.05454356057 0.5
8163 8184 3.422718218 0.05454356057 0.5
8164 8167 0 0 0.5
8164 8173 3.422718218 0.05454356057 0.5
8164 8183 3.422718218 0.05454356057 0.5
8165 8172 3.398529094 0.05296225071 0.5
8166 8170 0 0 0.5
8167 8168 0 0 0.5
8167 8169 0 0 0.5
8168 8170 0 0 0.5
8169 8170 0 0 0.5
8170 8172 0 0 0.5
8172 8175 3.398529094 0.05296225071 0.5
8172 8180 0 0 0.5
8172 8183 3.422718218 0.05454356057 0.5
8173 8176 3.328062499 0.05454356057 0.5
8173 8178 2.979093822 0.02291287847 0.5
8173 8179 2.979093822 0.02291287847 0.5
8173 8184 3.422718218 0.05454356057 0.5
8174 8177 0 0 0.5
8174 8183 3.422718218 0.05454356057 0.5
8175 8182 3.398529094 0.05296225071 0.5
8176 8180 0 0 0.5
8177 8178 0 0 0.5
8177 8179 0 0 0.5
8178 8180 0 0 0.5
8179 8180 0 0 0.5
8180 8182 0 0 0.5
8182 8185 3.398529094 0.05296225071 0.5
8182 8190 0 0 0.5
8183 8186 3.328062499 0.05454356057 0.5
8183 8188 2.979093822 0.02291287847 0.5
8183 8189 2.979093822 0.02291287847 0.5
8184 8187 0 0 0.5
8186 8190 0 0 0.5
8187 8188 0 0 0.5
8187 8189 0 0 0.5
8188 8190 0 0 0.5
8189 8190 0 0 0.5
8192 8195 3.398529094 0.05296225071 0.5
8192 8200 0 0 0.5
8192 8203 3.422718218 0.05454356057 0.5
8192 8215 3.398529094 0.05296225071 0.5
8192 8220 0 0 0.5
8193 8196 3.328062499 0.05454356057 0.5
8193 8198 2.979093822 0.02291287847 0.5
8193 8199 2.979093822 0.02291287847 0.5
8193 8204 3.422718218 0.05454356057 0.5
8193 8212 3.422718218 0.05454356057 0.5
8193 8214 3.422718218 0.05454356057 0.5
8194 8197 0 0 0.5
8194 8203 3.422718218 0.05454356057 0.5
8194 8213 3.422718218 0.05454356057 0.5
8195 8202 3.398529094 0.05296225071 0.5
8196 8200 0 0 0.5
8197 8198 0 0 0.5
8197 8199 0 0 0.5
8198 8200 0 0 0.5
8199 8200 0 0 0.5
8200 8202 0 0 0.5
8202 8205 3.398529094 0.05296225071 0.5
8202 8210 0 0 0.5
8202 8213 3.422718218 0.05454356057 0.5
8203 8206 3.328062499 0.05454356057 0.5
8203 8208 2.979093822 0.02291287847 0.5
8203 8209 2.979093822 0.02291287847 0.5
8203 8214 3.422718218 0.05454356057 0.5
8204 8207 0 0 0.5
8204 8213 3.422718218 0.05454356057 0.5
8205 8212 3.398529094 0.05296225071 0.5
8206 8210 0 0 0.5
8207 8208 0 0 0.5
8207 8209 0 0 0.5
8208 8210 0 0 0.5
8209 8210 0 0 0.5
8210 8212 0 0 0.5
8212 8215 3.398529094 0.05296225071 0.5
8212 8220 0 0 0.5
8213 8216 3.328062499 0.05454356057 0.5
8213 8218 2.979093822 0.02291287847 0.5
8213 8219 2.979093822 0.02291287847 0.5
8214 8217 0 0 0.5
8216 8220 0 0 0.5
8217 8218 0 0 0.5
8217 8219 0 0 0.5
8218 8220 0 0 0.5
8219 8220 0 0 0.5
8222 8225 3.398529094 0.05296225071 0.5
8222 8230 0 0 0.5
8222 8233 3.422718218 0.05454356057 0.5
8222 8245 3.398529094 0.05296225071 0.5
8222 8250 0 0 0.5
8223 8226 3.328062499 0.05454356057 0.5
8223 8228 2.979093822 0.02291287847 0.5
8223 8229 2.979093822 0.02291287847 0.5
8223 8234 3.422718218 0.05454356057 0.5
8223 8242 3.422718218 0.05454356057 0.5
8223 8244 3.422718218 0.05454356057 0.5
8224 8227 0 0 0.5
8224 8233 3.422718218 0.05454356057 0.5
8224 8243 3.422718218 0.05454356057 0.5
8225 8232 3.398529094 0.05296225071 0.5
8226 8230 0 0 0.5
8227 8228 0 0 0.5
8227 8229 0 0 0.5
8228 8230 0 0 0.5
8229 8230 0 0 0.5
8230 8232 0 0 0.5
8232 8235 3.398529094 0.05296225071 0.5
8232 8240 0 0 0.5
8232 8243 3.422718218 0.05454356057 0.5
8233 8236 3.328062499 0.05454356057 0.5
8233 8238 2.979093822 0.02291287847 0.5
8233 8239 2.979093822 0.02291287847 0.5
8233 8244 3.422718218 0.05454356057 0.5
8234 8237 0 0 0.5
8234 8243 3.422718218 0.05454356057 0.5
8235 8242 3.398529094 0.05296225071 0.5
8236 8240 0 0 0.5
8237 8238 0 0 0.5
8237 8239 0 0 0.5
8238 8240 0 0 0.5
8239 8240 0 0 0.5
8240 8242 0 0 0.5
8242 8245 3.398529094 0.05296225071 0.5
8242 8250 0 0 0.5
8243 8246 3.328062499 0.05454356057 0.5
8243 8248 2.979093822 0.02291287847 0.5
8243 8249 2.979093822 0.02291287847 0.5
8244 8247 0 0 0.5
8246 8250 0 0 0.5
8247 8248 0 0 0.5
8247 8249 0 0 0.5
8248 8250 0 0 0.5
8249 8250 0 0 0.5
8252 8255 3.398529094 0.05296225071 0.5
8252 8260 0 0 0.5
8252 8263 3.422718218 0.05454356057 0.5
8252 8275 3.398529094 0.05296225071 0.5
8252 8280 0 0 0.5
8253 8256 3.328062499 0.05454356057 0.5
8253 8258 2.979093822 0.02291287847 0.5
8253 8259 2.979093822 0.02291287847 0.5
8253 8264 3.422718218 0.05454356057 0.5
8253 8272 3.422718218 0.05454356057 0.5
8253 8274 3.422718218 0.05454356057 0.5
8254 8257 0 0 0.5
8254 8263 3.422718218 0.05454356057 0.5
8254 8273 3.422718218 0.05454356057 0.5
8255 8262 3.398529094 0.05296225071 0.5
8256 8260 0 0 0.5
8257 8258 0 0 0.5
8257 8259 0 0 0.5
8258 8260 0 0 0.5
8259 8260 0 0 0.5
8260 8262 0 0 0.5
8262 8265 3.398529094 0.05296225071 0.5
8262 8270 0 0 0.5
8262 8273 3.422718218 0.05454356057 0.5
8263 8266 3.328062499 0.05454356057 0.5
8263 8268 2.979093822 0.02291287847 0.5
8263 8269 2.979093822 0.02291287847 0.5
8263 8274 3.422718218 0.05454356057 0.5
8264 8267 0 0 0.5
8264 8273 3.422718218 0.05454356057 0.5
8265 8272 3.398529094 0.05296225071 0.5
8266 8270 0 0 0.5
8267 8268 0 0 0.5
8267 8269 0 0 0.5
8268 8270 0 0 0.5
8269 8270 0 0 0.5
8270 8272 0 0 0.5
8272 8275 3.398529094 0.05296225071 0.5
8272 8280 0 0 0.5
8273 8276 3.328062499 0.05454356057 0.5
8273 8278 2.979093822 0.02291287847 0.5
8273 8279 2.979093822 0.02291287847 0.5
8274 8277 0 0 0.5
8276 8280 0 0 0.5
8277 8278 0 0 0.5
8277 8279 0 0 0.5
8278 8280 0 0 0.5
8279 8280 0 0 0.5
8282 8285 3.398529094 0.05296225071 0.5
8282 8290 0 0 0.5
8282 8293 3.422718218 0.05454356057 0.5
8282 8305 3.398529094 0.05296225071 0.5
8282 8310 0 0 0.5
8283 8286 3.328062499 0.05454356057 0.5
8283 8288 2.979093822 0.02291287847 0.5
8283 8289 2.979093822 0.02291287847 0.5
8283 8294 3.422718218 0.05454356057 0.5
8283 8302 3.422718218 0.05454356057 0.5
8283 8304 3.422718218 0.05454356057 0.5
8284 8287 0 0 0.5
8284 8293 3.422718218 0.05454356057 0.5
8284 8303 3.422718218 0.05454356057 0.5
8285 8292 3.398529094 0.05296225071 0.5
8286 8290 0 0 0.5
8287 8288 0 0 0.5
8287 8289 0 0 0.5
8288 8290 0 0 0.5
8289 8290 0 0 0.5
8290 8292 0 0 0.5
8292 8295 3.398529094 0.05296225071 0.5
8292 8300 0 0 0.5
8292 8303 3.422718218 0.05454356057 0.5
8293 8296 3.328062499 0.05454356057 0.5
8293 8298 2.979093822 0.02291287847 0.5
8293 8299 2.979093822 0.02291287847 0.5
8293 8304 3.422718218 0.05454356057 0.5
8294 8297 0 0 0.5
8294 8303 3.422718218 0.05454356057 0.5
8295 8302 3.398529094 0.05296225071 0.5
8296 8300 0 0 0.5
8297 8298 0 0 0.5
8297 8299 0 0 0.5
8298 8300 0 0 0.5
8299 8300 0 0 0.5
8300 8302 0 0 0.5
8302 8305 3.398529094 0.05296225071 0.5
8302 8310 0 0 0.5
8303 8306 3.328062499 0.05454356057 0.5
8303 8308 2.979093822 0.02291287847 0.5
8303 8309 2.979093822 0.02291287847 0.5
8304 8307 0 0 0.5
8306 8310 0 0 0.5
8307 8308 0 0 0.5
8307 8309 0 0 0.5
8308 8310 0 0 0.5
8309 8310 0 0 0.5
8312 8315 3.398529094 0.05296225071 0.5
8312 8320 0 0 0.5
8312 8323 3.422718218 0.05454356057 0.5
8312 8335 3.398529094 0.05296225071 0.5
8312 8340 0 0 0.5
8313 8316 3.328062499 0.05454356057 0.5
8313 8318 2.979093822 0.02291287847 0.5
8313 8319 2.979093822 0.02291287847 0.5
8313 8324 3.422718218 0.05454356057 0.5
8313 8332 3.422718218 0.05454356057 0.5
8313 8334 3.422718218 0.05454356057 0.5
8314 8317 0 0 0.5
8314 8323 3.422718218 0.05454356057 0.5
8314 8333 3.422718218 0.05454356057 0.5
8315 8322 3.398529094 0.05296225071 0.5
8316 8320 0 0 0.5
8317 8318 0 0 0.5
8317 8319 0 0 0.5
8318 8320 0 0 0.5
8319 8320 0 0 0.5
8320 8322 0 0 0.5
8322 8325 3.398529094 0.05296225071 0.5
8322 8330 0 0 0.5
8322 8333 3.422718218 0.05454356057 0.5
8323 8326 3.328062499 0.05454356057 0.5
8323 8328 2.979093822 0.02291287847 0.5
8323 8329 2.979093822 0.02291287847 0.5
8323 8334 3.422718218 0.05454356057 0.5
8324 8327 0 0 0.5
8324 8333 3.422718218 0.05454356057 0.5
8325 8332 3.398529094 0.05296225071 0.5
8326 8330 0 0 0.5
8327 8328 0 0 0.5
8327 8329 0 0 0.5
8328 8330 0 0 0.5
8329 8330 0 0 0.5
8330 8332 0 0 0.5
8332 8335 3.398529094 0.05296225071 0.5
8332 8340 0 0 0.5
8333 8336 3.328062499 0.05454356057 0.5
8333 8338 2.979093822 0.02291287847 0.5
8333 8339 2.979093822 0.02291287847 0.5
8334 8337 0 0 0.5
8336 8340 0 0 0.5
8337 8338 0 0 0.5
8337 8339 0 0 0.5
8338 8340 0 0 0.5
8339 8340 0 0 0.5
8342 8345 3.398529094 0.05296225071 0.5
8342 8350 0 0 0.5
8342 8353 3.422718218 0.05454356057 0.5
8342 8365 3.398529094 0.05296225071 0.5
8342 8370 0 0 0.5
8343 8346 3.328062499 0.05454356057 0.5
8343 8348 2.979093822 0.02291287847 0.5
8343 8349 2.979093822 0.02291287847 0.5
8343 8354 3.422718218 0.05454356057 0.5
8343 8362 3.422718218 0.05454356057 0.5
8343 8364 3.422718218 0.05454356057 0.5
8344 8347 0 0 0.5
8344 8353 3.422718218 0.05454356057 0.5
8344 8363 3.422718218 0.05454356057 0.5
8345 8352 3.398529094 0.05296225071 0.5
8346 8350 0 0 0.5
8347 8348 0 0 0.5
8347 8349 0 0 0.5
8348 8350 0 0 0.5
8349 8350 0 0 0.5
8350 8352 0 0 0.5
8352 8355 3.398529094 0.05296225071 0.5
8352 8360 0 0 0.5
8352 8363 3.422718218 0.05454356057 0.5
8353 8356 3.328062499 0.05454356057 0.5
8353 8358 2.979093822 0.02291287847 0.5
8353 8359 2.979093822 0.02291287847 0.5
8353 8364 3.422718218 0.05454356057 0.5
8354 8357 0 0 0.5
8354 8363 3.422718218 0.05454356057 0.5
8355 8362 3.398529094 0.05296225071 0.5
8356 8360 0 0 0.5
8357 8358 0 0 0.5
8357 8359 0 0 0.5
8358 8360 0 0 0.5
8359 8360 0 0 0.5
8360 8362 0 0 0.5
8362 8365 3.398529094 0.05296225071 0.5
8362 8370 0 0 0.5
8363 8366 3.328062499 0.05454356057 0.5
8363 8368 2.979093822 0.02291287847 0.5
8363 8369 2.979093822 0.02291287847 0.5
8364 8367 0 0 0.5
8366 8370 0 0 0.5
8367 8368 0 0 0.5
8367 8369 0 0 0.5
8368 8370 0 0 0.5
8369 8370 0 0 0.5
8372 8375 3.398529094 0.05296225071 0.5
8372 8380 0 0 0.5
8372 8383 3.422718218 0.05454356057 0.5
8372 8395 3.398529094 0.05296225071 0.5
8372 8400 0 0 0.5
8373 8376 3.328062499 0.05454356057 0.5
8373 8378 2.979093822 0.02291287847 0.5
8373 8379 2.979093822 0.02291287847 0.5
8373 8384 3.422718218 0.05454356057 0.5
8373 8392 3.422718218 0.05454356057 0.5
8373 8394 3.422718218 0.05454356057 0.5
8374 8377 0 0 0.5
8374 8383 3.422718218 0.05454356057 0.5
8374 8393 3.422718218 0.05454356057 0.5
8375 8382 3.398529094 0.05296225071 0.5
8376 8380 0 0 0.5
8377 8378 0 0 0.5
8377 8379 0 0 0.5
8378 8380 0 0 0.5
8379 8380 0 0 0.5
8380 8382 0 0 0.5
8382 8385 3.398529094 0.05296225071 0.5
8382 8390 0 0 0.5
8382 8393 3.422718218 0.05454356057 0.5
8383 8386 3.328062499 0.05454356057 0.5
8383 8388 2.979093822 0.02291287847 0.5
8383 8389 2.979093822 0.02291287847 0.5
8383 8394 3.422718218 0.05454356057 0.5
8384 8387 0 0 0.5
8384 8393 3.422718218 0.05454356057 0.5
8385 8392 3.398529094 0.05296225071 0.5
8386 8390 0 0 0.5
8387 8388 0 0 0.5
8387 8389 0 0 0.5
8388 8390 0 0 0.5
8389 8390 0 0 0.5
8390 8392 0 0 0.5
8392 8395 3.398529094 0.05296225071 0.5
8392 8400 0 0 0.5
8393 8396 3.328062499 0.05454356057 0.5
8393 8398 2.979093822 0.02291287847 0.5
8393 8399 2.979093822 0.02291287847 0.5
8394 8397 0 0 0.5
8396 8400 0 0 0.5
8397 8398 0 0 0.5
8397 8399 0 0 0.5
8398 8400 0 0 0.5
8399 8400 0 0 0.5
8402 8405 3.398529094 0.05296225071 0.5
8402 8410 0 0 0.5
8402 8413 3.422718218 0.05454356057 0.5
8402 8425 3.398529094 0.05296225071 0.5
8402 8430 0 0 0.5
8403 8406 3.328062499 0.05454356057 0.5
8403 8408 2.979093822 0.02291287847 0.5
8403 8409 2.979093822 0.02291287847 0.5
8403 8414 3.422718218 0.05454356057 0.5
8403 8422 3.422718218 0.05454356057 0.5
8403 8424 3.422718218 0.05454356057 0.5
8404 8407 0 0 0.5
8404 8413 3.422718218 0.05454356057 0.5
8404 8423 3.422718218 0.05454356057 0.5
8405 8412 3.398529094 0.05296225071 0.5
8406 8410 0 0 0.5
8407 8408 0 0 0.5
8407 8409 0 0 0.5
8408 8410 0 0 0.5
8409 8410 0 0 0.5
8410 8412 0 0 0.5
8412 8415 3.398529094 0.05296225071 0.5
8412 8420 0 0 0.5
8412 8423 3.422718218 0.05454356057 0.5
8413 8416 3.328062499 0.05454356057 0.5
8413 8418 2.979093822 0.02291287847 0.5
8413 8419 2.979093822 0.02291287847 0.5
8413 8424 3.422718218 0.05454356057 0.5
8414 8417 0 0 0.5
8414 8423 3.422718218 0.05454356057 0.5
8415 8422 3.398529094 0.05296225071 0.5
8416 8420 0 0 0.5
8417 8418 0 0 0.5
8417 8419 0 0 0.5
8418 8420 0 0 0.5
8419 8420 0 0 0.5
8420 8422 0 0 0.5
8422 8425 3.398529094 0.05296225071 0.5
8422 8430 0 0 0.5
8423 8426 3.328062499 0.05454356057 0.5
8423 8428 2.979093822 0.02291287847 0.5
8423 8429 2.979093822 0.02291287847 0.5
8424 8427 0 0 0.5
8426 8430 0 0 0.5
8427 8428 0 0 0.5
8427 8429 0 0 0.5
8428 8430 0 0 0.5
8429 8430 0 0 0.5
8432 8435 3.398529094 0.05296225071 0.5
8432 8440 0 0 0.5
8432 8443 3.422718218 0.05454356057 0.5
8432 8455 3.398529094 0.05296225071 0.5
8432 8460 0 0 0.5
8433 8436 3.328062499 0.05454356057 0.5
8433 8438 2.979093822 0.02291287847 0.5
8433 8439 2.979093822 0.02291287847 0.5
8433 8444 3.422718218 0.05454356057 0.5
8433 8452 3.422718218 0.05454356057 0.5
8433 8454 3.422718218 0.05454356057 0.5
8434 8437 0 0 0.5
8434 8443 3.422718218 0.05454356057 0.5
8434 8453 3.422718218 0.05454356057 0.5
8435 8442 3.398529094 0.05296225071 0.5
8436 8440 0 0 0.5
8437 8438 0 0 0.5
8437 8439 0 0 0.5
8438 8440 0 0 0.5
8439 8440 0 0 0.5
8440 8442 0 0 0.5
8442 8445 3.398529094 0.05296225071 0.5
8442 8450 0 0 0.5
8442 8453 3.422718218 0.05454356057 0.5
8443 8446 3.328062499 0.05454356057 0.5
8443 8448 2.979093822 0.02291287847 0.5
8443 8449 2.979093822 0.02291287847 0.5
8443 8454 3.422718218 0.05454356057 0.5
8444 8447 0 0 0.5
8444 8453 3.422718218 0.05454356057 0.5
8445 8452 3.398529094 0.05296225071 0.5
8446 8450 0 0 0.5
8447 8448 0 0 0.5
8447 8449 0 0 0.5
8448 8450 0 0 0.5
8449 8450 0 0 0.5
8450 8452 0 0 0.5
8452 8455 3.398529094 0.05296225071 0.5
8452 8460 0 0 0.5
8453 8456 3.328062499 0.05454356057 0.5
8453 8458 2.979093822 0.02291287847 0.5
8453 8459 2.979093822 0.02291287847 0.5
8454 8457 0 0 0.5
8456 8460 0 0 0.5
8457 8458 0 0 0.5
8457 8459 0 0 0.5
8458 8460 0 0 0.5
8459 8460 0 0 0.5
8462 8465 3.398529094 0.05296225071 0.5
8462 8470 0 0 0.5
8462 8473 3.422718218 0.05454356057 0.5
8462 8485 3.398529094 0.05296225071 0.5
8462 8490 0 0 0.5
8463 8466 3.328062499 0.05454356057 0.5
8463 8468 2.979093822 0.02291287847 0.5
8463 8469 2.979093822 0.02291287847 0.5
8463 8474 3.422718218 0.05454356057 0.5
8463 8482 3.422718218 0.05454356057 0.5
8463 8484 3.422718218 0.05454356057 0.5
8464 8467 0 0 0.5
8464 8473 3.422718218 0.05454356057 0.5
8464 8483 3.422718218 0.05454356057 0.5
8465 8472 3.398529094 0.05296225071 0.5
8466 8470 0 0 0.5
8467 8468 0 0 0.5
8467 8469 0 0 0.5
8468 8470 0 0 0.5
8469 8470 0 0 0.5
8470 8472 0 0 0.5
8472 8475 3.398529094 0.05296225071 0.5
8472 8480 0 0 0.5
8472 8483 3.422718218 0.05454356057 0.5
8473 8476 3.328062499 0.05454356057 0.5
8473 8478 2.979093822 0.02291287847 0.5
8473 8479 2.979093822 0.02291287847 0.5
8473 8484 3.422718218 0.05454356057 0.5
8474 8477 0 0 0.5
8474 8483 3.422718218 0.05454356057 0.5
8475 8482 3.398529094 0.05296225071 0.5
8476 8480 0 0 0.5
8477 8478 0 0 0.5
8477 8479 0 0 0.5
8478 8480 0 0 0.5
8479 8480 0 0 0.5
8480 8482 0 0 0.5
8482 8485 3.398529094 0.05296225071 0.5
8482 8490 0 0 0.5
8483 8486 3.328062499 0.05454356057 0.5
8483 8488 2.979093822 0.02291287847 0.5
8483 8489 2.979093822 0.02291287847 0.5
8484 8487 0 0 0.5
8486 8490 0 0 0.5
8487 8488 0 0 0.5
8487 8489 0 0 0.5
8488 8490 0 0 0.5
8489 8490 0 0 0.5
8492 8495 3.398529094 0.05296225071 0.5
8492 8500 0 0 0.5
8492 8503 3.422718218 0.05454356057 0.5
8492 8515 3.398529094 0.05296225071 0.5
8492 8520 0 0 0.5
8493 8496 3.328062499 0.05454356057 0.5
8493 8498 2.979093822 0.02291287847 0.5
8493 8499 2.979093822 0.02291287847 0.5
8493 8504 3.422718218 0.05454356057 0.5
8493 8512 3.422718218 0.05454356057 0.5
8493 8514 3.422718218 0.05454356057 0.5
8494 8497 0 0 0.5
8494 8503 3.422718218 0.05454356057 0.5
8494 8513 3.422718218 0.05454356057 0.5
8495 8502 3.398529094 0.05296225071 0.5
8496 8500 0 0 0.5
8497 8498 0 0 0.5
8497 8499 0 0 0.5
8498 8500 0 0 0.5
8499 8500 0 0 0.5
8500 8502 0 0 0.5
8502 8505 3.398529094 0.05296225071 0.5
8502 8510 0 0 0.5
8502 8513 3.422718218 0.05454356057 0.5
8503 8506 3.328062499 0.05454356057 0.5
8503 8508 2.979093822 0.02291287847 0.5
8503 8509 2.979093822 0.02291287847 0.5
8503 8514 3.422718218 0.05454356057 0.5
8504 8507 0 0 0.5
8504 8513 3.422718218 0.05454356057 0.5
8505 8512 3.398529094 0.05296225071 0.5
8506 8510 0 0 0.5
8507 8508 0 0 0.5
8507 8509 0 0 0.5
8508 8510 0 0 0.5
8509 8510 0 0 0.5
8510 8512 0 0 0.5
8512 8515 3.398529094 0.05296225071 0.5
8512 8520 0 0 0.5
8513 8516 3.328062499 0.05454356057 0.5
8513 8518 2.979093822 0.02291287847 0.5
8513 8519 2.979093822 0.02291287847 0.5
8514 8517 0 0 0.5
8516 8520 0 0 0.5
8517 8518 0 0 0.5
8517 8519 0 0 0.5
8518 8520 0 0 0.5
8519 8520 0 0 0.5
8522 8525 3.398529094 0.05296225071 0.5
8522 8530 0 0 0.5
8522 8533 3.422718218 0.05454356057 0.5
8522 8545 3.398529094 0.05296225071 0.5
8522 8550 0 0 0.5
8523 8526 3.328062499 0.05454356057 0.5
8523 8528 2.979093822 0.02291287847 0.5
8523 8529 2.979093822 0.02291287847 0.5
8523 8534 3.422718218 0.05454356057 0.5
8523 8542 3.422718218 0.05454356057 0.5
8523 8544 3.422718218 0.05454356057 0.5
8524 8527 0 0 0.5
8524 8533 3.422718218 0.05454356057 0.5
8524 8543 3.422718218 0.05454356057 0.5
8525 8532 3.398529094 0.05296225071 0.5
8526 8530 0 0 0.5
8527 8528 0 0 0.5
8527 8529 0 0 0.5
8528 8530 0 0 0.5
8529 8530 0 0 0.5
8530 8532 0 0 0.5
8532 8535 3.398529094 0.05296225071 0.5
8532 8540 0 0 0.5
8532 8543 3.422718218 0.05454356057 0.5
8533 8536 3.328062499 0.05454356057 0.5
8533 8538 2.979093822 0.02291287847 0.5
8533 8539 2.979093822 0.02291287847 0.5
8533 8544 3.422718218 0.05454356057 0.5
8534 8537 0 0 0.5
8534 8543 3.422718218 0.05454356057 0.5
8535 8542 3.398529094 0.05296225071 0.5
8536 8540 0 0 0.5
8537 8538 0 0 0.5
8537 8539 0 0 0.5
8538 8540 0 0 0.5
8539 8540 0 0 0.5
8540 8542 0 0 0.5
8542 8545 3.398529094 0.05296225071 0.5
8542 8550 0 0 0.5
8543 8546 3.328062499 0.05454356057 0.5
8543 8548 2.979093822 0.02291287847 0.5
8543 8549 2.979093822 0.02291287847 0.5
8544 8547 0 0 0.5
8546 8550 0 0 0.5
8547 8548 0 0 0.5
8547 8549 0 0 0.5
8548 8550 0 0 0.5
8549 8550 0 0 0.5
8552 8555 3.398529094 0.05296225071 0.5
8552 8560 0 0 0.5
8552 8563 3.422718218 0.05454356057 0.5
8552 8575 3.398529094 0.05296225071 0.5
8552 8580 0 0 0.5
8553 8556 3.328062499 0.05454356057 0.5
8553 8558 2.979093822 0.02291287847 0.5
8553 8559 2.979093822 0.02291287847 0.5
8553 8564 3.422718218 0.05454356057 0.5
8553 8572 3.422718218 0.05454356057 0.5
8553 8574 3.422718218 0.05454356057 0.5
8554 8557 0 0 0.5
8554 8563 3.422718218 0.05454356057 0.5
8554 8573 3.422718218 0.05454356057 0.5
8555 8562 3.398529094 0.05296225071 0.5
8556 8560 0 0 0.5
8557 8558 0 0 0.5
8557 8559 0 0 0.5
8558 8560 0 0 0.5
8559 8560 0 0 0.5
8560 8562 0 0 0.5
8562 8565 3.398529094 0.05296225071 0.5
8562 8570 0 0 0.5
8562 8573 3.422718218 0.05454356057 0.5
8563 8566 3.328062499 0.05454356057 0.5
8563 8568 2.979093822 0.02291287847 0.5
8563 8569 2.979093822 0.02291287847 0.5
8563 8574 3.422718218 0.05454356057 0.5
8564 8567 0 0 0.5
8564 8573 3.422718218 0.05454356057 0.5
8565 8572 3.398529094 0.05296225071 0.5
8566 8570 0 0 0.5
8567 8568 0 0 0.5
8567 8569 0 0 0.5
8568 8570 0 0 0.5
8569 8570 0 0 0.5
8570 8572 0 0 0.5
8572 8575 3.398529094 0.05296225071 0.5
8572 8580 0 0 0.5
8573 8576 3.328062499 0.05454356057 0.5
8573 8578 2.979093822 0.02291287847 0.5
8573 8579 2.979093822 0.02291287847 0.5
8574 8577 0 0 0.5
8576 8580 0 0 0.5
8577 8578 0 0 0.5
8577 8579 0 0 0.5
8578 8580 0 0 0.5
8579 8580 0 0 0.5
8582 8585 3.398529094 0.05296225071 0.5
8582 8590 0 0 0.5
8582 8593 3.422718218 0.05454356057 0.5
8582 8605 3.398529094 0.05296225071 0.5
8582 8610 0 0 0.5
8583 8586 3.328062499 0.05454356057 0.5
8583 8588 2.979093822 0.02291287847 0.5
8583 8589 2.979093822 0.02291287847 0.5
8583 8594 3.422718218 0.05454356057 0.5
8583 8602 3.422718218 0.05454356057 0.5
8583 8604 3.422718218 0.05454356057 0.5
8584 8587 0 0 0.5
8584 8593 3.422718218 0.05454356057 0.5
8584 8603 3.422718218 0.05454356057 0.5
8585 8592 3.398529094 0.05296225071 0.5
8586 8590 0 0 0.5
8587 8588 0 0 0.5
8587 8589 0 0 0.5
8588 8590 0 0 0.5
8589 8590 0 0 0.5
8590 8592 0 0 0.5
8592 8595 3.398529094 0.05296225071 0.5
8592 8600 0 0 0.5
8592 8603 3.422718218 0.05454356057 0.5
8593 8596 3.328062499 0.05454356057 0.5
8593 8598 2.979093822 0.02291287847 0.5
8593 8599 2.979093822 0.02291287847 0.5
8593 8604 3.422718218 0.05454356057 0.5
8594 8597 0 0 0.5
8594 8603 3.422718218 0.05454356057 0.5
8595 8602 3.398529094 0.05296225071 0.5
8596 8600 0 0 0.5
8597 8598 0 0 0.5
8597 8599 0 0 0.5
8598 8600 0 0 0.5
8599 8600 0 0 0.5
8600 8602 0 0 0.5
8602 8605 3.398529094 0.05296225071 0.5
8602 8610 0 0 0.5
8603 8606 3.328062499 0.05454356057 0.5
8603 8608 2.979093822 0.02291287847 0.5
8603 8609 2.979093822 0.02291287847 0.5
8604 8607 0 0 0.5
8606 8610 0 0 0.5
8607 8608 0 0 0.5
8607 8609 0 0 0.5
8608 8610 0 0 0.5
8609 8610 0 0 0.5
8612 8615 3.398529094 0.05296225071 0.5
8612 8620 0 0 0.5
8612 8623 3.422718218 0.05454356057 0.5
8612 8635 3.398529094 0.05296225071 0.5
8612 8640 0 0 0.5
8613 8616 3.328062499 0.05454356057 0.5
8613 8618 2.979093822 0.02291287847 0.5
8613 8619 2.979093822 0.02291287847 0.5
8613 8624 3.422718218 0.05454356057 0.5
8613 8632 3.422718218 0.05454356057 0.5
8613 8634 3.422718218 0.05454356057 0.5
8614 8617 0 0 0.5
8614 8623 3.422718218 0.05454356057 0.5
8614 8633 3.422718218 0.05454356057 0.5
8615 8622 3.398529094 0.05296225071 0.5
8616 8620 0 0 0.5
8617 8618 0 0 0.5
8617 8619 0 0 0.5
8618 8620 0 0 0.5
8619 8620 0 0 0.5
8620 8622 0 0 0.5
8622 8625 3.398529094 0.05296225071 0.5
8622 8630 0 0 0.5
8622 8633 3.422718218 0.05454356057 0.5
8623 8626 3.328062499 0.05454356057 0.5
8623 8628 2.979093822 0.02291287847 0.5
8623 8629 2.979093822 0.02291287847 0.5
8623 8634 3.422718218 0.05454356057 0.5
8624 8627 0 0 0.5
8624 8633 3.422718218 0.05454356057 0.5
8625 8632 3.398529094 0.05296225071 0.5
8626 8630 0 0 0.5
8627 8628 0 0 0.5
8627 8629 0 0 0.5
8628 8630 0 0 0.5
8629 8630 0 0 0.5
8630 8632 0 0 0.5
8632 8635 3.398529094 0.05296225071 0.5
8632 8640 0 0 0.5
8633 8636 3.328062499 0.05454356057 0.5
8633 8638 2.979093822 0.02291287847 0.5
8633 8639 2.979093822 0.02291287847 0.5
8634 8637 0 0 0.5
8636 8640 0 0 0.5
8637 8638 0 0 0.5
8637 8639 0 0 0.5
8638 8640 0 0 0.5
8639 8640 0 0 0.5
8642 8645 3.398529094 0.05296225071 0.5
8642 8650 0 0 0.5
8642 8653 3.422718218 0.05454356057 0.5
8642 8665 3.398529094 0.05296225071 0.5
8642 8670 0 0 0.5
8643 8646 3.328062499 0.05454356057 0.5
8643 8648 2.979093822 0.02291287847 0.5
8643 8649 2.979093822 0.02291287847 0.5
8643 8654 3.422718218 0.05454356057 0.5
8643 8662 3.422718218 0.05454356057 0.5
8643 8664 3.422718218 0.05454356057 0.5
8644 8647 0 0 0.5
8644 8653 3.422718218 0.05454356057 0.5
8644 8663 3.422718218 0.05454356057 0.5
8645 8652 3.398529094 0.05296225071 0.5
8646 8650 0 0 0.5
8647 8648 0 0 0.5
8647 8649 0 0 0.5
8648 8650 0 0 0.5
8649 8650 0 0 0.5
8650 8652 0 0 0.5
8652 8655 3.398529094 0.05296225071 0.5
8652 8660 0 0 0.5
8652 8663 3.422718218 0.05454356057 0.5
8653 8656 3.328062499 0.05454356057 0.5
8653 8658 2.979093822 0.02291287847 0.5
8653 8659 2.979093822 0.02291287847 0.5
8653 8664 3.422718218 0.05454356057 0.5
8654 8657 0 0 0.5
8654 8663 3.422718218 0.05454356057 0.5
8655 8662 3.398529094 0.05296225071 0.5
8656 8660 0 0 0.5
8657 8658 0 0 0.5
8657 8659 0 0 0.5
8658 8660 0 0 0.5
8659 8660 0 0 0.5
8660 8662 0 0 0.5
8662 8665 3.398529094 0.05296225071 0.5
8662 8670 0 0 0.5
8663 8666 3.328062499 0.05454356057 0.5
8663 8668 2.979093822 0.02291287847 0.5
8663 8669 2.979093822 0.02291287847 0.5
8664 8667 0 0 0.5
8666 8670 0 0 0.5
8667 8668 0 0 0.5
8667 8669 0 0 0.5
8668 8670 0 0 0.5
8669 8670 0 0 0.5
8672 8675 3.398529094 0.05296225071 0.5
8672 8680 0 0 0.5
8672 8683 3.422718218 0.05454356057 0.5
8672 8695 3.398529094 0.05296225071 0.5
8672 8700 0 0 0.5
8673 8676 3.328062499 0.05454356057 0.5
8673 8678 2.979093822 0.02291287847 0.5
8673 8679 2.979093822 0.02291287847 0.5
8673 8684 3.422718218 0.05454356057 0.5
8673 8692 3.422718218 0.05454356057 0.5
8673 8694 3.422718218 0.05454356057 0.5
8674 8677 0 0 0.5
8674 8683 3.422718218 0.05454356057 0.5
8674 8693 3.422718218 0.05454356057 0.5
8675 8682 3.398529094 0.05296225071 0.5
8676 8680 0 0 0.5
8677 8678 0 0 0.5
8677 8679 0 0 0.5
8678 8680 0 0 0.5
8679 8680 0 0 0.5
8680 8682 0 0 0.5
8682 8685 3.398529094 0.05296225071 0.5
8682 8690 0 0 0.5
8682 8693 3.422718218 0.05454356057 0.5
8683 8686 3.328062499 0.05454356057 0.5
8683 8688 2.979093822 0.02291287847 0.5
8683 8689 2.979093822 0.02291287847 0.5
8683 8694 3.422718218 0.05454356057 0.5
8684 8687 0 0 0.5
8684 8693 3.422718218 0.05454356057 0.5
8685 8692 3.398529094 0.05296225071 0.5
8686 8690 0 0 0.5
8687 8688 0 0 0.5
8687 8689 0 0 0.5
8688 8690 0 0 0.5
8689 8690 0 0 0.5
8690 8692 0 0 0.5
8692 8695 3.398529094 0.05296225071 0.5
8692 8700 0 0 0.5
8693 8696 3.328062499 0.05454356057 0.5
8693 8698 2.979093822 0.02291287847 0.5
8693 8699 2.979093822 0.02291287847 0.5
8694 8697 0 0 0.5
8696 8700 0 0 0.5
8697 8698 0 0 0.5
8697 8699 0 0 0.5
8698 8700 0 0 0.5
8699 8700 0 0 0.5
8702 8705 3.398529094 0.05296225071 0.5
8702 8710 0 0 0.5
8702 8713 3.422718218 0.05454356057 0.5
8702 8725 3.398529094 0.05296225071 0.5
8702 8730 0 0 0.5
8703 8706 3.328062499 0.05454356057 0.5
8703 8708 2.979093822 0.02291287847 0.5
8703 8709 2.979093822 0.02291287847 0.5
8703 8714 3.422718218 0.05454356057 0.5
8703 8722 3.422718218 0.05454356057 0.5
8703 8724 3.422718218 0.05454356057 0.5
8704 8707 0 0 0.5
8704 8713 3.422718218 0.05454356057 0.5
8704 8723 3.422718218 0.05454356057 0.5
8705 8712 3.398529094 0.05296225071 0.5
8706 8710 0 0 0.5
8707 8708 0 0 0.5
8707 8709 0 0 0.5
8708 8710 0 0 0.5
8709 8710 0 0 0.5
8710 8712 0 0 0.5
8712 8715 3.398529094 0.05296225071 0.5
8712 8720 0 0 0.5
8712 8723 3.422718218 0.05454356057 0.5
8713 8716 3.328062499 0.05454356057 0.5
8713 8718 2.979093822 0.02291287847 0.5
8713 8719 2.979093822 0.02291287847 0.5
8713 8724 3.422718218 0.05454356057 0.5
8714 8717 0 0 0.5
8714 8723 3.422718218 0.05454356057 0.5
8715 8722 3.398529094 0.05296225071 0.5
8716 8720 0 0 0.5
8717 8718 0 0 0.5
8717 8719 0 0 0.5
8718 8720 0 0 0.5
8719 8720 0 0 0.5
8720 8722 0 0 0.5
8722 8725 3.398529094 0.05296225071 0.5
8722 8730 0 0 0.5
8723 8726 3.328062499 0.05454356057 0.5
8723 8728 2.979093822 0.02291287847 0.5
8723 8729 2.979093822 0.02291287847 0.5
8724 8727 0 0 0.5
8726 8730 0 0 0.5
8727 8728 0 0 0.5
8727 8729 0 0 0.5
8728 8730 0 0 0.5
8729 8730 0 0 0.5
8732 8735 3.398529094 0.05296225071 0.5
8732 8740 0 0 0.5
8732 8743 3.422718218 0.05454356057 0.5
8732 8755 3.398529094 0.05296225071 0.5
8732 8760 0 0 0.5
8733 8736 3.328062499 0.05454356057 0.5
8733 8738 2.979093822 0.02291287847 0.5
8733 8739 2.979093822 0.02291287847 0.5
8733 8744 3.422718218 0.05454356057 0.5
8733 8752 3.422718218 0.05454356057 0.5
8733 8754 3.422718218 0.05454356057 0.5
8734 8737 0 0 0.5
8734 8743 3.422718218 0.05454356057 0.5
8734 8753 3.422718218 0.05454356057 0.5
8735 8742 3.398529094 0.05296225071 0.5
8736 8740 0 0 0.5
8737 8738 0 0 0.5
8737 8739 0 0 0.5
8738 8740 0 0 0.5
8739 8740 0 0 0.5
8740 8742 0 0 0.5
8742 8745 3.398529094 0.05296225071 0.5
8742 8750 0 0 0.5
8742 8753 3.422718218 0.05454356057 0.5
8743 8746 3.328062499 0.05454356057 0.5
8743 8748 2.979093822 0.02291287847 0.5
8743 8749 2.979093822 0.02291287847 0.5
8743 8754 3.422718218 0.05454356057 0.5
8744 8747 0 0 0.5
8744 8753 3.422718218 0.05454356057 0.5
8745 8752 3.398529094 0.05296225071 0.5
8746 8750 0 0 0.5
8747 8748 0 0 0.5
8747 8749 0 0 0.5
8748 8750 0 0 0.5
8749 8750 0 0 0.5
8750 8752 0 0 0.5
8752 8755 3.398529094 0.05296225071 0.5
8752 8760 0 0 0.5
8753 8756 3.328062499 0.05454356057 0.5
8753 8758 2.979093822 0.02291287847 0.5
8753 8759 2.979093822 0.02291287847 0.5
8754 8757 0 0 0.5
8756 8760 0 0 0.5
8757 8758 0 0 0.5
8757 8759 0 0 0.5
8758 8760 0 0 0.5
8759 8760 0 0 0.5
8762 8765 3.398529094 0.05296225071 0.5
8762 8770 0 0 0.5
8762 8773 3.422718218 0.05454356057 0.5
8762 8785 3.398529094 0.05296225071 0.5
8762 8790 0 0 0.5
8763 8766 3.328062499 0.05454356057 0.5
8763 8768 2.979093822 0.02291287847 0.5
8763 8769 2.979093822 0.02291287847 0.5
8763 8774 3.422718218 0.05454356057 0.5
8763 8782 3.422718218 0.05454356057 0.5
8763 8784 3.422718218 0.05454356057 0.5
8764 8767 0 0 0.5
8764 8773 3.422718218 0.05454356057 0.5
8764 8783 3.422718218 0.05454356057 0.5
8765 8772 3.398529094 0.05296225071 0.5
8766 8770 0 0 0.5
8767 8768 0 0 0.5
8767 8769 0 0 0.5
8768 8770 0 0 0.5
8769 8770 0 0 0.5
8770 8772 0 0 0.5
8772 8775 3.398529094 0.05296225071 0.5
8772 8780 0 0 0.5
8772 8783 3.422718218 0.05454356057 0.5
8773 8776 3.328062499 0.05454356057 0.5
8773 8778 2.979093822 0.02291287847 0.5
8773 8779 2.979093822 0.02291287847 0.5
8773 8784 3.422718218 0.05454356057 0.5
8774 8777 0 0 0.5
8774 8783 3.422718218 0.05454356057 0.5
8775 8782 3.398529094 0.05296225071 0.5
8776 8780 0 0 0.5
8777 8778 0 0 0.5
8777 8779 0 0 0.5
8778 8780 0 0 0.5
8779 8780 0 0 0.5
8780 8782 0 0 0.5
8782 8785 3.398529094 0.05296225071 0.5
8782 8790 0 0 0.5
8783 8786 3.328062499 0.05454356057 0.5
8783 8788 2.979093822 0.02291287847 0.5
8783 8789 2.979093822 0.02291287847 0.5
8784 8787 0 0 0.5
8786 8790 0 0 0.5
8787 8788 0 0 0.5
8787 8789 0 0 0.5
8788 8790 0 0 0.5
8789 8790 0 0 0.5
8792 8795 3.398529094 0.05296225071 0.5
8792 8800 0 0 0.5
8792 8803 3.422718218 0.05454356057 0.5
8792 8815 3.398529094 0.05296225071 0.5
8792 8820 0 0 0.5
8793 8796 3.328062499 0.05454356057 0.5
8793 8798 2.979093822 0.02291287847 0.5
8793 8799 2.979093822 0.02291287847 0.5
8793 8804 3.422718218 0.05454356057 0.5
8793 8812 3.422718218 0.05454356057 0.5
8793 8814 3.422718218 0.05454356057 0.5
8794 8797 0 0 0.5
8794 8803 3.422718218 0.05454356057 0.5
8794 8813 3.422718218 0.05454356057 0.5
8795 8802 3.398529094 0.05296225071 0.5
8796 8800 0 0 0.5
8797 8798 0 0 0.5
8797 8799 0 0 0.5
8798 8800 0 0 0.5
8799 8800 0 0 0.5
8800 8802 0 0 0.5
8802 8805 3.398529094 0.05296225071 0.5
8802 8810 0 0 0.5
8802 8813 3.422718218 0.05454356057 0.5
8803 8806 3.328062499 0.05454356057 0.5
8803 8808 2.979093822 0.02291287847 0.5
8803 8809 2.979093822 0.02291287847 0.5
8803 8814 3.422718218 0.05454356057 0.5
8804 8807 0 0 0.5
8804 8813 3.422718218 0.05454356057 0.5
8805 8812 3.398529094 0.05296225071 0.5
8806 8810 0 0 0.5
8807 8808 0 0 0.5
8807 8809 0 0 0.5
8808 8810 0 0 0.5
8809 8810 0 0 0.5
8810 8812 0 0 0.5
8812 8815 3.398529094 0.05296225071 0.5
8812 8820 0 0 0.5
8813 8816 3.328062499 0.05454356057 0.5
8813 8818 2.979093822 0.02291287847 0.5
8813 8819 2.979093822 0.02291287847 0.5
8814 8817 0 0 0.5
8816 8820 0 0 0.5
8817 8818 0 0 0.5
8817 8819 0 0 0.5
8818 8820 0 0 0.5
8819 8820 0 0 0.5
8822 8825 3.398529094 0.05296225071 0.5
8822 8830 0 0 0.5
8822 8833 3.422718218 0.05454356057 0.5
8822 8845 3.398529094 0.05296225071 0.5
8822 8850 0 0 0.5
8823 8826 3.328062499 0.05454356057 0.5
8823 8828 2.979093822 0.02291287847 0.5
8823 8829 2.979093822 0.02291287847 0.5
8823 8834 3.422718218 0.05454356057 0.5
8823 8842 3.422718218 0.05454356057 0.5
8823 8844 3.422718218 0.05454356057 0.5
8824 8827 0 0 0.5
8824 8833 3.422718218 0.05454356057 0.5
8824 8843 3.422718218 0.05454356057 0.5
8825 8832 3.398529094 0.05296225071 0.5
8826 8830 0 0 0.5
8827 8828 0 0 0.5
8827 8829 0 0 0.5
8828 8830 0 0 0.5
8829 8830 0 0 0.5
8830 8832 0 0 0.5
8832 8835 3.398529094 0.05296225071 0.5
8832 8840 0 0 0.5
8832 8843 3.422718218 0.05454356057 0.5
8833 8836 3.328062499 0.05454356057 0.5
8833 8838 2.979093822 0.02291287847 0.5
8833 8839 2.979093822 0.02291287847 0.5
8833 8844 3.422718218 0.05454356057 0.5
8834 8837 0 0 0.5
8834 8843 3.422718218 0.05454356057 0.5
8835 8842 3.398529094 0.05296225071 0.5
8836 8840 0 0 0.5
8837 8838 0 0 0.5
8837 8839 0 0 0.5
8838 8840 0 0 0.5
8839 8840 0 0 0.5
8840 8842 0 0 0.5
8842 8845 3.398529094 0.05296225071 0.5
8842 8850 0 0 0.5
8843 8846 3.328062499 0.05454356057 0.5
8843 8848 2.979093822 0.02291287847 0.5
8843 8849 2.979093822 0.02291287847 0.5
8844 8847 0 0 0.5
8846 8850 0 0 0.5
8847 8848 0 0 0.5
8847 8849 0 0 0.5
8848 8850 0 0 0.5
8849 8850 0 0 0.5
8852 8855 3.398529094 0.05296225071 0.5
8852 8860 0 0 0.5
8852 8863 3.422718218 0.05454356057 0.5
8852 8875 3.398529094 0.05296225071 0.5
8852 8880 0 0 0.5
8853 8856 3.328062499 0.05454356057 0.5
8853 8858 2.979093822 0.02291287847 0.5
8853 8859 2.979093822 0.02291287847 0.5
8853 8864 3.422718218 0.05454356057 0.5
8853 8872 3.422718218 0.05454356057 0.5
8853 8874 3.422718218 0.05454356057 0.5
8854 8857 0 0 0.5
8854 8863 3.422718218 0.05454356057 0.5
8854 8873 3.422718218 0.05454356057 0.5
8855 8862 3.398529094 0.05296225071 0.5
8856 8860 0 0 0.5
8857 8858 0 0 0.5
8857 8859 0 0 0.5
8858 8860 0 0 0.5
8859 8860 0 0 0.5
8860 8862 0 0 0.5
8862 8865 3.398529094 0.05296225071 0.5
8862 8870 0 0 0.5
8862 8873 3.422718218 0.05454356057 0.5
8863 8866 3.328062499 0.05454356057 0.5
8863 8868 2.979093822 0.02291287847 0.5
8863 8869 2.979093822 0.02291287847 0.5
8863 8874 3.422718218 0.05454356057 0.5
8864 8867 0 0 0.5
8864 8873 3.422718218 0.05454356057 0.5
8865 8872 3.398529094 0.05296225071 0.5
8866 8870 0 0 0.5
8867 8868 0 0 0.5
8867 8869 0 0 0.5
8868 8870 0 0 0.5
8869 8870 0 0 0.5
8870 8872 0 0 0.5
8872 8875 3.398529094 0.05296225071 0.5
8872 8880 0 0 0.5
8873 8876 3.328062499 0.05454356057 0.5
8873 8878 2.979093822 0.02291287847 0.5
8873 8879 2.979093822 0.02291287847 0.5
8874 8877 0 0 0.5
8876 8880 0 0 0.5
8877 8878 0 0 0.5
8877 8879 0 0 0.5
8878 8880 0 0 0.5
8879 8880 0 0 0.5
8882 8885 3.398529094 0.05296225071 0.5
8882 8890 0 0 0.5
8882 8893 3.422718218 0.05454356057 0.5
8882 8905 3.398529094 0.05296225071 0.5
8882 8910 0 0 0.5
8883 8886 3.328062499 0.05454356057 0.5
8883 8888 2.979093822 0.02291287847 0.5
8883 8889 2.979093822 0.02291287847 0.5
8883 8894 3.422718218 0.05454356057 0.5
8883 8902 3.422718218 0.05454356057 0.5
8883 8904 3.422718218 0.05454356057 0.5
8884 8887 0 0 0.5
8884 8893 3.422718218 0.05454356057 0.5
8884 8903 3.422718218 0.05454356057 0.5
8885 8892 3.398529094 0.05296225071 0.5
8886 8890 0 0 0.5
8887 8888 0 0 0.5
8887 8889 0 0 0.5
8888 8890 0 0 0.5
8889 8890 0 0 0.5
8890 8892 0 0 0.5
8892 8895 3.398529094 0.05296225071 0.5
8892 8900 0 0 0.5
8892 8903 3.422718218 0.05454356057 0.5
8893 8896 3.328062499 0.05454356057 0.5
8893 8898 2.979093822 0.02291287847 0.5
8893 8899 2.979093822 0.02291287847 0.5
8893 8904 3.422718218 0.05454356057 0.5
8894 8897 0 0 0.5
8894 8903 3.422718218 0.05454356057 0.5
8895 8902 3.398529094 0.05296225071 0.5
8896 8900 0 0 0.5
8897 8898 0 0 0.5
8897 8899 0 0 0.5
8898 8900 0 0 0.5
8899 8900 0 0 0.5
8900 8902 0 0 0.5
8902 8905 3.398529094 0.05296225071 0.5
8902 8910 0 0 0.5
8903 8906 3.328062499 0.05454356057 0.5
8903 8908 2.979093822 0.02291287847 0.5
8903 8909 2.979093822 0.02291287847 0.5
8904 8907 0 0 0.5
8906 8910 0 0 0.5
8907 8908 0 0 0.5
8907 8909 0 0 0.5
8908 8910 0 0 0.5
8909 8910 0 0 0.5
8912 8915 3.398529094 0.05296225071 0.5
8912 8920 0 0 0.5
8912 8923 3.422718218 0.05454356057 0.5
8912 8935 3.398529094 0.05296225071 0.5
8912 8940 0 0 0.5
8913 8916 3.328062499 0.05454356057 0.5
8913 8918 2.979093822 0.02291287847 0.5
8913 8919 2.979093822 0.02291287847 0.5
8913 8924 3.422718218 0.05454356057 0.5
8913 8932 3.422718218 0.05454356057 0.5
8913 8934 3.422718218 0.05454356057 0.5
8914 8917 0 0 0.5
8914 8923 3.422718218 0.05454356057 0.5
8914 8933 3.422718218 0.05454356057 0.5
8915 8922 3.398529094 0.05296225071 0.5
8916 8920 0 0 0.5
8917 8918 0 0 0.5
8917 8919 0 0 0.5
8918 8920 0 0 0.5
8919 8920 0 0 0.5
8920 8922 0 0 0.5
8922 8925 3.398529094 0.05296225071 0.5
8922 8930 0 0 0.5
8922 8933 3.422718218 0.05454356057 0.5
8923 8926 3.328062499 0.05454356057 0.5
8923 8928 2.979093822 0.02291287847 0.5
8923 8929 2.979093822 0.02291287847 0.5
8923 8934 3.422718218 0.05454356057 0.5
8924 8927 0 0 0.5
8924 8933 3.422718218 0.05454356057 0.5
8925 8932 3.398529094 0.05296225071 0.5
8926 8930 0 0 0.5
8927 8928 0 0 0.5
8927 8929 0 0 0.5
8928 8930 0 0 0.5
8929 8930 0 0 0.5
8930 8932 0 0 0.5
8932 8935 3.398529094 0.05296225071 0.5
8932 8940 0 0 0.5
8933 8936 3.328062499 0.05454356057 0.5
8933 8938 2.979093822 0.02291287847 0.5
8933 8939 2.979093822 0.02291287847 0.5
8934 8937 0 0 0.5
8936 8940 0 0 0.5
8937 8938 0 0 0.5
8937 8939 0 0 0.5
8938 8940 0 0 0.5
8939 8940 0 0 0.5
8942 8945 3.398529094 0.05296225071 0.5
8942 8950 0 0 0.5
8942 8953 3.422718218 0.05454356057 0.5
8942 8965 3.398529094 0.05296225071 0.5
8942 8970 0 0 0.5
8943 8946 3.328062499 0.05454356057 0.5
8943 8948 2.979093822 0.02291287847 0.5
8943 8949 2.979093822 0.02291287847 0.5
8943 8954 3.422718218 0.05454356057 0.5
8943 8962 3.422718218 0.05454356057 0.5
8943 8964 3.422718218 0.05454356057 0.5
8944 8947 0 0 0.5
8944 8953 3.422718218 0.05454356057 0.5
8944 8963 3.422718218 0.05454356057 0.5
8945 8952 3.398529094 0.05296225071 0.5
8946 8950 0 0 0.5
8947 8948 0 0 0.5
8947 8949 0 0 0.5
8948 8950 0 0 0.5
8949 8950 0 0 0.5
8950 8952 0 0 0.5
8952 8955 3.398529094 0.05296225071 0.5
8952 8960 0 0 0.5
8952 8963 3.422718218 0.05454356057 0.5
8953 8956 3.328062499 0.05454356057 0.5
8953 8958 2.979093822 0.02291287847 0.5
8953 8959 2.979093822 0.02291287847 0.5
8953 8964 3.422718218 0.05454356057 0.5
8954 8957 0 0 0.5
8954 8963 3.422718218 0.05454356057 0.5
8955 8962 3.398529094 0.05296225071 0.5
8956 8960 0 0 0.5
8957 8958 0 0 0.5
8957 8959 0 0 0.5
8958 8960 0 0 0.5
8959 8960 0 0 0.5
8960 8962 0 0 0.5
8962 8965 3.398529094 0.05296225071 0.5
8962 8970 0 0 0.5
8963 8966 3.328062499 0.05454356057 0.5
8963 8968 2.979093822 0.02291287847 0.5
8963 8969 2.979093822 0.02291287847 0.5
8964 8967 0 0 0.5
8966 8970 0 0 0.5
8967 8968 0 0 0.5
8967 8969 0 0 0.5
8968 8970 0 0 0.5
8969 8970 0 0 0.5
8972 8975 3.398529094 0.05296225071 0.5
8972 8980 0 0 0.5
8972 8983 3.422718218 0.05454356057 0.5
8972 8995 3.398529094 0.05296225071 0.5
8972 9000 0 0 0.5
8973 8976 3.328062499 0.05454356057 0.5
8973 8978 2.979093822 0.02291287847 0.5
8973 8979 2.979093822 0.02291287847 0.5
8973 8984 3.422718218 0.05454356057 0.5
8973 8992 3.422718218 0.05454356057 0.5
8973 8994 3.422718218 0.05454356057 0.5
8974 8977 0 0 0.5
8974 8983 3.422718218 0.05454356057 0.5
8974 8993 3.422718218 0.05454356057 0.5
8975 8982 3.398529094 0.05296225071 0.5
8976 8980 0 0 0.5
8977 8978 0 0 0.5
8977 8979 0 0 0.5
8978 8980 0 0 0.5
8979 8980 0 0 0.5
8980 8982 0 0 0.5
8982 8985 3.398529094 0.05296225071 0.5
8982 8990 0 0 0.5
8982 8993 3.422718218 0.05454356057 0.5
8983 8986 3.328062499 0.05454356057 0.5
8983 8988 2.979093822 0.02291287847 0.5
8983 8989 2.979093822 0.02291287847 0.5
8983 8994 3.422718218 0.05454356057 0.5
8984 8987 0 0 0.5
8984 8993 3.422718218 0.05454356057 0.5
8985 8992 3.398529094 0.05296225071 0.5
8986 8990 0 0 0.5
8987 8988 0 0 0.5
8987 8989 0 0 0.5
8988 8990 0 0 0.5
8989 8990 0 0 0.5
8990 8992 0 0 0.5
8992 8995 3.398529094 0.05296225071 0.5
8992 9000 0 0 0.5
8993 8996 3.328062499 0.05454356057 0.5
8993 8998 2.979093822 0.02291287847 0.5
8993 8999 2.979093822 0.02291287847 0.5
8994 8997 0 0 0.5
8996 9000 0 0 0.5
8997 8998 0 0 0.5
8997 8999 0 0 0.5
8998 9000 0 0 0.5
8999 9000 0 0 0.5
9002 9005 3.398529094 0.05296225071 0.5
9002 9010 0 0 0.5
9002 9013 3.422718218 0.05454356057 0.5
9002 9025 3.398529094 0.05296225071 0.5
9002 9030 0 0 0.5
9003 9006 3.328062499 0.05454356057 0.5
9003 9008 2.979093822 0.02291287847 0.5
9003 9009 2.979093822 0.02291287847 0.5
9003 9014 3.422718218 0.05454356057 0.5
9003 9022 3.422718218 0.05454356057 0.5
9003 9024 3.422718218 0.05454356057 0.5
9004 9007 0 0 0.5
9004 9013 3.422718218 0.05454356057 0.5
9004 9023 3.422718218 0.05454356057 0.5
9005 9012 3.398529094 0.05296225071 0.5
9006 9010 0 0 0.5
9007 9008 0 0 0.5
9007 9009 0 0 0.5
9008 9010 0 0 0.5
9009 9010 0 0 0.5
9010 9012 0 0 0.5
9012 9015 3.398529094 0.05296225071 0.5
9012 9020 0 0 0.5
9012 9023 3.422718218 0.05454356057 0.5
9013 9016 3.328062499 0.05454356057 0.5
9013 9018 2.979093822 0.02291287847 0.5
9013 9019 2.979093822 0.02291287847 0.5
9013 9024 3.422718218 0.05454356057 0.5
9014 9017 0 0 0.5
9014 9023 3.422718218 0.05454356057 0.5
9015 9022 3.398529094 0.05296225071 0.5
9016 9020 0 0 0.5
9017 9018 0 0 0.5
9017 9019 0 0 0.5
9018 9020 0 0 0.5
9019 9020 0 0 0.5
9020 9022 0 0 0.5
9022 9025 3.398529094 0.05296225071 0.5
9022 9030 0 0 0.5
9023 9026 3.328062499 0.05454356057 0.5
9023 9028 2.979093822 0.02291287847 0.5
9023 9029 2.979093822 0.02291287847 0.5
9024 9027 0 0 0.5
9026 9030 0 0 0.5
9027 9028 0 0 0.5
9027 9029 0 0 0.5
9028 9030 0 0 0.5
9029 9030 0 0 0.5
9032 9035 3.398529094 0.05296225071 0.5
9032 9040 0 0 0.5
9032 9043 3.422718218 0.05454356057 0.5
9032 9055 3.398529094 0.05296225071 0.5
9032 9060 0 0 0.5
9033 9036 3.328062499 0.05454356057 0.5
9033 9038 2.979093822 0.02291287847 0.5
9033 9039 2.979093822 0.02291287847 0.5
9033 9044 3.422718218 0.05454356057 0.5
9033 9052 3.422718218 0.05454356057 0.5
9033 9054 3.422718218 0.05454356057 0.5
9034 9037 0 0 0.5
9034 9043 3.422718218 0.05454356057 0.5
9034 9053 3.422718218 0.05454356057 0.5
9035 9042 3.398529094 0.05296225071 0.5
9036 9040 0 0 0.5
9037 9038 0 0 0.5
9037 9039 0 0 0.5
9038 9040 0 0 0.5
9039 9040 0 0 0.5
9040 9042 0 0 0.5
9042 9045 3.398529094 0.05296225071 0.5
9042 9050 0 0 0.5
9042 9053 3.422718218 0.05454356057 0.5
9043 9046 3.328062499 0.05454356057 0.5
9043 9048 2.979093822 0.02291287847 0.5
9043 9049 2.979093822 0.02291287847 0.5
9043 9054 3.422718218 0.05454356057 0.5
9044 9047 0 0 0.5
9044 9053 3.422718218 0.05454356057 0.5
9045 9052 3.398529094 0.05296225071 0.5
9046 9050 0 0 0.5
9047 9048 0 0 0.5
9047 9049 0 0 0.5
9048 9050 0 0 0.5
9049 9050 0 0 0.5
9050 9052 0 0 0.5
9052 9055 3.398529094 0.05296225071 0.5
9052 9060 0 0 0.5
9053 9056 3.328062499 0.05454356057 0.5
9053 9058 2.979093822 0.02291287847 0.5
9053 9059 2.979093822 0.02291287847 0.5
9054 9057 0 0 0.5
9056 9060 0 0 0.5
9057 9058 0 0 0.5
9057 9059 0 0 0.5
9058 9060 0 0 0.5
9059 9060 0 0 0.5
9062 9065 3.398529094 0.05296225071 0.5
9062 9070 0 0 0.5
9062 9073 3.422718218 0.05454356057 0.5
9062 9085 3.398529094 0.05296225071 0.5
9062 9090 0 0 0.5
9063 9066 3.328062499 0.05454356057 0.5
9063 9068 2.979093822 0.02291287847 0.5
9063 9069 2.979093822 0.02291287847 0.5
9063 9074 3.422718218 0.05454356057 0.5
9063 9082 3.422718218 0.05454356057 0.5
9063 9084 3.422718218 0.05454356057 0.5
9064 9067 0 0 0.5
9064 9073 3.422718218 0.05454356057 0.5
9064 9083 3.422718218 0.05454356057 0.5
9065 9072 3.398529094 0.05296225071 0.5
9066 9070 0 0 0.5
9067 9068 0 0 0.5
9067 9069 0 0 0.5
9068 9070 0 0 0.5
9069 9070 0 0 0.5
9070 9072 0 0 0.5
9072 9075 3.398529094 0.05296225071 0.5
9072 9080 0 0 0.5
9072 9083 3.422718218 0.05454356057 0.5
9073 9076 3.328062499 0.05454356057 0.5
9073 9078 2.979093822 0.02291287847 0.5
9073 9079 2.979093822 0.02291287847 0.5
9073 9084 3.422718218 0.05454356057 0.5
9074 9077 0 0 0.5
9074 9083 3.422718218 0.05454356057 0.5
9075 9082 3.398529094 0.05296225071 0.5
9076 9080 0 0 0.5
9077 9078 0 0 0.5
9077 9079 0 0 0.5
9078 9080 0 0 0.5
9079 9080 0 0 0.5
9080 9082 0 0 0.5
9082 9085 3.398529094 0.05296225071 0.5
9082 9090 0 0 0.5
9083 9086 3.328062499 0.05454356057 0.5
9083 9088 2.979093822 0.02291287847 0.5
9083 9089 2.979093822 0.02291287847 0.5
9084 9087 0 0 0.5
9086 9090 0 0 0.5
9087 9088 0 0 0.5
9087 9089 0 0 0.5
9088 9090 0 0 0.5
9089 9090 0 0 0.5
9092 9095 3.398529094 0.05296225071 0.5
9092 9100 0 0 0.5
9092 9103 3.422718218 0.05454356057 0.5
9092 9115 3.398529094 0.05296225071 0.5
9092 9120 0 0 0.5
9093 9096 3.328062499 0.05454356057 0.5
9093 9098 2.979093822 0.02291287847 0.5
9093 9099 2.979093822 0.02291287847 0.5
9093 9104 3.422718218 0.05454356057 0.5
9093 9112 3.422718218 0.05454356057 0.5
9093 9114 3.422718218 0.05454356057 0.5
9094 9097 0 0 0.5
9094 9103 3.422718218 0.05454356057 0.5
9094 9113 3.422718218 0.05454356057 0.5
9095 9102 3.398529094 0.05296225071 0.5
9096 9100 0 0 0.5
9097 9098 0 0 0.5
9097 9099 0 0 0.5
9098 9100 0 0 0.5
9099 9100 0 0 0.5
9100 9102 0 0 0.5
9102 9105 3.398529094 0.05296225071 0.5
9102 9110 0 0 0.5
9102 9113 3.422718218 0.05454356057 0.5
9103 9106 3.328062499 0.05454356057 0.5
9103 9108 2.979093822 0.02291287847 0.5
9103 9109 2.979093822 0.02291287847 0.5
9103 9114 3.422718218 0.05454356057 0.5
9104 9107 0 0 0.5
9104 9113 3.422718218 0.05454356057 0.5
9105 9112 3.398529094 0.05296225071 0.5
9106 9110 0 0 0.5
9107 9108 0 0 0.5
9107 9109 0 0 0.5
9108 9110 0 0 0.5
9109 9110 0 0 0.5
9110 9112 0 0 0.5
9112 9115 3.398529094 0.05296225071 0.5
9112 9120 0 0 0.5
9113 9116 3.328062499 0.05454356057 0.5
9113 9118 2.979093822 0.02291287847 0.5
9113 9119 2.979093822 0.02291287847 0.5
9114 9117 0 0 0.5
9116 9120 0 0 0.5
9117 9118 0 0 0.5
9117 9119 0 0 0.5
9118 9120 0 0 0.5
9119 9120 0 0 0.5
9122 9125 3.398529094 0.05296225071 0.5
9122 9130 0 0 0.5
9122 9133 3.422718218 0.05454356057 0.5
9122 9145 3.398529094 0.05296225071 0.5
9122 9150 0 0 0.5
9123 9126 3.328062499 0.05454356057 0.5
9123 9128 2.979093822 0.02291287847 0.5
9123 9129 2.979093822 0.02291287847 0.5
9123 9134 3.422718218 0.05454356057 0.5
9123 9142 3.422718218 0.05454356057 0.5
9123 9144 3.422718218 0.05454356057 0.5
9124 9127 0 0 0.5
9124 9133 3.422718218 0.05454356057 0.5
9124 9143 3.422718218 0.05454356057 0.5
9125 9132 3.398529094 0.05296225071 0.5
9126 9130 0 0 0.5
9127 9128 0 0 0.5
9127 9129 0 0 0.5
9128 9130 0 0 0.5
9129 9130 0 0 0.5
9130 9132 0 0 0.5
9132 9135 3.398529094 0.05296225071 0.5
9132 9140 0 0 0.5
9132 9143 3.422718218 0.05454356057 0.5
9133 9136 3.328062499 0.05454356057 0.5
9133 9138 2.979093822 0.02291287847 0.5
9133 9139 2.979093822 0.02291287847 0.5
9133 9144 3.422718218 0.05454356057 0.5
9134 9137 0 0 0.5
9134 9143 3.422718218 0.05454356057 0.5
9135 9142 3.398529094 0.05296225071 0.5
9136 9140 0 0 0.5
9137 9138 0 0 0.5
9137 9139 0 0 0.5
9138 9140 0 0 0.5
9139 9140 0 0 0.5
9140 9142 0 0 0.5
9142 9145 3.398529094 0.05296225071 0.5
9142 9150 0 0 0.5
9143 9146 3.328062499 0.05454356057 0.5
9143 9148 2.979093822 0.02291287847 0.5
9143 9149 2.979093822 0.02291287847 0.5
9144 9147 0 0 0.5
9146 9150 0 0 0.5
9147 9148 0 0 0.5
9147 9149 0 0 0.5
9148 9150 0 0 0.5
9149 9150 0 0 0.5
9152 9155 3.398529094 0.05296225071 0.5
9152 9160 0 0 0.5
9152 9163 3.422718218 0.05454356057 0.5
9152 9175 3.398529094 0.05296225071 0.5
9152 9180 0 0 0.5
9153 9156 3.328062499 0.05454356057 0.5
9153 9158 2.979093822 0.02291287847 0.5
9153 9159 2.979093822 0.02291287847 0.5
9153 9164 3.422718218 0.05454356057 0.5
9153 9172 3.422718218 0.05454356057 0.5
9153 9174 3.422718218 0.05454356057 0.5
9154 9157 0 0 0.5
9154 9163 3.422718218 0.05454356057 0.5
9154 9173 3.422718218 0.05454356057 0.5
9155 9162 3.398529094 0.05296225071 0.5
9156 9160 0 0 0.5
9157 9158 0 0 0.5
9157 9159 0 0 0.5
9158 9160 0 0 0.5
9159 9160 0 0 0.5
9160 9162 0 0 0.5
9162 9165 3.398529094 0.05296225071 0.5
9162 9170 0 0 0.5
9162 9173 3.422718218 0.05454356057 0.5
9163 9166 3.328062499 0.05454356057 0.5
9163 9168 2.979093822 0.02291287847 0.5
9163 9169 2.979093822 0.02291287847 0.5
9163 9174 3.422718218 0.05454356057 0.5
9164 9167 0 0 0.5
9164 9173 3.422718218 0.05454356057 0.5
9165 9172 3.398529094 0.05296225071 0.5
9166 9170 0 0 0.5
9167 9168 0 0 0.5
9167 9169 0 0 0.5
9168 9170 0 0 0.5
9169 9170 0 0 0.5
9170 9172 0 0 0.5
9172 9175 3.398529094 0.05296225071 0.5
9172 9180 0 0 0.5
9173 9176 3.328062499 0.05454356057 0.5
9173 9178 2.979093822 0.02291287847 0.5
9173 9179 2.979093822 0.02291287847 0.5
9174 9177 0 0 0.5
9176 9180 0 0 0.5
9177 9178 0 0 0.5
9177 9179 0 0 0.5
9178 9180 0 0 0.5
9179 9180 0 0 0.5
9182 9185 3.398529094 0.05296225071 0.5
9182 9190 0 0 0.5
9182 9193 3.422718218 0.05454356057 0.5
9182 9205 3.398529094 0.05296225071 0.5
9182 9210 0 0 0.5
9183 9186 3.328062499 0.05454356057 0.5
9183 9188 2.979093822 0.02291287847 0.5
9183 9189 2.979093822 0.02291287847 0.5
9183 9194 3.422718218 0.05454356057 0.5
9183 9202 3.422718218 0.05454356057 0.5
9183 9204 3.422718218 0.05454356057 0.5
9184 9187 0 0 0.5
9184 9193 3.422718218 0.05454356057 0.5
9184 9203 3.422718218 0.05454356057 0.5
9185 9192 3.398529094 0.05296225071 0.5
9186 9190 0 0 0.5
9187 9188 0 0 0.5
9187 9189 0 0 0.5
9188 9190 0 0 0.5
9189 9190 0 0 0.5
9190 9192 0 0 0.5
9192 9195 3.398529094 0.05296225071 0.5
9192 9200 0 0 0.5
9192 9203 3.422718218 0.05454356057 0.5
9193 9196 3.328062499 0.05454356057 0.5
9193 9198 2.979093822 0.02291287847 0.5
9193 9199 2.979093822 0.02291287847 0.5
9193 9204 3.422718218 0.05454356057 0.5
9194 9197 0 0 0.5
9194 9203 3.422718218 0.05454356057 0.5
9195 9202 3.398529094 0.05296225071 0.5
9196 9200 0 0 0.5
9197 9198 0 0 0.5
9197 9199 0 0 0.5
9198 9200 0 0 0.5
9199 9200 0 0 0.5
9200 9202 0 0 0.5
9202 9205 3.398529094 0.05296225071 0.5
9202 9210 0 0 0.5
9203 9206 3.328062499 0.05454356057 0.5
9203 9208 2.979093822 0.02291287847 0.5
9203 9209 2.979093822 0.02291287847 0.5
9204 9207 0 0 0.5
9206 9210 0 0 0.5
9207 9208 0 0 0.5
9207 9209 0 0 0.5
9208 9210 0 0 0.5
9209 9210 0 0 0.5
9212 9215 3.398529094 0.05296225071 0.5
9212 9220 0 0 0.5
9212 9223 3.422718218 0.05454356057 0.5
9212 9235 3.398529094 0.05296225071 0.5
9212 9240 0 0 0.5
9213 9216 3.328062499 0.05454356057 0.5
9213 9218 2.979093822 0.02291287847 0.5
9213 9219 2.979093822 0.02291287847 0.5
9213 9224 3.422718218 0.05454356057 0.5
9213 9232 3.422718218 0.05454356057 0.5
9213 9234 3.422718218 0.05454356057 0.5
9214 9217 0 0 0.5
9214 9223 3.422718218 0.05454356057 0.5
9214 9233 3.422718218 0.05454356057 0.5
9215 9222 3.398529094 0.05296225071 0.5
9216 9220 0 0 0.5
9217 9218 0 0 0.5
9217 9219 0 0 0.5
9218 9220 0 0 0.5
9219 9220 0 0 0.5
9220 9222 0 0 0.5
9222 9225 3.398529094 0.05296225071 0.5
9222 9230 0 0 0.5
9222 9233 3.422718218 0.05454356057 0.5
9223 9226 3.328062499 0.05454356057 0.5
9223 9228 2.979093822 0.02291287847 0.5
9223 9229 2.979093822 0.02291287847 0.5
9223 9234 3.422718218 0.05454356057 0.5
9224 9227 0 0 0.5
9224 9233 3.422718218 0.05454356057 0.5
9225 9232 3.398529094 0.05296225071 0.5
9226 9230 0 0 0.5
9227 9228 0 0 0.5
9227 9229 0 0 0.5
9228 9230 0 0 0.5
9229 9230 0 0 0.5
9230 9232 0 0 0.5
9232 9235 3.398529094 0.05296225071 0.5
9232 9240 0 0 0.5
9233 9236 3.328062499 0.05454356057 0.5
9233 9238 2.979093822 0.02291287847 0.5
9233 9239 2.979093822 0.02291287847 0.5
9234 9237 0 0 0.5
9236 9240 0 0 0.5
9237 9238 0 0 0.5
9237 9239 0 0 0.5
9238 9240 0 0 0.5
9239 9240 0 0 0.5
9242 9245 3.398529094 0.05296225071 0.5
9242 9250 0 0 0.5
9242 9253 3.422718218 0.05454356057 0.5
9242 9265 3.398529094 0.05296225071 0.5
9242 9270 0 0 0.5
9243 9246 3.328062499 0.05454356057 0.5
9243 9248 2.979093822 0.02291287847 0.5
9243 9249 2.979093822 0.02291287847 0.5
9243 9254 3.422718218 0.05454356057 0.5
9243 9262 3.422718218 0.05454356057 0.5
9243 9264 3.422718218 0.05454356057 0.5
9244 9247 0 0 0.5
9244 9253 3.422718218 0.05454356057 0.5
9244 9263 3.422718218 0.05454356057 0.5
9245 9252 3.398529094 0.05296225071 0.5
9246 9250 0 0 0.5
9247 9248 0 0 0.5
9247 9249 0 0 0.5
9248 9250 0 0 0.5
9249 9250 0 0 0.5
9250 9252 0 0 0.5
9252 9255 3.398529094 0.05296225071 0.5
9252 9260 0 0 0.5
9252 9263 3.422718218 0.05454356057 0.5
9253 9256 3.328062499 0.05454356057 0.5
9253 9258 2.979093822 0.02291287847 0.5
9253 9259 2.979093822 0.02291287847 0.5
9253 9264 3.422718218 0.05454356057 0.5
9254 9257 0 0 0.5
9254 9263 3.422718218 0.05454356057 0.5
9255 9262 3.398529094 0.05296225071 0.5
9256 9260 0 0 0.5
9257 9258 0 0 0.5
9257 9259 0 0 0.5
9258 9260 0 0 0.5
9259 9260 0 0 0.5
9260 9262 0 0 0.5
9262 9265 3.398529094 0.05296225071 0.5
9262 9270 0 0 0.5
9263 9266 3.328062499 0.05454356057 0.5
9263 9268 2.979093822 0.02291287847 0.5
9263 9269 2.979093822 0.02291287847 0.5
9264 9267 0 0 0.5
9266 9270 0 0 0.5
9267 9268 0 0 0.5
9267 9269 0 0 0.5
9268 9270 0 0 0.5
9269 9270 0 0 0.5
9272 9275 3.398529094 0.05296225071 0.5
9272 9280 0 0 0.5
9272 9283 3.422718218 0.05454356057 0.5
9272 9295 3.398529094 0.05296225071 0.5
9272 9300 0 0 0.5
9273 9276 3.328062499 0.05454356057 0.5
9273 9278 2.979093822 0.02291287847 0.5
9273 9279 2.979093822 0.02291287847 0.5
9273 9284 3.422718218 0.05454356057 0.5
9273 9292 3.422718218 0.05454356057 0.5
9273 9294 3.422718218 0.05454356057 0.5
9274 9277 0 0 0.5
9274 9283 3.422718218 0.05454356057 0.5
9274 9293 3.422718218 0.05454356057 0.5
9275 9282 3.398529094 0.05296225071 0.5
9276 9280 0 0 0.5
9277 9278 0 0 0.5
9277 9279 0 0 0.5
9278 9280 0 0 0.5
9279 9280 0 0 0.5
9280 9282 0 0 0.5
9282 9285 3.398529094 0.05296225071 0.5
9282 9290 0 0 0.5
9282 9293 3.422718218 0.05454356057 0.5
9283 9286 3.328062499 0.05454356057 0.5
9283 9288 2.979093822 0.02291287847 0.5
9283 9289 2.979093822 0.02291287847 0.5
9283 9294 3.422718218 0.05454356057 0.5
9284 9287 0 0 0.5
9284 9293 3.422718218 0.05454356057 0.5
9285 9292 3.398529094 0.05296225071 0.5
9286 9290 0 0 0.5
9287 9288 0 0 0.5
9287 9289 0 0 0.5
9288 9290 0 0 0.5
9289 9290 0 0 0.5
9290 9292 0 0 0.5
9292 9295 3.398529094 0.05296225071 0.5
9292 9300 0 0 0.5
9293 9296 3.328062499 0.05454356057 0.5
9293 9298 2.979093822 0.02291287847 0.5
9293 9299 2.979093822 0.02291287847 0.5
9294 9297 0 0 0.5
9296 9300 0 0 0.5
9297 9298 0 0 0.5
9297 9299 0 0 0.5
9298 9300 0 0 0.5
9299 9300 0 0 0.5
9302 9305 3.398529094 0.05296225071 0.5
9302 9310 0 0 0.5
9302 9313 3.422718218 0.05454356057 0.5
9302 9325 3.398529094 0.05296225071 0.5
9302 9330 0 0 0.5
9303 9306 3.328062499 0.05454356057 0.5
9303 9308 2.979093822 0.02291287847 0.5
9303 9309 2.979093822 0.02291287847 0.5
9303 9314 3.422718218 0.05454356057 0.5
9303 9322 3.422718218 0.05454356057 0.5
9303 9324 3.422718218 0.05454356057 0.5
9304 9307 0 0 0.5
9304 9313 3.422718218 0.05454356057 0.5
9304 9323 3.422718218 0.05454356057 0.5
9305 9312 3.398529094 0.05296225071 0.5
9306 9310 0 0 0.5
9307 9308 0 0 0.5
9307 9309 0 0 0.5
9308 9310 0 0 0.5
9309 9310 0 0 0.5
9310 9312 0 0 0.5
9312 9315 3.398529094 0.05296225071 0.5
9312 9320 0 0 0.5
9312 9323 3.422718218 0.05454356057 0.5
9313 9316 3.328062499 0.05454356057 0.5
9313 9318 2.979093822 0.02291287847 0.5
9313 9319 2.979093822 0.02291287847 0.5
9313 9324 3.422718218 0.05454356057 0.5
9314 9317 0 0 0.5
9314 9323 3.422718218 0.05454356057 0.5
9315 9322 3.398529094 0.05296225071 0.5
9316 9320 0 0 0.5
9317 9318 0 0 0.5
9317 9319 0 0 0.5
9318 9320 0 0 0.5
9319 9320 0 0 0.5
9320 9322 0 0 0.5
9322 9325 3.398529094 0.05296225071 0.5
9322 9330 0 0 0.5
9323 9326 3.328062499 0.05454356057 0.5
9323 9328 2.979093822 0.02291287847 0.5
9323 9329 2.979093822 0.02291287847 0.5
9324 9327 0 0 0.5
9326 9330 0 0 0.5
9327 9328 0 0 0.5
9327 9329 0 0 0.5
9328 9330 0 0 0.5
9329 9330 0 0 0.5
9332 9335 3.398529094 0.05296225071 0.5
9332 9340 0 0 0.5
9332 9343 3.422718218 0.05454356057 0.5
9332 9355 3.398529094 0.05296225071 0.5
9332 9360 0 0 0.5
9333 9336 3.328062499 0.05454356057 0.5
9333 9338 2.979093822 0.02291287847 0.5
9333 9339 2.979093822 0.02291287847 0.5
9333 9344 3.422718218 0.05454356057 0.5
9333 9352 3.422718218 0.05454356057 0.5
9333 9354 3.422718218 0.05454356057 0.5
9334 9337 0 0 0.5
9334 9343 3.422718218 0.05454356057 0.5
9334 9353 3.422718218 0.05454356057 0.5
9335 9342 3.398529094 0.05296225071 0.5
9336 9340 0 0 0.5
9337 9338 0 0 0.5
9337 9339 0 0 0.5
9338 9340 0 0 0.5
9339 9340 0 0 0.5
9340 9342 0 0 0.5
9342 9345 3.398529094 0.05296225071 0.5
9342 9350 0 0 0.5
9342 9353 3.422718218 0.05454356057 0.5
9343 9346 3.328062499 0.05454356057 0.5
9343 9348 2.979093822 0.02291287847 0.5
9343 9349 2.979093822 0.02291287847 0.5
9343 9354 3.422718218 0.05454356057 0.5
9344 9347 0 0 0.5
9344 9353 3.422718218 0.05454356057 0.5
9345 9352 3.398529094 0.05296225071 0.5
9346 9350 0 0 0.5
9347 9348 0 0 0.5
9347 9349 0 0 0.5
9348 9350 0 0 0.5
9349 9350 0 0 0.5
9350 9352 0 0 0.5
9352 9355 3.398529094 0.05296225071 0.5
9352 9360 0 0 0.5
9353 9356 3.328062499 0.05454356057 0.5
9353 9358 2.979093822 0.02291287847 0.5
9353 9359 2.979093822 0.02291287847 0.5
9354 9357 0 0 0.5
9356 9360 0 0 0.5
9357 9358 0 0 0.5
9357 9359 0 0 0.5
9358 9360 0 0 0.5
9359 9360 0 0 0.5
9362 9365 3.398529094 0.05296225071 0.5
9362 9370 0 0 0.5
9362 9373 3.422718218 0.05454356057 0.5
9362 9385 3.398529094 0.05296225071 0.5
9362 9390 0 0 0.5
9363 9366 3.328062499 0.05454356057 0.5
9363 9368 2.979093822 0.02291287847 0.5
9363 9369 2.979093822 0.02291287847 0.5
9363 9374 3.422718218 0.05454356057 0.5
9363 9382 3.422718218 0.05454356057 0.5
9363 9384 3.422718218 0.05454356057 0.5
9364 9367 0 0 0.5
9364 9373 3.422718218 0.05454356057 0.5
9364 9383 3.422718218 0.05454356057 0.5
9365 9372 3.398529094 0.05296225071 0.5
9366 9370 0 0 0.5
9367 9368 0 0 0.5
9367 9369 0 0 0.5
9368 9370 0 0 0.5
9369 9370 0 0 0.5
9370 9372 0 0 0.5
9372 9375 3.398529094 0.05296225071 0.5
9372 9380 0 0 0.5
9372 9383 3.422718218 0.05454356057 0.5
9373 9376 3.328062499 0.05454356057 0.5
9373 9378 2.979093822 0.02291287847 0.5
9373 9379 2.979093822 0.02291287847 0.5
9373 9384 3.422718218 0.05454356057 0.5
9374 9377 0 0 0.5
9374 9383 3.422718218 0.05454356057 0.5
9375 9382 3.398529094 0.05296225071 0.5
9376 9380 0 0 0.5
9377 9378 0 0 0.5
9377 9379 0 0 0.5
9378 9380 0 0 0.5
9379 9380 0 0 0.5
9380 9382 0 0 0.5
9382 9385 3.398529094 0.05296225071 0.5
9382 9390 0 0 0.5
9383 9386 3.328062499 0.05454356057 0.5
9383 9388 2.979093822 0.02291287847 0.5
9383 9389 2.979093822 0.02291287847 0.5
9384 9387 0 0 0.5
9386 9390 0 0 0.5
9387 9388 0 0 0.5
9387 9389 0 0 0.5
9388 9390 0 0 0.5
9389 9390 0 0 0.5
9392 9395 3.398529094 0.05296225071 0.5
9392 9400 0 0 0.5
9392 9403 3.422718218 0.05454356057 0.5
9392 9415 3.398529094 0.05296225071 0.5
9392 9420 0 0 0.5
9393 9396 3.328062499 0.05454356057 0.5
9393 9398 2.979093822 0.02291287847 0.5
9393 9399 2.979093822 0.02291287847 0.5
9393 9404 3.422718218 0.05454356057 0.5
9393 9412 3.422718218 0.05454356057 0.5
9393 9414 3.422718218 0.05454356057 0.5
9394 9397 0 0 0.5
9394 9403 3.422718218 0.05454356057 0.5
9394 9413 3.422718218 0.05454356057 0.5
9395 9402 3.398529094 0.05296225071 0.5
9396 9400 0 0 0.5
9397 9398 0 0 0.5
9397 9399 0 0 0.5
9398 9400 0 0 0.5
9399 9400 0 0 0.5
9400 9402 0 0 0.5
9402 9405 3.398529094 0.05296225071 0.5
9402 9410 0 0 0.5
9402 9413 3.422718218 0.05454356057 0.5
9403 9406 3.328062499 0.05454356057 0.5
9403 9408 2.979093822 0.02291287847 0.5
9403 9409 2.979093822 0.02291287847 0.5
9403 9414 3.422718218 0.05454356057 0.5
9404 9407 0 0 0.5
9404 9413 3.422718218 0.05454356057 0.5
9405 9412 3.398529094 0.05296225071 0.5
9406 9410 0 0 0.5
9407 9408 0 0 0.5
9407 9409 0 0 0.5
9408 9410 0 0 0.5
9409 9410 0 0 0.5
9410 9412 0 0 0.5
9412 9415 3.398529094 0.05296225071 0.5
9412 9420 0 0 0.5
9413 9416 3.328062499 0.05454356057 0.5
9413 9418 2.979093822 0.02291287847 0.5
9413 9419 2.979093822 0.02291287847 0.5
9414 9417 0 0 0.5
9416 9420 0 0 0.5
9417 9418 0 0 0.5
9417 9419 0 0 0.5
9418 9420 0 0 0.5
9419 9420 0 0 0.5
9422 9425 3.398529094 0.05296225071 0.5
9422 9430 0 0 0.5
9422 9433 3.422718218 0.05454356057 0.5
9422 9445 3.398529094 0.05296225071 0.5
9422 9450 0 0 0.5
9423 9426 3.328062499 0.05454356057 0.5
9423 9428 2.979093822 0.02291287847 0.5
9423 9429 2.979093822 0.02291287847 0.5
9423 9434 3.422718218 0.05454356057 0.5
9423 9442 3.422718218 0.05454356057 0.5
9423 9444 3.422718218 0.05454356057 0.5
9424 9427 0 0 0.5
9424 9433 3.422718218 0.05454356057 0.5
9424 9443 3.422718218 0.05454356057 0.5
9425 9432 3.398529094 0.05296225071 0.5
9426 9430 0 0 0.5
9427 9428 0 0 0.5
9427 9429 0 0 0.5
9428 9430 0 0 0.5
9429 9430 0 0 0.5
9430 9432 0 0 0.5
9432 9435 3.398529094 0.05296225071 0.5
9432 9440 0 0 0.5
9432 9443 3.422718218 0.05454356057 0.5
9433 9436 3.328062499 0.05454356057 0.5
9433 9438 2.979093822 0.02291287847 0.5
9433 9439 2.979093822 0.02291287847 0.5
9433 9444 3.422718218 0.05454356057 0.5
9434 9437 0 0 0.5
9434 9443 3.422718218 0.05454356057 0.5
9435 9442 3.398529094 0.05296225071 0.5
9436 9440 0 0 0.5
9437 9438 0 0 0.5
9437 9439 0 0 0.5
9438 9440 0 0 0.5
9439 9440 0 0 0.5
9440 9442 0 0 0.5
9442 9445 3.398529094 0.05296225071 0.5
9442 9450 0 0 0.5
9443 9446 3.328062499 0.05454356057 0.5
9443 9448 2.979093822 0.02291287847 0.5
9443 9449 2.979093822 0.02291287847 0.5
9444 9447 0 0 0.5
9446 9450 0 0 0.5
9447 9448 0 0 0.5
9447 9449 0 0 0.5
9448 9450 0 0 0.5
9449 9450 0 0 0.5
9452 9455 3.398529094 0.05296225071 0.5
9452 9460 0 0 0.5
9452 9463 3.422718218 0.05454356057 0.5
9452 9475 3.398529094 0.05296225071 0.5
9452 9480 0 0 0.5
9453 9456 3.328062499 0.05454356057 0.5
9453 9458 2.979093822 0.02291287847 0.5
9453 9459 2.979093822 0.02291287847 0.5
9453 9464 3.422718218 0.05454356057 0.5
9453 9472 3.422718218 0.05454356057 0.5
9453 9474 3.422718218 0.05454356057 0.5
9454 9457 0 0 0.5
9454 9463 3.422718218 0.05454356057 0.5
9454 9473 3.422718218 0.05454356057 0.5
9455 9462 3.398529094 0.05296225071 0.5
9456 9460 0 0 0.5
9457 9458 0 0 0.5
9457 9459 0 0 0.5
9458 9460 0 0 0.5
9459 9460 0 0 0.5
9460 9462 0 0 0.5
9462 9465 3.398529094 0.05296225071 0.5
9462 9470 0 0 0.5
9462 9473 3.422718218 0.05454356057 0.5
9463 9466 3.328062499 0.05454356057 0.5
9463 9468 2.979093822 0.02291287847 0.5
9463 9469 2.979093822 0.02291287847 0.5
9463 9474 3.422718218 0.05454356057 0.5
9464 9467 0 0 0.5
9464 9473 3.422718218 0.05454356057 0.5
9465 9472 3.398529094 0.05296225071 0.5
9466 9470 0 0 0.5
9467 9468 0 0 0.5
9467 9469 0 0 0.5
9468 9470 0 0 0.5
9469 9470 0 0 0.5
9470 9472 0 0 0.5
9472 9475 3.398529094 0.05296225071 0.5
9472 9480 0 0 0.5
9473 9476 3.328062499 0.05454356057 0.5
9473 9478 2.979093822 0.02291287847 0.5
9473 9479 2.979093822 0.02291287847 0.5
9474 9477 0 0 0.5
9476 9480 0 0 0.5
9477 9478 0 0 0.5
9477 9479 0 0 0.5
9478 9480 0 0 0.5
9479 9480 0 0 0.5
9482 9485 3.398529094 0.05296225071 0.5
9482 9490 0 0 0.5
9482 9493 3.422718218 0.05454356057 0.5
9482 9505 3.398529094 0.05296225071 0.5
9482 9510 0 0 0.5
9483 9486 3.328062499 0.05454356057 0.5
9483 9488 2.979093822 0.02291287847 0.5
9483 9489 2.979093822 0.02291287847 0.5
9483 9494 3.422718218 0.05454356057 0.5
9483 9502 3.422718218 0.05454356057 0.5
9483 9504 3.422718218 0.05454356057 0.5
9484 9487 0 0 0.5
9484 9493 3.422718218 0.05454356057 0.5
9484 9503 3.422718218 0.05454356057 0.5
9485 9492 3.398529094 0.05296225071 0.5
9486 9490 0 0 0.5
9487 9488 0 0 0.5
9487 9489 0 0 0.5
9488 9490 0 0 0.5
9489 9490 0 0 0.5
9490 9492 0 0 0.5
9492 9495 3.398529094 0.05296225071 0.5
9492 9500 0 0 0.5
9492 9503 3.422718218 0.05454356057 0.5
9493 9496 3.328062499 0.05454356057 0.5
9493 9498 2.979093822 0.02291287847 0.5
9493 9499 2.979093822 0.02291287847 0.5
9493 9504 3.422718218 0.05454356057 0.5
9494 9497 0 0 0.5
9494 9503 3.422718218 0.05454356057 0.5
9495 9502 3.398529094 0.05296225071 0.5
9496 9500 0 0 0.5
9497 9498 0 0 0.5
9497 9499 0 0 0.5
9498 9500 0 0 0.5
9499 9500 0 0 0.5
9500 9502 0 0 0.5
9502 9505 3.398529094 0.05296225071 0.5
9502 9510 0 0 0.5
9503 9506 3.328062499 0.05454356057 0.5
9503 9508 2.979093822 0.02291287847 0.5
9503 9509 2.979093822 0.02291287847 0.5
9504 9507 0 0 0.5
9506 9510 0 0 0.5
9507 9508 0 0 0.5
9507 9509 0 0 0.5
9508 9510 0 0 0.5
9509 9510 0 0 0.5
9512 9515 3.398529094 0.05296225071 0.5
9512 9520 0 0 0.5
9512 9523 3.422718218 0.05454356057 0.5
9512 9535 3.398529094 0.05296225071 0.5
9512 9540 0 0 0.5
9513 9516 3.328062499 0.05454356057 0.5
9513 9518 2.979093822 0.02291287847 0.5
9513 9519 2.979093822 0.02291287847 0.5
9513 9524 3.422718218 0.05454356057 0.5
9513 9532 3.422718218 0.05454356057 0.5
9513 9534 3.422718218 0.05454356057 0.5
9514 9517 0 0 0.5
9514 9523 3.422718218 0.05454356057 0.5
9514 9533 3.422718218 0.05454356057 0.5
9515 9522 3.398529094 0.05296225071 0.5
9516 9520 0 0 0.5
9517 9518 0 0 0.5
9517 9519 0 0 0.5
9518 9520 0 0 0.5
9519 9520 0 0 0.5
9520 9522 0 0 0.5
9522 9525 3.398529094 0.05296225071 0.5
9522 9530 0 0 0.5
9522 9533 3.422718218 0.05454356057 0.5
9523 9526 3.328062499 0.05454356057 0.5
9523 9528 2.979093822 0.02291287847 0.5
9523 9529 2.979093822 0.02291287847 0.5
9523 9534 3.422718218 0.05454356057 0.5
9524 9527 0 0 0.5
9524 9533 3.422718218 0.05454356057 0.5
9525 9532 3.398529094 0.05296225071 0.5
9526 9530 0 0 0.5
9527 9528 0 0 0.5
9527 9529 0 0 0.5
9528 9530 0 0 0.5
9529 9530 0 0 0.5
9530 9532 0 0 0.5
9532 9535 3.398529094 0.05296225071 0.5
9532 9540 0 0 0.5
9533 9536 3.328062499 0.05454356057 0.5
9533 9538 2.979093822 0.02291287847 0.5
9533 9539 2.979093822 0.02291287847 0.5
9534 9537 0 0 0.5
9536 9540 0 0 0.5
9537 9538 0 0 0.5
9537 9539 0 0 0.5
9538 9540 0 0 0.5
9539 9540 0 0 0.5
9542 9545 3.398529094 0.05296225071 0.5
9542 9550 0 0 0.5
9542 9553 3.422718218 0.05454356057 0.5
9542 9565 3.398529094 0.05296225071 0.5
9542 9570 0 0 0.5
9543 9546 3.328062499 0.05454356057 0.5
9543 9548 2.979093822 0.02291287847 0.5
9543 9549 2.979093822 0.02291287847 0.5
9543 9554 3.422718218 0.05454356057 0.5
9543 9562 3.422718218 0.05454356057 0.5
9543 9564 3.422718218 0.05454356057 0.5
9544 9547 0 0 0.5
9544 9553 3.422718218 0.05454356057 0.5
9544 9563 3.422718218 0.05454356057 0.5
9545 9552 3.398529094 0.05296225071 0.5
9546 9550 0 0 0.5
9547 9548 0 0 0.5
9547 9549 0 0 0.5
9548 9550 0 0 0.5
9549 9550 0 0 0.5
9550 9552 0 0 0.5
9552 9555 3.398529094 0.05296225071 0.5
9552 9560 0 0 0.5
9552 9563 3.422718218 0.05454356057 0.5
9553 9556 3.328062499 0.05454356057 0.5
9553 9558 2.979093822 0.02291287847 0.5
9553 9559 2.979093822 0.02291287847 0.5
9553 9564 3.422718218 0.05454356057 0.5
9554 9557 0 0 0.5
9554 9563 3.422718218 0.05454356057 0.5
9555 9562 3.398529094 0.05296225071 0.5
9556 9560 0 0 0.5
9557 9558 0 0 0.5
9557 9559 0 0 0.5
9558 9560 0 0 0.5
9559 9560 0 0 0.5
9560 9562 0 0 0.5
9562 9565 3.398529094 0.05296225071 0.5
9562 9570 0 0 0.5
9563 9566 3.328062499 0.05454356057 0.5
9563 9568 2.979093822 0.02291287847 0.5
9563 9569 2.979093822 0.02291287847 0.5
9564 9567 0 0 0.5
9566 9570 0 0 0.5
9567 9568 0 0 0.5
9567 9569 0 0 0.5
9568 9570 0 0 0.5
9569 9570 0 0 0.5
9572 9575 3.398529094 0.05296225071 0.5
9572 9580 0 0 0.5
9572 9583 3.422718218 0.05454356057 0.5
9572 9595 3.398529094 0.05296225071 0.5
9572 9600 0 0 0.5
9573 9576 3.328062499 0.05454356057 0.5
9573 9578 2.979093822 0.02291287847 0.5
9573 9579 2.979093822 0.02291287847 0.5
9573 9584 3.422718218 0.05454356057 0.5
9573 9592 3.422718218 0.05454356057 0.5
9573 9594 3.422718218 0.05454356057 0.5
9574 9577 0 0 0.5
9574 9583 3.422718218 0.05454356057 0.5
9574 9593 3.422718218 0.05454356057 0.5
9575 9582 3.398529094 0.05296225071 0.5
9576 9580 0 0 0.5
9577 9578 0 0 0.5
9577 9579 0 0 0.5
9578 9580 0 0 0.5
9579 9580 0 0 0.5
9580 9582 0 0 0.5
9582 9585 3.398529094 0.05296225071 0.5
9582 9590 0 0 0.5
9582 9593 3.422718218 0.05454356057 0.5
9583 9586 3.328062499 0.05454356057 0.5
9583 9588 2.979093822 0.02291287847 0.5
9583 9589 2.979093822 0.02291287847 0.5
9583 9594 3.422718218 0.05454356057 0.5
9584 9587 0 0 0.5
9584 9593 3.422718218 0.05454356057 0.5
9585 9592 3.398529094 0.05296225071 0.5
9586 9590 0 0 0.5
9587 9588 0 0 0.5
9587 9589 0 0 0.5
9588 9590 0 0 0.5
9589 9590 0 0 0.5
9590 9592 0 0 0.5
9592 9595 3.398529094 0.05296225071 0.5
9592 9600 0 0 0.5
9593 9596 3.328062499 0.05454356057 0.5
9593 9598 2.979093822 0.02291287847 0.5
9593 9599 2.979093822 0.02291287847 0.5
9594 9597 0 0 0.5
9596 9600 0 0 0.5
9597 9598 0 0 0.5
9597 9599 0 0 0.5
9598 9600 0 0 0.5
9599 9600 0 0 0.5
9602 9605 3.398529094 0.05296225071 0.5
9602 9610 0 0 0.5
9602 9613 3.422718218 0.05454356057 0.5
9602 9625 3.398529094 0.05296225071 0.5
9602 9630 0 0 0.5
9603 9606 3.328062499 0.05454356057 0.5
9603 9608 2.979093822 0.02291287847 0.5
9603 9609 2.979093822 0.02291287847 0.5
9603 9614 3.422718218 0.05454356057 0.5
9603 9622 3.422718218 0.05454356057 0.5
9603 9624 3.422718218 0.05454356057 0.5
9604 9607 0 0 0.5
9604 9613 3.422718218 0.05454356057 0.5
9604 9623 3.422718218 0.05454356057 0.5
9605 9612 3.398529094 0.05296225071 0.5
9606 9610 0 0 0.5
9607 9608 0 0 0.5
9607 9609 0 0 0.5
9608 9610 0 0 0.5
9609 9610 0 0 0.5
9610 9612 0 0 0.5
9612 9615 3.398529094 0.05296225071 0.5
9612 9620 0 0 0.5
9612 9623 3.422718218 0.05454356057 0.5
9613 9616 3.328062499 0.05454356057 0.5
9613 9618 2.979093822 0.02291287847 0.5
9613 9619 2.979093822 0.02291287847 0.5
9613 9624 3.422718218 0.05454356057 0.5
9614 9617 0 0 0.5
9614 9623 3.422718218 0.05454356057 0.5
9615 9622 3.398529094 0.05296225071 0.5
9616 9620 0 0 0.5
9617 9618 0 0 0.5
9617 9619 0 0 0.5
9618 9620 0 0 0.5
9619 9620 0 0 0.5
9620 9622 0 0 0.5
9622 9625 3.398529094 0.05296225071 0.5
9622 9630 0 0 0.5
9623 9626 3.328062499 0.05454356057 0.5
9623 9628 2.979093822 0.02291287847 0.5
9623 9629 2.979093822 0.02291287847 0.5
9624 9627 0 0 0.5
9626 9630 0 0 0.5
9627 9628 0 0 0.5
9627 9629 0 0 0.5
9628 9630 0 0 0.5
9629 9630 0 0 0.5
9632 9635 3.398529094 0.05296225071 0.5
9632 9640 0 0 0.5
9632 9643 3.422718218 0.05454356057 0.5
9632 9655 3.398529094 0.05296225071 0.5
9632 9660 0 0 0.5
9633 9636 3.328062499 0.05454356057 0.5
9633 9638 2.979093822 0.02291287847 0.5
9633 9639 2.979093822 0.02291287847 0.5
9633 9644 3.422718218 0.05454356057 0.5
9633 9652 3.422718218 0.05454356057 0.5
9633 9654 3.422718218 0.05454356057 0.5
9634 9637 0 0 0.5
9634 9643 3.422718218 0.05454356057 0.5
9634 9653 3.422718218 0.05454356057 0.5
9635 9642 3.398529094 0.05296225071 0.5
9636 9640 0 0 0.5
9637 9638 0 0 0.5
9637 9639 0 0 0.5
9638 9640 0 0 0.5
9639 9640 0 0 0.5
9640 9642 0 0 0.5
9642 9645 3.398529094 0.05296225071 0.5
9642 9650 0 0 0.5
9642 9653 3.422718218 0.05454356057 0.5
9643 9646 3.328062499 0.05454356057 0.5
9643 9648 2.979093822 0.02291287847 0.5
9643 9649 2.979093822 0.02291287847 0.5
9643 9654 3.422718218 0.05454356057 0.5
9644 9647 0 0 0.5
9644 9653 3.422718218 0.05454356057 0.5
9645 9652 3.398529094 0.05296225071 0.5
9646 9650 0 0 0.5
9647 9648 0 0 0.5
9647 9649 0 0 0.5
9648 9650 0 0 0.5
9649 9650 0 0 0.5
9650 9652 0 0 0.5
9652 9655 3.398529094 0.05296225071 0.5
9652 9660 0 0 0.5
9653 9656 3.328062499 0.05454356057 0.5
9653 9658 2.979093822 0.02291287847 0.5
9653 9659 2.979093822 0.02291287847 0.5
9654 9657 0 0 0.5
9656 9660 0 0 0.5
9657 9658 0 0 0.5
9657 9659 0 0 0.5
9658 9660 0 0 0.5
9659 9660 0 0 0.5
9662 9665 3.398529094 0.05296225071 0.5
9662 9670 0 0 0.5
9662 9673 3.422718218 0.05454356057 0.5
9662 9685 3.398529094 0.05296225071 0.5
9662 9690 0 0 0.5
9663 9666 3.328062499 0.05454356057 0.5
9663 9668 2.979093822 0.02291287847 0.5
9663 9669 2.979093822 0.02291287847 0.5
9663 9674 3.422718218 0.05454356057 0.5
9663 9682 3.422718218 0.05454356057 0.5
9663 9684 3.422718218 0.05454356057 0.5
9664 9667 0 0 0.5
9664 9673 3.422718218 0.05454356057 0.5
9664 9683 3.422718218 0.05454356057 0.5
9665 9672 3.398529094 0.05296225071 0.5
9666 9670 0 0 0.5
9667 9668 0 0 0.5
9667 9669 0 0 0.5
9668 9670 0 0 0.5
9669 9670 0 0 0.5
9670 9672 0 0 0.5
9672 9675 3.398529094 0.05296225071 0.5
9672 9680 0 0 0.5
9672 9683 3.422718218 0.05454356057 0.5
9673 9676 3.328062499 0.05454356057 0.5
9673 9678 2.979093822 0.02291287847 0.5
9673 9679 2.979093822 0.02291287847 0.5
9673 9684 3.422718218 0.05454356057 0.5
9674 9677 0 0 0.5
9674 9683 3.422718218 0.05454356057 0.5
9675 9682 3.398529094 0.05296225071 0.5
9676 9680 0 0 0.5
9677 9678 0 0 0.5
9677 9679 0 0 0.5
9678 9680 0 0 0.5
9679 9680 0 0 0.5
9680 9682 0 0 0.5
9682 9685 3.398529094 0.05296225071 0.5
9682 9690 0 0 0.5
9683 9686 3.328062499 0.05454356057 0.5
9683 9688 2.979093822 0.02291287847 0.5
9683 9689 2.979093822 0.02291287847 0.5
9684 9687 0 0 0.5
9686 9690 0 0 0.5
9687 9688 0 0 0.5
9687 9689 0 0 0.5
9688 9690 0 0 0.5
9689 9690 0 0 0.5
9692 9695 3.398529094 0.05296225071 0.5
9692 9700 0 0 0.5
9692 9703 3.422718218 0.05454356057 0.5
9692 9715 3.398529094 0.05296225071 0.5
9692 9720 0 0 0.5
9693 9696 3.328062499 0.05454356057 0.5
9693 9698 2.979093822 0.02291287847 0.5
9693 9699 2.979093822 0.02291287847 0.5
9693 9704 3.422718218 0.05454356057 0.5
9693 9712 3.422718218 0.05454356057 0.5
9693 9714 3.422718218 0.05454356057 0.5
9694 9697 0 0 0.5
9694 9703 3.422718218 0.05454356057 0.5
9694 9713 3.422718218 0.05454356057 0.5
9695 9702 3.398529094 0.05296225071 0.5
9696 9700 0 0 0.5
9697 9698 0 0 0.5
9697 9699 0 0 0.5
9698 9700 0 0 0.5
9699 9700 0 0 0.5
9700 9702 0 0 0.5
9702 9705 3.398529094 0.05296225071 0.5
9702 9710 0 0 0.5
9702 9713 3.422718218 0.05454356057 0.5
9703 9706 3.328062499 0.05454356057 0.5
9703 9708 2.979093822 0.02291287847 0.5
9703 9709 2.979093822 0.02291287847 0.5
9703 9714 3.422718218 0.05454356057 0.5
9704 9707 0 0 0.5
9704 9713 3.422718218 0.05454356057 0.5
9705 9712 3.398529094 0.05296225071 0.5
9706 9710 0 0 0.5
9707 9708 0 0 0.5
9707 9709 0 0 0.5
9708 9710 0 0 0.5
9709 9710 0 0 0.5
9710 9712 0 0 0.5
9712 9715 3.398529094 0.05296225071 0.5
9712 9720 0 0 0.5
9713 9716 3.328062499 0.05454356057 0.5
9713 9718 2.979093822 0.02291287847 0.5
9713 9719 2.979093822 0.02291287847 0.5
9714 9717 0 0 0.5
9716 9720 0 0 0.5
9717 9718 0 0 0.5
9717 9719 0 0 0.5
9718 9720 0 0 0.5
9719 9720 0 0 0.5
9722 9725 3.398529094 0.05296225071 0.5
9722 9730 0 0 0.5
9722 9733 3.422718218 0.05454356057 0.5
9722 9745 3.398529094 0.05296225071 0.5
9722 9750 0 0 0.5
9723 9726 3.328062499 0.05454356057 0.5
9723 9728 2.979093822 0.02291287847 0.5
9723 9729 2.979093822 0.02291287847 0.5
9723 9734 3.422718218 0.05454356057 0.5
9723 9742 3.422718218 0.05454356057 0.5
9723 9744 3.422718218 0.05454356057 0.5
9724 9727 0 0 0.5
9724 9733 3.422718218 0.05454356057 0.5
9724 9743 3.422718218 0.05454356057 0.5
9725 9732 3.398529094 0.05296225071 0.5
9726 9730 0 0 0.5
9727 9728 0 0 0.5
9727 9729 0 0 0.5
9728 9730 0 0 0.5
9729 9730 0 0 0.5
9730 9732 0 0 0.5
9732 9735 3.398529094 0.05296225071 0.5
9732 9740 0 0 0.5
9732 9743 3.422718218 0.05454356057 0.5
9733 9736 3.328062499 0.05454356057 0.5
9733 9738 2.979093822 0.02291287847 0.5
9733 9739 2.979093822 0.02291287847 0.5
9733 9744 3.422718218 0.05454356057 0.5
9734 9737 0 0 0.5
9734 9743 3.422718218 0.05454356057 0.5
9735 9742 3.398529094 0.05296225071 0.5
9736 9740 0 0 0.5
9737 9738 0 0 0.5
9737 9739 0 0 0.5
9738 9740 0 0 0.5
9739 9740 0 0 0.5
9740 9742 0 0 0.5
9742 9745 3.398529094 0.05296225071 0.5
9742 9750 0 0 0.5
9743 9746 3.328062499 0.05454356057 0.5
9743 9748 2.979093822 0.02291287847 0.5
9743 9749 2.979093822 0.02291287847 0.5
9744 9747 0 0 0.5
9746 9750 0 0 0.5
9747 9748 0 0 0.5
9747 9749 0 0 0.5
9748 9750 0 0 0.5
9749 9750 0 0 0.5
9752 9755 3.398529094 0.05296225071 0.5
9752 9760 0 0 0.5
9752 9763 3.422718218 0.05454356057 0.5
9752 9775 3.398529094 0.05296225071 0.5
9752 9780 0 0 0.5
9753 9756 3.328062499 0.05454356057 0.5
9753 9758 2.979093822 0.02291287847 0.5
9753 9759 2.979093822 0.02291287847 0.5
9753 9764 3.422718218 0.05454356057 0.5
9753 9772 3.422718218 0.05454356057 0.5
9753 9774 3.422718218 0.05454356057 0.5
9754 9757 0 0 0.5
9754 9763 3.422718218 0.05454356057 0.5
9754 9773 3.422718218 0.05454356057 0.5
9755 9762 3.398529094 0.05296225071 0.5
9756 9760 0 0 0.5
9757 9758 0 0 0.5
9757 9759 0 0 0.5
9758 9760 0 0 0.5
9759 9760 0 0 0.5
9760 9762 0 0 0.5
9762 9765 3.398529094 0.05296225071 0.5
9762 9770 0 0 0.5
9762 9773 3.422718218 0.05454356057 0.5
9763 9766 3.328062499 0.05454356057 0.5
9763 9768 2.979093822 0.02291287847 0.5
9763 9769 2.979093822 0.02291287847 0.5
9763 9774 3.422718218 0.05454356057 0.5
9764 9767 0 0 0.5
9764 9773 3.422718218 0.05454356057 0.5
9765 9772 3.398529094 0.05296225071 0.5
9766 9770 0 0 0.5
9767 9768 0 0 0.5
9767 9769 0 0 0.5
9768 9770 0 0 0.5
9769 9770 0 0 0.5
9770 9772 0 0 0.5
9772 9775 3.398529094 0.05296225071 0.5
9772 9780 0 0 0.5
9773 9776 3.328062499 0.05454356057 0.5
9773 9778 2.979093822 0.02291287847 0.5
9773 9779 2.979093822 0.02291287847 0.5
9774 9777 0 0 0.5
9776 9780 0 0 0.5
9777 9778 0 0 0.5
9777 9779 0 0 0.5
9778 9780 0 0 0.5
9779 9780 0 0 0.5
9782 9785 3.398529094 0.05296225071 0.5
9782 9790 0 0 0.5
9782 9793 3.422718218 0.05454356057 0.5
9782 9805 3.398529094 0.05296225071 0.5
9782 9810 0 0 0.5
9783 9786 3.328062499 0.05454356057 0.5
9783 9788 2.979093822 0.02291287847 0.5
9783 9789 2.979093822 0.02291287847 0.5
9783 9794 3.422718218 0.05454356057 0.5
9783 9802 3.422718218 0.05454356057 0.5
9783 9804 3.422718218 0.05454356057 0.5
9784 9787 0 0 0.5
9784 9793 3.422718218 0.05454356057 0.5
9784 9803 3.422718218 0.05454356057 0.5
9785 9792 3.398529094 0.05296225071 0.5
9786 9790 0 0 0.5
9787 9788 0 0 0.5
9787 9789 0 0 0.5
9788 9790 0 0 0.5
9789 9790 0 0 0.5
9790 9792 0 0 0.5
9792 9795 3.398529094 0.05296225071 0.5
9792 9800 0 0 0.5
9792 9803 3.422718218 0.05454356057 0.5
9793 9796 3.328062499 0.05454356057 0.5
9793 9798 2.979093822 0.02291287847 0.5
9793 9799 2.979093822 0.02291287847 0.5
9793 9804 3.422718218 0.05454356057 0.5
9794 9797 0 0 0.5
9794 9803 3.422718218 0.05454356057 0.5
9795 9802 3.398529094 0.05296225071 0.5
9796 9800 0 0 0.5
9797 9798 0 0 0.5
9797 9799 0 0 0.5
9798 9800 0 0 0.5
9799 9800 0 0 0.5
9800 9802 0 0 0.5
9802 9805 3.398529094 0.05296225071 0.5
9802 9810 0 0 0.5
9803 9806 3.328062499 0.05454356057 0.5
9803 9808 2.979093822 0.02291287847 0.5
9803 9809 2.979093822 0.02291287847 0.5
9804 9807 0 0 0.5
9806 9810 0 0 0.5
9807 9808 0 0 0.5
9807 9809 0 0 0.5
9808 9810 0 0 0.5
9809 9810 0 0 0.5
9812 9815 3.398529094 0.05296225071 0.5
9812 9820 0 0 0.5
9812 9823 3.422718218 0.05454356057 0.5
9812 9835 3.398529094 0.05296225071 0.5
9812 9840 0 0 0.5
9813 9816 3.328062499 0.05454356057 0.5
9813 9818 2.979093822 0.02291287847 0.5
9813 9819 2.979093822 0.02291287847 0.5
9813 9824 3.422718218 0.05454356057 0.5
9813 9832 3.422718218 0.05454356057 0.5
9813 9834 3.422718218 0.05454356057 0.5
9814 9817 0 0 0.5
9814 9823 3.422718218 0.05454356057 0.5
9814 9833 3.422718218 0.05454356057 0.5
9815 9822 3.398529094 0.05296225071 0.5
9816 9820 0 0 0.5
9817 9818 0 0 0.5
9817 9819 0 0 0.5
9818 9820 0 0 0.5
9819 9820 0 0 0.5
9820 9822 0 0 0.5
9822 9825 3.398529094 0.05296225071 0.5
9822 9830 0 0 0.5
9822 9833 3.422718218 0.05454356057 0.5
9823 9826 3.328062499 0.05454356057 0.5
9823 9828 2.979093822 0.02291287847 0.5
9823 9829 2.979093822 0.02291287847 0.5
9823 9834 3.422718218 0.05454356057 0.5
9824 9827 0 0 0.5
9824 9833 3.422718218 0.05454356057 0.5
9825 9832 3.398529094 0.05296225071 0.5
9826 9830 0 0 0.5
9827 9828 0 0 0.5
9827 9829 0 0 0.5
9828 9830 0 0 0.5
9829 9830 0 0 0.5
9830 9832 0 0 0.5
9832 9835 3.398529094 0.05296225071 0.5
9832 9840 0 0 0.5
9833 9836 3.328062499 0.05454356057 0.5
9833 9838 2.979093822 0.02291287847 0.5
9833 9839 2.979093822 0.02291287847 0.5
9834 9837 0 0 0.5
9836 9840 0 0 0.5
9837 9838 0 0 0.5
9837 9839 0 0 0.5
9838 9840 0 0 0.5
9839 9840 0 0 0.5
9842 9845 3.398529094 0.05296225071 0.5
9842 9850 0 0 0.5
9842 9853 3.422718218 0.05454356057 0.5
9842 9865 3.398529094 0.05296225071 0.5
9842 9870 0 0 0.5
9843 9846 3.328062499 0.05454356057 0.5
9843 9848 2.979093822 0.02291287847 0.5
9843 9849 2.979093822 0.02291287847 0.5
9843 9854 3.422718218 0.05454356057 0.5
9843 9862 3.422718218 0.05454356057 0.5
9843 9864 3.422718218 0.05454356057 0.5
9844 9847 0 0 0.5
9844 9853 3.422718218 0.05454356057 0.5
9844 9863 3.422718218 0.05454356057 0.5
9845 9852 3.398529094 0.05296225071 0.5
9846 9850 0 0 0.5
9847 9848 0 0 0.5
9847 9849 0 0 0.5
9848 9850 0 0 0.5
9849 9850 0 0 0.5
9850 9852 0 0 0.5
9852 9855 3.398529094 0.05296225071 0.5
9852 9860 0 0 0.5
9852 9863 3.422718218 0.05454356057 0.5
9853 9856 3.328062499 0.05454356057 0.5
9853 9858 2.979093822 0.02291287847 0.5
9853 9859 2.979093822 0.02291287847 0.5
9853 9864 3.422718218 0.05454356057 0.5
9854 9857 0 0 0.5
9854 9863 3.422718218 0.05454356057 0.5
9855 9862 3.398529094 0.05296225071 0.5
9856 9860 0 0 0.5
9857 9858 0 0 0.5
9857 9859 0 0 0.5
9858 9860 0 0 0.5
9859 9860 0 0 0.5
9860 9862 0 0 0.5
9862 9865 3.398529094 0.05296225071 0.5
9862 9870 0 0 0.5
9863 9866 3.328062499 0.05454356057 0.5
9863 9868 2.979093822 0.02291287847 0.5
9863 9869 2.979093822 0.02291287847 0.5
9864 9867 0 0 0.5
9866 9870 0 0 0.5
9867 9868 0 0 0.5
9867 9869 0 0 0.5
9868 9870 0 0 0.5
9869 9870 0 0 0.5
9872 9875 3.398529094 0.05296225071 0.5
9872 9880 0 0 0.5
9872 9883 3.422718218 0.05454356057 0.5
9872 9895 3.398529094 0.05296225071 0.5
9872 9900 0 0 0.5
9873 9876 3.328062499 0.05454356057 0.5
9873 9878 2.979093822 0.02291287847 0.5
9873 9879 2.979093822 0.02291287847 0.5
9873 9884 3.422718218 0.05454356057 0.5
9873 9892 3.422718218 0.05454356057 0.5
9873 9894 3.422718218 0.05454356057 0.5
9874 9877 0 0 0.5
9874 9883 3.422718218 0.05454356057 0.5
9874 9893 3.422718218 0.05454356057 0.5
9875 9882 3.398529094 0.05296225071 0.5
9876 9880 0 0 0.5
9877 9878 0 0 0.5
9877 9879 0 0 0.5
9878 9880 0 0 0.5
9879 9880 0 0 0.5
9880 9882 0 0 0.5
9882 9885 3.398529094 0.05296225071 0.5
9882 9890 0 0 0.5
9882 9893 3.422718218 0.05454356057 0.5
9883 9886 3.328062499 0.05454356057 0.5
9883 9888 2.979093822 0.02291287847 0.5
9883 9889 2.979093822 0.02291287847 0.5
9883 9894 3.422718218 0.05454356057 0.5
9884 9887 0 0 0.5
9884 9893 3.422718218 0.05454356057 0.5
9885 9892 3.398529094 0.05296225071 0.5
9886 9890 0 0 0.5
9887 9888 0 0 0.5
9887 9889 0 0 0.5
9888 9890 0 0 0.5
9889 9890 0 0 0.5
9890 9892 0 0 0.5
9892 9895 3.398529094 0.05296225071 0.5
9892 9900 0 0 0.5
9893 9896 3.328062499 0.05454356057 0.5
9893 9898 2.979093822 0.02291287847 0.5
9893 9899 2.979093822 0.02291287847 0.5
9894 9897 0 0 0.5
9896 9900 0 0 0.5
9897 9898 0 0 0.5
9897 9899 0 0 0.5
9898 9900 0 0 0.5
9899 9900 0 0 0.5
9902 9905 3.398529094 0.05296225071 0.5
9902 9910 0 0 0.5
9902 9913 3.422718218 0.05454356057 0.5
9902 9925 3.398529094 0.05296225071 0.5
9902 9930 0 0 0.5
9903 9906 3.328062499 0.05454356057 0.5
9903 9908 2.979093822 0.02291287847 0.5
9903 9909 2.979093822 0.02291287847 0.5
9903 9914 3.422718218 0.05454356057 0.5
9903 9922 3.422718218 0.05454356057 0.5
9903 9924 3.422718218 0.05454356057 0.5
9904 9907 0 0 0.5
9904 9913 3.422718218 0.05454356057 0.5
9904 9923 3.422718218 0.05454356057 0.5
9905 9912 3.398529094 0.05296225071 0.5
9906 9910 0 0 0.5
9907 9908 0 0 0.5
9907 9909 0 0 0.5
9908 9910 0 0 0.5
9909 9910 0 0 0.5
9910 9912 0 0 0.5
9912 9915 3.398529094 0.05296225071 0.5
9912 9920 0 0 0.5
9912 9923 3.422718218 0.05454356057 0.5
9913 9916 3.328062499 0.05454356057 0.5
9913 9918 2.979093822 0.02291287847 0.5
9913 9919 2.979093822 0.02291287847 0.5
9913 9924 3.422718218 0.05454356057 0.5
9914 9917 0 0 0.5
9914 9923 3.422718218 0.05454356057 0.5
9915 9922 3.398529094 0.05296225071 0.5
9916 9920 0 0 0.5
9917 9918 0 0 0.5
9917 9919 0 0 0.5
9918 9920 0 0 0.5
9919 9920 0 0 0.5
9920 9922 0 0 0.5
9922 9925 3.398529094 0.05296225071 0.5
9922 9930 0 0 0.5
9923 9926 3.328062499 0.05454356057 0.5
9923 9928 2.979093822 0.02291287847 0.5
9923 9929 2.979093822 0.02291287847 0.5
9924 9927 0 0 0.5
9926 9930 0 0 0.5
9927 9928 0 0 0.5
9927 9929 0 0 0.5
9928 9930 0 0 0.5
9929 9930 0 0 0.5
9932 9935 3.398529094 0.05296225071 0.5
9932 9940 0 0 0.5
9932 9943 3.422718218 0.05454356057 0.5
9932 9955 3.398529094 0.05296225071 0.5
9932 9960 0 0 0.5
9933 9936 3.328062499 0.05454356057 0.5
9933 9938 2.979093822 0.02291287847 0.5
9933 9939 2.979093822 0.02291287847 0.5
9933 9944 3.422718218 0.05454356057 0.5
9933 9952 3.422718218 0.05454356057 0.5
9933 9954 3.422718218 0.05454356057 0.5
9934 9937 0 0 0.5
9934 9943 3.422718218 0.05454356057 0.5
9934 9953 3.422718218 0.05454356057 0.5
9935 9942 3.398529094 0.05296225071 0.5
9936 9940 0 0 0.5
9937 9938 0 0 0.5
9937 9939 0 0 0.5
9938 9940 0 0 0.5
9939 9940 0 0 0.5
9940 9942 0 0 0.5
9942 9945 3.398529094 0.05296225071 0.5
9942 9950 0 0 0.5
9942 9953 3.422718218 0.05454356057 0.5
9943 9946 3.328062499 0.05454356057 0.5
9943 9948 2.979093822 0.02291287847 0.5
9943 9949 2.979093822 0.02291287847 0.5
9943 9954 3.422718218 0.05454356057 0.5
9944 9947 0 0 0.5
9944 9953 3.422718218 0.05454356057 0.5
9945 9952 3.398529094 0.05296225071 0.5
9946 9950 0 0 0.5
9947 9948 0 0 0.5
9947 9949 0 0 0.5
9948 9950 0 0 0.5
9949 9950 0 0 0.5
9950 9952 0 0 0.5
9952 9955 3.398529094 0.05296225071 0.5
9952 9960 0 0 0.5
9953 9956 3.328062499 0.05454356057 0.5
9953 9958 2.979093822 0.02291287847 0.5
9953 9959 2.979093822 0.02291287847 0.5
9954 9957 0 0 0.5
9956 9960 0 0 0.5
9957 9958 0 0 0.5
9957 9959 0 0 0.5
9958 9960 0 0 0.5
9959 9960 0 0 0.5
9962 9965 3.398529094 0.05296225071 0.5
9962 9970 0 0 0.5
9962 9973 3.422718218 0.05454356057 0.5
9962 9985 3.398529094 0.05296225071 0.5
9962 9990 0 0 0.5
9963 9966 3.328062499 0.05454356057 0.5
9963 9968 2.979093822 0.02291287847 0.5
9963 9969 2.979093822 0.02291287847 0.5
9963 9974 3.422718218 0.05454356057 0.5
9963 9982 3.422718218 0.05454356057 0.5
9963 9984 3.422718218 0.05454356057 0.5
9964 9967 0 0 0.5
9964 9973 3.422718218 0.05454356057 0.5
9964 9983 3.422718218 0.05454356057 0.5
9965 9972 3.398529094 0.05296225071 0.5
9966 9970 0 0 0.5
9967 9968 0 0 0.5
9967 9969 0 0 0.5
9968 9970 0 0 0.5
9969 9970 0 0 0.5
9970 9972 0 0 0.5
9972 9975 3.398529094 0.05296225071 0.5
9972 9980 0 0 0.5
9972 9983 3.422718218 0.05454356057 0.5
9973 9976 3.328062499 0.05454356057 0.5
9973 9978 2.979093822 0.02291287847 0.5
9973 9979 2.979093822 0.02291287847 0.5
9973 9984 3.422718218 0.05454356057 0.5
9974 9977 0 0 0.5
9974 9983 3.422718218 0.05454356057 0.5
9975 9982 3.398529094 0.05296225071 0.5
9976 9980 0 0 0.5
9977 9978 0 0 0.5
9977 9979 0 0 0.5
9978 9980 0 0 0.5
9979 9980 0 0 0.5
9980 9982 0 0 0.5
9982 9985 3.398529094 0.05296225071 0.5
9982 9990 0 0 0.5
9983 9986 3.328062499 0.05454356057 0.5
9983 9988 2.979093822 0.02291287847 0.5
9983 9989 2.979093822 0.02291287847 0.5
9984 9987 0 0 0.5
9986 9990 0 0 0.5
9987 9988 0 0 0.5
9987 9989 0 0 0.5
9988 9990 0 0 0.5
9989 9990 0 0 0.5
9992 9995 3.398529094 0.05296225071 0.5
9992 10000 0 0 0.5
9992 10003 3.422718218 0.05454356057 0.5
9992 10015 3.398529094 0.05296225071 0.5
9992 10020 0 0 0.5
9993 9996 3.328062499 0.05454356057 0.5
9993 9998 2.979093822 0.02291287847 0.5
9993 9999 2.979093822 0.02291287847 0.5
9993 10004 3.422718218 0.05454356057 0.5
9993 10012 3.422718218 0.05454356057 0.5
9993 10014 3.422718218 0.05454356057 0.5
9994 9997 0 0 0.5
9994 10003 3.422718218 0.05454356057 0.5
9994 10013 3.422718218 0.05454356057 0.5
9995 10002 3.398529094 0.05296225071 0.5
9996 10000 0 0 0.5
9997 9998 0 0 0.5
9997 9999 0 0 0.5
9998 10000 0 0 0.5
9999 10000 0 0 0.5
10000 10002 0 0 0.5
10002 10005 3.398529094 0.05296225071 0.5
10002 10010 0 0 0.5
10002 10013 3.422718218 0.05454356057 0.5
10003 10006 3.328062499 0.05454356057 0.5
10003 10008 2.979093822 0.02291287847 0.5
10003 10009 2.979093822 0.02291287847 0.5
10003 10014 3.422718218 0.05454356057 0.5
10004 10007 0 0 0.5
10004 10013 3.422718218 0.05454356057 0.5
10005 10012 3.398529094 0.05296225071 0.5
10006 10010 0 0 0.5
10007 10008 0 0 0.5
10007 10009 0 0 0.5
10008 10010 0 0 0.5
10009 10010 0 0 0.5
10010 10012 0 0 0.5
10012 10015 3.398529094 0.05296225071 0.5
10012 10020 0 0 0.5
10013 10016 3.328062499 0.05454356057 0.5
10013 10018 2.979093822 0.02291287847 0.5
10013 10019 2.979093822 0.02291287847 0.5
10014 10017 0 0 0.5
10016 10020 0 0 0.5
10017 10018 0 0 0.5
10017 10019 0 0 0.5
10018 10020 0 0 0.5
10019 10020 0 0 0.5
10022 10025 3.398529094 0.05296225071 0.5
10022 10030 0 0 0.5
10022 10033 3.422718218 0.05454356057 0.5
10022 10045 3.398529094 0.05296225071 0.5
10022 10050 0 0 0.5
10023 10026 3.328062499 0.05454356057 0.5
10023 10028 2.979093822 0.02291287847 0.5
10023 10029 2.979093822 0.02291287847 0.5
10023 10034 3.422718218 0.05454356057 0.5
10023 10042 3.422718218 0.05454356057 0.5
10023 10044 3.422718218 0.05454356057 0.5
10024 10027 0 0 0.5
10024 10033 3.422718218 0.05454356057 0.5
10024 10043 3.422718218 0.05454356057 0.5
10025 10032 3.398529094 0.05296225071 0.5
10026 10030 0 0 0.5
10027 10028 0 0 0.5
10027 10029 0 0 0.5
10028 10030 0 0 0.5
10029 10030 0 0 0.5
10030 10032 0 0 0.5
10032 10035 3.398529094 0.05296225071 0.5
10032 10040 0 0 0.5
10032 10043 3.422718218 0.05454356057 0.5
10033 10036 3.328062499 0.05454356057 0.5
10033 10038 2.979093822 0.02291287847 0.5
10033 10039 2.979093822 0.02291287847 0.5
10033 10044 3.422718218 0.05454356057 0.5
10034 10037 0 0 0.5
10034 10043 3.422718218 0.05454356057 0.5
10035 10042 3.398529094 0.05296225071 0.5
10036 10040 0 0 0.5
10037 10038 0 0 0.5
10037 10039 0 0 0.5
10038 10040 0 0 0.5
10039 10040 0 0 0.5
10040 10042 0 0 0.5
10042 10045 3.398529094 0.05296225071 0.5
10042 10050 0 0 0.5
10043 10046 3.328062499 0.05454356057 0.5
10043 10048 2.979093822 0.02291287847 0.5
10043 10049 2.979093822 0.02291287847 0.5
10044 10047 0 0 0.5
10046 10050 0 0 0.5
10047 10048 0 0 0.5
10047 10049 0 0 0.5
10048 10050 0 0 0.5
10049 10050 0 0 0.5
10052 10055 3.398529094 0.05296225071 0.5
10052 10060 0 0 0.5
10052 10063 3.422718218 0.05454356057 0.5
10052 10075 3.398529094 0.05296225071 0.5
10052 10080 0 0 0.5
10053 10056 3.328062499 0.05454356057 0.5
10053 10058 2.979093822 0.02291287847 0.5
10053 10059 2.979093822 0.02291287847 0.5
10053 10064 3.422718218 0.05454356057 0.5
10053 10072 3.422718218 0.05454356057 0.5
10053 10074 3.422718218 0.05454356057 0.5
10054 10057 0 0 0.5
10054 10063 3.422718218 0.05454356057 0.5
10054 10073 3.422718218 0.05454356057 0.5
10055 10062 3.398529094 0.05296225071 0.5
10056 10060 0 0 0.5
10057 10058 0 0 0.5
10057 10059 0 0 0.5
10058 10060 0 0 0.5
10059 10060 0 0 0.5
10060 10062 0 0 0.5
10062 10065 3.398529094 0.05296225071 0.5
10062 10070 0 0 0.5
10062 10073 3.422718218 0.05454356057 0.5
10063 10066 3.328062499 0.05454356057 0.5
10063 10068 2.979093822 0.02291287847 0.5
10063 10069 2.979093822 0.02291287847 0.5
10063 10074 3.422718218 0.05454356057 0.5
10064 10067 0 0 0.5
10064 10073 3.422718218 0.05454356057 0.5
10065 10072 3.398529094 0.05296225071 0.5
10066 10070 0 0 0.5
10067 10068 0 0 0.5
10067 10069 0 0 0.5
10068 10070 0 0 0.5
10069 10070 0 0 0.5
10070 10072 0 0 0.5
10072 10075 3.398529094 0.05296225071 0.5
10072 10080 0 0 0.5
10073 10076 3.328062499 0.05454356057 0.5
10073 10078 2.979093822 0.02291287847 0.5
10073 10079 2.979093822 0.02291287847 0.5
10074 10077 0 0 0.5
10076 10080 0 0 0.5
10077 10078 0 0 0.5
10077 10079 0 0 0.5
10078 10080 0 0 0.5
10079 10080 0 0 0.5
10082 10085 3.398529094 0.05296225071 0.5
10082 10090 0 0 0.5
10082 10093 3.422718218 0.05454356057 0.5
10082 10105 3.398529094 0.05296225071 0.5
10082 10110 0 0 0.5
10083 10086 3.328062499 0.05454356057 0.5
10083 10088 2.979093822 0.02291287847 0.5
10083 10089 2.979093822 0.02291287847 0.5
10083 10094 3.422718218 0.05454356057 0.5
10083 10102 3.422718218 0.05454356057 0.5
10083 10104 3.422718218 0.05454356057 0.5
10084 10087 0 0 0.5
10084 10093 3.422718218 0.05454356057 0.5
10084 10103 3.422718218 0.05454356057 0.5
10085 10092 3.398529094 0.05296225071 0.5
10086 10090 0 0 0.5
10087 10088 0 0 0.5
10087 10089 0 0 0.5
10088 10090 0 0 0.5
10089 10090 0 0 0.5
10090 10092 0 0 0.5
10092 10095 3.398529094 0.05296225071 0.5
10092 10100 0 0 0.5
10092 10103 3.422718218 0.05454356057 0.5
10093 10096 3.328062499 0.05454356057 0.5
10093 10098 2.979093822 0.02291287847 0.5
10093 10099 2.979093822 0.02291287847 0.5
10093 10104 3.422718218 0.05454356057 0.5
10094 10097 0 0 0.5
10094 10103 3.422718218 0.05454356057 0.5
10095 10102 3.398529094 0.05296225071 0.5
10096 10100 0 0 0.5
10097 10098 0 0 0.5
10097 10099 0 0 0.5
10098 10100 0 0 0.5
10099 10100 0 0 0.5
10100 10102 0 0 0.5
10102 10105 3.398529094 0.05296225071 0.5
10102 10110 0 0 0.5
10103 10106 3.328062499 0.05454356057 0.5
10103 10108 2.979093822 0.02291287847 0.5
10103 10109 2.979093822 0.02291287847 0.5
10104 10107 0 0 0.5
10106 10110 0 0 0.5
10107 10108 0 0 0.5
10107 10109 0 0 0.5
10108 10110 0 0 0.5
10109 10110 0 0 0.5
10112 10115 3.398529094 0.05296225071 0.5
10112 10120 0 0 0.5
10112 10123 3.422718218 0.05454356057 0.5
10112 10135 3.398529094 0.05296225071 0.5
10112 10140 0 0 0.5
10113 10116 3.328062499 0.05454356057 0.5
10113 10118 2.979093822 0.02291287847 0.5
10113 10119 2.979093822 0.02291287847 0.5
10113 10124 3.422718218 0.05454356057 0.5
10113 10132 3.422718218 0.05454356057 0.5
10113 10134 3.422718218 0.05454356057 0.5
10114 10117 0 0 0.5
10114 10123 3.422718218 0.05454356057 0.5
10114 10133 3.422718218 0.05454356057 0.5
10115 10122 3.398529094 0.05296225071 0.5
10116 10120 0 0 0.5
10117 10118 0 0 0.5
10117 10119 0 0 0.5
10118 10120 0 0 0.5
10119 10120 0 0 0.5
10120 10122 0 0 0.5
10122 10125 3.398529094 0.05296225071 0.5
10122 10130 0 0 0.5
10122 10133 3.422718218 0.05454356057 0.5
10123 10126 3.328062499 0.05454356057 0.5
10123 10128 2.979093822 0.02291287847 0.5
10123 10129 2.979093822 0.02291287847 0.5
10123 10134 3.422718218 0.05454356057 0.5
10124 10127 0 0 0.5
10124 10133 3.422718218 0.05454356057 0.5
10125 10132 3.398529094 0.05296225071 0.5
10126 10130 0 0 0.5
10127 10128 0 0 0.5
10127 10129 0 0 0.5
10128 10130 0 0 0.5
10129 10130 0 0 0.5
10130 10132 0 0 0.5
10132 10135 3.398529094 0.05296225071 0.5
10132 10140 0 0 0.5
10133 10136 3.328062499 0.05454356057 0.5
10133 10138 2.979093822 0.02291287847 0.5
10133 10139 2.979093822 0.02291287847 0.5
10134 10137 0 0 0.5
10136 10140 0 0 0.5
10137 10138 0 0 0.5
10137 10139 0 0 0.5
10138 10140 0 0 0.5
10139 10140 0 0 0.5
10142 10145 3.398529094 0.05296225071 0.5
10142 10150 0 0 0.5
10142 10153 3.422718218 0.05454356057 0.5
10142 10165 3.398529094 0.05296225071 0.5
10142 10170 0 0 0.5
10143 10146 3.328062499 0.05454356057 0.5
10143 10148 2.979093822 0.02291287847 0.5
10143 10149 2.979093822 0.02291287847 0.5
10143 10154 3.422718218 0.05454356057 0.5
10143 10162 3.422718218 0.05454356057 0.5
10143 10164 3.422718218 0.05454356057 0.5
10144 10147 0 0 0.5
10144 10153 3.422718218 0.05454356057 0.5
10144 10163 3.422718218 0.05454356057 0.5
10145 10152 3.398529094 0.05296225071 0.5
10146 10150 0 0 0.5
10147 10148 0 0 0.5
10147 10149 0 0 0.5
10148 10150 0 0 0.5
10149 10150 0 0 0.5
10150 10152 0 0 0.5
10152 10155 3.398529094 0.05296225071 0.5
10152 10160 0 0 0.5
10152 10163 3.422718218 0.05454356057 0.5
10153 10156 3.328062499 0.05454356057 0.5
10153 10158 2.979093822 0.02291287847 0.5
10153 10159 2.979093822 0.02291287847 0.5
10153 10164 3.422718218 0.05454356057 0.5
10154 10157 0 0 0.5
10154 10163 3.422718218 0.05454356057 0.5
10155 10162 3.398529094 0.05296225071 0.5
10156 10160 0 0 0.5
10157 10158 0 0 0.5
10157 10159 0 0 0.5
10158 10160 0 0 0.5
10159 10160 0 0 0.5
10160 10162 0 0 0.5
10162 10165 3.398529094 0.05296225071 0.5
10162 10170 0 0 0.5
10163 10166 3.328062499 0.05454356057 0.5
10163 10168 2.979093822 0.02291287847 0.5
10163 10169 2.979093822 0.02291287847 0.5
10164 10167 0 0 0.5
10166 10170 0 0 0.5
10167 10168 0 0 0.5
10167 10169 0 0 0.5
10168 10170 0 0 0.5
10169 10170 0 0 0.5
10172 10175 3.398529094 0.05296225071 0.5
10172 10180 0 0 0.5
10172 10183 3.422718218 0.05454356057 0.5
10172 10195 3.398529094 0.05296225071 0.5
10172 10200 0 0 0.5
10173 10176 3.328062499 0.05454356057 0.5
10173 10178 2.979093822 0.02291287847 0.5
10173 10179 2.979093822 0.02291287847 0.5
10173 10184 3.422718218 0.05454356057 0.5
10173 10192 3.422718218 0.05454356057 0.5
10173 10194 3.422718218 0.05454356057 0.5
10174 10177 0 0 0.5
10174 10183 3.422718218 0.05454356057 0.5
10174 10193 3.422718218 0.05454356057 0.5
10175 10182 3.398529094 0.05296225071 0.5
10176 10180 0 0 0.5
10177 10178 0 0 0.5
10177 10179 0 0 0.5
10178 10180 0 0 0.5
10179 10180 0 0 0.5
10180 10182 0 0 0.5
10182 10185 3.398529094 0.05296225071 0.5
10182 10190 0 0 0.5
10182 10193 3.422718218 0.05454356057 0.5
10183 10186 3.328062499 0.05454356057 0.5
10183 10188 2.979093822 0.02291287847 0.5
10183 10189 2.979093822 0.02291287847 0.5
10183 10194 3.422718218 0.05454356057 0.5
10184 10187 0 0 0.5
10184 10193 3.422718218 0.05454356057 0.5
10185 10192 3.398529094 0.05296225071 0.5
10186 10190 0 0 0.5
10187 10188 0 0 0.5
10187 10189 0 0 0.5
10188 10190 0 0 0.5
10189 10190 0 0 0.5
10190 10192 0 0 0.5
10192 10195 3.398529094 0.05296225071 0.5
10192 10200 0 0 0.5
10193 10196 3.328062499 0.05454356057 0.5
10193 10198 2.979093822 0.02291287847 0.5
10193 10199 2.979093822 0.02291287847 0.5
10194 10197 0 0 0.5
10196 10200 0 0 0.5
10197 10198 0 0 0.5
10197 10199 0 0 0.5
10198 10200 0 0 0.5
10199 10200 0 0 0.5
10202 10205 3.398529094 0.05296225071 0.5
10202 10210 0 0 0.5
10202 10213 3.422718218 0.05454356057 0.5
10202 10225 3.398529094 0.05296225071 0.5
10202 10230 0 0 0.5
10203 10206 3.328062499 0.05454356057 0.5
10203 10208 2.979093822 0.02291287847 0.5
10203 10209 2.979093822 0.02291287847 0.5
10203 10214 3.422718218 0.05454356057 0.5
10203 10222 3.422718218 0.05454356057 0.5
10203 10224 3.422718218 0.05454356057 0.5
10204 10207 0 0 0.5
10204 10213 3.422718218 0.05454356057 0.5
10204 10223 3.422718218 0.05454356057 0.5
10205 10212 3.398529094 0.05296225071 0.5
10206 10210 0 0 0.5
10207 10208 0 0 0.5
10207 10209 0 0 0.5
10208 10210 0 0 0.5
10209 10210 0 0 0.5
10210 10212 0 0 0.5
10212 10215 3.398529094 0.05296225071 0.5
10212 10220 0 0 0.5
10212 10223 3.422718218 0.05454356057 0.5
10213 10216 3.328062499 0.05454356057 0.5
10213 10218 2.979093822 0.02291287847 0.5
10213 10219 2.979093822 0.02291287847 0.5
10213 10224 3.422718218 0.05454356057 0.5
10214 10217 0 0 0.5
10214 10223 3.422718218 0.05454356057 0.5
10215 10222 3.398529094 0.05296225071 0.5
10216 10220 0 0 0.5
10217 10218 0 0 0.5
10217 10219 0 0 0.5
10218 10220 0 0 0.5
10219 10220 0 0 0.5
10220 10222 0 0 0.5
10222 10225 3.398529094 0.05296225071 0.5
10222 10230 0 0 0.5
10223 10226 3.328062499 0.05454356057 0.5
10223 10228 2.979093822 0.02291287847 0.5
10223 10229 2.979093822 0.02291287847 0.5
10224 10227 0 0 0.5
10226 10230 0 0 0.5
10227 10228 0 0 0.5
10227 10229 0 0 0.5
10228 10230 0 0 0.5
10229 10230 0 0 0.5
10232 10235 3.398529094 0.05296225071 0.5
10232 10240 0 0 0.5
10232 10243 3.422718218 0.05454356057 0.5
10232 10255 3.398529094 0.05296225071 0.5
10232 10260 0 0 0.5
10233 10236 3.328062499 0.05454356057 0.5
10233 10238 2.979093822 0.02291287847 0.5
10233 10239 2.979093822 0.02291287847 0.5
10233 10244 3.422718218 0.05454356057 0.5
10233 10252 3.422718218 0.05454356057 0.5
10233 10254 3.422718218 0.05454356057 0.5
10234 10237 0 0 0.5
10234 10243 3.422718218 0.05454356057 0.5
10234 10253 3.422718218 0.05454356057 0.5
10235 10242 3.398529094 0.05296225071 0.5
10236 10240 0 0 0.5
10237 10238 0 0 0.5
10237 10239 0 0 0.5
10238 10240 0 0 0.5
10239 10240 0 0 0.5
10240 10242 0 0 0.5
10242 10245 3.398529094 0.05296225071 0.5
10242 10250 0 0 0.5
10242 10253 3.422718218 0.05454356057 0.5
10243 10246 3.328062499 0.05454356057 0.5
10243 10248 2.979093822 0.02291287847 0.5
10243 10249 2.979093822 0.02291287847 0.5
10243 10254 3.422718218 0.05454356057 0.5
10244 10247 0 0 0.5
10244 10253 3.422718218 0.05454356057 0.5
10245 10252 3.398529094 0.05296225071 0.5
10246 10250 0 0 0.5
10247 10248 0 0 0.5
10247 10249 0 0 0.5
10248 10250 0 0 0.5
10249 10250 0 0 0.5
10250 10252 0 0 0.5
10252 10255 3.398529094 0.05296225071 0.5
10252 10260 0 0 0.5
10253 10256 3.328062499 0.05454356057 0.5
10253 10258 2.979093822 0.02291287847 0.5
10253 10259 2.979093822 0.02291287847 0.5
10254 10257 0 0 0.5
10256 10260 0 0 0.5
10257 10258 0 0 0.5
10257 10259 0 0 0.5
10258 10260 0 0 0.5
10259 10260 0 0 0.5
10262 10265 3.398529094 0.05296225071 0.5
10262 10270 0 0 0.5
10262 10273 3.422718218 0.05454356057 0.5
10262 10285 3.398529094 0.05296225071 0.5
10262 10290 0 0 0.5
10263 10266 3.328062499 0.05454356057 0.5
10263 10268 2.979093822 0.02291287847 0.5
10263 10269 2.979093822 0.02291287847 0.5
10263 10274 3.422718218 0.05454356057 0.5
10263 10282 3.422718218 0.05454356057 0.5
10263 10284 3.422718218 0.05454356057 0.5
10264 10267 0 0 0.5
10264 10273 3.422718218 0.05454356057 0.5
10264 10283 3.422718218 0.05454356057 0.5
10265 10272 3.398529094 0.05296225071 0.5
10266 10270 0 0 0.5
10267 10268 0 0 0.5
10267 10269 0 0 0.5
10268 10270 0 0 0.5
10269 10270 0 0 0.5
10270 10272 0 0 0.5
10272 10275 3.398529094 0.05296225071 0.5
10272 10280 0 0 0.5
10272 10283 3.422718218 0.05454356057 0.5
10273 10276 3.328062499 0.05454356057 0.5
10273 10278 2.979093822 0.02291287847 0.5
10273 10279 2.979093822 0.02291287847 0.5
10273 10284 3.422718218 0.05454356057 0.5
10274 10277 0 0 0.5
10274 10283 3.422718218 0.05454356057 0.5
10275 10282 3.398529094 0.05296225071 0.5
10276 10280 0 0 0.5
10277 10278 0 0 0.5
10277 10279 0 0 0.5
10278 10280 0 0 0.5
10279 10280 0 0 0.5
10280 10282 0 0 0.5
10282 10285 3.398529094 0.05296225071 0.5
10282 10290 0 0 0.5
10283 10286 3.328062499 0.05454356057 0.5
10283 10288 2.979093822 0.02291287847 0.5
10283 10289 2.979093822 0.02291287847 0.5
10284 10287 0 0 0.5
10286 10290 0 0 0.5
10287 10288 0 0 0.5
10287 10289 0 0 0.5
10288 10290 0 0 0.5
10289 10290 0 0 0.5
10292 10295 3.398529094 0.05296225071 0.5
10292 10300 0 0 0.5
10292 10303 3.422718218 0.05454356057 0.5
10292 10315 3.398529094 0.05296225071 0.5
10292 10320 0 0 0.5
10293 10296 3.328062499 0.05454356057 0.5
10293 10298 2.979093822 0.02291287847 0.5
10293 10299 2.979093822 0.02291287847 0.5
10293 10304 3.422718218 0.05454356057 0.5
10293 10312 3.422718218 0.05454356057 0.5
10293 10314 3.422718218 0.05454356057 0.5
10294 10297 0 0 0.5
10294 10303 3.422718218 0.05454356057 0.5
10294 10313 3.422718218 0.05454356057 0.5
10295 10302 3.398529094 0.05296225071 0.5
10296 10300 0 0 0.5
10297 10298 0 0 0.5
10297 10299 0 0 0.5
10298 10300 0 0 0.5
10299 10300 0 0 0.5
10300 10302 0 0 0.5
10302 10305 3.398529094 0.05296225071 0.5
10302 10310 0 0 0.5
10302 10313 3.422718218 0.05454356057 0.5
10303 10306 3.328062499 0.05454356057 0.5
10303 10308 2.979093822 0.02291287847 0.5
10303 10309 2.979093822 0.02291287847 0.5
10303 10314 3.422718218 0.05454356057 0.5
10304 10307 0 0 0.5
10304 10313 3.422718218 0.05454356057 0.5
10305 10312 3.398529094 0.05296225071 0.5
10306 10310 0 0 0.5
10307 10308 0 0 0.5
10307 10309 0 0 0.5
10308 10310 0 0 0.5
10309 10310 0 0 0.5
10310 10312 0 0 0.5
10312 10315 3.398529094 0.05296225071 0.5
10312 10320 0 0 0.5
10313 10316 3.328062499 0.05454356057 0.5
10313 10318 2.979093822 0.02291287847 0.5
10313 10319 2.979093822 0.02291287847 0.5
10314 10317 0 0 0.5
10316 10320 0 0 0.5
10317 10318 0 0 0.5
10317 10319 0 0 0.5
10318 10320 0 0 0.5
10319 10320 0 0 0.5
10322 10325 3.398529094 0.05296225071 0.5
10322 10330 0 0 0.5
10322 10333 3.422718218 0.05454356057 0.5
10322 10345 3.398529094 0.05296225071 0.5
10322 10350 0 0 0.5
10323 10326 3.328062499 0.05454356057 0.5
10323 10328 2.979093822 0.02291287847 0.5
10323 10329 2.979093822 0.02291287847 0.5
10323 10334 3.422718218 0.05454356057 0.5
10323 10342 3.422718218 0.05454356057 0.5
10323 10344 3.422718218 0.05454356057 0.5
10324 10327 0 0 0.5
10324 10333 3.422718218 0.05454356057 0.5
10324 10343 3.422718218 0.05454356057 0.5
10325 10332 3.398529094 0.05296225071 0.5
10326 10330 0 0 0.5
10327 10328 0 0 0.5
10327 10329 0 0 0.5
10328 10330 0 0 0.5
10329 10330 0 0 0.5
10330 10332 0 0 0.5
10332 10335 3.398529094 0.05296225071 0.5
10332 10340 0 0 0.5
10332 10343 3.422718218 0.05454356057 0.5
10333 10336 3.328062499 0.05454356057 0.5
10333 10338 2.979093822 0.02291287847 0.5
10333 10339 2.979093822 0.02291287847 0.5
10333 10344 3.422718218 0.05454356057 0.5
10334 10337 0 0 0.5
10334 10343 3.422718218 0.05454356057 0.5
10335 10342 3.398529094 0.05296225071 0.5
10336 10340 0 0 0.5
10337 10338 0 0 0.5
10337 10339 0 0 0.5
10338 10340 0 0 0.5
10339 10340 0 0 0.5
10340 10342 0 0 0.5
10342 10345 3.398529094 0.05296225071 0.5
10342 10350 0 0 0.5
10343 10346 3.328062499 0.05454356057 0.5
10343 10348 2.979093822 0.02291287847 0.5
10343 10349 2.979093822 0.02291287847 0.5
10344 10347 0 0 0.5
10346 10350 0 0 0.5
10347 10348 0 0 0.5
10347 10349 0 0 0.5
10348 10350 0 0 0.5
10349 10350 0 0 0.5
10352 10355 3.398529094 0.05296225071 0.5
10352 10360 0 0 0.5
10352 10363 3.422718218 0.05454356057 0.5
10352 10375 3.398529094 0.05296225071 0.5
10352 10380 0 0 0.5
10353 10356 3.328062499 0.05454356057 0.5
10353 10358 2.979093822 0.02291287847 0.5
10353 10359 2.979093822 0.02291287847 0.5
10353 10364 3.422718218 0.05454356057 0.5
10353 10372 3.422718218 0.05454356057 0.5
10353 10374 3.422718218 0.05454356057 0.5
10354 10357 0 0 0.5
10354 10363 3.422718218 0.05454356057 0.5
10354 10373 3.422718218 0.05454356057 0.5
10355 10362 3.398529094 0.05296225071 0.5
10356 10360 0 0 0.5
10357 10358 0 0 0.5
10357 10359 0 0 0.5
10358 10360 0 0 0.5
10359 10360 0 0 0.5
10360 10362 0 0 0.5
10362 10365 3.398529094 0.05296225071 0.5
10362 10370 0 0 0.5
10362 10373 3.422718218 0.05454356057 0.5
10363 10366 3.328062499 0.05454356057 0.5
10363 10368 2.979093822 0.02291287847 0.5
10363 10369 2.979093822 0.02291287847 0.5
10363 10374 3.422718218 0.05454356057 0.5
10364 10367 0 0 0.5
10364 10373 3.422718218 0.05454356057 0.5
10365 10372 3.398529094 0.05296225071 0.5
10366 10370 0 0 0.5
10367 10368 0 0 0.5
10367 10369 0 0 0.5
10368 10370 0 0 0.5
10369 10370 0 0 0.5
10370 10372 0 0 0.5
10372 10375 3.398529094 0.05296225071 0.5
10372 10380 0 0 0.5
10373 10376 3.328062499 0.05454356057 0.5
10373 10378 2.979093822 0.02291287847 0.5
10373 10379 2.979093822 0.02291287847 0.5
10374 10377 0 0 0.5
10376 10380 0 0 0.5
10377 10378 0 0 0.5
10377 10379 0 0 0.5
10378 10380 0 0 0.5
10379 10380 0 0 0.5
10382 10385 3.398529094 0.05296225071 0.5
10382 10390 0 0 0.5
10382 10393 3.422718218 0.05454356057 0.5
10382 10405 3.398529094 0.05296225071 0.5
10382 10410 0 0 0.5
10383 10386 3.328062499 0.05454356057 0.5
10383 10388 2.979093822 0.02291287847 0.5
10383 10389 2.979093822 0.02291287847 0.5
10383 10394 3.422718218 0.05454356057 0.5
10383 10402 3.422718218 0.05454356057 0.5
10383 10404 3.422718218 0.05454356057 0.5
10384 10387 0 0 0.5
10384 10393 3.422718218 0.05454356057 0.5
10384 10403 3.422718218 0.05454356057 0.5
10385 10392 3.398529094 0.05296225071 0.5
10386 10390 0 0 0.5
10387 10388 0 0 0.5
10387 10389 0 0 0.5
10388 10390 0 0 0.5
10389 10390 0 0 0.5
10390 10392 0 0 0.5
10392 10395 3.398529094 0.05296225071 0.5
10392 10400 0 0 0.5
10392 10403 3.422718218 0.05454356057 0.5
10393 10396 3.328062499 0.05454356057 0.5
10393 10398 2.979093822 0.02291287847 0.5
10393 10399 2.979093822 0.02291287847 0.5
10393 10404 3.422718218 0.05454356057 0.5
10394 10397 0 0 0.5
10394 10403 3.422718218 0.05454356057 0.5
10395 10402 3.398529094 0.05296225071 0.5
10396 10400 0 0 0.5
10397 10398 0 0 0.5
10397 10399 0 0 0.5
10398 10400 0 0 0.5
10399 10400 0 0 0.5
10400 10402 0 0 0.5
10402 10405 3.398529094 0.05296225071 0.5
10402 10410 0 0 0.5
10403 10406 3.328062499 0.05454356057 0.5
10403 10408 2.979093822 0.02291287847 0.5
10403 10409 2.979093822 0.02291287847 0.5
10404 10407 0 0 0.5
10406 10410 0 0 0.5
10407 10408 0 0 0.5
10407 10409 0 0 0.5
10408 10410 0 0 0.5
10409 10410 0 0 0.5
10412 10415 3.398529094 0.05296225071 0.5
10412 10420 0 0 0.5
10412 10423 3.422718218 0.05454356057 0.5
10412 10435 3.398529094 0.05296225071 0.5
10412 10440 0 0 0.5
10413 10416 3.328062499 0.05454356057 0.5
10413 10418 2.979093822 0.02291287847 0.5
10413 10419 2.979093822 0.02291287847 0.5
10413 10424 3.422718218 0.05454356057 0.5
10413 10432 3.422718218 0.05454356057 0.5
10413 10434 3.422718218 0.05454356057 0.5
10414 10417 0 0 0.5
10414 10423 3.422718218 0.05454356057 0.5
10414 10433 3.422718218 0.05454356057 0.5
10415 10422 3.398529094 0.05296225071 0.5
10416 10420 0 0 0.5
10417 10418 0 0 0.5
10417 10419 0 0 0.5
10418 10420 0 0 0.5
10419 10420 0 0 0.5
10420 10422 0 0 0.5
10422 10425 3.398529094 0.05296225071 0.5
10422 10430 0 0 0.5
10422 10433 3.422718218 0.05454356057 0.5
10423 10426 3.328062499 0.05454356057 0.5
10423 10428 2.979093822 0.02291287847 0.5
10423 10429 2.979093822 0.02291287847 0.5
10423 10434 3.422718218 0.05454356057 0.5
10424 10427 0 0 0.5
10424 10433 3.422718218 0.05454356057 0.5
10425 10432 3.398529094 0.05296225071 0.5
10426 10430 0 0 0.5
10427 10428 0 0 0.5
10427 10429 0 0 0.5
10428 10430 0 0 0.5
10429 10430 0 0 0.5
10430 10432 0 0 0.5
10432 10435 3.398529094 0.05296225071 0.5
10432 10440 0 0 0.5
10433 10436 3.328062499 0.05454356057 0.5
10433 10438 2.979093822 0.02291287847 0.5
10433 10439 2.979093822 0.02291287847 0.5
10434 10437 0 0 0.5
10436 10440 0 0 0.5
10437 10438 0 0 0.5
10437 10439 0 0 0.5
10438 10440 0 0 0.5
10439 10440 0 0 0.5
10442 10445 3.398529094 0.05296225071 0.5
10442 10450 0 0 0.5
10442 10453 3.422718218 0.05454356057 0.5
10442 10465 3.398529094 0.05296225071 0.5
10442 10470 0 0 0.5
10443 10446 3.328062499 0.05454356057 0.5
10443 10448 2.979093822 0.02291287847 0.5
10443 10449 2.979093822 0.02291287847 0.5
10443 10454 3.422718218 0.05454356057 0.5
10443 10462 3.422718218 0.05454356057 0.5
10443 10464 3.422718218 0.05454356057 0.5
10444 10447 0 0 0.5
10444 10453 3.422718218 0.05454356057 0.5
10444 10463 3.422718218 0.05454356057 0.5
10445 10452 3.398529094 0.05296225071 0.5
10446 10450 0 0 0.5
10447 10448 0 0 0.5
10447 10449 0 0 0.5
10448 10450 0 0 0.5
10449 10450 0 0 0.5
10450 10452 0 0 0.5
10452 10455 3.398529094 0.05296225071 0.5
10452 10460 0 0 0.5
10452 10463 3.422718218 0.05454356057 0.5
10453 10456 3.328062499 0.05454356057 0.5
10453 10458 2.979093822 0.02291287847 0.5
10453 10459 2.979093822 0.02291287847 0.5
10453 10464 3.422718218 0.05454356057 0.5
10454 10457 0 0 0.5
10454 10463 3.422718218 0.05454356057 0.5
10455 10462 3.398529094 0.05296225071 0.5
10456 10460 0 0 0.5
10457 10458 0 0 0.5
10457 10459 0 0 0.5
10458 10460 0 0 0.5
10459 10460 0 0 0.5
10460 10462 0 0 0.5
10462 10465 3.398529094 0.05296225071 0.5
10462 10470 0 0 0.5
10463 10466 3.328062499 0.05454356057 0.5
10463 10468 2.979093822 0.02291287847 0.5
10463 10469 2.979093822 0.02291287847 0.5
10464 10467 0 0 0.5
10466 10470 0 0 0.5
10467 10468 0 0 0.5
10467 10469 0 0 0.5
10468 10470 0 0 0.5
10469 10470 0 0 0.5
10472 10475 3.398529094 0.05296225071 0.5
10472 10480 0 0 0.5
10472 10483 3.422718218 0.05454356057 0.5
10472 10495 3.398529094 0.05296225071 0.5
10472 10500 0 0 0.5
10473 10476 3.328062499 0.05454356057 0.5
10473 10478 2.979093822 0.02291287847 0.5
10473 10479 2.979093822 0.02291287847 0.5
10473 10484 3.422718218 0.05454356057 0.5
10473 10492 3.422718218 0.05454356057 0.5
10473 10494 3.422718218 0.05454356057 0.5
10474 10477 0 0 0.5
10474 10483 3.422718218 0.05454356057 0.5
10474 10493 3.422718218 0.05454356057 0.5
10475 10482 3.398529094 0.05296225071 0.5
10476 10480 0 0 0.5
10477 10478 0 0 0.5
10477 10479 0 0 0.5
10478 10480 0 0 0.5
10479 10480 0 0 0.5
10480 10482 0 0 0.5
10482 10485 3.398529094 0.05296225071 0.5
10482 10490 0 0 0.5
10482 10493 3.422718218 0.05454356057 0.5
10483 10486 3.328062499 0.05454356057 0.5
10483 10488 2.979093822 0.02291287847 0.5
10483 10489 2.979093822 0.02291287847 0.5
10483 10494 3.422718218 0.05454356057 0.5
10484 10487 0 0 0.5
10484 10493 3.422718218 0.05454356057 0.5
10485 10492 3.398529094 0.05296225071 0.5
10486 10490 0 0 0.5
10487 10488 0 0 0.5
10487 10489 0 0 0.5
10488 10490 0 0 0.5
10489 10490 0 0 0.5
10490 10492 0 0 0.5
10492 10495 3.398529094 0.05296225071 0.5
10492 10500 0 0 0.5
10493 10496 3.328062499 0.05454356057 0.5
10493 10498 2.979093822 0.02291287847 0.5
10493 10499 2.979093822 0.02291287847 0.5
10494 10497 0 0 0.5
10496 10500 0 0 0.5
10497 10498 0 0 0.5
10497 10499 0 0 0.5
10498 10500 0 0 0.5
10499 10500 0 0 0.5
10502 10505 3.398529094 0.05296225071 0.5
10502 10510 0 0 0.5
10502 10513 3.422718218 0.05454356057 0.5
10502 10525 3.398529094 0.05296225071 0.5
10502 10530 0 0 0.5
10503 10506 3.328062499 0.05454356057 0.5
10503 10508 2.979093822 0.02291287847 0.5
10503 10509 2.979093822 0.02291287847 0.5
10503 10514 3.422718218 0.05454356057 0.5
10503 10522 3.422718218 0.05454356057 0.5
10503 10524 3.422718218 0.05454356057 0.5
10504 10507 0 0 0.5
10504 10513 3.422718218 0.05454356057 0.5
10504 10523 3.422718218 0.05454356057 0.5
10505 10512 3.398529094 0.05296225071 0.5
10506 10510 0 0 0.5
10507 10508 0 0 0.5
10507 10509 0 0 0.5
10508 10510 0 0 0.5
10509 10510 0 0 0.5
10510 10512 0 0 0.5
10512 10515 3.398529094 0.05296225071 0.5
10512 10520 0 0 0.5
10512 10523 3.422718218 0.05454356057 0.5
10513 10516 3.328062499 0.05454356057 0.5
10513 10518 2.979093822 0.02291287847 0.5
10513 10519 2.979093822 0.02291287847 0.5
10513 10524 3.422718218 0.05454356057 0.5
10514 10517 0 0 0.5
10514 10523 3.422718218 0.05454356057 0.5
10515 10522 3.398529094 0.05296225071 0.5
10516 10520 0 0 0.5
10517 10518 0 0 0.5
10517 10519 0 0 0.5
10518 10520 0 0 0.5
10519 10520 0 0 0.5
10520 10522 0 0 0.5
10522 10525 3.398529094 0.05296225071 0.5
10522 10530 0 0 0.5
10523 10526 3.328062499 0.05454356057 0.5
10523 10528 2.979093822 0.02291287847 0.5
10523 10529 2.979093822 0.02291287847 0.5
10524 10527 0 0 0.5
10526 10530 0 0 0.5
10527 10528 0 0 0.5
10527 10529 0 0 0.5
10528 10530 0 0 0.5
10529 10530 0 0 0.5
10532 10535 3.398529094 0.05296225071 0.5
10532 10540 0 0 0.5
10532 10543 3.422718218 0.05454356057 0.5
10532 10555 3.398529094 0.05296225071 0.5
10532 10560 0 0 0.5
10533 10536 3.328062499 0.05454356057 0.5
10533 10538 2.979093822 0.02291287847 0.5
10533 10539 2.979093822 0.02291287847 0.5
10533 10544 3.422718218 0.05454356057 0.5
10533 10552 3.422718218 0.05454356057 0.5
10533 10554 3.422718218 0.05454356057 0.5
10534 10537 0 0 0.5
10534 10543 3.422718218 0.05454356057 0.5
10534 10553 3.422718218 0.05454356057 0.5
10535 10542 3.398529094 0.05296225071 0.5
10536 10540 0 0 0.5
10537 10538 0 0 0.5
10537 10539 0 0 0.5
10538 10540 0 0 0.5
10539 10540 0 0 0.5
10540 10542 0 0 0.5
10542 10545 3.398529094 0.05296225071 0.5
10542 10550 0 0 0.5
10542 10553 3.422718218 0.05454356057 0.5
10543 10546 3.328062499 0.05454356057 0.5
10543 10548 2.979093822 0.02291287847 0.5
10543 10549 2.979093822 0.02291287847 0.5
10543 10554 3.422718218 0.05454356057 0.5
10544 10547 0 0 0.5
10544 10553 3.422718218 0.05454356057 0.5
10545 10552 3.398529094 0.05296225071 0.5
10546 10550 0 0 0.5
10547 10548 0 0 0.5
10547 10549 0 0 0.5
10548 10550 0 0 0.5
10549 10550 0 0 0.5
10550 10552 0 0 0.5
10552 10555 3.398529094 0.05296225071 0.5
10552 10560 0 0 0.5
10553 10556 3.328062499 0.05454356057 0.5
10553 10558 2.979093822 0.02291287847 0.5
10553 10559 2.979093822 0.02291287847 0.5
10554 10557 0 0 0.5
10556 10560 0 0 0.5
10557 10558 0 0 0.5
10557 10559 0 0 0.5
10558 10560 0 0 0.5
10559 10560 0 0 0.5
10562 10565 3.398529094 0.05296225071 0.5
10562 10570 0 0 0.5
10562 10573 3.422718218 0.05454356057 0.5
10562 10585 3.398529094 0.05296225071 0.5
10562 10590 0 0 0.5
10563 10566 3.328062499 0.05454356057 0.5
10563 10568 2.979093822 0.02291287847 0.5
10563 10569 2.979093822 0.02291287847 0.5
10563 10574 3.422718218 0.05454356057 0.5
10563 10582 3.422718218 0.05454356057 0.5
10563 10584 3.422718218 0.05454356057 0.5
10564 10567 0 0 0.5
10564 10573 3.422718218 0.05454356057 0.5
10564 10583 3.422718218 0.05454356057 0.5
10565 10572 3.398529094 0.05296225071 0.5
10566 10570 0 0 0.5
10567 10568 0 0 0.5
10567 10569 0 0 0.5
10568 10570 0 0 0.5
10569 10570 0 0 0.5
10570 10572 0 0 0.5
10572 10575 3.398529094 0.05296225071 0.5
10572 10580 0 0 0.5
10572 10583 3.422718218 0.05454356057 0.5
10573 10576 3.328062499 0.05454356057 0.5
10573 10578 2.979093822 0.02291287847 0.5
10573 10579 2.979093822 0.02291287847 0.5
10573 10584 3.422718218 0.05454356057 0.5
10574 10577 0 0 0.5
10574 10583 3.422718218 0.05454356057 0.5
10575 10582 3.398529094 0.05296225071 0.5
10576 10580 0 0 0.5
10577 10578 0 0 0.5
10577 10579 0 0 0.5
10578 10580 0 0 0.5
10579 10580 0 0 0.5
10580 10582 0 0 0.5
10582 10585 3.398529094 0.05296225071 0.5
10582 10590 0 0 0.5
10583 10586 3.328062499 0.05454356057 0.5
10583 10588 2.979093822 0.02291287847 0.5
10583 10589 2.979093822 0.02291287847 0.5
10584 10587 0 0 0.5
10586 10590 0 0 0.5
10587 10588 0 0 0.5
10587 10589 0 0 0.5
10588 10590 0 0 0.5
10589 10590 0 0 0.5
10592 10595 3.398529094 0.05296225071 0.5
10592 10600 0 0 0.5
10592 10603 3.422718218 0.05454356057 0.5
10592 10615 3.398529094 0.05296225071 0.5
10592 10620 0 0 0.5
10593 10596 3.328062499 0.05454356057 0.5
10593 10598 2.979093822 0.02291287847 0.5
10593 10599 2.979093822 0.02291287847 0.5
10593 10604 3.422718218 0.05454356057 0.5
10593 10612 3.422718218 0.05454356057 0.5
10593 10614 3.422718218 0.05454356057 0.5
10594 10597 0 0 0.5
10594 10603 3.422718218 0.05454356057 0.5
10594 10613 3.422718218 0.05454356057 0.5
10595 10602 3.398529094 0.05296225071 0.5
10596 10600 0 0 0.5
10597 10598 0 0 0.5
10597 10599 0 0 0.5
10598 10600 0 0 0.5
10599 10600 0 0 0.5
10600 10602 0 0 0.5
10602 10605 3.398529094 0.05296225071 0.5
10602 10610 0 0 0.5
10602 10613 3.422718218 0.05454356057 0.5
10603 10606 3.328062499 0.05454356057 0.5
10603 10608 2.979093822 0.02291287847 0.5
10603 10609 2.979093822 0.02291287847 0.5
10603 10614 3.422718218 0.05454356057 0.5
10604 10607 0 0 0.5
10604 10613 3.422718218 0.05454356057 0.5
10605 10612 3.398529094 0.05296225071 0.5
10606 10610 0 0 0.5
10607 10608 0 0 0.5
10607 10609 0 0 0.5
10608 10610 0 0 0.5
10609 10610 0 0 0.5
10610 10612 0 0 0.5
10612 10615 3.398529094 0.05296225071 0.5
10612 10620 0 0 0.5
10613 10616 3.328062499 0.05454356057 0.5
10613 10618 2.979093822 0.02291287847 0.5
10613 10619 2.979093822 0.02291287847 0.5
10614 10617 0 0 0.5
10616 10620 0 0 0.5
10617 10618 0 0 0.5
10617 10619 0 0 0.5
10618 10620 0 0 0.5
10619 10620 0 0 0.5
10622 10625 3.398529094 0.05296225071 0.5
10622 10630 0 0 0.5
10622 10633 3.422718218 0.05454356057 0.5
10622 10645 3.398529094 0.05296225071 0.5
10622 10650 0 0 0.5
10623 10626 3.328062499 0.05454356057 0.5
10623 10628 2.979093822 0.02291287847 0.5
10623 10629 2.979093822 0.02291287847 0.5
10623 10634 3.422718218 0.05454356057 0.5
10623 10642 3.422718218 0.05454356057 0.5
10623 10644 3.422718218 0.05454356057 0.5
10624 10627 0 0 0.5
10624 10633 3.422718218 0.05454356057 0.5
10624 10643 3.422718218 0.05454356057 0.5
10625 10632 3.398529094 0.05296225071 0.5
10626 10630 0 0 0.5
10627 10628 0 0 0.5
10627 10629 0 0 0.5
10628 10630 0 0 0.5
10629 10630 0 0 0.5
10630 10632 0 0 0.5
10632 10635 3.398529094 0.05296225071 0.5
10632 10640 0 0 0.5
10632 10643 3.422718218 0.05454356057 0.5
10633 10636 3.328062499 0.05454356057 0.5
10633 10638 2.979093822 0.02291287847 0.5
10633 10639 2.979093822 0.02291287847 0.5
10633 10644 3.422718218 0.05454356057 0.5
10634 10637 0 0 0.5
10634 10643 3.422718218 0.05454356057 0.5
10635 10642 3.398529094 0.05296225071 0.5
10636 10640 0 0 0.5
10637 10638 0 0 0.5
10637 10639 0 0 0.5
10638 10640 0 0 0.5
10639 10640 0 0 0.5
10640 10642 0 0 0.5
10642 10645 3.398529094 0.05296225071 0.5
10642 10650 0 0 0.5
10643 10646 3.328062499 0.05454356057 0.5
10643 10648 2.979093822 0.02291287847 0.5
10643 10649 2.979093822 0.02291287847 0.5
10644 10647 0 0 0.5
10646 10650 0 0 0.5
10647 10648 0 0 0.5
10647 10649 0 0 0.5
10648 10650 0 0 0.5
10649 10650 0 0 0.5
10652 10655 3.398529094 0.05296225071 0.5
10652 10660 0 0 0.5
10652 10663 3.422718218 0.05454356057 0.5
10652 10675 3.398529094 0.05296225071 0.5
10652 10680 0 0 0.5
10653 10656 3.328062499 0.05454356057 0.5
10653 10658 2.979093822 0.02291287847 0.5
10653 10659 2.979093822 0.02291287847 0.5
10653 10664 3.422718218 0.05454356057 0.5
10653 10672 3.422718218 0.05454356057 0.5
10653 10674 3.422718218 0.05454356057 0.5
10654 10657 0 0 0.5
10654 10663 3.422718218 0.05454356057 0.5
10654 10673 3.422718218 0.05454356057 0.5
10655 10662 3.398529094 0.05296225071 0.5
10656 10660 0 0 0.5
10657 10658 0 0 0.5
10657 10659 0 0 0.5
10658 10660 0 0 0.5
10659 10660 0 0 0.5
10660 10662 0 0 0.5
10662 10665 3.398529094 0.05296225071 0.5
10662 10670 0 0 0.5
10662 10673 3.422718218 0.05454356057 0.5
10663 10666 3.328062499 0.05454356057 0.5
10663 10668 2.979093822 0.02291287847 0.5
10663 10669 2.979093822 0.02291287847 0.5
10663 10674 3.422718218 0.05454356057 0.5
10664 10667 0 0 0.5
10664 10673 3.422718218 0.05454356057 0.5
10665 10672 3.398529094 0.05296225071 0.5
10666 10670 0 0 0.5
10667 10668 0 0 0.5
10667 10669 0 0 0.5
10668 10670 0 0 0.5
10669 10670 0 0 0.5
10670 10672 0 0 0.5
10672 10675 3.398529094 0.05296225071 0.5
10672 10680 0 0 0.5
10673 10676 3.328062499 0.05454356057 0.5
10673 10678 2.979093822 0.02291287847 0.5
10673 10679 2.979093822 0.02291287847 0.5
10674 10677 0 0 0.5
10676 10680 0 0 0.5
10677 10678 0 0 0.5
10677 10679 0 0 0.5
10678 10680 0 0 0.5
10679 10680 0 0 0.5
10682 10685 3.398529094 0.05296225071 0.5
10682 10690 0 0 0.5
10682 10693 3.422718218 0.05454356057 0.5
10682 10705 3.398529094 0.05296225071 0.5
10682 10710 0 0 0.5
10683 10686 3.328062499 0.05454356057 0.5
10683 10688 2.979093822 0.02291287847 0.5
10683 10689 2.979093822 0.02291287847 0.5
10683 10694 3.422718218 0.05454356057 0.5
10683 10702 3.422718218 0.05454356057 0.5
10683 10704 3.422718218 0.05454356057 0.5
10684 10687 0 0 0.5
10684 10693 3.422718218 0.05454356057 0.5
10684 10703 3.422718218 0.05454356057 0.5
10685 10692 3.398529094 0.05296225071 0.5
10686 10690 0 0 0.5
10687 10688 0 0 0.5
10687 10689 0 0 0.5
10688 10690 0 0 0.5
10689 10690 0 0 0.5
10690 10692 0 0 0.5
10692 10695 3.398529094 0.05296225071 0.5
10692 10700 0 0 0.5
10692 10703 3.422718218 0.05454356057 0.5
10693 10696 3.328062499 0.05454356057 0.5
10693 10698 2.979093822 0.02291287847 0.5
10693 10699 2.979093822 0.02291287847 0.5
10693 10704 3.422718218 0.05454356057 0.5
10694 10697 0 0 0.5
10694 10703 3.422718218 0.05454356057 0.5
10695 10702 3.398529094 0.05296225071 0.5
10696 10700 0 0 0.5
10697 10698 0 0 0.5
10697 10699 0 0 0.5
10698 10700 0 0 0.5
10699 10700 0 0 0.5
10700 10702 0 0 0.5
10702 10705 3.398529094 0.05296225071 0.5
10702 10710 0 0 0.5
10703 10706 3.328062499 0.05454356057 0.5
10703 10708 2.979093822 0.02291287847 0.5
10703 10709 2.979093822 0.02291287847 0.5
10704 10707 0 0 0.5
10706 10710 0 0 0.5
10707 10708 0 0 0.5
10707 10709 0 0 0.5
10708 10710 0 0 0.5
10709 10710 0 0 0.5
10712 10715 3.398529094 0.05296225071 0.5
10712 10720 0 0 0.5
10712 10723 3.422718218 0.05454356057 0.5
10712 10735 3.398529094 0.05296225071 0.5
10712 10740 0 0 0.5
10713 10716 3.328062499 0.05454356057 0.5
10713 10718 2.979093822 0.02291287847 0.5
10713 10719 2.979093822 0.02291287847 0.5
10713 10724 3.422718218 0.05454356057 0.5
10713 10732 3.422718218 0.05454356057 0.5
10713 10734 3.422718218 0.05454356057 0.5
10714 10717 0 0 0.5
10714 10723 3.422718218 0.05454356057 0.5
10714 10733 3.422718218 0.05454356057 0.5
10715 10722 3.398529094 0.05296225071 0.5
10716 10720 0 0 0.5
10717 10718 0 0 0.5
10717 10719 0 0 0.5
10718 10720 0 0 0.5
10719 10720 0 0 0.5
10720 10722 0 0 0.5
10722 10725 3.398529094 0.05296225071 0.5
10722 10730 0 0 0.5
10722 10733 3.422718218 0.05454356057 0.5
10723 10726 3.328062499 0.05454356057 0.5
10723 10728 2.979093822 0.02291287847 0.5
10723 10729 2.979093822 0.02291287847 0.5
10723 10734 3.422718218 0.05454356057 0.5
10724 10727 0 0 0.5
10724 10733 3.422718218 0.05454356057 0.5
10725 10732 3.398529094 0.05296225071 0.5
10726 10730 0 0 0.5
10727 10728 0 0 0.5
10727 10729 0 0 0.5
10728 10730 0 0 0.5
10729 10730 0 0 0.5
10730 10732 0 0 0.5
10732 10735 3.398529094 0.05296225071 0.5
10732 10740 0 0 0.5
10733 10736 3.328062499 0.05454356057 0.5
10733 10738 2.979093822 0.02291287847 0.5
10733 10739 2.979093822 0.02291287847 0.5
10734 10737 0 0 0.5
10736 10740 0 0 0.5
10737 10738 0 0 0.5
10737 10739 0 0 0.5
10738 10740 0 0 0.5
10739 10740 0 0 0.5
10742 10745 3.398529094 0.05296225071 0.5
10742 10750 0 0 0.5
10742 10753 3.422718218 0.05454356057 0.5
10742 10765 3.398529094 0.05296225071 0.5
10742 10770 0 0 0.5
10743 10746 3.328062499 0.05454356057 0.5
10743 10748 2.979093822 0.02291287847 0.5
10743 10749 2.979093822 0.02291287847 0.5
10743 10754 3.422718218 0.05454356057 0.5
10743 10762 3.422718218 0.05454356057 0.5
10743 10764 3.422718218 0.05454356057 0.5
10744 10747 0 0 0.5
10744 10753 3.422718218 0.05454356057 0.5
10744 10763 3.422718218 0.05454356057 0.5
10745 10752 3.398529094 0.05296225071 0.5
10746 10750 0 0 0.5
10747 10748 0 0 0.5
10747 10749 0 0 0.5
10748 10750 0 0 0.5
10749 10750 0 0 0.5
10750 10752 0 0 0.5
10752 10755 3.398529094 0.05296225071 0.5
10752 10760 0 0 0.5
10752 10763 3.422718218 0.05454356057 0.5
10753 10756 3.328062499 0.05454356057 0.5
10753 10758 2.979093822 0.02291287847 0.5
10753 10759 2.979093822 0.02291287847 0.5
10753 10764 3.422718218 0.05454356057 0.5
10754 10757 0 0 0.5
10754 10763 3.422718218 0.05454356057 0.5
10755 10762 3.398529094 0.05296225071 0.5
10756 10760 0 0 0.5
10757 10758 0 0 0.5
10757 10759 0 0 0.5
10758 10760 0 0 0.5
10759 10760 0 0 0.5
10760 10762 0 0 0.5
10762 10765 3.398529094 0.05296225071 0.5
10762 10770 0 0 0.5
10763 10766 3.328062499 0.05454356057 0.5
10763 10768 2.979093822 0.02291287847 0.5
10763 10769 2.979093822 0.02291287847 0.5
10764 10767 0 0 0.5
10766 10770 0 0 0.5
10767 10768 0 0 0.5
10767 10769 0 0 0.5
10768 10770 0 0 0.5
10769 10770 0 0 0.5
10772 10775 3.398529094 0.05296225071 0.5
10772 10780 0 0 0.5
10772 10783 3.422718218 0.05454356057 0.5
10772 10795 3.398529094 0.05296225071 0.5
10772 10800 0 0 0.5
10773 10776 3.328062499 0.05454356057 0.5
10773 10778 2.979093822 0.02291287847 0.5
10773 10779 2.979093822 0.02291287847 0.5
10773 10784 3.422718218 0.05454356057 0.5
10773 10792 3.422718218 0.05454356057 0.5
10773 10794 3.422718218 0.05454356057 0.5
10774 10777 0 0 0.5
10774 10783 3.422718218 0.05454356057 0.5
10774 10793 3.422718218 0.05454356057 0.5
10775 10782 3.398529094 0.05296225071 0.5
10776 10780 0 0 0.5
10777 10778 0 0 0.5
10777 10779 0 0 0.5
10778 10780 0 0 0.5
10779 10780 0 0 0.5
10780 10782 0 0 0.5
10782 10785 3.398529094 0.05296225071 0.5
10782 10790 0 0 0.5
10782 10793 3.422718218 0.05454356057 0.5
10783 10786 3.328062499 0.05454356057 0.5
10783 10788 2.979093822 0.02291287847 0.5
10783 10789 2.979093822 0.02291287847 0.5
10783 10794 3.422718218 0.05454356057 0.5
10784 10787 0 0 0.5
10784 10793 3.422718218 0.05454356057 0.5
10785 10792 3.398529094 0.05296225071 0.5
10786 10790 0 0 0.5
10787 10788 0 0 0.5
10787 10789 0 0 0.5
10788 10790 0 0 0.5
10789 10790 0 0 0.5
10790 10792 0 0 0.5
10792 10795 3.398529094 0.05296225071 0.5
10792 10800 0 0 0.5
10793 10796 3.328062499 0.05454356057 0.5
10793 10798 2.979093822 0.02291287847 0.5
10793 10799 2.979093822 0.02291287847 0.5
10794 10797 0 0 0.5
10796 10800 0 0 0.5
10797 10798 0 0 0.5
10797 10799 0 0 0.5
10798 10800 0 0 0.5
10799 10800 0 0 0.5
10802 10805 3.398529094 0.05296225071 0.5
10802 10810 0 0 0.5
10802 10813 3.422718218 0.05454356057 0.5
10802 10825 3.398529094 0.05296225071 0.5
10802 10830 0 0 0.5
10803 10806 3.328062499 0.05454356057 0.5
10803 10808 2.979093822 0.02291287847 0.5
10803 10809 2.979093822 0.02291287847 0.5
10803 10814 3.422718218 0.05454356057 0.5
10803 10822 3.422718218 0.05454356057 0.5
10803 10824 3.422718218 0.05454356057 0.5
10804 10807 0 0 0.5
10804 10813 3.422718218 0.05454356057 0.5
10804 10823 3.422718218 0.05454356057 0.5
10805 10812 3.398529094 0.05296225071 0.5
10806 10810 0 0 0.5
10807 10808 0 0 0.5
10807 10809 0 0 0.5
10808 10810 0 0 0.5
10809 10810 0 0 0.5
10810 10812 0 0 0.5
10812 10815 3.398529094 0.05296225071 0.5
10812 10820 0 0 0.5
10812 10823 3.422718218 0.05454356057 0.5
10813 10816 3.328062499 0.05454356057 0.5
10813 10818 2.979093822 0.02291287847 0.5
10813 10819 2.979093822 0.02291287847 0.5
10813 10824 3.422718218 0.05454356057 0.5
10814 10817 0 0 0.5
10814 10823 3.422718218 0.05454356057 0.5
10815 10822 3.398529094 0.05296225071 0.5
10816 10820 0 0 0.5
10817 10818 0 0 0.5
10817 10819 0 0 0.5
10818 10820 0 0 0.5
10819 10820 0 0 0.5
10820 10822 0 0 0.5
10822 10825 3.398529094 0.05296225071 0.5
10822 10830 0 0 0.5
10823 10826 3.328062499 0.05454356057 0.5
10823 10828 2.979093822 0.02291287847 0.5
10823 10829 2.979093822 0.02291287847 0.5
10824 10827 0 0 0.5
10826 10830 0 0 0.5
10827 10828 0 0 0.5
10827 10829 0 0 0.5
10828 10830 0 0 0.5
10829 10830 0 0 0.5
10832 10835 3.398529094 0.05296225071 0.5
10832 10840 0 0 0.5
10832 10843 3.422718218 0.05454356057 0.5
10832 10855 3.398529094 0.05296225071 0.5
10832 10860 0 0 0.5
10833 10836 3.328062499 0.05454356057 0.5
10833 10838 2.979093822 0.02291287847 0.5
10833 10839 2.979093822 0.02291287847 0.5
10833 10844 3.422718218 0.05454356057 0.5
10833 10852 3.422718218 0.05454356057 0.5
10833 10854 3.422718218 0.05454356057 0.5
10834 10837 0 0 0.5
10834 10843 3.422718218 0.05454356057 0.5
10834 10853 3.422718218 0.05454356057 0.5
10835 10842 3.398529094 0.05296225071 0.5
10836 10840 0 0 0.5
10837 10838 0 0 0.5
10837 10839 0 0 0.5
10838 10840 0 0 0.5
10839 10840 0 0 0.5
10840 10842 0 0 0.5
10842 10845 3.398529094 0.05296225071 0.5
10842 10850 0 0 0.5
10842 10853 3.422718218 0.05454356057 0.5
10843 10846 3.328062499 0.05454356057 0.5
10843 10848 2.979093822 0.02291287847 0.5
10843 10849 2.979093822 0.02291287847 0.5
10843 10854 3.422718218 0.05454356057 0.5
10844 10847 0 0 0.5
10844 10853 3.422718218 0.05454356057 0.5
10845 10852 3.398529094 0.05296225071 0.5
10846 10850 0 0 0.5
10847 10848 0 0 0.5
10847 10849 0 0 0.5
10848 10850 0 0 0.5
10849 10850 0 0 0.5
10850 10852 0 0 0.5
10852 10855 3.398529094 0.05296225071 0.5
10852 10860 0 0 0.5
10853 10856 3.328062499 0.05454356057 0.5
10853 10858 2.979093822 0.02291287847 0.5
10853 10859 2.979093822 0.02291287847 0.5
10854 10857 0 0 0.5
10856 10860 0 0 0.5
10857 10858 0 0 0.5
10857 10859 0 0 0.5
10858 10860 0 0 0.5
10859 10860 0 0 0.5
10862 10865 3.398529094 0.05296225071 0.5
10862 10870 0 0 0.5
10862 10873 3.422718218 0.05454356057 0.5
10862 10885 3.398529094 0.05296225071 0.5
10862 10890 0 0 0.5
10863 10866 3.328062499 0.05454356057 0.5
10863 10868 2.979093822 0.02291287847 0.5
10863 10869 2.979093822 0.02291287847 0.5
10863 10874 3.422718218 0.05454356057 0.5
10863 10882 3.422718218 0.05454356057 0.5
10863 10884 3.422718218 0.05454356057 0.5
10864 10867 0 0 0.5
10864 10873 3.422718218 0.05454356057 0.5
10864 10883 3.422718218 0.05454356057 0.5
10865 10872 3.398529094 0.05296225071 0.5
10866 10870 0 0 0.5
10867 10868 0 0 0.5
10867 10869 0 0 0.5
10868 10870 0 0 0.5
10869 10870 0 0 0.5
10870 10872 0 0 0.5
10872 10875 3.398529094 0.05296225071 0.5
10872 10880 0 0 0.5
10872 10883 3.422718218 0.05454356057 0.5
10873 10876 3.328062499 0.05454356057 0.5
10873 10878 2.979093822 0.02291287847 0.5
10873 10879 2.979093822 0.02291287847 0.5
10873 10884 3.422718218 0.05454356057 0.5
10874 10877 0 0 0.5
10874 10883 3.422718218 0.05454356057 0.5
10875 10882 3.398529094 0.05296225071 0.5
10876 10880 0 0 0.5
10877 10878 0 0 0.5
10877 10879 0 0 0.5
10878 10880 0 0 0.5
10879 10880 0 0 0.5
10880 10882 0 0 0.5
10882 10885 3.398529094 0.05296225071 0.5
10882 10890 0 0 0.5
10883 10886 3.328062499 0.05454356057 0.5
10883 10888 2.979093822 0.02291287847 0.5
10883 10889 2.979093822 0.02291287847 0.5
10884 10887 0 0 0.5
10886 10890 0 0 0.5
10887 10888 0 0 0.5
10887 10889 0 0 0.5
10888 10890 0 0 0.5
10889 10890 0 0 0.5
10892 10895 3.398529094 0.05296225071 0.5
10892 10900 0 0 0.5
10892 10903 3.422718218 0.05454356057 0.5
10892 10915 3.398529094 0.05296225071 0.5
10892 10920 0 0 0.5
10893 10896 3.328062499 0.05454356057 0.5
10893 10898 2.979093822 0.02291287847 0.5
10893 10899 2.979093822 0.02291287847 0.5
10893 10904 3.422718218 0.05454356057 0.5
10893 10912 3.422718218 0.05454356057 0.5
10893 10914 3.422718218 0.05454356057 0.5
10894 10897 0 0 0.5
10894 10903 3.422718218 0.05454356057 0.5
10894 10913 3.422718218 0.05454356057 0.5
10895 10902 3.398529094 0.05296225071 0.5
10896 10900 0 0 0.5
10897 10898 0 0 0.5
10897 10899 0 0 0.5
10898 10900 0 0 0.5
10899 10900 0 0 0.5
10900 10902 0 0 0.5
10902 10905 3.398529094 0.05296225071 0.5
10902 10910 0 0 0.5
10902 10913 3.422718218 0.05454356057 0.5
10903 10906 3.328062499 0.05454356057 0.5
10903 10908 2.979093822 0.02291287847 0.5
10903 10909 2.979093822 0.02291287847 0.5
10903 10914 3.422718218 0.05454356057 0.5
10904 10907 0 0 0.5
10904 10913 3.422718218 0.05454356057 0.5
10905 10912 3.398529094 0.05296225071 0.5
10906 10910 0 0 0.5
10907 10908 0 0 0.5
10907 10909 0 0 0.5
10908 10910 0 0 0.5
10909 10910 0 0 0.5
10910 10912 0 0 0.5
10912 10915 3.398529094 0.05296225071 0.5
10912 10920 0 0 0.5
10913 10916 3.328062499 0.05454356057 0.5
10913 10918 2.979093822 0.02291287847 0.5
10913 10919 2.979093822 0.02291287847 0.5
10914 10917 0 0 0.5
10916 10920 0 0 0.5
10917 10918 0 0 0.5
10917 10919 0 0 0.5
10918 10920 0 0 0.5
10919 10920 0 0 0.5
10922 10925 3.398529094 0.05296225071 0.5
10922 10930 0 0 0.5
10922 10933 3.422718218 0.05454356057 0.5
10922 10945 3.398529094 0.05296225071 0.5
10922 10950 0 0 0.5
10923 10926 3.328062499 0.05454356057 0.5
10923 10928 2.979093822 0.02291287847 0.5
10923 10929 2.979093822 0.02291287847 0.5
10923 10934 3.422718218 0.05454356057 0.5
10923 10942 3.422718218 0.05454356057 0.5
10923 10944 3.422718218 0.05454356057 0.5
10924 10927 0 0 0.5
10924 10933 3.422718218 0.05454356057 0.5
10924 10943 3.422718218 0.05454356057 0.5
10925 10932 3.398529094 0.05296225071 0.5
10926 10930 0 0 0.5
10927 10928 0 0 0.5
10927 10929 0 0 0.5
10928 10930 0 0 0.5
10929 10930 0 0 0.5
10930 10932 0 0 0.5
10932 10935 3.398529094 0.05296225071 0.5
10932 10940 0 0 0.5
10932 10943 3.422718218 0.05454356057 0.5
10933 10936 3.328062499 0.05454356057 0.5
10933 10938 2.979093822 0.02291287847 0.5
10933 10939 2.979093822 0.02291287847 0.5
10933 10944 3.422718218 0.05454356057 0.5
10934 10937 0 0 0.5
10934 10943 3.422718218 0.05454356057 0.5
10935 10942 3.398529094 0.05296225071 0.5
10936 10940 0 0 0.5
10937 10938 0 0 0.5
10937 10939 0 0 0.5
10938 10940 0 0 0.5
10939 10940 0 0 0.5
10940 10942 0 0 0.5
10942 10945 3.398529094 0.05296225071 0.5
10942 10950 0 0 0.5
10943 10946 3.328062499 0.05454356057 0.5
10943 10948 2.979093822 0.02291287847 0.5
10943 10949 2.979093822 0.02291287847 0.5
10944 10947 0 0 0.5
10946 10950 0 0 0.5
10947 10948 0 0 0.5
10947 10949 0 0 0.5
10948 10950 0 0 0.5
10949 10950 0 0 0.5
10952 10955 3.398529094 0.05296225071 0.5
10952 10960 0 0 0.5
10952 10963 3.422718218 0.05454356057 0.5
10952 10975 3.398529094 0.05296225071 0.5
10952 10980 0 0 0.5
10953 10956 3.328062499 0.05454356057 0.5
10953 10958 2.979093822 0.02291287847 0.5
10953 10959 2.979093822 0.02291287847 0.5
10953 10964 3.422718218 0.05454356057 0.5
10953 10972 3.422718218 0.05454356057 0.5
10953 10974 3.422718218 0.05454356057 0.5
10954 10957 0 0 0.5
10954 10963 3.422718218 0.05454356057 0.5
10954 10973 3.422718218 0.05454356057 0.5
10955 10962 3.398529094 0.05296225071 0.5
10956 10960 0 0 0.5
10957 10958 0 0 0.5
10957 10959 0 0 0.5
10958 10960 0 0 0.5
10959 10960 0 0 0.5
10960 10962 0 0 0.5
10962 10965 3.398529094 0.05296225071 0.5
10962 10970 0 0 0.5
10962 10973 3.422718218 0.05454356057 0.5
10963 10966 3.328062499 0.05454356057 0.5
10963 10968 2.979093822 0.02291287847 0.5
10963 10969 2.979093822 0.02291287847 0.5
10963 10974 3.422718218 0.05454356057 0.5
10964 10967 0 0 0.5
10964 10973 3.422718218 0.05454356057 0.5
10965 10972 3.398529094 0.05296225071 0.5
10966 10970 0 0 0.5
10967 10968 0 0 0.5
10967 10969 0 0 0.5
10968 10970 0 0 0.5
10969 10970 0 0 0.5
10970 10972 0 0 0.5
10972 10975 3.398529094 0.05296225071 0.5
10972 10980 0 0 0.5
10973 10976 3.328062499 0.05454356057 0.5
10973 10978 2.979093822 0.02291287847 0.5
10973 10979 2.979093822 0.02291287847 0.5
10974 10977 0 0 0.5
10976 10980 0 0 0.5
10977 10978 0 0 0.5
10977 10979 0 0 0.5
10978 10980 0 0 0.5
10979 10980 0 0 0.5
10982 10985 3.398529094 0.05296225071 0.5
10982 10990 0 0 0.5
10982 10993 3.422718218 0.05454356057 0.5
10982 11005 3.398529094 0.05296225071 0.5
10982 11010 0 0 0.5
10983 10986 3.328062499 0.05454356057 0.5
10983 10988 2.979093822 0.02291287847 0.5
10983 10989 2.979093822 0.02291287847 0.5
10983 10994 3.422718218 0.05454356057 0.5
10983 11002 3.422718218 0.05454356057 0.5
10983 11004 3.422718218 0.05454356057 0.5
10984 10987 0 0 0.5
10984 10993 3.422718218 0.05454356057 0.5
10984 11003 3.422718218 0.05454356057 0.5
10985 10992 3.398529094 0.05296225071 0.5
10986 10990 0 0 0.5
10987 10988 0 0 0.5
10987 10989 0 0 0.5
10988 10990 0 0 0.5
10989 10990 0 0 0.5
10990 10992 0 0 0.5
10992 10995 3.398529094 0.05296225071 0.5
10992 11000 0 0 0.5
10992 11003 3.422718218 0.05454356057 0.5
10993 10996 3.328062499 0.05454356057 0.5
10993 10998 2.979093822 0.02291287847 0.5
10993 10999 2.979093822 0.02291287847 0.5
10993 11004 3.422718218 0.05454356057 0.5
10994 10997 0 0 0.5
10994 11003 3.422718218 0.05454356057 0.5
10995 11002 3.398529094 0.05296225071 0.5
10996 11000 0 0 0.5
10997 10998 0 0 0.5
10997 10999 0 0 0.5
10998 11000 0 0 0.5
10999 11000 0 0 0.5
11000 11002 0 0 0.5
11002 11005 3.398529094 0.05296225071 0.5
11002 11010 0 0 0.5
11003 11006 3.328062499 0.05454356057 0.5
11003 11008 2.979093822 0.02291287847 0.5
11003 11009 2.979093822 0.02291287847 0.5
11004 11007 0 0 0.5
11006 11010 0 0 0.5
11007 11008 0 0 0.5
11007 11009 0 0 0.5
11008 11010 0 0 0.5
11009 11010 0 0 0.5
11012 11015 3.398529094 0.05296225071 0.5
11012 11020 0 0 0.5
11012 11023 3.422718218 0.05454356057 0.5
11012 11035 3.398529094 0.05296225071 0.5
11012 11040 0 0 0.5
11013 11016 3.328062499 0.05454356057 0.5
11013 11018 2.979093822 0.02291287847 0.5
11013 11019 2.979093822 0.02291287847 0.5
11013 11024 3.422718218 0.05454356057 0.5
11013 11032 3.422718218 0.05454356057 0.5
11013 11034 3.422718218 0.05454356057 0.5
11014 11017 0 0 0.5
11014 11023 3.422718218 0.05454356057 0.5
11014 11033 3.422718218 0.05454356057 0.5
11015 11022 3.398529094 0.05296225071 0.5
11016 11020 0 0 0.5
11017 11018 0 0 0.5
11017 11019 0 0 0.5
11018 11020 0 0 0.5
11019 11020 0 0 0.5
11020 11022 0 0 0.5
11022 11025 3.398529094 0.05296225071 0.5
11022 11030 0 0 0.5
11022 11033 3.422718218 0.05454356057 0.5
11023 11026 3.328062499 0.05454356057 0.5
11023 11028 2.979093822 0.02291287847 0.5
11023 11029 2.979093822 0.02291287847 0.5
11023 11034 3.422718218 0.05454356057 0.5
11024 11027 0 0 0.5
11024 11033 3.422718218 0.05454356057 0.5
11025 11032 3.398529094 0.05296225071 0.5
11026 11030 0 0 0.5
11027 11028 0 0 0.5
11027 11029 0 0 0.5
11028 11030 0 0 0.5
11029 11030 0 0 0.5
11030 11032 0 0 0.5
11032 11035 3.398529094 0.05296225071 0.5
11032 11040 0 0 0.5
11033 11036 3.328062499 0.05454356057 0.5
11033 11038 2.979093822 0.02291287847 0.5
11033 11039 2.979093822 0.02291287847 0.5
11034 11037 0 0 0.5
11036 11040 0 0 0.5
11037 11038 0 0 0.5
11037 11039 0 0 0.5
11038 11040 0 0 0.5
11039 11040 0 0 0.5
11042 11045 3.398529094 0.05296225071 0.5
11042 11050 0 0 0.5
11042 11053 3.422718218 0.05454356057 0.5
11042 11065 3.398529094 0.05296225071 0.5
11042 11070 0 0 0.5
11043 11046 3.328062499 0.05454356057 0.5
11043 11048 2.979093822 0.02291287847 0.5
11043 11049 2.979093822 0.02291287847 0.5
11043 11054 3.422718218 0.05454356057 0.5
11043 11062 3.422718218 0.05454356057 0.5
11043 11064 3.422718218 0.05454356057 0.5
11044 11047 0 0 0.5
11044 11053 3.422718218 0.05454356057 0.5
11044 11063 3.422718218 0.05454356057 0.5
11045 11052 3.398529094 0.05296225071 0.5
11046 11050 0 0 0.5
11047 11048 0 0 0.5
11047 11049 0 0 0.5
11048 11050 0 0 0.5
11049 11050 0 0 0.5
11050 11052 0 0 0.5
11052 11055 3.398529094 0.05296225071 0.5
11052 11060 0 0 0.5
11052 11063 3.422718218 0.05454356057 0.5
11053 11056 3.328062499 0.05454356057 0.5
11053 11058 2.979093822 0.02291287847 0.5
11053 11059 2.979093822 0.02291287847 0.5
11053 11064 3.422718218 0.05454356057 0.5
11054 11057 0 0 0.5
11054 11063 3.422718218 0.05454356057 0.5
11055 11062 3.398529094 0.05296225071 0.5
11056 11060 0 0 0.5
11057 11058 0 0 0.5
11057 11059 0 0 0.5
11058 11060 0 0 0.5
11059 11060 0 0 0.5
11060 11062 0 0 0.5
11062 11065 3.398529094 0.05296225071 0.5
11062 11070 0 0 0.5
11063 11066 3.328062499 0.05454356057 0.5
11063 11068 2.979093822 0.02291287847 0.5
11063 11069 2.979093822 0.02291287847 0.5
11064 11067 0 0 0.5
11066 11070 0 0 0.5
11067 11068 0 0 0.5
11067 11069 0 0 0.5
11068 11070 0 0 0.5
11069 11070 0 0 0.5
11072 11075 3.398529094 0.05296225071 0.5
11072 11080 0 0 0.5
11072 11083 3.422718218 0.05454356057 0.5
11072 11095 3.398529094 0.05296225071 0.5
11072 11100 0 0 0.5
11073 11076 3.328062499 0.05454356057 0.5
11073 11078 2.979093822 0.02291287847 0.5
11073 11079 2.979093822 0.02291287847 0.5
11073 11084 3.422718218 0.05454356057 0.5
11073 11092 3.422718218 0.05454356057 0.5
11073 11094 3.422718218 0.05454356057 0.5
11074 11077 0 0 0.5
11074 11083 3.422718218 0.05454356057 0.5
11074 11093 3.422718218 0.05454356057 0.5
11075 11082 3.398529094 0.05296225071 0.5
11076 11080 0 0 0.5
11077 11078 0 0 0.5
11077 11079 0 0 0.5
11078 11080 0 0 0.5
11079 11080 0 0 0.5
11080 11082 0 0 0.5
11082 11085 3.398529094 0.05296225071 0.5
11082 11090 0 0 0.5
11082 11093 3.422718218 0.05454356057 0.5
11083 11086 3.328062499 0.05454356057 0.5
11083 11088 2.979093822 0.02291287847 0.5
11083 11089 2.979093822 0.02291287847 0.5
11083 11094 3.422718218 0.05454356057 0.5
11084 11087 0 0 0.5
11084 11093 3.422718218 0.05454356057 0.5
11085 11092 3.398529094 0.05296225071 0.5
11086 11090 0 0 0.5
11087 11088 0 0 0.5
11087 11089 0 0 0.5
11088 11090 0 0 0.5
11089 11090 0 0 0.5
11090 11092 0 0 0.5
11092 11095 3.398529094 0.05296225071 0.5
11092 11100 0 0 0.5
11093 11096 3.328062499 0.05454356057 0.5
11093 11098 2.979093822 0.02291287847 0.5
11093 11099 2.979093822 0.02291287847 0.5
11094 11097 0 0 0.5
11096 11100 0 0 0.5
11097 11098 0 0 0.5
11097 11099 0 0 0.5
11098 11100 0 0 0.5
11099 11100 0 0 0.5
11102 11105 3.398529094 0.05296225071 0.5
11102 11110 0 0 0.5
11102 11113 3.422718218 0.05454356057 0.5
11102 11125 3.398529094 0.05296225071 0.5
11102 11130 0 0 0.5
11103 11106 3.328062499 0.05454356057 0.5
11103 11108 2.979093822 0.02291287847 0.5
11103 11109 2.979093822 0.02291287847 0.5
11103 11114 3.422718218 0.05454356057 0.5
11103 11122 3.422718218 0.05454356057 0.5
11103 11124 3.422718218 0.05454356057 0.5
11104 11107 0 0 0.5
11104 11113 3.422718218 0.05454356057 0.5
11104 11123 3.422718218 0.05454356057 0.5
11105 11112 3.398529094 0.05296225071 0.5
11106 11110 0 0 0.5
11107 11108 0 0 0.5
11107 11109 0 0 0.5
11108 11110 0 0 0.5
11109 11110 0 0 0.5
11110 11112 0 0 0.5
11112 11115 3.398529094 0.05296225071 0.5
11112 11120 0 0 0.5
11112 11123 3.422718218 0.05454356057 0.5
11113 11116 3.328062499 0.05454356057 0.5
11113 11118 2.979093822 0.02291287847 0.5
11113 11119 2.979093822 0.02291287847 0.5
11113 11124 3.422718218 0.05454356057 0.5
11114 11117 0 0 0.5
11114 11123 3.422718218 0.05454356057 0.5
11115 11122 3.398529094 0.05296225071 0.5
11116 11120 0 0 0.5
11117 11118 0 0 0.5
11117 11119 0 0 0.5
11118 11120 0 0 0.5
11119 11120 0 0 0.5
11120 11122 0 0 0.5
11122 11125 3.398529094 0.05296225071 0.5
11122 11130 0 0 0.5
11123 11126 3.328062499 0.05454356057 0.5
11123 11128 2.979093822 0.02291287847 0.5
11123 11129 2.979093822 0.02291287847 0.5
11124 11127 0 0 0.5
11126 11130 0 0 0.5
11127 11128 0 0 0.5
11127 11129 0 0 0.5
11128 11130 0 0 0.5
11129 11130 0 0 0.5
11132 11135 3.398529094 0.05296225071 0.5
11132 11140 0 0 0.5
11132 11143 3.422718218 0.05454356057 0.5
11132 11155 3.398529094 0.05296225071 0.5
11132 11160 0 0 0.5
11133 11136 3.328062499 0.05454356057 0.5
11133 11138 2.979093822 0.02291287847 0.5
11133 11139 2.979093822 0.02291287847 0.5
11133 11144 3.422718218 0.05454356057 0.5
11133 11152 3.422718218 0.05454356057 0.5
11133 11154 3.422718218 0.05454356057 0.5
11134 11137 0 0 0.5
11134 11143 3.422718218 0.05454356057 0.5
11134 11153 3.422718218 0.05454356057 0.5
11135 11142 3.398529094 0.05296225071 0.5
11136 11140 0 0 0.5
11137 11138 0 0 0.5
11137 11139 0 0 0.5
11138 11140 0 0 0.5
11139 11140 0 0 0.5
11140 11142 0 0 0.5
11142 11145 3.398529094 0.05296225071 0.5
11142 11150 0 0 0.5
11142 11153 3.422718218 0.05454356057 0.5
11143 11146 3.328062499 0.05454356057 0.5
11143 11148 2.979093822 0.02291287847 0.5
11143 11149 2.979093822 0.02291287847 0.5
11143 11154 3.422718218 0.05454356057 0.5
11144 11147 0 0 0.5
11144 11153 3.422718218 0.05454356057 0.5
11145 11152 3.398529094 0.05296225071 0.5
11146 11150 0 0 0.5
11147 11148 0 0 0.5
11147 11149 0 0 0.5
11148 11150 0 0 0.5
11149 11150 0 0 0.5
11150 11152 0 0 0.5
11152 11155 3.398529094 0.05296225071 0.5
11152 11160 0 0 0.5
11153 11156 3.328062499 0.05454356057 0.5
11153 11158 2.979093822 0.02291287847 0.5
11153 11159 2.979093822 0.02291287847 0.5
11154 11157 0 0 0.5
11156 11160 0 0 0.5
11157 11158 0 0 0.5
11157 11159 0 0 0.5
11158 11160 0 0 0.5
11159 11160 0 0 0.5
11162 11165 3.398529094 0.05296225071 0.5
11162 11170 0 0 0.5
11162 11173 3.422718218 0.05454356057 0.5
11162 11185 3.398529094 0.05296225071 0.5
11162 11190 0 0 0.5
11163 11166 3.328062499 0.05454356057 0.5
11163 11168 2.979093822 0.02291287847 0.5
11163 11169 2.979093822 0.02291287847 0.5
11163 11174 3.422718218 0.05454356057 0.5
11163 11182 3.422718218 0.05454356057 0.5
11163 11184 3.422718218 0.05454356057 0.5
11164 11167 0 0 0.5
11164 11173 3.422718218 0.05454356057 0.5
11164 11183 3.422718218 0.05454356057 0.5
11165 11172 3.398529094 0.05296225071 0.5
11166 11170 0 0 0.5
11167 11168 0 0 0.5
11167 11169 0 0 0.5
11168 11170 0 0 0.5
11169 11170 0 0 0.5
11170 11172 0 0 0.5
11172 11175 3.398529094 0.05296225071 0.5
11172 11180 0 0 0.5
11172 11183 3.422718218 0.05454356057 0.5
11173 11176 3.328062499 0.05454356057 0.5
11173 11178 2.979093822 0.02291287847 0.5
11173 11179 2.979093822 0.02291287847 0.5
11173 11184 3.422718218 0.05454356057 0.5
11174 11177 0 0 0.5
11174 11183 3.422718218 0.05454356057 0.5
11175 11182 3.398529094 0.05296225071 0.5
11176 11180 0 0 0.5
11177 11178 0 0 0.5
11177 11179 0 0 0.5
11178 11180 0 0 0.5
11179 11180 0 0 0.5
11180 11182 0 0 0.5
11182 11185 3.398529094 0.05296225071 0.5
11182 11190 0 0 0.5
11183 11186 3.328062499 0.05454356057 0.5
11183 11188 2.979093822 0.02291287847 0.5
11183 11189 2.979093822 0.02291287847 0.5
11184 11187 0 0 0.5
11186 11190 0 0 0.5
11187 11188 0 0 0.5
11187 11189 0 0 0.5
11188 11190 0 0 0.5
11189 11190 0 0 0.5
11192 11195 3.398529094 0.05296225071 0.5
11192 11200 0 0 0.5
11192 11203 3.422718218 0.05454356057 0.5
11192 11215 3.398529094 0.05296225071 0.5
11192 11220 0 0 0.5
11193 11196 3.328062499 0.05454356057 0.5
11193 11198 2.979093822 0.02291287847 0.5
11193 11199 2.979093822 0.02291287847 0.5
11193 11204 3.422718218 0.05454356057 0.5
11193 11212 3.422718218 0.05454356057 0.5
11193 11214 3.422718218 0.05454356057 0.5
11194 11197 0 0 0.5
11194 11203 3.422718218 0.05454356057 0.5
11194 11213 3.422718218 0.05454356057 0.5
11195 11202 3.398529094 0.05296225071 0.5
11196 11200 0 0 0.5
11197 11198 0 0 0.5
11197 11199 0 0 0.5
11198 11200 0 0 0.5
11199 11200 0 0 0.5
11200 11202 0 0 0.5
11202 11205 3.398529094 0.05296225071 0.5
11202 11210 0 0 0.5
11202 11213 3.422718218 0.05454356057 0.5
11203 11206 3.328062499 0.05454356057 0.5
11203 11208 2.979093822 0.02291287847 0.5
11203 11209 2.979093822 0.02291287847 0.5
11203 11214 3.422718218 0.05454356057 0.5
11204 11207 0 0 0.5
11204 11213 3.422718218 0.05454356057 0.5
11205 11212 3.398529094 0.05296225071 0.5
11206 11210 0 0 0.5
11207 11208 0 0 0.5
11207 11209 0 0 0.5
11208 11210 0 0 0.5
11209 11210 0 0 0.5
11210 11212 0 0 0.5
11212 11215 3.398529094 0.05296225071 0.5
11212 11220 0 0 0.5
11213 11216 3.328062499 0.05454356057 0.5
11213 11218 2.979093822 0.02291287847 0.5
11213 11219 2.979093822 0.02291287847 0.5
11214 11217 0 0 0.5
11216 11220 0 0 0.5
11217 11218 0 0 0.5
11217 11219 0 0 0.5
11218 11220 0 0 0.5
11219 11220 0 0 0.5
11222 11225 3.398529094 0.05296225071 0.5
11222 11230 0 0 0.5
11222 11233 3.422718218 0.05454356057 0.5
11222 11245 3.398529094 0.05296225071 0.5
11222 11250 0 0 0.5
11223 11226 3.328062499 0.05454356057 0.5
11223 11228 2.979093822 0.02291287847 0.5
11223 11229 2.979093822 0.02291287847 0.5
11223 11234 3.422718218 0.05454356057 0.5
11223 11242 3.422718218 0.05454356057 0.5
11223 11244 3.422718218 0.05454356057 0.5
11224 11227 0 0 0.5
11224 11233 3.422718218 0.05454356057 0.5
11224 11243 3.422718218 0.05454356057 0.5
11225 11232 3.398529094 0.05296225071 0.5
11226 11230 0 0 0.5
11227 11228 0 0 0.5
11227 11229 0 0 0.5
11228 11230 0 0 0.5
11229 11230 0 0 0.5
11230 11232 0 0 0.5
11232 11235 3.398529094 0.05296225071 0.5
11232 11240 0 0 0.5
11232 11243 3.422718218 0.05454356057 0.5
11233 11236 3.328062499 0.05454356057 0.5
11233 11238 2.979093822 0.02291287847 0.5
11233 11239 2.979093822 0.02291287847 0.5
11233 11244 3.422718218 0.05454356057 0.5
11234 11237 0 0 0.5
11234 11243 3.422718218 0.05454356057 0.5
11235 11242 3.398529094 0.05296225071 0.5
11236 11240 0 0 0.5
11237 11238 0 0 0.5
11237 11239 0 0 0.5
11238 11240 0 0 0.5
11239 11240 0 0 0.5
11240 11242 0 0 0.5
11242 11245 3.398529094 0.05296225071 0.5
11242 11250 0 0 0.5
11243 11246 3.328062499 0.05454356057 0.5
11243 11248 2.979093822 0.02291287847 0.5
11243 11249 2.979093822 0.02291287847 0.5
11244 11247 0 0 0.5
11246 11250 0 0 0.5
11247 11248 0 0 0.5
11247 11249 0 0 0.5
11248 11250 0 0 0.5
11249 11250 0 0 0.5
11252 11255 3.398529094 0.05296225071 0.5
11252 11260 0 0 0.5
11252 11263 3.422718218 0.05454356057 0.5
11252 11275 3.398529094 0.05296225071 0.5
11252 11280 0 0 0.5
11253 11256 3.328062499 0.05454356057 0.5
11253 11258 2.979093822 0.02291287847 0.5
11253 11259 2.979093822 0.02291287847 0.5
11253 11264 3.422718218 0.05454356057 0.5
11253 11272 3.422718218 0.05454356057 0.5
11253 11274 3.422718218 0.05454356057 0.5
11254 11257 0 0 0.5
11254 11263 3.422718218 0.05454356057 0.5
11254 11273 3.422718218 0.05454356057 0.5
11255 11262 3.398529094 0.05296225071 0.5
11256 11260 0 0 0.5
11257 11258 0 0 0.5
11257 11259 0 0 0.5
11258 11260 0 0 0.5
11259 11260 0 0 0.5
11260 11262 0 0 0.5
11262 11265 3.398529094 0.05296225071 0.5
11262 11270 0 0 0.5
11262 11273 3.422718218 0.05454356057 0.5
11263 11266 3.328062499 0.05454356057 0.5
11263 11268 2.979093822 0.02291287847 0.5
11263 11269 2.979093822 0.02291287847 0.5
11263 11274 3.422718218 0.05454356057 0.5
11264 11267 0 0 0.5
11264 11273 3.422718218 0.05454356057 0.5
11265 11272 3.398529094 0.05296225071 0.5
11266 11270 0 0 0.5
11267 11268 0 0 0.5
11267 11269 0 0 0.5
11268 11270 0 0 0.5
11269 11270 0 0 0.5
11270 11272 0 0 0.5
11272 11275 3.398529094 0.05296225071 0.5
11272 11280 0 0 0.5
11273 11276 3.328062499 0.05454356057 0.5
11273 11278 2.979093822 0.02291287847 0.5
11273 11279 2.979093822 0.02291287847 0.5
11274 11277 0 0 0.5
11276 11280 0 0 0.5
11277 11278 0 0 0.5
11277 11279 0 0 0.5
11278 11280 0 0 0.5
11279 11280 0 0 0.5
11282 11285 3.398529094 0.05296225071 0.5
11282 11290 0 0 0.5
11282 11293 3.422718218 0.05454356057 0.5
11282 11305 3.398529094 0.05296225071 0.5
11282 11310 0 0 0.5
11283 11286 3.328062499 0.05454356057 0.5
11283 11288 2.979093822 0.02291287847 0.5
11283 11289 2.979093822 0.02291287847 0.5
11283 11294 3.422718218 0.05454356057 0.5
11283 11302 3.422718218 0.05454356057 0.5
11283 11304 3.422718218 0.05454356057 0.5
11284 11287 0 0 0.5
11284 11293 3.422718218 0.05454356057 0.5
11284 11303 3.422718218 0.05454356057 0.5
11285 11292 3.398529094 0.05296225071 0.5
11286 11290 0 0 0.5
11287 11288 0 0 0.5
11287 11289 0 0 0.5
11288 11290 0 0 0.5
11289 11290 0 0 0.5
11290 11292 0 0 0.5
11292 11295 3.398529094 0.05296225071 0.5
11292 11300 0 0 0.5
11292 11303 3.422718218 0.05454356057 0.5
11293 11296 3.328062499 0.05454356057 0.5
11293 11298 2.979093822 0.02291287847 0.5
11293 11299 2.979093822 0.02291287847 0.5
11293 11304 3.422718218 0.05454356057 0.5
11294 11297 0 0 0.5
11294 11303 3.422718218 0.05454356057 0.5
11295 11302 3.398529094 0.05296225071 0.5
11296 11300 0 0 0.5
11297 11298 0 0 0.5
11297 11299 0 0 0.5
11298 11300 0 0 0.5
11299 11300 0 0 0.5
11300 11302 0 0 0.5
11302 11305 3.398529094 0.05296225071 0.5
11302 11310 0 0 0.5
11303 11306 3.328062499 0.05454356057 0.5
11303 11308 2.979093822 0.02291287847 0.5
11303 11309 2.979093822 0.02291287847 0.5
11304 11307 0 0 0.5
11306 11310 0 0 0.5
11307 11308 0 0 0.5
11307 11309 0 0 0.5
11308 11310 0 0 0.5
11309 11310 0 0 0.5
11312 11315 3.398529094 0.05296225071 0.5
11312 11320 0 0 0.5
11312 11323 3.422718218 0.05454356057 0.5
11312 11335 3.398529094 0.05296225071 0.5
11312 11340 0 0 0.5
11313 11316 3.328062499 0.05454356057 0.5
11313 11318 2.979093822 0.02291287847 0.5
11313 11319 2.979093822 0.02291287847 0.5
11313 11324 3.422718218 0.05454356057 0.5
11313 11332 3.422718218 0.05454356057 0.5
11313 11334 3.422718218 0.05454356057 0.5
11314 11317 0 0 0.5
11314 11323 3.422718218 0.05454356057 0.5
11314 11333 3.422718218 0.05454356057 0.5
11315 11322 3.398529094 0.05296225071 0.5
11316 11320 0 0 0.5
11317 11318 0 0 0.5
11317 11319 0 0 0.5
11318 11320 0 0 0.5
11319 11320 0 0 0.5
11320 11322 0 0 0.5
11322 11325 3.398529094 0.05296225071 0.5
11322 11330 0 0 0.5
11322 11333 3.422718218 0.05454356057 0.5
11323 11326 3.328062499 0.05454356057 0.5
11323 11328 2.979093822 0.02291287847 0.5
11323 11329 2.979093822 0.02291287847 0.5
11323 11334 3.422718218 0.05454356057 0.5
11324 11327 0 0 0.5
11324 11333 3.422718218 0.05454356057 0.5
11325 11332 3.398529094 0.05296225071 0.5
11326 11330 0 0 0.5
11327 11328 0 0 0.5
11327 11329 0 0 0.5
11328 11330 0 0 0.5
11329 11330 0 0 0.5
11330 11332 0 0 0.5
11332 11335 3.398529094 0.05296225071 0.5
11332 11340 0 0 0.5
11333 11336 3.328062499 0.05454356057 0.5
11333 11338 2.979093822 0.02291287847 0.5
11333 11339 2.979093822 0.02291287847 0.5
11334 11337 0 0 0.5
11336 11340 0 0 0.5
11337 11338 0 0 0.5
11337 11339 0 0 0.5
11338 11340 0 0 0.5
11339 11340 0 0 0.5
11342 11345 3.398529094 0.05296225071 0.5
11342 11350 0 0 0.5
11342 11353 3.422718218 0.05454356057 0.5
11342 11365 3.398529094 0.05296225071 0.5
11342 11370 0 0 0.5
11343 11346 3.328062499 0.05454356057 0.5
11343 11348 2.979093822 0.02291287847 0.5
11343 11349 2.979093822 0.02291287847 0.5
11343 11354 3.422718218 0.05454356057 0.5
11343 11362 3.422718218 0.05454356057 0.5
11343 11364 3.422718218 0.05454356057 0.5
11344 11347 0 0 0.5
11344 11353 3.422718218 0.05454356057 0.5
11344 11363 3.422718218 0.05454356057 0.5
11345 11352 3.398529094 0.05296225071 0.5
11346 11350 0 0 0.5
11347 11348 0 0 0.5
11347 11349 0 0 0.5
11348 11350 0 0 0.5
11349 11350 0 0 0.5
11350 11352 0 0 0.5
11352 11355 3.398529094 0.05296225071 0.5
11352 11360 0 0 0.5
11352 11363 3.422718218 0.05454356057 0.5
11353 11356 3.328062499 0.05454356057 0.5
11353 11358 2.979093822 0.02291287847 0.5
11353 11359 2.979093822 0.02291287847 0.5
11353 11364 3.422718218 0.05454356057 0.5
11354 11357 0 0 0.5
11354 11363 3.422718218 0.05454356057 0.5
11355 11362 3.398529094 0.05296225071 0.5
11356 11360 0 0 0.5
11357 11358 0 0 0.5
11357 11359 0 0 0.5
11358 11360 0 0 0.5
11359 11360 0 0 0.5
11360 11362 0 0 0.5
11362 11365 3.398529094 0.05296225071 0.5
11362 11370 0 0 0.5
11363 11366 3.328062499 0.05454356057 0.5
11363 11368 2.979093822 0.02291287847 0.5
11363 11369 2.979093822 0.02291287847 0.5
11364 11367 0 0 0.5
11366 11370 0 0 0.5
11367 11368 0 0 0.5
11367 11369 0 0 0.5
11368 11370 0 0 0.5
11369 11370 0 0 0.5
11372 11375 3.398529094 0.05296225071 0.5
11372 11380 0 0 0.5
11372 11383 3.422718218 0.05454356057 0.5
11372 11395 3.398529094 0.05296225071 0.5
11372 11400 0 0 0.5
11373 11376 3.328062499 0.05454356057 0.5
11373 11378 2.979093822 0.02291287847 0.5
11373 11379 2.979093822 0.02291287847 0.5
11373 11384 3.422718218 0.05454356057 0.5
11373 11392 3.422718218 0.05454356057 0.5
11373 11394 3.422718218 0.05454356057 0.5
11374 11377 0 0 0.5
11374 11383 3.422718218 0.05454356057 0.5
11374 11393 3.422718218 0.05454356057 0.5
11375 11382 3.398529094 0.05296225071 0.5
11376 11380 0 0 0.5
11377 11378 0 0 0.5
11377 11379 0 0 0.5
11378 11380 0 0 0.5
11379 11380 0 0 0.5
11380 11382 0 0 0.5
11382 11385 3.398529094 0.05296225071 0.5
11382 11390 0 0 0.5
11382 11393 3.422718218 0.05454356057 0.5
11383 11386 3.328062499 0.05454356057 0.5
11383 11388 2.979093822 0.02291287847 0.5
11383 11389 2.979093822 0.02291287847 0.5
11383 11394 3.422718218 0.05454356057 0.5
11384 11387 0 0 0.5
11384 11393 3.422718218 0.05454356057 0.5
11385 11392 3.398529094 0.05296225071 0.5
11386 11390 0 0 0.5
11387 11388 0 0 0.5
11387 11389 0 0 0.5
11388 11390 0 0 0.5
11389 11390 0 0 0.5
11390 11392 0 0 0.5
11392 11395 3.398529094 0.05296225071 0.5
11392 11400 0 0 0.5
11393 11396 3.328062499 0.05454356057 0.5
11393 11398 2.979093822 0.02291287847 0.5
11393 11399 2.979093822 0.02291287847 0.5
11394 11397 0 0 0.5
11396 11400 0 0 0.5
11397 11398 0 0 0.5
11397 11399 0 0 0.5
11398 11400 0 0 0.5
11399 11400 0 0 0.5
11402 11405 3.398529094 0.05296225071 0.5
11402 11410 0 0 0.5
11402 11413 3.422718218 0.05454356057 0.5
11402 11425 3.398529094 0.05296225071 0.5
11402 11430 0 0 0.5
11403 11406 3.328062499 0.05454356057 0.5
11403 11408 2.979093822 0.02291287847 0.5
11403 11409 2.979093822 0.02291287847 0.5
11403 11414 3.422718218 0.05454356057 0.5
11403 11422 3.422718218 0.05454356057 0.5
11403 11424 3.422718218 0.05454356057 0.5
11404 11407 0 0 0.5
11404 11413 3.422718218 0.05454356057 0.5
11404 11423 3.422718218 0.05454356057 0.5
11405 11412 3.398529094 0.05296225071 0.5
11406 11410 0 0 0.5
11407 11408 0 0 0.5
11407 11409 0 0 0.5
11408 11410 0 0 0.5
11409 11410 0 0 0.5
11410 11412 0 0 0.5
11412 11415 3.398529094 0.05296225071 0.5
11412 11420 0 0 0.5
11412 11423 3.422718218 0.05454356057 0.5
11413 11416 3.328062499 0.05454356057 0.5
11413 11418 2.979093822 0.02291287847 0.5
11413 11419 2.979093822 0.02291287847 0.5
11413 11424 3.422718218 0.05454356057 0.5
11414 11417 0 0 0.5
11414 11423 3.422718218 0.05454356057 0.5
11415 11422 3.398529094 0.05296225071 0.5
11416 11420 0 0 0.5
11417 11418 0 0 0.5
11417 11419 0 0 0.5
11418 11420 0 0 0.5
11419 11420 0 0 0.5
11420 11422 0 0 0.5
11422 11425 3.398529094 0.05296225071 0.5
11422 11430 0 0 0.5
11423 11426 3.328062499 0.05454356057 0.5
11423 11428 2.979093822 0.02291287847 0.5
11423 11429 2.979093822 0.02291287847 0.5
11424 11427 0 0 0.5
11426 11430 0 0 0.5
11427 11428 0 0 0.5
11427 11429 0 0 0.5
11428 11430 0 0 0.5
11429 11430 0 0 0.5
11432 11435 3.398529094 0.05296225071 0.5
11432 11440 0 0 0.5
11432 11443 3.422718218 0.05454356057 0.5
11432 11455 3.398529094 0.05296225071 0.5
11432 11460 0 0 0.5
11433 11436 3.328062499 0.05454356057 0.5
11433 11438 2.979093822 0.02291287847 0.5
11433 11439 2.979093822 0.02291287847 0.5
11433 11444 3.422718218 0.05454356057 0.5
11433 11452 3.422718218 0.05454356057 0.5
11433 11454 3.422718218 0.05454356057 0.5
11434 11437 0 0 0.5
11434 11443 3.422718218 0.05454356057 0.5
11434 11453 3.422718218 0.05454356057 0.5
11435 11442 3.398529094 0.05296225071 0.5
11436 11440 0 0 0.5
11437 11438 0 0 0.5
11437 11439 0 0 0.5
11438 11440 0 0 0.5
11439 11440 0 0 0.5
11440 11442 0 0 0.5
11442 11445 3.398529094 0.05296225071 0.5
11442 11450 0 0 0.5
11442 11453 3.422718218 0.05454356057 0.5
11443 11446 3.328062499 0.05454356057 0.5
11443 11448 2.979093822 0.02291287847 0.5
11443 11449 2.979093822 0.02291287847 0.5
11443 11454 3.422718218 0.05454356057 0.5
11444 11447 0 0 0.5
11444 11453 3.422718218 0.05454356057 0.5
11445 11452 3.398529094 0.05296225071 0.5
11446 11450 0 0 0.5
11447 11448 0 0 0.5
11447 11449 0 0 0.5
11448 11450 0 0 0.5
11449 11450 0 0 0.5
11450 11452 0 0 0.5
11452 11455 3.398529094 0.05296225071 0.5
11452 11460 0 0 0.5
11453 11456 3.328062499 0.05454356057 0.5
11453 11458 2.979093822 0.02291287847 0.5
11453 11459 2.979093822 0.02291287847 0.5
11454 11457 0 0 0.5
11456 11460 0 0 0.5
11457 11458 0 0 0.5
11457 11459 0 0 0.5
11458 11460 0 0 0.5
11459 11460 0 0 0.5
11462 11465 3.398529094 0.05296225071 0.5
11462 11470 0 0 0.5
11462 11473 3.422718218 0.05454356057 0.5
11462 11485 3.398529094 0.05296225071 0.5
11462 11490 0 0 0.5
11463 11466 3.328062499 0.05454356057 0.5
11463 11468 2.979093822 0.02291287847 0.5
11463 11469 2.979093822 0.02291287847 0.5
11463 11474 3.422718218 0.05454356057 0.5
11463 11482 3.422718218 0.05454356057 0.5
11463 11484 3.422718218 0.05454356057 0.5
11464 11467 0 0 0.5
11464 11473 3.422718218 0.05454356057 0.5
11464 11483 3.422718218 0.05454356057 0.5
11465 11472 3.398529094 0.05296225071 0.5
11466 11470 0 0 0.5
11467 11468 0 0 0.5
11467 11469 0 0 0.5
11468 11470 0 0 0.5
11469 11470 0 0 0.5
11470 11472 0 0 0.5
11472 11475 3.398529094 0.05296225071 0.5
11472 11480 0 0 0.5
11472 11483 3.422718218 0.05454356057 0.5
11473 11476 3.328062499 0.05454356057 0.5
11473 11478 2.979093822 0.02291287847 0.5
11473 11479 2.979093822 0.02291287847 0.5
11473 11484 3.422718218 0.05454356057 0.5
11474 11477 0 0 0.5
11474 11483 3.422718218 0.05454356057 0.5
11475 11482 3.398529094 0.05296225071 0.5
11476 11480 0 0 0.5
11477 11478 0 0 0.5
11477 11479 0 0 0.5
11478 11480 0 0 0.5
11479 11480 0 0 0.5
11480 11482 0 0 0.5
11482 11485 3.398529094 0.05296225071 0.5
11482 11490 0 0 0.5
11483 11486 3.328062499 0.05454356057 0.5
11483 11488 2.979093822 0.02291287847 0.5
11483 11489 2.979093822 0.02291287847 0.5
11484 11487 0 0 0.5
11486 11490 0 0 0.5
11487 11488 0 0 0.5
11487 11489 0 0 0.5
11488 11490 0 0 0.5
11489 11490 0 0 0.5
11492 11495 3.398529094 0.05296225071 0.5
11492 11500 0 0 0.5
11492 11503 3.422718218 0.05454356057 0.5
11492 11515 3.398529094 0.05296225071 0.5
11492 11520 0 0 0.5
11493 11496 3.328062499 0.05454356057 0.5
11493 11498 2.979093822 0.02291287847 0.5
11493 11499 2.979093822 0.02291287847 0.5
11493 11504 3.422718218 0.05454356057 0.5
11493 11512 3.422718218 0.05454356057 0.5
11493 11514 3.422718218 0.05454356057 0.5
11494 11497 0 0 0.5
11494 11503 3.422718218 0.05454356057 0.5
11494 11513 3.422718218 0.05454356057 0.5
11495 11502 3.398529094 0.05296225071 0.5
11496 11500 0 0 0.5
11497 11498 0 0 0.5
11497 11499 0 0 0.5
11498 11500 0 0 0.5
11499 11500 0 0 0.5
11500 11502 0 0 0.5
11502 11505 3.398529094 0.05296225071 0.5
11502 11510 0 0 0.5
11502 11513 3.422718218 0.05454356057 0.5
11503 11506 3.328062499 0.05454356057 0.5
11503 11508 2.979093822 0.02291287847 0.5
11503 11509 2.979093822 0.02291287847 0.5
11503 11514 3.422718218 0.05454356057 0.5
11504 11507 0 0 0.5
11504 11513 3.422718218 0.05454356057 0.5
11505 11512 3.398529094 0.05296225071 0.5
11506 11510 0 0 0.5
11507 11508 0 0 0.5
11507 11509 0 0 0.5
11508 11510 0 0 0.5
11509 11510 0 0 0.5
11510 11512 0 0 0.5
11512 11515 3.398529094 0.05296225071 0.5
11512 11520 0 0 0.5
11513 11516 3.328062499 0.05454356057 0.5
11513 11518 2.979093822 0.02291287847 0.5
11513 11519 2.979093822 0.02291287847 0.5
11514 11517 0 0 0.5
11516 11520 0 0 0.5
11517 11518 0 0 0.5
11517 11519 0 0 0.5
11518 11520 0 0 0.5
11519 11520 0 0 0.5
11522 11525 3.398529094 0.05296225071 0.5
11522 11530 0 0 0.5
11522 11533 3.422718218 0.05454356057 0.5
11522 11545 3.398529094 0.05296225071 0.5
11522 11550 0 0 0.5
11523 11526 3.328062499 0.05454356057 0.5
11523 11528 2.979093822 0.02291287847 0.5
11523 11529 2.979093822 0.02291287847 0.5
11523 11534 3.422718218 0.05454356057 0.5
11523 11542 3.422718218 0.05454356057 0.5
11523 11544 3.422718218 0.05454356057 0.5
11524 11527 0 0 0.5
11524 11533 3.422718218 0.05454356057 0.5
11524 11543 3.422718218 0.05454356057 0.5
11525 11532 3.398529094 0.05296225071 0.5
11526 11530 0 0 0.5
11527 11528 0 0 0.5
11527 11529 0 0 0.5
11528 11530 0 0 0.5
11529 11530 0 0 0.5
11530 11532 0 0 0.5
11532 11535 3.398529094 0.05296225071 0.5
11532 11540 0 0 0.5
11532 11543 3.422718218 0.05454356057 0.5
11533 11536 3.328062499 0.05454356057 0.5
11533 11538 2.979093822 0.02291287847 0.5
11533 11539 2.979093822 0.02291287847 0.5
11533 11544 3.422718218 0.05454356057 0.5
11534 11537 0 0 0.5
11534 11543 3.422718218 0.05454356057 0.5
11535 11542 3.398529094 0.05296225071 0.5
11536 11540 0 0 0.5
11537 11538 0 0 0.5
11537 11539 0 0 0.5
11538 11540 0 0 0.5
11539 11540 0 0 0.5
11540 11542 0 0 0.5
11542 11545 3.398529094 0.05296225071 0.5
11542 11550 0 0 0.5
11543 11546 3.328062499 0.05454356057 0.5
11543 11548 2.979093822 0.02291287847 0.5
11543 11549 2.979093822 0.02291287847 0.5
11544 11547 0 0 0.5
11546 11550 0 0 0.5
11547 11548 0 0 0.5
11547 11549 0 0 0.5
11548 11550 0 0 0.5
11549 11550 0 0 0.5
11552 11555 3.398529094 0.05296225071 0.5
11552 11560 0 0 0.5
11552 11563 3.422718218 0.05454356057 0.5
11552 11575 3.398529094 0.05296225071 0.5
11552 11580 0 0 0.5
11553 11556 3.328062499 0.05454356057 0.5
11553 11558 2.979093822 0.02291287847 0.5
11553 11559 2.979093822 0.02291287847 0.5
11553 11564 3.422718218 0.05454356057 0.5
11553 11572 3.422718218 0.05454356057 0.5
11553 11574 3.422718218 0.05454356057 0.5
11554 11557 0 0 0.5
11554 11563 3.422718218 0.05454356057 0.5
11554 11573 3.422718218 0.05454356057 0.5
11555 11562 3.398529094 0.05296225071 0.5
11556 11560 0 0 0.5
11557 11558 0 0 0.5
11557 11559 0 0 0.5
11558 11560 0 0 0.5
11559 11560 0 0 0.5
11560 11562 0 0 0.5
11562 11565 3.398529094 0.05296225071 0.5
11562 11570 0 0 0.5
11562 11573 3.422718218 0.05454356057 0.5
11563 11566 3.328062499 0.05454356057 0.5
11563 11568 2.979093822 0.02291287847 0.5
11563 11569 2.979093822 0.02291287847 0.5
11563 11574 3.422718218 0.05454356057 0.5
11564 11567 0 0 0.5
11564 11573 3.422718218 0.05454356057 0.5
11565 11572 3.398529094 0.05296225071 0.5
11566 11570 0 0 0.5
11567 11568 0 0 0.5
11567 11569 0 0 0.5
11568 11570 0 0 0.5
11569 11570 0 0 0.5
11570 11572 0 0 0.5
11572 11575 3.398529094 0.05296225071 0.5
11572 11580 0 0 0.5
11573 11576 3.328062499 0.05454356057 0.5
11573 11578 2.979093822 0.02291287847 0.5
11573 11579 2.979093822 0.02291287847 0.5
11574 11577 0 0 0.5
11576 11580 0 0 0.5
11577 11578 0 0 0.5
11577 11579 0 0 0.5
11578 11580 0 0 0.5
11579 11580 0 0 0.5
11582 11585 3.398529094 0.05296225071 0.5
11582 11590 0 0 0.5
11582 11593 3.422718218 0.05454356057 0.5
11582 11605 3.398529094 0.05296225071 0.5
11582 11610 0 0 0.5
11583 11586 3.328062499 0.05454356057 0.5
11583 11588 2.979093822 0.02291287847 0.5
11583 11589 2.979093822 0.02291287847 0.5
11583 11594 3.422718218 0.05454356057 0.5
11583 11602 3.422718218 0.05454356057 0.5
11583 11604 3.422718218 0.05454356057 0.5
11584 11587 0 0 0.5
11584 11593 3.422718218 0.05454356057 0.5
11584 11603 3.422718218 0.05454356057 0.5
11585 11592 3.398529094 0.05296225071 0.5
11586 11590 0 0 0.5
11587 11588 0 0 0.5
11587 11589 0 0 0.5
11588 11590 0 0 0.5
11589 11590 0 0 0.5
11590 11592 0 0 0.5
11592 11595 3.398529094 0.05296225071 0.5
11592 11600 0 0 0.5
11592 11603 3.422718218 0.05454356057 0.5
11593 11596 3.328062499 0.05454356057 0.5
11593 11598 2.979093822 0.02291287847 0.5
11593 11599 2.979093822 0.02291287847 0.5
11593 11604 3.422718218 0.05454356057 0.5
11594 11597 0 0 0.5
11594 11603 3.422718218 0.05454356057 0.5
11595 11602 3.398529094 0.05296225071 0.5
11596 11600 0 0 0.5
11597 11598 0 0 0.5
11597 11599 0 0 0.5
11598 11600 0 0 0.5
11599 11600 0 0 0.5
11600 11602 0 0 0.5
11602 11605 3.398529094 0.05296225071 0.5
11602 11610 0 0 0.5
11603 11606 3.328062499 0.05454356057 0.5
11603 11608 2.979093822 0.02291287847 0.5
11603 11609 2.979093822 0.02291287847 0.5
11604 11607 0 0 0.5
11606 11610 0 0 0.5
11607 11608 0 0 0.5
11607 11609 0 0 0.5
11608 11610 0 0 0.5
11609 11610 0 0 0.5
11612 11615 3.398529094 0.05296225071 0.5
11612 11620 0 0 0.5
11612 11623 3.422718218 0.05454356057 0.5
11612 11635 3.398529094 0.05296225071 0.5
11612 11640 0 0 0.5
11613 11616 3.328062499 0.05454356057 0.5
11613 11618 2.979093822 0.02291287847 0.5
11613 11619 2.979093822 0.02291287847 0.5
11613 11624 3.422718218 0.05454356057 0.5
11613 11632 3.422718218 0.05454356057 0.5
11613 11634 3.422718218 0.05454356057 0.5
11614 11617 0 0 0.5
11614 11623 3.422718218 0.05454356057 0.5
11614 11633 3.422718218 0.05454356057 0.5
11615 11622 3.398529094 0.05296225071 0.5
11616 11620 0 0 0.5
11617 11618 0 0 0.5
11617 11619 0 0 0.5
11618 11620 0 0 0.5
11619 11620 0 0 0.5
11620 11622 0 0 0.5
11622 11625 3.398529094 0.05296225071 0.5
11622 11630 0 0 0.5
11622 11633 3.422718218 0.05454356057 0.5
11623 11626 3.328062499 0.05454356057 0.5
11623 11628 2.979093822 0.02291287847 0.5
11623 11629 2.979093822 0.02291287847 0.5
11623 11634 3.422718218 0.05454356057 0.5
11624 11627 0 0 0.5
11624 11633 3.422718218 0.05454356057 0.5
11625 11632 3.398529094 0.05296225071 0.5
11626 11630 0 0 0.5
11627 11628 0 0 0.5
11627 11629 0 0 0.5
11628 11630 0 0 0.5
11629 11630 0 0 0.5
11630 11632 0 0 0.5
11632 11635 3.398529094 0.05296225071 0.5
11632 11640 0 0 0.5
11633 11636 3.328062499 0.05454356057 0.5
11633 11638 2.979093822 0.02291287847 0.5
11633 11639 2.979093822 0.02291287847 0.5
11634 11637 0 0 0.5
11636 11640 0 0 0.5
11637 11638 0 0 0.5
11637 11639 0 0 0.5
11638 11640 0 0 0.5
11639 11640 0 0 0.5
11642 11645 3.398529094 0.05296225071 0.5
11642 11650 0 0 0.5
11642 11653 3.422718218 0.05454356057 0.5
11642 11665 3.398529094 0.05296225071 0.5
11642 11670 0 0 0.5
11643 11646 3.328062499 0.05454356057 0.5
11643 11648 2.979093822 0.02291287847 0.5
11643 11649 2.979093822 0.02291287847 0.5
11643 11654 3.422718218 0.05454356057 0.5
11643 11662 3.422718218 0.05454356057 0.5
11643 11664 3.422718218 0.05454356057 0.5
11644 11647 0 0 0.5
11644 11653 3.422718218 0.05454356057 0.5
11644 11663 3.422718218 0.05454356057 0.5
11645 11652 3.398529094 0.05296225071 0.5
11646 11650 0 0 0.5
11647 11648 0 0 0.5
11647 11649 0 0 0.5
11648 11650 0 0 0.5
11649 11650 0 0 0.5
11650 11652 0 0 0.5
11652 11655 3.398529094 0.05296225071 0.5
11652 11660 0 0 0.5
11652 11663 3.422718218 0.05454356057 0.5
11653 11656 3.328062499 0.05454356057 0.5
11653 11658 2.979093822 0.02291287847 0.5
11653 11659 2.979093822 0.02291287847 0.5
11653 11664 3.422718218 0.05454356057 0.5
11654 11657 0 0 0.5
11654 11663 3.422718218 0.05454356057 0.5
11655 11662 3.398529094 0.05296225071 0.5
11656 11660 0 0 0.5
11657 11658 0 0 0.5
11657 11659 0 0 0.5
11658 11660 0 0 0.5
11659 11660 0 0 0.5
11660 11662 0 0 0.5
11662 11665 3.398529094 0.05296225071 0.5
11662 11670 0 0 0.5
11663 11666 3.328062499 0.05454356057 0.5
11663 11668 2.979093822 0.02291287847 0.5
11663 11669 2.979093822 0.02291287847 0.5
11664 11667 0 0 0.5
11666 11670 0 0 0.5
11667 11668 0 0 0.5
11667 11669 0 0 0.5
11668 11670 0 0 0.5
11669 11670 0 0 0.5
11672 11675 3.398529094 0.05296225071 0.5
11672 11680 0 0 0.5
11672 11683 3.422718218 0.05454356057 0.5
11672 11695 3.398529094 0.05296225071 0.5
11672 11700 0 0 0.5
11673 11676 3.328062499 0.05454356057 0.5
11673 11678 2.979093822 0.02291287847 0.5
11673 11679 2.979093822 0.02291287847 0.5
11673 11684 3.422718218 0.05454356057 0.5
11673 11692 3.422718218 0.05454356057 0.5
11673 11694 3.422718218 0.05454356057 0.5
11674 11677 0 0 0.5
11674 11683 3.422718218 0.05454356057 0.5
11674 11693 3.422718218 0.05454356057 0.5
11675 11682 3.398529094 0.05296225071 0.5
11676 11680 0 0 0.5
11677 11678 0 0 0.5
11677 11679 0 0 0.5
11678 11680 0 0 0.5
11679 11680 0 0 0.5
11680 11682 0 0 0.5
11682 11685 3.398529094 0.05296225071 0.5
11682 11690 0 0 0.5
11682 11693 3.422718218 0.05454356057 0.5
11683 11686 3.328062499 0.05454356057 0.5
11683 11688 2.979093822 0.02291287847 0.5
11683 11689 2.979093822 0.02291287847 0.5
11683 11694 3.422718218 0.05454356057 0.5
11684 11687 0 0 0.5
11684 11693 3.422718218 0.05454356057 0.5
11685 11692 3.398529094 0.05296225071 0.5
11686 11690 0 0 0.5
11687 11688 0 0 0.5
11687 11689 0 0 0.5
11688 11690 0 0 0.5
11689 11690 0 0 0.5
11690 11692 0 0 0.5
11692 11695 3.398529094 0.05296225071 0.5
11692 11700 0 0 0.5
11693 11696 3.328062499 0.05454356057 0.5
11693 11698 2.979093822 0.02291287847 0.5
11693 11699 2.979093822 0.02291287847 0.5
11694 11697 0 0 0.5
11696 11700 0 0 0.5
11697 11698 0 0 0.5
11697 11699 0 0 0.5
11698 11700 0 0 0.5
11699 11700 0 0 0.5
11702 11705 3.398529094 0.05296225071 0.5
11702 11710 0 0 0.5
11702 11713 3.422718218 0.05454356057 0.5
11702 11725 3.398529094 0.05296225071 0.5
11702 11730 0 0 0.5
11703 11706 3.328062499 0.05454356057 0.5
11703 11708 2.979093822 0.02291287847 0.5
11703 11709 2.979093822 0.02291287847 0.5
11703 11714 3.422718218 0.05454356057 0.5
11703 11722 3.422718218 0.05454356057 0.5
11703 11724 3.422718218 0.05454356057 0.5
11704 11707 0 0 0.5
11704 11713 3.422718218 0.05454356057 0.5
11704 11723 3.422718218 0.05454356057 0.5
11705 11712 3.398529094 0.05296225071 0.5
11706 11710 0 0 0.5
11707 11708 0 0 0.5
11707 11709 0 0 0.5
11708 11710 0 0 0.5
11709 11710 0 0 0.5
11710 11712 0 0 0.5
11712 11715 3.398529094 0.05296225071 0.5
11712 11720 0 0 0.5
11712 11723 3.422718218 0.05454356057 0.5
11713 11716 3.328062499 0.05454356057 0.5
11713 11718 2.979093822 0.02291287847 0.5
11713 11719 2.979093822 0.02291287847 0.5
11713 11724 3.422718218 0.05454356057 0.5
11714 11717 0 0 0.5
11714 11723 3.422718218 0.05454356057 0.5
11715 11722 3.398529094 0.05296225071 0.5
11716 11720 0 0 0.5
11717 11718 0 0 0.5
11717 11719 0 0 0.5
11718 11720 0 0 0.5
11719 11720 0 0 0.5
11720 11722 0 0 0.5
11722 11725 3.398529094 0.05296225071 0.5
11722 11730 0 0 0.5
11723 11726 3.328062499 0.05454356057 0.5
11723 11728 2.979093822 0.02291287847 0.5
11723 11729 2.979093822 0.02291287847 0.5
11724 11727 0 0 0.5
11726 11730 0 0 0.5
11727 11728 0 0 0.5
11727 11729 0 0 0.5
11728 11730 0 0 0.5
11729 11730 0 0 0.5
11732 11735 3.398529094 0.05296225071 0.5
11732 11740 0 0 0.5
11732 11743 3.422718218 0.05454356057 0.5
11732 11755 3.398529094 0.05296225071 0.5
11732 11760 0 0 0.5
11733 11736 3.328062499 0.05454356057 0.5
11733 11738 2.979093822 0.02291287847 0.5
11733 11739 2.979093822 0.02291287847 0.5
11733 11744 3.422718218 0.05454356057 0.5
11733 11752 3.422718218 0.05454356057 0.5
11733 11754 3.422718218 0.05454356057 0.5
11734 11737 0 0 0.5
11734 11743 3.422718218 0.05454356057 0.5
11734 11753 3.422718218 0.05454356057 0.5
11735 11742 3.398529094 0.05296225071 0.5
11736 11740 0 0 0.5
11737 11738 0 0 0.5
11737 11739 0 0 0.5
11738 11740 0 0 0.5
11739 11740 0 0 0.5
11740 11742 0 0 0.5
11742 11745 3.398529094 0.05296225071 0.5
11742 11750 0 0 0.5
11742 11753 3.422718218 0.05454356057 0.5
11743 11746 3.328062499 0.05454356057 0.5
11743 11748 2.979093822 0.02291287847 0.5
11743 11749 2.979093822 0.02291287847 0.5
11743 11754 3.422718218 0.05454356057 0.5
11744 11747 0 0 0.5
11744 11753 3.422718218 0.05454356057 0.5
11745 11752 3.398529094 0.05296225071 0.5
11746 11750 0 0 0.5
11747 11748 0 0 0.5
11747 11749 0 0 0.5
11748 11750 0 0 0.5
11749 11750 0 0 0.5
11750 11752 0 0 0.5
11752 11755 3.398529094 0.05296225071 0.5
11752 11760 0 0 0.5
11753 11756 3.328062499 0.05454356057 0.5
11753 11758 2.979093822 0.02291287847 0.5
11753 11759 2.979093822 0.02291287847 0.5
11754 11757 0 0 0.5
11756 11760 0 0 0.5
11757 11758 0 0 0.5
11757 11759 0 0 0.5
11758 11760 0 0 0.5
11759 11760 0 0 0.5
11762 11765 3.398529094 0.05296225071 0.5
11762 11770 0 0 0.5
11762 11773 3.422718218 0.05454356057 0.5
11762 11785 3.398529094 0.05296225071 0.5
11762 11790 0 0 0.5
11763 11766 3.328062499 0.05454356057 0.5
11763 11768 2.979093822 0.02291287847 0.5
11763 11769 2.979093822 0.02291287847 0.5
11763 11774 3.422718218 0.05454356057 0.5
11763 11782 3.422718218 0.05454356057 0.5
11763 11784 3.422718218 0.05454356057 0.5
11764 11767 0 0 0.5
11764 11773 3.422718218 0.05454356057 0.5
11764 11783 3.422718218 0.05454356057 0.5
11765 11772 3.398529094 0.05296225071 0.5
11766 11770 0 0 0.5
11767 11768 0 0 0.5
11767 11769 0 0 0.5
11768 11770 0 0 0.5
11769 11770 0 0 0.5
11770 11772 0 0 0.5
11772 11775 3.398529094 0.05296225071 0.5
11772 11780 0 0 0.5
11772 11783 3.422718218 0.05454356057 0.5
11773 11776 3.328062499 0.05454356057 0.5
11773 11778 2.979093822 0.02291287847 0.5
11773 11779 2.979093822 0.02291287847 0.5
11773 11784 3.422718218 0.05454356057 0.5
11774 11777 0 0 0.5
11774 11783 3.422718218 0.05454356057 0.5
11775 11782 3.398529094 0.05296225071 0.5
11776 11780 0 0 0.5
11777 11778 0 0 0.5
11777 11779 0 0 0.5
11778 11780 0 0 0.5
11779 11780 0 0 0.5
11780 11782 0 0 0.5
11782 11785 3.398529094 0.05296225071 0.5
11782 11790 0 0 0.5
11783 11786 3.328062499 0.05454356057 0.5
11783 11788 2.979093822 0.02291287847 0.5
11783 11789 2.979093822 0.02291287847 0.5
11784 11787 0 0 0.5
11786 11790 0 0 0.5
11787 11788 0 0 0.5
11787 11789 0 0 0.5
11788 11790 0 0 0.5
11789 11790 0 0 0.5
11792 11795 3.398529094 0.05296225071 0.5
11792 11800 0 0 0.5
11792 11803 3.422718218 0.05454356057 0.5
11792 11815 3.398529094 0.05296225071 0.5
11792 11820 0 0 0.5
11793 11796 3.328062499 0.05454356057 0.5
11793 11798 2.979093822 0.02291287847 0.5
11793 11799 2.979093822 0.02291287847 0.5
11793 11804 3.422718218 0.05454356057 0.5
11793 11812 3.422718218 0.05454356057 0.5
11793 11814 3.422718218 0.05454356057 0.5
11794 11797 0 0 0.5
11794 11803 3.422718218 0.05454356057 0.5
11794 11813 3.422718218 0.05454356057 0.5
11795 11802 3.398529094 0.05296225071 0.5
11796 11800 0 0 0.5
11797 11798 0 0 0.5
11797 11799 0 0 0.5
11798 11800 0 0 0.5
11799 11800 0 0 0.5
11800 11802 0 0 0.5
11802 11805 3.398529094 0.05296225071 0.5
11802 11810 0 0 0.5
11802 11813 3.422718218 0.05454356057 0.5
11803 11806 3.328062499 0.05454356057 0.5
11803 11808 2.979093822 0.02291287847 0.5
11803 11809 2.979093822 0.02291287847 0.5
11803 11814 3.422718218 0.05454356057 0.5
11804 11807 0 0 0.5
11804 11813 3.422718218 0.05454356057 0.5
11805 11812 3.398529094 0.05296225071 0.5
11806 11810 0 0 0.5
11807 11808 0 0 0.5
11807 11809 0 0 0.5
11808 11810 0 0 0.5
11809 11810 0 0 0.5
11810 11812 0 0 0.5
11812 11815 3.398529094 0.05296225071 0.5
11812 11820 0 0 0.5
11813 11816 3.328062499 0.05454356057 0.5
11813 11818 2.979093822 0.02291287847 0.5
11813 11819 2.979093822 0.02291287847 0.5
11814 11817 0 0 0.5
11816 11820 0 0 0.5
11817 11818 0 0 0.5
11817 11819 0 0 0.5
11818 11820 0 0 0.5
11819 11820 0 0 0.5
11822 11825 3.398529094 0.05296225071 0.5
11822 11830 0 0 0.5
11822 11833 3.422718218 0.05454356057 0.5
11822 11845 3.398529094 0.05296225071 0.5
11822 11850 0 0 0.5
11823 11826 3.328062499 0.05454356057 0.5
11823 11828 2.979093822 0.02291287847 0.5
11823 11829 2.979093822 0.02291287847 0.5
11823 11834 3.422718218 0.05454356057 0.5
11823 11842 3.422718218 0.05454356057 0.5
11823 11844 3.422718218 0.05454356057 0.5
11824 11827 0 0 0.5
11824 11833 3.422718218 0.05454356057 0.5
11824 11843 3.422718218 0.05454356057 0.5
11825 11832 3.398529094 0.05296225071 0.5
11826 11830 0 0 0.5
11827 11828 0 0 0.5
11827 11829 0 0 0.5
11828 11830 0 0 0.5
11829 11830 0 0 0.5
11830 11832 0 0 0.5
11832 11835 3.398529094 0.05296225071 0.5
11832 11840 0 0 0.5
11832 11843 3.422718218 0.05454356057 0.5
11833 11836 3.328062499 0.05454356057 0.5
11833 11838 2.979093822 0.02291287847 0.5
11833 11839 2.979093822 0.02291287847 0.5
11833 11844 3.422718218 0.05454356057 0.5
11834 11837 0 0 0.5
11834 11843 3.422718218 0.05454356057 0.5
11835 11842 3.398529094 0.05296225071 0.5
11836 11840 0 0 0.5
11837 11838 0 0 0.5
11837 11839 0 0 0.5
11838 11840 0 0 0.5
11839 11840 0 0 0.5
11840 11842 0 0 0.5
11842 11845 3.398529094 0.05296225071 0.5
11842 11850 0 0 0.5
11843 11846 3.328062499 0.05454356057 0.5
11843 11848 2.979093822 0.02291287847 0.5
11843 11849 2.979093822 0.02291287847 0.5
11844 11847 0 0 0.5
11846 11850 0 0 0.5
11847 11848 0 0 0.5
11847 11849 0 0 0.5
11848 11850 0 0 0.5
11849 11850 0 0 0.5
11852 11855 3.398529094 0.05296225071 0.5
11852 11860 0 0 0.5
11852 11863 3.422718218 0.05454356057 0.5
11852 11875 3.398529094 0.05296225071 0.5
11852 11880 0 0 0.5
11853 11856 3.328062499 0.05454356057 0.5
11853 11858 2.979093822 0.02291287847 0.5
11853 11859 2.979093822 0.02291287847 0.5
11853 11864 3.422718218 0.05454356057 0.5
11853 11872 3.422718218 0.05454356057 0.5
11853 11874 3.422718218 0.05454356057 0.5
11854 11857 0 0 0.5
11854 11863 3.422718218 0.05454356057 0.5
11854 11873 3.422718218 0.05454356057 0.5
11855 11862 3.398529094 0.05296225071 0.5
11856 11860 0 0 0.5
11857 11858 0 0 0.5
11857 11859 0 0 0.5
11858 11860 0 0 0.5
11859 11860 0 0 0.5
11860 11862 0 0 0.5
11862 11865 3.398529094 0.05296225071 0.5
11862 11870 0 0 0.5
11862 11873 3.422718218 0.05454356057 0.5
11863 11866 3.328062499 0.05454356057 0.5
11863 11868 2.979093822 0.02291287847 0.5
11863 11869 2.979093822 0.02291287847 0.5
11863 11874 3.422718218 0.05454356057 0.5
11864 11867 0 0 0.5
11864 11873 3.422718218 0.05454356057 0.5
11865 11872 3.398529094 0.05296225071 0.5
11866 11870 0 0 0.5
11867 11868 0 0 0.5
11867 11869 0 0 0.5
11868 11870 0 0 0.5
11869 11870 0 0 0.5
11870 11872 0 0 0.5
11872 11875 3.398529094 0.05296225071 0.5
11872 11880 0 0 0.5
11873 11876 3.328062499 0.05454356057 0.5
11873 11878 2.979093822 0.02291287847 0.5
11873 11879 2.979093822 0.02291287847 0.5
11874 11877 0 0 0.5
11876 11880 0 0 0.5
11877 11878 0 0 0.5
11877 11879 0 0 0.5
11878 11880 0 0 0.5
11879 11880 0 0 0.5
11882 11885 3.398529094 0.05296225071 0.5
11882 11890 0 0 0.5
11882 11893 3.422718218 0.05454356057 0.5
11882 11905 3.398529094 0.05296225071 0.5
11882 11910 0 0 0.5
11883 11886 3.328062499 0.05454356057 0.5
11883 11888 2.979093822 0.02291287847 0.5
11883 11889 2.979093822 0.02291287847 0.5
11883 11894 3.422718218 0.05454356057 0.5
11883 11902 3.422718218 0.05454356057 0.5
11883 11904 3.422718218 0.05454356057 0.5
11884 11887 0 0 0.5
11884 11893 3.422718218 0.05454356057 0.5
11884 11903 3.422718218 0.05454356057 0.5
11885 11892 3.398529094 0.05296225071 0.5
11886 11890 0 0 0.5
11887 11888 0 0 0.5
11887 11889 0 0 0.5
11888 11890 0 0 0.5
11889 11890 0 0 0.5
11890 11892 0 0 0.5
11892 11895 3.398529094 0.05296225071 0.5
11892 11900 0 0 0.5
11892 11903 3.422718218 0.05454356057 0.5
11893 11896 3.328062499 0.05454356057 0.5
11893 11898 2.979093822 0.02291287847 0.5
11893 11899 2.979093822 0.02291287847 0.5
11893 11904 3.422718218 0.05454356057 0.5
11894 11897 0 0 0.5
11894 11903 3.422718218 0.05454356057 0.5
11895 11902 3.398529094 0.05296225071 0.5
11896 11900 0 0 0.5
11897 11898 0 0 0.5
11897 11899 0 0 0.5
11898 11900 0 0 0.5
11899 11900 0 0 0.5
11900 11902 0 0 0.5
11902 11905 3.398529094 0.05296225071 0.5
11902 11910 0 0 0.5
11903 11906 3.328062499 0.05454356057 0.5
11903 11908 2.979093822 0.02291287847 0.5
11903 11909 2.979093822 0.02291287847 0.5
11904 11907 0 0 0.5
11906 11910 0 0 0.5
11907 11908 0 0 0.5
11907 11909 0 0 0.5
11908 11910 0 0 0.5
11909 11910 0 0 0.5
11912 11915 3.398529094 0.05296225071 0.5
11912 11920 0 0 0.5
11912 11923 3.422718218 0.05454356057 0.5
11912 11935 3.398529094 0.05296225071 0.5
11912 11940 0 0 0.5
11913 11916 3.328062499 0.05454356057 0.5
11913 11918 2.979093822 0.02291287847 0.5
11913 11919 2.979093822 0.02291287847 0.5
11913 11924 3.422718218 0.05454356057 0.5
11913 11932 3.422718218 0.05454356057 0.5
11913 11934 3.422718218 0.05454356057 0.5
11914 11917 0 0 0.5
11914 11923 3.422718218 0.05454356057 0.5
11914 11933 3.422718218 0.05454356057 0.5
11915 11922 3.398529094 0.05296225071 0.5
11916 11920 0 0 0.5
11917 11918 0 0 0.5
11917 11919 0 0 0.5
11918 11920 0 0 0.5
11919 11920 0 0 0.5
11920 11922 0 0 0.5
11922 11925 3.398529094 0.05296225071 0.5
11922 11930 0 0 0.5
11922 11933 3.422718218 0.05454356057 0.5
11923 11926 3.328062499 0.05454356057 0.5
11923 11928 2.979093822 0.02291287847 0.5
11923 11929 2.979093822 0.02291287847 0.5
11923 11934 3.422718218 0.05454356057 0.5
11924 11927 0 0 0.5
11924 11933 3.422718218 0.05454356057 0.5
11925 11932 3.398529094 0.05296225071 0.5
11926 11930 0 0 0.5
11927 11928 0 0 0.5
11927 11929 0 0 0.5
11928 11930 0 0 0.5
11929 11930 0 0 0.5
11930 11932 0 0 0.5
11932 11935 3.398529094 0.05296225071 0.5
11932 11940 0 0 0.5
11933 11936 3.328062499 0.05454356057 0.5
11933 11938 2.979093822 0.02291287847 0.5
11933 11939 2.979093822 0.02291287847 0.5
11934 11937 0 0 0.5
11936 11940 0 0 0.5
11937 11938 0 0 0.5
11937 11939 0 0 0.5
11938 11940 0 0 0.5
11939 11940 0 0 0.5
11942 11945 3.398529094 0.05296225071 0.5
11942 11950 0 0 0.5
11942 11953 3.422718218 0.05454356057 0.5
11942 11965 3.398529094 0.05296225071 0.5
11942 11970 0 0 0.5
11943 11946 3.328062499 0.05454356057 0.5
11943 11948 2.979093822 0.02291287847 0.5
11943 11949 2.979093822 0.02291287847 0.5
11943 11954 3.422718218 0.05454356057 0.5
11943 11962 3.422718218 0.05454356057 0.5
11943 11964 3.422718218 0.05454356057 0.5
11944 11947 0 0 0.5
11944 11953 3.422718218 0.05454356057 0.5
11944 11963 3.422718218 0.05454356057 0.5
11945 11952 3.398529094 0.05296225071 0.5
11946 11950 0 0 0.5
11947 11948 0 0 0.5
11947 11949 0 0 0.5
11948 11950 0 0 0.5
11949 11950 0 0 0.5
11950 11952 0 0 0.5
11952 11955 3.398529094 0.05296225071 0.5
11952 11960 0 0 0.5
11952 11963 3.422718218 0.05454356057 0.5
11953 11956 3.328062499 0.05454356057 0.5
11953 11958 2.979093822 0.02291287847 0.5
11953 11959 2.979093822 0.02291287847 0.5
11953 11964 3.422718218 0.05454356057 0.5
11954 11957 0 0 0.5
11954 11963 3.422718218 0.05454356057 0.5
11955 11962 3.398529094 0.05296225071 0.5
11956 11960 0 0 0.5
11957 11958 0 0 0.5
11957 11959 0 0 0.5
11958 11960 0 0 0.5
11959 11960 0 0 0.5
11960 11962 0 0 0.5
11962 11965 3.398529094 0.05296225071 0.5
11962 11970 0 0 0.5
11963 11966 3.328062499 0.05454356057 0.5
11963 11968 2.979093822 0.02291287847 0.5
11963 11969 2.979093822 0.02291287847 0.5
11964 11967 0 0 0.5
11966 11970 0 0 0.5
11967 11968 0 0 0.5
11967 11969 0 0 0.5
11968 11970 0 0 0.5
11969 11970 0 0 0.5
11972 11975 3.398529094 0.05296225071 0.5
11972 11980 0 0 0.5
11972 11983 3.422718218 0.05454356057 0.5
11972 11995 3.398529094 0.05296225071 0.5
11972 12000 0 0 0.5
11973 11976 3.328062499 0.05454356057 0.5
11973 11978 2.979093822 0.02291287847 0.5
11973 11979 2.979093822 0.02291287847 0.5
11973 11984 3.422718218 0.05454356057 0.5
11973 11992 3.422718218 0.05454356057 0.5
11973 11994 3.422718218 0.05454356057 0.5
11974 11977 0 0 0.5
11974 11983 3.422718218 0.05454356057 0.5
11974 11993 3.422718218 0.05454356057 0.5
11975 11982 3.398529094 0.05296225071 0.5
11976 11980 0 0 0.5
11977 11978 0 0 0.5
11977 11979 0 0 0.5
11978 11980 0 0 0.5
11979 11980 0 0 0.5
11980 11982 0 0 0.5
11982 11985 3.398529094 0.05296225071 0.5
11982 11990 0 0 0.5
11982 11993 3.422718218 0.05454356057 0.5
11983 11986 3.328062499 0.05454356057 0.5
11983 11988 2.979093822 0.02291287847 0.5
11983 11989 2.979093822 0.02291287847 0.5
11983 11994 3.422718218 0.05454356057 0.5
11984 11987 0 0 0.5
11984 11993 3.422718218 0.05454356057 0.5
11985 11992 3.398529094 0.05296225071 0.5
11986 11990 0 0 0.5
11987 11988 0 0 0.5
11987 11989 0 0 0.5
11988 11990 0 0 0.5
11989 11990 0 0 0.5
11990 11992 0 0 0.5
11992 11995 3.398529094 0.05296225071 0.5
11992 12000 0 0 0.5
11993 11996 3.328062499 0.05454356057 0.5
11993 11998 2.979093822 0.02291287847 0.5
11993 11999 2.979093822 0.02291287847 0.5
11994 11997 0 0 0.5
11996 12000 0 0 0.5
11997 11998 0 0 0.5
11997 11999 0 0 0.5
11998 12000 0 0 0.5
11999 12000 0 0 0.5
12002 12005 3.398529094 0.05296225071 0.5
12002 12010 0 0 0.5
12002 12013 3.422718218 0.05454356057 0.5
12002 12025 3.398529094 0.05296225071 0.5
12002 12030 0 0 0.5
12003 12006 3.328062499 0.05454356057 0.5
12003 12008 2.979093822 0.02291287847 0.5
12003 12009 2.979093822 0.02291287847 0.5
12003 12014 3.422718218 0.05454356057 0.5
12003 12022 3.422718218 0.05454356057 0.5
12003 12024 3.422718218 0.05454356057 0.5
12004 12007 0 0 0.5
12004 12013 3.422718218 0.05454356057 0.5
12004 12023 3.422718218 0.05454356057 0.5
12005 12012 3.398529094 0.05296225071 0.5
12006 12010 0 0 0.5
12007 12008 0 0 0.5
12007 12009 0 0 0.5
12008 12010 0 0 0.5
12009 12010 0 0 0.5
12010 12012 0 0 0.5
12012 12015 3.398529094 0.05296225071 0.5
12012 12020 0 0 0.5
12012 12023 3.422718218 0.05454356057 0.5
12013 12016 3.328062499 0.05454356057 0.5
12013 12018 2.979093822 0.02291287847 0.5
12013 12019 2.979093822 0.02291287847 0.5
12013 12024 3.422718218 0.05454356057 0.5
12014 12017 0 0 0.5
12014 12023 3.422718218 0.05454356057 0.5
12015 12022 3.398529094 0.05296225071 0.5
12016 12020 0 0 0.5
12017 12018 0 0 0.5
12017 12019 0 0 0.5
12018 12020 0 0 0.5
12019 12020 0 0 0.5
12020 12022 0 0 0.5
12022 12025 3.398529094 0.05296225071 0.5
12022 12030 0 0 0.5
12023 12026 3.328062499 0.05454356057 0.5
12023 12028 2.979093822 0.02291287847 0.5
12023 12029 2.979093822 0.02291287847 0.5
12024 12027 0 0 0.5
12026 12030 0 0 0.5
12027 12028 0 0 0.5
12027 12029 0 0 0.5
12028 12030 0 0 0.5
12029 12030 0 0 0.5
12032 12035 3.398529094 0.05296225071 0.5
12032 12040 0 0 0.5
12032 12043 3.422718218 0.05454356057 0.5
12032 12055 3.398529094 0.05296225071 0.5
12032 12060 0 0 0.5
12033 12036 3.328062499 0.05454356057 0.5
12033 12038 2.979093822 0.02291287847 0.5
12033 12039 2.979093822 0.02291287847 0.5
12033 12044 3.422718218 0.05454356057 0.5
12033 12052 3.422718218 0.05454356057 0.5
12033 12054 3.422718218 0.05454356057 0.5
12034 12037 0 0 0.5
12034 12043 3.422718218 0.05454356057 0.5
12034 12053 3.422718218 0.05454356057 0.5
12035 12042 3.398529094 0.05296225071 0.5
12036 12040 0 0 0.5
12037 12038 0 0 0.5
12037 12039 0 0 0.5
12038 12040 0 0 0.5
12039 12040 0 0 0.5
12040 12042 0 0 0.5
12042 12045 3.398529094 0.05296225071 0.5
12042 12050 0 0 0.5
12042 12053 3.422718218 0.05454356057 0.5
12043 12046 3.328062499 0.05454356057 0.5
12043 12048 2.979093822 0.02291287847 0.5
12043 12049 2.979093822 0.02291287847 0.5
12043 12054 3.422718218 0.05454356057 0.5
12044 12047 0 0 0.5
12044 12053 3.422718218 0.05454356057 0.5
12045 12052 3.398529094 0.05296225071 0.5
12046 12050 0 0 0.5
12047 12048 0 0 0.5
12047 12049 0 0 0.5
12048 12050 0 0 0.5
12049 12050 0 0 0.5
12050 12052 0 0 0.5
12052 12055 3.398529094 0.05296225071 0.5
12052 12060 0 0 0.5
12053 12056 3.328062499 0.05454356057 0.5
12053 12058 2.979093822 0.02291287847 0.5
12053 12059 2.979093822 0.02291287847 0.5
12054 12057 0 0 0.5
12056 12060 0 0 0.5
12057 12058 0 0 0.5
12057 12059 0 0 0.5
12058 12060 0 0 0.5
12059 12060 0 0 0.5
12062 12065 3.398529094 0.05296225071 0.5
12062 12070 0 0 0.5
12062 12073 3.422718218 0.05454356057 0.5
12062 12085 3.398529094 0.05296225071 0.5
12062 12090 0 0 0.5
12063 12066 3.328062499 0.05454356057 0.5
12063 12068 2.979093822 0.02291287847 0.5
12063 12069 2.979093822 0.02291287847 0.5
12063 12074 3.422718218 0.05454356057 0.5
12063 12082 3.422718218 0.05454356057 0.5
12063 12084 3.422718218 0.05454356057 0.5
12064 12067 0 0 0.5
12064 12073 3.422718218 0.05454356057 0.5
12064 12083 3.422718218 0.05454356057 0.5
12065 12072 3.398529094 0.05296225071 0.5
12066 12070 0 0 0.5
12067 12068 0 0 0.5
12067 12069 0 0 0.5
12068 12070 0 0 0.5
12069 12070 0 0 0.5
12070 12072 0 0 0.5
12072 12075 3.398529094 0.05296225071 0.5
12072 12080 0 0 0.5
12072 12083 3.422718218 0.05454356057 0.5
12073 12076 3.328062499 0.05454356057 0.5
12073 12078 2.979093822 0.02291287847 0.5
12073 12079 2.979093822 0.02291287847 0.5
12073 12084 3.422718218 0.05454356057 0.5
12074 12077 0 0 0.5
12074 12083 3.422718218 0.05454356057 0.5
12075 12082 3.398529094 0.05296225071 0.5
12076 12080 0 0 0.5
12077 12078 0 0 0.5
12077 12079 0 0 0.5
12078 12080 0 0 0.5
12079 12080 0 0 0.5
12080 12082 0 0 0.5
12082 12085 3.398529094 0.05296225071 0.5
12082 12090 0 0 0.5
12083 12086 3.328062499 0.05454356057 0.5
12083 12088 2.979093822 0.02291287847 0.5
12083 12089 2.979093822 0.02291287847 0.5
12084 12087 0 0 0.5
12086 12090 0 0 0.5
12087 12088 0 0 0.5
12087 12089 0 0 0.5
12088 12090 0 0 0.5
12089 12090 0 0 0.5
12092 12095 3.398529094 0.05296225071 0.5
12092 12100 0 0 0.5
12092 12103 3.422718218 0.05454356057 0.5
12092 12115 3.398529094 0.05296225071 0.5
12092 12120 0 0 0.5
12093 12096 3.328062499 0.05454356057 0.5
12093 12098 2.979093822 0.02291287847 0.5
12093 12099 2.979093822 0.02291287847 0.5
12093 12104 3.422718218 0.05454356057 0.5
12093 12112 3.422718218 0.05454356057 0.5
12093 12114 3.422718218 0.05454356057 0.5
12094 12097 0 0 0.5
12094 12103 3.422718218 0.05454356057 0.5
12094 12113 3.422718218 0.05454356057 0.5
12095 12102 3.398529094 0.05296225071 0.5
12096 12100 0 0 0.5
12097 12098 0 0 0.5
12097 12099 0 0 0.5
12098 12100 0 0 0.5
12099 12100 0 0 0.5
12100 12102 0 0 0.5
12102 12105 3.398529094 0.05296225071 0.5
12102 12110 0 0 0.5
12102 12113 3.422718218 0.05454356057 0.5
12103 12106 3.328062499 0.05454356057 0.5
12103 12108 2.979093822 0.02291287847 0.5
12103 12109 2.979093822 0.02291287847 0.5
12103 12114 3.422718218 0.05454356057 0.5
12104 12107 0 0 0.5
12104 12113 3.422718218 0.05454356057 0.5
12105 12112 3.398529094 0.05296225071 0.5
12106 12110 0 0 0.5
12107 12108 0 0 0.5
12107 12109 0 0 0.5
12108 12110 0 0 0.5
12109 12110 0 0 0.5
12110 12112 0 0 0.5
12112 12115 3.398529094 0.05296225071 0.5
12112 12120 0 0 0.5
12113 12116 3.328062499 0.05454356057 0.5
12113 12118 2.979093822 0.02291287847 0.5
12113 12119 2.979093822 0.02291287847 0.5
12114 12117 0 0 0.5
12116 12120 0 0 0.5
12117 12118 0 0 0.5
12117 12119 0 0 0.5
12118 12120 0 0 0.5
12119 12120 0 0 0.5
12122 12125 3.398529094 0.05296225071 0.5
12122 12130 0 0 0.5
12122 12133 3.422718218 0.05454356057 0.5
12122 12145 3.398529094 0.05296225071 0.5
12122 12150 0 0 0.5
12123 12126 3.328062499 0.05454356057 0.5
12123 12128 2.979093822 0.02291287847 0.5
12123 12129 2.979093822 0.02291287847 0.5
12123 12134 3.422718218 0.05454356057 0.5
12123 12142 3.422718218 0.05454356057 0.5
12123 12144 3.422718218 0.05454356057 0.5
12124 12127 0 0 0.5
12124 12133 3.422718218 0.05454356057 0.5
12124 12143 3.422718218 0.05454356057 0.5
12125 12132 3.398529094 0.05296225071 0.5
12126 12130 0 0 0.5
12127 12128 0 0 0.5
12127 12129 0 0 0.5
12128 12130 0 0 0.5
12129 12130 0 0 0.5
12130 12132 0 0 0.5
12132 12135 3.398529094 0.05296225071 0.5
12132 12140 0 0 0.5
12132 12143 3.422718218 0.05454356057 0.5
12133 12136 3.328062499 0.05454356057 0.5
12133 12138 2.979093822 0.02291287847 0.5
12133 12139 2.979093822 0.02291287847 0.5
12133 12144 3.422718218 0.05454356057 0.5
12134 12137 0 0 0.5
12134 12143 3.422718218 0.05454356057 0.5
12135 12142 3.398529094 0.05296225071 0.5
12136 12140 0 0 0.5
12137 12138 0 0 0.5
12137 12139 0 0 0.5
12138 12140 0 0 0.5
12139 12140 0 0 0.5
12140 12142 0 0 0.5
12142 12145 3.398529094 0.05296225071 0.5
12142 12150 0 0 0.5
12143 12146 3.328062499 0.05454356057 0.5
12143 12148 2.979093822 0.02291287847 0.5
12143 12149 2.979093822 0.02291287847 0.5
12144 12147 0 0 0.5
12146 12150 0 0 0.5
12147 12148 0 0 0.5
12147 12149 0 0 0.5
12148 12150 0 0 0.5
12149 12150 0 0 0.5
12152 12155 3.398529094 0.05296225071 0.5
12152 12160 0 0 0.5
12152 12163 3.422718218 0.05454356057 0.5
12152 12175 3.398529094 0.05296225071 0.5
12152 12180 0 0 0.5
12153 12156 3.328062499 0.05454356057 0.5
12153 12158 2.979093822 0.02291287847 0.5
12153 12159 2.979093822 0.02291287847 0.5
12153 12164 3.422718218 0.05454356057 0.5
12153 12172 3.422718218 0.05454356057 0.5
12153 12174 3.422718218 0.05454356057 0.5
12154 12157 0 0 0.5
12154 12163 3.422718218 0.05454356057 0.5
12154 12173 3.422718218 0.05454356057 0.5
12155 12162 3.398529094 0.05296225071 0.5
12156 12160 0 0 0.5
12157 12158 0 0 0.5
12157 12159 0 0 0.5
12158 12160 0 0 0.5
12159 12160 0 0 0.5
12160 12162 0 0 0.5
12162 12165 3.398529094 0.05296225071 0.5
12162 12170 0 0 0.5
12162 12173 3.422718218 0.05454356057 0.5
12163 12166 3.328062499 0.05454356057 0.5
12163 12168 2.979093822 0.02291287847 0.5
12163 12169 2.979093822 0.02291287847 0.5
12163 12174 3.422718218 0.05454356057 0.5
12164 12167 0 0 0.5
12164 12173 3.422718218 0.05454356057 0.5
12165 12172 3.398529094 0.05296225071 0.5
12166 12170 0 0 0.5
12167 12168 0 0 0.5
12167 12169 0 0 0.5
12168 12170 0 0 0.5
12169 12170 0 0 0.5
12170 12172 0 0 0.5
12172 12175 3.398529094 0.05296225071 0.5
12172 12180 0 0 0.5
12173 12176 3.328062499 0.05454356057 0.5
12173 12178 2.979093822 0.02291287847 0.5
12173 12179 2.979093822 0.02291287847 0.5
12174 12177 0 0 0.5
12176 12180 0 0 0.5
12177 12178 0 0 0.5
12177 12179 0 0 0.5
12178 12180 0 0 0.5
12179 12180 0 0 0.5
12182 12185 3.398529094 0.05296225071 0.5
12182 12190 0 0 0.5
12182 12193 3.422718218 0.05454356057 0.5
12182 12205 3.398529094 0.05296225071 0.5
12182 12210 0 0 0.5
12183 12186 3.328062499 0.05454356057 0.5
12183 12188 2.979093822 0.02291287847 0.5
12183 12189 2.979093822 0.02291287847 0.5
12183 12194 3.422718218 0.05454356057 0.5
12183 12202 3.422718218 0.05454356057 0.5
12183 12204 3.422718218 0.05454356057 0.5
12184 12187 0 0 0.5
12184 12193 3.422718218 0.05454356057 0.5
12184 12203 3.422718218 0.05454356057 0.5
12185 12192 3.398529094 0.05296225071 0.5
12186 12190 0 0 0.5
12187 12188 0 0 0.5
12187 12189 0 0 0.5
12188 12190 0 0 0.5
12189 12190 0 0 0.5
12190 12192 0 0 0.5
12192 12195 3.398529094 0.05296225071 0.5
12192 12200 0 0 0.5
12192 12203 3.422718218 0.05454356057 0.5
12193 12196 3.328062499 0.05454356057 0.5
12193 12198 2.979093822 0.02291287847 0.5
12193 12199 2.979093822 0.02291287847 0.5
12193 12204 3.422718218 0.05454356057 0.5
12194 12197 0 0 0.5
12194 12203 3.422718218 0.05454356057 0.5
12195 12202 3.398529094 0.05296225071 0.5
12196 12200 0 0 0.5
12197 12198 0 0 0.5
12197 12199 0 0 0.5
12198 12200 0 0 0.5
12199 12200 0 0 0.5
12200 12202 0 0 0.5
12202 12205 3.398529094 0.05296225071 0.5
12202 12210 0 0 0.5
12203 12206 3.328062499 0.05454356057 0.5
12203 12208 2.979093822 0.02291287847 0.5
12203 12209 2.979093822 0.02291287847 0.5
12204 12207 0 0 0.5
12206 12210 0 0 0.5
12207 12208 0 0 0.5
12207 12209 0 0 0.5
12208 12210 0 0 0.5
12209 12210 0 0 0.5
12212 12215 3.398529094 0.05296225071 0.5
12212 12220 0 0 0.5
12212 12223 3.422718218 0.05454356057 0.5
12212 12235 3.398529094 0.05296225071 0.5
12212 12240 0 0 0.5
12213 12216 3.328062499 0.05454356057 0.5
12213 12218 2.979093822 0.02291287847 0.5
12213 12219 2.979093822 0.02291287847 0.5
12213 12224 3.422718218 0.05454356057 0.5
12213 12232 3.422718218 0.05454356057 0.5
12213 12234 3.422718218 0.05454356057 0.5
12214 12217 0 0 0.5
12214 12223 3.422718218 0.05454356057 0.5
12214 12233 3.422718218 0.05454356057 0.5
12215 12222 3.398529094 0.05296225071 0.5
12216 12220 0 0 0.5
12217 12218 0 0 0.5
12217 12219 0 0 0.5
12218 12220 0 0 0.5
12219 12220 0 0 0.5
12220 12222 0 0 0.5
12222 12225 3.398529094 0.05296225071 0.5
12222 12230 0 0 0.5
12222 12233 3.422718218 0.05454356057 0.5
12223 12226 3.328062499 0.05454356057 0.5
12223 12228 2.979093822 0.02291287847 0.5
12223 12229 2.979093822 0.02291287847 0.5
12223 12234 3.422718218 0.05454356057 0.5
12224 12227 0 0 0.5
12224 12233 3.422718218 0.05454356057 0.5
12225 12232 3.398529094 0.05296225071 0.5
12226 12230 0 0 0.5
12227 12228 0 0 0.5
12227 12229 0 0 0.5
12228 12230 0 0 0.5
12229 12230 0 0 0.5
12230 12232 0 0 0.5
12232 12235 3.398529094 0.05296225071 0.5
12232 12240 0 0 0.5
12233 12236 3.328062499 0.05454356057 0.5
12233 12238 2.979093822 0.02291287847 0.5
12233 12239 2.979093822 0.02291287847 0.5
12234 12237 0 0 0.5
12236 12240 0 0 0.5
12237 12238 0 0 0.5
12237 12239 0 0 0.5
12238 12240 0 0 0.5
12239 12240 0 0 0.5
12242 12245 3.398529094 0.05296225071 0.5
12242 12250 0 0 0.5
12242 12253 3.422718218 0.05454356057 0.5
12242 12265 3.398529094 0.05296225071 0.5
12242 12270 0 0 0.5
12243 12246 3.328062499 0.05454356057 0.5
12243 12248 2.979093822 0.02291287847 0.5
12243 12249 2.979093822 0.02291287847 0.5
12243 12254 3.422718218 0.05454356057 0.5
12243 12262 3.422718218 0.05454356057 0.5
12243 12264 3.422718218 0.05454356057 0.5
12244 12247 0 0 0.5
12244 12253 3.422718218 0.05454356057 0.5
12244 12263 3.422718218 0.05454356057 0.5
12245 12252 3.398529094 0.05296225071 0.5
12246 12250 0 0 0.5
12247 12248 0 0 0.5
12247 12249 0 0 0.5
12248 12250 0 0 0.5
12249 12250 0 0 0.5
12250 12252 0 0 0.5
12252 12255 3.398529094 0.05296225071 0.5
12252 12260 0 0 0.5
12252 12263 3.422718218 0.05454356057 0.5
12253 12256 3.328062499 0.05454356057 0.5
12253 12258 2.979093822 0.02291287847 0.5
12253 12259 2.979093822 0.02291287847 0.5
12253 12264 3.422718218 0.05454356057 0.5
12254 12257 0 0 0.5
12254 12263 3.422718218 0.05454356057 0.5
12255 12262 3.398529094 0.05296225071 0.5
12256 12260 0 0 0.5
12257 12258 0 0 0.5
12257 12259 0 0 0.5
12258 12260 0 0 0.5
12259 12260 0 0 0.5
12260 12262 0 0 0.5
12262 12265 3.398529094 0.05296225071 0.5
12262 12270 0 0 0.5
12263 12266 3.328062499 0.05454356057 0.5
12263 12268 2.979093822 0.02291287847 0.5
12263 12269 2.979093822 0.02291287847 0.5
12264 12267 0 0 0.5
12266 12270 0 0 0.5
12267 12268 0 0 0.5
12267 12269 0 0 0.5
12268 12270 0 0 0.5
12269 12270 0 0 0.5
12272 12275 3.398529094 0.05296225071 0.5
12272 12280 0 0 0.5
12272 12283 3.422718218 0.05454356057 0.5
12272 12295 3.398529094 0.05296225071 0.5
12272 12300 0 0 0.5
12273 12276 3.328062499 0.05454356057 0.5
12273 12278 2.979093822 0.02291287847 0.5
12273 12279 2.979093822 0.02291287847 0.5
12273 12284 3.422718218 0.05454356057 0.5
12273 12292 3.422718218 0.05454356057 0.5
12273 12294 3.422718218 0.05454356057 0.5
12274 12277 0 0 0.5
12274 12283 3.422718218 0.05454356057 0.5
12274 12293 3.422718218 0.05454356057 0.5
12275 12282 3.398529094 0.05296225071 0.5
12276 12280 0 0 0.5
12277 12278 0 0 0.5
12277 12279 0 0 0.5
12278 12280 0 0 0.5
12279 12280 0 0 0.5
12280 12282 0 0 0.5
12282 12285 3.398529094 0.05296225071 0.5
12282 12290 0 0 0.5
12282 12293 3.422718218 0.05454356057 0.5
12283 12286 3.328062499 0.05454356057 0.5
12283 12288 2.979093822 0.02291287847 0.5
12283 12289 2.979093822 0.02291287847 0.5
12283 12294 3.422718218 0.05454356057 0.5
12284 12287 0 0 0.5
12284 12293 3.422718218 0.05454356057 0.5
12285 12292 3.398529094 0.05296225071 0.5
12286 12290 0 0 0.5
12287 12288 0 0 0.5
12287 12289 0 0 0.5
12288 12290 0 0 0.5
12289 12290 0 0 0.5
12290 12292 0 0 0.5
12292 12295 3.398529094 0.05296225071 0.5
12292 12300 0 0 0.5
12293 12296 3.328062499 0.05454356057 0.5
12293 12298 2.979093822 0.02291287847 0.5
12293 12299 2.979093822 0.02291287847 0.5
12294 12297 0 0 0.5
12296 12300 0 0 0.5
12297 12298 0 0 0.5
12297 12299 0 0 0.5
12298 12300 0 0 0.5
12299 12300 0 0 0.5
12302 12305 3.398529094 0.05296225071 0.5
12302 12310 0 0 0.5
12302 12313 3.422718218 0.05454356057 0.5
12302 12325 3.398529094 0.05296225071 0.5
12302 12330 0 0 0.5
12303 12306 3.328062499 0.05454356057 0.5
12303 12308 2.979093822 0.02291287847 0.5
12303 12309 2.979093822 0.02291287847 0.5
12303 12314 3.422718218 0.05454356057 0.5
12303 12322 3.422718218 0.05454356057 0.5
12303 12324 3.422718218 0.05454356057 0.5
12304 12307 0 0 0.5
12304 12313 3.422718218 0.05454356057 0.5
12304 12323 3.422718218 0.05454356057 0.5
12305 12312 3.398529094 0.05296225071 0.5
12306 12310 0 0 0.5
12307 12308 0 0 0.5
12307 12309 0 0 0.5
12308 12310 0 0 0.5
12309 12310 0 0 0.5
12310 12312 0 0 0.5
12312 12315 3.398529094 0.05296225071 0.5
12312 12320 0 0 0.5
12312 12323 3.422718218 0.05454356057 0.5
12313 12316 3.328062499 0.05454356057 0.5
12313 12318 2.979093822 0.02291287847 0.5
12313 12319 2.979093822 0.02291287847 0.5
12313 12324 3.422718218 0.05454356057 0.5
12314 12317 0 0 0.5
12314 12323 3.422718218 0.05454356057 0.5
12315 12322 3.398529094 0.05296225071 0.5
12316 12320 0 0 0.5
12317 12318 0 0 0.5
12317 12319 0 0 0.5
12318 12320 0 0 0.5
12319 12320 0 0 0.5
12320 12322 0 0 0.5
12322 12325 3.398529094 0.05296225071 0.5
12322 12330 0 0 0.5
12323 12326 3.328062499 0.05454356057 0.5
12323 12328 2.979093822 0.02291287847 0.5
12323 12329 2.979093822 0.02291287847 0.5
12324 12327 0 0 0.5
12326 12330 0 0 0.5
12327 12328 0 0 0.5
12327 12329 0 0 0.5
12328 12330 0 0 0.5
12329 12330 0 0 0.5
12332 12335 3.398529094 0.05296225071 0.5
12332 12340 0 0 0.5
12332 12343 3.422718218 0.05454356057 0.5
12332 12355 3.398529094 0.05296225071 0.5
12332 12360 0 0 0.5
12333 12336 3.328062499 0.05454356057 0.5
12333 12338 2.979093822 0.02291287847 0.5
12333 12339 2.979093822 0.02291287847 0.5
12333 12344 3.422718218 0.05454356057 0.5
12333 12352 3.422718218 0.05454356057 0.5
12333 12354 3.422718218 0.05454356057 0.5
12334 12337 0 0 0.5
12334 12343 3.422718218 0.05454356057 0.5
12334 12353 3.422718218 0.05454356057 0.5
12335 12342 3.398529094 0.05296225071 0.5
12336 12340 0 0 0.5
12337 12338 0 0 0.5
12337 12339 0 0 0.5
12338 12340 0 0 0.5
12339 12340 0 0 0.5
12340 12342 0 0 0.5
12342 12345 3.398529094 0.05296225071 0.5
12342 12350 0 0 0.5
12342 12353 3.422718218 0.05454356057 0.5
12343 12346 3.328062499 0.05454356057 0.5
12343 12348 2.979093822 0.02291287847 0.5
12343 12349 2.979093822 0.02291287847 0.5
12343 12354 3.422718218 0.05454356057 0.5
12344 12347 0 0 0.5
12344 12353 3.422718218 0.05454356057 0.5
12345 12352 3.398529094 0.05296225071 0.5
12346 12350 0 0 0.5
12347 12348 0 0 0.5
12347 12349 0 0 0.5
12348 12350 0 0 0.5
12349 12350 0 0 0.5
12350 12352 0 0 0.5
12352 12355 3.398529094 0.05296225071 0.5
12352 12360 0 0 0.5
12353 12356 3.328062499 0.05454356057 0.5
12353 12358 2.979093822 0.02291287847 0.5
12353 12359 2.979093822 0.02291287847 0.5
12354 12357 0 0 0.5
12356 12360 0 0 0.5
12357 12358 0 0 0.5
12357 12359 0 0 0.5
12358 12360 0 0 0.5
12359 12360 0 0 0.5
12362 12365 3.398529094 0.05296225071 0.5
12362 12370 0 0 0.5
12362 12373 3.422718218 0.05454356057 0.5
12362 12385 3.398529094 0.05296225071 0.5
12362 12390 0 0 0.5
12363 12366 3.328062499 0.05454356057 0.5
12363 12368 2.979093822 0.02291287847 0.5
12363 12369 2.979093822 0.02291287847 0.5
12363 12374 3.422718218 0.05454356057 0.5
12363 12382 3.422718218 0.05454356057 0.5
12363 12384 3.422718218 0.05454356057 0.5
12364 12367 0 0 0.5
12364 12373 3.422718218 0.05454356057 0.5
12364 12383 3.422718218 0.05454356057 0.5
12365 12372 3.398529094 0.05296225071 0.5
12366 12370 0 0 0.5
12367 12368 0 0 0.5
12367 12369 0 0 0.5
12368 12370 0 0 0.5
12369 12370 0 0 0.5
12370 12372 0 0 0.5
12372 12375 3.398529094 0.05296225071 0.5
12372 12380 0 0 0.5
12372 12383 3.422718218 0.05454356057 0.5
12373 12376 3.328062499 0.05454356057 0.5
12373 12378 2.979093822 0.02291287847 0.5
12373 12379 2.979093822 0.02291287847 0.5
12373 12384 3.422718218 0.05454356057 0.5
12374 12377 0 0 0.5
12374 12383 3.422718218 0.05454356057 0.5
12375 12382 3.398529094 0.05296225071 0.5
12376 12380 0 0 0.5
12377 12378 0 0 0.5
12377 12379 0 0 0.5
12378 12380 0 0 0.5
12379 12380 0 0 0.5
12380 12382 0 0 0.5
12382 12385 3.398529094 0.05296225071 0.5
12382 12390 0 0 0.5
12383 12386 3.328062499 0.05454356057 0.5
12383 12388 2.979093822 0.02291287847 0.5
12383 12389 2.979093822 0.02291287847 0.5
12384 12387 0 0 0.5
12386 12390 0 0 0.5
12387 12388 0 0 0.5
12387 12389 0 0 0.5
12388 12390 0 0 0.5
12389 12390 0 0 0.5
12392 12395 3.398529094 0.05296225071 0.5
12392 12400 0 0 0.5
12392 12403 3.422718218 0.05454356057 0.5
12392 12415 3.398529094 0.05296225071 0.5
12392 12420 0 0 0.5
12393 12396 3.328062499 0.05454356057 0.5
12393 12398 2.979093822 0.02291287847 0.5
12393 12399 2.979093822 0.02291287847 0.5
12393 12404 3.422718218 0.05454356057 0.5
12393 12412 3.422718218 0.05454356057 0.5
12393 12414 3.422718218 0.05454356057 0.5
12394 12397 0 0 0.5
12394 12403 3.422718218 0.05454356057 0.5
12394 12413 3.422718218 0.05454356057 0.5
12395 12402 3.398529094 0.05296225071 0.5
12396 12400 0 0 0.5
12397 12398 0 0 0.5
12397 12399 0 0 0.5
12398 12400 0 0 0.5
12399 12400 0 0 0.5
12400 12402 0 0 0.5
12402 12405 3.398529094 0.05296225071 0.5
12402 12410 0 0 0.5
12402 12413 3.422718218 0.05454356057 0.5
12403 12406 3.328062499 0.05454356057 0.5
12403 12408 2.979093822 0.02291287847 0.5
12403 12409 2.979093822 0.02291287847 0.5
12403 12414 3.422718218 0.05454356057 0.5
12404 12407 0 0 0.5
12404 12413 3.422718218 0.05454356057 0.5
12405 12412 3.398529094 0.05296225071 0.5
12406 12410 0 0 0.5
12407 12408 0 0 0.5
12407 12409 0 0 0.5
12408 12410 0 0 0.5
12409 12410 0 0 0.5
12410 12412 0 0 0.5
12412 12415 3.398529094 0.05296225071 0.5
12412 12420 0 0 0.5
12413 12416 3.328062499 0.05454356057 0.5
12413 12418 2.979093822 0.02291287847 0.5
12413 12419 2.979093822 0.02291287847 0.5
12414 12417 0 0 0.5
12416 12420 0 0 0.5
12417 12418 0 0 0.5
12417 12419 0 0 0.5
12418 12420 0 0 0.5
12419 12420 0 0 0.5
12422 12425 3.398529094 0.05296225071 0.5
12422 12430 0 0 0.5
12422 12433 3.422718218 0.05454356057 0.5
12422 12445 3.398529094 0.05296225071 0.5
12422 12450 0 0 0.5
12423 12426 3.328062499 0.05454356057 0.5
12423 12428 2.979093822 0.02291287847 0.5
12423 12429 2.979093822 0.02291287847 0.5
12423 12434 3.422718218 0.05454356057 0.5
12423 12442 3.422718218 0.05454356057 0.5
12423 12444 3.422718218 0.05454356057 0.5
12424 12427 0 0 0.5
12424 12433 3.422718218 0.05454356057 0.5
12424 12443 3.422718218 0.05454356057 0.5
12425 12432 3.398529094 0.05296225071 0.5
12426 12430 0 0 0.5
12427 12428 0 0 0.5
12427 12429 0 0 0.5
12428 12430 0 0 0.5
12429 12430 0 0 0.5
12430 12432 0 0 0.5
12432 12435 3.398529094 0.05296225071 0.5
12432 12440 0 0 0.5
12432 12443 3.422718218 0.05454356057 0.5
12433 12436 3.328062499 0.05454356057 0.5
12433 12438 2.979093822 0.02291287847 0.5
12433 12439 2.979093822 0.02291287847 0.5
12433 12444 3.422718218 0.05454356057 0.5
12434 12437 0 0 0.5
12434 12443 3.422718218 0.05454356057 0.5
12435 12442 3.398529094 0.05296225071 0.5
12436 12440 0 0 0.5
12437 12438 0 0 0.5
12437 12439 0 0 0.5
12438 12440 0 0 0.5
12439 12440 0 0 0.5
12440 12442 0 0 0.5
12442 12445 3.398529094 0.05296225071 0.5
12442 12450 0 0 0.5
12443 12446 3.328062499 0.05454356057 0.5
12443 12448 2.979093822 0.02291287847 0.5
12443 12449 2.979093822 0.02291287847 0.5
12444 12447 0 0 0.5
12446 12450 0 0 0.5
12447 12448 0 0 0.5
12447 12449 0 0 0.5
12448 12450 0 0 0.5
12449 12450 0 0 0.5
12452 12455 3.398529094 0.05296225071 0.5
12452 12460 0 0 0.5
12452 12463 3.422718218 0.05454356057 0.5
12452 12475 3.398529094 0.05296225071 0.5
12452 12480 0 0 0.5
12453 12456 3.328062499 0.05454356057 0.5
12453 12458 2.979093822 0.02291287847 0.5
12453 12459 2.979093822 0.02291287847 0.5
12453 12464 3.422718218 0.05454356057 0.5
12453 12472 3.422718218 0.05454356057 0.5
12453 12474 3.422718218 0.05454356057 0.5
12454 12457 0 0 0.5
12454 12463 3.422718218 0.05454356057 0.5
12454 12473 3.422718218 0.05454356057 0.5
12455 12462 3.398529094 0.05296225071 0.5
12456 12460 0 0 0.5
12457 12458 0 0 0.5
12457 12459 0 0 0.5
12458 12460 0 0 0.5
12459 12460 0 0 0.5
12460 12462 0 0 0.5
12462 12465 3.398529094 0.05296225071 0.5
12462 12470 0 0 0.5
12462 12473 3.422718218 0.05454356057 0.5
12463 12466 3.328062499 0.05454356057 0.5
12463 12468 2.979093822 0.02291287847 0.5
12463 12469 2.979093822 0.02291287847 0.5
12463 12474 3.422718218 0.05454356057 0.5
12464 12467 0 0 0.5
12464 12473 3.422718218 0.05454356057 0.5
12465 12472 3.398529094 0.05296225071 0.5
12466 12470 0 0 0.5
12467 12468 0 0 0.5
12467 12469 0 0 0.5
12468 12470 0 0 0.5
12469 12470 0 0 0.5
12470 12472 0 0 0.5
12472 12475 3.398529094 0.05296225071 0.5
12472 12480 0 0 0.5
12473 12476 3.328062499 0.05454356057 0.5
12473 12478 2.979093822 0.02291287847 0.5
12473 12479 2.979093822 0.02291287847 0.5
12474 12477 0 0 0.5
12476 12480 0 0 0.5
12477 12478 0 0 0.5
12477 12479 0 0 0.5
12478 12480 0 0 0.5
12479 12480 0 0 0.5
12482 12485 3.398529094 0.05296225071 0.5
12482 12490 0 0 0.5
12482 12493 3.422718218 0.05454356057 0.5
12482 12505 3.398529094 0.05296225071 0.5
12482 12510 0 0 0.5
12483 12486 3.328062499 0.05454356057 0.5
12483 12488 2.979093822 0.02291287847 0.5
12483 12489 2.979093822 0.02291287847 0.5
12483 12494 3.422718218 0.05454356057 0.5
12483 12502 3.422718218 0.05454356057 0.5
12483 12504 3.422718218 0.05454356057 0.5
12484 12487 0 0 0.5
12484 12493 3.422718218 0.05454356057 0.5
12484 12503 3.422718218 0.05454356057 0.5
12485 12492 3.398529094 0.05296225071 0.5
12486 12490 0 0 0.5
12487 12488 0 0 0.5
12487 12489 0 0 0.5
12488 12490 0 0 0.5
12489 12490 0 0 0.5
12490 12492 0 0 0.5
12492 12495 3.398529094 0.05296225071 0.5
12492 12500 0 0 0.5
12492 12503 3.422718218 0.05454356057 0.5
12493 12496 3.328062499 0.05454356057 0.5
12493 12498 2.979093822 0.02291287847 0.5
12493 12499 2.979093822 0.02291287847 0.5
12493 12504 3.422718218 0.05454356057 0.5
12494 12497 0 0 0.5
12494 12503 3.422718218 0.05454356057 0.5
12495 12502 3.398529094 0.05296225071 0.5
12496 12500 0 0 0.5
12497 12498 0 0 0.5
12497 12499 0 0 0.5
12498 12500 0 0 0.5
12499 12500 0 0 0.5
12500 12502 0 0 0.5
12502 12505 3.398529094 0.05296225071 0.5
12502 12510 0 0 0.5
12503 12506 3.328062499 0.05454356057 0.5
12503 12508 2.979093822 0.02291287847 0.5
12503 12509 2.979093822 0.02291287847 0.5
12504 12507 0 0 0.5
12506 12510 0 0 0.5
12507 12508 0 0 0.5
12507 12509 0 0 0.5
12508 12510 0 0 0.5
12509 12510 0 0 0.5
12512 12515 3.398529094 0.05296225071 0.5
12512 12520 0 0 0.5
12512 12523 3.422718218 0.05454356057 0.5
12512 12535 3.398529094 0.05296225071 0.5
12512 12540 0 0 0.5
12513 12516 3.328062499 0.05454356057 0.5
12513 12518 2.979093822 0.02291287847 0.5
12513 12519 2.979093822 0.02291287847 0.5
12513 12524 3.422718218 0.05454356057 0.5
12513 12532 3.422718218 0.05454356057 0.5
12513 12534 3.422718218 0.05454356057 0.5
12514 12517 0 0 0.5
12514 12523 3.422718218 0.05454356057 0.5
12514 12533 3.422718218 0.05454356057 0.5
12515 12522 3.398529094 0.05296225071 0.5
12516 12520 0 0 0.5
12517 12518 0 0 0.5
12517 12519 0 0 0.5
12518 12520 0 0 0.5
12519 12520 0 0 0.5
12520 12522 0 0 0.5
12522 12525 3.398529094 0.05296225071 0.5
12522 12530 0 0 0.5
12522 12533 3.422718218 0.05454356057 0.5
12523 12526 3.328062499 0.05454356057 0.5
12523 12528 2.979093822 0.02291287847 0.5
12523 12529 2.979093822 0.02291287847 0.5
12523 12534 3.422718218 0.05454356057 0.5
12524 12527 0 0 0.5
12524 12533 3.422718218 0.05454356057 0.5
12525 12532 3.398529094 0.05296225071 0.5
12526 12530 0 0 0.5
12527 12528 0 0 0.5
12527 12529 0 0 0.5
12528 12530 0 0 0.5
12529 12530 0 0 0.5
12530 12532 0 0 0.5
12532 12535 3.398529094 0.05296225071 0.5
12532 12540 0 0 0.5
12533 12536 3.328062499 0.05454356057 0.5
12533 12538 2.979093822 0.02291287847 0.5
12533 12539 2.979093822 0.02291287847 0.5
12534 12537 0 0 0.5
12536 12540 0 0 0.5
12537 12538 0 0 0.5
12537 12539 0 0 0.5
12538 12540 0 0 0.5
12539 12540 0 0 0.5
12542 12545 3.398529094 0.05296225071 0.5
12542 12550 0 0 0.5
12542 12553 3.422718218 0.05454356057 0.5
12542 12565 3.398529094 0.05296225071 0.5
12542 12570 0 0 0.5
12543 12546 3.328062499 0.05454356057 0.5
12543 12548 2.979093822 0.02291287847 0.5
12543 12549 2.979093822 0.02291287847 0.5
12543 12554 3.422718218 0.05454356057 0.5
12543 12562 3.422718218 0.05454356057 0.5
12543 12564 3.422718218 0.05454356057 0.5
12544 12547 0 0 0.5
12544 12553 3.422718218 0.05454356057 0.5
12544 12563 3.422718218 0.05454356057 0.5
12545 12552 3.398529094 0.05296225071 0.5
12546 12550 0 0 0.5
12547 12548 0 0 0.5
12547 12549 0 0 0.5
12548 12550 0 0 0.5
12549 12550 0 0 0.5
12550 12552 0 0 0.5
12552 12555 3.398529094 0.05296225071 0.5
12552 12560 0 0 0.5
12552 12563 3.422718218 0.05454356057 0.5
12553 12556 3.328062499 0.05454356057 0.5
12553 12558 2.979093822 0.02291287847 0.5
12553 12559 2.979093822 0.02291287847 0.5
12553 12564 3.422718218 0.05454356057 0.5
12554 12557 0 0 0.5
12554 12563 3.422718218 0.05454356057 0.5
12555 12562 3.398529094 0.05296225071 0.5
12556 12560 0 0 0.5
12557 12558 0 0 0.5
12557 12559 0 0 0.5
12558 12560 0 0 0.5
12559 12560 0 0 0.5
12560 12562 0 0 0.5
12562 12565 3.398529094 0.05296225071 0.5
12562 12570 0 0 0.5
12563 12566 3.328062499 0.05454356057 0.5
12563 12568 2.979093822 0.02291287847 0.5
12563 12569 2.979093822 0.02291287847 0.5
12564 12567 0 0 0.5
12566 12570 0 0 0.5
12567 12568 0 0 0.5
12567 12569 0 0 0.5
12568 12570 0 0 0.5
12569 12570 0 0 0.5
12572 12575 3.398529094 0.05296225071 0.5
12572 12580 0 0 0.5
12572 12583 3.422718218 0.05454356057 0.5
12572 12595 3.398529094 0.05296225071 0.5
12572 12600 0 0 0.5
12573 12576 3.328062499 0.05454356057 0.5
12573 12578 2.979093822 0.02291287847 0.5
12573 12579 2.979093822 0.02291287847 0.5
12573 12584 3.422718218 0.05454356057 0.5
12573 12592 3.422718218 0.05454356057 0.5
12573 12594 3.422718218 0.05454356057 0.5
12574 12577 0 0 0.5
12574 12583 3.422718218 0.05454356057 0.5
12574 12593 3.422718218 0.05454356057 0.5
12575 12582 3.398529094 0.05296225071 0.5
12576 12580 0 0 0.5
12577 12578 0 0 0.5
12577 12579 0 0 0.5
12578 12580 0 0 0.5
12579 12580 0 0 0.5
12580 12582 0 0 0.5
12582 12585 3.398529094 0.05296225071 0.5
12582 12590 0 0 0.5
12582 12593 3.422718218 0.05454356057 0.5
12583 12586 3.328062499 0.05454356057 0.5
12583 12588 2.979093822 0.02291287847 0.5
12583 12589 2.979093822 0.02291287847 0.5
12583 12594 3.422718218 0.05454356057 0.5
12584 12587 0 0 0.5
12584 12593 3.422718218 0.05454356057 0.5
12585 12592 3.398529094 0.05296225071 0.5
12586 12590 0 0 0.5
12587 12588 0 0 0.5
12587 12589 0 0 0.5
12588 12590 0 0 0.5
12589 12590 0 0 0.5
12590 12592 0 0 0.5
12592 12595 3.398529094 0.05296225071 0.5
12592 12600 0 0 0.5
12593 12596 3.328062499 0.05454356057 0.5
12593 12598 2.979093822 0.02291287847 0.5
12593 12599 2.979093822 0.02291287847 0.5
12594 12597 0 0 0.5
12596 12600 0 0 0.5
12597 12598 0 0 0.5
12597 12599 0 0 0.5
12598 12600 0 0 0.5
12599 12600 0 0 0.5
12602 12605 3.398529094 0.05296225071 0.5
12602 12610 0 0 0.5
12602 12613 3.422718218 0.05454356057 0.5
12602 12625 3.398529094 0.05296225071 0.5
12602 12630 0 0 0.5
12603 12606 3.328062499 0.05454356057 0.5
12603 12608 2.979093822 0.02291287847 0.5
12603 12609 2.979093822 0.02291287847 0.5
12603 12614 3.422718218 0.05454356057 0.5
12603 12622 3.422718218 0.05454356057 0.5
12603 12624 3.422718218 0.05454356057 0.5
12604 12607 0 0 0.5
12604 12613 3.422718218 0.05454356057 0.5
12604 12623 3.422718218 0.05454356057 0.5
12605 12612 3.398529094 0.05296225071 0.5
12606 12610 0 0 0.5
12607 12608 0 0 0.5
12607 12609 0 0 0.5
12608 12610 0 0 0.5
12609 12610 0 0 0.5
12610 12612 0 0 0.5
12612 12615 3.398529094 0.05296225071 0.5
12612 12620 0 0 0.5
12612 12623 3.422718218 0.05454356057 0.5
12613 12616 3.328062499 0.05454356057 0.5
12613 12618 2.979093822 0.02291287847 0.5
12613 12619 2.979093822 0.02291287847 0.5
12613 12624 3.422718218 0.05454356057 0.5
12614 12617 0 0 0.5
12614 12623 3.422718218 0.05454356057 0.5
12615 12622 3.398529094 0.05296225071 0.5
12616 12620 0 0 0.5
12617 12618 0 0 0.5
12617 12619 0 0 0.5
12618 12620 0 0 0.5
12619 12620 0 0 0.5
12620 12622 0 0 0.5
12622 12625 3.398529094 0.05296225071 0.5
12622 12630 0 0 0.5
12623 12626 3.328062499 0.05454356057 0.5
12623 12628 2.979093822 0.02291287847 0.5
12623 12629 2.979093822 0.02291287847 0.5
12624 12627 0 0 0.5
12626 12630 0 0 0.5
12627 12628 0 0 0.5
12627 12629 0 0 0.5
12628 12630 0 0 0.5
12629 12630 0 0 0.5
12632 12635 3.398529094 0.05296225071 0.5
12632 12640 0 0 0.5
12632 12643 3.422718218 0.05454356057 0.5
12632 12655 3.398529094 0.05296225071 0.5
12632 12660 0 0 0.5
12633 12636 3.328062499 0.05454356057 0.5
12633 12638 2.979093822 0.02291287847 0.5
12633 12639 2.979093822 0.02291287847 0.5
12633 12644 3.422718218 0.05454356057 0.5
12633 12652 3.422718218 0.05454356057 0.5
12633 12654 3.422718218 0.05454356057 0.5
12634 12637 0 0 0.5
12634 12643 3.422718218 0.05454356057 0.5
12634 12653 3.422718218 0.05454356057 0.5
12635 12642 3.398529094 0.05296225071 0.5
12636 12640 0 0 0.5
12637 12638 0 0 0.5
12637 12639 0 0 0.5
12638 12640 0 0 0.5
12639 12640 0 0 0.5
12640 12642 0 0 0.5
12642 12645 3.398529094 0.05296225071 0.5
12642 12650 0 0 0.5
12642 12653 3.422718218 0.05454356057 0.5
12643 12646 3.328062499 0.05454356057 0.5
12643 12648 2.979093822 0.02291287847 0.5
12643 12649 2.979093822 0.02291287847 0.5
12643 12654 3.422718218 0.05454356057 0.5
12644 12647 0 0 0.5
12644 12653 3.422718218 0.05454356057 0.5
12645 12652 3.398529094 0.05296225071 0.5
12646 12650 0 0 0.5
12647 12648 0 0 0.5
12647 12649 0 0 0.5
12648 12650 0 0 0.5
12649 12650 0 0 0.5
12650 12652 0 0 0.5
12652 12655 3.398529094 0.05296225071 0.5
12652 12660 0 0 0.5
12653 12656 3.328062499 0.05454356057 0.5
12653 12658 2.979093822 0.02291287847 0.5
12653 12659 2.979093822 0.02291287847 0.5
12654 12657 0 0 0.5
12656 12660 0 0 0.5
12657 12658 0 0 0.5
12657 12659 0 0 0.5
12658 12660 0 0 0.5
12659 12660 0 0 0.5
12662 12665 3.398529094 0.05296225071 0.5
12662 12670 0 0 0.5
12662 12673 3.422718218 0.05454356057 0.5
12662 12685 3.398529094 0.05296225071 0.5
12662 12690 0 0 0.5
12663 12666 3.328062499 0.05454356057 0.5
12663 12668 2.979093822 0.02291287847 0.5
12663 12669 2.979093822 0.02291287847 0.5
12663 12674 3.422718218 0.05454356057 0.5
12663 12682 3.422718218 0.05454356057 0.5
12663 12684 3.422718218 0.05454356057 0.5
12664 12667 0 0 0.5
12664 12673 3.422718218 0.05454356057 0.5
12664 12683 3.422718218 0.05454356057 0.5
12665 12672 3.398529094 0.05296225071 0.5
12666 12670 0 0 0.5
12667 12668 0 0 0.5
12667 12669 0 0 0.5
12668 12670 0 0 0.5
12669 12670 0 0 0.5
12670 12672 0 0 0.5
12672 12675 3.398529094 0.05296225071 0.5
12672 12680 0 0 0.5
12672 12683 3.422718218 0.05454356057 0.5
12673 12676 3.328062499 0.05454356057 0.5
12673 12678 2.979093822 0.02291287847 0.5
12673 12679 2.979093822 0.02291287847 0.5
12673 12684 3.422718218 0.05454356057 0.5
12674 12677 0 0 0.5
12674 12683 3.422718218 0.05454356057 0.5
12675 12682 3.398529094 0.05296225071 0.5
12676 12680 0 0 0.5
12677 12678 0 0 0.5
12677 12679 0 0 0.5
12678 12680 0 0 0.5
12679 12680 0 0 0.5
12680 12682 0 0 0.5
12682 12685 3.398529094 0.05296225071 0.5
12682 12690 0 0 0.5
12683 12686 3.328062499 0.05454356057 0.5
12683 12688 2.979093822 0.02291287847 0.5
12683 12689 2.979093822 0.02291287847 0.5
12684 12687 0 0 0.5
12686 12690 0 0 0.5
12687 12688 0 0 0.5
12687 12689 0 0 0.5
12688 12690 0 0 0.5
12689 12690 0 0 0.5
12692 12695 3.398529094 0.05296225071 0.5
12692 12700 0 0 0.5
12692 12703 3.422718218 0.05454356057 0.5
12692 12715 3.398529094 0.05296225071 0.5
12692 12720 0 0 0.5
12693 12696 3.328062499 0.05454356057 0.5
12693 12698 2.979093822 0.02291287847 0.5
12693 12699 2.979093822 0.02291287847 0.5
12693 12704 3.422718218 0.05454356057 0.5
12693 12712 3.422718218 0.05454356057 0.5
12693 12714 3.422718218 0.05454356057 0.5
12694 12697 0 0 0.5
12694 12703 3.422718218 0.05454356057 0.5
12694 12713 3.422718218 0.05454356057 0.5
12695 12702 3.398529094 0.05296225071 0.5
12696 12700 0 0 0.5
12697 12698 0 0 0.5
12697 12699 0 0 0.5
12698 12700 0 0 0.5
12699 12700 0 0 0.5
12700 12702 0 0 0.5
12702 12705 3.398529094 0.05296225071 0.5
12702 12710 0 0 0.5
12702 12713 3.422718218 0.05454356057 0.5
12703 12706 3.328062499 0.05454356057 0.5
12703 12708 2.979093822 0.02291287847 0.5
12703 12709 2.979093822 0.02291287847 0.5
12703 12714 3.422718218 0.05454356057 0.5
12704 12707 0 0 0.5
12704 12713 3.422718218 0.05454356057 0.5
12705 12712 3.398529094 0.05296225071 0.5
12706 12710 0 0 0.5
12707 12708 0 0 0.5
12707 12709 0 0 0.5
12708 12710 0 0 0.5
12709 12710 0 0 0.5
12710 12712 0 0 0.5
12712 12715 3.398529094 0.05296225071 0.5
12712 12720 0 0 0.5
12713 12716 3.328062499 0.05454356057 0.5
12713 12718 2.979093822 0.02291287847 0.5
12713 12719 2.979093822 0.02291287847 0.5
12714 12717 0 0 0.5
12716 12720 0 0 0.5
12717 12718 0 0 0.5
12717 12719 0 0 0.5
12718 12720 0 0 0.5
12719 12720 0 0 0.5
12722 12725 3.398529094 0.05296225071 0.5
12722 12730 0 0 0.5
12722 12733 3.422718218 0.05454356057 0.5
12722 12745 3.398529094 0.05296225071 0.5
12722 12750 0 0 0.5
12723 12726 3.328062499 0.05454356057 0.5
12723 12728 2.979093822 0.02291287847 0.5
12723 12729 2.979093822 0.02291287847 0.5
12723 12734 3.422718218 0.05454356057 0.5
12723 12742 3.422718218 0.05454356057 0.5
12723 12744 3.422718218 0.05454356057 0.5
12724 12727 0 0 0.5
12724 12733 3.422718218 0.05454356057 0.5
12724 12743 3.422718218 0.05454356057 0.5
12725 12732 3.398529094 0.05296225071 0.5
12726 12730 0 0 0.5
12727 12728 0 0 0.5
12727 12729 0 0 0.5
12728 12730 0 0 0.5
12729 12730 0 0 0.5
12730 12732 0 0 0.5
12732 12735 3.398529094 0.05296225071 0.5
12732 12740 0 0 0.5
12732 12743 3.422718218 0.05454356057 0.5
12733 12736 3.328062499 0.05454356057 0.5
12733 12738 2.979093822 0.02291287847 0.5
12733 12739 2.979093822 0.02291287847 0.5
12733 12744 3.422718218 0.05454356057 0.5
12734 12737 0 0 0.5
12734 12743 3.422718218 0.05454356057 0.5
12735 12742 3.398529094 0.05296225071 0.5
12736 12740 0 0 0.5
12737 12738 0 0 0.5
12737 12739 0 0 0.5
12738 12740 0 0 0.5
12739 12740 0 0 0.5
12740 12742 0 0 0.5
12742 12745 3.398529094 0.05296225071 0.5
12742 12750 0 0 0.5
12743 12746 3.328062499 0.05454356057 0.5
12743 12748 2.979093822 0.02291287847 0.5
12743 12749 2.979093822 0.02291287847 0.5
12744 12747 0 0 0.5
12746 12750 0 0 0.5
12747 12748 0 0 0.5
12747 12749 0 0 0.5
12748 12750 0 0 0.5
12749 12750 0 0 0.5
12752 12755 3.398529094 0.05296225071 0.5
12752 12760 0 0 0.5
12752 12763 3.422718218 0.05454356057 0.5
12752 12775 3.398529094 0.05296225071 0.5
12752 12780 0 0 0.5
12753 12756 3.328062499 0.05454356057 0.5
12753 12758 2.979093822 0.02291287847 0.5
12753 12759 2.979093822 0.02291287847 0.5
12753 12764 3.422718218 0.05454356057 0.5
12753 12772 3.422718218 0.05454356057 0.5
12753 12774 3.422718218 0.05454356057 0.5
12754 12757 0 0 0.5
12754 12763 3.422718218 0.05454356057 0.5
12754 12773 3.422718218 0.05454356057 0.5
12755 12762 3.398529094 0.05296225071 0.5
12756 12760 0 0 0.5
12757 12758 0 0 0.5
12757 12759 0 0 0.5
12758 12760 0 0 0.5
12759 12760 0 0 0.5
12760 12762 0 0 0.5
12762 12765 3.398529094 0.05296225071 0.5
12762 12770 0 0 0.5
12762 12773 3.422718218 0.05454356057 0.5
12763 12766 3.328062499 0.05454356057 0.5
12763 12768 2.979093822 0.02291287847 0.5
12763 12769 2.979093822 0.02291287847 0.5
12763 12774 3.422718218 0.05454356057 0.5
12764 12767 0 0 0.5
12764 12773 3.422718218 0.05454356057 0.5
12765 12772 3.398529094 0.05296225071 0.5
12766 12770 0 0 0.5
12767 12768 0 0 0.5
12767 12769 0 0 0.5
12768 12770 0 0 0.5
12769 12770 0 0 0.5
12770 12772 0 0 0.5
12772 12775 3.398529094 0.05296225071 0.5
12772 12780 0 0 0.5
12773 12776 3.328062499 0.05454356057 0.5
12773 12778 2.979093822 0.02291287847 0.5
12773 12779 2.979093822 0.02291287847 0.5
12774 12777 0 0 0.5
12776 12780 0 0 0.5
12777 12778 0 0 0.5
12777 12779 0 0 0.5
12778 12780 0 0 0.5
12779 12780 0 0 0.5
12782 12785 3.398529094 0.05296225071 0.5
12782 12790 0 0 0.5
12782 12793 3.422718218 0.05454356057 0.5
12782 12805 3.398529094 0.05296225071 0.5
12782 12810 0 0 0.5
12783 12786 3.328062499 0.05454356057 0.5
12783 12788 2.979093822 0.02291287847 0.5
12783 12789 2.979093822 0.02291287847 0.5
12783 12794 3.422718218 0.05454356057 0.5
12783 12802 3.422718218 0.05454356057 0.5
12783 12804 3.422718218 0.05454356057 0.5
12784 12787 0 0 0.5
12784 12793 3.422718218 0.05454356057 0.5
12784 12803 3.422718218 0.05454356057 0.5
12785 12792 3.398529094 0.05296225071 0.5
12786 12790 0 0 0.5
12787 12788 0 0 0.5
12787 12789 0 0 0.5
12788 12790 0 0 0.5
12789 12790 0 0 0.5
12790 12792 0 0 0.5
12792 12795 3.398529094 0.05296225071 0.5
12792 12800 0 0 0.5
12792 12803 3.422718218 0.05454356057 0.5
12793 12796 3.328062499 0.05454356057 0.5
12793 12798 2.979093822 0.02291287847 0.5
12793 12799 2.979093822 0.02291287847 0.5
12793 12804 3.422718218 0.05454356057 0.5
12794 12797 0 0 0.5
12794 12803 3.422718218 0.05454356057 0.5
12795 12802 3.398529094 0.05296225071 0.5
12796 12800 0 0 0.5
12797 12798 0 0 0.5
12797 12799 0 0 0.5
12798 12800 0 0 0.5
12799 12800 0 0 0.5
12800 12802 0 0 0.5
12802 12805 3.398529094 0.05296225071 0.5
12802 12810 0 0 0.5
12803 12806 3.328062499 0.05454356057 0.5
12803 12808 2.979093822 0.02291287847 0.5
12803 12809 2.979093822 0.02291287847 0.5
12804 12807 0 0 0.5
12806 12810 0 0 0.5
12807 12808 0 0 0.5
12807 12809 0 0 0.5
12808 12810 0 0 0.5
12809 12810 0 0 0.5
12812 12815 3.398529094 0.05296225071 0.5
12812 12820 0 0 0.5
12812 12823 3.422718218 0.05454356057 0.5
12812 12835 3.398529094 0.05296225071 0.5
12812 12840 0 0 0.5
12813 12816 3.328062499 0.05454356057 0.5
12813 12818 2.979093822 0.02291287847 0.5
12813 12819 2.979093822 0.02291287847 0.5
12813 12824 3.422718218 0.05454356057 0.5
12813 12832 3.422718218 0.05454356057 0.5
12813 12834 3.422718218 0.05454356057 0.5
12814 12817 0 0 0.5
12814 12823 3.422718218 0.05454356057 0.5
12814 12833 3.422718218 0.05454356057 0.5
12815 12822 3.398529094 0.05296225071 0.5
12816 12820 0 0 0.5
12817 12818 0 0 0.5
12817 12819 0 0 0.5
12818 12820 0 0 0.5
12819 12820 0 0 0.5
12820 12822 0 0 0.5
12822 12825 3.398529094 0.05296225071 0.5
12822 12830 0 0 0.5
12822 12833 3.422718218 0.05454356057 0.5
12823 12826 3.328062499 0.05454356057 0.5
12823 12828 2.979093822 0.02291287847 0.5
12823 12829 2.979093822 0.02291287847 0.5
12823 12834 3.422718218 0.05454356057 0.5
12824 12827 0 0 0.5
12824 12833 3.422718218 0.05454356057 0.5
12825 12832 3.398529094 0.05296225071 0.5
12826 12830 0 0 0.5
12827 12828 0 0 0.5
12827 12829 0 0 0.5
12828 12830 0 0 0.5
12829 12830 0 0 0.5
12830 12832 0 0 0.5
12832 12835 3.398529094 0.05296225071 0.5
12832 12840 0 0 0.5
12833 12836 3.328062499 0.05454356057 0.5
12833 12838 2.979093822 0.02291287847 0.5
12833 12839 2.979093822 0.02291287847 0.5
12834 12837 0 0 0.5
12836 12840 0 0 0.5
12837 12838 0 0 0.5
12837 12839 0 0 0.5
12838 12840 0 0 0.5
12839 12840 0 0 0.5
12842 12845 3.398529094 0.05296225071 0.5
12842 12850 0 0 0.5
12842 12853 3.422718218 0.05454356057 0.5
12842 12865 3.398529094 0.05296225071 0.5
12842 12870 0 0 0.5
12843 12846 3.328062499 0.05454356057 0.5
12843 12848 2.979093822 0.02291287847 0.5
12843 12849 2.979093822 0.02291287847 0.5
12843 12854 3.422718218 0.05454356057 0.5
12843 12862 3.422718218 0.05454356057 0.5
12843 12864 3.422718218 0.05454356057 0.5
12844 12847 0 0 0.5
12844 12853 3.422718218 0.05454356057 0.5
12844 12863 3.422718218 0.05454356057 0.5
12845 12852 3.398529094 0.05296225071 0.5
12846 12850 0 0 0.5
12847 12848 0 0 0.5
12847 12849 0 0 0.5
12848 12850 0 0 0.5
12849 12850 0 0 0.5
12850 12852 0 0 0.5
12852 12855 3.398529094 0.05296225071 0.5
12852 12860 0 0 0.5
12852 12863 3.422718218 0.05454356057 0.5
12853 12856 3.328062499 0.05454356057 0.5
12853 12858 2.979093822 0.02291287847 0.5
12853 12859 2.979093822 0.02291287847 0.5
12853 12864 3.422718218 0.05454356057 0.5
12854 12857 0 0 0.5
12854 12863 3.422718218 0.05454356057 0.5
12855 12862 3.398529094 0.05296225071 0.5
12856 12860 0 0 0.5
12857 12858 0 0 0.5
12857 12859 0 0 0.5
12858 12860 0 0 0.5
12859 12860 0 0 0.5
12860 12862 0 0 0.5
12862 12865 3.398529094 0.05296225071 0.5
12862 12870 0 0 0.5
12863 12866 3.328062499 0.05454356057 0.5
12863 12868 2.979093822 0.02291287847 0.5
12863 12869 2.979093822 0.02291287847 0.5
12864 12867 0 0 0.5
12866 12870 0 0 0.5
12867 12868 0 0 0.5
12867 12869 0 0 0.5
12868 12870 0 0 0.5
12869 12870 0 0 0.5
12872 12875 3.398529094 0.05296225071 0.5
12872 12880 0 0 0.5
12872 12883 3.422718218 0.05454356057 0.5
12872 12895 3.398529094 0.05296225071 0.5
12872 12900 0 0 0.5
12873 12876 3.328062499 0.05454356057 0.5
12873 12878 2.979093822 0.02291287847 0.5
12873 12879 2.979093822 0.02291287847 0.5
12873 12884 3.422718218 0.05454356057 0.5
12873 12892 3.422718218 0.05454356057 0.5
12873 12894 3.422718218 0.05454356057 0.5
12874 12877 0 0 0.5
12874 12883 3.422718218 0.05454356057 0.5
12874 12893 3.422718218 0.05454356057 0.5
12875 12882 3.398529094 0.05296225071 0.5
12876 12880 0 0 0.5
12877 12878 0 0 0.5
12877 12879 0 0 0.5
12878 12880 0 0 0.5
12879 12880 0 0 0.5
12880 12882 0 0 0.5
12882 12885 3.398529094 0.05296225071 0.5
12882 12890 0 0 0.5
12882 12893 3.422718218 0.05454356057 0.5
12883 12886 3.328062499 0.05454356057 0.5
12883 12888 2.979093822 0.02291287847 0.5
12883 12889 2.979093822 0.02291287847 0.5
12883 12894 3.422718218 0.05454356057 0.5
12884 12887 0 0 0.5
12884 12893 3.422718218 0.05454356057 0.5
12885 12892 3.398529094 0.05296225071 0.5
12886 12890 0 0 0.5
12887 12888 0 0 0.5
12887 12889 0 0 0.5
12888 12890 0 0 0.5
12889 12890 0 0 0.5
12890 12892 0 0 0.5
12892 12895 3.398529094 0.05296225071 0.5
12892 12900 0 0 0.5
12893 12896 3.328062499 0.05454356057 0.5
12893 12898 2.979093822 0.02291287847 0.5
12893 12899 2.979093822 0.02291287847 0.5
12894 12897 0 0 0.5
12896 12900 0 0 0.5
12897 12898 0 0 0.5
12897 12899 0 0 0.5
12898 12900 0 0 0.5
12899 12900 0 0 0.5
12902 12905 3.398529094 0.05296225071 0.5
12902 12910 0 0 0.5
12902 12913 3.422718218 0.05454356057 0.5
12902 12925 3.398529094 0.05296225071 0.5
12902 12930 0 0 0.5
12903 12906 3.328062499 0.05454356057 0.5
12903 12908 2.979093822 0.02291287847 0.5
12903 12909 2.979093822 0.02291287847 0.5
12903 12914 3.422718218 0.05454356057 0.5
12903 12922 3.422718218 0.05454356057 0.5
12903 12924 3.422718218 0.05454356057 0.5
12904 12907 0 0 0.5
12904 12913 3.422718218 0.05454356057 0.5
12904 12923 3.422718218 0.05454356057 0.5
12905 12912 3.398529094 0.05296225071 0.5
12906 12910 0 0 0.5
12907 12908 0 0 0.5
12907 12909 0 0 0.5
12908 12910 0 0 0.5
12909 12910 0 0 0.5
12910 12912 0 0 0.5
12912 12915 3.398529094 0.05296225071 0.5
12912 12920 0 0 0.5
12912 12923 3.422718218 0.05454356057 0.5
12913 12916 3.328062499 0.05454356057 0.5
12913 12918 2.979093822 0.02291287847 0.5
12913 12919 2.979093822 0.02291287847 0.5
12913 12924 3.422718218 0.05454356057 0.5
12914 12917 0 0 0.5
12914 12923 3.422718218 0.05454356057 0.5
12915 12922 3.398529094 0.05296225071 0.5
12916 12920 0 0 0.5
12917 12918 0 0 0.5
12917 12919 0 0 0.5
12918 12920 0 0 0.5
12919 12920 0 0 0.5
12920 12922 0 0 0.5
12922 12925 3.398529094 0.05296225071 0.5
12922 12930 0 0 0.5
12923 12926 3.328062499 0.05454356057 0.5
12923 12928 2.979093822 0.02291287847 0.5
12923 12929 2.979093822 0.02291287847 0.5
12924 12927 0 0 0.5
12926 12930 0 0 0.5
12927 12928 0 0 0.5
12927 12929 0 0 0.5
12928 12930 0 0 0.5
12929 12930 0 0 0.5
12932 12935 3.398529094 0.05296225071 0.5
12932 12940 0 0 0.5
12932 12943 3.422718218 0.05454356057 0.5
12932 12955 3.398529094 0.05296225071 0.5
12932 12960 0 0 0.5
12933 12936 3.328062499 0.05454356057 0.5
12933 12938 2.979093822 0.02291287847 0.5
12933 12939 2.979093822 0.02291287847 0.5
12933 12944 3.422718218 0.05454356057 0.5
12933 12952 3.422718218 0.05454356057 0.5
12933 12954 3.422718218 0.05454356057 0.5
12934 12937 0 0 0.5
12934 12943 3.422718218 0.05454356057 0.5
12934 12953 3.422718218 0.05454356057 0.5
12935 12942 3.398529094 0.05296225071 0.5
12936 12940 0 0 0.5
12937 12938 0 0 0.5
12937 12939 0 0 0.5
12938 12940 0 0 0.5
12939 12940 0 0 0.5
12940 12942 0 0 0.5
12942 12945 3.398529094 0.05296225071 0.5
12942 12950 0 0 0.5
12942 12953 3.422718218 0.05454356057 0.5
12943 12946 3.328062499 0.05454356057 0.5
12943 12948 2.979093822 0.02291287847 0.5
12943 12949 2.979093822 0.02291287847 0.5
12943 12954 3.422718218 0.05454356057 0.5
12944 12947 0 0 0.5
12944 12953 3.422718218 0.05454356057 0.5
12945 12952 3.398529094 0.05296225071 0.5
12946 12950 0 0 0.5
12947 12948 0 0 0.5
12947 12949 0 0 0.5
12948 12950 0 0 0.5
12949 12950 0 0 0.5
12950 12952 0 0 0.5
12952 12955 3.398529094 0.05296225071 0.5
12952 12960 0 0 0.5
12953 12956 3.328062499 0.05454356057 0.5
12953 12958 2.979093822 0.02291287847 0.5
12953 12959 2.979093822 0.02291287847 0.5
12954 12957 0 0 0.5
12956 12960 0 0 0.5
12957 12958 0 0 0.5
12957 12959 0 0 0.5
12958 12960 0 0 0.5
12959 12960 0 0 0.5
12962 12965 3.398529094 0.05296225071 0.5
12962 12970 0 0 0.5
12962 12973 3.422718218 0.05454356057 0.5
12962 12985 3.398529094 0.05296225071 0.5
12962 12990 0 0 0.5
12963 12966 3.328062499 0.05454356057 0.5
12963 12968 2.979093822 0.02291287847 0.5
12963 12969 2.979093822 0.02291287847 0.5
12963 12974 3.422718218 0.05454356057 0.5
12963 12982 3.422718218 0.05454356057 0.5
12963 12984 3.422718218 0.05454356057 0.5
12964 12967 0 0 0.5
12964 12973 3.422718218 0.05454356057 0.5
12964 12983 3.422718218 0.05454356057 0.5
12965 12972 3.398529094 0.05296225071 0.5
12966 12970 0 0 0.5
12967 12968 0 0 0.5
12967 12969 0 0 0.5
12968 12970 0 0 0.5
12969 12970 0 0 0.5
12970 12972 0 0 0.5
12972 12975 3.398529094 0.05296225071 0.5
12972 12980 0 0 0.5
12972 12983 3.422718218 0.05454356057 0.5
12973 12976 3.328062499 0.05454356057 0.5
12973 12978 2.979093822 0.02291287847 0.5
12973 12979 2.979093822 0.02291287847 0.5
12973 12984 3.422718218 0.05454356057 0.5
12974 12977 0 0 0.5
12974 12983 3.422718218 0.05454356057 0.5
12975 12982 3.398529094 0.05296225071 0.5
12976 12980 0 0 0.5
12977 12978 0 0 0.5
12977 12979 0 0 0.5
12978 12980 0 0 0.5
12979 12980 0 0 0.5
12980 12982 0 0 0.5
12982 12985 3.398529094 0.05296225071 0.5
12982 12990 0 0 0.5
12983 12986 3.328062499 0.05454356057 0.5
12983 12988 2.979093822 0.02291287847 0.5
12983 12989 2.979093822 0.02291287847 0.5
12984 12987 0 0 0.5
12986 12990 0 0 0.5
12987 12988 0 0 0.5
12987 12989 0 0 0.5
12988 12990 0 0 0.5
12989 12990 0 0 0.5
12992 12995 3.398529094 0.05296225071 0.5
12992 13000 0 0 0.5
12992 13003 3.422718218 0.05454356057 0.5
12992 13015 3.398529094 0.05296225071 0.5
12992 13020 0 0 0.5
12993 12996 3.328062499 0.05454356057 0.5
12993 12998 2.979093822 0.02291287847 0.5
12993 12999 2.979093822 0.02291287847 0.5
12993 13004 3.422718218 0.05454356057 0.5
12993 13012 3.422718218 0.05454356057 0.5
12993 13014 3.422718218 0.05454356057 0.5
12994 12997 0 0 0.5
12994 13003 3.422718218 0.05454356057 0.5
12994 13013 3.422718218 0.05454356057 0.5
12995 13002 3.398529094 0.05296225071 0.5
12996 13000 0 0 0.5
12997 12998 0 0 0.5
12997 12999 0 0 0.5
12998 13000 0 0 0.5
12999 13000 0 0 0.5
13000 13002 0 0 0.5
13002 13005 3.398529094 0.05296225071 0.5
13002 13010 0 0 0.5
13002 13013 3.422718218 0.05454356057 0.5
13003 13006 3.328062499 0.05454356057 0.5
13003 13008 2.979093822 0.02291287847 0.5
13003 13009 2.979093822 0.02291287847 0.5
13003 13014 3.422718218 0.05454356057 0.5
13004 13007 0 0 0.5
13004 13013 3.422718218 0.05454356057 0.5
13005 13012 3.398529094 0.05296225071 0.5
13006 13010 0 0 0.5
13007 13008 0 0 0.5
13007 13009 0 0 0.5
13008 13010 0 0 0.5
13009 13010 0 0 0.5
13010 13012 0 0 0.5
13012 13015 3.398529094 0.05296225071 0.5
13012 13020 0 0 0.5
13013 13016 3.328062499 0.05454356057 0.5
13013 13018 2.979093822 0.02291287847 0.5
13013 13019 2.979093822 0.02291287847 0.5
13014 13017 0 0 0.5
13016 13020 0 0 0.5
13017 13018 0 0 0.5
13017 13019 0 0 0.5
13018 13020 0 0 0.5
13019 13020 0 0 0.5
13022 13025 3.398529094 0.05296225071 0.5
13022 13030 0 0 0.5
13022 13033 3.422718218 0.05454356057 0.5
13022 13045 3.398529094 0.05296225071 0.5
13022 13050 0 0 0.5
13023 13026 3.328062499 0.05454356057 0.5
13023 13028 2.979093822 0.02291287847 0.5
13023 13029 2.979093822 0.02291287847 0.5
13023 13034 3.422718218 0.05454356057 0.5
13023 13042 3.422718218 0.05454356057 0.5
13023 13044 3.422718218 0.05454356057 0.5
13024 13027 0 0 0.5
13024 13033 3.422718218 0.05454356057 0.5
13024 13043 3.422718218 0.05454356057 0.5
13025 13032 3.398529094 0.05296225071 0.5
13026 13030 0 0 0.5
13027 13028 0 0 0.5
13027 13029 0 0 0.5
13028 13030 0 0 0.5
13029 13030 0 0 0.5
13030 13032 0 0 0.5
13032 13035 3.398529094 0.05296225071 0.5
13032 13040 0 0 0.5
13032 13043 3.422718218 0.05454356057 0.5
13033 13036 3.328062499 0.05454356057 0.5
13033 13038 2.979093822 0.02291287847 0.5
13033 13039 2.979093822 0.02291287847 0.5
13033 13044 3.422718218 0.05454356057 0.5
13034 13037 0 0 0.5
13034 13043 3.422718218 0.05454356057 0.5
13035 13042 3.398529094 0.05296225071 0.5
13036 13040 0 0 0.5
13037 13038 0 0 0.5
13037 13039 0 0 0.5
13038 13040 0 0 0.5
13039 13040 0 0 0.5
13040 13042 0 0 0.5
13042 13045 3.398529094 0.05296225071 0.5
13042 13050 0 0 0.5
13043 13046 3.328062499 0.05454356057 0.5
13043 13048 2.979093822 0.02291287847 0.5
13043 13049 2.979093822 0.02291287847 0.5
13044 13047 0 0 0.5
13046 13050 0 0 0.5
13047 13048 0 0 0.5
13047 13049 0 0 0.5
13048 13050 0 0 0.5
13049 13050 0 0 0.5
13052 13055 3.398529094 0.05296225071 0.5
13052 13060 0 0 0.5
13052 13063 3.422718218 0.05454356057 0.5
13052 13075 3.398529094 0.05296225071 0.5
13052 13080 0 0 0.5
13053 13056 3.328062499 0.05454356057 0.5
13053 13058 2.979093822 0.02291287847 0.5
13053 13059 2.979093822 0.02291287847 0.5
13053 13064 3.422718218 0.05454356057 0.5
13053 13072 3.422718218 0.05454356057 0.5
13053 13074 3.422718218 0.05454356057 0.5
13054 13057 0 0 0.5
13054 13063 3.422718218 0.05454356057 0.5
13054 13073 3.422718218 0.05454356057 0.5
13055 13062 3.398529094 0.05296225071 0.5
13056 13060 0 0 0.5
13057 13058 0 0 0.5
13057 13059 0 0 0.5
13058 13060 0 0 0.5
13059 13060 0 0 0.5
13060 13062 0 0 0.5
13062 13065 3.398529094 0.05296225071 0.5
13062 13070 0 0 0.5
13062 13073 3.422718218 0.05454356057 0.5
13063 13066 3.328062499 0.05454356057 0.5
13063 13068 2.979093822 0.02291287847 0.5
13063 13069 2.979093822 0.02291287847 0.5
13063 13074 3.422718218 0.05454356057 0.5
13064 13067 0 0 0.5
13064 13073 3.422718218 0.05454356057 0.5
13065 13072 3.398529094 0.05296225071 0.5
13066 13070 0 0 0.5
13067 13068 0 0 0.5
13067 13069 0 0 0.5
13068 13070 0 0 0.5
13069 13070 0 0 0.5
13070 13072 0 0 0.5
13072 13075 3.398529094 0.05296225071 0.5
13072 13080 0 0 0.5
13073 13076 3.328062499 0.05454356057 0.5
13073 13078 2.979093822 0.02291287847 0.5
13073 13079 2.979093822 0.02291287847 0.5
13074 13077 0 0 0.5
13076 13080 0 0 0.5
13077 13078 0 0 0.5
13077 13079 0 0 0.5
13078 13080 0 0 0.5
13079 13080 0 0 0.5
13082 13085 3.398529094 0.05296225071 0.5
13082 13090 0 0 0.5
13082 13093 3.422718218 0.05454356057 0.5
13082 13105 3.398529094 0.05296225071 0.5
13082 13110 0 0 0.5
13083 13086 3.328062499 0.05454356057 0.5
13083 13088 2.979093822 0.02291287847 0.5
13083 13089 2.979093822 0.02291287847 0.5
13083 13094 3.422718218 0.05454356057 0.5
13083 13102 3.422718218 0.05454356057 0.5
13083 13104 3.422718218 0.05454356057 0.5
13084 13087 0 0 0.5
13084 13093 3.422718218 0.05454356057 0.5
13084 13103 3.422718218 0.05454356057 0.5
13085 13092 3.398529094 0.05296225071 0.5
13086 13090 0 0 0.5
13087 13088 0 0 0.5
13087 13089 0 0 0.5
13088 13090 0 0 0.5
13089 13090 0 0 0.5
13090 13092 0 0 0.5
13092 13095 3.398529094 0.05296225071 0.5
13092 13100 0 0 0.5
13092 13103 3.422718218 0.05454356057 0.5
13093 13096 3.328062499 0.05454356057 0.5
13093 13098 2.979093822 0.02291287847 0.5
13093 13099 2.979093822 0.02291287847 0.5
13093 13104 3.422718218 0.05454356057 0.5
13094 13097 0 0 0.5
13094 13103 3.422718218 0.05454356057 0.5
13095 13102 3.398529094 0.05296225071 0.5
13096 13100 0 0 0.5
13097 13098 0 0 0.5
13097 13099 0 0 0.5
13098 13100 0 0 0.5
13099 13100 0 0 0.5
13100 13102 0 0 0.5
13102 13105 3.398529094 0.05296225071 0.5
13102 13110 0 0 0.5
13103 13106 3.328062499 0.05454356057 0.5
13103 13108 2.979093822 0.02291287847 0.5
13103 13109 2.979093822 0.02291287847 0.5
13104 13107 0 0 0.5
13106 13110 0 0 0.5
13107 13108 0 0 0.5
13107 13109 0 0 0.5
13108 13110 0 0 0.5
13109 13110 0 0 0.5
13112 13115 3.398529094 0.05296225071 0.5
13112 13120 0 0 0.5
13112 13123 3.422718218 0.05454356057 0.5
13112 13135 3.398529094 0.05296225071 0.5
13112 13140 0 0 0.5
13113 13116 3.328062499 0.05454356057 0.5
13113 13118 2.979093822 0.02291287847 0.5
13113 13119 2.979093822 0.02291287847 0.5
13113 13124 3.422718218 0.05454356057 0.5
13113 13132 3.422718218 0.05454356057 0.5
13113 13134 3.422718218 0.05454356057 0.5
13114 13117 0 0 0.5
13114 13123 3.422718218 0.05454356057 0.5
13114 13133 3.422718218 0.05454356057 0.5
13115 13122 3.398529094 0.05296225071 0.5
13116 13120 0 0 0.5
13117 13118 0 0 0.5
13117 13119 0 0 0.5
13118 13120 0 0 0.5
13119 13120 0 0 0.5
13120 13122 0 0 0.5
13122 13125 3.398529094 0.05296225071 0.5
13122 13130 0 0 0.5
13122 13133 3.422718218 0.05454356057 0.5
13123 13126 3.328062499 0.05454356057 0.5
13123 13128 2.979093822 0.02291287847 0.5
13123 13129 2.979093822 0.02291287847 0.5
13123 13134 3.422718218 0.05454356057 0.5
13124 13127 0 0 0.5
13124 13133 3.422718218 0.05454356057 0.5
13125 13132 3.398529094 0.05296225071 0.5
13126 13130 0 0 0.5
13127 13128 0 0 0.5
13127 13129 0 0 0.5
13128 13130 0 0 0.5
13129 13130 0 0 0.5
13130 13132 0 0 0.5
13132 13135 3.398529094 0.05296225071 0.5
13132 13140 0 0 0.5
13133 13136 3.328062499 0.05454356057 0.5
13133 13138 2.979093822 0.02291287847 0.5
13133 13139 2.979093822 0.02291287847 0.5
13134 13137 0 0 0.5
13136 13140 0 0 0.5
13137 13138 0 0 0.5
13137 13139 0 0 0.5
13138 13140 0 0 0.5
13139 13140 0 0 0.5
13142 13145 3.398529094 0.05296225071 0.5
13142 13150 0 0 0.5
13142 13153 3.422718218 0.05454356057 0.5
13142 13165 3.398529094 0.05296225071 0.5
13142 13170 0 0 0.5
13143 13146 3.328062499 0.05454356057 0.5
13143 13148 2.979093822 0.02291287847 0.5
13143 13149 2.979093822 0.02291287847 0.5
13143 13154 3.422718218 0.05454356057 0.5
13143 13162 3.422718218 0.05454356057 0.5
13143 13164 3.422718218 0.05454356057 0.5
13144 13147 0 0 0.5
13144 13153 3.422718218 0.05454356057 0.5
13144 13163 3.422718218 0.05454356057 0.5
13145 13152 3.398529094 0.05296225071 0.5
13146 13150 0 0 0.5
13147 13148 0 0 0.5
13147 13149 0 0 0.5
13148 13150 0 0 0.5
13149 13150 0 0 0.5
13150 13152 0 0 0.5
13152 13155 3.398529094 0.05296225071 0.5
13152 13160 0 0 0.5
13152 13163 3.422718218 0.05454356057 0.5
13153 13156 3.328062499 0.05454356057 0.5
13153 13158 2.979093822 0.02291287847 0.5
13153 13159 2.979093822 0.02291287847 0.5
13153 13164 3.422718218 0.05454356057 0.5
13154 13157 0 0 0.5
13154 13163 3.422718218 0.05454356057 0.5
13155 13162 3.398529094 0.05296225071 0.5
13156 13160 0 0 0.5
13157 13158 0 0 0.5
13157 13159 0 0 0.5
13158 13160 0 0 0.5
13159 13160 0 0 0.5
13160 13162 0 0 0.5
13162 13165 3.398529094 0.05296225071 0.5
13162 13170 0 0 0.5
13163 13166 3.328062499 0.05454356057 0.5
13163 13168 2.979093822 0.02291287847 0.5
13163 13169 2.979093822 0.02291287847 0.5
13164 13167 0 0 0.5
13166 13170 0 0 0.5
13167 13168 0 0 0.5
13167 13169 0 0 0.5
13168 13170 0 0 0.5
13169 13170 0 0 0.5
13172 13175 3.398529094 0.05296225071 0.5
13172 13180 0 0 0.5
13172 13183 3.422718218 0.05454356057 0.5
13172 13195 3.398529094 0.05296225071 0.5
13172 13200 0 0 0.5
13173 13176 3.328062499 0.05454356057 0.5
13173 13178 2.979093822 0.02291287847 0.5
13173 13179 2.979093822 0.02291287847 0.5
13173 13184 3.422718218 0.05454356057 0.5
13173 13192 3.422718218 0.05454356057 0.5
13173 13194 3.422718218 0.05454356057 0.5
13174 13177 0 0 0.5
13174 13183 3.422718218 0.05454356057 0.5
13174 13193 3.422718218 0.05454356057 0.5
13175 13182 3.398529094 0.05296225071 0.5
13176 13180 0 0 0.5
13177 13178 0 0 0.5
13177 13179 0 0 0.5
13178 13180 0 0 0.5
13179 13180 0 0 0.5
13180 13182 0 0 0.5
13182 13185 3.398529094 0.05296225071 0.5
13182 13190 0 0 0.5
13182 13193 3.422718218 0.05454356057 0.5
13183 13186 3.328062499 0.05454356057 0.5
13183 13188 2.979093822 0.02291287847 0.5
13183 13189 2.979093822 0.02291287847 0.5
13183 13194 3.422718218 0.05454356057 0.5
13184 13187 0 0 0.5
13184 13193 3.422718218 0.05454356057 0.5
13185 13192 3.398529094 0.05296225071 0.5
13186 13190 0 0 0.5
13187 13188 0 0 0.5
13187 13189 0 0 0.5
13188 13190 0 0 0.5
13189 13190 0 0 0.5
13190 13192 0 0 0.5
13192 13195 3.398529094 0.05296225071 0.5
13192 13200 0 0 0.5
13193 13196 3.328062499 0.05454356057 0.5
13193 13198 2.979093822 0.02291287847 0.5
13193 13199 2.979093822 0.02291287847 0.5
13194 13197 0 0 0.5
13196 13200 0 0 0.5
13197 13198 0 0 0.5
13197 13199 0 0 0.5
13198 13200 0 0 0.5
13199 13200 0 0 0.5
13202 13205 3.398529094 0.05296225071 0.5
13202 13210 0 0 0.5
13202 13213 3.422718218 0.05454356057 0.5
13202 13225 3.398529094 0.05296225071 0.5
13202 13230 0 0 0.5
13203 13206 3.328062499 0.05454356057 0.5
13203 13208 2.979093822 0.02291287847 0.5
13203 13209 2.979093822 0.02291287847 0.5
13203 13214 3.422718218 0.05454356057 0.5
13203 13222 3.422718218 0.05454356057 0.5
13203 13224 3.422718218 0.05454356057 0.5
13204 13207 0 0 0.5
13204 13213 3.422718218 0.05454356057 0.5
13204 13223 3.422718218 0.05454356057 0.5
13205 13212 3.398529094 0.05296225071 0.5
13206 13210 0 0 0.5
13207 13208 0 0 0.5
13207 13209 0 0 0.5
13208 13210 0 0 0.5
13209 13210 0 0 0.5
13210 13212 0 0 0.5
13212 13215 3.398529094 0.05296225071 0.5
13212 13220 0 0 0.5
13212 13223 3.422718218 0.05454356057 0.5
13213 13216 3.328062499 0.05454356057 0.5
13213 13218 2.979093822 0.02291287847 0.5
13213 13219 2.979093822 0.02291287847 0.5
13213 13224 3.422718218 0.05454356057 0.5
13214 13217 0 0 0.5
13214 13223 3.422718218 0.05454356057 0.5
13215 13222 3.398529094 0.05296225071 0.5
13216 13220 0 0 0.5
13217 13218 0 0 0.5
13217 13219 0 0 0.5
13218 13220 0 0 0.5
13219 13220 0 0 0.5
13220 13222 0 0 0.5
13222 13225 3.398529094 0.05296225071 0.5
13222 13230 0 0 0.5
13223 13226 3.328062499 0.05454356057 0.5
13223 13228 2.979093822 0.02291287847 0.5
13223 13229 2.979093822 0.02291287847 0.5
13224 13227 0 0 0.5
13226 13230 0 0 0.5
13227 13228 0 0 0.5
13227 13229 0 0 0.5
13228 13230 0 0 0.5
13229 13230 0 0 0.5
13232 13235 3.398529094 0.05296225071 0.5
13232 13240 0 0 0.5
13232 13243 3.422718218 0.05454356057 0.5
13232 13255 3.398529094 0.05296225071 0.5
13232 13260 0 0 0.5
13233 13236 3.328062499 0.05454356057 0.5
13233 13238 2.979093822 0.02291287847 0.5
13233 13239 2.979093822 0.02291287847 0.5
13233 13244 3.422718218 0.05454356057 0.5
13233 13252 3.422718218 0.05454356057 0.5
13233 13254 3.422718218 0.05454356057 0.5
13234 13237 0 0 0.5
13234 13243 3.422718218 0.05454356057 0.5
13234 13253 3.422718218 0.05454356057 0.5
13235 13242 3.398529094 0.05296225071 0.5
13236 13240 0 0 0.5
13237 13238 0 0 0.5
13237 13239 0 0 0.5
13238 13240 0 0 0.5
13239 13240 0 0 0.5
13240 13242 0 0 0.5
13242 13245 3.398529094 0.05296225071 0.5
13242 13250 0 0 0.5
13242 13253 3.422718218 0.05454356057 0.5
13243 13246 3.328062499 0.05454356057 0.5
13243 13248 2.979093822 0.02291287847 0.5
13243 13249 2.979093822 0.02291287847 0.5
13243 13254 3.422718218 0.05454356057 0.5
13244 13247 0 0 0.5
13244 13253 3.422718218 0.05454356057 0.5
13245 13252 3.398529094 0.05296225071 0.5
13246 13250 0 0 0.5
13247 13248 0 0 0.5
13247 13249 0 0 0.5
13248 13250 0 0 0.5
13249 13250 0 0 0.5
13250 13252 0 0 0.5
13252 13255 3.398529094 0.05296225071 0.5
13252 13260 0 0 0.5
13253 13256 3.328062499 0.05454356057 0.5
13253 13258 2.979093822 0.02291287847 0.5
13253 13259 2.979093822 0.02291287847 0.5
13254 13257 0 0 0.5
13256 13260 0 0 0.5
13257 13258 0 0 0.5
13257 13259 0 0 0.5
13258 13260 0 0 0.5
13259 13260 0 0 0.5
13262 13265 3.398529094 0.05296225071 0.5
13262 13270 0 0 0.5
13262 13273 3.422718218 0.05454356057 0.5
13262 13285 3.398529094 0.05296225071 0.5
13262 13290 0 0 0.5
13263 13266 3.328062499 0.05454356057 0.5
13263 13268 2.979093822 0.02291287847 0.5
13263 13269 2.979093822 0.02291287847 0.5
13263 13274 3.422718218 0.05454356057 0.5
13263 13282 3.422718218 0.05454356057 0.5
13263 13284 3.422718218 0.05454356057 0.5
13264 13267 0 0 0.5
13264 13273 3.422718218 0.05454356057 0.5
13264 13283 3.422718218 0.05454356057 0.5
13265 13272 3.398529094 0.05296225071 0.5
13266 13270 0 0 0.5
13267 13268 0 0 0.5
13267 13269 0 0 0.5
13268 13270 0 0 0.5
13269 13270 0 0 0.5
13270 13272 0 0 0.5
13272 13275 3.398529094 0.05296225071 0.5
13272 13280 0 0 0.5
13272 13283 3.422718218 0.05454356057 0.5
13273 13276 3.328062499 0.05454356057 0.5
13273 13278 2.979093822 0.02291287847 0.5
13273 13279 2.979093822 0.02291287847 0.5
13273 13284 3.422718218 0.05454356057 0.5
13274 13277 0 0 0.5
13274 13283 3.422718218 0.05454356057 0.5
13275 13282 3.398529094 0.05296225071 0.5
13276 13280 0 0 0.5
13277 13278 0 0 0.5
13277 13279 0 0 0.5
13278 13280 0 0 0.5
13279 13280 0 0 0.5
13280 13282 0 0 0.5
13282 13285 3.398529094 0.05296225071 0.5
13282 13290 0 0 0.5
13283 13286 3.328062499 0.05454356057 0.5
13283 13288 2.979093822 0.02291287847 0.5
13283 13289 2.979093822 0.02291287847 0.5
13284 13287 0 0 0.5
13286 13290 0 0 0.5
13287 13288 0 0 0.5
13287 13289 0 0 0.5
13288 13290 0 0 0.5
13289 13290 0 0 0.5
13292 13295 3.398529094 0.05296225071 0.5
13292 13300 0 0 0.5
13292 13303 3.422718218 0.05454356057 0.5
13292 13315 3.398529094 0.05296225071 0.5
13292 13320 0 0 0.5
13293 13296 3.328062499 0.05454356057 0.5
13293 13298 2.979093822 0.02291287847 0.5
13293 13299 2.979093822 0.02291287847 0.5
13293 13304 3.422718218 0.05454356057 0.5
13293 13312 3.422718218 0.05454356057 0.5
13293 13314 3.422718218 0.05454356057 0.5
13294 13297 0 0 0.5
13294 13303 3.422718218 0.05454356057 0.5
13294 13313 3.422718218 0.05454356057 0.5
13295 13302 3.398529094 0.05296225071 0.5
13296 13300 0 0 0.5
13297 13298 0 0 0.5
13297 13299 0 0 0.5
13298 13300 0 0 0.5
13299 13300 0 0 0.5
13300 13302 0 0 0.5
13302 13305 3.398529094 0.05296225071 0.5
13302 13310 0 0 0.5
13302 13313 3.422718218 0.05454356057 0.5
13303 13306 3.328062499 0.05454356057 0.5
13303 13308 2.979093822 0.02291287847 0.5
13303 13309 2.979093822 0.02291287847 0.5
13303 13314 3.422718218 0.05454356057 0.5
13304 13307 0 0 0.5
13304 13313 3.422718218 0.05454356057 0.5
13305 13312 3.398529094 0.05296225071 0.5
13306 13310 0 0 0.5
13307 13308 0 0 0.5
13307 13309 0 0 0.5
13308 13310 0 0 0.5
13309 13310 0 0 0.5
13310 13312 0 0 0.5
13312 13315 3.398529094 0.05296225071 0.5
13312 13320 0 0 0.5
13313 13316 3.328062499 0.05454356057 0.5
13313 13318 2.979093822 0.02291287847 0.5
13313 13319 2.979093822 0.02291287847 0.5
13314 13317 0 0 0.5
13316 13320 0 0 0.5
13317 13318 0 0 0.5
13317 13319 0 0 0.5
13318 13320 0 0 0.5
13319 13320 0 0 0.5
13322 13325 3.398529094 0.05296225071 0.5
13322 13330 0 0 0.5
13322 13333 3.422718218 0.05454356057 0.5
13322 13345 3.398529094 0.05296225071 0.5
13322 13350 0 0 0.5
13323 13326 3.328062499 0.05454356057 0.5
13323 13328 2.979093822 0.02291287847 0.5
13323 13329 2.979093822 0.02291287847 0.5
13323 13334 3.422718218 0.05454356057 0.5
13323 13342 3.422718218 0.05454356057 0.5
13323 13344 3.422718218 0.05454356057 0.5
13324 13327 0 0 0.5
13324 13333 3.422718218 0.05454356057 0.5
13324 13343 3.422718218 0.05454356057 0.5
13325 13332 3.398529094 0.05296225071 0.5
13326 13330 0 0 0.5
13327 13328 0 0 0.5
13327 13329 0 0 0.5
13328 13330 0 0 0.5
13329 13330 0 0 0.5
13330 13332 0 0 0.5
13332 13335 3.398529094 0.05296225071 0.5
13332 13340 0 0 0.5
13332 13343 3.422718218 0.05454356057 0.5
13333 13336 3.328062499 0.05454356057 0.5
13333 13338 2.979093822 0.02291287847 0.5
13333 13339 2.979093822 0.02291287847 0.5
13333 13344 3.422718218 0.05454356057 0.5
13334 13337 0 0 0.5
13334 13343 3.422718218 0.05454356057 0.5
13335 13342 3.398529094 0.05296225071 0.5
13336 13340 0 0 0.5
13337 13338 0 0 0.5
13337 13339 0 0 0.5
13338 13340 0 0 0.5
13339 13340 0 0 0.5
13340 13342 0 0 0.5
13342 13345 3.398529094 0.05296225071 0.5
13342 13350 0 0 0.5
13343 13346 3.328062499 0.05454356057 0.5
13343 13348 2.979093822 0.02291287847 0.5
13343 13349 2.979093822 0.02291287847 0.5
13344 13347 0 0 0.5
13346 13350 0 0 0.5
13347 13348 0 0 0.5
13347 13349 0 0 0.5
13348 13350 0 0 0.5
13349 13350 0 0 0.5
13352 13355 3.398529094 0.05296225071 0.5
13352 13360 0 0 0.5
13352 13363 3.422718218 0.05454356057 0.5
13352 13375 3.398529094 0.05296225071 0.5
13352 13380 0 0 0.5
13353 13356 3.328062499 0.05454356057 0.5
13353 13358 2.979093822 0.02291287847 0.5
13353 13359 2.979093822 0.02291287847 0.5
13353 13364 3.422718218 0.05454356057 0.5
13353 13372 3.422718218 0.05454356057 0.5
13353 13374 3.422718218 0.05454356057 0.5
13354 13357 0 0 0.5
13354 13363 3.422718218 0.05454356057 0.5
13354 13373 3.422718218 0.05454356057 0.5
13355 13362 3.398529094 0.05296225071 0.5
13356 13360 0 0 0.5
13357 13358 0 0 0.5
13357 13359 0 0 0.5
13358 13360 0 0 0.5
13359 13360 0 0 0.5
13360 13362 0 0 0.5
13362 13365 3.398529094 0.05296225071 0.5
13362 13370 0 0 0.5
13362 13373 3.422718218 0.05454356057 0.5
13363 13366 3.328062499 0.05454356057 0.5
13363 13368 2.979093822 0.02291287847 0.5
13363 13369 2.979093822 0.02291287847 0.5
13363 13374 3.422718218 0.05454356057 0.5
13364 13367 0 0 0.5
13364 13373 3.422718218 0.05454356057 0.5
13365 13372 3.398529094 0.05296225071 0.5
13366 13370 0 0 0.5
13367 13368 0 0 0.5
13367 13369 0 0 0.5
13368 13370 0 0 0.5
13369 13370 0 0 0.5
13370 13372 0 0 0.5
13372 13375 3.398529094 0.05296225071 0.5
13372 13380 0 0 0.5
13373 13376 3.328062499 0.05454356057 0.5
13373 13378 2.979093822 0.02291287847 0.5
13373 13379 2.979093822 0.02291287847 0.5
13374 13377 0 0 0.5
13376 13380 0 0 0.5
13377 13378 0 0 0.5
13377 13379 0 0 0.5
13378 13380 0 0 0.5
13379 13380 0 0 0.5
13382 13385 3.398529094 0.05296225071 0.5
13382 13390 0 0 0.5
13382 13393 3.422718218 0.05454356057 0.5
13382 13405 3.398529094 0.05296225071 0.5
13382 13410 0 0 0.5
13383 13386 3.328062499 0.05454356057 0.5
13383 13388 2.979093822 0.02291287847 0.5
13383 13389 2.979093822 0.02291287847 0.5
13383 13394 3.422718218 0.05454356057 0.5
13383 13402 3.422718218 0.05454356057 0.5
13383 13404 3.422718218 0.05454356057 0.5
13384 13387 0 0 0.5
13384 13393 3.422718218 0.05454356057 0.5
13384 13403 3.422718218 0.05454356057 0.5
13385 13392 3.398529094 0.05296225071 0.5
13386 13390 0 0 0.5
13387 13388 0 0 0.5
13387 13389 0 0 0.5
13388 13390 0 0 0.5
13389 13390 0 0 0.5
13390 13392 0 0 0.5
13392 13395 3.398529094 0.05296225071 0.5
13392 13400 0 0 0.5
13392 13403 3.422718218 0.05454356057 0.5
13393 13396 3.328062499 0.05454356057 0.5
13393 13398 2.979093822 0.02291287847 0.5
13393 13399 2.979093822 0.02291287847 0.5
13393 13404 3.422718218 0.05454356057 0.5
13394 13397 0 0 0.5
13394 13403 3.422718218 0.05454356057 0.5
13395 13402 3.398529094 0.05296225071 0.5
13396 13400 0 0 0.5
13397 13398 0 0 0.5
13397 13399 0 0 0.5
13398 13400 0 0 0.5
13399 13400 0 0 0.5
13400 13402 0 0 0.5
13402 13405 3.398529094 0.05296225071 0.5
13402 13410 0 0 0.5
13403 13406 3.328062499 0.05454356057 0.5
13403 13408 2.979093822 0.02291287847 0.5
13403 13409 2.979093822 0.02291287847 0.5
13404 13407 0 0 0.5
13406 13410 0 0 0.5
13407 13408 0 0 0.5
13407 13409 0 0 0.5
13408 13410 0 0 0.5
13409 13410 0 0 0.5
13412 13415 3.398529094 0.05296225071 0.5
13412 13420 0 0 0.5
13412 13423 3.422718218 0.05454356057 0.5
13412 13435 3.398529094 0.05296225071 0.5
13412 13440 0 0 0.5
13413 13416 3.328062499 0.05454356057 0.5
13413 13418 2.979093822 0.02291287847 0.5
13413 13419 2.979093822 0.02291287847 0.5
13413 13424 3.422718218 0.05454356057 0.5
13413 13432 3.422718218 0.05454356057 0.5
13413 13434 3.422718218 0.05454356057 0.5
13414 13417 0 0 0.5
13414 13423 3.422718218 0.05454356057 0.5
13414 13433 3.422718218 0.05454356057 0.5
13415 13422 3.398529094 0.05296225071 0.5
13416 13420 0 0 0.5
13417 13418 0 0 0.5
13417 13419 0 0 0.5
13418 13420 0 0 0.5
13419 13420 0 0 0.5
13420 13422 0 0 0.5
13422 13425 3.398529094 0.05296225071 0.5
13422 13430 0 0 0.5
13422 13433 3.422718218 0.05454356057 0.5
13423 13426 3.328062499 0.05454356057 0.5
13423 13428 2.979093822 0.02291287847 0.5
13423 13429 2.979093822 0.02291287847 0.5
13423 13434 3.422718218 0.05454356057 0.5
13424 13427 0 0 0.5
13424 13433 3.422718218 0.05454356057 0.5
13425 13432 3.398529094 0.05296225071 0.5
13426 13430 0 0 0.5
13427 13428 0 0 0.5
13427 13429 0 0 0.5
13428 13430 0 0 0.5
13429 13430 0 0 0.5
13430 13432 0 0 0.5
13432 13435 3.398529094 0.05296225071 0.5
13432 13440 0 0 0.5
13433 13436 3.328062499 0.05454356057 0.5
13433 13438 2.979093822 0.02291287847 0.5
13433 13439 2.979093822 0.02291287847 0.5
13434 13437 0 0 0.5
13436 13440 0 0 0.5
13437 13438 0 0 0.5
13437 13439 0 0 0.5
13438 13440 0 0 0.5
13439 13440 0 0 0.5
13442 13445 3.398529094 0.05296225071 0.5
13442 13450 0 0 0.5
13442 13453 3.422718218 0.05454356057 0.5
13442 13465 3.398529094 0.05296225071 0.5
13442 13470 0 0 0.5
13443 13446 3.328062499 0.05454356057 0.5
13443 13448 2.979093822 0.02291287847 0.5
13443 13449 2.979093822 0.02291287847 0.5
13443 13454 3.422718218 0.05454356057 0.5
13443 13462 3.422718218 0.05454356057 0.5
13443 13464 3.422718218 0.05454356057 0.5
13444 13447 0 0 0.5
13444 13453 3.422718218 0.05454356057 0.5
13444 13463 3.422718218 0.05454356057 0.5
13445 13452 3.398529094 0.05296225071 0.5
13446 13450 0 0 0.5
13447 13448 0 0 0.5
13447 13449 0 0 0.5
13448 13450 0 0 0.5
13449 13450 0 0 0.5
13450 13452 0 0 0.5
13452 13455 3.398529094 0.05296225071 0.5
13452 13460 0 0 0.5
13452 13463 3.422718218 0.05454356057 0.5
13453 13456 3.328062499 0.05454356057 0.5
13453 13458 2.979093822 0.02291287847 0.5
13453 13459 2.979093822 0.02291287847 0.5
13453 13464 3.422718218 0.05454356057 0.5
13454 13457 0 0 0.5
13454 13463 3.422718218 0.05454356057 0.5
13455 13462 3.398529094 0.05296225071 0.5
13456 13460 0 0 0.5
13457 13458 0 0 0.5
13457 13459 0 0 0.5
13458 13460 0 0 0.5
13459 13460 0 0 0.5
13460 13462 0 0 0.5
13462 13465 3.398529094 0.05296225071 0.5
13462 13470 0 0 0.5
13463 13466 3.328062499 0.05454356057 0.5
13463 13468 2.979093822 0.02291287847 0.5
13463 13469 2.979093822 0.02291287847 0.5
13464 13467 0 0 0.5
13466 13470 0 0 0.5
13467 13468 0 0 0.5
13467 13469 0 0 0.5
13468 13470 0 0 0.5
13469 13470 0 0 0.5
13472 13475 3.398529094 0.05296225071 0.5
13472 13480 0 0 0.5
13472 13483 3.422718218 0.05454356057 0.5
13472 13495 3.398529094 0.05296225071 0.5
13472 13500 0 0 0.5
13473 13476 3.328062499 0.05454356057 0.5
13473 13478 2.979093822 0.02291287847 0.5
13473 13479 2.979093822 0.02291287847 0.5
13473 13484 3.422718218 0.05454356057 0.5
13473 13492 3.422718218 0.05454356057 0.5
13473 13494 3.422718218 0.05454356057 0.5
13474 13477 0 0 0.5
13474 13483 3.422718218 0.05454356057 0.5
13474 13493 3.422718218 0.05454356057 0.5
13475 13482 3.398529094 0.05296225071 0.5
13476 13480 0 0 0.5
13477 13478 0 0 0.5
13477 13479 0 0 0.5
13478 13480 0 0 0.5
13479 13480 0 0 0.5
13480 13482 0 0 0.5
13482 13485 3.398529094 0.05296225071 0.5
13482 13490 0 0 0.5
13482 13493 3.422718218 0.05454356057 0.5
13483 13486 3.328062499 0.05454356057 0.5
13483 13488 2.979093822 0.02291287847 0.5
13483 13489 2.979093822 0.02291287847 0.5
13483 13494 3.422718218 0.05454356057 0.5
13484 13487 0 0 0.5
13484 13493 3.422718218 0.05454356057 0.5
13485 13492 3.398529094 0.05296225071 0.5
13486 13490 0 0 0.5
13487 13488 0 0 0.5
13487 13489 0 0 0.5
13488 13490 0 0 0.5
13489 13490 0 0 0.5
13490 13492 0 0 0.5
13492 13495 3.398529094 0.05296225071 0.5
13492 13500 0 0 0.5
13493 13496 3.328062499 0.05454356057 0.5
13493 13498 2.979093822 0.02291287847 0.5
13493 13499 2.979093822 0.02291287847 0.5
13494 13497 0 0 0.5
13496 13500 0 0 0.5
13497 13498 0 0 0.5
13497 13499 0 0 0.5
13498 13500 0 0 0.5
13499 13500 0 0 0.5
13502 13505 3.398529094 0.05296225071 0.5
13502 13510 0 0 0.5
13502 13513 3.422718218 0.05454356057 0.5
13502 13525 3.398529094 0.05296225071 0.5
13502 13530 0 0 0.5
13503 13506 3.328062499 0.05454356057 0.5
13503 13508 2.979093822 0.02291287847 0.5
13503 13509 2.979093822 0.02291287847 0.5
13503 13514 3.422718218 0.05454356057 0.5
13503 13522 3.422718218 0.05454356057 0.5
13503 13524 3.422718218 0.05454356057 0.5
13504 13507 0 0 0.5
13504 13513 3.422718218 0.05454356057 0.5
13504 13523 3.422718218 0.05454356057 0.5
13505 13512 3.398529094 0.05296225071 0.5
13506 13510 0 0 0.5
13507 13508 0 0 0.5
13507 13509 0 0 0.5
13508 13510 0 0 0.5
13509 13510 0 0 0.5
13510 13512 0 0 0.5
13512 13515 3.398529094 0.05296225071 0.5
13512 13520 0 0 0.5
13512 13523 3.422718218 0.05454356057 0.5
13513 13516 3.328062499 0.05454356057 0.5
13513 13518 2.979093822 0.02291287847 0.5
13513 13519 2.979093822 0.02291287847 0.5
13513 13524 3.422718218 0.05454356057 0.5
13514 13517 0 0 0.5
13514 13523 3.422718218 0.05454356057 0.5
13515 13522 3.398529094 0.05296225071 0.5
13516 13520 0 0 0.5
13517 13518 0 0 0.5
13517 13519 0 0 0.5
13518 13520 0 0 0.5
13519 13520 0 0 0.5
13520 13522 0 0 0.5
13522 13525 3.398529094 0.05296225071 0.5
13522 13530 0 0 0.5
13523 13526 3.328062499 0.05454356057 0.5
13523 13528 2.979093822 0.02291287847 0.5
13523 13529 2.979093822 0.02291287847 0.5
13524 13527 0 0 0.5
13526 13530 0 0 0.5
13527 13528 0 0 0.5
13527 13529 0 0 0.5
13528 13530 0 0 0.5
13529 13530 0 0 0.5
13532 13535 3.398529094 0.05296225071 0.5
13532 13540 0 0 0.5
13532 13543 3.422718218 0.05454356057 0.5
13532 13555 3.398529094 0.05296225071 0.5
13532 13560 0 0 0.5
13533 13536 3.328062499 0.05454356057 0.5
13533 13538 2.979093822 0.02291287847 0.5
13533 13539 2.979093822 0.02291287847 0.5
13533 13544 3.422718218 0.05454356057 0.5
13533 13552 3.422718218 0.05454356057 0.5
13533 13554 3.422718218 0.05454356057 0.5
13534 13537 0 0 0.5
13534 13543 3.422718218 0.05454356057 0.5
13534 13553 3.422718218 0.05454356057 0.5
13535 13542 3.398529094 0.05296225071 0.5
13536 13540 0 0 0.5
13537 13538 0 0 0.5
13537 13539 0 0 0.5
13538 13540 0 0 0.5
13539 13540 0 0 0.5
13540 13542 0 0 0.5
13542 13545 3.398529094 0.05296225071 0.5
13542 13550 0 0 0.5
13542 13553 3.422718218 0.05454356057 0.5
13543 13546 3.328062499 0.05454356057 0.5
13543 13548 2.979093822 0.02291287847 0.5
13543 13549 2.979093822 0.02291287847 0.5
13543 13554 3.422718218 0.05454356057 0.5
13544 13547 0 0 0.5
13544 13553 3.422718218 0.05454356057 0.5
13545 13552 3.398529094 0.05296225071 0.5
13546 13550 0 0 0.5
13547 13548 0 0 0.5
13547 13549 0 0 0.5
13548 13550 0 0 0.5
13549 13550 0 0 0.5
13550 13552 0 0 0.5
13552 13555 3.398529094 0.05296225071 0.5
13552 13560 0 0 0.5
13553 13556 3.328062499 0.05454356057 0.5
13553 13558 2.979093822 0.02291287847 0.5
13553 13559 2.979093822 0.02291287847 0.5
13554 13557 0 0 0.5
13556 13560 0 0 0.5
13557 13558 0 0 0.5
13557 13559 0 0 0.5
13558 13560 0 0 0.5
13559 13560 0 0 0.5
13562 13565 3.398529094 0.05296225071 0.5
13562 13570 0 0 0.5
13562 13573 3.422718218 0.05454356057 0.5
13562 13585 3.398529094 0.05296225071 0.5
13562 13590 0 0 0.5
13563 13566 3.328062499 0.05454356057 0.5
13563 13568 2.979093822 0.02291287847 0.5
13563 13569 2.979093822 0.02291287847 0.5
13563 13574 3.422718218 0.05454356057 0.5
13563 13582 3.422718218 0.05454356057 0.5
13563 13584 3.422718218 0.05454356057 0.5
13564 13567 0 0 0.5
13564 13573 3.422718218 0.05454356057 0.5
13564 13583 3.422718218 0.05454356057 0.5
13565 13572 3.398529094 0.05296225071 0.5
13566 13570 0 0 0.5
13567 13568 0 0 0.5
13567 13569 0 0 0.5
13568 13570 0 0 0.5
13569 13570 0 0 0.5
13570 13572 0 0 0.5
13572 13575 3.398529094 0.05296225071 0.5
13572 13580 0 0 0.5
13572 13583 3.422718218 0.05454356057 0.5
13573 13576 3.328062499 0.05454356057 0.5
13573 13578 2.979093822 0.02291287847 0.5
13573 13579 2.979093822 0.02291287847 0.5
13573 13584 3.422718218 0.05454356057 0.5
13574 13577 0 0 0.5
13574 13583 3.422718218 0.05454356057 0.5
13575 13582 3.398529094 0.05296225071 0.5
13576 13580 0 0 0.5
13577 13578 0 0 0.5
13577 13579 0 0 0.5
13578 13580 0 0 0.5
13579 13580 0 0 0.5
13580 13582 0 0 0.5
13582 13585 3.398529094 0.05296225071 0.5
13582 13590 0 0 0.5
13583 13586 3.328062499 0.05454356057 0.5
13583 13588 2.979093822 0.02291287847 0.5
13583 13589 2.979093822 0.02291287847 0.5
13584 13587 0 0 0.5
13586 13590 0 0 0.5
13587 13588 0 0 0.5
13587 13589 0 0 0.5
13588 13590 0 0 0.5
13589 13590 0 0 0.5
13592 13595 3.398529094 0.05296225071 0.5
13592 13600 0 0 0.5
13592 13603 3.422718218 0.05454356057 0.5
13592 13615 3.398529094 0.05296225071 0.5
13592 13620 0 0 0.5
13593 13596 3.328062499 0.05454356057 0.5
13593 13598 2.979093822 0.02291287847 0.5
13593 13599 2.979093822 0.02291287847 0.5
13593 13604 3.422718218 0.05454356057 0.5
13593 13612 3.422718218 0.05454356057 0.5
13593 13614 3.422718218 0.05454356057 0.5
13594 13597 0 0 0.5
13594 13603 3.422718218 0.05454356057 0.5
13594 13613 3.422718218 0.05454356057 0.5
13595 13602 3.398529094 0.05296225071 0.5
13596 13600 0 0 0.5
13597 13598 0 0 0.5
13597 13599 0 0 0.5
13598 13600 0 0 0.5
13599 13600 0 0 0.5
13600 13602 0 0 0.5
13602 13605 3.398529094 0.05296225071 0.5
13602 13610 0 0 0.5
13602 13613 3.422718218 0.05454356057 0.5
13603 13606 3.328062499 0.05454356057 0.5
13603 13608 2.979093822 0.02291287847 0.5
13603 13609 2.979093822 0.02291287847 0.5
13603 13614 3.422718218 0.05454356057 0.5
13604 13607 0 0 0.5
13604 13613 3.422718218 0.05454356057 0.5
13605 13612 3.398529094 0.05296225071 0.5
13606 13610 0 0 0.5
13607 13608 0 0 0.5
13607 13609 0 0 0.5
13608 13610 0 0 0.5
13609 13610 0 0 0.5
13610 13612 0 0 0.5
13612 13615 3.398529094 0.05296225071 0.5
13612 13620 0 0 0.5
13613 13616 3.328062499 0.05454356057 0.5
13613 13618 2.979093822 0.02291287847 0.5
13613 13619 2.979093822 0.02291287847 0.5
13614 13617 0 0 0.5
13616 13620 0 0 0.5
13617 13618 0 0 0.5
13617 13619 0 0 0.5
13618 13620 0 0 0.5
13619 13620 0 0 0.5
13622 13625 3.398529094 0.05296225071 0.5
13622 13630 0 0 0.5
13622 13633 3.422718218 0.05454356057 0.5
13622 13645 3.398529094 0.05296225071 0.5
13622 13650 0 0 0.5
13623 13626 3.328062499 0.05454356057 0.5
13623 13628 2.979093822 0.02291287847 0.5
13623 13629 2.979093822 0.02291287847 0.5
13623 13634 3.422718218 0.05454356057 0.5
13623 13642 3.422718218 0.05454356057 0.5
13623 13644 3.422718218 0.05454356057 0.5
13624 13627 0 0 0.5
13624 13633 3.422718218 0.05454356057 0.5
13624 13643 3.422718218 0.05454356057 0.5
13625 13632 3.398529094 0.05296225071 0.5
13626 13630 0 0 0.5
13627 13628 0 0 0.5
13627 13629 0 0 0.5
13628 13630 0 0 0.5
13629 13630 0 0 0.5
13630 13632 0 0 0.5
13632 13635 3.398529094 0.05296225071 0.5
13632 13640 0 0 0.5
13632 13643 3.422718218 0.05454356057 0.5
13633 13636 3.328062499 0.05454356057 0.5
13633 13638 2.979093822 0.02291287847 0.5
13633 13639 2.979093822 0.02291287847 0.5
13633 13644 3.422718218 0.05454356057 0.5
13634 13637 0 0 0.5
13634 13643 3.422718218 0.05454356057 0.5
13635 13642 3.398529094 0.05296225071 0.5
13636 13640 0 0 0.5
13637 13638 0 0 0.5
13637 13639 0 0 0.5
13638 13640 0 0 0.5
13639 13640 0 0 0.5
13640 13642 0 0 0.5
13642 13645 3.398529094 0.05296225071 0.5
13642 13650 0 0 0.5
13643 13646 3.328062499 0.05454356057 0.5
13643 13648 2.979093822 0.02291287847 0.5
13643 13649 2.979093822 0.02291287847 0.5
13644 13647 0 0 0.5
13646 13650 0 0 0.5
13647 13648 0 0 0.5
13647 13649 0 0 0.5
13648 13650 0 0 0.5
13649 13650 0 0 0.5
13652 13655 3.398529094 0.05296225071 0.5
13652 13660 0 0 0.5
13652 13663 3.422718218 0.05454356057 0.5
13652 13675 3.398529094 0.05296225071 0.5
13652 13680 0 0 0.5
13653 13656 3.328062499 0.05454356057 0.5
13653 13658 2.979093822 0.02291287847 0.5
13653 13659 2.979093822 0.02291287847 0.5
13653 13664 3.422718218 0.05454356057 0.5
13653 13672 3.422718218 0.05454356057 0.5
13653 13674 3.422718218 0.05454356057 0.5
13654 13657 0 0 0.5
13654 13663 3.422718218 0.05454356057 0.5
13654 13673 3.422718218 0.05454356057 0.5
13655 13662 3.398529094 0.05296225071 0.5
13656 13660 0 0 0.5
13657 13658 0 0 0.5
13657 13659 0 0 0.5
13658 13660 0 0 0.5
13659 13660 0 0 0.5
13660 13662 0 0 0.5
13662 13665 3.398529094 0.05296225071 0.5
13662 13670 0 0 0.5
13662 13673 3.422718218 0.05454356057 0.5
13663 13666 3.328062499 0.05454356057 0.5
13663 13668 2.979093822 0.02291287847 0.5
13663 13669 2.979093822 0.02291287847 0.5
13663 13674 3.422718218 0.05454356057 0.5
13664 13667 0 0 0.5
13664 13673 3.422718218 0.05454356057 0.5
13665 13672 3.398529094 0.05296225071 0.5
13666 13670 0 0 0.5
13667 13668 0 0 0.5
13667 13669 0 0 0.5
13668 13670 0 0 0.5
13669 13670 0 0 0.5
13670 13672 0 0 0.5
13672 13675 3.398529094 0.05296225071 0.5
13672 13680 0 0 0.5
13673 13676 3.328062499 0.05454356057 0.5
13673 13678 2.979093822 0.02291287847 0.5
13673 13679 2.979093822 0.02291287847 0.5
13674 13677 0 0 0.5
13676 13680 0 0 0.5
13677 13678 0 0 0.5
13677 13679 0 0 0.5
13678 13680 0 0 0.5
13679 13680 0 0 0.5
13682 13685 3.398529094 0.05296225071 0.5
13682 13690 0 0 0.5
13682 13693 3.422718218 0.05454356057 0.5
13682 13705 3.398529094 0.05296225071 0.5
13682 13710 0 0 0.5
13683 13686 3.328062499 0.05454356057 0.5
13683 13688 2.979093822 0.02291287847 0.5
13683 13689 2.979093822 0.02291287847 0.5
13683 13694 3.422718218 0.05454356057 0.5
13683 13702 3.422718218 0.05454356057 0.5
13683 13704 3.422718218 0.05454356057 0.5
13684 13687 0 0 0.5
13684 13693 3.422718218 0.05454356057 0.5
13684 13703 3.422718218 0.05454356057 0.5
13685 13692 3.398529094 0.05296225071 0.5
13686 13690 0 0 0.5
13687 13688 0 0 0.5
13687 13689 0 0 0.5
13688 13690 0 0 0.5
13689 13690 0 0 0.5
13690 13692 0 0 0.5
13692 13695 3.398529094 0.05296225071 0.5
13692 13700 0 0 0.5
13692 13703 3.422718218 0.05454356057 0.5
13693 13696 3.328062499 0.05454356057 0.5
13693 13698 2.979093822 0.02291287847 0.5
13693 13699 2.979093822 0.02291287847 0.5
13693 13704 3.422718218 0.05454356057 0.5
13694 13697 0 0 0.5
13694 13703 3.422718218 0.05454356057 0.5
13695 13702 3.398529094 0.05296225071 0.5
13696 13700 0 0 0.5
13697 13698 0 0 0.5
13697 13699 0 0 0.5
13698 13700 0 0 0.5
13699 13700 0 0 0.5
13700 13702 0 0 0.5
13702 13705 3.398529094 0.05296225071 0.5
13702 13710 0 0 0.5
13703 13706 3.328062499 0.05454356057 0.5
13703 13708 2.979093822 0.02291287847 0.5
13703 13709 2.979093822 0.02291287847 0.5
13704 13707 0 0 0.5
13706 13710 0 0 0.5
13707 13708 0 0 0.5
13707 13709 0 0 0.5
13708 13710 0 0 0.5
13709 13710 0 0 0.5
13712 13715 3.398529094 0.05296225071 0.5
13712 13720 0 0 0.5
13712 13723 3.422718218 0.05454356057 0.5
13712 13735 3.398529094 0.05296225071 0.5
13712 13740 0 0 0.5
13713 13716 3.328062499 0.05454356057 0.5
13713 13718 2.979093822 0.02291287847 0.5
13713 13719 2.979093822 0.02291287847 0.5
13713 13724 3.422718218 0.05454356057 0.5
13713 13732 3.422718218 0.05454356057 0.5
13713 13734 3.422718218 0.05454356057 0.5
13714 13717 0 0 0.5
13714 13723 3.422718218 0.05454356057 0.5
13714 13733 3.422718218 0.05454356057 0.5
13715 13722 3.398529094 0.05296225071 0.5
13716 13720 0 0 0.5
13717 13718 0 0 0.5
13717 13719 0 0 0.5
13718 13720 0 0 0.5
13719 13720 0 0 0.5
13720 13722 0 0 0.5
13722 13725 3.398529094 0.05296225071 0.5
13722 13730 0 0 0.5
13722 13733 3.422718218 0.05454356057 0.5
13723 13726 3.328062499 0.05454356057 0.5
13723 13728 2.979093822 0.02291287847 0.5
13723 13729 2.979093822 0.02291287847 0.5
13723 13734 3.422718218 0.05454356057 0.5
13724 13727 0 0 0.5
13724 13733 3.422718218 0.05454356057 0.5
13725 13732 3.398529094 0.05296225071 0.5
13726 13730 0 0 0.5
13727 13728 0 0 0.5
13727 13729 0 0 0.5
13728 13730 0 0 0.5
13729 13730 0 0 0.5
13730 13732 0 0 0.5
13732 13735 3.398529094 0.05296225071 0.5
13732 13740 0 0 0.5
13733 13736 3.328062499 0.05454356057 0.5
13733 13738 2.979093822 0.02291287847 0.5
13733 13739 2.979093822 0.02291287847 0.5
13734 13737 0 0 0.5
13736 13740 0 0 0.5
13737 13738 0 0 0.5
13737 13739 0 0 0.5
13738 13740 0 0 0.5
13739 13740 0 0 0.5
13742 13745 3.398529094 0.05296225071 0.5
13742 13750 0 0 0.5
13742 13753 3.422718218 0.05454356057 0.5
13742 13765 3.398529094 0.05296225071 0.5
13742 13770 0 0 0.5
13743 13746 3.328062499 0.05454356057 0.5
13743 13748 2.979093822 0.02291287847 0.5
13743 13749 2.979093822 0.02291287847 0.5
13743 13754 3.422718218 0.05454356057 0.5
13743 13762 3.422718218 0.05454356057 0.5
13743 13764 3.422718218 0.05454356057 0.5
13744 13747 0 0 0.5
13744 13753 3.422718218 0.05454356057 0.5
13744 13763 3.422718218 0.05454356057 0.5
13745 13752 3.398529094 0.05296225071 0.5
13746 13750 0 0 0.5
13747 13748 0 0 0.5
13747 13749 0 0 0.5
13748 13750 0 0 0.5
13749 13750 0 0 0.5
13750 13752 0 0 0.5
13752 13755 3.398529094 0.05296225071 0.5
13752 13760 0 0 0.5
13752 13763 3.422718218 0.05454356057 0.5
13753 13756 3.328062499 0.05454356057 0.5
13753 13758 2.979093822 0.02291287847 0.5
13753 13759 2.979093822 0.02291287847 0.5
13753 13764 3.422718218 0.05454356057 0.5
13754 13757 0 0 0.5
13754 13763 3.422718218 0.05454356057 0.5
13755 13762 3.398529094 0.05296225071 0.5
13756 13760 0 0 0.5
13757 13758 0 0 0.5
13757 13759 0 0 0.5
13758 13760 0 0 0.5
13759 13760 0 0 0.5
13760 13762 0 0 0.5
13762 13765 3.398529094 0.05296225071 0.5
13762 13770 0 0 0.5
13763 13766 3.328062499 0.05454356057 0.5
13763 13768 2.979093822 0.02291287847 0.5
13763 13769 2.979093822 0.02291287847 0.5
13764 13767 0 0 0.5
13766 13770 0 0 0.5
13767 13768 0 0 0.5
13767 13769 0 0 0.5
13768 13770 0 0 0.5
13769 13770 0 0 0.5
13772 13775 3.398529094 0.05296225071 0.5
13772 13780 0 0 0.5
13772 13783 3.422718218 0.05454356057 0.5
13772 13795 3.398529094 0.05296225071 0.5
13772 13800 0 0 0.5
13773 13776 3.328062499 0.05454356057 0.5
13773 13778 2.979093822 0.02291287847 0.5
13773 13779 2.979093822 0.02291287847 0.5
13773 13784 3.422718218 0.05454356057 0.5
13773 13792 3.422718218 0.05454356057 0.5
13773 13794 3.422718218 0.05454356057 0.5
13774 13777 0 0 0.5
13774 13783 3.422718218 0.05454356057 0.5
13774 13793 3.422718218 0.05454356057 0.5
13775 13782 3.398529094 0.05296225071 0.5
13776 13780 0 0 0.5
13777 13778 0 0 0.5
13777 13779 0 0 0.5
13778 13780 0 0 0.5
13779 13780 0 0 0.5
13780 13782 0 0 0.5
13782 13785 3.398529094 0.05296225071 0.5
13782 13790 0 0 0.5
13782 13793 3.422718218 0.05454356057 0.5
13783 13786 3.328062499 0.05454356057 0.5
13783 13788 2.979093822 0.02291287847 0.5
13783 13789 2.979093822 0.02291287847 0.5
13783 13794 3.422718218 0.05454356057 0.5
13784 13787 0 0 0.5
13784 13793 3.422718218 0.05454356057 0.5
13785 13792 3.398529094 0.05296225071 0.5
13786 13790 0 0 0.5
13787 13788 0 0 0.5
13787 13789 0 0 0.5
13788 13790 0 0 0.5
13789 13790 0 0 0.5
13790 13792 0 0 0.5
13792 13795 3.398529094 0.05296225071 0.5
13792 13800 0 0 0.5
13793 13796 3.328062499 0.05454356057 0.5
13793 13798 2.979093822 0.02291287847 0.5
13793 13799 2.979093822 0.02291287847 0.5
13794 13797 0 0 0.5
13796 13800 0 0 0.5
13797 13798 0 0 0.5
13797 13799 0 0 0.5
13798 13800 0 0 0.5
13799 13800 0 0 0.5
13802 13805 3.398529094 0.05296225071 0.5
13802 13810 0 0 0.5
13802 13813 3.422718218 0.05454356057 0.5
13802 13825 3.398529094 0.05296225071 0.5
13802 13830 0 0 0.5
13803 13806 3.328062499 0.05454356057 0.5
13803 13808 2.979093822 0.02291287847 0.5
13803 13809 2.979093822 0.02291287847 0.5
13803 13814 3.422718218 0.05454356057 0.5
13803 13822 3.422718218 0.05454356057 0.5
13803 13824 3.422718218 0.05454356057 0.5
13804 13807 0 0 0.5
13804 13813 3.422718218 0.05454356057 0.5
13804 13823 3.422718218 0.05454356057 0.5
13805 13812 3.398529094 0.05296225071 0.5
13806 13810 0 0 0.5
13807 13808 0 0 0.5
13807 13809 0 0 0.5
13808 13810 0 0 0.5
13809 13810 0 0 0.5
13810 13812 0 0 0.5
13812 13815 3.398529094 0.05296225071 0.5
13812 13820 0 0 0.5
13812 13823 3.422718218 0.05454356057 0.5
13813 13816 3.328062499 0.05454356057 0.5
13813 13818 2.979093822 0.02291287847 0.5
13813 13819 2.979093822 0.02291287847 0.5
13813 13824 3.422718218 0.05454356057 0.5
13814 13817 0 0 0.5
13814 13823 3.422718218 0.05454356057 0.5
13815 13822 3.398529094 0.05296225071 0.5
13816 13820 0 0 0.5
13817 13818 0 0 0.5
13817 13819 0 0 0.5
13818 13820 0 0 0.5
13819 13820 0 0 0.5
13820 13822 0 0 0.5
13822 13825 3.398529094 0.05296225071 0.5
13822 13830 0 0 0.5
13823 13826 3.328062499 0.05454356057 0.5
13823 13828 2.979093822 0.02291287847 0.5
13823 13829 2.979093822 0.02291287847 0.5
13824 13827 0 0 0.5
13826 13830 0 0 0.5
13827 13828 0 0 0.5
13827 13829 0 0 0.5
13828 13830 0 0 0.5
13829 13830 0 0 0.5
13832 13835 3.398529094 0.05296225071 0.5
13832 13840 0 0 0.5
13832 13843 3.422718218 0.05454356057 0.5
13832 13855 3.398529094 0.05296225071 0.5
13832 13860 0 0 0.5
13833 13836 3.328062499 0.05454356057 0.5
13833 13838 2.979093822 0.02291287847 0.5
13833 13839 2.979093822 0.02291287847 0.5
13833 13844 3.422718218 0.05454356057 0.5
13833 13852 3.422718218 0.05454356057 0.5
13833 13854 3.422718218 0.05454356057 0.5
13834 13837 0 0 0.5
13834 13843 3.422718218 0.05454356057 0.5
13834 13853 3.422718218 0.05454356057 0.5
13835 13842 3.398529094 0.05296225071 0.5
13836 13840 0 0 0.5
13837 13838 0 0 0.5
13837 13839 0 0 0.5
13838 13840 0 0 0.5
13839 13840 0 0 0.5
13840 13842 0 0 0.5
13842 13845 3.398529094 0.05296225071 0.5
13842 13850 0 0 0.5
13842 13853 3.422718218 0.05454356057 0.5
13843 13846 3.328062499 0.05454356057 0.5
13843 13848 2.979093822 0.02291287847 0.5
13843 13849 2.979093822 0.02291287847 0.5
13843 13854 3.422718218 0.05454356057 0.5
13844 13847 0 0 0.5
13844 13853 3.422718218 0.05454356057 0.5
13845 13852 3.398529094 0.05296225071 0.5
13846 13850 0 0 0.5
13847 13848 0 0 0.5
13847 13849 0 0 0.5
13848 13850 0 0 0.5
13849 13850 0 0 0.5
13850 13852 0 0 0.5
13852 13855 3.398529094 0.05296225071 0.5
13852 13860 0 0 0.5
13853 13856 3.328062499 0.05454356057 0.5
13853 13858 2.979093822 0.02291287847 0.5
13853 13859 2.979093822 0.02291287847 0.5
13854 13857 0 0 0.5
13856 13860 0 0 0.5
13857 13858 0 0 0.5
13857 13859 0 0 0.5
13858 13860 0 0 0.5
13859 13860 0 0 0.5
13862 13865 3.398529094 0.05296225071 0.5
13862 13870 0 0 0.5
13862 13873 3.422718218 0.05454356057 0.5
13862 13885 3.398529094 0.05296225071 0.5
13862 13890 0 0 0.5
13863 13866 3.328062499 0.05454356057 0.5
13863 13868 2.979093822 0.02291287847 0.5
13863 13869 2.979093822 0.02291287847 0.5
13863 13874 3.422718218 0.05454356057 0.5
13863 13882 3.422718218 0.05454356057 0.5
13863 13884 3.422718218 0.05454356057 0.5
13864 13867 0 0 0.5
13864 13873 3.422718218 0.05454356057 0.5
13864 13883 3.422718218 0.05454356057 0.5
13865 13872 3.398529094 0.05296225071 0.5
13866 13870 0 0 0.5
13867 13868 0 0 0.5
13867 13869 0 0 0.5
13868 13870 0 0 0.5
13869 13870 0 0 0.5
13870 13872 0 0 0.5
13872 13875 3.398529094 0.05296225071 0.5
13872 13880 0 0 0.5
13872 13883 3.422718218 0.05454356057 0.5
13873 13876 3.328062499 0.05454356057 0.5
13873 13878 2.979093822 0.02291287847 0.5
13873 13879 2.979093822 0.02291287847 0.5
13873 13884 3.422718218 0.05454356057 0.5
13874 13877 0 0 0.5
13874 13883 3.422718218 0.05454356057 0.5
13875 13882 3.398529094 0.05296225071 0.5
13876 13880 0 0 0.5
13877 13878 0 0 0.5
13877 13879 0 0 0.5
13878 13880 0 0 0.5
13879 13880 0 0 0.5
13880 13882 0 0 0.5
13882 13885 3.398529094 0.05296225071 0.5
13882 13890 0 0 0.5
13883 13886 3.328062499 0.05454356057 0.5
13883 13888 2.979093822 0.02291287847 0.5
13883 13889 2.979093822 0.02291287847 0.5
13884 13887 0 0 0.5
13886 13890 0 0 0.5
13887 13888 0 0 0.5
13887 13889 0 0 0.5
13888 13890 0 0 0.5
13889 13890 0 0 0.5
13892 13895 3.398529094 0.05296225071 0.5
13892 13900 0 0 0.5
13892 13903 3.422718218 0.05454356057 0.5
13892 13915 3.398529094 0.05296225071 0.5
13892 13920 0 0 0.5
13893 13896 3.328062499 0.05454356057 0.5
13893 13898 2.979093822 0.02291287847 0.5
13893 13899 2.979093822 0.02291287847 0.5
13893 13904 3.422718218 0.05454356057 0.5
13893 13912 3.422718218 0.05454356057 0.5
13893 13914 3.422718218 0.05454356057 0.5
13894 13897 0 0 0.5
13894 13903 3.422718218 0.05454356057 0.5
13894 13913 3.422718218 0.05454356057 0.5
13895 13902 3.398529094 0.05296225071 0.5
13896 13900 0 0 0.5
13897 13898 0 0 0.5
13897 13899 0 0 0.5
13898 13900 0 0 0.5
13899 13900 0 0 0.5
13900 13902 0 0 0.5
13902 13905 3.398529094 0.05296225071 0.5
13902 13910 0 0 0.5
13902 13913 3.422718218 0.05454356057 0.5
13903 13906 3.328062499 0.05454356057 0.5
13903 13908 2.979093822 0.02291287847 0.5
13903 13909 2.979093822 0.02291287847 0.5
13903 13914 3.422718218 0.05454356057 0.5
13904 13907 0 0 0.5
13904 13913 3.422718218 0.05454356057 0.5
13905 13912 3.398529094 0.05296225071 0.5
13906 13910 0 0 0.5
13907 13908 0 0 0.5
13907 13909 0 0 0.5
13908 13910 0 0 0.5
13909 13910 0 0 0.5
13910 13912 0 0 0.5
13912 13915 3.398529094 0.05296225071 0.5
13912 13920 0 0 0.5
13913 13916 3.328062499 0.05454356057 0.5
13913 13918 2.979093822 0.02291287847 0.5
13913 13919 2.979093822 0.02291287847 0.5
13914 13917 0 0 0.5
13916 13920 0 0 0.5
13917 13918 0 0 0.5
13917 13919 0 0 0.5
13918 13920 0 0 0.5
13919 13920 0 0 0.5
13922 13925 3.398529094 0.05296225071 0.5
13922 13930 0 0 0.5
13922 13933 3.422718218 0.05454356057 0.5
13922 13945 3.398529094 0.05296225071 0.5
13922 13950 0 0 0.5
13923 13926 3.328062499 0.05454356057 0.5
13923 13928 2.979093822 0.02291287847 0.5
13923 13929 2.979093822 0.02291287847 0.5
13923 13934 3.422718218 0.05454356057 0.5
13923 13942 3.422718218 0.05454356057 0.5
13923 13944 3.422718218 0.05454356057 0.5
13924 13927 0 0 0.5
13924 13933 3.422718218 0.05454356057 0.5
13924 13943 3.422718218 0.05454356057 0.5
13925 13932 3.398529094 0.05296225071 0.5
13926 13930 0 0 0.5
13927 13928 0 0 0.5
13927 13929 0 0 0.5
13928 13930 0 0 0.5
13929 13930 0 0 0.5
13930 13932 0 0 0.5
13932 13935 3.398529094 0.05296225071 0.5
13932 13940 0 0 0.5
13932 13943 3.422718218 0.05454356057 0.5
13933 13936 3.328062499 0.05454356057 0.5
13933 13938 2.979093822 0.02291287847 0.5
13933 13939 2.979093822 0.02291287847 0.5
13933 13944 3.422718218 0.05454356057 0.5
13934 13937 0 0 0.5
13934 13943 3.422718218 0.05454356057 0.5
13935 13942 3.398529094 0.05296225071 0.5
13936 13940 0 0 0.5
13937 13938 0 0 0.5
13937 13939 0 0 0.5
13938 13940 0 0 0.5
13939 13940 0 0 0.5
13940 13942 0 0 0.5
13942 13945 3.398529094 0.05296225071 0.5
13942 13950 0 0 0.5
13943 13946 3.328062499 0.05454356057 0.5
13943 13948 2.979093822 0.02291287847 0.5
13943 13949 2.979093822 0.02291287847 0.5
13944 13947 0 0 0.5
13946 13950 0 0 0.5
13947 13948 0 0 0.5
13947 13949 0 0 0.5
13948 13950 0 0 0.5
13949 13950 0 0 0.5
13952 13955 3.398529094 0.05296225071 0.5
13952 13960 0 0 0.5
13952 13963 3.422718218 0.05454356057 0.5
13952 13975 3.398529094 0.05296225071 0.5
13952 13980 0 0 0.5
13953 13956 3.328062499 0.05454356057 0.5
13953 13958 2.979093822 0.02291287847 0.5
13953 13959 2.979093822 0.02291287847 0.5
13953 13964 3.422718218 0.05454356057 0.5
13953 13972 3.422718218 0.05454356057 0.5
13953 13974 3.422718218 0.05454356057 0.5
13954 13957 0 0 0.5
13954 13963 3.422718218 0.05454356057 0.5
13954 13973 3.422718218 0.05454356057 0.5
13955 13962 3.398529094 0.05296225071 0.5
13956 13960 0 0 0.5
13957 13958 0 0 0.5
13957 13959 0 0 0.5
13958 13960 0 0 0.5
13959 13960 0 0 0.5
13960 13962 0 0 0.5
13962 13965 3.398529094 0.05296225071 0.5
13962 13970 0 0 0.5
13962 13973 3.422718218 0.05454356057 0.5
13963 13966 3.328062499 0.05454356057 0.5
13963 13968 2.979093822 0.02291287847 0.5
13963 13969 2.979093822 0.02291287847 0.5
13963 13974 3.422718218 0.05454356057 0.5
13964 13967 0 0 0.5
13964 13973 3.422718218 0.05454356057 0.5
13965 13972 3.398529094 0.05296225071 0.5
13966 13970 0 0 0.5
13967 13968 0 0 0.5
13967 13969 0 0 0.5
13968 13970 0 0 0.5
13969 13970 0 0 0.5
13970 13972 0 0 0.5
13972 13975 3.398529094 0.05296225071 0.5
13972 13980 0 0 0.5
13973 13976 3.328062499 0.05454356057 0.5
13973 13978 2.979093822 0.02291287847 0.5
13973 13979 2.979093822 0.02291287847 0.5
13974 13977 0 0 0.5
13976 13980 0 0 0.5
13977 13978 0 0 0.5
13977 13979 0 0 0.5
13978 13980 0 0 0.5
13979 13980 0 0 0.5
13982 13985 3.398529094 0.05296225071 0.5
13982 13990 0 0 0.5
13982 13993 3.422718218 0.05454356057 0.5
13982 14005 3.398529094 0.05296225071 0.5
13982 14010 0 0 0.5
13983 13986 3.328062499 0.05454356057 0.5
13983 13988 2.979093822 0.02291287847 0.5
13983 13989 2.979093822 0.02291287847 0.5
13983 13994 3.422718218 0.05454356057 0.5
13983 14002 3.422718218 0.05454356057 0.5
13983 14004 3.422718218 0.05454356057 0.5
13984 13987 0 0 0.5
13984 13993 3.422718218 0.05454356057 0.5
13984 14003 3.422718218 0.05454356057 0.5
13985 13992 3.398529094 0.05296225071 0.5
13986 13990 0 0 0.5
13987 13988 0 0 0.5
13987 13989 0 0 0.5
13988 13990 0 0 0.5
13989 13990 0 0 0.5
13990 13992 0 0 0.5
13992 13995 3.398529094 0.05296225071 0.5
13992 14000 0 0 0.5
13992 14003 3.422718218 0.05454356057 0.5
13993 13996 3.328062499 0.05454356057 0.5
13993 13998 2.979093822 0.02291287847 0.5
13993 13999 2.979093822 0.02291287847 0.5
13993 14004 3.422718218 0.05454356057 0.5
13994 13997 0 0 0.5
13994 14003 3.422718218 0.05454356057 0.5
13995 14002 3.398529094 0.05296225071 0.5
13996 14000 0 0 0.5
13997 13998 0 0 0.5
13997 13999 0 0 0.5
13998 14000 0 0 0.5
13999 14000 0 0 0.5
14000 14002 0 0 0.5
14002 14005 3.398529094 0.05296225071 0.5
14002 14010 0 0 0.5
14003 14006 3.328062499 0.05454356057 0.5
14003 14008 2.979093822 0.02291287847 0.5
14003 14009 2.979093822 0.02291287847 0.5
14004 14007 0 0 0.5
14006 14010 0 0 0.5
14007 14008 0 0 0.5
14007 14009 0 0 0.5
14008 14010 0 0 0.5
14009 14010 0 0 0.5
14012 14015 3.398529094 0.05296225071 0.5
14012 14020 0 0 0.5
14012 14023 3.422718218 0.05454356057 0.5
14012 14035 3.398529094 0.05296225071 0.5
14012 14040 0 0 0.5
14013 14016 3.328062499 0.05454356057 0.5
14013 14018 2.979093822 0.02291287847 0.5
14013 14019 2.979093822 0.02291287847 0.5
14013 14024 3.422718218 0.05454356057 0.5
14013 14032 3.422718218 0.05454356057 0.5
14013 14034 3.422718218 0.05454356057 0.5
14014 14017 0 0 0.5
14014 14023 3.422718218 0.05454356057 0.5
14014 14033 3.422718218 0.05454356057 0.5
14015 14022 3.398529094 0.05296225071 0.5
14016 14020 0 0 0.5
14017 14018 0 0 0.5
14017 14019 0 0 0.5
14018 14020 0 0 0.5
14019 14020 0 0 0.5
14020 14022 0 0 0.5
14022 14025 3.398529094 0.05296225071 0.5
14022 14030 0 0 0.5
14022 14033 3.422718218 0.05454356057 0.5
14023 14026 3.328062499 0.05454356057 0.5
14023 14028 2.979093822 0.02291287847 0.5
14023 14029 2.979093822 0.02291287847 0.5
14023 14034 3.422718218 0.05454356057 0.5
14024 14027 0 0 0.5
14024 14033 3.422718218 0.05454356057 0.5
14025 14032 3.398529094 0.05296225071 0.5
14026 14030 0 0 0.5
14027 14028 0 0 0.5
14027 14029 0 0 0.5
14028 14030 0 0 0.5
14029 14030 0 0 0.5
14030 14032 0 0 0.5
14032 14035 3.398529094 0.05296225071 0.5
14032 14040 0 0 0.5
14033 14036 3.328062499 0.05454356057 0.5
14033 14038 2.979093822 0.02291287847 0.5
14033 14039 2.979093822 0.02291287847 0.5
14034 14037 0 0 0.5
14036 14040 0 0 0.5
14037 14038 0 0 0.5
14037 14039 0 0 0.5
14038 14040 0 0 0.5
14039 14040 0 0 0.5
14042 14045 3.398529094 0.05296225071 0.5
14042 14050 0 0 0.5
14042 14053 3.422718218 0.05454356057 0.5
14042 14065 3.398529094 0.05296225071 0.5
14042 14070 0 0 0.5
14043 14046 3.328062499 0.05454356057 0.5
14043 14048 2.979093822 0.02291287847 0.5
14043 14049 2.979093822 0.02291287847 0.5
14043 14054 3.422718218 0.05454356057 0.5
14043 14062 3.422718218 0.05454356057 0.5
14043 14064 3.422718218 0.05454356057 0.5
14044 14047 0 0 0.5
14044 14053 3.422718218 0.05454356057 0.5
14044 14063 3.422718218 0.05454356057 0.5
14045 14052 3.398529094 0.05296225071 0.5
14046 14050 0 0 0.5
14047 14048 0 0 0.5
14047 14049 0 0 0.5
14048 14050 0 0 0.5
14049 14050 0 0 0.5
14050 14052 0 0 0.5
14052 14055 3.398529094 0.05296225071 0.5
14052 14060 0 0 0.5
14052 14063 3.422718218 0.05454356057 0.5
14053 14056 3.328062499 0.05454356057 0.5
14053 14058 2.979093822 0.02291287847 0.5
14053 14059 2.979093822 0.02291287847 0.5
14053 14064 3.422718218 0.05454356057 0.5
14054 14057 0 0 0.5
14054 14063 3.422718218 0.05454356057 0.5
14055 14062 3.398529094 0.05296225071 0.5
14056 14060 0 0 0.5
14057 14058 0 0 0.5
14057 14059 0 0 0.5
14058 14060 0 0 0.5
14059 14060 0 0 0.5
14060 14062 0 0 0.5
14062 14065 3.398529094 0.05296225071 0.5
14062 14070 0 0 0.5
14063 14066 3.328062499 0.05454356057 0.5
14063 14068 2.979093822 0.02291287847 0.5
14063 14069 2.979093822 0.02291287847 0.5
14064 14067 0 0 0.5
14066 14070 0 0 0.5
14067 14068 0 0 0.5
14067 14069 0 0 0.5
14068 14070 0 0 0.5
14069 14070 0 0 0.5
14072 14075 3.398529094 0.05296225071 0.5
14072 14080 0 0 0.5
14072 14083 3.422718218 0.05454356057 0.5
14072 14095 3.398529094 0.05296225071 0.5
14072 14100 0 0 0.5
14073 14076 3.328062499 0.05454356057 0.5
14073 14078 2.979093822 0.02291287847 0.5
14073 14079 2.979093822 0.02291287847 0.5
14073 14084 3.422718218 0.05454356057 0.5
14073 14092 3.422718218 0.05454356057 0.5
14073 14094 3.422718218 0.05454356057 0.5
14074 14077 0 0 0.5
14074 14083 3.422718218 0.05454356057 0.5
14074 14093 3.422718218 0.05454356057 0.5
14075 14082 3.398529094 0.05296225071 0.5
14076 14080 0 0 0.5
14077 14078 0 0 0.5
14077 14079 0 0 0.5
14078 14080 0 0 0.5
14079 14080 0 0 0.5
14080 14082 0 0 0.5
14082 14085 3.398529094 0.05296225071 0.5
14082 14090 0 0 0.5
14082 14093 3.422718218 0.05454356057 0.5
14083 14086 3.328062499 0.05454356057 0.5
14083 14088 2.979093822 0.02291287847 0.5
14083 14089 2.979093822 0.02291287847 0.5
14083 14094 3.422718218 0.05454356057 0.5
14084 14087 0 0 0.5
14084 14093 3.422718218 0.05454356057 0.5
14085 14092 3.398529094 0.05296225071 0.5
14086 14090 0 0 0.5
14087 14088 0 0 0.5
14087 14089 0 0 0.5
14088 14090 0 0 0.5
14089 14090 0 0 0.5
14090 14092 0 0 0.5
14092 14095 3.398529094 0.05296225071 0.5
14092 14100 0 0 0.5
14093 14096 3.328062499 0.05454356057 0.5
14093 14098 2.979093822 0.02291287847 0.5
14093 14099 2.979093822 0.02291287847 0.5
14094 14097 0 0 0.5
14096 14100 0 0 0.5
14097 14098 0 0 0.5
14097 14099 0 0 0.5
14098 14100 0 0 0.5
14099 14100 0 0 0.5
14102 14105 3.398529094 0.05296225071 0.5
14102 14110 0 0 0.5
14102 14113 3.422718218 0.05454356057 0.5
14102 14125 3.398529094 0.05296225071 0.5
14102 14130 0 0 0.5
14103 14106 3.328062499 0.05454356057 0.5
14103 14108 2.979093822 0.02291287847 0.5
14103 14109 2.979093822 0.02291287847 0.5
14103 14114 3.422718218 0.05454356057 0.5
14103 14122 3.422718218 0.05454356057 0.5
14103 14124 3.422718218 0.05454356057 0.5
14104 14107 0 0 0.5
14104 14113 3.422718218 0.05454356057 0.5
14104 14123 3.422718218 0.05454356057 0.5
14105 14112 3.398529094 0.05296225071 0.5
14106 14110 0 0 0.5
14107 14108 0 0 0.5
14107 14109 0 0 0.5
14108 14110 0 0 0.5
14109 14110 0 0 0.5
14110 14112 0 0 0.5
14112 14115 3.398529094 0.05296225071 0.5
14112 14120 0 0 0.5
14112 14123 3.422718218 0.05454356057 0.5
14113 14116 3.328062499 0.05454356057 0.5
14113 14118 2.979093822 0.02291287847 0.5
14113 14119 2.979093822 0.02291287847 0.5
14113 14124 3.422718218 0.05454356057 0.5
14114 14117 0 0 0.5
14114 14123 3.422718218 0.05454356057 0.5
14115 14122 3.398529094 0.05296225071 0.5
14116 14120 0 0 0.5
14117 14118 0 0 0.5
14117 14119 0 0 0.5
14118 14120 0 0 0.5
14119 14120 0 0 0.5
14120 14122 0 0 0.5
14122 14125 3.398529094 0.05296225071 0.5
14122 14130 0 0 0.5
14123 14126 3.328062499 0.05454356057 0.5
14123 14128 2.979093822 0.02291287847 0.5
14123 14129 2.979093822 0.02291287847 0.5
14124 14127 0 0 0.5
14126 14130 0 0 0.5
14127 14128 0 0 0.5
14127 14129 0 0 0.5
14128 14130 0 0 0.5
14129 14130 0 0 0.5
14132 14135 3.398529094 0.05296225071 0.5
14132 14140 0 0 0.5
14132 14143 3.422718218 0.05454356057 0.5
14132 14155 3.398529094 0.05296225071 0.5
14132 14160 0 0 0.5
14133 14136 3.328062499 0.05454356057 0.5
14133 14138 2.979093822 0.02291287847 0.5
14133 14139 2.979093822 0.02291287847 0.5
14133 14144 3.422718218 0.05454356057 0.5
14133 14152 3.422718218 0.05454356057 0.5
14133 14154 3.422718218 0.05454356057 0.5
14134 14137 0 0 0.5
14134 14143 3.422718218 0.05454356057 0.5
14134 14153 3.422718218 0.05454356057 0.5
14135 14142 3.398529094 0.05296225071 0.5
14136 14140 0 0 0.5
14137 14138 0 0 0.5
14137 14139 0 0 0.5
14138 14140 0 0 0.5
14139 14140 0 0 0.5
14140 14142 0 0 0.5
14142 14145 3.398529094 0.05296225071 0.5
14142 14150 0 0 0.5
14142 14153 3.422718218 0.05454356057 0.5
14143 14146 3.328062499 0.05454356057 0.5
14143 14148 2.979093822 0.02291287847 0.5
14143 14149 2.979093822 0.02291287847 0.5
14143 14154 3.422718218 0.05454356057 0.5
14144 14147 0 0 0.5
14144 14153 3.422718218 0.05454356057 0.5
14145 14152 3.398529094 0.05296225071 0.5
14146 14150 0 0 0.5
14147 14148 0 0 0.5
14147 14149 0 0 0.5
14148 14150 0 0 0.5
14149 14150 0 0 0.5
14150 14152 0 0 0.5
14152 14155 3.398529094 0.05296225071 0.5
14152 14160 0 0 0.5
14153 14156 3.328062499 0.05454356057 0.5
14153 14158 2.979093822 0.02291287847 0.5
14153 14159 2.979093822 0.02291287847 0.5
14154 14157 0 0 0.5
14156 14160 0 0 0.5
14157 14158 0 0 0.5
14157 14159 0 0 0.5
14158 14160 0 0 0.5
14159 14160 0 0 0.5
14162 14165 3.398529094 0.05296225071 0.5
14162 14170 0 0 0.5
14162 14173 3.422718218 0.05454356057 0.5
14162 14185 3.398529094 0.05296225071 0.5
14162 14190 0 0 0.5
14163 14166 3.328062499 0.05454356057 0.5
14163 14168 2.979093822 0.02291287847 0.5
14163 14169 2.979093822 0.02291287847 0.5
14163 14174 3.422718218 0.05454356057 0.5
14163 14182 3.422718218 0.05454356057 0.5
14163 14184 3.422718218 0.05454356057 0.5
14164 14167 0 0 0.5
14164 14173 3.422718218 0.05454356057 0.5
14164 14183 3.422718218 0.05454356057 0.5
14165 14172 3.398529094 0.05296225071 0.5
14166 14170 0 0 0.5
14167 14168 0 0 0.5
14167 14169 0 0 0.5
14168 14170 0 0 0.5
14169 14170 0 0 0.5
14170 14172 0 0 0.5
14172 14175 3.398529094 0.05296225071 0.5
14172 14180 0 0 0.5
14172 14183 3.422718218 0.05454356057 0.5
14173 14176 3.328062499 0.05454356057 0.5
14173 14178 2.979093822 0.02291287847 0.5
14173 14179 2.979093822 0.02291287847 0.5
14173 14184 3.422718218 0.05454356057 0.5
14174 14177 0 0 0.5
14174 14183 3.422718218 0.05454356057 0.5
14175 14182 3.398529094 0.05296225071 0.5
14176 14180 0 0 0.5
14177 14178 0 0 0.5
14177 14179 0 0 0.5
14178 14180 0 0 0.5
14179 14180 0 0 0.5
14180 14182 0 0 0.5
14182 14185 3.398529094 0.05296225071 0.5
14182 14190 0 0 0.5
14183 14186 3.328062499 0.05454356057 0.5
14183 14188 2.979093822 0.02291287847 0.5
14183 14189 2.979093822 0.02291287847 0.5
14184 14187 0 0 0.5
14186 14190 0 0 0.5
14187 14188 0 0 0.5
14187 14189 0 0 0.5
14188 14190 0 0 0.5
14189 14190 0 0 0.5
14192 14195 3.398529094 0.05296225071 0.5
14192 14200 0 0 0.5
14192 14203 3.422718218 0.05454356057 0.5
14192 14215 3.398529094 0.05296225071 0.5
14192 14220 0 0 0.5
14193 14196 3.328062499 0.05454356057 0.5
14193 14198 2.979093822 0.02291287847 0.5
14193 14199 2.979093822 0.02291287847 0.5
14193 14204 3.422718218 0.05454356057 0.5
14193 14212 3.422718218 0.05454356057 0.5
14193 14214 3.422718218 0.05454356057 0.5
14194 14197 0 0 0.5
14194 14203 3.422718218 0.05454356057 0.5
14194 14213 3.422718218 0.05454356057 0.5
14195 14202 3.398529094 0.05296225071 0.5
14196 14200 0 0 0.5
14197 14198 0 0 0.5
14197 14199 0 0 0.5
14198 14200 0 0 0.5
14199 14200 0 0 0.5
14200 14202 0 0 0.5
14202 14205 3.398529094 0.05296225071 0.5
14202 14210 0 0 0.5
14202 14213 3.422718218 0.05454356057 0.5
14203 14206 3.328062499 0.05454356057 0.5
14203 14208 2.979093822 0.02291287847 0.5
14203 14209 2.979093822 0.02291287847 0.5
14203 14214 3.422718218 0.05454356057 0.5
14204 14207 0 0 0.5
14204 14213 3.422718218 0.05454356057 0.5
14205 14212 3.398529094 0.05296225071 0.5
14206 14210 0 0 0.5
14207 14208 0 0 0.5
14207 14209 0 0 0.5
14208 14210 0 0 0.5
14209 14210 0 0 0.5
14210 14212 0 0 0.5
14212 14215 3.398529094 0.05296225071 0.5
14212 14220 0 0 0.5
14213 14216 3.328062499 0.05454356057 0.5
14213 14218 2.979093822 0.02291287847 0.5
14213 14219 2.979093822 0.02291287847 0.5
14214 14217 0 0 0.5
14216 14220 0 0 0.5
14217 14218 0 0 0.5
14217 14219 0 0 0.5
14218 14220 0 0 0.5
14219 14220 0 0 0.5
14222 14225 3.398529094 0.05296225071 0.5
14222 14230 0 0 0.5
14222 14233 3.422718218 0.05454356057 0.5
14222 14245 3.398529094 0.05296225071 0.5
14222 14250 0 0 0.5
14223 14226 3.328062499 0.05454356057 0.5
14223 14228 2.979093822 0.02291287847 0.5
14223 14229 2.979093822 0.02291287847 0.5
14223 14234 3.422718218 0.05454356057 0.5
14223 14242 3.422718218 0.05454356057 0.5
14223 14244 3.422718218 0.05454356057 0.5
14224 14227 0 0 0.5
14224 14233 3.422718218 0.05454356057 0.5
14224 14243 3.422718218 0.05454356057 0.5
14225 14232 3.398529094 0.05296225071 0.5
14226 14230 0 0 0.5
14227 14228 0 0 0.5
14227 14229 0 0 0.5
14228 14230 0 0 0.5
14229 14230 0 0 0.5
14230 14232 0 0 0.5
14232 14235 3.398529094 0.05296225071 0.5
14232 14240 0 0 0.5
14232 14243 3.422718218 0.05454356057 0.5
14233 14236 3.328062499 0.05454356057 0.5
14233 14238 2.979093822 0.02291287847 0.5
14233 14239 2.979093822 0.02291287847 0.5
14233 14244 3.422718218 0.05454356057 0.5
14234 14237 0 0 0.5
14234 14243 3.422718218 0.05454356057 0.5
14235 14242 3.398529094 0.05296225071 0.5
14236 14240 0 0 0.5
14237 14238 0 0 0.5
14237 14239 0 0 0.5
14238 14240 0 0 0.5
14239 14240 0 0 0.5
14240 14242 0 0 0.5
14242 14245 3.398529094 0.05296225071 0.5
14242 14250 0 0 0.5
14243 14246 3.328062499 0.05454356057 0.5
14243 14248 2.979093822 0.02291287847 0.5
14243 14249 2.979093822 0.02291287847 0.5
14244 14247 0 0 0.5
14246 14250 0 0 0.5
14247 14248 0 0 0.5
14247 14249 0 0 0.5
14248 14250 0 0 0.5
14249 14250 0 0 0.5
14252 14255 3.398529094 0.05296225071 0.5
14252 14260 0 0 0.5
14252 14263 3.422718218 0.05454356057 0.5
14252 14275 3.398529094 0.05296225071 0.5
14252 14280 0 0 0.5
14253 14256 3.328062499 0.05454356057 0.5
14253 14258 2.979093822 0.02291287847 0.5
14253 14259 2.979093822 0.02291287847 0.5
14253 14264 3.422718218 0.05454356057 0.5
14253 14272 3.422718218 0.05454356057 0.5
14253 14274 3.422718218 0.05454356057 0.5
14254 14257 0 0 0.5
14254 14263 3.422718218 0.05454356057 0.5
14254 14273 3.422718218 0.05454356057 0.5
14255 14262 3.398529094 0.05296225071 0.5
14256 14260 0 0 0.5
14257 14258 0 0 0.5
14257 14259 0 0 0.5
14258 14260 0 0 0.5
14259 14260 0 0 0.5
14260 14262 0 0 0.5
14262 14265 3.398529094 0.05296225071 0.5
14262 14270 0 0 0.5
14262 14273 3.422718218 0.05454356057 0.5
14263 14266 3.328062499 0.05454356057 0.5
14263 14268 2.979093822 0.02291287847 0.5
14263 14269 2.979093822 0.02291287847 0.5
14263 14274 3.422718218 0.05454356057 0.5
14264 14267 0 0 0.5
14264 14273 3.422718218 0.05454356057 0.5
14265 14272 3.398529094 0.05296225071 0.5
14266 14270 0 0 0.5
14267 14268 0 0 0.5
14267 14269 0 0 0.5
14268 14270 0 0 0.5
14269 14270 0 0 0.5
14270 14272 0 0 0.5
14272 14275 3.398529094 0.05296225071 0.5
14272 14280 0 0 0.5
14273 14276 3.328062499 0.05454356057 0.5
14273 14278 2.979093822 0.02291287847 0.5
14273 14279 2.979093822 0.02291287847 0.5
14274 14277 0 0 0.5
14276 14280 0 0 0.5
14277 14278 0 0 0.5
14277 14279 0 0 0.5
14278 14280 0 0 0.5
14279 14280 0 0 0.5
14282 14285 3.398529094 0.05296225071 0.5
14282 14290 0 0 0.5
14282 14293 3.422718218 0.05454356057 0.5
14282 14305 3.398529094 0.05296225071 0.5
14282 14310 0 0 0.5
14283 14286 3.328062499 0.05454356057 0.5
14283 14288 2.979093822 0.02291287847 0.5
14283 14289 2.979093822 0.02291287847 0.5
14283 14294 3.422718218 0.05454356057 0.5
14283 14302 3.422718218 0.05454356057 0.5
14283 14304 3.422718218 0.05454356057 0.5
14284 14287 0 0 0.5
14284 14293 3.422718218 0.05454356057 0.5
14284 14303 3.422718218 0.05454356057 0.5
14285 14292 3.398529094 0.05296225071 0.5
14286 14290 0 0 0.5
14287 14288 0 0 0.5
14287 14289 0 0 0.5
14288 14290 0 0 0.5
14289 14290 0 0 0.5
14290 14292 0 0 0.5
14292 14295 3.398529094 0.05296225071 0.5
14292 14300 0 0 0.5
14292 14303 3.422718218 0.05454356057 0.5
14293 14296 3.328062499 0.05454356057 0.5
14293 14298 2.979093822 0.02291287847 0.5
14293 14299 2.979093822 0.02291287847 0.5
14293 14304 3.422718218 0.05454356057 0.5
14294 14297 0 0 0.5
14294 14303 3.422718218 0.05454356057 0.5
14295 14302 3.398529094 0.05296225071 0.5
14296 14300 0 0 0.5
14297 14298 0 0 0.5
14297 14299 0 0 0.5
14298 14300 0 0 0.5
14299 14300 0 0 0.5
14300 14302 0 0 0.5
14302 14305 3.398529094 0.05296225071 0.5
14302 14310 0 0 0.5
14303 14306 3.328062499 0.05454356057 0.5
14303 14308 2.979093822 0.02291287847 0.5
14303 14309 2.979093822 0.02291287847 0.5
14304 14307 0 0 0.5
14306 14310 0 0 0.5
14307 14308 0 0 0.5
14307 14309 0 0 0.5
14308 14310 0 0 0.5
14309 14310 0 0 0.5
14312 14315 3.398529094 0.05296225071 0.5
14312 14320 0 0 0.5
14312 14323 3.422718218 0.05454356057 0.5
14312 14335 3.398529094 0.05296225071 0.5
14312 14340 0 0 0.5
14313 14316 3.328062499 0.05454356057 0.5
14313 14318 2.979093822 0.02291287847 0.5
14313 14319 2.979093822 0.02291287847 0.5
14313 14324 3.422718218 0.05454356057 0.5
14313 14332 3.422718218 0.05454356057 0.5
14313 14334 3.422718218 0.05454356057 0.5
14314 14317 0 0 0.5
14314 14323 3.422718218 0.05454356057 0.5
14314 14333 3.422718218 0.05454356057 0.5
14315 14322 3.398529094 0.05296225071 0.5
14316 14320 0 0 0.5
14317 14318 0 0 0.5
14317 14319 0 0 0.5
14318 14320 0 0 0.5
14319 14320 0 0 0.5
14320 14322 0 0 0.5
14322 14325 3.398529094 0.05296225071 0.5
14322 14330 0 0 0.5
14322 14333 3.422718218 0.05454356057 0.5
14323 14326 3.328062499 0.05454356057 0.5
14323 14328 2.979093822 0.02291287847 0.5
14323 14329 2.979093822 0.02291287847 0.5
14323 14334 3.422718218 0.05454356057 0.5
14324 14327 0 0 0.5
14324 14333 3.422718218 0.05454356057 0.5
14325 14332 3.398529094 0.05296225071 0.5
14326 14330 0 0 0.5
14327 14328 0 0 0.5
14327 14329 0 0 0.5
14328 14330 0 0 0.5
14329 14330 0 0 0.5
14330 14332 0 0 0.5
14332 14335 3.398529094 0.05296225071 0.5
14332 14340 0 0 0.5
14333 14336 3.328062499 0.05454356057 0.5
14333 14338 2.979093822 0.02291287847 0.5
14333 14339 2.979093822 0.02291287847 0.5
14334 14337 0 0 0.5
14336 14340 0 0 0.5
14337 14338 0 0 0.5
14337 14339 0 0 0.5
14338 14340 0 0 0.5
14339 14340 0 0 0.5
14342 14345 3.398529094 0.05296225071 0.5
14342 14350 0 0 0.5
14342 14353 3.422718218 0.05454356057 0.5
14342 14365 3.398529094 0.05296225071 0.5
14342 14370 0 0 0.5
14343 14346 3.328062499 0.05454356057 0.5
14343 14348 2.979093822 0.02291287847 0.5
14343 14349 2.979093822 0.02291287847 0.5
14343 14354 3.422718218 0.05454356057 0.5
14343 14362 3.422718218 0.05454356057 0.5
14343 14364 3.422718218 0.05454356057 0.5
14344 14347 0 0 0.5
14344 14353 3.422718218 0.05454356057 0.5
14344 14363 3.422718218 0.05454356057 0.5
14345 14352 3.398529094 0.05296225071 0.5
14346 14350 0 0 0.5
14347 14348 0 0 0.5
14347 14349 0 0 0.5
14348 14350 0 0 0.5
14349 14350 0 0 0.5
14350 14352 0 0 0.5
14352 14355 3.398529094 0.05296225071 0.5
14352 14360 0 0 0.5
14352 14363 3.422718218 0.05454356057 0.5
14353 14356 3.328062499 0.05454356057 0.5
14353 14358 2.979093822 0.02291287847 0.5
14353 14359 2.979093822 0.02291287847 0.5
14353 14364 3.422718218 0.05454356057 0.5
14354 14357 0 0 0.5
14354 14363 3.422718218 0.05454356057 0.5
14355 14362 3.398529094 0.05296225071 0.5
14356 14360 0 0 0.5
14357 14358 0 0 0.5
14357 14359 0 0 0.5
14358 14360 0 0 0.5
14359 14360 0 0 0.5
14360 14362 0 0 0.5
14362 14365 3.398529094 0.05296225071 0.5
14362 14370 0 0 0.5
14363 14366 3.328062499 0.05454356057 0.5
14363 14368 2.979093822 0.02291287847 0.5
14363 14369 2.979093822 0.02291287847 0.5
14364 14367 0 0 0.5
14366 14370 0 0 0.5
14367 14368 0 0 0.5
14367 14369 0 0 0.5
14368 14370 0 0 0.5
14369 14370 0 0 0.5
14372 14375 3.398529094 0.05296225071 0.5
14372 14380 0 0 0.5
14372 14383 3.422718218 0.05454356057 0.5
14372 14395 3.398529094 0.05296225071 0.5
14372 14400 0 0 0.5
14373 14376 3.328062499 0.05454356057 0.5
14373 14378 2.979093822 0.02291287847 0.5
14373 14379 2.979093822 0.02291287847 0.5
14373 14384 3.422718218 0.05454356057 0.5
14373 14392 3.422718218 0.05454356057 0.5
14373 14394 3.422718218 0.05454356057 0.5
14374 14377 0 0 0.5
14374 14383 3.422718218 0.05454356057 0.5
14374 14393 3.422718218 0.05454356057 0.5
14375 14382 3.398529094 0.05296225071 0.5
14376 14380 0 0 0.5
14377 14378 0 0 0.5
14377 14379 0 0 0.5
14378 14380 0 0 0.5
14379 14380 0 0 0.5
14380 14382 0 0 0.5
14382 14385 3.398529094 0.05296225071 0.5
14382 14390 0 0 0.5
14382 14393 3.422718218 0.05454356057 0.5
14383 14386 3.328062499 0.05454356057 0.5
14383 14388 2.979093822 0.02291287847 0.5
14383 14389 2.979093822 0.02291287847 0.5
14383 14394 3.422718218 0.05454356057 0.5
14384 14387 0 0 0.5
14384 14393 3.422718218 0.05454356057 0.5
14385 14392 3.398529094 0.05296225071 0.5
14386 14390 0 0 0.5
14387 14388 0 0 0.5
14387 14389 0 0 0.5
14388 14390 0 0 0.5
14389 14390 0 0 0.5
14390 14392 0 0 0.5
14392 14395 3.398529094 0.05296225071 0.5
14392 14400 0 0 0.5
14393 14396 3.328062499 0.05454356057 0.5
14393 14398 2.979093822 0.02291287847 0.5
14393 14399 2.979093822 0.02291287847 0.5
14394 14397 0 0 0.5
14396 14400 0 0 0.5
14397 14398 0 0 0.5
14397 14399 0 0 0.5
14398 14400 0 0 0.5
14399 14400 0 0 0.5
14402 14405 3.398529094 0.05296225071 0.5
14402 14410 0 0 0.5
14402 14413 3.422718218 0.05454356057 0.5
14402 14425 3.398529094 0.05296225071 0.5
14402 14430 0 0 0.5
14403 14406 3.328062499 0.05454356057 0.5
14403 14408 2.979093822 0.02291287847 0.5
14403 14409 2.979093822 0.02291287847 0.5
14403 14414 3.422718218 0.05454356057 0.5
14403 14422 3.422718218 0.05454356057 0.5
14403 14424 3.422718218 0.05454356057 0.5
14404 14407 0 0 0.5
14404 14413 3.422718218 0.05454356057 0.5
14404 14423 3.422718218 0.05454356057 0.5
14405 14412 3.398529094 0.05296225071 0.5
14406 14410 0 0 0.5
14407 14408 0 0 0.5
14407 14409 0 0 0.5
14408 14410 0 0 0.5
14409 14410 0 0 0.5
14410 14412 0 0 0.5
14412 14415 3.398529094 0.05296225071 0.5
14412 14420 0 0 0.5
14412 14423 3.422718218 0.05454356057 0.5
14413 14416 3.328062499 0.05454356057 0.5
14413 14418 2.979093822 0.02291287847 0.5
14413 14419 2.979093822 0.02291287847 0.5
14413 14424 3.422718218 0.05454356057 0.5
14414 14417 0 0 0.5
14414 14423 3.422718218 0.05454356057 0.5
14415 14422 3.398529094 0.05296225071 0.5
14416 14420 0 0 0.5
14417 14418 0 0 0.5
14417 14419 0 0 0.5
14418 14420 0 0 0.5
14419 14420 0 0 0.5
14420 14422 0 0 0.5
14422 14425 3.398529094 0.05296225071 0.5
14422 14430 0 0 0.5
14423 14426 3.328062499 0.05454356057 0.5
14423 14428 2.979093822 0.02291287847 0.5
14423 14429 2.979093822 0.02291287847 0.5
14424 14427 0 0 0.5
14426 14430 0 0 0.5
14427 14428 0 0 0.5
14427 14429 0 0 0.5
14428 14430 0 0 0.5
14429 14430 0 0 0.5
14432 14435 3.398529094 0.05296225071 0.5
14432 14440 0 0 0.5
14432 14443 3.422718218 0.05454356057 0.5
14432 14455 3.398529094 0.05296225071 0.5
14432 14460 0 0 0.5
14433 14436 3.328062499 0.05454356057 0.5
14433 14438 2.979093822 0.02291287847 0.5
14433 14439 2.979093822 0.02291287847 0.5
14433 14444 3.422718218 0.05454356057 0.5
14433 14452 3.422718218 0.05454356057 0.5
14433 14454 3.422718218 0.05454356057 0.5
14434 14437 0 0 0.5
14434 14443 3.422718218 0.05454356057 0.5
14434 14453 3.422718218 0.05454356057 0.5
14435 14442 3.398529094 0.05296225071 0.5
14436 14440 0 0 0.5
14437 14438 0 0 0.5
14437 14439 0 0 0.5
14438 14440 0 0 0.5
14439 14440 0 0 0.5
14440 14442 0 0 0.5
14442 14445 3.398529094 0.05296225071 0.5
14442 14450 0 0 0.5
14442 14453 3.422718218 0.05454356057 0.5
14443 14446 3.328062499 0.05454356057 0.5
14443 14448 2.979093822 0.02291287847 0.5
14443 14449 2.979093822 0.02291287847 0.5
14443 14454 3.422718218 0.05454356057 0.5
14444 14447 0 0 0.5
14444 14453 3.422718218 0.05454356057 0.5
14445 14452 3.398529094 0.05296225071 0.5
14446 14450 0 0 0.5
14447 14448 0 0 0.5
14447 14449 0 0 0.5
14448 14450 0 0 0.5
14449 14450 0 0 0.5
14450 14452 0 0 0.5
14452 14455 3.398529094 0.05296225071 0.5
14452 14460 0 0 0.5
14453 14456 3.328062499 0.05454356057 0.5
14453 14458 2.979093822 0.02291287847 0.5
14453 14459 2.979093822 0.02291287847 0.5
14454 14457 0 0 0.5
14456 14460 0 0 0.5
14457 14458 0 0 0.5
14457 14459 0 0 0.5
14458 14460 0 0 0.5
14459 14460 0 0 0.5
14462 14465 3.398529094 0.05296225071 0.5
14462 14470 0 0 0.5
14462 14473 3.422718218 0.05454356057 0.5
14462 14485 3.398529094 0.05296225071 0.5
14462 14490 0 0 0.5
14463 14466 3.328062499 0.05454356057 0.5
14463 14468 2.979093822 0.02291287847 0.5
14463 14469 2.979093822 0.02291287847 0.5
14463 14474 3.422718218 0.05454356057 0.5
14463 14482 3.422718218 0.05454356057 0.5
14463 14484 3.422718218 0.05454356057 0.5
14464 14467 0 0 0.5
14464 14473 3.422718218 0.05454356057 0.5
14464 14483 3.422718218 0.05454356057 0.5
14465 14472 3.398529094 0.05296225071 0.5
14466 14470 0 0 0.5
14467 14468 0 0 0.5
14467 14469 0 0 0.5
14468 14470 0 0 0.5
14469 14470 0 0 0.5
14470 14472 0 0 0.5
14472 14475 3.398529094 0.05296225071 0.5
14472 14480 0 0 0.5
14472 14483 3.422718218 0.05454356057 0.5
14473 14476 3.328062499 0.05454356057 0.5
14473 14478 2.979093822 0.02291287847 0.5
14473 14479 2.979093822 0.02291287847 0.5
14473 14484 3.422718218 0.05454356057 0.5
14474 14477 0 0 0.5
14474 14483 3.422718218 0.05454356057 0.5
14475 14482 3.398529094 0.05296225071 0.5
14476 14480 0 0 0.5
14477 14478 0 0 0.5
14477 14479 0 0 0.5
14478 14480 0 0 0.5
14479 14480 0 0 0.5
14480 14482 0 0 0.5
14482 14485 3.398529094 0.05296225071 0.5
14482 14490 0 0 0.5
14483 14486 3.328062499 0.05454356057 0.5
14483 14488 2.979093822 0.02291287847 0.5
14483 14489 2.979093822 0.02291287847 0.5
14484 14487 0 0 0.5
14486 14490 0 0 0.5
14487 14488 0 0 0.5
14487 14489 0 0 0.5
14488 14490 0 0 0.5
14489 14490 0 0 0.5
14492 14495 3.398529094 0.05296225071 0.5
14492 14500 0 0 0.5
14492 14503 3.422718218 0.05454356057 0.5
14492 14515 3.398529094 0.05296225071 0.5
14492 14520 0 0 0.5
14493 14496 3.328062499 0.05454356057 0.5
14493 14498 2.979093822 0.02291287847 0.5
14493 14499 2.979093822 0.02291287847 0.5
14493 14504 3.422718218 0.05454356057 0.5
14493 14512 3.422718218 0.05454356057 0.5
14493 14514 3.422718218 0.05454356057 0.5
14494 14497 0 0 0.5
14494 14503 3.422718218 0.05454356057 0.5
14494 14513 3.422718218 0.05454356057 0.5
14495 14502 3.398529094 0.05296225071 0.5
14496 14500 0 0 0.5
14497 14498 0 0 0.5
14497 14499 0 0 0.5
14498 14500 0 0 0.5
14499 14500 0 0 0.5
14500 14502 0 0 0.5
14502 14505 3.398529094 0.05296225071 0.5
14502 14510 0 0 0.5
14502 14513 3.422718218 0.05454356057 0.5
14503 14506 3.328062499 0.05454356057 0.5
14503 14508 2.979093822 0.02291287847 0.5
14503 14509 2.979093822 0.02291287847 0.5
14503 14514 3.422718218 0.05454356057 0.5
14504 14507 0 0 0.5
14504 14513 3.422718218 0.05454356057 0.5
14505 14512 3.398529094 0.05296225071 0.5
14506 14510 0 0 0.5
14507 14508 0 0 0.5
14507 14509 0 0 0.5
14508 14510 0 0 0.5
14509 14510 0 0 0.5
14510 14512 0 0 0.5
14512 14515 3.398529094 0.05296225071 0.5
14512 14520 0 0 0.5
14513 14516 3.328062499 0.05454356057 0.5
14513 14518 2.979093822 0.02291287847 0.5
14513 14519 2.979093822 0.02291287847 0.5
14514 14517 0 0 0.5
14516 14520 0 0 0.5
14517 14518 0 0 0.5
14517 14519 0 0 0.5
14518 14520 0 0 0.5
14519 14520 0 0 0.5
14522 14525 3.398529094 0.05296225071 0.5
14522 14530 0 0 0.5
14522 14533 3.422718218 0.05454356057 0.5
14522 14545 3.398529094 0.05296225071 0.5
14522 14550 0 0 0.5
14523 14526 3.328062499 0.05454356057 0.5
14523 14528 2.979093822 0.02291287847 0.5
14523 14529 2.979093822 0.02291287847 0.5
14523 14534 3.422718218 0.05454356057 0.5
14523 14542 3.422718218 0.05454356057 0.5
14523 14544 3.422718218 0.05454356057 0.5
14524 14527 0 0 0.5
14524 14533 3.422718218 0.05454356057 0.5
14524 14543 3.422718218 0.05454356057 0.5
14525 14532 3.398529094 0.05296225071 0.5
14526 14530 0 0 0.5
14527 14528 0 0 0.5
14527 14529 0 0 0.5
14528 14530 0 0 0.5
14529 14530 0 0 0.5
14530 14532 0 0 0.5
14532 14535 3.398529094 0.05296225071 0.5
14532 14540 0 0 0.5
14532 14543 3.422718218 0.05454356057 0.5
14533 14536 3.328062499 0.05454356057 0.5
14533 14538 2.979093822 0.02291287847 0.5
14533 14539 2.979093822 0.02291287847 0.5
14533 14544 3.422718218 0.05454356057 0.5
14534 14537 0 0 0.5
14534 14543 3.422718218 0.05454356057 0.5
14535 14542 3.398529094 0.05296225071 0.5
14536 14540 0 0 0.5
14537 14538 0 0 0.5
14537 14539 0 0 0.5
14538 14540 0 0 0.5
14539 14540 0 0 0.5
14540 14542 0 0 0.5
14542 14545 3.398529094 0.05296225071 0.5
14542 14550 0 0 0.5
14543 14546 3.328062499 0.05454356057 0.5
14543 14548 2.979093822 0.02291287847 0.5
14543 14549 2.979093822 0.02291287847 0.5
14544 14547 0 0 0.5
14546 14550 0 0 0.5
14547 14548 0 0 0.5
14547 14549 0 0 0.5
14548 14550 0 0 0.5
14549 14550 0 0 0.5
14552 14555 3.398529094 0.05296225071 0.5
14552 14560 0 0 0.5
14552 14563 3.422718218 0.05454356057 0.5
14552 14575 3.398529094 0.05296225071 0.5
14552 14580 0 0 0.5
14553 14556 3.328062499 0.05454356057 0.5
14553 14558 2.979093822 0.02291287847 0.5
14553 14559 2.979093822 0.02291287847 0.5
14553 14564 3.422718218 0.05454356057 0.5
14553 14572 3.422718218 0.05454356057 0.5
14553 14574 3.422718218 0.05454356057 0.5
14554 14557 0 0 0.5
14554 14563 3.422718218 0.05454356057 0.5
14554 14573 3.422718218 0.05454356057 0.5
14555 14562 3.398529094 0.05296225071 0.5
14556 14560 0 0 0.5
14557 14558 0 0 0.5
14557 14559 0 0 0.5
14558 14560 0 0 0.5
14559 14560 0 0 0.5
14560 14562 0 0 0.5
14562 14565 3.398529094 0.05296225071 0.5
14562 14570 0 0 0.5
14562 14573 3.422718218 0.05454356057 0.5
14563 14566 3.328062499 0.05454356057 0.5
14563 14568 2.979093822 0.02291287847 0.5
14563 14569 2.979093822 0.02291287847 0.5
14563 14574 3.422718218 0.05454356057 0.5
14564 14567 0 0 0.5
14564 14573 3.422718218 0.05454356057 0.5
14565 14572 3.398529094 0.05296225071 0.5
14566 14570 0 0 0.5
14567 14568 0 0 0.5
14567 14569 0 0 0.5
14568 14570 0 0 0.5
14569 14570 0 0 0.5
14570 14572 0 0 0.5
14572 14575 3.398529094 0.05296225071 0.5
14572 14580 0 0 0.5
14573 14576 3.328062499 0.05454356057 0.5
14573 14578 2.979093822 0.02291287847 0.5
14573 14579 2.979093822 0.02291287847 0.5
14574 14577 0 0 0.5
14576 14580 0 0 0.5
14577 14578 0 0 0.5
14577 14579 0 0 0.5
14578 14580 0 0 0.5
14579 14580 0 0 0.5
14582 14585 3.398529094 0.05296225071 0.5
14582 14590 0 0 0.5
14582 14593 3.422718218 0.05454356057 0.5
14582 14605 3.398529094 0.05296225071 0.5
14582 14610 0 0 0.5
14583 14586 3.328062499 0.05454356057 0.5
14583 14588 2.979093822 0.02291287847 0.5
14583 14589 2.979093822 0.02291287847 0.5
14583 14594 3.422718218 0.05454356057 0.5
14583 14602 3.422718218 0.05454356057 0.5
14583 14604 3.422718218 0.05454356057 0.5
14584 14587 0 0 0.5
14584 14593 3.422718218 0.05454356057 0.5
14584 14603 3.422718218 0.05454356057 0.5
14585 14592 3.398529094 0.05296225071 0.5
14586 14590 0 0 0.5
14587 14588 0 0 0.5
14587 14589 0 0 0.5
14588 14590 0 0 0.5
14589 14590 0 0 0.5
14590 14592 0 0 0.5
14592 14595 3.398529094 0.05296225071 0.5
14592 14600 0 0 0.5
14592 14603 3.422718218 0.05454356057 0.5
14593 14596 3.328062499 0.05454356057 0.5
14593 14598 2.979093822 0.02291287847 0.5
14593 14599 2.979093822 0.02291287847 0.5
14593 14604 3.422718218 0.05454356057 0.5
14594 14597 0 0 0.5
14594 14603 3.422718218 0.05454356057 0.5
14595 14602 3.398529094 0.05296225071 0.5
14596 14600 0 0 0.5
14597 14598 0 0 0.5
14597 14599 0 0 0.5
14598 14600 0 0 0.5
14599 14600 0 0 0.5
14600 14602 0 0 0.5
14602 14605 3.398529094 0.05296225071 0.5
14602 14610 0 0 0.5
14603 14606 3.328062499 0.05454356057 0.5
14603 14608 2.979093822 0.02291287847 0.5
14603 14609 2.979093822 0.02291287847 0.5
14604 14607 0 0 0.5
14606 14610 0 0 0.5
14607 14608 0 0 0.5
14607 14609 0 0 0.5
14608 14610 0 0 0.5
14609 14610 0 0 0.5
14612 14615 3.398529094 0.05296225071 0.5
14612 14620 0 0 0.5
14612 14623 3.422718218 0.05454356057 0.5
14612 14635 3.398529094 0.05296225071 0.5
14612 14640 0 0 0.5
14613 14616 3.328062499 0.05454356057 0.5
14613 14618 2.979093822 0.02291287847 0.5
14613 14619 2.979093822 0.02291287847 0.5
14613 14624 3.422718218 0.05454356057 0.5
14613 14632 3.422718218 0.05454356057 0.5
14613 14634 3.422718218 0.05454356057 0.5
14614 14617 0 0 0.5
14614 14623 3.422718218 0.05454356057 0.5
14614 14633 3.422718218 0.05454356057 0.5
14615 14622 3.398529094 0.05296225071 0.5
14616 14620 0 0 0.5
14617 14618 0 0 0.5
14617 14619 0 0 0.5
14618 14620 0 0 0.5
14619 14620 0 0 0.5
14620 14622 0 0 0.5
14622 14625 3.398529094 0.05296225071 0.5
14622 14630 0 0 0.5
14622 14633 3.422718218 0.05454356057 0.5
14623 14626 3.328062499 0.05454356057 0.5
14623 14628 2.979093822 0.02291287847 0.5
14623 14629 2.979093822 0.02291287847 0.5
14623 14634 3.422718218 0.05454356057 0.5
14624 14627 0 0 0.5
14624 14633 3.422718218 0.05454356057 0.5
14625 14632 3.398529094 0.05296225071 0.5
14626 14630 0 0 0.5
14627 14628 0 0 0.5
14627 14629 0 0 0.5
14628 14630 0 0 0.5
14629 14630 0 0 0.5
14630 14632 0 0 0.5
14632 14635 3.398529094 0.05296225071 0.5
14632 14640 0 0 0.5
14633 14636 3.328062499 0.05454356057 0.5
14633 14638 2.979093822 0.02291287847 0.5
14633 14639 2.979093822 0.02291287847 0.5
14634 14637 0 0 0.5
14636 14640 0 0 0.5
14637 14638 0 0 0.5
14637 14639 0 0 0.5
14638 14640 0 0 0.5
14639 14640 0 0 0.5
14642 14645 3.398529094 0.05296225071 0.5
14642 14650 0 0 0.5
14642 14653 3.422718218 0.05454356057 0.5
14642 14665 3.398529094 0.05296225071 0.5
14642 14670 0 0 0.5
14643 14646 3.328062499 0.05454356057 0.5
14643 14648 2.979093822 0.02291287847 0.5
14643 14649 2.979093822 0.02291287847 0.5
14643 14654 3.422718218 0.05454356057 0.5
14643 14662 3.422718218 0.05454356057 0.5
14643 14664 3.422718218 0.05454356057 0.5
14644 14647 0 0 0.5
14644 14653 3.422718218 0.05454356057 0.5
14644 14663 3.422718218 0.05454356057 0.5
14645 14652 3.398529094 0.05296225071 0.5
14646 14650 0 0 0.5
14647 14648 0 0 0.5
14647 14649 0 0 0.5
14648 14650 0 0 0.5
14649 14650 0 0 0.5
14650 14652 0 0 0.5
14652 14655 3.398529094 0.05296225071 0.5
14652 14660 0 0 0.5
14652 14663 3.422718218 0.05454356057 0.5
14653 14656 3.328062499 0.05454356057 0.5
14653 14658 2.979093822 0.02291287847 0.5
14653 14659 2.979093822 0.02291287847 0.5
14653 14664 3.422718218 0.05454356057 0.5
14654 14657 0 0 0.5
14654 14663 3.422718218 0.05454356057 0.5
14655 14662 3.398529094 0.05296225071 0.5
14656 14660 0 0 0.5
14657 14658 0 0 0.5
14657 14659 0 0 0.5
14658 14660 0 0 0.5
14659 14660 0 0 0.5
14660 14662 0 0 0.5
14662 14665 3.398529094 0.05296225071 0.5
14662 14670 0 0 0.5
14663 14666 3.328062499 0.05454356057 0.5
14663 14668 2.979093822 0.02291287847 0.5
14663 14669 2.979093822 0.02291287847 0.5
14664 14667 0 0 0.5
14666 14670 0 0 0.5
14667 14668 0 0 0.5
14667 14669 0 0 0.5
14668 14670 0 0 0.5
14669 14670 0 0 0.5
14672 14675 3.398529094 0.05296225071 0.5
14672 14680 0 0 0.5
14672 14683 3.422718218 0.05454356057 0.5
14672 14695 3.398529094 0.05296225071 0.5
14672 14700 0 0 0.5
14673 14676 3.328062499 0.05454356057 0.5
14673 14678 2.979093822 0.02291287847 0.5
14673 14679 2.979093822 0.02291287847 0.5
14673 14684 3.422718218 0.05454356057 0.5
14673 14692 3.422718218 0.05454356057 0.5
14673 14694 3.422718218 0.05454356057 0.5
14674 14677 0 0 0.5
14674 14683 3.422718218 0.05454356057 0.5
14674 14693 3.422718218 0.05454356057 0.5
14675 14682 3.398529094 0.05296225071 0.5
14676 14680 0 0 0.5
14677 14678 0 0 0.5
14677 14679 0 0 0.5
14678 14680 0 0 0.5
14679 14680 0 0 0.5
14680 14682 0 0 0.5
14682 14685 3.398529094 0.05296225071 0.5
14682 14690 0 0 0.5
14682 14693 3.422718218 0.05454356057 0.5
14683 14686 3.328062499 0.05454356057 0.5
14683 14688 2.979093822 0.02291287847 0.5
14683 14689 2.979093822 0.02291287847 0.5
14683 14694 3.422718218 0.05454356057 0.5
14684 14687 0 0 0.5
14684 14693 3.422718218 0.05454356057 0.5
14685 14692 3.398529094 0.05296225071 0.5
14686 14690 0 0 0.5
14687 14688 0 0 0.5
14687 14689 0 0 0.5
14688 14690 0 0 0.5
14689 14690 0 0 0.5
14690 14692 0 0 0.5
14692 14695 3.398529094 0.05296225071 0.5
14692 14700 0 0 0.5
14693 14696 3.328062499 0.05454356057 0.5
14693 14698 2.979093822 0.02291287847 0.5
14693 14699 2.979093822 0.02291287847 0.5
14694 14697 0 0 0.5
14696 14700 0 0 0.5
14697 14698 0 0 0.5
14697 14699 0 0 0.5
14698 14700 0 0 0.5
14699 14700 0 0 0.5
14702 14705 3.398529094 0.05296225071 0.5
14702 14710 0 0 0.5
14702 14713 3.422718218 0.05454356057 0.5
14702 14725 3.398529094 0.05296225071 0.5
14702 14730 0 0 0.5
14703 14706 3.328062499 0.05454356057 0.5
14703 14708 2.979093822 0.02291287847 0.5
14703 14709 2.979093822 0.02291287847 0.5
14703 14714 3.422718218 0.05454356057 0.5
14703 14722 3.422718218 0.05454356057 0.5
14703 14724 3.422718218 0.05454356057 0.5
14704 14707 0 0 0.5
14704 14713 3.422718218 0.05454356057 0.5
14704 14723 3.422718218 0.05454356057 0.5
14705 14712 3.398529094 0.05296225071 0.5
14706 14710 0 0 0.5
14707 14708 0 0 0.5
14707 14709 0 0 0.5
14708 14710 0 0 0.5
14709 14710 0 0 0.5
14710 14712 0 0 0.5
14712 14715 3.398529094 0.05296225071 0.5
14712 14720 0 0 0.5
14712 14723 3.422718218 0.05454356057 0.5
14713 14716 3.328062499 0.05454356057 0.5
14713 14718 2.979093822 0.02291287847 0.5
14713 14719 2.979093822 0.02291287847 0.5
14713 14724 3.422718218 0.05454356057 0.5
14714 14717 0 0 0.5
14714 14723 3.422718218 0.05454356057 0.5
14715 14722 3.398529094 0.05296225071 0.5
14716 14720 0 0 0.5
14717 14718 0 0 0.5
14717 14719 0 0 0.5
14718 14720 0 0 0.5
14719 14720 0 0 0.5
14720 14722 0 0 0.5
14722 14725 3.398529094 0.05296225071 0.5
14722 14730 0 0 0.5
14723 14726 3.328062499 0.05454356057 0.5
14723 14728 2.979093822 0.02291287847 0.5
14723 14729 2.979093822 0.02291287847 0.5
14724 14727 0 0 0.5
14726 14730 0 0 0.5
14727 14728 0 0 0.5
14727 14729 0 0 0.5
14728 14730 0 0 0.5
14729 14730 0 0 0.5
14732 14735 3.398529094 0.05296225071 0.5
14732 14740 0 0 0.5
14732 14743 3.422718218 0.05454356057 0.5
14732 14755 3.398529094 0.05296225071 0.5
14732 14760 0 0 0.5
14733 14736 3.328062499 0.05454356057 0.5
14733 14738 2.979093822 0.02291287847 0.5
14733 14739 2.979093822 0.02291287847 0.5
14733 14744 3.422718218 0.05454356057 0.5
14733 14752 3.422718218 0.05454356057 0.5
14733 14754 3.422718218 0.05454356057 0.5
14734 14737 0 0 0.5
14734 14743 3.422718218 0.05454356057 0.5
14734 14753 3.422718218 0.05454356057 0.5
14735 14742 3.398529094 0.05296225071 0.5
14736 14740 0 0 0.5
14737 14738 0 0 0.5
14737 14739 0 0 0.5
14738 14740 0 0 0.5
14739 14740 0 0 0.5
14740 14742 0 0 0.5
14742 14745 3.398529094 0.05296225071 0.5
14742 14750 0 0 0.5
14742 14753 3.422718218 0.05454356057 0.5
14743 14746 3.328062499 0.05454356057 0.5
14743 14748 2.979093822 0.02291287847 0.5
14743 14749 2.979093822 0.02291287847 0.5
14743 14754 3.422718218 0.05454356057 0.5
14744 14747 0 0 0.5
14744 14753 3.422718218 0.05454356057 0.5
14745 14752 3.398529094 0.05296225071 0.5
14746 14750 0 0 0.5
14747 14748 0 0 0.5
14747 14749 0 0 0.5
14748 14750 0 0 0.5
14749 14750 0 0 0.5
14750 14752 0 0 0.5
14752 14755 3.398529094 0.05296225071 0.5
14752 14760 0 0 0.5
14753 14756 3.328062499 0.05454356057 0.5
14753 14758 2.979093822 0.02291287847 0.5
14753 14759 2.979093822 0.02291287847 0.5
14754 14757 0 0 0.5
14756 14760 0 0 0.5
14757 14758 0 0 0.5
14757 14759 0 0 0.5
14758 14760 0 0 0.5
14759 14760 0 0 0.5
14762 14765 3.398529094 0.05296225071 0.5
14762 14770 0 0 0.5
14762 14773 3.422718218 0.05454356057 0.5
14762 14785 3.398529094 0.05296225071 0.5
14762 14790 0 0 0.5
14763 14766 3.328062499 0.05454356057 0.5
14763 14768 2.979093822 0.02291287847 0.5
14763 14769 2.979093822 0.02291287847 0.5
14763 14774 3.422718218 0.05454356057 0.5
14763 14782 3.422718218 0.05454356057 0.5
14763 14784 3.422718218 0.05454356057 0.5
14764 14767 0 0 0.5
14764 14773 3.422718218 0.05454356057 0.5
14764 14783 3.422718218 0.05454356057 0.5
14765 14772 3.398529094 0.05296225071 0.5
14766 14770 0 0 0.5
14767 14768 0 0 0.5
14767 14769 0 0 0.5
14768 14770 0 0 0.5
14769 14770 0 0 0.5
14770 14772 0 0 0.5
14772 14775 3.398529094 0.05296225071 0.5
14772 14780 0 0 0.5
14772 14783 3.422718218 0.05454356057 0.5
14773 14776 3.328062499 0.05454356057 0.5
14773 14778 2.979093822 0.02291287847 0.5
14773 14779 2.979093822 0.02291287847 0.5
14773 14784 3.422718218 0.05454356057 0.5
14774 14777 0 0 0.5
14774 14783 3.422718218 0.05454356057 0.5
14775 14782 3.398529094 0.05296225071 0.5
14776 14780 0 0 0.5
14777 14778 0 0 0.5
14777 14779 0 0 0.5
14778 14780 0 0 0.5
14779 14780 0 0 0.5
14780 14782 0 0 0.5
14782 14785 3.398529094 0.05296225071 0.5
14782 14790 0 0 0.5
14783 14786 3.328062499 0.05454356057 0.5
14783 14788 2.979093822 0.02291287847 0.5
14783 14789 2.979093822 0.02291287847 0.5
14784 14787 0 0 0.5
14786 14790 0 0 0.5
14787 14788 0 0 0.5
14787 14789 0 0 0.5
14788 14790 0 0 0.5
14789 14790 0 0 0.5
14792 14795 3.398529094 0.05296225071 0.5
14792 14800 0 0 0.5
14792 14803 3.422718218 0.05454356057 0.5
14792 14815 3.398529094 0.05296225071 0.5
14792 14820 0 0 0.5
14793 14796 3.328062499 0.05454356057 0.5
14793 14798 2.979093822 0.02291287847 0.5
14793 14799 2.979093822 0.02291287847 0.5
14793 14804 3.422718218 0.05454356057 0.5
14793 14812 3.422718218 0.05454356057 0.5
14793 14814 3.422718218 0.05454356057 0.5
14794 14797 0 0 0.5
14794 14803 3.422718218 0.05454356057 0.5
14794 14813 3.422718218 0.05454356057 0.5
14795 14802 3.398529094 0.05296225071 0.5
14796 14800 0 0 0.5
14797 14798 0 0 0.5
14797 14799 0 0 0.5
14798 14800 0 0 0.5
14799 14800 0 0 0.5
14800 14802 0 0 0.5
14802 14805 3.398529094 0.05296225071 0.5
14802 14810 0 0 0.5
14802 14813 3.422718218 0.05454356057 0.5
14803 14806 3.328062499 0.05454356057 0.5
14803 14808 2.979093822 0.02291287847 0.5
14803 14809 2.979093822 0.02291287847 0.5
14803 14814 3.422718218 0.05454356057 0.5
14804 14807 0 0 0.5
14804 14813 3.422718218 0.05454356057 0.5
14805 14812 3.398529094 0.05296225071 0.5
14806 14810 0 0 0.5
14807 14808 0 0 0.5
14807 14809 0 0 0.5
14808 14810 0 0 0.5
14809 14810 0 0 0.5
14810 14812 0 0 0.5
14812 14815 3.398529094 0.05296225071 0.5
14812 14820 0 0 0.5
14813 14816 3.328062499 0.05454356057 0.5
14813 14818 2.979093822 0.02291287847 0.5
14813 14819 2.979093822 0.02291287847 0.5
14814 14817 0 0 0.5
14816 14820 0 0 0.5
14817 14818 0 0 0.5
14817 14819 0 0 0.5
14818 14820 0 0 0.5
14819 14820 0 0 0.5
14822 14825 3.398529094 0.05296225071 0.5
14822 14830 0 0 0.5
14822 14833 3.422718218 0.05454356057 0.5
14822 14845 3.398529094 0.05296225071 0.5
14822 14850 0 0 0.5
14823 14826 3.328062499 0.05454356057 0.5
14823 14828 2.979093822 0.02291287847 0.5
14823 14829 2.979093822 0.02291287847 0.5
14823 14834 3.422718218 0.05454356057 0.5
14823 14842 3.422718218 0.05454356057 0.5
14823 14844 3.422718218 0.05454356057 0.5
14824 14827 0 0 0.5
14824 14833 3.422718218 0.05454356057 0.5
14824 14843 3.422718218 0.05454356057 0.5
14825 14832 3.398529094 0.05296225071 0.5
14826 14830 0 0 0.5
14827 14828 0 0 0.5
14827 14829 0 0 0.5
14828 14830 0 0 0.5
14829 14830 0 0 0.5
14830 14832 0 0 0.5
14832 14835 3.398529094 0.05296225071 0.5
14832 14840 0 0 0.5
14832 14843 3.422718218 0.05454356057 0.5
14833 14836 3.328062499 0.05454356057 0.5
14833 14838 2.979093822 0.02291287847 0.5
14833 14839 2.979093822 0.02291287847 0.5
14833 14844 3.422718218 0.05454356057 0.5
14834 14837 0 0 0.5
14834 14843 3.422718218 0.05454356057 0.5
14835 14842 3.398529094 0.05296225071 0.5
14836 14840 0 0 0.5
14837 14838 0 0 0.5
14837 14839 0 0 0.5
14838 14840 0 0 0.5
14839 14840 0 0 0.5
14840 14842 0 0 0.5
14842 14845 3.398529094 0.05296225071 0.5
14842 14850 0 0 0.5
14843 14846 3.328062499 0.05454356057 0.5
14843 14848 2.979093822 0.02291287847 0.5
14843 14849 2.979093822 0.02291287847 0.5
14844 14847 0 0 0.5
14846 14850 0 0 0.5
14847 14848 0 0 0.5
14847 14849 0 0 0.5
14848 14850 0 0 0.5
14849 14850 0 0 0.5
14852 14855 3.398529094 0.05296225071 0.5
14852 14860 0 0 0.5
14852 14863 3.422718218 0.05454356057 0.5
14852 14875 3.398529094 0.05296225071 0.5
14852 14880 0 0 0.5
14853 14856 3.328062499 0.05454356057 0.5
14853 14858 2.979093822 0.02291287847 0.5
14853 14859 2.979093822 0.02291287847 0.5
14853 14864 3.422718218 0.05454356057 0.5
14853 14872 3.422718218 0.05454356057 0.5
14853 14874 3.422718218 0.05454356057 0.5
14854 14857 0 0 0.5
14854 14863 3.422718218 0.05454356057 0.5
14854 14873 3.422718218 0.05454356057 0.5
14855 14862 3.398529094 0.05296225071 0.5
14856 14860 0 0 0.5
14857 14858 0 0 0.5
14857 14859 0 0 0.5
14858 14860 0 0 0.5
14859 14860 0 0 0.5
14860 14862 0 0 0.5
14862 14865 3.398529094 0.05296225071 0.5
14862 14870 0 0 0.5
14862 14873 3.422718218 0.05454356057 0.5
14863 14866 3.328062499 0.05454356057 0.5
14863 14868 2.979093822 0.02291287847 0.5
14863 14869 2.979093822 0.02291287847 0.5
14863 14874 3.422718218 0.05454356057 0.5
14864 14867 0 0 0.5
14864 14873 3.422718218 0.05454356057 0.5
14865 14872 3.398529094 0.05296225071 0.5
14866 14870 0 0 0.5
14867 14868 0 0 0.5
14867 14869 0 0 0.5
14868 14870 0 0 0.5
14869 14870 0 0 0.5
14870 14872 0 0 0.5
14872 14875 3.398529094 0.05296225071 0.5
14872 14880 0 0 0.5
14873 14876 3.328062499 0.05454356057 0.5
14873 14878 2.979093822 0.02291287847 0.5
14873 14879 2.979093822 0.02291287847 0.5
14874 14877 0 0 0.5
14876 14880 0 0 0.5
14877 14878 0 0 0.5
14877 14879 0 0 0.5
14878 14880 0 0 0.5
14879 14880 0 0 0.5
14882 14885 3.398529094 0.05296225071 0.5
14882 14890 0 0 0.5
14882 14893 3.422718218 0.05454356057 0.5
14882 14905 3.398529094 0.05296225071 0.5
14882 14910 0 0 0.5
14883 14886 3.328062499 0.05454356057 0.5
14883 14888 2.979093822 0.02291287847 0.5
14883 14889 2.979093822 0.02291287847 0.5
14883 14894 3.422718218 0.05454356057 0.5
14883 14902 3.422718218 0.05454356057 0.5
14883 14904 3.422718218 0.05454356057 0.5
14884 14887 0 0 0.5
14884 14893 3.422718218 0.05454356057 0.5
14884 14903 3.422718218 0.05454356057 0.5
14885 14892 3.398529094 0.05296225071 0.5
14886 14890 0 0 0.5
14887 14888 0 0 0.5
14887 14889 0 0 0.5
14888 14890 0 0 0.5
14889 14890 0 0 0.5
14890 14892 0 0 0.5
14892 14895 3.398529094 0.05296225071 0.5
14892 14900 0 0 0.5
14892 14903 3.422718218 0.05454356057 0.5
14893 14896 3.328062499 0.05454356057 0.5
14893 14898 2.979093822 0.02291287847 0.5
14893 14899 2.979093822 0.02291287847 0.5
14893 14904 3.422718218 0.05454356057 0.5
14894 14897 0 0 0.5
14894 14903 3.422718218 0.05454356057 0.5
14895 14902 3.398529094 0.05296225071 0.5
14896 14900 0 0 0.5
14897 14898 0 0 0.5
14897 14899 0 0 0.5
14898 14900 0 0 0.5
14899 14900 0 0 0.5
14900 14902 0 0 0.5
14902 14905 3.398529094 0.05296225071 0.5
14902 14910 0 0 0.5
14903 14906 3.328062499 0.05454356057 0.5
14903 14908 2.979093822 0.02291287847 0.5
14903 14909 2.979093822 0.02291287847 0.5
14904 14907 0 0 0.5
14906 14910 0 0 0.5
14907 14908 0 0 0.5
14907 14909 0 0 0.5
14908 14910 0 0 0.5
14909 14910 0 0 0.5
14912 14915 3.398529094 0.05296225071 0.5
14912 14920 0 0 0.5
14912 14923 3.422718218 0.05454356057 0.5
14912 14935 3.398529094 0.05296225071 0.5
14912 14940 0 0 0.5
14913 14916 3.328062499 0.05454356057 0.5
14913 14918 2.979093822 0.02291287847 0.5
14913 14919 2.979093822 0.02291287847 0.5
14913 14924 3.422718218 0.05454356057 0.5
14913 14932 3.422718218 0.05454356057 0.5
14913 14934 3.422718218 0.05454356057 0.5
14914 14917 0 0 0.5
14914 14923 3.422718218 0.05454356057 0.5
14914 14933 3.422718218 0.05454356057 0.5
14915 14922 3.398529094 0.05296225071 0.5
14916 14920 0 0 0.5
14917 14918 0 0 0.5
14917 14919 0 0 0.5
14918 14920 0 0 0.5
14919 14920 0 0 0.5
14920 14922 0 0 0.5
14922 14925 3.398529094 0.05296225071 0.5
14922 14930 0 0 0.5
14922 14933 3.422718218 0.05454356057 0.5
14923 14926 3.328062499 0.05454356057 0.5
14923 14928 2.979093822 0.02291287847 0.5
14923 14929 2.979093822 0.02291287847 0.5
14923 14934 3.422718218 0.05454356057 0.5
14924 14927 0 0 0.5
14924 14933 3.422718218 0.05454356057 0.5
14925 14932 3.398529094 0.05296225071 0.5
14926 14930 0 0 0.5
14927 14928 0 0 0.5
14927 14929 0 0 0.5
14928 14930 0 0 0.5
14929 14930 0 0 0.5
14930 14932 0 0 0.5
14932 14935 3.398529094 0.05296225071 0.5
14932 14940 0 0 0.5
14933 14936 3.328062499 0.05454356057 0.5
14933 14938 2.979093822 0.02291287847 0.5
14933 14939 2.979093822 0.02291287847 0.5
14934 14937 0 0 0.5
14936 14940 0 0 0.5
14937 14938 0 0 0.5
14937 14939 0 0 0.5
14938 14940 0 0 0.5
14939 14940 0 0 0.5
14942 14945 3.398529094 0.05296225071 0.5
14942 14950 0 0 0.5
14942 14953 3.422718218 0.05454356057 0.5
14942 14965 3.398529094 0.05296225071 0.5
14942 14970 0 0 0.5
14943 14946 3.328062499 0.05454356057 0.5
14943 14948 2.979093822 0.02291287847 0.5
14943 14949 2.979093822 0.02291287847 0.5
14943 14954 3.422718218 0.05454356057 0.5
14943 14962 3.422718218 0.05454356057 0.5
14943 14964 3.422718218 0.05454356057 0.5
14944 14947 0 0 0.5
14944 14953 3.422718218 0.05454356057 0.5
14944 14963 3.422718218 0.05454356057 0.5
14945 14952 3.398529094 0.05296225071 0.5
14946 14950 0 0 0.5
14947 14948 0 0 0.5
14947 14949 0 0 0.5
14948 14950 0 0 0.5
14949 14950 0 0 0.5
14950 14952 0 0 0.5
14952 14955 3.398529094 0.05296225071 0.5
14952 14960 0 0 0.5
14952 14963 3.422718218 0.05454356057 0.5
14953 14956 3.328062499 0.05454356057 0.5
14953 14958 2.979093822 0.02291287847 0.5
14953 14959 2.979093822 0.02291287847 0.5
14953 14964 3.422718218 0.05454356057 0.5
14954 14957 0 0 0.5
14954 14963 3.422718218 0.05454356057 0.5
14955 14962 3.398529094 0.05296225071 0.5
14956 14960 0 0 0.5
14957 14958 0 0 0.5
14957 14959 0 0 0.5
14958 14960 0 0 0.5
14959 14960 0 0 0.5
14960 14962 0 0 0.5
14962 14965 3.398529094 0.05296225071 0.5
14962 14970 0 0 0.5
14963 14966 3.328062499 0.05454356057 0.5
14963 14968 2.979093822 0.02291287847 0.5
14963 14969 2.979093822 0.02291287847 0.5
14964 14967 0 0 0.5
14966 14970 0 0 0.5
14967 14968 0 0 0.5
14967 14969 0 0 0.5
14968 14970 0 0 0.5
14969 14970 0 0 0.5
14972 14975 3.398529094 0.05296225071 0.5
14972 14980 0 0 0.5
14972 14983 3.422718218 0.05454356057 0.5
14972 14995 3.398529094 0.05296225071 0.5
14972 15000 0 0 0.5
14973 14976 3.328062499 0.05454356057 0.5
14973 14978 2.979093822 0.02291287847 0.5
14973 14979 2.979093822 0.02291287847 0.5
14973 14984 3.422718218 0.05454356057 0.5
14973 14992 3.422718218 0.05454356057 0.5
14973 14994 3.422718218 0.05454356057 0.5
14974 14977 0 0 0.5
14974 14983 3.422718218 0.05454356057 0.5
14974 14993 3.422718218 0.05454356057 0.5
14975 14982 3.398529094 0.05296225071 0.5
14976 14980 0 0 0.5
14977 14978 0 0 0.5
14977 14979 0 0 0.5
14978 14980 0 0 0.5
14979 14980 0 0 0.5
14980 14982 0 0 0.5
14982 14985 3.398529094 0.05296225071 0.5
14982 14990 0 0 0.5
14982 14993 3.422718218 0.05454356057 0.5
14983 14986 3.328062499 0.05454356057 0.5
14983 14988 2.979093822 0.02291287847 0.5
14983 14989 2.979093822 0.02291287847 0.5
14983 14994 3.422718218 0.05454356057 0.5
14984 14987 0 0 0.5
14984 14993 3.422718218 0.05454356057 0.5
14985 14992 3.398529094 0.05296225071 0.5
14986 14990 0 0 0.5
14987 14988 0 0 0.5
14987 14989 0 0 0.5
14988 14990 0 0 0.5
14989 14990 0 0 0.5
14990 14992 0 0 0.5
14992 14995 3.398529094 0.05296225071 0.5
14992 15000 0 0 0.5
14993 14996 3.328062499 0.05454356057 0.5
14993 14998 2.979093822 0.02291287847 0.5
14993 14999 2.979093822 0.02291287847 0.5
14994 14997 0 0 0.5
14996 15000 0 0 0.5
14997 14998 0 0 0.5
14997 14999 0 0 0.5
14998 15000 0 0 0.5
14999 15000 0 0 0.5
