4500
2 6 3.129795093 0.3616801436 1
3 8 3.164295369 0.2811764393 1
5 9 3.164295369 0.2811764393 1
6 11 3.164295369 0.2811764393 1
8 12 3.164295369 0.2811764393 1
9 14 3.164295369 0.2811764393 1
11 15 3.164295369 0.2811764393 1
12 17 3.164295369 0.2811764393 1
14 18 3.129795093 0.3616801436 1
20 24 3.129795093 0.3616801436 1
21 26 3.164295369 0.2811764393 1
23 27 3.164295369 0.2811764393 1
24 29 3.164295369 0.2811764393 1
26 30 3.164295369 0.2811764393 1
27 32 3.164295369 0.2811764393 1
29 33 3.164295369 0.2811764393 1
30 35 3.164295369 0.2811764393 1
32 36 3.129795093 0.3616801436 1
38 42 3.129795093 0.3616801436 1
39 44 3.164295369 0.2811764393 1
41 45 3.164295369 0.2811764393 1
42 47 3.164295369 0.2811764393 1
44 48 3.164295369 0.2811764393 1
45 50 3.164295369 0.2811764393 1
47 51 3.164295369 0.2811764393 1
48 53 3.164295369 0.2811764393 1
50 54 3.129795093 0.3616801436 1
56 60 3.129795093 0.3616801436 1
57 62 3.164295369 0.2811764393 1
59 63 3.164295369 0.2811764393 1
60 65 3.164295369 0.2811764393 1
62 66 3.164295369 0.2811764393 1
63 68 3.164295369 0.2811764393 1
65 69 3.164295369 0.2811764393 1
66 71 3.164295369 0.2811764393 1
68 72 3.129795093 0.3616801436 1
74 78 3.129795093 0.3616801436 1
75 80 3.164295369 0.2811764393 1
77 81 3.164295369 0.2811764393 1
78 83 3.164295369 0.2811764393 1
80 84 3.164295369 0.2811764393 1
81 86 3.164295369 0.2811764393 1
83 87 3.164295369 0.2811764393 1
84 89 3.164295369 0.2811764393 1
86 90 3.129795093 0.3616801436 1
92 96 3.129795093 0.3616801436 1
93 98 3.164295369 0.2811764393 1
95 99 3.164295369 0.2811764393 1
96 101 3.164295369 0.2811764393 1
98 102 3.164295369 0.2811764393 1
99 104 3.164295369 0.2811764393 1
101 105 3.164295369 0.2811764393 1
102 107 3.164295369 0.2811764393 1
104 108 3.129795093 0.3616801436 1
110 114 3.129795093 0.3616801436 1
111 116 3.164295369 0.2811764393 1
113 117 3.164295369 0.2811764393 1
114 119 3.164295369 0.2811764393 1
116 120 3.164295369 0.2811764393 1
117 122 3.164295369 0.2811764393 1
119 123 3.164295369 0.2811764393 1
120 125 3.164295369 0.2811764393 1
122 126 3.129795093 0.3616801436 1
128 132 3.129795093 0.3616801436 1
129 134 3.164295369 0.2811764393 1
131 135 3.164295369 0.2811764393 1
132 137 3.164295369 0.2811764393 1
134 138 3.164295369 0.2811764393 1
135 140 3.164295369 0.2811764393 1
137 141 3.164295369 0.2811764393 1
138 143 3.164295369 0.2811764393 1
140 144 3.129795093 0.3616801436 1
146 150 3.129795093 0.3616801436 1
147 152 3.164295369 0.2811764393 1
149 153 3.164295369 0.2811764393 1
150 155 3.164295369 0.2811764393 1
152 156 3.164295369 0.2811764393 1
153 158 3.164295369 0.2811764393 1
155 159 3.164295369 0.2811764393 1
156 161 3.164295369 0.2811764393 1
158 162 3.129795093 0.3616801436 1
164 168 3.129795093 0.3616801436 1
165 170 3.164295369 0.2811764393 1
167 171 3.164295369 0.2811764393 1
168 173 3.164295369 0.2811764393 1
170 174 3.164295369 0.2811764393 1
171 176 3.164295369 0.2811764393 1
173 177 3.164295369 0.2811764393 1
174 179 3.164295369 0.2811764393 1
176 180 3.129795093 0.3616801436 1
182 186 3.129795093 0.3616801436 1
183 188 3.164295369 0.2811764393 1
185 189 3.164295369 0.2811764393 1
186 191 3.164295369 0.2811764393 1
188 192 3.164295369 0.2811764393 1
189 194 3.164295369 0.2811764393 1
191 195 3.164295369 0.2811764393 1
192 197 3.164295369 0.2811764393 1
194 198 3.129795093 0.3616801436 1
200 204 3.129795093 0.3616801436 1
201 206 3.164295369 0.2811764393 1
203 207 3.164295369 0.2811764393 1
204 209 3.164295369 0.2811764393 1
206 210 3.164295369 0.2811764393 1
207 212 3.164295369 0.2811764393 1
209 213 3.164295369 0.2811764393 1
210 215 3.164295369 0.2811764393 1
212 216 3.129795093 0.3616801436 1
218 222 3.129795093 0.3616801436 1
219 224 3.164295369 0.2811764393 1
221 225 3.164295369 0.2811764393 1
222 227 3.164295369 0.2811764393 1
224 228 3.164295369 0.2811764393 1
225 230 3.164295369 0.2811764393 1
227 231 3.164295369 0.2811764393 1
228 233 3.164295369 0.2811764393 1
230 234 3.129795093 0.3616801436 1
236 240 3.129795093 0.3616801436 1
237 242 3.164295369 0.2811764393 1
239 243 3.164295369 0.2811764393 1
240 245 3.164295369 0.2811764393 1
242 246 3.164295369 0.2811764393 1
243 248 3.164295369 0.2811764393 1
245 249 3.164295369 0.2811764393 1
246 251 3.164295369 0.2811764393 1
248 252 3.129795093 0.3616801436 1
254 258 3.129795093 0.3616801436 1
255 260 3.164295369 0.2811764393 1
257 261 3.164295369 0.2811764393 1
258 263 3.164295369 0.2811764393 1
260 264 3.164295369 0.2811764393 1
261 266 3.164295369 0.2811764393 1
263 267 3.164295369 0.2811764393 1
264 269 3.164295369 0.2811764393 1
266 270 3.129795093 0.3616801436 1
272 276 3.129795093 0.3616801436 1
273 278 3.164295369 0.2811764393 1
275 279 3.164295369 0.2811764393 1
276 281 3.164295369 0.2811764393 1
278 282 3.164295369 0.2811764393 1
279 284 3.164295369 0.2811764393 1
281 285 3.164295369 0.2811764393 1
282 287 3.164295369 0.2811764393 1
284 288 3.129795093 0.3616801436 1
290 294 3.129795093 0.3616801436 1
291 296 3.164295369 0.2811764393 1
293 297 3.164295369 0.2811764393 1
294 299 3.164295369 0.2811764393 1
296 300 3.164295369 0.2811764393 1
297 302 3.164295369 0.2811764393 1
299 303 3.164295369 0.2811764393 1
300 305 3.164295369 0.2811764393 1
302 306 3.129795093 0.3616801436 1
308 312 3.129795093 0.3616801436 1
309 314 3.164295369 0.2811764393 1
311 315 3.164295369 0.2811764393 1
312 317 3.164295369 0.2811764393 1
314 318 3.164295369 0.2811764393 1
315 320 3.164295369 0.2811764393 1
317 321 3.164295369 0.2811764393 1
318 323 3.164295369 0.2811764393 1
320 324 3.129795093 0.3616801436 1
326 330 3.129795093 0.3616801436 1
327 332 3.164295369 0.2811764393 1
329 333 3.164295369 0.2811764393 1
330 335 3.164295369 0.2811764393 1
332 336 3.164295369 0.2811764393 1
333 338 3.164295369 0.2811764393 1
335 339 3.164295369 0.2811764393 1
336 341 3.164295369 0.2811764393 1
338 342 3.129795093 0.3616801436 1
344 348 3.129795093 0.3616801436 1
345 350 3.164295369 0.2811764393 1
347 351 3.164295369 0.2811764393 1
348 353 3.164295369 0.2811764393 1
350 354 3.164295369 0.2811764393 1
351 356 3.164295369 0.2811764393 1
353 357 3.164295369 0.2811764393 1
354 359 3.164295369 0.2811764393 1
356 360 3.129795093 0.3616801436 1
362 366 3.129795093 0.3616801436 1
363 368 3.164295369 0.2811764393 1
365 369 3.164295369 0.2811764393 1
366 371 3.164295369 0.2811764393 1
368 372 3.164295369 0.2811764393 1
369 374 3.164295369 0.2811764393 1
371 375 3.164295369 0.2811764393 1
372 377 3.164295369 0.2811764393 1
374 378 3.129795093 0.3616801436 1
380 384 3.129795093 0.3616801436 1
381 386 3.164295369 0.2811764393 1
383 387 3.164295369 0.2811764393 1
384 389 3.164295369 0.2811764393 1
386 390 3.164295369 0.2811764393 1
387 392 3.164295369 0.2811764393 1
389 393 3.164295369 0.2811764393 1
390 395 3.164295369 0.2811764393 1
392 396 3.129795093 0.3616801436 1
398 402 3.129795093 0.3616801436 1
399 404 3.164295369 0.2811764393 1
401 405 3.164295369 0.2811764393 1
402 407 3.164295369 0.2811764393 1
404 408 3.164295369 0.2811764393 1
405 410 3.164295369 0.2811764393 1
407 411 3.164295369 0.2811764393 1
408 413 3.164295369 0.2811764393 1
410 414 3.129795093 0.3616801436 1
416 420 3.129795093 0.3616801436 1
417 422 3.164295369 0.2811764393 1
419 423 3.164295369 0.2811764393 1
420 425 3.164295369 0.2811764393 1
422 426 3.164295369 0.2811764393 1
423 428 3.164295369 0.2811764393 1
425 429 3.164295369 0.2811764393 1
426 431 3.164295369 0.2811764393 1
428 432 3.129795093 0.3616801436 1
434 438 3.129795093 0.3616801436 1
435 440 3.164295369 0.2811764393 1
437 441 3.164295369 0.2811764393 1
438 443 3.164295369 0.2811764393 1
440 444 3.164295369 0.2811764393 1
441 446 3.164295369 0.2811764393 1
443 447 3.164295369 0.2811764393 1
444 449 3.164295369 0.2811764393 1
446 450 3.129795093 0.3616801436 1
452 456 3.129795093 0.3616801436 1
453 458 3.164295369 0.2811764393 1
455 459 3.164295369 0.2811764393 1
456 461 3.164295369 0.2811764393 1
458 462 3.164295369 0.2811764393 1
459 464 3.164295369 0.2811764393 1
461 465 3.164295369 0.2811764393 1
462 467 3.164295369 0.2811764393 1
464 468 3.129795093 0.3616801436 1
470 474 3.129795093 0.3616801436 1
471 476 3.164295369 0.2811764393 1
473 477 3.164295369 0.2811764393 1
474 479 3.164295369 0.2811764393 1
476 480 3.164295369 0.2811764393 1
477 482 3.164295369 0.2811764393 1
479 483 3.164295369 0.2811764393 1
480 485 3.164295369 0.2811764393 1
482 486 3.129795093 0.3616801436 1
488 492 3.129795093 0.3616801436 1
489 494 3.164295369 0.2811764393 1
491 495 3.164295369 0.2811764393 1
492 497 3.164295369 0.2811764393 1
494 498 3.164295369 0.2811764393 1
495 500 3.164295369 0.2811764393 1
497 501 3.164295369 0.2811764393 1
498 503 3.164295369 0.2811764393 1
500 504 3.129795093 0.3616801436 1
506 510 3.129795093 0.3616801436 1
507 512 3.164295369 0.2811764393 1
509 513 3.164295369 0.2811764393 1
510 515 3.164295369 0.2811764393 1
512 516 3.164295369 0.2811764393 1
513 518 3.164295369 0.2811764393 1
515 519 3.164295369 0.2811764393 1
516 521 3.164295369 0.2811764393 1
518 522 3.129795093 0.3616801436 1
524 528 3.129795093 0.3616801436 1
525 530 3.164295369 0.2811764393 1
527 531 3.164295369 0.2811764393 1
528 533 3.164295369 0.2811764393 1
530 534 3.164295369 0.2811764393 1
531 536 3.164295369 0.2811764393 1
533 537 3.164295369 0.2811764393 1
534 539 3.164295369 0.2811764393 1
536 540 3.129795093 0.3616801436 1
542 546 3.129795093 0.3616801436 1
543 548 3.164295369 0.2811764393 1
545 549 3.164295369 0.2811764393 1
546 551 3.164295369 0.2811764393 1
548 552 3.164295369 0.2811764393 1
549 554 3.164295369 0.2811764393 1
551 555 3.164295369 0.2811764393 1
552 557 3.164295369 0.2811764393 1
554 558 3.129795093 0.3616801436 1
560 564 3.129795093 0.3616801436 1
561 566 3.164295369 0.2811764393 1
563 567 3.164295369 0.2811764393 1
564 569 3.164295369 0.2811764393 1
566 570 3.164295369 0.2811764393 1
567 572 3.164295369 0.2811764393 1
569 573 3.164295369 0.2811764393 1
570 575 3.164295369 0.2811764393 1
572 576 3.129795093 0.3616801436 1
578 582 3.129795093 0.3616801436 1
579 584 3.164295369 0.2811764393 1
581 585 3.164295369 0.2811764393 1
582 587 3.164295369 0.2811764393 1
584 588 3.164295369 0.2811764393 1
585 590 3.164295369 0.2811764393 1
587 591 3.164295369 0.2811764393 1
588 593 3.164295369 0.2811764393 1
590 594 3.129795093 0.3616801436 1
596 600 3.129795093 0.3616801436 1
597 602 3.164295369 0.2811764393 1
599 603 3.164295369 0.2811764393 1
600 605 3.164295369 0.2811764393 1
602 606 3.164295369 0.2811764393 1
603 608 3.164295369 0.2811764393 1
605 609 3.164295369 0.2811764393 1
606 611 3.164295369 0.2811764393 1
608 612 3.129795093 0.3616801436 1
614 618 3.129795093 0.3616801436 1
615 620 3.164295369 0.2811764393 1
617 621 3.164295369 0.2811764393 1
618 623 3.164295369 0.2811764393 1
620 624 3.164295369 0.2811764393 1
621 626 3.164295369 0.2811764393 1
623 627 3.164295369 0.2811764393 1
624 629 3.164295369 0.2811764393 1
626 630 3.129795093 0.3616801436 1
632 636 3.129795093 0.3616801436 1
633 638 3.164295369 0.2811764393 1
635 639 3.164295369 0.2811764393 1
636 641 3.164295369 0.2811764393 1
638 642 3.164295369 0.2811764393 1
639 644 3.164295369 0.2811764393 1
641 645 3.164295369 0.2811764393 1
642 647 3.164295369 0.2811764393 1
644 648 3.129795093 0.3616801436 1
650 654 3.129795093 0.3616801436 1
651 656 3.164295369 0.2811764393 1
653 657 3.164295369 0.2811764393 1
654 659 3.164295369 0.2811764393 1
656 660 3.164295369 0.2811764393 1
657 662 3.164295369 0.2811764393 1
659 663 3.164295369 0.2811764393 1
660 665 3.164295369 0.2811764393 1
662 666 3.129795093 0.3616801436 1
668 672 3.129795093 0.3616801436 1
669 674 3.164295369 0.2811764393 1
671 675 3.164295369 0.2811764393 1
672 677 3.164295369 0.2811764393 1
674 678 3.164295369 0.2811764393 1
675 680 3.164295369 0.2811764393 1
677 681 3.164295369 0.2811764393 1
678 683 3.164295369 0.2811764393 1
680 684 3.129795093 0.3616801436 1
686 690 3.129795093 0.3616801436 1
687 692 3.164295369 0.2811764393 1
689 693 3.164295369 0.2811764393 1
690 695 3.164295369 0.2811764393 1
692 696 3.164295369 0.2811764393 1
693 698 3.164295369 0.2811764393 1
695 699 3.164295369 0.2811764393 1
696 701 3.164295369 0.2811764393 1
698 702 3.129795093 0.3616801436 1
704 708 3.129795093 0.3616801436 1
705 710 3.164295369 0.2811764393 1
707 711 3.164295369 0.2811764393 1
708 713 3.164295369 0.2811764393 1
710 714 3.164295369 0.2811764393 1
711 716 3.164295369 0.2811764393 1
713 717 3.164295369 0.2811764393 1
714 719 3.164295369 0.2811764393 1
716 720 3.129795093 0.3616801436 1
722 726 3.129795093 0.3616801436 1
723 728 3.164295369 0.2811764393 1
725 729 3.164295369 0.2811764393 1
726 731 3.164295369 0.2811764393 1
728 732 3.164295369 0.2811764393 1
729 734 3.164295369 0.2811764393 1
731 735 3.164295369 0.2811764393 1
732 737 3.164295369 0.2811764393 1
734 738 3.129795093 0.3616801436 1
740 744 3.129795093 0.3616801436 1
741 746 3.164295369 0.2811764393 1
743 747 3.164295369 0.2811764393 1
744 749 3.164295369 0.2811764393 1
746 750 3.164295369 0.2811764393 1
747 752 3.164295369 0.2811764393 1
749 753 3.164295369 0.2811764393 1
750 755 3.164295369 0.2811764393 1
752 756 3.129795093 0.3616801436 1
758 762 3.129795093 0.3616801436 1
759 764 3.164295369 0.2811764393 1
761 765 3.164295369 0.2811764393 1
762 767 3.164295369 0.2811764393 1
764 768 3.164295369 0.2811764393 1
765 770 3.164295369 0.2811764393 1
767 771 3.164295369 0.2811764393 1
768 773 3.164295369 0.2811764393 1
770 774 3.129795093 0.3616801436 1
776 780 3.129795093 0.3616801436 1
777 782 3.164295369 0.2811764393 1
779 783 3.164295369 0.2811764393 1
780 785 3.164295369 0.2811764393 1
782 786 3.164295369 0.2811764393 1
783 788 3.164295369 0.2811764393 1
785 789 3.164295369 0.2811764393 1
786 791 3.164295369 0.2811764393 1
788 792 3.129795093 0.3616801436 1
794 798 3.129795093 0.3616801436 1
795 800 3.164295369 0.2811764393 1
797 801 3.164295369 0.2811764393 1
798 803 3.164295369 0.2811764393 1
800 804 3.164295369 0.2811764393 1
801 806 3.164295369 0.2811764393 1
803 807 3.164295369 0.2811764393 1
804 809 3.164295369 0.2811764393 1
806 810 3.129795093 0.3616801436 1
812 816 3.129795093 0.3616801436 1
813 818 3.164295369 0.2811764393 1
815 819 3.164295369 0.2811764393 1
816 821 3.164295369 0.2811764393 1
818 822 3.164295369 0.2811764393 1
819 824 3.164295369 0.2811764393 1
821 825 3.164295369 0.2811764393 1
822 827 3.164295369 0.2811764393 1
824 828 3.129795093 0.3616801436 1
830 834 3.129795093 0.3616801436 1
831 836 3.164295369 0.2811764393 1
833 837 3.164295369 0.2811764393 1
834 839 3.164295369 0.2811764393 1
836 840 3.164295369 0.2811764393 1
837 842 3.164295369 0.2811764393 1
839 843 3.164295369 0.2811764393 1
840 845 3.164295369 0.2811764393 1
842 846 3.129795093 0.3616801436 1
848 852 3.129795093 0.3616801436 1
849 854 3.164295369 0.2811764393 1
851 855 3.164295369 0.2811764393 1
852 857 3.164295369 0.2811764393 1
854 858 3.164295369 0.2811764393 1
855 860 3.164295369 0.2811764393 1
857 861 3.164295369 0.2811764393 1
858 863 3.164295369 0.2811764393 1
860 864 3.129795093 0.3616801436 1
866 870 3.129795093 0.3616801436 1
867 872 3.164295369 0.2811764393 1
869 873 3.164295369 0.2811764393 1
870 875 3.164295369 0.2811764393 1
872 876 3.164295369 0.2811764393 1
873 878 3.164295369 0.2811764393 1
875 879 3.164295369 0.2811764393 1
876 881 3.164295369 0.2811764393 1
878 882 3.129795093 0.3616801436 1
884 888 3.129795093 0.3616801436 1
885 890 3.164295369 0.2811764393 1
887 891 3.164295369 0.2811764393 1
888 893 3.164295369 0.2811764393 1
890 894 3.164295369 0.2811764393 1
891 896 3.164295369 0.2811764393 1
893 897 3.164295369 0.2811764393 1
894 899 3.164295369 0.2811764393 1
896 900 3.129795093 0.3616801436 1
902 906 3.129795093 0.3616801436 1
903 908 3.164295369 0.2811764393 1
905 909 3.164295369 0.2811764393 1
906 911 3.164295369 0.2811764393 1
908 912 3.164295369 0.2811764393 1
909 914 3.164295369 0.2811764393 1
911 915 3.164295369 0.2811764393 1
912 917 3.164295369 0.2811764393 1
914 918 3.129795093 0.3616801436 1
920 924 3.129795093 0.3616801436 1
921 926 3.164295369 0.2811764393 1
923 927 3.164295369 0.2811764393 1
924 929 3.164295369 0.2811764393 1
926 930 3.164295369 0.2811764393 1
927 932 3.164295369 0.2811764393 1
929 933 3.164295369 0.2811764393 1
930 935 3.164295369 0.2811764393 1
932 936 3.129795093 0.3616801436 1
938 942 3.129795093 0.3616801436 1
939 944 3.164295369 0.2811764393 1
941 945 3.164295369 0.2811764393 1
942 947 3.164295369 0.2811764393 1
944 948 3.164295369 0.2811764393 1
945 950 3.164295369 0.2811764393 1
947 951 3.164295369 0.2811764393 1
948 953 3.164295369 0.2811764393 1
950 954 3.129795093 0.3616801436 1
956 960 3.129795093 0.3616801436 1
957 962 3.164295369 0.2811764393 1
959 963 3.164295369 0.2811764393 1
960 965 3.164295369 0.2811764393 1
962 966 3.164295369 0.2811764393 1
963 968 3.164295369 0.2811764393 1
965 969 3.164295369 0.2811764393 1
966 971 3.164295369 0.2811764393 1
968 972 3.129795093 0.3616801436 1
974 978 3.129795093 0.3616801436 1
975 980 3.164295369 0.2811764393 1
977 981 3.164295369 0.2811764393 1
978 983 3.164295369 0.2811764393 1
980 984 3.164295369 0.2811764393 1
981 986 3.164295369 0.2811764393 1
983 987 3.164295369 0.2811764393 1
984 989 3.164295369 0.2811764393 1
986 990 3.129795093 0.3616801436 1
992 996 3.129795093 0.3616801436 1
993 998 3.164295369 0.2811764393 1
995 999 3.164295369 0.2811764393 1
996 1001 3.164295369 0.2811764393 1
998 1002 3.164295369 0.2811764393 1
999 1004 3.164295369 0.2811764393 1
1001 1005 3.164295369 0.2811764393 1
1002 1007 3.164295369 0.2811764393 1
1004 1008 3.129795093 0.3616801436 1
1010 1014 3.129795093 0.3616801436 1
1011 1016 3.164295369 0.2811764393 1
1013 1017 3.164295369 0.2811764393 1
1014 1019 3.164295369 0.2811764393 1
1016 1020 3.164295369 0.2811764393 1
1017 1022 3.164295369 0.2811764393 1
1019 1023 3.164295369 0.2811764393 1
1020 1025 3.164295369 0.2811764393 1
1022 1026 3.129795093 0.3616801436 1
1028 1032 3.129795093 0.3616801436 1
1029 1034 3.164295369 0.2811764393 1
1031 1035 3.164295369 0.2811764393 1
1032 1037 3.164295369 0.2811764393 1
1034 1038 3.164295369 0.2811764393 1
1035 1040 3.164295369 0.2811764393 1
1037 1041 3.164295369 0.2811764393 1
1038 1043 3.164295369 0.2811764393 1
1040 1044 3.129795093 0.3616801436 1
1046 1050 3.129795093 0.3616801436 1
1047 1052 3.164295369 0.2811764393 1
1049 1053 3.164295369 0.2811764393 1
1050 1055 3.164295369 0.2811764393 1
1052 1056 3.164295369 0.2811764393 1
1053 1058 3.164295369 0.2811764393 1
1055 1059 3.164295369 0.2811764393 1
1056 1061 3.164295369 0.2811764393 1
1058 1062 3.129795093 0.3616801436 1
1064 1068 3.129795093 0.3616801436 1
1065 1070 3.164295369 0.2811764393 1
1067 1071 3.164295369 0.2811764393 1
1068 1073 3.164295369 0.2811764393 1
1070 1074 3.164295369 0.2811764393 1
1071 1076 3.164295369 0.2811764393 1
1073 1077 3.164295369 0.2811764393 1
1074 1079 3.164295369 0.2811764393 1
1076 1080 3.129795093 0.3616801436 1
1082 1086 3.129795093 0.3616801436 1
1083 1088 3.164295369 0.2811764393 1
1085 1089 3.164295369 0.2811764393 1
1086 1091 3.164295369 0.2811764393 1
1088 1092 3.164295369 0.2811764393 1
1089 1094 3.164295369 0.2811764393 1
1091 1095 3.164295369 0.2811764393 1
1092 1097 3.164295369 0.2811764393 1
1094 1098 3.129795093 0.3616801436 1
1100 1104 3.129795093 0.3616801436 1
1101 1106 3.164295369 0.2811764393 1
1103 1107 3.164295369 0.2811764393 1
1104 1109 3.164295369 0.2811764393 1
1106 1110 3.164295369 0.2811764393 1
1107 1112 3.164295369 0.2811764393 1
1109 1113 3.164295369 0.2811764393 1
1110 1115 3.164295369 0.2811764393 1
1112 1116 3.129795093 0.3616801436 1
1118 1122 3.129795093 0.3616801436 1
1119 1124 3.164295369 0.2811764393 1
1121 1125 3.164295369 0.2811764393 1
1122 1127 3.164295369 0.2811764393 1
1124 1128 3.164295369 0.2811764393 1
1125 1130 3.164295369 0.2811764393 1
1127 1131 3.164295369 0.2811764393 1
1128 1133 3.164295369 0.2811764393 1
1130 1134 3.129795093 0.3616801436 1
1136 1140 3.129795093 0.3616801436 1
1137 1142 3.164295369 0.2811764393 1
1139 1143 3.164295369 0.2811764393 1
1140 1145 3.164295369 0.2811764393 1
1142 1146 3.164295369 0.2811764393 1
1143 1148 3.164295369 0.2811764393 1
1145 1149 3.164295369 0.2811764393 1
1146 1151 3.164295369 0.2811764393 1
1148 1152 3.129795093 0.3616801436 1
1154 1158 3.129795093 0.3616801436 1
1155 1160 3.164295369 0.2811764393 1
1157 1161 3.164295369 0.2811764393 1
1158 1163 3.164295369 0.2811764393 1
1160 1164 3.164295369 0.2811764393 1
1161 1166 3.164295369 0.2811764393 1
1163 1167 3.164295369 0.2811764393 1
1164 1169 3.164295369 0.2811764393 1
1166 1170 3.129795093 0.3616801436 1
1172 1176 3.129795093 0.3616801436 1
1173 1178 3.164295369 0.2811764393 1
1175 1179 3.164295369 0.2811764393 1
1176 1181 3.164295369 0.2811764393 1
1178 1182 3.164295369 0.2811764393 1
1179 1184 3.164295369 0.2811764393 1
1181 1185 3.164295369 0.2811764393 1
1182 1187 3.164295369 0.2811764393 1
1184 1188 3.129795093 0.3616801436 1
1190 1194 3.129795093 0.3616801436 1
1191 1196 3.164295369 0.2811764393 1
1193 1197 3.164295369 0.2811764393 1
1194 1199 3.164295369 0.2811764393 1
1196 1200 3.164295369 0.2811764393 1
1197 1202 3.164295369 0.2811764393 1
1199 1203 3.164295369 0.2811764393 1
1200 1205 3.164295369 0.2811764393 1
1202 1206 3.129795093 0.3616801436 1
1208 1212 3.129795093 0.3616801436 1
1209 1214 3.164295369 0.2811764393 1
1211 1215 3.164295369 0.2811764393 1
1212 1217 3.164295369 0.2811764393 1
1214 1218 3.164295369 0.2811764393 1
1215 1220 3.164295369 0.2811764393 1
1217 1221 3.164295369 0.2811764393 1
1218 1223 3.164295369 0.2811764393 1
1220 1224 3.129795093 0.3616801436 1
1226 1230 3.129795093 0.3616801436 1
1227 1232 3.164295369 0.2811764393 1
1229 1233 3.164295369 0.2811764393 1
1230 1235 3.164295369 0.2811764393 1
1232 1236 3.164295369 0.2811764393 1
1233 1238 3.164295369 0.2811764393 1
1235 1239 3.164295369 0.2811764393 1
1236 1241 3.164295369 0.2811764393 1
1238 1242 3.129795093 0.3616801436 1
1244 1248 3.129795093 0.3616801436 1
1245 1250 3.164295369 0.2811764393 1
1247 1251 3.164295369 0.2811764393 1
1248 1253 3.164295369 0.2811764393 1
1250 1254 3.164295369 0.2811764393 1
1251 1256 3.164295369 0.2811764393 1
1253 1257 3.164295369 0.2811764393 1
1254 1259 3.164295369 0.2811764393 1
1256 1260 3.129795093 0.3616801436 1
1262 1266 3.129795093 0.3616801436 1
1263 1268 3.164295369 0.2811764393 1
1265 1269 3.164295369 0.2811764393 1
1266 1271 3.164295369 0.2811764393 1
1268 1272 3.164295369 0.2811764393 1
1269 1274 3.164295369 0.2811764393 1
1271 1275 3.164295369 0.2811764393 1
1272 1277 3.164295369 0.2811764393 1
1274 1278 3.129795093 0.3616801436 1
1280 1284 3.129795093 0.3616801436 1
1281 1286 3.164295369 0.2811764393 1
1283 1287 3.164295369 0.2811764393 1
1284 1289 3.164295369 0.2811764393 1
1286 1290 3.164295369 0.2811764393 1
1287 1292 3.164295369 0.2811764393 1
1289 1293 3.164295369 0.2811764393 1
1290 1295 3.164295369 0.2811764393 1
1292 1296 3.129795093 0.3616801436 1
1298 1302 3.129795093 0.3616801436 1
1299 1304 3.164295369 0.2811764393 1
1301 1305 3.164295369 0.2811764393 1
1302 1307 3.164295369 0.2811764393 1
1304 1308 3.164295369 0.2811764393 1
1305 1310 3.164295369 0.2811764393 1
1307 1311 3.164295369 0.2811764393 1
1308 1313 3.164295369 0.2811764393 1
1310 1314 3.129795093 0.3616801436 1
1316 1320 3.129795093 0.3616801436 1
1317 1322 3.164295369 0.2811764393 1
1319 1323 3.164295369 0.2811764393 1
1320 1325 3.164295369 0.2811764393 1
1322 1326 3.164295369 0.2811764393 1
1323 1328 3.164295369 0.2811764393 1
1325 1329 3.164295369 0.2811764393 1
1326 1331 3.164295369 0.2811764393 1
1328 1332 3.129795093 0.3616801436 1
1334 1338 3.129795093 0.3616801436 1
1335 1340 3.164295369 0.2811764393 1
1337 1341 3.164295369 0.2811764393 1
1338 1343 3.164295369 0.2811764393 1
1340 1344 3.164295369 0.2811764393 1
1341 1346 3.164295369 0.2811764393 1
1343 1347 3.164295369 0.2811764393 1
1344 1349 3.164295369 0.2811764393 1
1346 1350 3.129795093 0.3616801436 1
1352 1356 3.129795093 0.3616801436 1
1353 1358 3.164295369 0.2811764393 1
1355 1359 3.164295369 0.2811764393 1
1356 1361 3.164295369 0.2811764393 1
1358 1362 3.164295369 0.2811764393 1
1359 1364 3.164295369 0.2811764393 1
1361 1365 3.164295369 0.2811764393 1
1362 1367 3.164295369 0.2811764393 1
1364 1368 3.129795093 0.3616801436 1
1370 1374 3.129795093 0.3616801436 1
1371 1376 3.164295369 0.2811764393 1
1373 1377 3.164295369 0.2811764393 1
1374 1379 3.164295369 0.2811764393 1
1376 1380 3.164295369 0.2811764393 1
1377 1382 3.164295369 0.2811764393 1
1379 1383 3.164295369 0.2811764393 1
1380 1385 3.164295369 0.2811764393 1
1382 1386 3.129795093 0.3616801436 1
1388 1392 3.129795093 0.3616801436 1
1389 1394 3.164295369 0.2811764393 1
1391 1395 3.164295369 0.2811764393 1
1392 1397 3.164295369 0.2811764393 1
1394 1398 3.164295369 0.2811764393 1
1395 1400 3.164295369 0.2811764393 1
1397 1401 3.164295369 0.2811764393 1
1398 1403 3.164295369 0.2811764393 1
1400 1404 3.129795093 0.3616801436 1
1406 1410 3.129795093 0.3616801436 1
1407 1412 3.164295369 0.2811764393 1
1409 1413 3.164295369 0.2811764393 1
1410 1415 3.164295369 0.2811764393 1
1412 1416 3.164295369 0.2811764393 1
1413 1418 3.164295369 0.2811764393 1
1415 1419 3.164295369 0.2811764393 1
1416 1421 3.164295369 0.2811764393 1
1418 1422 3.129795093 0.3616801436 1
1424 1428 3.129795093 0.3616801436 1
1425 1430 3.164295369 0.2811764393 1
1427 1431 3.164295369 0.2811764393 1
1428 1433 3.164295369 0.2811764393 1
1430 1434 3.164295369 0.2811764393 1
1431 1436 3.164295369 0.2811764393 1
1433 1437 3.164295369 0.2811764393 1
1434 1439 3.164295369 0.2811764393 1
1436 1440 3.129795093 0.3616801436 1
1442 1446 3.129795093 0.3616801436 1
1443 1448 3.164295369 0.2811764393 1
1445 1449 3.164295369 0.2811764393 1
1446 1451 3.164295369 0.2811764393 1
1448 1452 3.164295369 0.2811764393 1
1449 1454 3.164295369 0.2811764393 1
1451 1455 3.164295369 0.2811764393 1
1452 1457 3.164295369 0.2811764393 1
1454 1458 3.129795093 0.3616801436 1
1460 1464 3.129795093 0.3616801436 1
1461 1466 3.164295369 0.2811764393 1
1463 1467 3.164295369 0.2811764393 1
1464 1469 3.164295369 0.2811764393 1
1466 1470 3.164295369 0.2811764393 1
1467 1472 3.164295369 0.2811764393 1
1469 1473 3.164295369 0.2811764393 1
1470 1475 3.164295369 0.2811764393 1
1472 1476 3.129795093 0.3616801436 1
1478 1482 3.129795093 0.3616801436 1
1479 1484 3.164295369 0.2811764393 1
1481 1485 3.164295369 0.2811764393 1
1482 1487 3.164295369 0.2811764393 1
1484 1488 3.164295369 0.2811764393 1
1485 1490 3.164295369 0.2811764393 1
1487 1491 3.164295369 0.2811764393 1
1488 1493 3.164295369 0.2811764393 1
1490 1494 3.129795093 0.3616801436 1
1496 1500 3.129795093 0.3616801436 1
1497 1502 3.164295369 0.2811764393 1
1499 1503 3.164295369 0.2811764393 1
1500 1505 3.164295369 0.2811764393 1
1502 1506 3.164295369 0.2811764393 1
1503 1508 3.164295369 0.2811764393 1
1505 1509 3.164295369 0.2811764393 1
1506 1511 3.164295369 0.2811764393 1
1508 1512 3.129795093 0.3616801436 1
1514 1518 3.129795093 0.3616801436 1
1515 1520 3.164295369 0.2811764393 1
1517 1521 3.164295369 0.2811764393 1
1518 1523 3.164295369 0.2811764393 1
1520 1524 3.164295369 0.2811764393 1
1521 1526 3.164295369 0.2811764393 1
1523 1527 3.164295369 0.2811764393 1
1524 1529 3.164295369 0.2811764393 1
1526 1530 3.129795093 0.3616801436 1
1532 1536 3.129795093 0.3616801436 1
1533 1538 3.164295369 0.2811764393 1
1535 1539 3.164295369 0.2811764393 1
1536 1541 3.164295369 0.2811764393 1
1538 1542 3.164295369 0.2811764393 1
1539 1544 3.164295369 0.2811764393 1
1541 1545 3.164295369 0.2811764393 1
1542 1547 3.164295369 0.2811764393 1
1544 1548 3.129795093 0.3616801436 1
1550 1554 3.129795093 0.3616801436 1
1551 1556 3.164295369 0.2811764393 1
1553 1557 3.164295369 0.2811764393 1
1554 1559 3.164295369 0.2811764393 1
1556 1560 3.164295369 0.2811764393 1
1557 1562 3.164295369 0.2811764393 1
1559 1563 3.164295369 0.2811764393 1
1560 1565 3.164295369 0.2811764393 1
1562 1566 3.129795093 0.3616801436 1
1568 1572 3.129795093 0.3616801436 1
1569 1574 3.164295369 0.2811764393 1
1571 1575 3.164295369 0.2811764393 1
1572 1577 3.164295369 0.2811764393 1
1574 1578 3.164295369 0.2811764393 1
1575 1580 3.164295369 0.2811764393 1
1577 1581 3.164295369 0.2811764393 1
1578 1583 3.164295369 0.2811764393 1
1580 1584 3.129795093 0.3616801436 1
1586 1590 3.129795093 0.3616801436 1
1587 1592 3.164295369 0.2811764393 1
1589 1593 3.164295369 0.2811764393 1
1590 1595 3.164295369 0.2811764393 1
1592 1596 3.164295369 0.2811764393 1
1593 1598 3.164295369 0.2811764393 1
1595 1599 3.164295369 0.2811764393 1
1596 1601 3.164295369 0.2811764393 1
1598 1602 3.129795093 0.3616801436 1
1604 1608 3.129795093 0.3616801436 1
1605 1610 3.164295369 0.2811764393 1
1607 1611 3.164295369 0.2811764393 1
1608 1613 3.164295369 0.2811764393 1
1610 1614 3.164295369 0.2811764393 1
1611 1616 3.164295369 0.2811764393 1
1613 1617 3.164295369 0.2811764393 1
1614 1619 3.164295369 0.2811764393 1
1616 1620 3.129795093 0.3616801436 1
1622 1626 3.129795093 0.3616801436 1
1623 1628 3.164295369 0.2811764393 1
1625 1629 3.164295369 0.2811764393 1
1626 1631 3.164295369 0.2811764393 1
1628 1632 3.164295369 0.2811764393 1
1629 1634 3.164295369 0.2811764393 1
1631 1635 3.164295369 0.2811764393 1
1632 1637 3.164295369 0.2811764393 1
1634 1638 3.129795093 0.3616801436 1
1640 1644 3.129795093 0.3616801436 1
1641 1646 3.164295369 0.2811764393 1
1643 1647 3.164295369 0.2811764393 1
1644 1649 3.164295369 0.2811764393 1
1646 1650 3.164295369 0.2811764393 1
1647 1652 3.164295369 0.2811764393 1
1649 1653 3.164295369 0.2811764393 1
1650 1655 3.164295369 0.2811764393 1
1652 1656 3.129795093 0.3616801436 1
1658 1662 3.129795093 0.3616801436 1
1659 1664 3.164295369 0.2811764393 1
1661 1665 3.164295369 0.2811764393 1
1662 1667 3.164295369 0.2811764393 1
1664 1668 3.164295369 0.2811764393 1
1665 1670 3.164295369 0.2811764393 1
1667 1671 3.164295369 0.2811764393 1
1668 1673 3.164295369 0.2811764393 1
1670 1674 3.129795093 0.3616801436 1
1676 1680 3.129795093 0.3616801436 1
1677 1682 3.164295369 0.2811764393 1
1679 1683 3.164295369 0.2811764393 1
1680 1685 3.164295369 0.2811764393 1
1682 1686 3.164295369 0.2811764393 1
1683 1688 3.164295369 0.2811764393 1
1685 1689 3.164295369 0.2811764393 1
1686 1691 3.164295369 0.2811764393 1
1688 1692 3.129795093 0.3616801436 1
1694 1698 3.129795093 0.3616801436 1
1695 1700 3.164295369 0.2811764393 1
1697 1701 3.164295369 0.2811764393 1
1698 1703 3.164295369 0.2811764393 1
1700 1704 3.164295369 0.2811764393 1
1701 1706 3.164295369 0.2811764393 1
1703 1707 3.164295369 0.2811764393 1
1704 1709 3.164295369 0.2811764393 1
1706 1710 3.129795093 0.3616801436 1
1712 1716 3.129795093 0.3616801436 1
1713 1718 3.164295369 0.2811764393 1
1715 1719 3.164295369 0.2811764393 1
1716 1721 3.164295369 0.2811764393 1
1718 1722 3.164295369 0.2811764393 1
1719 1724 3.164295369 0.2811764393 1
1721 1725 3.164295369 0.2811764393 1
1722 1727 3.164295369 0.2811764393 1
1724 1728 3.129795093 0.3616801436 1
1730 1734 3.129795093 0.3616801436 1
1731 1736 3.164295369 0.2811764393 1
1733 1737 3.164295369 0.2811764393 1
1734 1739 3.164295369 0.2811764393 1
1736 1740 3.164295369 0.2811764393 1
1737 1742 3.164295369 0.2811764393 1
1739 1743 3.164295369 0.2811764393 1
1740 1745 3.164295369 0.2811764393 1
1742 1746 3.129795093 0.3616801436 1
1748 1752 3.129795093 0.3616801436 1
1749 1754 3.164295369 0.2811764393 1
1751 1755 3.164295369 0.2811764393 1
1752 1757 3.164295369 0.2811764393 1
1754 1758 3.164295369 0.2811764393 1
1755 1760 3.164295369 0.2811764393 1
1757 1761 3.164295369 0.2811764393 1
1758 1763 3.164295369 0.2811764393 1
1760 1764 3.129795093 0.3616801436 1
1766 1770 3.129795093 0.3616801436 1
1767 1772 3.164295369 0.2811764393 1
1769 1773 3.164295369 0.2811764393 1
1770 1775 3.164295369 0.2811764393 1
1772 1776 3.164295369 0.2811764393 1
1773 1778 3.164295369 0.2811764393 1
1775 1779 3.164295369 0.2811764393 1
1776 1781 3.164295369 0.2811764393 1
1778 1782 3.129795093 0.3616801436 1
1784 1788 3.129795093 0.3616801436 1
1785 1790 3.164295369 0.2811764393 1
1787 1791 3.164295369 0.2811764393 1
1788 1793 3.164295369 0.2811764393 1
1790 1794 3.164295369 0.2811764393 1
1791 1796 3.164295369 0.2811764393 1
1793 1797 3.164295369 0.2811764393 1
1794 1799 3.164295369 0.2811764393 1
1796 1800 3.129795093 0.3616801436 1
1802 1806 3.129795093 0.3616801436 1
1803 1808 3.164295369 0.2811764393 1
1805 1809 3.164295369 0.2811764393 1
1806 1811 3.164295369 0.2811764393 1
1808 1812 3.164295369 0.2811764393 1
1809 1814 3.164295369 0.2811764393 1
1811 1815 3.164295369 0.2811764393 1
1812 1817 3.164295369 0.2811764393 1
1814 1818 3.129795093 0.3616801436 1
1820 1824 3.129795093 0.3616801436 1
1821 1826 3.164295369 0.2811764393 1
1823 1827 3.164295369 0.2811764393 1
1824 1829 3.164295369 0.2811764393 1
1826 1830 3.164295369 0.2811764393 1
1827 1832 3.164295369 0.2811764393 1
1829 1833 3.164295369 0.2811764393 1
1830 1835 3.164295369 0.2811764393 1
1832 1836 3.129795093 0.3616801436 1
1838 1842 3.129795093 0.3616801436 1
1839 1844 3.164295369 0.2811764393 1
1841 1845 3.164295369 0.2811764393 1
1842 1847 3.164295369 0.2811764393 1
1844 1848 3.164295369 0.2811764393 1
1845 1850 3.164295369 0.2811764393 1
1847 1851 3.164295369 0.2811764393 1
1848 1853 3.164295369 0.2811764393 1
1850 1854 3.129795093 0.3616801436 1
1856 1860 3.129795093 0.3616801436 1
1857 1862 3.164295369 0.2811764393 1
1859 1863 3.164295369 0.2811764393 1
1860 1865 3.164295369 0.2811764393 1
1862 1866 3.164295369 0.2811764393 1
1863 1868 3.164295369 0.2811764393 1
1865 1869 3.164295369 0.2811764393 1
1866 1871 3.164295369 0.2811764393 1
1868 1872 3.129795093 0.3616801436 1
1874 1878 3.129795093 0.3616801436 1
1875 1880 3.164295369 0.2811764393 1
1877 1881 3.164295369 0.2811764393 1
1878 1883 3.164295369 0.2811764393 1
1880 1884 3.164295369 0.2811764393 1
1881 1886 3.164295369 0.2811764393 1
1883 1887 3.164295369 0.2811764393 1
1884 1889 3.164295369 0.2811764393 1
1886 1890 3.129795093 0.3616801436 1
1892 1896 3.129795093 0.3616801436 1
1893 1898 3.164295369 0.2811764393 1
1895 1899 3.164295369 0.2811764393 1
1896 1901 3.164295369 0.2811764393 1
1898 1902 3.164295369 0.2811764393 1
1899 1904 3.164295369 0.2811764393 1
1901 1905 3.164295369 0.2811764393 1
1902 1907 3.164295369 0.2811764393 1
1904 1908 3.129795093 0.3616801436 1
1910 1914 3.129795093 0.3616801436 1
1911 1916 3.164295369 0.2811764393 1
1913 1917 3.164295369 0.2811764393 1
1914 1919 3.164295369 0.2811764393 1
1916 1920 3.164295369 0.2811764393 1
1917 1922 3.164295369 0.2811764393 1
1919 1923 3.164295369 0.2811764393 1
1920 1925 3.164295369 0.2811764393 1
1922 1926 3.129795093 0.3616801436 1
1928 1932 3.129795093 0.3616801436 1
1929 1934 3.164295369 0.2811764393 1
1931 1935 3.164295369 0.2811764393 1
1932 1937 3.164295369 0.2811764393 1
1934 1938 3.164295369 0.2811764393 1
1935 1940 3.164295369 0.2811764393 1
1937 1941 3.164295369 0.2811764393 1
1938 1943 3.164295369 0.2811764393 1
1940 1944 3.129795093 0.3616801436 1
1946 1950 3.129795093 0.3616801436 1
1947 1952 3.164295369 0.2811764393 1
1949 1953 3.164295369 0.2811764393 1
1950 1955 3.164295369 0.2811764393 1
1952 1956 3.164295369 0.2811764393 1
1953 1958 3.164295369 0.2811764393 1
1955 1959 3.164295369 0.2811764393 1
1956 1961 3.164295369 0.2811764393 1
1958 1962 3.129795093 0.3616801436 1
1964 1968 3.129795093 0.3616801436 1
1965 1970 3.164295369 0.2811764393 1
1967 1971 3.164295369 0.2811764393 1
1968 1973 3.164295369 0.2811764393 1
1970 1974 3.164295369 0.2811764393 1
1971 1976 3.164295369 0.2811764393 1
1973 1977 3.164295369 0.2811764393 1
1974 1979 3.164295369 0.2811764393 1
1976 1980 3.129795093 0.3616801436 1
1982 1986 3.129795093 0.3616801436 1
1983 1988 3.164295369 0.2811764393 1
1985 1989 3.164295369 0.2811764393 1
1986 1991 3.164295369 0.2811764393 1
1988 1992 3.164295369 0.2811764393 1
1989 1994 3.164295369 0.2811764393 1
1991 1995 3.164295369 0.2811764393 1
1992 1997 3.164295369 0.2811764393 1
1994 1998 3.129795093 0.3616801436 1
2000 2004 3.129795093 0.3616801436 1
2001 2006 3.164295369 0.2811764393 1
2003 2007 3.164295369 0.2811764393 1
2004 2009 3.164295369 0.2811764393 1
2006 2010 3.164295369 0.2811764393 1
2007 2012 3.164295369 0.2811764393 1
2009 2013 3.164295369 0.2811764393 1
2010 2015 3.164295369 0.2811764393 1
2012 2016 3.129795093 0.3616801436 1
2018 2022 3.129795093 0.3616801436 1
2019 2024 3.164295369 0.2811764393 1
2021 2025 3.164295369 0.2811764393 1
2022 2027 3.164295369 0.2811764393 1
2024 2028 3.164295369 0.2811764393 1
2025 2030 3.164295369 0.2811764393 1
2027 2031 3.164295369 0.2811764393 1
2028 2033 3.164295369 0.2811764393 1
2030 2034 3.129795093 0.3616801436 1
2036 2040 3.129795093 0.3616801436 1
2037 2042 3.164295369 0.2811764393 1
2039 2043 3.164295369 0.2811764393 1
2040 2045 3.164295369 0.2811764393 1
2042 2046 3.164295369 0.2811764393 1
2043 2048 3.164295369 0.2811764393 1
2045 2049 3.164295369 0.2811764393 1
2046 2051 3.164295369 0.2811764393 1
2048 2052 3.129795093 0.3616801436 1
2054 2058 3.129795093 0.3616801436 1
2055 2060 3.164295369 0.2811764393 1
2057 2061 3.164295369 0.2811764393 1
2058 2063 3.164295369 0.2811764393 1
2060 2064 3.164295369 0.2811764393 1
2061 2066 3.164295369 0.2811764393 1
2063 2067 3.164295369 0.2811764393 1
2064 2069 3.164295369 0.2811764393 1
2066 2070 3.129795093 0.3616801436 1
2072 2076 3.129795093 0.3616801436 1
2073 2078 3.164295369 0.2811764393 1
2075 2079 3.164295369 0.2811764393 1
2076 2081 3.164295369 0.2811764393 1
2078 2082 3.164295369 0.2811764393 1
2079 2084 3.164295369 0.2811764393 1
2081 2085 3.164295369 0.2811764393 1
2082 2087 3.164295369 0.2811764393 1
2084 2088 3.129795093 0.3616801436 1
2090 2094 3.129795093 0.3616801436 1
2091 2096 3.164295369 0.2811764393 1
2093 2097 3.164295369 0.2811764393 1
2094 2099 3.164295369 0.2811764393 1
2096 2100 3.164295369 0.2811764393 1
2097 2102 3.164295369 0.2811764393 1
2099 2103 3.164295369 0.2811764393 1
2100 2105 3.164295369 0.2811764393 1
2102 2106 3.129795093 0.3616801436 1
2108 2112 3.129795093 0.3616801436 1
2109 2114 3.164295369 0.2811764393 1
2111 2115 3.164295369 0.2811764393 1
2112 2117 3.164295369 0.2811764393 1
2114 2118 3.164295369 0.2811764393 1
2115 2120 3.164295369 0.2811764393 1
2117 2121 3.164295369 0.2811764393 1
2118 2123 3.164295369 0.2811764393 1
2120 2124 3.129795093 0.3616801436 1
2126 2130 3.129795093 0.3616801436 1
2127 2132 3.164295369 0.2811764393 1
2129 2133 3.164295369 0.2811764393 1
2130 2135 3.164295369 0.2811764393 1
2132 2136 3.164295369 0.2811764393 1
2133 2138 3.164295369 0.2811764393 1
2135 2139 3.164295369 0.2811764393 1
2136 2141 3.164295369 0.2811764393 1
2138 2142 3.129795093 0.3616801436 1
2144 2148 3.129795093 0.3616801436 1
2145 2150 3.164295369 0.2811764393 1
2147 2151 3.164295369 0.2811764393 1
2148 2153 3.164295369 0.2811764393 1
2150 2154 3.164295369 0.2811764393 1
2151 2156 3.164295369 0.2811764393 1
2153 2157 3.164295369 0.2811764393 1
2154 2159 3.164295369 0.2811764393 1
2156 2160 3.129795093 0.3616801436 1
2162 2166 3.129795093 0.3616801436 1
2163 2168 3.164295369 0.2811764393 1
2165 2169 3.164295369 0.2811764393 1
2166 2171 3.164295369 0.2811764393 1
2168 2172 3.164295369 0.2811764393 1
2169 2174 3.164295369 0.2811764393 1
2171 2175 3.164295369 0.2811764393 1
2172 2177 3.164295369 0.2811764393 1
2174 2178 3.129795093 0.3616801436 1
2180 2184 3.129795093 0.3616801436 1
2181 2186 3.164295369 0.2811764393 1
2183 2187 3.164295369 0.2811764393 1
2184 2189 3.164295369 0.2811764393 1
2186 2190 3.164295369 0.2811764393 1
2187 2192 3.164295369 0.2811764393 1
2189 2193 3.164295369 0.2811764393 1
2190 2195 3.164295369 0.2811764393 1
2192 2196 3.129795093 0.3616801436 1
2198 2202 3.129795093 0.3616801436 1
2199 2204 3.164295369 0.2811764393 1
2201 2205 3.164295369 0.2811764393 1
2202 2207 3.164295369 0.2811764393 1
2204 2208 3.164295369 0.2811764393 1
2205 2210 3.164295369 0.2811764393 1
2207 2211 3.164295369 0.2811764393 1
2208 2213 3.164295369 0.2811764393 1
2210 2214 3.129795093 0.3616801436 1
2216 2220 3.129795093 0.3616801436 1
2217 2222 3.164295369 0.2811764393 1
2219 2223 3.164295369 0.2811764393 1
2220 2225 3.164295369 0.2811764393 1
2222 2226 3.164295369 0.2811764393 1
2223 2228 3.164295369 0.2811764393 1
2225 2229 3.164295369 0.2811764393 1
2226 2231 3.164295369 0.2811764393 1
2228 2232 3.129795093 0.3616801436 1
2234 2238 3.129795093 0.3616801436 1
2235 2240 3.164295369 0.2811764393 1
2237 2241 3.164295369 0.2811764393 1
2238 2243 3.164295369 0.2811764393 1
2240 2244 3.164295369 0.2811764393 1
2241 2246 3.164295369 0.2811764393 1
2243 2247 3.164295369 0.2811764393 1
2244 2249 3.164295369 0.2811764393 1
2246 2250 3.129795093 0.3616801436 1
2252 2256 3.129795093 0.3616801436 1
2253 2258 3.164295369 0.2811764393 1
2255 2259 3.164295369 0.2811764393 1
2256 2261 3.164295369 0.2811764393 1
2258 2262 3.164295369 0.2811764393 1
2259 2264 3.164295369 0.2811764393 1
2261 2265 3.164295369 0.2811764393 1
2262 2267 3.164295369 0.2811764393 1
2264 2268 3.129795093 0.3616801436 1
2270 2274 3.129795093 0.3616801436 1
2271 2276 3.164295369 0.2811764393 1
2273 2277 3.164295369 0.2811764393 1
2274 2279 3.164295369 0.2811764393 1
2276 2280 3.164295369 0.2811764393 1
2277 2282 3.164295369 0.2811764393 1
2279 2283 3.164295369 0.2811764393 1
2280 2285 3.164295369 0.2811764393 1
2282 2286 3.129795093 0.3616801436 1
2288 2292 3.129795093 0.3616801436 1
2289 2294 3.164295369 0.2811764393 1
2291 2295 3.164295369 0.2811764393 1
2292 2297 3.164295369 0.2811764393 1
2294 2298 3.164295369 0.2811764393 1
2295 2300 3.164295369 0.2811764393 1
2297 2301 3.164295369 0.2811764393 1
2298 2303 3.164295369 0.2811764393 1
2300 2304 3.129795093 0.3616801436 1
2306 2310 3.129795093 0.3616801436 1
2307 2312 3.164295369 0.2811764393 1
2309 2313 3.164295369 0.2811764393 1
2310 2315 3.164295369 0.2811764393 1
2312 2316 3.164295369 0.2811764393 1
2313 2318 3.164295369 0.2811764393 1
2315 2319 3.164295369 0.2811764393 1
2316 2321 3.164295369 0.2811764393 1
2318 2322 3.129795093 0.3616801436 1
2324 2328 3.129795093 0.3616801436 1
2325 2330 3.164295369 0.2811764393 1
2327 2331 3.164295369 0.2811764393 1
2328 2333 3.164295369 0.2811764393 1
2330 2334 3.164295369 0.2811764393 1
2331 2336 3.164295369 0.2811764393 1
2333 2337 3.164295369 0.2811764393 1
2334 2339 3.164295369 0.2811764393 1
2336 2340 3.129795093 0.3616801436 1
2342 2346 3.129795093 0.3616801436 1
2343 2348 3.164295369 0.2811764393 1
2345 2349 3.164295369 0.2811764393 1
2346 2351 3.164295369 0.2811764393 1
2348 2352 3.164295369 0.2811764393 1
2349 2354 3.164295369 0.2811764393 1
2351 2355 3.164295369 0.2811764393 1
2352 2357 3.164295369 0.2811764393 1
2354 2358 3.129795093 0.3616801436 1
2360 2364 3.129795093 0.3616801436 1
2361 2366 3.164295369 0.2811764393 1
2363 2367 3.164295369 0.2811764393 1
2364 2369 3.164295369 0.2811764393 1
2366 2370 3.164295369 0.2811764393 1
2367 2372 3.164295369 0.2811764393 1
2369 2373 3.164295369 0.2811764393 1
2370 2375 3.164295369 0.2811764393 1
2372 2376 3.129795093 0.3616801436 1
2378 2382 3.129795093 0.3616801436 1
2379 2384 3.164295369 0.2811764393 1
2381 2385 3.164295369 0.2811764393 1
2382 2387 3.164295369 0.2811764393 1
2384 2388 3.164295369 0.2811764393 1
2385 2390 3.164295369 0.2811764393 1
2387 2391 3.164295369 0.2811764393 1
2388 2393 3.164295369 0.2811764393 1
2390 2394 3.129795093 0.3616801436 1
2396 2400 3.129795093 0.3616801436 1
2397 2402 3.164295369 0.2811764393 1
2399 2403 3.164295369 0.2811764393 1
2400 2405 3.164295369 0.2811764393 1
2402 2406 3.164295369 0.2811764393 1
2403 2408 3.164295369 0.2811764393 1
2405 2409 3.164295369 0.2811764393 1
2406 2411 3.164295369 0.2811764393 1
2408 2412 3.129795093 0.3616801436 1
2414 2418 3.129795093 0.3616801436 1
2415 2420 3.164295369 0.2811764393 1
2417 2421 3.164295369 0.2811764393 1
2418 2423 3.164295369 0.2811764393 1
2420 2424 3.164295369 0.2811764393 1
2421 2426 3.164295369 0.2811764393 1
2423 2427 3.164295369 0.2811764393 1
2424 2429 3.164295369 0.2811764393 1
2426 2430 3.129795093 0.3616801436 1
2432 2436 3.129795093 0.3616801436 1
2433 2438 3.164295369 0.2811764393 1
2435 2439 3.164295369 0.2811764393 1
2436 2441 3.164295369 0.2811764393 1
2438 2442 3.164295369 0.2811764393 1
2439 2444 3.164295369 0.2811764393 1
2441 2445 3.164295369 0.2811764393 1
2442 2447 3.164295369 0.2811764393 1
2444 2448 3.129795093 0.3616801436 1
2450 2454 3.129795093 0.3616801436 1
2451 2456 3.164295369 0.2811764393 1
2453 2457 3.164295369 0.2811764393 1
2454 2459 3.164295369 0.2811764393 1
2456 2460 3.164295369 0.2811764393 1
2457 2462 3.164295369 0.2811764393 1
2459 2463 3.164295369 0.2811764393 1
2460 2465 3.164295369 0.2811764393 1
2462 2466 3.129795093 0.3616801436 1
2468 2472 3.129795093 0.3616801436 1
2469 2474 3.164295369 0.2811764393 1
2471 2475 3.164295369 0.2811764393 1
2472 2477 3.164295369 0.2811764393 1
2474 2478 3.164295369 0.2811764393 1
2475 2480 3.164295369 0.2811764393 1
2477 2481 3.164295369 0.2811764393 1
2478 2483 3.164295369 0.2811764393 1
2480 2484 3.129795093 0.3616801436 1
2486 2490 3.129795093 0.3616801436 1
2487 2492 3.164295369 0.2811764393 1
2489 2493 3.164295369 0.2811764393 1
2490 2495 3.164295369 0.2811764393 1
2492 2496 3.164295369 0.2811764393 1
2493 2498 3.164295369 0.2811764393 1
2495 2499 3.164295369 0.2811764393 1
2496 2501 3.164295369 0.2811764393 1
2498 2502 3.129795093 0.3616801436 1
2504 2508 3.129795093 0.3616801436 1
2505 2510 3.164295369 0.2811764393 1
2507 2511 3.164295369 0.2811764393 1
2508 2513 3.164295369 0.2811764393 1
2510 2514 3.164295369 0.2811764393 1
2511 2516 3.164295369 0.2811764393 1
2513 2517 3.164295369 0.2811764393 1
2514 2519 3.164295369 0.2811764393 1
2516 2520 3.129795093 0.3616801436 1
2522 2526 3.129795093 0.3616801436 1
2523 2528 3.164295369 0.2811764393 1
2525 2529 3.164295369 0.2811764393 1
2526 2531 3.164295369 0.2811764393 1
2528 2532 3.164295369 0.2811764393 1
2529 2534 3.164295369 0.2811764393 1
2531 2535 3.164295369 0.2811764393 1
2532 2537 3.164295369 0.2811764393 1
2534 2538 3.129795093 0.3616801436 1
2540 2544 3.129795093 0.3616801436 1
2541 2546 3.164295369 0.2811764393 1
2543 2547 3.164295369 0.2811764393 1
2544 2549 3.164295369 0.2811764393 1
2546 2550 3.164295369 0.2811764393 1
2547 2552 3.164295369 0.2811764393 1
2549 2553 3.164295369 0.2811764393 1
2550 2555 3.164295369 0.2811764393 1
2552 2556 3.129795093 0.3616801436 1
2558 2562 3.129795093 0.3616801436 1
2559 2564 3.164295369 0.2811764393 1
2561 2565 3.164295369 0.2811764393 1
2562 2567 3.164295369 0.2811764393 1
2564 2568 3.164295369 0.2811764393 1
2565 2570 3.164295369 0.2811764393 1
2567 2571 3.164295369 0.2811764393 1
2568 2573 3.164295369 0.2811764393 1
2570 2574 3.129795093 0.3616801436 1
2576 2580 3.129795093 0.3616801436 1
2577 2582 3.164295369 0.2811764393 1
2579 2583 3.164295369 0.2811764393 1
2580 2585 3.164295369 0.2811764393 1
2582 2586 3.164295369 0.2811764393 1
2583 2588 3.164295369 0.2811764393 1
2585 2589 3.164295369 0.2811764393 1
2586 2591 3.164295369 0.2811764393 1
2588 2592 3.129795093 0.3616801436 1
2594 2598 3.129795093 0.3616801436 1
2595 2600 3.164295369 0.2811764393 1
2597 2601 3.164295369 0.2811764393 1
2598 2603 3.164295369 0.2811764393 1
2600 2604 3.164295369 0.2811764393 1
2601 2606 3.164295369 0.2811764393 1
2603 2607 3.164295369 0.2811764393 1
2604 2609 3.164295369 0.2811764393 1
2606 2610 3.129795093 0.3616801436 1
2612 2616 3.129795093 0.3616801436 1
2613 2618 3.164295369 0.2811764393 1
2615 2619 3.164295369 0.2811764393 1
2616 2621 3.164295369 0.2811764393 1
2618 2622 3.164295369 0.2811764393 1
2619 2624 3.164295369 0.2811764393 1
2621 2625 3.164295369 0.2811764393 1
2622 2627 3.164295369 0.2811764393 1
2624 2628 3.129795093 0.3616801436 1
2630 2634 3.129795093 0.3616801436 1
2631 2636 3.164295369 0.2811764393 1
2633 2637 3.164295369 0.2811764393 1
2634 2639 3.164295369 0.2811764393 1
2636 2640 3.164295369 0.2811764393 1
2637 2642 3.164295369 0.2811764393 1
2639 2643 3.164295369 0.2811764393 1
2640 2645 3.164295369 0.2811764393 1
2642 2646 3.129795093 0.3616801436 1
2648 2652 3.129795093 0.3616801436 1
2649 2654 3.164295369 0.2811764393 1
2651 2655 3.164295369 0.2811764393 1
2652 2657 3.164295369 0.2811764393 1
2654 2658 3.164295369 0.2811764393 1
2655 2660 3.164295369 0.2811764393 1
2657 2661 3.164295369 0.2811764393 1
2658 2663 3.164295369 0.2811764393 1
2660 2664 3.129795093 0.3616801436 1
2666 2670 3.129795093 0.3616801436 1
2667 2672 3.164295369 0.2811764393 1
2669 2673 3.164295369 0.2811764393 1
2670 2675 3.164295369 0.2811764393 1
2672 2676 3.164295369 0.2811764393 1
2673 2678 3.164295369 0.2811764393 1
2675 2679 3.164295369 0.2811764393 1
2676 2681 3.164295369 0.2811764393 1
2678 2682 3.129795093 0.3616801436 1
2684 2688 3.129795093 0.3616801436 1
2685 2690 3.164295369 0.2811764393 1
2687 2691 3.164295369 0.2811764393 1
2688 2693 3.164295369 0.2811764393 1
2690 2694 3.164295369 0.2811764393 1
2691 2696 3.164295369 0.2811764393 1
2693 2697 3.164295369 0.2811764393 1
2694 2699 3.164295369 0.2811764393 1
2696 2700 3.129795093 0.3616801436 1
2702 2706 3.129795093 0.3616801436 1
2703 2708 3.164295369 0.2811764393 1
2705 2709 3.164295369 0.2811764393 1
2706 2711 3.164295369 0.2811764393 1
2708 2712 3.164295369 0.2811764393 1
2709 2714 3.164295369 0.2811764393 1
2711 2715 3.164295369 0.2811764393 1
2712 2717 3.164295369 0.2811764393 1
2714 2718 3.129795093 0.3616801436 1
2720 2724 3.129795093 0.3616801436 1
2721 2726 3.164295369 0.2811764393 1
2723 2727 3.164295369 0.2811764393 1
2724 2729 3.164295369 0.2811764393 1
2726 2730 3.164295369 0.2811764393 1
2727 2732 3.164295369 0.2811764393 1
2729 2733 3.164295369 0.2811764393 1
2730 2735 3.164295369 0.2811764393 1
2732 2736 3.129795093 0.3616801436 1
2738 2742 3.129795093 0.3616801436 1
2739 2744 3.164295369 0.2811764393 1
2741 2745 3.164295369 0.2811764393 1
2742 2747 3.164295369 0.2811764393 1
2744 2748 3.164295369 0.2811764393 1
2745 2750 3.164295369 0.2811764393 1
2747 2751 3.164295369 0.2811764393 1
2748 2753 3.164295369 0.2811764393 1
2750 2754 3.129795093 0.3616801436 1
2756 2760 3.129795093 0.3616801436 1
2757 2762 3.164295369 0.2811764393 1
2759 2763 3.164295369 0.2811764393 1
2760 2765 3.164295369 0.2811764393 1
2762 2766 3.164295369 0.2811764393 1
2763 2768 3.164295369 0.2811764393 1
2765 2769 3.164295369 0.2811764393 1
2766 2771 3.164295369 0.2811764393 1
2768 2772 3.129795093 0.3616801436 1
2774 2778 3.129795093 0.3616801436 1
2775 2780 3.164295369 0.2811764393 1
2777 2781 3.164295369 0.2811764393 1
2778 2783 3.164295369 0.2811764393 1
2780 2784 3.164295369 0.2811764393 1
2781 2786 3.164295369 0.2811764393 1
2783 2787 3.164295369 0.2811764393 1
2784 2789 3.164295369 0.2811764393 1
2786 2790 3.129795093 0.3616801436 1
2792 2796 3.129795093 0.3616801436 1
2793 2798 3.164295369 0.2811764393 1
2795 2799 3.164295369 0.2811764393 1
2796 2801 3.164295369 0.2811764393 1
2798 2802 3.164295369 0.2811764393 1
2799 2804 3.164295369 0.2811764393 1
2801 2805 3.164295369 0.2811764393 1
2802 2807 3.164295369 0.2811764393 1
2804 2808 3.129795093 0.3616801436 1
2810 2814 3.129795093 0.3616801436 1
2811 2816 3.164295369 0.2811764393 1
2813 2817 3.164295369 0.2811764393 1
2814 2819 3.164295369 0.2811764393 1
2816 2820 3.164295369 0.2811764393 1
2817 2822 3.164295369 0.2811764393 1
2819 2823 3.164295369 0.2811764393 1
2820 2825 3.164295369 0.2811764393 1
2822 2826 3.129795093 0.3616801436 1
2828 2832 3.129795093 0.3616801436 1
2829 2834 3.164295369 0.2811764393 1
2831 2835 3.164295369 0.2811764393 1
2832 2837 3.164295369 0.2811764393 1
2834 2838 3.164295369 0.2811764393 1
2835 2840 3.164295369 0.2811764393 1
2837 2841 3.164295369 0.2811764393 1
2838 2843 3.164295369 0.2811764393 1
2840 2844 3.129795093 0.3616801436 1
2846 2850 3.129795093 0.3616801436 1
2847 2852 3.164295369 0.2811764393 1
2849 2853 3.164295369 0.2811764393 1
2850 2855 3.164295369 0.2811764393 1
2852 2856 3.164295369 0.2811764393 1
2853 2858 3.164295369 0.2811764393 1
2855 2859 3.164295369 0.2811764393 1
2856 2861 3.164295369 0.2811764393 1
2858 2862 3.129795093 0.3616801436 1
2864 2868 3.129795093 0.3616801436 1
2865 2870 3.164295369 0.2811764393 1
2867 2871 3.164295369 0.2811764393 1
2868 2873 3.164295369 0.2811764393 1
2870 2874 3.164295369 0.2811764393 1
2871 2876 3.164295369 0.2811764393 1
2873 2877 3.164295369 0.2811764393 1
2874 2879 3.164295369 0.2811764393 1
2876 2880 3.129795093 0.3616801436 1
2882 2886 3.129795093 0.3616801436 1
2883 2888 3.164295369 0.2811764393 1
2885 2889 3.164295369 0.2811764393 1
2886 2891 3.164295369 0.2811764393 1
2888 2892 3.164295369 0.2811764393 1
2889 2894 3.164295369 0.2811764393 1
2891 2895 3.164295369 0.2811764393 1
2892 2897 3.164295369 0.2811764393 1
2894 2898 3.129795093 0.3616801436 1
2900 2904 3.129795093 0.3616801436 1
2901 2906 3.164295369 0.2811764393 1
2903 2907 3.164295369 0.2811764393 1
2904 2909 3.164295369 0.2811764393 1
2906 2910 3.164295369 0.2811764393 1
2907 2912 3.164295369 0.2811764393 1
2909 2913 3.164295369 0.2811764393 1
2910 2915 3.164295369 0.2811764393 1
2912 2916 3.129795093 0.3616801436 1
2918 2922 3.129795093 0.3616801436 1
2919 2924 3.164295369 0.2811764393 1
2921 2925 3.164295369 0.2811764393 1
2922 2927 3.164295369 0.2811764393 1
2924 2928 3.164295369 0.2811764393 1
2925 2930 3.164295369 0.2811764393 1
2927 2931 3.164295369 0.2811764393 1
2928 2933 3.164295369 0.2811764393 1
2930 2934 3.129795093 0.3616801436 1
2936 2940 3.129795093 0.3616801436 1
2937 2942 3.164295369 0.2811764393 1
2939 2943 3.164295369 0.2811764393 1
2940 2945 3.164295369 0.2811764393 1
2942 2946 3.164295369 0.2811764393 1
2943 2948 3.164295369 0.2811764393 1
2945 2949 3.164295369 0.2811764393 1
2946 2951 3.164295369 0.2811764393 1
2948 2952 3.129795093 0.3616801436 1
2954 2958 3.129795093 0.3616801436 1
2955 2960 3.164295369 0.2811764393 1
2957 2961 3.164295369 0.2811764393 1
2958 2963 3.164295369 0.2811764393 1
2960 2964 3.164295369 0.2811764393 1
2961 2966 3.164295369 0.2811764393 1
2963 2967 3.164295369 0.2811764393 1
2964 2969 3.164295369 0.2811764393 1
2966 2970 3.129795093 0.3616801436 1
2972 2976 3.129795093 0.3616801436 1
2973 2978 3.164295369 0.2811764393 1
2975 2979 3.164295369 0.2811764393 1
2976 2981 3.164295369 0.2811764393 1
2978 2982 3.164295369 0.2811764393 1
2979 2984 3.164295369 0.2811764393 1
2981 2985 3.164295369 0.2811764393 1
2982 2987 3.164295369 0.2811764393 1
2984 2988 3.129795093 0.3616801436 1
2990 2994 3.129795093 0.3616801436 1
2991 2996 3.164295369 0.2811764393 1
2993 2997 3.164295369 0.2811764393 1
2994 2999 3.164295369 0.2811764393 1
2996 3000 3.164295369 0.2811764393 1
2997 3002 3.164295369 0.2811764393 1
2999 3003 3.164295369 0.2811764393 1
3000 3005 3.164295369 0.2811764393 1
3002 3006 3.129795093 0.3616801436 1
3008 3012 3.129795093 0.3616801436 1
3009 3014 3.164295369 0.2811764393 1
3011 3015 3.164295369 0.2811764393 1
3012 3017 3.164295369 0.2811764393 1
3014 3018 3.164295369 0.2811764393 1
3015 3020 3.164295369 0.2811764393 1
3017 3021 3.164295369 0.2811764393 1
3018 3023 3.164295369 0.2811764393 1
3020 3024 3.129795093 0.3616801436 1
3026 3030 3.129795093 0.3616801436 1
3027 3032 3.164295369 0.2811764393 1
3029 3033 3.164295369 0.2811764393 1
3030 3035 3.164295369 0.2811764393 1
3032 3036 3.164295369 0.2811764393 1
3033 3038 3.164295369 0.2811764393 1
3035 3039 3.164295369 0.2811764393 1
3036 3041 3.164295369 0.2811764393 1
3038 3042 3.129795093 0.3616801436 1
3044 3048 3.129795093 0.3616801436 1
3045 3050 3.164295369 0.2811764393 1
3047 3051 3.164295369 0.2811764393 1
3048 3053 3.164295369 0.2811764393 1
3050 3054 3.164295369 0.2811764393 1
3051 3056 3.164295369 0.2811764393 1
3053 3057 3.164295369 0.2811764393 1
3054 3059 3.164295369 0.2811764393 1
3056 3060 3.129795093 0.3616801436 1
3062 3066 3.129795093 0.3616801436 1
3063 3068 3.164295369 0.2811764393 1
3065 3069 3.164295369 0.2811764393 1
3066 3071 3.164295369 0.2811764393 1
3068 3072 3.164295369 0.2811764393 1
3069 3074 3.164295369 0.2811764393 1
3071 3075 3.164295369 0.2811764393 1
3072 3077 3.164295369 0.2811764393 1
3074 3078 3.129795093 0.3616801436 1
3080 3084 3.129795093 0.3616801436 1
3081 3086 3.164295369 0.2811764393 1
3083 3087 3.164295369 0.2811764393 1
3084 3089 3.164295369 0.2811764393 1
3086 3090 3.164295369 0.2811764393 1
3087 3092 3.164295369 0.2811764393 1
3089 3093 3.164295369 0.2811764393 1
3090 3095 3.164295369 0.2811764393 1
3092 3096 3.129795093 0.3616801436 1
3098 3102 3.129795093 0.3616801436 1
3099 3104 3.164295369 0.2811764393 1
3101 3105 3.164295369 0.2811764393 1
3102 3107 3.164295369 0.2811764393 1
3104 3108 3.164295369 0.2811764393 1
3105 3110 3.164295369 0.2811764393 1
3107 3111 3.164295369 0.2811764393 1
3108 3113 3.164295369 0.2811764393 1
3110 3114 3.129795093 0.3616801436 1
3116 3120 3.129795093 0.3616801436 1
3117 3122 3.164295369 0.2811764393 1
3119 3123 3.164295369 0.2811764393 1
3120 3125 3.164295369 0.2811764393 1
3122 3126 3.164295369 0.2811764393 1
3123 3128 3.164295369 0.2811764393 1
3125 3129 3.164295369 0.2811764393 1
3126 3131 3.164295369 0.2811764393 1
3128 3132 3.129795093 0.3616801436 1
3134 3138 3.129795093 0.3616801436 1
3135 3140 3.164295369 0.2811764393 1
3137 3141 3.164295369 0.2811764393 1
3138 3143 3.164295369 0.2811764393 1
3140 3144 3.164295369 0.2811764393 1
3141 3146 3.164295369 0.2811764393 1
3143 3147 3.164295369 0.2811764393 1
3144 3149 3.164295369 0.2811764393 1
3146 3150 3.129795093 0.3616801436 1
3152 3156 3.129795093 0.3616801436 1
3153 3158 3.164295369 0.2811764393 1
3155 3159 3.164295369 0.2811764393 1
3156 3161 3.164295369 0.2811764393 1
3158 3162 3.164295369 0.2811764393 1
3159 3164 3.164295369 0.2811764393 1
3161 3165 3.164295369 0.2811764393 1
3162 3167 3.164295369 0.2811764393 1
3164 3168 3.129795093 0.3616801436 1
3170 3174 3.129795093 0.3616801436 1
3171 3176 3.164295369 0.2811764393 1
3173 3177 3.164295369 0.2811764393 1
3174 3179 3.164295369 0.2811764393 1
3176 3180 3.164295369 0.2811764393 1
3177 3182 3.164295369 0.2811764393 1
3179 3183 3.164295369 0.2811764393 1
3180 3185 3.164295369 0.2811764393 1
3182 3186 3.129795093 0.3616801436 1
3188 3192 3.129795093 0.3616801436 1
3189 3194 3.164295369 0.2811764393 1
3191 3195 3.164295369 0.2811764393 1
3192 3197 3.164295369 0.2811764393 1
3194 3198 3.164295369 0.2811764393 1
3195 3200 3.164295369 0.2811764393 1
3197 3201 3.164295369 0.2811764393 1
3198 3203 3.164295369 0.2811764393 1
3200 3204 3.129795093 0.3616801436 1
3206 3210 3.129795093 0.3616801436 1
3207 3212 3.164295369 0.2811764393 1
3209 3213 3.164295369 0.2811764393 1
3210 3215 3.164295369 0.2811764393 1
3212 3216 3.164295369 0.2811764393 1
3213 3218 3.164295369 0.2811764393 1
3215 3219 3.164295369 0.2811764393 1
3216 3221 3.164295369 0.2811764393 1
3218 3222 3.129795093 0.3616801436 1
3224 3228 3.129795093 0.3616801436 1
3225 3230 3.164295369 0.2811764393 1
3227 3231 3.164295369 0.2811764393 1
3228 3233 3.164295369 0.2811764393 1
3230 3234 3.164295369 0.2811764393 1
3231 3236 3.164295369 0.2811764393 1
3233 3237 3.164295369 0.2811764393 1
3234 3239 3.164295369 0.2811764393 1
3236 3240 3.129795093 0.3616801436 1
3242 3246 3.129795093 0.3616801436 1
3243 3248 3.164295369 0.2811764393 1
3245 3249 3.164295369 0.2811764393 1
3246 3251 3.164295369 0.2811764393 1
3248 3252 3.164295369 0.2811764393 1
3249 3254 3.164295369 0.2811764393 1
3251 3255 3.164295369 0.2811764393 1
3252 3257 3.164295369 0.2811764393 1
3254 3258 3.129795093 0.3616801436 1
3260 3264 3.129795093 0.3616801436 1
3261 3266 3.164295369 0.2811764393 1
3263 3267 3.164295369 0.2811764393 1
3264 3269 3.164295369 0.2811764393 1
3266 3270 3.164295369 0.2811764393 1
3267 3272 3.164295369 0.2811764393 1
3269 3273 3.164295369 0.2811764393 1
3270 3275 3.164295369 0.2811764393 1
3272 3276 3.129795093 0.3616801436 1
3278 3282 3.129795093 0.3616801436 1
3279 3284 3.164295369 0.2811764393 1
3281 3285 3.164295369 0.2811764393 1
3282 3287 3.164295369 0.2811764393 1
3284 3288 3.164295369 0.2811764393 1
3285 3290 3.164295369 0.2811764393 1
3287 3291 3.164295369 0.2811764393 1
3288 3293 3.164295369 0.2811764393 1
3290 3294 3.129795093 0.3616801436 1
3296 3300 3.129795093 0.3616801436 1
3297 3302 3.164295369 0.2811764393 1
3299 3303 3.164295369 0.2811764393 1
3300 3305 3.164295369 0.2811764393 1
3302 3306 3.164295369 0.2811764393 1
3303 3308 3.164295369 0.2811764393 1
3305 3309 3.164295369 0.2811764393 1
3306 3311 3.164295369 0.2811764393 1
3308 3312 3.129795093 0.3616801436 1
3314 3318 3.129795093 0.3616801436 1
3315 3320 3.164295369 0.2811764393 1
3317 3321 3.164295369 0.2811764393 1
3318 3323 3.164295369 0.2811764393 1
3320 3324 3.164295369 0.2811764393 1
3321 3326 3.164295369 0.2811764393 1
3323 3327 3.164295369 0.2811764393 1
3324 3329 3.164295369 0.2811764393 1
3326 3330 3.129795093 0.3616801436 1
3332 3336 3.129795093 0.3616801436 1
3333 3338 3.164295369 0.2811764393 1
3335 3339 3.164295369 0.2811764393 1
3336 3341 3.164295369 0.2811764393 1
3338 3342 3.164295369 0.2811764393 1
3339 3344 3.164295369 0.2811764393 1
3341 3345 3.164295369 0.2811764393 1
3342 3347 3.164295369 0.2811764393 1
3344 3348 3.129795093 0.3616801436 1
3350 3354 3.129795093 0.3616801436 1
3351 3356 3.164295369 0.2811764393 1
3353 3357 3.164295369 0.2811764393 1
3354 3359 3.164295369 0.2811764393 1
3356 3360 3.164295369 0.2811764393 1
3357 3362 3.164295369 0.2811764393 1
3359 3363 3.164295369 0.2811764393 1
3360 3365 3.164295369 0.2811764393 1
3362 3366 3.129795093 0.3616801436 1
3368 3372 3.129795093 0.3616801436 1
3369 3374 3.164295369 0.2811764393 1
3371 3375 3.164295369 0.2811764393 1
3372 3377 3.164295369 0.2811764393 1
3374 3378 3.164295369 0.2811764393 1
3375 3380 3.164295369 0.2811764393 1
3377 3381 3.164295369 0.2811764393 1
3378 3383 3.164295369 0.2811764393 1
3380 3384 3.129795093 0.3616801436 1
3386 3390 3.129795093 0.3616801436 1
3387 3392 3.164295369 0.2811764393 1
3389 3393 3.164295369 0.2811764393 1
3390 3395 3.164295369 0.2811764393 1
3392 3396 3.164295369 0.2811764393 1
3393 3398 3.164295369 0.2811764393 1
3395 3399 3.164295369 0.2811764393 1
3396 3401 3.164295369 0.2811764393 1
3398 3402 3.129795093 0.3616801436 1
3404 3408 3.129795093 0.3616801436 1
3405 3410 3.164295369 0.2811764393 1
3407 3411 3.164295369 0.2811764393 1
3408 3413 3.164295369 0.2811764393 1
3410 3414 3.164295369 0.2811764393 1
3411 3416 3.164295369 0.2811764393 1
3413 3417 3.164295369 0.2811764393 1
3414 3419 3.164295369 0.2811764393 1
3416 3420 3.129795093 0.3616801436 1
3422 3426 3.129795093 0.3616801436 1
3423 3428 3.164295369 0.2811764393 1
3425 3429 3.164295369 0.2811764393 1
3426 3431 3.164295369 0.2811764393 1
3428 3432 3.164295369 0.2811764393 1
3429 3434 3.164295369 0.2811764393 1
3431 3435 3.164295369 0.2811764393 1
3432 3437 3.164295369 0.2811764393 1
3434 3438 3.129795093 0.3616801436 1
3440 3444 3.129795093 0.3616801436 1
3441 3446 3.164295369 0.2811764393 1
3443 3447 3.164295369 0.2811764393 1
3444 3449 3.164295369 0.2811764393 1
3446 3450 3.164295369 0.2811764393 1
3447 3452 3.164295369 0.2811764393 1
3449 3453 3.164295369 0.2811764393 1
3450 3455 3.164295369 0.2811764393 1
3452 3456 3.129795093 0.3616801436 1
3458 3462 3.129795093 0.3616801436 1
3459 3464 3.164295369 0.2811764393 1
3461 3465 3.164295369 0.2811764393 1
3462 3467 3.164295369 0.2811764393 1
3464 3468 3.164295369 0.2811764393 1
3465 3470 3.164295369 0.2811764393 1
3467 3471 3.164295369 0.2811764393 1
3468 3473 3.164295369 0.2811764393 1
3470 3474 3.129795093 0.3616801436 1
3476 3480 3.129795093 0.3616801436 1
3477 3482 3.164295369 0.2811764393 1
3479 3483 3.164295369 0.2811764393 1
3480 3485 3.164295369 0.2811764393 1
3482 3486 3.164295369 0.2811764393 1
3483 3488 3.164295369 0.2811764393 1
3485 3489 3.164295369 0.2811764393 1
3486 3491 3.164295369 0.2811764393 1
3488 3492 3.129795093 0.3616801436 1
3494 3498 3.129795093 0.3616801436 1
3495 3500 3.164295369 0.2811764393 1
3497 3501 3.164295369 0.2811764393 1
3498 3503 3.164295369 0.2811764393 1
3500 3504 3.164295369 0.2811764393 1
3501 3506 3.164295369 0.2811764393 1
3503 3507 3.164295369 0.2811764393 1
3504 3509 3.164295369 0.2811764393 1
3506 3510 3.129795093 0.3616801436 1
3512 3516 3.129795093 0.3616801436 1
3513 3518 3.164295369 0.2811764393 1
3515 3519 3.164295369 0.2811764393 1
3516 3521 3.164295369 0.2811764393 1
3518 3522 3.164295369 0.2811764393 1
3519 3524 3.164295369 0.2811764393 1
3521 3525 3.164295369 0.2811764393 1
3522 3527 3.164295369 0.2811764393 1
3524 3528 3.129795093 0.3616801436 1
3530 3534 3.129795093 0.3616801436 1
3531 3536 3.164295369 0.2811764393 1
3533 3537 3.164295369 0.2811764393 1
3534 3539 3.164295369 0.2811764393 1
3536 3540 3.164295369 0.2811764393 1
3537 3542 3.164295369 0.2811764393 1
3539 3543 3.164295369 0.2811764393 1
3540 3545 3.164295369 0.2811764393 1
3542 3546 3.129795093 0.3616801436 1
3548 3552 3.129795093 0.3616801436 1
3549 3554 3.164295369 0.2811764393 1
3551 3555 3.164295369 0.2811764393 1
3552 3557 3.164295369 0.2811764393 1
3554 3558 3.164295369 0.2811764393 1
3555 3560 3.164295369 0.2811764393 1
3557 3561 3.164295369 0.2811764393 1
3558 3563 3.164295369 0.2811764393 1
3560 3564 3.129795093 0.3616801436 1
3566 3570 3.129795093 0.3616801436 1
3567 3572 3.164295369 0.2811764393 1
3569 3573 3.164295369 0.2811764393 1
3570 3575 3.164295369 0.2811764393 1
3572 3576 3.164295369 0.2811764393 1
3573 3578 3.164295369 0.2811764393 1
3575 3579 3.164295369 0.2811764393 1
3576 3581 3.164295369 0.2811764393 1
3578 3582 3.129795093 0.3616801436 1
3584 3588 3.129795093 0.3616801436 1
3585 3590 3.164295369 0.2811764393 1
3587 3591 3.164295369 0.2811764393 1
3588 3593 3.164295369 0.2811764393 1
3590 3594 3.164295369 0.2811764393 1
3591 3596 3.164295369 0.2811764393 1
3593 3597 3.164295369 0.2811764393 1
3594 3599 3.164295369 0.2811764393 1
3596 3600 3.129795093 0.3616801436 1
3602 3606 3.129795093 0.3616801436 1
3603 3608 3.164295369 0.2811764393 1
3605 3609 3.164295369 0.2811764393 1
3606 3611 3.164295369 0.2811764393 1
3608 3612 3.164295369 0.2811764393 1
3609 3614 3.164295369 0.2811764393 1
3611 3615 3.164295369 0.2811764393 1
3612 3617 3.164295369 0.2811764393 1
3614 3618 3.129795093 0.3616801436 1
3620 3624 3.129795093 0.3616801436 1
3621 3626 3.164295369 0.2811764393 1
3623 3627 3.164295369 0.2811764393 1
3624 3629 3.164295369 0.2811764393 1
3626 3630 3.164295369 0.2811764393 1
3627 3632 3.164295369 0.2811764393 1
3629 3633 3.164295369 0.2811764393 1
3630 3635 3.164295369 0.2811764393 1
3632 3636 3.129795093 0.3616801436 1
3638 3642 3.129795093 0.3616801436 1
3639 3644 3.164295369 0.2811764393 1
3641 3645 3.164295369 0.2811764393 1
3642 3647 3.164295369 0.2811764393 1
3644 3648 3.164295369 0.2811764393 1
3645 3650 3.164295369 0.2811764393 1
3647 3651 3.164295369 0.2811764393 1
3648 3653 3.164295369 0.2811764393 1
3650 3654 3.129795093 0.3616801436 1
3656 3660 3.129795093 0.3616801436 1
3657 3662 3.164295369 0.2811764393 1
3659 3663 3.164295369 0.2811764393 1
3660 3665 3.164295369 0.2811764393 1
3662 3666 3.164295369 0.2811764393 1
3663 3668 3.164295369 0.2811764393 1
3665 3669 3.164295369 0.2811764393 1
3666 3671 3.164295369 0.2811764393 1
3668 3672 3.129795093 0.3616801436 1
3674 3678 3.129795093 0.3616801436 1
3675 3680 3.164295369 0.2811764393 1
3677 3681 3.164295369 0.2811764393 1
3678 3683 3.164295369 0.2811764393 1
3680 3684 3.164295369 0.2811764393 1
3681 3686 3.164295369 0.2811764393 1
3683 3687 3.164295369 0.2811764393 1
3684 3689 3.164295369 0.2811764393 1
3686 3690 3.129795093 0.3616801436 1
3692 3696 3.129795093 0.3616801436 1
3693 3698 3.164295369 0.2811764393 1
3695 3699 3.164295369 0.2811764393 1
3696 3701 3.164295369 0.2811764393 1
3698 3702 3.164295369 0.2811764393 1
3699 3704 3.164295369 0.2811764393 1
3701 3705 3.164295369 0.2811764393 1
3702 3707 3.164295369 0.2811764393 1
3704 3708 3.129795093 0.3616801436 1
3710 3714 3.129795093 0.3616801436 1
3711 3716 3.164295369 0.2811764393 1
3713 3717 3.164295369 0.2811764393 1
3714 3719 3.164295369 0.2811764393 1
3716 3720 3.164295369 0.2811764393 1
3717 3722 3.164295369 0.2811764393 1
3719 3723 3.164295369 0.2811764393 1
3720 3725 3.164295369 0.2811764393 1
3722 3726 3.129795093 0.3616801436 1
3728 3732 3.129795093 0.3616801436 1
3729 3734 3.164295369 0.2811764393 1
3731 3735 3.164295369 0.2811764393 1
3732 3737 3.164295369 0.2811764393 1
3734 3738 3.164295369 0.2811764393 1
3735 3740 3.164295369 0.2811764393 1
3737 3741 3.164295369 0.2811764393 1
3738 3743 3.164295369 0.2811764393 1
3740 3744 3.129795093 0.3616801436 1
3746 3750 3.129795093 0.3616801436 1
3747 3752 3.164295369 0.2811764393 1
3749 3753 3.164295369 0.2811764393 1
3750 3755 3.164295369 0.2811764393 1
3752 3756 3.164295369 0.2811764393 1
3753 3758 3.164295369 0.2811764393 1
3755 3759 3.164295369 0.2811764393 1
3756 3761 3.164295369 0.2811764393 1
3758 3762 3.129795093 0.3616801436 1
3764 3768 3.129795093 0.3616801436 1
3765 3770 3.164295369 0.2811764393 1
3767 3771 3.164295369 0.2811764393 1
3768 3773 3.164295369 0.2811764393 1
3770 3774 3.164295369 0.2811764393 1
3771 3776 3.164295369 0.2811764393 1
3773 3777 3.164295369 0.2811764393 1
3774 3779 3.164295369 0.2811764393 1
3776 3780 3.129795093 0.3616801436 1
3782 3786 3.129795093 0.3616801436 1
3783 3788 3.164295369 0.2811764393 1
3785 3789 3.164295369 0.2811764393 1
3786 3791 3.164295369 0.2811764393 1
3788 3792 3.164295369 0.2811764393 1
3789 3794 3.164295369 0.2811764393 1
3791 3795 3.164295369 0.2811764393 1
3792 3797 3.164295369 0.2811764393 1
3794 3798 3.129795093 0.3616801436 1
3800 3804 3.129795093 0.3616801436 1
3801 3806 3.164295369 0.2811764393 1
3803 3807 3.164295369 0.2811764393 1
3804 3809 3.164295369 0.2811764393 1
3806 3810 3.164295369 0.2811764393 1
3807 3812 3.164295369 0.2811764393 1
3809 3813 3.164295369 0.2811764393 1
3810 3815 3.164295369 0.2811764393 1
3812 3816 3.129795093 0.3616801436 1
3818 3822 3.129795093 0.3616801436 1
3819 3824 3.164295369 0.2811764393 1
3821 3825 3.164295369 0.2811764393 1
3822 3827 3.164295369 0.2811764393 1
3824 3828 3.164295369 0.2811764393 1
3825 3830 3.164295369 0.2811764393 1
3827 3831 3.164295369 0.2811764393 1
3828 3833 3.164295369 0.2811764393 1
3830 3834 3.129795093 0.3616801436 1
3836 3840 3.129795093 0.3616801436 1
3837 3842 3.164295369 0.2811764393 1
3839 3843 3.164295369 0.2811764393 1
3840 3845 3.164295369 0.2811764393 1
3842 3846 3.164295369 0.2811764393 1
3843 3848 3.164295369 0.2811764393 1
3845 3849 3.164295369 0.2811764393 1
3846 3851 3.164295369 0.2811764393 1
3848 3852 3.129795093 0.3616801436 1
3854 3858 3.129795093 0.3616801436 1
3855 3860 3.164295369 0.2811764393 1
3857 3861 3.164295369 0.2811764393 1
3858 3863 3.164295369 0.2811764393 1
3860 3864 3.164295369 0.2811764393 1
3861 3866 3.164295369 0.2811764393 1
3863 3867 3.164295369 0.2811764393 1
3864 3869 3.164295369 0.2811764393 1
3866 3870 3.129795093 0.3616801436 1
3872 3876 3.129795093 0.3616801436 1
3873 3878 3.164295369 0.2811764393 1
3875 3879 3.164295369 0.2811764393 1
3876 3881 3.164295369 0.2811764393 1
3878 3882 3.164295369 0.2811764393 1
3879 3884 3.164295369 0.2811764393 1
3881 3885 3.164295369 0.2811764393 1
3882 3887 3.164295369 0.2811764393 1
3884 3888 3.129795093 0.3616801436 1
3890 3894 3.129795093 0.3616801436 1
3891 3896 3.164295369 0.2811764393 1
3893 3897 3.164295369 0.2811764393 1
3894 3899 3.164295369 0.2811764393 1
3896 3900 3.164295369 0.2811764393 1
3897 3902 3.164295369 0.2811764393 1
3899 3903 3.164295369 0.2811764393 1
3900 3905 3.164295369 0.2811764393 1
3902 3906 3.129795093 0.3616801436 1
3908 3912 3.129795093 0.3616801436 1
3909 3914 3.164295369 0.2811764393 1
3911 3915 3.164295369 0.2811764393 1
3912 3917 3.164295369 0.2811764393 1
3914 3918 3.164295369 0.2811764393 1
3915 3920 3.164295369 0.2811764393 1
3917 3921 3.164295369 0.2811764393 1
3918 3923 3.164295369 0.2811764393 1
3920 3924 3.129795093 0.3616801436 1
3926 3930 3.129795093 0.3616801436 1
3927 3932 3.164295369 0.2811764393 1
3929 3933 3.164295369 0.2811764393 1
3930 3935 3.164295369 0.2811764393 1
3932 3936 3.164295369 0.2811764393 1
3933 3938 3.164295369 0.2811764393 1
3935 3939 3.164295369 0.2811764393 1
3936 3941 3.164295369 0.2811764393 1
3938 3942 3.129795093 0.3616801436 1
3944 3948 3.129795093 0.3616801436 1
3945 3950 3.164295369 0.2811764393 1
3947 3951 3.164295369 0.2811764393 1
3948 3953 3.164295369 0.2811764393 1
3950 3954 3.164295369 0.2811764393 1
3951 3956 3.164295369 0.2811764393 1
3953 3957 3.164295369 0.2811764393 1
3954 3959 3.164295369 0.2811764393 1
3956 3960 3.129795093 0.3616801436 1
3962 3966 3.129795093 0.3616801436 1
3963 3968 3.164295369 0.2811764393 1
3965 3969 3.164295369 0.2811764393 1
3966 3971 3.164295369 0.2811764393 1
3968 3972 3.164295369 0.2811764393 1
3969 3974 3.164295369 0.2811764393 1
3971 3975 3.164295369 0.2811764393 1
3972 3977 3.164295369 0.2811764393 1
3974 3978 3.129795093 0.3616801436 1
3980 3984 3.129795093 0.3616801436 1
3981 3986 3.164295369 0.2811764393 1
3983 3987 3.164295369 0.2811764393 1
3984 3989 3.164295369 0.2811764393 1
3986 3990 3.164295369 0.2811764393 1
3987 3992 3.164295369 0.2811764393 1
3989 3993 3.164295369 0.2811764393 1
3990 3995 3.164295369 0.2811764393 1
3992 3996 3.129795093 0.3616801436 1
3998 4002 3.129795093 0.3616801436 1
3999 4004 3.164295369 0.2811764393 1
4001 4005 3.164295369 0.2811764393 1
4002 4007 3.164295369 0.2811764393 1
4004 4008 3.164295369 0.2811764393 1
4005 4010 3.164295369 0.2811764393 1
4007 4011 3.164295369 0.2811764393 1
4008 4013 3.164295369 0.2811764393 1
4010 4014 3.129795093 0.3616801436 1
4016 4020 3.129795093 0.3616801436 1
4017 4022 3.164295369 0.2811764393 1
4019 4023 3.164295369 0.2811764393 1
4020 4025 3.164295369 0.2811764393 1
4022 4026 3.164295369 0.2811764393 1
4023 4028 3.164295369 0.2811764393 1
4025 4029 3.164295369 0.2811764393 1
4026 4031 3.164295369 0.2811764393 1
4028 4032 3.129795093 0.3616801436 1
4034 4038 3.129795093 0.3616801436 1
4035 4040 3.164295369 0.2811764393 1
4037 4041 3.164295369 0.2811764393 1
4038 4043 3.164295369 0.2811764393 1
4040 4044 3.164295369 0.2811764393 1
4041 4046 3.164295369 0.2811764393 1
4043 4047 3.164295369 0.2811764393 1
4044 4049 3.164295369 0.2811764393 1
4046 4050 3.129795093 0.3616801436 1
4052 4056 3.129795093 0.3616801436 1
4053 4058 3.164295369 0.2811764393 1
4055 4059 3.164295369 0.2811764393 1
4056 4061 3.164295369 0.2811764393 1
4058 4062 3.164295369 0.2811764393 1
4059 4064 3.164295369 0.2811764393 1
4061 4065 3.164295369 0.2811764393 1
4062 4067 3.164295369 0.2811764393 1
4064 4068 3.129795093 0.3616801436 1
4070 4074 3.129795093 0.3616801436 1
4071 4076 3.164295369 0.2811764393 1
4073 4077 3.164295369 0.2811764393 1
4074 4079 3.164295369 0.2811764393 1
4076 4080 3.164295369 0.2811764393 1
4077 4082 3.164295369 0.2811764393 1
4079 4083 3.164295369 0.2811764393 1
4080 4085 3.164295369 0.2811764393 1
4082 4086 3.129795093 0.3616801436 1
4088 4092 3.129795093 0.3616801436 1
4089 4094 3.164295369 0.2811764393 1
4091 4095 3.164295369 0.2811764393 1
4092 4097 3.164295369 0.2811764393 1
4094 4098 3.164295369 0.2811764393 1
4095 4100 3.164295369 0.2811764393 1
4097 4101 3.164295369 0.2811764393 1
4098 4103 3.164295369 0.2811764393 1
4100 4104 3.129795093 0.3616801436 1
4106 4110 3.129795093 0.3616801436 1
4107 4112 3.164295369 0.2811764393 1
4109 4113 3.164295369 0.2811764393 1
4110 4115 3.164295369 0.2811764393 1
4112 4116 3.164295369 0.2811764393 1
4113 4118 3.164295369 0.2811764393 1
4115 4119 3.164295369 0.2811764393 1
4116 4121 3.164295369 0.2811764393 1
4118 4122 3.129795093 0.3616801436 1
4124 4128 3.129795093 0.3616801436 1
4125 4130 3.164295369 0.2811764393 1
4127 4131 3.164295369 0.2811764393 1
4128 4133 3.164295369 0.2811764393 1
4130 4134 3.164295369 0.2811764393 1
4131 4136 3.164295369 0.2811764393 1
4133 4137 3.164295369 0.2811764393 1
4134 4139 3.164295369 0.2811764393 1
4136 4140 3.129795093 0.3616801436 1
4142 4146 3.129795093 0.3616801436 1
4143 4148 3.164295369 0.2811764393 1
4145 4149 3.164295369 0.2811764393 1
4146 4151 3.164295369 0.2811764393 1
4148 4152 3.164295369 0.2811764393 1
4149 4154 3.164295369 0.2811764393 1
4151 4155 3.164295369 0.2811764393 1
4152 4157 3.164295369 0.2811764393 1
4154 4158 3.129795093 0.3616801436 1
4160 4164 3.129795093 0.3616801436 1
4161 4166 3.164295369 0.2811764393 1
4163 4167 3.164295369 0.2811764393 1
4164 4169 3.164295369 0.2811764393 1
4166 4170 3.164295369 0.2811764393 1
4167 4172 3.164295369 0.2811764393 1
4169 4173 3.164295369 0.2811764393 1
4170 4175 3.164295369 0.2811764393 1
4172 4176 3.129795093 0.3616801436 1
4178 4182 3.129795093 0.3616801436 1
4179 4184 3.164295369 0.2811764393 1
4181 4185 3.164295369 0.2811764393 1
4182 4187 3.164295369 0.2811764393 1
4184 4188 3.164295369 0.2811764393 1
4185 4190 3.164295369 0.2811764393 1
4187 4191 3.164295369 0.2811764393 1
4188 4193 3.164295369 0.2811764393 1
4190 4194 3.129795093 0.3616801436 1
4196 4200 3.129795093 0.3616801436 1
4197 4202 3.164295369 0.2811764393 1
4199 4203 3.164295369 0.2811764393 1
4200 4205 3.164295369 0.2811764393 1
4202 4206 3.164295369 0.2811764393 1
4203 4208 3.164295369 0.2811764393 1
4205 4209 3.164295369 0.2811764393 1
4206 4211 3.164295369 0.2811764393 1
4208 4212 3.129795093 0.3616801436 1
4214 4218 3.129795093 0.3616801436 1
4215 4220 3.164295369 0.2811764393 1
4217 4221 3.164295369 0.2811764393 1
4218 4223 3.164295369 0.2811764393 1
4220 4224 3.164295369 0.2811764393 1
4221 4226 3.164295369 0.2811764393 1
4223 4227 3.164295369 0.2811764393 1
4224 4229 3.164295369 0.2811764393 1
4226 4230 3.129795093 0.3616801436 1
4232 4236 3.129795093 0.3616801436 1
4233 4238 3.164295369 0.2811764393 1
4235 4239 3.164295369 0.2811764393 1
4236 4241 3.164295369 0.2811764393 1
4238 4242 3.164295369 0.2811764393 1
4239 4244 3.164295369 0.2811764393 1
4241 4245 3.164295369 0.2811764393 1
4242 4247 3.164295369 0.2811764393 1
4244 4248 3.129795093 0.3616801436 1
4250 4254 3.129795093 0.3616801436 1
4251 4256 3.164295369 0.2811764393 1
4253 4257 3.164295369 0.2811764393 1
4254 4259 3.164295369 0.2811764393 1
4256 4260 3.164295369 0.2811764393 1
4257 4262 3.164295369 0.2811764393 1
4259 4263 3.164295369 0.2811764393 1
4260 4265 3.164295369 0.2811764393 1
4262 4266 3.129795093 0.3616801436 1
4268 4272 3.129795093 0.3616801436 1
4269 4274 3.164295369 0.2811764393 1
4271 4275 3.164295369 0.2811764393 1
4272 4277 3.164295369 0.2811764393 1
4274 4278 3.164295369 0.2811764393 1
4275 4280 3.164295369 0.2811764393 1
4277 4281 3.164295369 0.2811764393 1
4278 4283 3.164295369 0.2811764393 1
4280 4284 3.129795093 0.3616801436 1
4286 4290 3.129795093 0.3616801436 1
4287 4292 3.164295369 0.2811764393 1
4289 4293 3.164295369 0.2811764393 1
4290 4295 3.164295369 0.2811764393 1
4292 4296 3.164295369 0.2811764393 1
4293 4298 3.164295369 0.2811764393 1
4295 4299 3.164295369 0.2811764393 1
4296 4301 3.164295369 0.2811764393 1
4298 4302 3.129795093 0.3616801436 1
4304 4308 3.129795093 0.3616801436 1
4305 4310 3.164295369 0.2811764393 1
4307 4311 3.164295369 0.2811764393 1
4308 4313 3.164295369 0.2811764393 1
4310 4314 3.164295369 0.2811764393 1
4311 4316 3.164295369 0.2811764393 1
4313 4317 3.164295369 0.2811764393 1
4314 4319 3.164295369 0.2811764393 1
4316 4320 3.129795093 0.3616801436 1
4322 4326 3.129795093 0.3616801436 1
4323 4328 3.164295369 0.2811764393 1
4325 4329 3.164295369 0.2811764393 1
4326 4331 3.164295369 0.2811764393 1
4328 4332 3.164295369 0.2811764393 1
4329 4334 3.164295369 0.2811764393 1
4331 4335 3.164295369 0.2811764393 1
4332 4337 3.164295369 0.2811764393 1
4334 4338 3.129795093 0.3616801436 1
4340 4344 3.129795093 0.3616801436 1
4341 4346 3.164295369 0.2811764393 1
4343 4347 3.164295369 0.2811764393 1
4344 4349 3.164295369 0.2811764393 1
4346 4350 3.164295369 0.2811764393 1
4347 4352 3.164295369 0.2811764393 1
4349 4353 3.164295369 0.2811764393 1
4350 4355 3.164295369 0.2811764393 1
4352 4356 3.129795093 0.3616801436 1
4358 4362 3.129795093 0.3616801436 1
4359 4364 3.164295369 0.2811764393 1
4361 4365 3.164295369 0.2811764393 1
4362 4367 3.164295369 0.2811764393 1
4364 4368 3.164295369 0.2811764393 1
4365 4370 3.164295369 0.2811764393 1
4367 4371 3.164295369 0.2811764393 1
4368 4373 3.164295369 0.2811764393 1
4370 4374 3.129795093 0.3616801436 1
4376 4380 3.129795093 0.3616801436 1
4377 4382 3.164295369 0.2811764393 1
4379 4383 3.164295369 0.2811764393 1
4380 4385 3.164295369 0.2811764393 1
4382 4386 3.164295369 0.2811764393 1
4383 4388 3.164295369 0.2811764393 1
4385 4389 3.164295369 0.2811764393 1
4386 4391 3.164295369 0.2811764393 1
4388 4392 3.129795093 0.3616801436 1
4394 4398 3.129795093 0.3616801436 1
4395 4400 3.164295369 0.2811764393 1
4397 4401 3.164295369 0.2811764393 1
4398 4403 3.164295369 0.2811764393 1
4400 4404 3.164295369 0.2811764393 1
4401 4406 3.164295369 0.2811764393 1
4403 4407 3.164295369 0.2811764393 1
4404 4409 3.164295369 0.2811764393 1
4406 4410 3.129795093 0.3616801436 1
4412 4416 3.129795093 0.3616801436 1
4413 4418 3.164295369 0.2811764393 1
4415 4419 3.164295369 0.2811764393 1
4416 4421 3.164295369 0.2811764393 1
4418 4422 3.164295369 0.2811764393 1
4419 4424 3.164295369 0.2811764393 1
4421 4425 3.164295369 0.2811764393 1
4422 4427 3.164295369 0.2811764393 1
4424 4428 3.129795093 0.3616801436 1
4430 4434 3.129795093 0.3616801436 1
4431 4436 3.164295369 0.2811764393 1
4433 4437 3.164295369 0.2811764393 1
4434 4439 3.164295369 0.2811764393 1
4436 4440 3.164295369 0.2811764393 1
4437 4442 3.164295369 0.2811764393 1
4439 4443 3.164295369 0.2811764393 1
4440 4445 3.164295369 0.2811764393 1
4442 4446 3.129795093 0.3616801436 1
4448 4452 3.129795093 0.3616801436 1
4449 4454 3.164295369 0.2811764393 1
4451 4455 3.164295369 0.2811764393 1
4452 4457 3.164295369 0.2811764393 1
4454 4458 3.164295369 0.2811764393 1
4455 4460 3.164295369 0.2811764393 1
4457 4461 3.164295369 0.2811764393 1
4458 4463 3.164295369 0.2811764393 1
4460 4464 3.129795093 0.3616801436 1
4466 4470 3.129795093 0.3616801436 1
4467 4472 3.164295369 0.2811764393 1
4469 4473 3.164295369 0.2811764393 1
4470 4475 3.164295369 0.2811764393 1
4472 4476 3.164295369 0.2811764393 1
4473 4478 3.164295369 0.2811764393 1
4475 4479 3.164295369 0.2811764393 1
4476 4481 3.164295369 0.2811764393 1
4478 4482 3.129795093 0.3616801436 1
4484 4488 3.129795093 0.3616801436 1
4485 4490 3.164295369 0.2811764393 1
4487 4491 3.164295369 0.2811764393 1
4488 4493 3.164295369 0.2811764393 1
4490 4494 3.164295369 0.2811764393 1
4491 4496 3.164295369 0.2811764393 1
4493 4497 3.164295369 0.2811764393 1
4494 4499 3.164295369 0.2811764393 1
4496 4500 3.129795093 0.3616801436 1
4502 4506 3.129795093 0.3616801436 1
4503 4508 3.164295369 0.2811764393 1
4505 4509 3.164295369 0.2811764393 1
4506 4511 3.164295369 0.2811764393 1
4508 4512 3.164295369 0.2811764393 1
4509 4514 3.164295369 0.2811764393 1
4511 4515 3.164295369 0.2811764393 1
4512 4517 3.164295369 0.2811764393 1
4514 4518 3.129795093 0.3616801436 1
4520 4524 3.129795093 0.3616801436 1
4521 4526 3.164295369 0.2811764393 1
4523 4527 3.164295369 0.2811764393 1
4524 4529 3.164295369 0.2811764393 1
4526 4530 3.164295369 0.2811764393 1
4527 4532 3.164295369 0.2811764393 1
4529 4533 3.164295369 0.2811764393 1
4530 4535 3.164295369 0.2811764393 1
4532 4536 3.129795093 0.3616801436 1
4538 4542 3.129795093 0.3616801436 1
4539 4544 3.164295369 0.2811764393 1
4541 4545 3.164295369 0.2811764393 1
4542 4547 3.164295369 0.2811764393 1
4544 4548 3.164295369 0.2811764393 1
4545 4550 3.164295369 0.2811764393 1
4547 4551 3.164295369 0.2811764393 1
4548 4553 3.164295369 0.2811764393 1
4550 4554 3.129795093 0.3616801436 1
4556 4560 3.129795093 0.3616801436 1
4557 4562 3.164295369 0.2811764393 1
4559 4563 3.164295369 0.2811764393 1
4560 4565 3.164295369 0.2811764393 1
4562 4566 3.164295369 0.2811764393 1
4563 4568 3.164295369 0.2811764393 1
4565 4569 3.164295369 0.2811764393 1
4566 4571 3.164295369 0.2811764393 1
4568 4572 3.129795093 0.3616801436 1
4574 4578 3.129795093 0.3616801436 1
4575 4580 3.164295369 0.2811764393 1
4577 4581 3.164295369 0.2811764393 1
4578 4583 3.164295369 0.2811764393 1
4580 4584 3.164295369 0.2811764393 1
4581 4586 3.164295369 0.2811764393 1
4583 4587 3.164295369 0.2811764393 1
4584 4589 3.164295369 0.2811764393 1
4586 4590 3.129795093 0.3616801436 1
4592 4596 3.129795093 0.3616801436 1
4593 4598 3.164295369 0.2811764393 1
4595 4599 3.164295369 0.2811764393 1
4596 4601 3.164295369 0.2811764393 1
4598 4602 3.164295369 0.2811764393 1
4599 4604 3.164295369 0.2811764393 1
4601 4605 3.164295369 0.2811764393 1
4602 4607 3.164295369 0.2811764393 1
4604 4608 3.129795093 0.3616801436 1
4610 4614 3.129795093 0.3616801436 1
4611 4616 3.164295369 0.2811764393 1
4613 4617 3.164295369 0.2811764393 1
4614 4619 3.164295369 0.2811764393 1
4616 4620 3.164295369 0.2811764393 1
4617 4622 3.164295369 0.2811764393 1
4619 4623 3.164295369 0.2811764393 1
4620 4625 3.164295369 0.2811764393 1
4622 4626 3.129795093 0.3616801436 1
4628 4632 3.129795093 0.3616801436 1
4629 4634 3.164295369 0.2811764393 1
4631 4635 3.164295369 0.2811764393 1
4632 4637 3.164295369 0.2811764393 1
4634 4638 3.164295369 0.2811764393 1
4635 4640 3.164295369 0.2811764393 1
4637 4641 3.164295369 0.2811764393 1
4638 4643 3.164295369 0.2811764393 1
4640 4644 3.129795093 0.3616801436 1
4646 4650 3.129795093 0.3616801436 1
4647 4652 3.164295369 0.2811764393 1
4649 4653 3.164295369 0.2811764393 1
4650 4655 3.164295369 0.2811764393 1
4652 4656 3.164295369 0.2811764393 1
4653 4658 3.164295369 0.2811764393 1
4655 4659 3.164295369 0.2811764393 1
4656 4661 3.164295369 0.2811764393 1
4658 4662 3.129795093 0.3616801436 1
4664 4668 3.129795093 0.3616801436 1
4665 4670 3.164295369 0.2811764393 1
4667 4671 3.164295369 0.2811764393 1
4668 4673 3.164295369 0.2811764393 1
4670 4674 3.164295369 0.2811764393 1
4671 4676 3.164295369 0.2811764393 1
4673 4677 3.164295369 0.2811764393 1
4674 4679 3.164295369 0.2811764393 1
4676 4680 3.129795093 0.3616801436 1
4682 4686 3.129795093 0.3616801436 1
4683 4688 3.164295369 0.2811764393 1
4685 4689 3.164295369 0.2811764393 1
4686 4691 3.164295369 0.2811764393 1
4688 4692 3.164295369 0.2811764393 1
4689 4694 3.164295369 0.2811764393 1
4691 4695 3.164295369 0.2811764393 1
4692 4697 3.164295369 0.2811764393 1
4694 4698 3.129795093 0.3616801436 1
4700 4704 3.129795093 0.3616801436 1
4701 4706 3.164295369 0.2811764393 1
4703 4707 3.164295369 0.2811764393 1
4704 4709 3.164295369 0.2811764393 1
4706 4710 3.164295369 0.2811764393 1
4707 4712 3.164295369 0.2811764393 1
4709 4713 3.164295369 0.2811764393 1
4710 4715 3.164295369 0.2811764393 1
4712 4716 3.129795093 0.3616801436 1
4718 4722 3.129795093 0.3616801436 1
4719 4724 3.164295369 0.2811764393 1
4721 4725 3.164295369 0.2811764393 1
4722 4727 3.164295369 0.2811764393 1
4724 4728 3.164295369 0.2811764393 1
4725 4730 3.164295369 0.2811764393 1
4727 4731 3.164295369 0.2811764393 1
4728 4733 3.164295369 0.2811764393 1
4730 4734 3.129795093 0.3616801436 1
4736 4740 3.129795093 0.3616801436 1
4737 4742 3.164295369 0.2811764393 1
4739 4743 3.164295369 0.2811764393 1
4740 4745 3.164295369 0.2811764393 1
4742 4746 3.164295369 0.2811764393 1
4743 4748 3.164295369 0.2811764393 1
4745 4749 3.164295369 0.2811764393 1
4746 4751 3.164295369 0.2811764393 1
4748 4752 3.129795093 0.3616801436 1
4754 4758 3.129795093 0.3616801436 1
4755 4760 3.164295369 0.2811764393 1
4757 4761 3.164295369 0.2811764393 1
4758 4763 3.164295369 0.2811764393 1
4760 4764 3.164295369 0.2811764393 1
4761 4766 3.164295369 0.2811764393 1
4763 4767 3.164295369 0.2811764393 1
4764 4769 3.164295369 0.2811764393 1
4766 4770 3.129795093 0.3616801436 1
4772 4776 3.129795093 0.3616801436 1
4773 4778 3.164295369 0.2811764393 1
4775 4779 3.164295369 0.2811764393 1
4776 4781 3.164295369 0.2811764393 1
4778 4782 3.164295369 0.2811764393 1
4779 4784 3.164295369 0.2811764393 1
4781 4785 3.164295369 0.2811764393 1
4782 4787 3.164295369 0.2811764393 1
4784 4788 3.129795093 0.3616801436 1
4790 4794 3.129795093 0.3616801436 1
4791 4796 3.164295369 0.2811764393 1
4793 4797 3.164295369 0.2811764393 1
4794 4799 3.164295369 0.2811764393 1
4796 4800 3.164295369 0.2811764393 1
4797 4802 3.164295369 0.2811764393 1
4799 4803 3.164295369 0.2811764393 1
4800 4805 3.164295369 0.2811764393 1
4802 4806 3.129795093 0.3616801436 1
4808 4812 3.129795093 0.3616801436 1
4809 4814 3.164295369 0.2811764393 1
4811 4815 3.164295369 0.2811764393 1
4812 4817 3.164295369 0.2811764393 1
4814 4818 3.164295369 0.2811764393 1
4815 4820 3.164295369 0.2811764393 1
4817 4821 3.164295369 0.2811764393 1
4818 4823 3.164295369 0.2811764393 1
4820 4824 3.129795093 0.3616801436 1
4826 4830 3.129795093 0.3616801436 1
4827 4832 3.164295369 0.2811764393 1
4829 4833 3.164295369 0.2811764393 1
4830 4835 3.164295369 0.2811764393 1
4832 4836 3.164295369 0.2811764393 1
4833 4838 3.164295369 0.2811764393 1
4835 4839 3.164295369 0.2811764393 1
4836 4841 3.164295369 0.2811764393 1
4838 4842 3.129795093 0.3616801436 1
4844 4848 3.129795093 0.3616801436 1
4845 4850 3.164295369 0.2811764393 1
4847 4851 3.164295369 0.2811764393 1
4848 4853 3.164295369 0.2811764393 1
4850 4854 3.164295369 0.2811764393 1
4851 4856 3.164295369 0.2811764393 1
4853 4857 3.164295369 0.2811764393 1
4854 4859 3.164295369 0.2811764393 1
4856 4860 3.129795093 0.3616801436 1
4862 4866 3.129795093 0.3616801436 1
4863 4868 3.164295369 0.2811764393 1
4865 4869 3.164295369 0.2811764393 1
4866 4871 3.164295369 0.2811764393 1
4868 4872 3.164295369 0.2811764393 1
4869 4874 3.164295369 0.2811764393 1
4871 4875 3.164295369 0.2811764393 1
4872 4877 3.164295369 0.2811764393 1
4874 4878 3.129795093 0.3616801436 1
4880 4884 3.129795093 0.3616801436 1
4881 4886 3.164295369 0.2811764393 1
4883 4887 3.164295369 0.2811764393 1
4884 4889 3.164295369 0.2811764393 1
4886 4890 3.164295369 0.2811764393 1
4887 4892 3.164295369 0.2811764393 1
4889 4893 3.164295369 0.2811764393 1
4890 4895 3.164295369 0.2811764393 1
4892 4896 3.129795093 0.3616801436 1
4898 4902 3.129795093 0.3616801436 1
4899 4904 3.164295369 0.2811764393 1
4901 4905 3.164295369 0.2811764393 1
4902 4907 3.164295369 0.2811764393 1
4904 4908 3.164295369 0.2811764393 1
4905 4910 3.164295369 0.2811764393 1
4907 4911 3.164295369 0.2811764393 1
4908 4913 3.164295369 0.2811764393 1
4910 4914 3.129795093 0.3616801436 1
4916 4920 3.129795093 0.3616801436 1
4917 4922 3.164295369 0.2811764393 1
4919 4923 3.164295369 0.2811764393 1
4920 4925 3.164295369 0.2811764393 1
4922 4926 3.164295369 0.2811764393 1
4923 4928 3.164295369 0.2811764393 1
4925 4929 3.164295369 0.2811764393 1
4926 4931 3.164295369 0.2811764393 1
4928 4932 3.129795093 0.3616801436 1
4934 4938 3.129795093 0.3616801436 1
4935 4940 3.164295369 0.2811764393 1
4937 4941 3.164295369 0.2811764393 1
4938 4943 3.164295369 0.2811764393 1
4940 4944 3.164295369 0.2811764393 1
4941 4946 3.164295369 0.2811764393 1
4943 4947 3.164295369 0.2811764393 1
4944 4949 3.164295369 0.2811764393 1
4946 4950 3.129795093 0.3616801436 1
4952 4956 3.129795093 0.3616801436 1
4953 4958 3.164295369 0.2811764393 1
4955 4959 3.164295369 0.2811764393 1
4956 4961 3.164295369 0.2811764393 1
4958 4962 3.164295369 0.2811764393 1
4959 4964 3.164295369 0.2811764393 1
4961 4965 3.164295369 0.2811764393 1
4962 4967 3.164295369 0.2811764393 1
4964 4968 3.129795093 0.3616801436 1
4970 4974 3.129795093 0.3616801436 1
4971 4976 3.164295369 0.2811764393 1
4973 4977 3.164295369 0.2811764393 1
4974 4979 3.164295369 0.2811764393 1
4976 4980 3.164295369 0.2811764393 1
4977 4982 3.164295369 0.2811764393 1
4979 4983 3.164295369 0.2811764393 1
4980 4985 3.164295369 0.2811764393 1
4982 4986 3.129795093 0.3616801436 1
4988 4992 3.129795093 0.3616801436 1
4989 4994 3.164295369 0.2811764393 1
4991 4995 3.164295369 0.2811764393 1
4992 4997 3.164295369 0.2811764393 1
4994 4998 3.164295369 0.2811764393 1
4995 5000 3.164295369 0.2811764393 1
4997 5001 3.164295369 0.2811764393 1
4998 5003 3.164295369 0.2811764393 1
5000 5004 3.129795093 0.3616801436 1
5006 5010 3.129795093 0.3616801436 1
5007 5012 3.164295369 0.2811764393 1
5009 5013 3.164295369 0.2811764393 1
5010 5015 3.164295369 0.2811764393 1
5012 5016 3.164295369 0.2811764393 1
5013 5018 3.164295369 0.2811764393 1
5015 5019 3.164295369 0.2811764393 1
5016 5021 3.164295369 0.2811764393 1
5018 5022 3.129795093 0.3616801436 1
5024 5028 3.129795093 0.3616801436 1
5025 5030 3.164295369 0.2811764393 1
5027 5031 3.164295369 0.2811764393 1
5028 5033 3.164295369 0.2811764393 1
5030 5034 3.164295369 0.2811764393 1
5031 5036 3.164295369 0.2811764393 1
5033 5037 3.164295369 0.2811764393 1
5034 5039 3.164295369 0.2811764393 1
5036 5040 3.129795093 0.3616801436 1
5042 5046 3.129795093 0.3616801436 1
5043 5048 3.164295369 0.2811764393 1
5045 5049 3.164295369 0.2811764393 1
5046 5051 3.164295369 0.2811764393 1
5048 5052 3.164295369 0.2811764393 1
5049 5054 3.164295369 0.2811764393 1
5051 5055 3.164295369 0.2811764393 1
5052 5057 3.164295369 0.2811764393 1
5054 5058 3.129795093 0.3616801436 1
5060 5064 3.129795093 0.3616801436 1
5061 5066 3.164295369 0.2811764393 1
5063 5067 3.164295369 0.2811764393 1
5064 5069 3.164295369 0.2811764393 1
5066 5070 3.164295369 0.2811764393 1
5067 5072 3.164295369 0.2811764393 1
5069 5073 3.164295369 0.2811764393 1
5070 5075 3.164295369 0.2811764393 1
5072 5076 3.129795093 0.3616801436 1
5078 5082 3.129795093 0.3616801436 1
5079 5084 3.164295369 0.2811764393 1
5081 5085 3.164295369 0.2811764393 1
5082 5087 3.164295369 0.2811764393 1
5084 5088 3.164295369 0.2811764393 1
5085 5090 3.164295369 0.2811764393 1
5087 5091 3.164295369 0.2811764393 1
5088 5093 3.164295369 0.2811764393 1
5090 5094 3.129795093 0.3616801436 1
5096 5100 3.129795093 0.3616801436 1
5097 5102 3.164295369 0.2811764393 1
5099 5103 3.164295369 0.2811764393 1
5100 5105 3.164295369 0.2811764393 1
5102 5106 3.164295369 0.2811764393 1
5103 5108 3.164295369 0.2811764393 1
5105 5109 3.164295369 0.2811764393 1
5106 5111 3.164295369 0.2811764393 1
5108 5112 3.129795093 0.3616801436 1
5114 5118 3.129795093 0.3616801436 1
5115 5120 3.164295369 0.2811764393 1
5117 5121 3.164295369 0.2811764393 1
5118 5123 3.164295369 0.2811764393 1
5120 5124 3.164295369 0.2811764393 1
5121 5126 3.164295369 0.2811764393 1
5123 5127 3.164295369 0.2811764393 1
5124 5129 3.164295369 0.2811764393 1
5126 5130 3.129795093 0.3616801436 1
5132 5136 3.129795093 0.3616801436 1
5133 5138 3.164295369 0.2811764393 1
5135 5139 3.164295369 0.2811764393 1
5136 5141 3.164295369 0.2811764393 1
5138 5142 3.164295369 0.2811764393 1
5139 5144 3.164295369 0.2811764393 1
5141 5145 3.164295369 0.2811764393 1
5142 5147 3.164295369 0.2811764393 1
5144 5148 3.129795093 0.3616801436 1
5150 5154 3.129795093 0.3616801436 1
5151 5156 3.164295369 0.2811764393 1
5153 5157 3.164295369 0.2811764393 1
5154 5159 3.164295369 0.2811764393 1
5156 5160 3.164295369 0.2811764393 1
5157 5162 3.164295369 0.2811764393 1
5159 5163 3.164295369 0.2811764393 1
5160 5165 3.164295369 0.2811764393 1
5162 5166 3.129795093 0.3616801436 1
5168 5172 3.129795093 0.3616801436 1
5169 5174 3.164295369 0.2811764393 1
5171 5175 3.164295369 0.2811764393 1
5172 5177 3.164295369 0.2811764393 1
5174 5178 3.164295369 0.2811764393 1
5175 5180 3.164295369 0.2811764393 1
5177 5181 3.164295369 0.2811764393 1
5178 5183 3.164295369 0.2811764393 1
5180 5184 3.129795093 0.3616801436 1
5186 5190 3.129795093 0.3616801436 1
5187 5192 3.164295369 0.2811764393 1
5189 5193 3.164295369 0.2811764393 1
5190 5195 3.164295369 0.2811764393 1
5192 5196 3.164295369 0.2811764393 1
5193 5198 3.164295369 0.2811764393 1
5195 5199 3.164295369 0.2811764393 1
5196 5201 3.164295369 0.2811764393 1
5198 5202 3.129795093 0.3616801436 1
5204 5208 3.129795093 0.3616801436 1
5205 5210 3.164295369 0.2811764393 1
5207 5211 3.164295369 0.2811764393 1
5208 5213 3.164295369 0.2811764393 1
5210 5214 3.164295369 0.2811764393 1
5211 5216 3.164295369 0.2811764393 1
5213 5217 3.164295369 0.2811764393 1
5214 5219 3.164295369 0.2811764393 1
5216 5220 3.129795093 0.3616801436 1
5222 5226 3.129795093 0.3616801436 1
5223 5228 3.164295369 0.2811764393 1
5225 5229 3.164295369 0.2811764393 1
5226 5231 3.164295369 0.2811764393 1
5228 5232 3.164295369 0.2811764393 1
5229 5234 3.164295369 0.2811764393 1
5231 5235 3.164295369 0.2811764393 1
5232 5237 3.164295369 0.2811764393 1
5234 5238 3.129795093 0.3616801436 1
5240 5244 3.129795093 0.3616801436 1
5241 5246 3.164295369 0.2811764393 1
5243 5247 3.164295369 0.2811764393 1
5244 5249 3.164295369 0.2811764393 1
5246 5250 3.164295369 0.2811764393 1
5247 5252 3.164295369 0.2811764393 1
5249 5253 3.164295369 0.2811764393 1
5250 5255 3.164295369 0.2811764393 1
5252 5256 3.129795093 0.3616801436 1
5258 5262 3.129795093 0.3616801436 1
5259 5264 3.164295369 0.2811764393 1
5261 5265 3.164295369 0.2811764393 1
5262 5267 3.164295369 0.2811764393 1
5264 5268 3.164295369 0.2811764393 1
5265 5270 3.164295369 0.2811764393 1
5267 5271 3.164295369 0.2811764393 1
5268 5273 3.164295369 0.2811764393 1
5270 5274 3.129795093 0.3616801436 1
5276 5280 3.129795093 0.3616801436 1
5277 5282 3.164295369 0.2811764393 1
5279 5283 3.164295369 0.2811764393 1
5280 5285 3.164295369 0.2811764393 1
5282 5286 3.164295369 0.2811764393 1
5283 5288 3.164295369 0.2811764393 1
5285 5289 3.164295369 0.2811764393 1
5286 5291 3.164295369 0.2811764393 1
5288 5292 3.129795093 0.3616801436 1
5294 5298 3.129795093 0.3616801436 1
5295 5300 3.164295369 0.2811764393 1
5297 5301 3.164295369 0.2811764393 1
5298 5303 3.164295369 0.2811764393 1
5300 5304 3.164295369 0.2811764393 1
5301 5306 3.164295369 0.2811764393 1
5303 5307 3.164295369 0.2811764393 1
5304 5309 3.164295369 0.2811764393 1
5306 5310 3.129795093 0.3616801436 1
5312 5316 3.129795093 0.3616801436 1
5313 5318 3.164295369 0.2811764393 1
5315 5319 3.164295369 0.2811764393 1
5316 5321 3.164295369 0.2811764393 1
5318 5322 3.164295369 0.2811764393 1
5319 5324 3.164295369 0.2811764393 1
5321 5325 3.164295369 0.2811764393 1
5322 5327 3.164295369 0.2811764393 1
5324 5328 3.129795093 0.3616801436 1
5330 5334 3.129795093 0.3616801436 1
5331 5336 3.164295369 0.2811764393 1
5333 5337 3.164295369 0.2811764393 1
5334 5339 3.164295369 0.2811764393 1
5336 5340 3.164295369 0.2811764393 1
5337 5342 3.164295369 0.2811764393 1
5339 5343 3.164295369 0.2811764393 1
5340 5345 3.164295369 0.2811764393 1
5342 5346 3.129795093 0.3616801436 1
5348 5352 3.129795093 0.3616801436 1
5349 5354 3.164295369 0.2811764393 1
5351 5355 3.164295369 0.2811764393 1
5352 5357 3.164295369 0.2811764393 1
5354 5358 3.164295369 0.2811764393 1
5355 5360 3.164295369 0.2811764393 1
5357 5361 3.164295369 0.2811764393 1
5358 5363 3.164295369 0.2811764393 1
5360 5364 3.129795093 0.3616801436 1
5366 5370 3.129795093 0.3616801436 1
5367 5372 3.164295369 0.2811764393 1
5369 5373 3.164295369 0.2811764393 1
5370 5375 3.164295369 0.2811764393 1
5372 5376 3.164295369 0.2811764393 1
5373 5378 3.164295369 0.2811764393 1
5375 5379 3.164295369 0.2811764393 1
5376 5381 3.164295369 0.2811764393 1
5378 5382 3.129795093 0.3616801436 1
5384 5388 3.129795093 0.3616801436 1
5385 5390 3.164295369 0.2811764393 1
5387 5391 3.164295369 0.2811764393 1
5388 5393 3.164295369 0.2811764393 1
5390 5394 3.164295369 0.2811764393 1
5391 5396 3.164295369 0.2811764393 1
5393 5397 3.164295369 0.2811764393 1
5394 5399 3.164295369 0.2811764393 1
5396 5400 3.129795093 0.3616801436 1
5402 5406 3.129795093 0.3616801436 1
5403 5408 3.164295369 0.2811764393 1
5405 5409 3.164295369 0.2811764393 1
5406 5411 3.164295369 0.2811764393 1
5408 5412 3.164295369 0.2811764393 1
5409 5414 3.164295369 0.2811764393 1
5411 5415 3.164295369 0.2811764393 1
5412 5417 3.164295369 0.2811764393 1
5414 5418 3.129795093 0.3616801436 1
5420 5424 3.129795093 0.3616801436 1
5421 5426 3.164295369 0.2811764393 1
5423 5427 3.164295369 0.2811764393 1
5424 5429 3.164295369 0.2811764393 1
5426 5430 3.164295369 0.2811764393 1
5427 5432 3.164295369 0.2811764393 1
5429 5433 3.164295369 0.2811764393 1
5430 5435 3.164295369 0.2811764393 1
5432 5436 3.129795093 0.3616801436 1
5438 5442 3.129795093 0.3616801436 1
5439 5444 3.164295369 0.2811764393 1
5441 5445 3.164295369 0.2811764393 1
5442 5447 3.164295369 0.2811764393 1
5444 5448 3.164295369 0.2811764393 1
5445 5450 3.164295369 0.2811764393 1
5447 5451 3.164295369 0.2811764393 1
5448 5453 3.164295369 0.2811764393 1
5450 5454 3.129795093 0.3616801436 1
5456 5460 3.129795093 0.3616801436 1
5457 5462 3.164295369 0.2811764393 1
5459 5463 3.164295369 0.2811764393 1
5460 5465 3.164295369 0.2811764393 1
5462 5466 3.164295369 0.2811764393 1
5463 5468 3.164295369 0.2811764393 1
5465 5469 3.164295369 0.2811764393 1
5466 5471 3.164295369 0.2811764393 1
5468 5472 3.129795093 0.3616801436 1
5474 5478 3.129795093 0.3616801436 1
5475 5480 3.164295369 0.2811764393 1
5477 5481 3.164295369 0.2811764393 1
5478 5483 3.164295369 0.2811764393 1
5480 5484 3.164295369 0.2811764393 1
5481 5486 3.164295369 0.2811764393 1
5483 5487 3.164295369 0.2811764393 1
5484 5489 3.164295369 0.2811764393 1
5486 5490 3.129795093 0.3616801436 1
5492 5496 3.129795093 0.3616801436 1
5493 5498 3.164295369 0.2811764393 1
5495 5499 3.164295369 0.2811764393 1
5496 5501 3.164295369 0.2811764393 1
5498 5502 3.164295369 0.2811764393 1
5499 5504 3.164295369 0.2811764393 1
5501 5505 3.164295369 0.2811764393 1
5502 5507 3.164295369 0.2811764393 1
5504 5508 3.129795093 0.3616801436 1
5510 5514 3.129795093 0.3616801436 1
5511 5516 3.164295369 0.2811764393 1
5513 5517 3.164295369 0.2811764393 1
5514 5519 3.164295369 0.2811764393 1
5516 5520 3.164295369 0.2811764393 1
5517 5522 3.164295369 0.2811764393 1
5519 5523 3.164295369 0.2811764393 1
5520 5525 3.164295369 0.2811764393 1
5522 5526 3.129795093 0.3616801436 1
5528 5532 3.129795093 0.3616801436 1
5529 5534 3.164295369 0.2811764393 1
5531 5535 3.164295369 0.2811764393 1
5532 5537 3.164295369 0.2811764393 1
5534 5538 3.164295369 0.2811764393 1
5535 5540 3.164295369 0.2811764393 1
5537 5541 3.164295369 0.2811764393 1
5538 5543 3.164295369 0.2811764393 1
5540 5544 3.129795093 0.3616801436 1
5546 5550 3.129795093 0.3616801436 1
5547 5552 3.164295369 0.2811764393 1
5549 5553 3.164295369 0.2811764393 1
5550 5555 3.164295369 0.2811764393 1
5552 5556 3.164295369 0.2811764393 1
5553 5558 3.164295369 0.2811764393 1
5555 5559 3.164295369 0.2811764393 1
5556 5561 3.164295369 0.2811764393 1
5558 5562 3.129795093 0.3616801436 1
5564 5568 3.129795093 0.3616801436 1
5565 5570 3.164295369 0.2811764393 1
5567 5571 3.164295369 0.2811764393 1
5568 5573 3.164295369 0.2811764393 1
5570 5574 3.164295369 0.2811764393 1
5571 5576 3.164295369 0.2811764393 1
5573 5577 3.164295369 0.2811764393 1
5574 5579 3.164295369 0.2811764393 1
5576 5580 3.129795093 0.3616801436 1
5582 5586 3.129795093 0.3616801436 1
5583 5588 3.164295369 0.2811764393 1
5585 5589 3.164295369 0.2811764393 1
5586 5591 3.164295369 0.2811764393 1
5588 5592 3.164295369 0.2811764393 1
5589 5594 3.164295369 0.2811764393 1
5591 5595 3.164295369 0.2811764393 1
5592 5597 3.164295369 0.2811764393 1
5594 5598 3.129795093 0.3616801436 1
5600 5604 3.129795093 0.3616801436 1
5601 5606 3.164295369 0.2811764393 1
5603 5607 3.164295369 0.2811764393 1
5604 5609 3.164295369 0.2811764393 1
5606 5610 3.164295369 0.2811764393 1
5607 5612 3.164295369 0.2811764393 1
5609 5613 3.164295369 0.2811764393 1
5610 5615 3.164295369 0.2811764393 1
5612 5616 3.129795093 0.3616801436 1
5618 5622 3.129795093 0.3616801436 1
5619 5624 3.164295369 0.2811764393 1
5621 5625 3.164295369 0.2811764393 1
5622 5627 3.164295369 0.2811764393 1
5624 5628 3.164295369 0.2811764393 1
5625 5630 3.164295369 0.2811764393 1
5627 5631 3.164295369 0.2811764393 1
5628 5633 3.164295369 0.2811764393 1
5630 5634 3.129795093 0.3616801436 1
5636 5640 3.129795093 0.3616801436 1
5637 5642 3.164295369 0.2811764393 1
5639 5643 3.164295369 0.2811764393 1
5640 5645 3.164295369 0.2811764393 1
5642 5646 3.164295369 0.2811764393 1
5643 5648 3.164295369 0.2811764393 1
5645 5649 3.164295369 0.2811764393 1
5646 5651 3.164295369 0.2811764393 1
5648 5652 3.129795093 0.3616801436 1
5654 5658 3.129795093 0.3616801436 1
5655 5660 3.164295369 0.2811764393 1
5657 5661 3.164295369 0.2811764393 1
5658 5663 3.164295369 0.2811764393 1
5660 5664 3.164295369 0.2811764393 1
5661 5666 3.164295369 0.2811764393 1
5663 5667 3.164295369 0.2811764393 1
5664 5669 3.164295369 0.2811764393 1
5666 5670 3.129795093 0.3616801436 1
5672 5676 3.129795093 0.3616801436 1
5673 5678 3.164295369 0.2811764393 1
5675 5679 3.164295369 0.2811764393 1
5676 5681 3.164295369 0.2811764393 1
5678 5682 3.164295369 0.2811764393 1
5679 5684 3.164295369 0.2811764393 1
5681 5685 3.164295369 0.2811764393 1
5682 5687 3.164295369 0.2811764393 1
5684 5688 3.129795093 0.3616801436 1
5690 5694 3.129795093 0.3616801436 1
5691 5696 3.164295369 0.2811764393 1
5693 5697 3.164295369 0.2811764393 1
5694 5699 3.164295369 0.2811764393 1
5696 5700 3.164295369 0.2811764393 1
5697 5702 3.164295369 0.2811764393 1
5699 5703 3.164295369 0.2811764393 1
5700 5705 3.164295369 0.2811764393 1
5702 5706 3.129795093 0.3616801436 1
5708 5712 3.129795093 0.3616801436 1
5709 5714 3.164295369 0.2811764393 1
5711 5715 3.164295369 0.2811764393 1
5712 5717 3.164295369 0.2811764393 1
5714 5718 3.164295369 0.2811764393 1
5715 5720 3.164295369 0.2811764393 1
5717 5721 3.164295369 0.2811764393 1
5718 5723 3.164295369 0.2811764393 1
5720 5724 3.129795093 0.3616801436 1
5726 5730 3.129795093 0.3616801436 1
5727 5732 3.164295369 0.2811764393 1
5729 5733 3.164295369 0.2811764393 1
5730 5735 3.164295369 0.2811764393 1
5732 5736 3.164295369 0.2811764393 1
5733 5738 3.164295369 0.2811764393 1
5735 5739 3.164295369 0.2811764393 1
5736 5741 3.164295369 0.2811764393 1
5738 5742 3.129795093 0.3616801436 1
5744 5748 3.129795093 0.3616801436 1
5745 5750 3.164295369 0.2811764393 1
5747 5751 3.164295369 0.2811764393 1
5748 5753 3.164295369 0.2811764393 1
5750 5754 3.164295369 0.2811764393 1
5751 5756 3.164295369 0.2811764393 1
5753 5757 3.164295369 0.2811764393 1
5754 5759 3.164295369 0.2811764393 1
5756 5760 3.129795093 0.3616801436 1
5762 5766 3.129795093 0.3616801436 1
5763 5768 3.164295369 0.2811764393 1
5765 5769 3.164295369 0.2811764393 1
5766 5771 3.164295369 0.2811764393 1
5768 5772 3.164295369 0.2811764393 1
5769 5774 3.164295369 0.2811764393 1
5771 5775 3.164295369 0.2811764393 1
5772 5777 3.164295369 0.2811764393 1
5774 5778 3.129795093 0.3616801436 1
5780 5784 3.129795093 0.3616801436 1
5781 5786 3.164295369 0.2811764393 1
5783 5787 3.164295369 0.2811764393 1
5784 5789 3.164295369 0.2811764393 1
5786 5790 3.164295369 0.2811764393 1
5787 5792 3.164295369 0.2811764393 1
5789 5793 3.164295369 0.2811764393 1
5790 5795 3.164295369 0.2811764393 1
5792 5796 3.129795093 0.3616801436 1
5798 5802 3.129795093 0.3616801436 1
5799 5804 3.164295369 0.2811764393 1
5801 5805 3.164295369 0.2811764393 1
5802 5807 3.164295369 0.2811764393 1
5804 5808 3.164295369 0.2811764393 1
5805 5810 3.164295369 0.2811764393 1
5807 5811 3.164295369 0.2811764393 1
5808 5813 3.164295369 0.2811764393 1
5810 5814 3.129795093 0.3616801436 1
5816 5820 3.129795093 0.3616801436 1
5817 5822 3.164295369 0.2811764393 1
5819 5823 3.164295369 0.2811764393 1
5820 5825 3.164295369 0.2811764393 1
5822 5826 3.164295369 0.2811764393 1
5823 5828 3.164295369 0.2811764393 1
5825 5829 3.164295369 0.2811764393 1
5826 5831 3.164295369 0.2811764393 1
5828 5832 3.129795093 0.3616801436 1
5834 5838 3.129795093 0.3616801436 1
5835 5840 3.164295369 0.2811764393 1
5837 5841 3.164295369 0.2811764393 1
5838 5843 3.164295369 0.2811764393 1
5840 5844 3.164295369 0.2811764393 1
5841 5846 3.164295369 0.2811764393 1
5843 5847 3.164295369 0.2811764393 1
5844 5849 3.164295369 0.2811764393 1
5846 5850 3.129795093 0.3616801436 1
5852 5856 3.129795093 0.3616801436 1
5853 5858 3.164295369 0.2811764393 1
5855 5859 3.164295369 0.2811764393 1
5856 5861 3.164295369 0.2811764393 1
5858 5862 3.164295369 0.2811764393 1
5859 5864 3.164295369 0.2811764393 1
5861 5865 3.164295369 0.2811764393 1
5862 5867 3.164295369 0.2811764393 1
5864 5868 3.129795093 0.3616801436 1
5870 5874 3.129795093 0.3616801436 1
5871 5876 3.164295369 0.2811764393 1
5873 5877 3.164295369 0.2811764393 1
5874 5879 3.164295369 0.2811764393 1
5876 5880 3.164295369 0.2811764393 1
5877 5882 3.164295369 0.2811764393 1
5879 5883 3.164295369 0.2811764393 1
5880 5885 3.164295369 0.2811764393 1
5882 5886 3.129795093 0.3616801436 1
5888 5892 3.129795093 0.3616801436 1
5889 5894 3.164295369 0.2811764393 1
5891 5895 3.164295369 0.2811764393 1
5892 5897 3.164295369 0.2811764393 1
5894 5898 3.164295369 0.2811764393 1
5895 5900 3.164295369 0.2811764393 1
5897 5901 3.164295369 0.2811764393 1
5898 5903 3.164295369 0.2811764393 1
5900 5904 3.129795093 0.3616801436 1
5906 5910 3.129795093 0.3616801436 1
5907 5912 3.164295369 0.2811764393 1
5909 5913 3.164295369 0.2811764393 1
5910 5915 3.164295369 0.2811764393 1
5912 5916 3.164295369 0.2811764393 1
5913 5918 3.164295369 0.2811764393 1
5915 5919 3.164295369 0.2811764393 1
5916 5921 3.164295369 0.2811764393 1
5918 5922 3.129795093 0.3616801436 1
5924 5928 3.129795093 0.3616801436 1
5925 5930 3.164295369 0.2811764393 1
5927 5931 3.164295369 0.2811764393 1
5928 5933 3.164295369 0.2811764393 1
5930 5934 3.164295369 0.2811764393 1
5931 5936 3.164295369 0.2811764393 1
5933 5937 3.164295369 0.2811764393 1
5934 5939 3.164295369 0.2811764393 1
5936 5940 3.129795093 0.3616801436 1
5942 5946 3.129795093 0.3616801436 1
5943 5948 3.164295369 0.2811764393 1
5945 5949 3.164295369 0.2811764393 1
5946 5951 3.164295369 0.2811764393 1
5948 5952 3.164295369 0.2811764393 1
5949 5954 3.164295369 0.2811764393 1
5951 5955 3.164295369 0.2811764393 1
5952 5957 3.164295369 0.2811764393 1
5954 5958 3.129795093 0.3616801436 1
5960 5964 3.129795093 0.3616801436 1
5961 5966 3.164295369 0.2811764393 1
5963 5967 3.164295369 0.2811764393 1
5964 5969 3.164295369 0.2811764393 1
5966 5970 3.164295369 0.2811764393 1
5967 5972 3.164295369 0.2811764393 1
5969 5973 3.164295369 0.2811764393 1
5970 5975 3.164295369 0.2811764393 1
5972 5976 3.129795093 0.3616801436 1
5978 5982 3.129795093 0.3616801436 1
5979 5984 3.164295369 0.2811764393 1
5981 5985 3.164295369 0.2811764393 1
5982 5987 3.164295369 0.2811764393 1
5984 5988 3.164295369 0.2811764393 1
5985 5990 3.164295369 0.2811764393 1
5987 5991 3.164295369 0.2811764393 1
5988 5993 3.164295369 0.2811764393 1
5990 5994 3.129795093 0.3616801436 1
5996 6000 3.129795093 0.3616801436 1
5997 6002 3.164295369 0.2811764393 1
5999 6003 3.164295369 0.2811764393 1
6000 6005 3.164295369 0.2811764393 1
6002 6006 3.164295369 0.2811764393 1
6003 6008 3.164295369 0.2811764393 1
6005 6009 3.164295369 0.2811764393 1
6006 6011 3.164295369 0.2811764393 1
6008 6012 3.129795093 0.3616801436 1
6014 6018 3.129795093 0.3616801436 1
6015 6020 3.164295369 0.2811764393 1
6017 6021 3.164295369 0.2811764393 1
6018 6023 3.164295369 0.2811764393 1
6020 6024 3.164295369 0.2811764393 1
6021 6026 3.164295369 0.2811764393 1
6023 6027 3.164295369 0.2811764393 1
6024 6029 3.164295369 0.2811764393 1
6026 6030 3.129795093 0.3616801436 1
6032 6036 3.129795093 0.3616801436 1
6033 6038 3.164295369 0.2811764393 1
6035 6039 3.164295369 0.2811764393 1
6036 6041 3.164295369 0.2811764393 1
6038 6042 3.164295369 0.2811764393 1
6039 6044 3.164295369 0.2811764393 1
6041 6045 3.164295369 0.2811764393 1
6042 6047 3.164295369 0.2811764393 1
6044 6048 3.129795093 0.3616801436 1
6050 6054 3.129795093 0.3616801436 1
6051 6056 3.164295369 0.2811764393 1
6053 6057 3.164295369 0.2811764393 1
6054 6059 3.164295369 0.2811764393 1
6056 6060 3.164295369 0.2811764393 1
6057 6062 3.164295369 0.2811764393 1
6059 6063 3.164295369 0.2811764393 1
6060 6065 3.164295369 0.2811764393 1
6062 6066 3.129795093 0.3616801436 1
6068 6072 3.129795093 0.3616801436 1
6069 6074 3.164295369 0.2811764393 1
6071 6075 3.164295369 0.2811764393 1
6072 6077 3.164295369 0.2811764393 1
6074 6078 3.164295369 0.2811764393 1
6075 6080 3.164295369 0.2811764393 1
6077 6081 3.164295369 0.2811764393 1
6078 6083 3.164295369 0.2811764393 1
6080 6084 3.129795093 0.3616801436 1
6086 6090 3.129795093 0.3616801436 1
6087 6092 3.164295369 0.2811764393 1
6089 6093 3.164295369 0.2811764393 1
6090 6095 3.164295369 0.2811764393 1
6092 6096 3.164295369 0.2811764393 1
6093 6098 3.164295369 0.2811764393 1
6095 6099 3.164295369 0.2811764393 1
6096 6101 3.164295369 0.2811764393 1
6098 6102 3.129795093 0.3616801436 1
6104 6108 3.129795093 0.3616801436 1
6105 6110 3.164295369 0.2811764393 1
6107 6111 3.164295369 0.2811764393 1
6108 6113 3.164295369 0.2811764393 1
6110 6114 3.164295369 0.2811764393 1
6111 6116 3.164295369 0.2811764393 1
6113 6117 3.164295369 0.2811764393 1
6114 6119 3.164295369 0.2811764393 1
6116 6120 3.129795093 0.3616801436 1
6122 6126 3.129795093 0.3616801436 1
6123 6128 3.164295369 0.2811764393 1
6125 6129 3.164295369 0.2811764393 1
6126 6131 3.164295369 0.2811764393 1
6128 6132 3.164295369 0.2811764393 1
6129 6134 3.164295369 0.2811764393 1
6131 6135 3.164295369 0.2811764393 1
6132 6137 3.164295369 0.2811764393 1
6134 6138 3.129795093 0.3616801436 1
6140 6144 3.129795093 0.3616801436 1
6141 6146 3.164295369 0.2811764393 1
6143 6147 3.164295369 0.2811764393 1
6144 6149 3.164295369 0.2811764393 1
6146 6150 3.164295369 0.2811764393 1
6147 6152 3.164295369 0.2811764393 1
6149 6153 3.164295369 0.2811764393 1
6150 6155 3.164295369 0.2811764393 1
6152 6156 3.129795093 0.3616801436 1
6158 6162 3.129795093 0.3616801436 1
6159 6164 3.164295369 0.2811764393 1
6161 6165 3.164295369 0.2811764393 1
6162 6167 3.164295369 0.2811764393 1
6164 6168 3.164295369 0.2811764393 1
6165 6170 3.164295369 0.2811764393 1
6167 6171 3.164295369 0.2811764393 1
6168 6173 3.164295369 0.2811764393 1
6170 6174 3.129795093 0.3616801436 1
6176 6180 3.129795093 0.3616801436 1
6177 6182 3.164295369 0.2811764393 1
6179 6183 3.164295369 0.2811764393 1
6180 6185 3.164295369 0.2811764393 1
6182 6186 3.164295369 0.2811764393 1
6183 6188 3.164295369 0.2811764393 1
6185 6189 3.164295369 0.2811764393 1
6186 6191 3.164295369 0.2811764393 1
6188 6192 3.129795093 0.3616801436 1
6194 6198 3.129795093 0.3616801436 1
6195 6200 3.164295369 0.2811764393 1
6197 6201 3.164295369 0.2811764393 1
6198 6203 3.164295369 0.2811764393 1
6200 6204 3.164295369 0.2811764393 1
6201 6206 3.164295369 0.2811764393 1
6203 6207 3.164295369 0.2811764393 1
6204 6209 3.164295369 0.2811764393 1
6206 6210 3.129795093 0.3616801436 1
6212 6216 3.129795093 0.3616801436 1
6213 6218 3.164295369 0.2811764393 1
6215 6219 3.164295369 0.2811764393 1
6216 6221 3.164295369 0.2811764393 1
6218 6222 3.164295369 0.2811764393 1
6219 6224 3.164295369 0.2811764393 1
6221 6225 3.164295369 0.2811764393 1
6222 6227 3.164295369 0.2811764393 1
6224 6228 3.129795093 0.3616801436 1
6230 6234 3.129795093 0.3616801436 1
6231 6236 3.164295369 0.2811764393 1
6233 6237 3.164295369 0.2811764393 1
6234 6239 3.164295369 0.2811764393 1
6236 6240 3.164295369 0.2811764393 1
6237 6242 3.164295369 0.2811764393 1
6239 6243 3.164295369 0.2811764393 1
6240 6245 3.164295369 0.2811764393 1
6242 6246 3.129795093 0.3616801436 1
6248 6252 3.129795093 0.3616801436 1
6249 6254 3.164295369 0.2811764393 1
6251 6255 3.164295369 0.2811764393 1
6252 6257 3.164295369 0.2811764393 1
6254 6258 3.164295369 0.2811764393 1
6255 6260 3.164295369 0.2811764393 1
6257 6261 3.164295369 0.2811764393 1
6258 6263 3.164295369 0.2811764393 1
6260 6264 3.129795093 0.3616801436 1
6266 6270 3.129795093 0.3616801436 1
6267 6272 3.164295369 0.2811764393 1
6269 6273 3.164295369 0.2811764393 1
6270 6275 3.164295369 0.2811764393 1
6272 6276 3.164295369 0.2811764393 1
6273 6278 3.164295369 0.2811764393 1
6275 6279 3.164295369 0.2811764393 1
6276 6281 3.164295369 0.2811764393 1
6278 6282 3.129795093 0.3616801436 1
6284 6288 3.129795093 0.3616801436 1
6285 6290 3.164295369 0.2811764393 1
6287 6291 3.164295369 0.2811764393 1
6288 6293 3.164295369 0.2811764393 1
6290 6294 3.164295369 0.2811764393 1
6291 6296 3.164295369 0.2811764393 1
6293 6297 3.164295369 0.2811764393 1
6294 6299 3.164295369 0.2811764393 1
6296 6300 3.129795093 0.3616801436 1
6302 6306 3.129795093 0.3616801436 1
6303 6308 3.164295369 0.2811764393 1
6305 6309 3.164295369 0.2811764393 1
6306 6311 3.164295369 0.2811764393 1
6308 6312 3.164295369 0.2811764393 1
6309 6314 3.164295369 0.2811764393 1
6311 6315 3.164295369 0.2811764393 1
6312 6317 3.164295369 0.2811764393 1
6314 6318 3.129795093 0.3616801436 1
6320 6324 3.129795093 0.3616801436 1
6321 6326 3.164295369 0.2811764393 1
6323 6327 3.164295369 0.2811764393 1
6324 6329 3.164295369 0.2811764393 1
6326 6330 3.164295369 0.2811764393 1
6327 6332 3.164295369 0.2811764393 1
6329 6333 3.164295369 0.2811764393 1
6330 6335 3.164295369 0.2811764393 1
6332 6336 3.129795093 0.3616801436 1
6338 6342 3.129795093 0.3616801436 1
6339 6344 3.164295369 0.2811764393 1
6341 6345 3.164295369 0.2811764393 1
6342 6347 3.164295369 0.2811764393 1
6344 6348 3.164295369 0.2811764393 1
6345 6350 3.164295369 0.2811764393 1
6347 6351 3.164295369 0.2811764393 1
6348 6353 3.164295369 0.2811764393 1
6350 6354 3.129795093 0.3616801436 1
6356 6360 3.129795093 0.3616801436 1
6357 6362 3.164295369 0.2811764393 1
6359 6363 3.164295369 0.2811764393 1
6360 6365 3.164295369 0.2811764393 1
6362 6366 3.164295369 0.2811764393 1
6363 6368 3.164295369 0.2811764393 1
6365 6369 3.164295369 0.2811764393 1
6366 6371 3.164295369 0.2811764393 1
6368 6372 3.129795093 0.3616801436 1
6374 6378 3.129795093 0.3616801436 1
6375 6380 3.164295369 0.2811764393 1
6377 6381 3.164295369 0.2811764393 1
6378 6383 3.164295369 0.2811764393 1
6380 6384 3.164295369 0.2811764393 1
6381 6386 3.164295369 0.2811764393 1
6383 6387 3.164295369 0.2811764393 1
6384 6389 3.164295369 0.2811764393 1
6386 6390 3.129795093 0.3616801436 1
6392 6396 3.129795093 0.3616801436 1
6393 6398 3.164295369 0.2811764393 1
6395 6399 3.164295369 0.2811764393 1
6396 6401 3.164295369 0.2811764393 1
6398 6402 3.164295369 0.2811764393 1
6399 6404 3.164295369 0.2811764393 1
6401 6405 3.164295369 0.2811764393 1
6402 6407 3.164295369 0.2811764393 1
6404 6408 3.129795093 0.3616801436 1
6410 6414 3.129795093 0.3616801436 1
6411 6416 3.164295369 0.2811764393 1
6413 6417 3.164295369 0.2811764393 1
6414 6419 3.164295369 0.2811764393 1
6416 6420 3.164295369 0.2811764393 1
6417 6422 3.164295369 0.2811764393 1
6419 6423 3.164295369 0.2811764393 1
6420 6425 3.164295369 0.2811764393 1
6422 6426 3.129795093 0.3616801436 1
6428 6432 3.129795093 0.3616801436 1
6429 6434 3.164295369 0.2811764393 1
6431 6435 3.164295369 0.2811764393 1
6432 6437 3.164295369 0.2811764393 1
6434 6438 3.164295369 0.2811764393 1
6435 6440 3.164295369 0.2811764393 1
6437 6441 3.164295369 0.2811764393 1
6438 6443 3.164295369 0.2811764393 1
6440 6444 3.129795093 0.3616801436 1
6446 6450 3.129795093 0.3616801436 1
6447 6452 3.164295369 0.2811764393 1
6449 6453 3.164295369 0.2811764393 1
6450 6455 3.164295369 0.2811764393 1
6452 6456 3.164295369 0.2811764393 1
6453 6458 3.164295369 0.2811764393 1
6455 6459 3.164295369 0.2811764393 1
6456 6461 3.164295369 0.2811764393 1
6458 6462 3.129795093 0.3616801436 1
6464 6468 3.129795093 0.3616801436 1
6465 6470 3.164295369 0.2811764393 1
6467 6471 3.164295369 0.2811764393 1
6468 6473 3.164295369 0.2811764393 1
6470 6474 3.164295369 0.2811764393 1
6471 6476 3.164295369 0.2811764393 1
6473 6477 3.164295369 0.2811764393 1
6474 6479 3.164295369 0.2811764393 1
6476 6480 3.129795093 0.3616801436 1
6482 6486 3.129795093 0.3616801436 1
6483 6488 3.164295369 0.2811764393 1
6485 6489 3.164295369 0.2811764393 1
6486 6491 3.164295369 0.2811764393 1
6488 6492 3.164295369 0.2811764393 1
6489 6494 3.164295369 0.2811764393 1
6491 6495 3.164295369 0.2811764393 1
6492 6497 3.164295369 0.2811764393 1
6494 6498 3.129795093 0.3616801436 1
6500 6504 3.129795093 0.3616801436 1
6501 6506 3.164295369 0.2811764393 1
6503 6507 3.164295369 0.2811764393 1
6504 6509 3.164295369 0.2811764393 1
6506 6510 3.164295369 0.2811764393 1
6507 6512 3.164295369 0.2811764393 1
6509 6513 3.164295369 0.2811764393 1
6510 6515 3.164295369 0.2811764393 1
6512 6516 3.129795093 0.3616801436 1
6518 6522 3.129795093 0.3616801436 1
6519 6524 3.164295369 0.2811764393 1
6521 6525 3.164295369 0.2811764393 1
6522 6527 3.164295369 0.2811764393 1
6524 6528 3.164295369 0.2811764393 1
6525 6530 3.164295369 0.2811764393 1
6527 6531 3.164295369 0.2811764393 1
6528 6533 3.164295369 0.2811764393 1
6530 6534 3.129795093 0.3616801436 1
6536 6540 3.129795093 0.3616801436 1
6537 6542 3.164295369 0.2811764393 1
6539 6543 3.164295369 0.2811764393 1
6540 6545 3.164295369 0.2811764393 1
6542 6546 3.164295369 0.2811764393 1
6543 6548 3.164295369 0.2811764393 1
6545 6549 3.164295369 0.2811764393 1
6546 6551 3.164295369 0.2811764393 1
6548 6552 3.129795093 0.3616801436 1
6554 6558 3.129795093 0.3616801436 1
6555 6560 3.164295369 0.2811764393 1
6557 6561 3.164295369 0.2811764393 1
6558 6563 3.164295369 0.2811764393 1
6560 6564 3.164295369 0.2811764393 1
6561 6566 3.164295369 0.2811764393 1
6563 6567 3.164295369 0.2811764393 1
6564 6569 3.164295369 0.2811764393 1
6566 6570 3.129795093 0.3616801436 1
6572 6576 3.129795093 0.3616801436 1
6573 6578 3.164295369 0.2811764393 1
6575 6579 3.164295369 0.2811764393 1
6576 6581 3.164295369 0.2811764393 1
6578 6582 3.164295369 0.2811764393 1
6579 6584 3.164295369 0.2811764393 1
6581 6585 3.164295369 0.2811764393 1
6582 6587 3.164295369 0.2811764393 1
6584 6588 3.129795093 0.3616801436 1
6590 6594 3.129795093 0.3616801436 1
6591 6596 3.164295369 0.2811764393 1
6593 6597 3.164295369 0.2811764393 1
6594 6599 3.164295369 0.2811764393 1
6596 6600 3.164295369 0.2811764393 1
6597 6602 3.164295369 0.2811764393 1
6599 6603 3.164295369 0.2811764393 1
6600 6605 3.164295369 0.2811764393 1
6602 6606 3.129795093 0.3616801436 1
6608 6612 3.129795093 0.3616801436 1
6609 6614 3.164295369 0.2811764393 1
6611 6615 3.164295369 0.2811764393 1
6612 6617 3.164295369 0.2811764393 1
6614 6618 3.164295369 0.2811764393 1
6615 6620 3.164295369 0.2811764393 1
6617 6621 3.164295369 0.2811764393 1
6618 6623 3.164295369 0.2811764393 1
6620 6624 3.129795093 0.3616801436 1
6626 6630 3.129795093 0.3616801436 1
6627 6632 3.164295369 0.2811764393 1
6629 6633 3.164295369 0.2811764393 1
6630 6635 3.164295369 0.2811764393 1
6632 6636 3.164295369 0.2811764393 1
6633 6638 3.164295369 0.2811764393 1
6635 6639 3.164295369 0.2811764393 1
6636 6641 3.164295369 0.2811764393 1
6638 6642 3.129795093 0.3616801436 1
6644 6648 3.129795093 0.3616801436 1
6645 6650 3.164295369 0.2811764393 1
6647 6651 3.164295369 0.2811764393 1
6648 6653 3.164295369 0.2811764393 1
6650 6654 3.164295369 0.2811764393 1
6651 6656 3.164295369 0.2811764393 1
6653 6657 3.164295369 0.2811764393 1
6654 6659 3.164295369 0.2811764393 1
6656 6660 3.129795093 0.3616801436 1
6662 6666 3.129795093 0.3616801436 1
6663 6668 3.164295369 0.2811764393 1
6665 6669 3.164295369 0.2811764393 1
6666 6671 3.164295369 0.2811764393 1
6668 6672 3.164295369 0.2811764393 1
6669 6674 3.164295369 0.2811764393 1
6671 6675 3.164295369 0.2811764393 1
6672 6677 3.164295369 0.2811764393 1
6674 6678 3.129795093 0.3616801436 1
6680 6684 3.129795093 0.3616801436 1
6681 6686 3.164295369 0.2811764393 1
6683 6687 3.164295369 0.2811764393 1
6684 6689 3.164295369 0.2811764393 1
6686 6690 3.164295369 0.2811764393 1
6687 6692 3.164295369 0.2811764393 1
6689 6693 3.164295369 0.2811764393 1
6690 6695 3.164295369 0.2811764393 1
6692 6696 3.129795093 0.3616801436 1
6698 6702 3.129795093 0.3616801436 1
6699 6704 3.164295369 0.2811764393 1
6701 6705 3.164295369 0.2811764393 1
6702 6707 3.164295369 0.2811764393 1
6704 6708 3.164295369 0.2811764393 1
6705 6710 3.164295369 0.2811764393 1
6707 6711 3.164295369 0.2811764393 1
6708 6713 3.164295369 0.2811764393 1
6710 6714 3.129795093 0.3616801436 1
6716 6720 3.129795093 0.3616801436 1
6717 6722 3.164295369 0.2811764393 1
6719 6723 3.164295369 0.2811764393 1
6720 6725 3.164295369 0.2811764393 1
6722 6726 3.164295369 0.2811764393 1
6723 6728 3.164295369 0.2811764393 1
6725 6729 3.164295369 0.2811764393 1
6726 6731 3.164295369 0.2811764393 1
6728 6732 3.129795093 0.3616801436 1
6734 6738 3.129795093 0.3616801436 1
6735 6740 3.164295369 0.2811764393 1
6737 6741 3.164295369 0.2811764393 1
6738 6743 3.164295369 0.2811764393 1
6740 6744 3.164295369 0.2811764393 1
6741 6746 3.164295369 0.2811764393 1
6743 6747 3.164295369 0.2811764393 1
6744 6749 3.164295369 0.2811764393 1
6746 6750 3.129795093 0.3616801436 1
6752 6756 3.129795093 0.3616801436 1
6753 6758 3.164295369 0.2811764393 1
6755 6759 3.164295369 0.2811764393 1
6756 6761 3.164295369 0.2811764393 1
6758 6762 3.164295369 0.2811764393 1
6759 6764 3.164295369 0.2811764393 1
6761 6765 3.164295369 0.2811764393 1
6762 6767 3.164295369 0.2811764393 1
6764 6768 3.129795093 0.3616801436 1
6770 6774 3.129795093 0.3616801436 1
6771 6776 3.164295369 0.2811764393 1
6773 6777 3.164295369 0.2811764393 1
6774 6779 3.164295369 0.2811764393 1
6776 6780 3.164295369 0.2811764393 1
6777 6782 3.164295369 0.2811764393 1
6779 6783 3.164295369 0.2811764393 1
6780 6785 3.164295369 0.2811764393 1
6782 6786 3.129795093 0.3616801436 1
6788 6792 3.129795093 0.3616801436 1
6789 6794 3.164295369 0.2811764393 1
6791 6795 3.164295369 0.2811764393 1
6792 6797 3.164295369 0.2811764393 1
6794 6798 3.164295369 0.2811764393 1
6795 6800 3.164295369 0.2811764393 1
6797 6801 3.164295369 0.2811764393 1
6798 6803 3.164295369 0.2811764393 1
6800 6804 3.129795093 0.3616801436 1
6806 6810 3.129795093 0.3616801436 1
6807 6812 3.164295369 0.2811764393 1
6809 6813 3.164295369 0.2811764393 1
6810 6815 3.164295369 0.2811764393 1
6812 6816 3.164295369 0.2811764393 1
6813 6818 3.164295369 0.2811764393 1
6815 6819 3.164295369 0.2811764393 1
6816 6821 3.164295369 0.2811764393 1
6818 6822 3.129795093 0.3616801436 1
6824 6828 3.129795093 0.3616801436 1
6825 6830 3.164295369 0.2811764393 1
6827 6831 3.164295369 0.2811764393 1
6828 6833 3.164295369 0.2811764393 1
6830 6834 3.164295369 0.2811764393 1
6831 6836 3.164295369 0.2811764393 1
6833 6837 3.164295369 0.2811764393 1
6834 6839 3.164295369 0.2811764393 1
6836 6840 3.129795093 0.3616801436 1
6842 6846 3.129795093 0.3616801436 1
6843 6848 3.164295369 0.2811764393 1
6845 6849 3.164295369 0.2811764393 1
6846 6851 3.164295369 0.2811764393 1
6848 6852 3.164295369 0.2811764393 1
6849 6854 3.164295369 0.2811764393 1
6851 6855 3.164295369 0.2811764393 1
6852 6857 3.164295369 0.2811764393 1
6854 6858 3.129795093 0.3616801436 1
6860 6864 3.129795093 0.3616801436 1
6861 6866 3.164295369 0.2811764393 1
6863 6867 3.164295369 0.2811764393 1
6864 6869 3.164295369 0.2811764393 1
6866 6870 3.164295369 0.2811764393 1
6867 6872 3.164295369 0.2811764393 1
6869 6873 3.164295369 0.2811764393 1
6870 6875 3.164295369 0.2811764393 1
6872 6876 3.129795093 0.3616801436 1
6878 6882 3.129795093 0.3616801436 1
6879 6884 3.164295369 0.2811764393 1
6881 6885 3.164295369 0.2811764393 1
6882 6887 3.164295369 0.2811764393 1
6884 6888 3.164295369 0.2811764393 1
6885 6890 3.164295369 0.2811764393 1
6887 6891 3.164295369 0.2811764393 1
6888 6893 3.164295369 0.2811764393 1
6890 6894 3.129795093 0.3616801436 1
6896 6900 3.129795093 0.3616801436 1
6897 6902 3.164295369 0.2811764393 1
6899 6903 3.164295369 0.2811764393 1
6900 6905 3.164295369 0.2811764393 1
6902 6906 3.164295369 0.2811764393 1
6903 6908 3.164295369 0.2811764393 1
6905 6909 3.164295369 0.2811764393 1
6906 6911 3.164295369 0.2811764393 1
6908 6912 3.129795093 0.3616801436 1
6914 6918 3.129795093 0.3616801436 1
6915 6920 3.164295369 0.2811764393 1
6917 6921 3.164295369 0.2811764393 1
6918 6923 3.164295369 0.2811764393 1
6920 6924 3.164295369 0.2811764393 1
6921 6926 3.164295369 0.2811764393 1
6923 6927 3.164295369 0.2811764393 1
6924 6929 3.164295369 0.2811764393 1
6926 6930 3.129795093 0.3616801436 1
6932 6936 3.129795093 0.3616801436 1
6933 6938 3.164295369 0.2811764393 1
6935 6939 3.164295369 0.2811764393 1
6936 6941 3.164295369 0.2811764393 1
6938 6942 3.164295369 0.2811764393 1
6939 6944 3.164295369 0.2811764393 1
6941 6945 3.164295369 0.2811764393 1
6942 6947 3.164295369 0.2811764393 1
6944 6948 3.129795093 0.3616801436 1
6950 6954 3.129795093 0.3616801436 1
6951 6956 3.164295369 0.2811764393 1
6953 6957 3.164295369 0.2811764393 1
6954 6959 3.164295369 0.2811764393 1
6956 6960 3.164295369 0.2811764393 1
6957 6962 3.164295369 0.2811764393 1
6959 6963 3.164295369 0.2811764393 1
6960 6965 3.164295369 0.2811764393 1
6962 6966 3.129795093 0.3616801436 1
6968 6972 3.129795093 0.3616801436 1
6969 6974 3.164295369 0.2811764393 1
6971 6975 3.164295369 0.2811764393 1
6972 6977 3.164295369 0.2811764393 1
6974 6978 3.164295369 0.2811764393 1
6975 6980 3.164295369 0.2811764393 1
6977 6981 3.164295369 0.2811764393 1
6978 6983 3.164295369 0.2811764393 1
6980 6984 3.129795093 0.3616801436 1
6986 6990 3.129795093 0.3616801436 1
6987 6992 3.164295369 0.2811764393 1
6989 6993 3.164295369 0.2811764393 1
6990 6995 3.164295369 0.2811764393 1
6992 6996 3.164295369 0.2811764393 1
6993 6998 3.164295369 0.2811764393 1
6995 6999 3.164295369 0.2811764393 1
6996 7001 3.164295369 0.2811764393 1
6998 7002 3.129795093 0.3616801436 1
7004 7008 3.129795093 0.3616801436 1
7005 7010 3.164295369 0.2811764393 1
7007 7011 3.164295369 0.2811764393 1
7008 7013 3.164295369 0.2811764393 1
7010 7014 3.164295369 0.2811764393 1
7011 7016 3.164295369 0.2811764393 1
7013 7017 3.164295369 0.2811764393 1
7014 7019 3.164295369 0.2811764393 1
7016 7020 3.129795093 0.3616801436 1
7022 7026 3.129795093 0.3616801436 1
7023 7028 3.164295369 0.2811764393 1
7025 7029 3.164295369 0.2811764393 1
7026 7031 3.164295369 0.2811764393 1
7028 7032 3.164295369 0.2811764393 1
7029 7034 3.164295369 0.2811764393 1
7031 7035 3.164295369 0.2811764393 1
7032 7037 3.164295369 0.2811764393 1
7034 7038 3.129795093 0.3616801436 1
7040 7044 3.129795093 0.3616801436 1
7041 7046 3.164295369 0.2811764393 1
7043 7047 3.164295369 0.2811764393 1
7044 7049 3.164295369 0.2811764393 1
7046 7050 3.164295369 0.2811764393 1
7047 7052 3.164295369 0.2811764393 1
7049 7053 3.164295369 0.2811764393 1
7050 7055 3.164295369 0.2811764393 1
7052 7056 3.129795093 0.3616801436 1
7058 7062 3.129795093 0.3616801436 1
7059 7064 3.164295369 0.2811764393 1
7061 7065 3.164295369 0.2811764393 1
7062 7067 3.164295369 0.2811764393 1
7064 7068 3.164295369 0.2811764393 1
7065 7070 3.164295369 0.2811764393 1
7067 7071 3.164295369 0.2811764393 1
7068 7073 3.164295369 0.2811764393 1
7070 7074 3.129795093 0.3616801436 1
7076 7080 3.129795093 0.3616801436 1
7077 7082 3.164295369 0.2811764393 1
7079 7083 3.164295369 0.2811764393 1
7080 7085 3.164295369 0.2811764393 1
7082 7086 3.164295369 0.2811764393 1
7083 7088 3.164295369 0.2811764393 1
7085 7089 3.164295369 0.2811764393 1
7086 7091 3.164295369 0.2811764393 1
7088 7092 3.129795093 0.3616801436 1
7094 7098 3.129795093 0.3616801436 1
7095 7100 3.164295369 0.2811764393 1
7097 7101 3.164295369 0.2811764393 1
7098 7103 3.164295369 0.2811764393 1
7100 7104 3.164295369 0.2811764393 1
7101 7106 3.164295369 0.2811764393 1
7103 7107 3.164295369 0.2811764393 1
7104 7109 3.164295369 0.2811764393 1
7106 7110 3.129795093 0.3616801436 1
7112 7116 3.129795093 0.3616801436 1
7113 7118 3.164295369 0.2811764393 1
7115 7119 3.164295369 0.2811764393 1
7116 7121 3.164295369 0.2811764393 1
7118 7122 3.164295369 0.2811764393 1
7119 7124 3.164295369 0.2811764393 1
7121 7125 3.164295369 0.2811764393 1
7122 7127 3.164295369 0.2811764393 1
7124 7128 3.129795093 0.3616801436 1
7130 7134 3.129795093 0.3616801436 1
7131 7136 3.164295369 0.2811764393 1
7133 7137 3.164295369 0.2811764393 1
7134 7139 3.164295369 0.2811764393 1
7136 7140 3.164295369 0.2811764393 1
7137 7142 3.164295369 0.2811764393 1
7139 7143 3.164295369 0.2811764393 1
7140 7145 3.164295369 0.2811764393 1
7142 7146 3.129795093 0.3616801436 1
7148 7152 3.129795093 0.3616801436 1
7149 7154 3.164295369 0.2811764393 1
7151 7155 3.164295369 0.2811764393 1
7152 7157 3.164295369 0.2811764393 1
7154 7158 3.164295369 0.2811764393 1
7155 7160 3.164295369 0.2811764393 1
7157 7161 3.164295369 0.2811764393 1
7158 7163 3.164295369 0.2811764393 1
7160 7164 3.129795093 0.3616801436 1
7166 7170 3.129795093 0.3616801436 1
7167 7172 3.164295369 0.2811764393 1
7169 7173 3.164295369 0.2811764393 1
7170 7175 3.164295369 0.2811764393 1
7172 7176 3.164295369 0.2811764393 1
7173 7178 3.164295369 0.2811764393 1
7175 7179 3.164295369 0.2811764393 1
7176 7181 3.164295369 0.2811764393 1
7178 7182 3.129795093 0.3616801436 1
7184 7188 3.129795093 0.3616801436 1
7185 7190 3.164295369 0.2811764393 1
7187 7191 3.164295369 0.2811764393 1
7188 7193 3.164295369 0.2811764393 1
7190 7194 3.164295369 0.2811764393 1
7191 7196 3.164295369 0.2811764393 1
7193 7197 3.164295369 0.2811764393 1
7194 7199 3.164295369 0.2811764393 1
7196 7200 3.129795093 0.3616801436 1
7202 7206 3.129795093 0.3616801436 1
7203 7208 3.164295369 0.2811764393 1
7205 7209 3.164295369 0.2811764393 1
7206 7211 3.164295369 0.2811764393 1
7208 7212 3.164295369 0.2811764393 1
7209 7214 3.164295369 0.2811764393 1
7211 7215 3.164295369 0.2811764393 1
7212 7217 3.164295369 0.2811764393 1
7214 7218 3.129795093 0.3616801436 1
7220 7224 3.129795093 0.3616801436 1
7221 7226 3.164295369 0.2811764393 1
7223 7227 3.164295369 0.2811764393 1
7224 7229 3.164295369 0.2811764393 1
7226 7230 3.164295369 0.2811764393 1
7227 7232 3.164295369 0.2811764393 1
7229 7233 3.164295369 0.2811764393 1
7230 7235 3.164295369 0.2811764393 1
7232 7236 3.129795093 0.3616801436 1
7238 7242 3.129795093 0.3616801436 1
7239 7244 3.164295369 0.2811764393 1
7241 7245 3.164295369 0.2811764393 1
7242 7247 3.164295369 0.2811764393 1
7244 7248 3.164295369 0.2811764393 1
7245 7250 3.164295369 0.2811764393 1
7247 7251 3.164295369 0.2811764393 1
7248 7253 3.164295369 0.2811764393 1
7250 7254 3.129795093 0.3616801436 1
7256 7260 3.129795093 0.3616801436 1
7257 7262 3.164295369 0.2811764393 1
7259 7263 3.164295369 0.2811764393 1
7260 7265 3.164295369 0.2811764393 1
7262 7266 3.164295369 0.2811764393 1
7263 7268 3.164295369 0.2811764393 1
7265 7269 3.164295369 0.2811764393 1
7266 7271 3.164295369 0.2811764393 1
7268 7272 3.129795093 0.3616801436 1
7274 7278 3.129795093 0.3616801436 1
7275 7280 3.164295369 0.2811764393 1
7277 7281 3.164295369 0.2811764393 1
7278 7283 3.164295369 0.2811764393 1
7280 7284 3.164295369 0.2811764393 1
7281 7286 3.164295369 0.2811764393 1
7283 7287 3.164295369 0.2811764393 1
7284 7289 3.164295369 0.2811764393 1
7286 7290 3.129795093 0.3616801436 1
7292 7296 3.129795093 0.3616801436 1
7293 7298 3.164295369 0.2811764393 1
7295 7299 3.164295369 0.2811764393 1
7296 7301 3.164295369 0.2811764393 1
7298 7302 3.164295369 0.2811764393 1
7299 7304 3.164295369 0.2811764393 1
7301 7305 3.164295369 0.2811764393 1
7302 7307 3.164295369 0.2811764393 1
7304 7308 3.129795093 0.3616801436 1
7310 7314 3.129795093 0.3616801436 1
7311 7316 3.164295369 0.2811764393 1
7313 7317 3.164295369 0.2811764393 1
7314 7319 3.164295369 0.2811764393 1
7316 7320 3.164295369 0.2811764393 1
7317 7322 3.164295369 0.2811764393 1
7319 7323 3.164295369 0.2811764393 1
7320 7325 3.164295369 0.2811764393 1
7322 7326 3.129795093 0.3616801436 1
7328 7332 3.129795093 0.3616801436 1
7329 7334 3.164295369 0.2811764393 1
7331 7335 3.164295369 0.2811764393 1
7332 7337 3.164295369 0.2811764393 1
7334 7338 3.164295369 0.2811764393 1
7335 7340 3.164295369 0.2811764393 1
7337 7341 3.164295369 0.2811764393 1
7338 7343 3.164295369 0.2811764393 1
7340 7344 3.129795093 0.3616801436 1
7346 7350 3.129795093 0.3616801436 1
7347 7352 3.164295369 0.2811764393 1
7349 7353 3.164295369 0.2811764393 1
7350 7355 3.164295369 0.2811764393 1
7352 7356 3.164295369 0.2811764393 1
7353 7358 3.164295369 0.2811764393 1
7355 7359 3.164295369 0.2811764393 1
7356 7361 3.164295369 0.2811764393 1
7358 7362 3.129795093 0.3616801436 1
7364 7368 3.129795093 0.3616801436 1
7365 7370 3.164295369 0.2811764393 1
7367 7371 3.164295369 0.2811764393 1
7368 7373 3.164295369 0.2811764393 1
7370 7374 3.164295369 0.2811764393 1
7371 7376 3.164295369 0.2811764393 1
7373 7377 3.164295369 0.2811764393 1
7374 7379 3.164295369 0.2811764393 1
7376 7380 3.129795093 0.3616801436 1
7382 7386 3.129795093 0.3616801436 1
7383 7388 3.164295369 0.2811764393 1
7385 7389 3.164295369 0.2811764393 1
7386 7391 3.164295369 0.2811764393 1
7388 7392 3.164295369 0.2811764393 1
7389 7394 3.164295369 0.2811764393 1
7391 7395 3.164295369 0.2811764393 1
7392 7397 3.164295369 0.2811764393 1
7394 7398 3.129795093 0.3616801436 1
7400 7404 3.129795093 0.3616801436 1
7401 7406 3.164295369 0.2811764393 1
7403 7407 3.164295369 0.2811764393 1
7404 7409 3.164295369 0.2811764393 1
7406 7410 3.164295369 0.2811764393 1
7407 7412 3.164295369 0.2811764393 1
7409 7413 3.164295369 0.2811764393 1
7410 7415 3.164295369 0.2811764393 1
7412 7416 3.129795093 0.3616801436 1
7418 7422 3.129795093 0.3616801436 1
7419 7424 3.164295369 0.2811764393 1
7421 7425 3.164295369 0.2811764393 1
7422 7427 3.164295369 0.2811764393 1
7424 7428 3.164295369 0.2811764393 1
7425 7430 3.164295369 0.2811764393 1
7427 7431 3.164295369 0.2811764393 1
7428 7433 3.164295369 0.2811764393 1
7430 7434 3.129795093 0.3616801436 1
7436 7440 3.129795093 0.3616801436 1
7437 7442 3.164295369 0.2811764393 1
7439 7443 3.164295369 0.2811764393 1
7440 7445 3.164295369 0.2811764393 1
7442 7446 3.164295369 0.2811764393 1
7443 7448 3.164295369 0.2811764393 1
7445 7449 3.164295369 0.2811764393 1
7446 7451 3.164295369 0.2811764393 1
7448 7452 3.129795093 0.3616801436 1
7454 7458 3.129795093 0.3616801436 1
7455 7460 3.164295369 0.2811764393 1
7457 7461 3.164295369 0.2811764393 1
7458 7463 3.164295369 0.2811764393 1
7460 7464 3.164295369 0.2811764393 1
7461 7466 3.164295369 0.2811764393 1
7463 7467 3.164295369 0.2811764393 1
7464 7469 3.164295369 0.2811764393 1
7466 7470 3.129795093 0.3616801436 1
7472 7476 3.129795093 0.3616801436 1
7473 7478 3.164295369 0.2811764393 1
7475 7479 3.164295369 0.2811764393 1
7476 7481 3.164295369 0.2811764393 1
7478 7482 3.164295369 0.2811764393 1
7479 7484 3.164295369 0.2811764393 1
7481 7485 3.164295369 0.2811764393 1
7482 7487 3.164295369 0.2811764393 1
7484 7488 3.129795093 0.3616801436 1
7490 7494 3.129795093 0.3616801436 1
7491 7496 3.164295369 0.2811764393 1
7493 7497 3.164295369 0.2811764393 1
7494 7499 3.164295369 0.2811764393 1
7496 7500 3.164295369 0.2811764393 1
7497 7502 3.164295369 0.2811764393 1
7499 7503 3.164295369 0.2811764393 1
7500 7505 3.164295369 0.2811764393 1
7502 7506 3.129795093 0.3616801436 1
7508 7512 3.129795093 0.3616801436 1
7509 7514 3.164295369 0.2811764393 1
7511 7515 3.164295369 0.2811764393 1
7512 7517 3.164295369 0.2811764393 1
7514 7518 3.164295369 0.2811764393 1
7515 7520 3.164295369 0.2811764393 1
7517 7521 3.164295369 0.2811764393 1
7518 7523 3.164295369 0.2811764393 1
7520 7524 3.129795093 0.3616801436 1
7526 7530 3.129795093 0.3616801436 1
7527 7532 3.164295369 0.2811764393 1
7529 7533 3.164295369 0.2811764393 1
7530 7535 3.164295369 0.2811764393 1
7532 7536 3.164295369 0.2811764393 1
7533 7538 3.164295369 0.2811764393 1
7535 7539 3.164295369 0.2811764393 1
7536 7541 3.164295369 0.2811764393 1
7538 7542 3.129795093 0.3616801436 1
7544 7548 3.129795093 0.3616801436 1
7545 7550 3.164295369 0.2811764393 1
7547 7551 3.164295369 0.2811764393 1
7548 7553 3.164295369 0.2811764393 1
7550 7554 3.164295369 0.2811764393 1
7551 7556 3.164295369 0.2811764393 1
7553 7557 3.164295369 0.2811764393 1
7554 7559 3.164295369 0.2811764393 1
7556 7560 3.129795093 0.3616801436 1
7562 7566 3.129795093 0.3616801436 1
7563 7568 3.164295369 0.2811764393 1
7565 7569 3.164295369 0.2811764393 1
7566 7571 3.164295369 0.2811764393 1
7568 7572 3.164295369 0.2811764393 1
7569 7574 3.164295369 0.2811764393 1
7571 7575 3.164295369 0.2811764393 1
7572 7577 3.164295369 0.2811764393 1
7574 7578 3.129795093 0.3616801436 1
7580 7584 3.129795093 0.3616801436 1
7581 7586 3.164295369 0.2811764393 1
7583 7587 3.164295369 0.2811764393 1
7584 7589 3.164295369 0.2811764393 1
7586 7590 3.164295369 0.2811764393 1
7587 7592 3.164295369 0.2811764393 1
7589 7593 3.164295369 0.2811764393 1
7590 7595 3.164295369 0.2811764393 1
7592 7596 3.129795093 0.3616801436 1
7598 7602 3.129795093 0.3616801436 1
7599 7604 3.164295369 0.2811764393 1
7601 7605 3.164295369 0.2811764393 1
7602 7607 3.164295369 0.2811764393 1
7604 7608 3.164295369 0.2811764393 1
7605 7610 3.164295369 0.2811764393 1
7607 7611 3.164295369 0.2811764393 1
7608 7613 3.164295369 0.2811764393 1
7610 7614 3.129795093 0.3616801436 1
7616 7620 3.129795093 0.3616801436 1
7617 7622 3.164295369 0.2811764393 1
7619 7623 3.164295369 0.2811764393 1
7620 7625 3.164295369 0.2811764393 1
7622 7626 3.164295369 0.2811764393 1
7623 7628 3.164295369 0.2811764393 1
7625 7629 3.164295369 0.2811764393 1
7626 7631 3.164295369 0.2811764393 1
7628 7632 3.129795093 0.3616801436 1
7634 7638 3.129795093 0.3616801436 1
7635 7640 3.164295369 0.2811764393 1
7637 7641 3.164295369 0.2811764393 1
7638 7643 3.164295369 0.2811764393 1
7640 7644 3.164295369 0.2811764393 1
7641 7646 3.164295369 0.2811764393 1
7643 7647 3.164295369 0.2811764393 1
7644 7649 3.164295369 0.2811764393 1
7646 7650 3.129795093 0.3616801436 1
7652 7656 3.129795093 0.3616801436 1
7653 7658 3.164295369 0.2811764393 1
7655 7659 3.164295369 0.2811764393 1
7656 7661 3.164295369 0.2811764393 1
7658 7662 3.164295369 0.2811764393 1
7659 7664 3.164295369 0.2811764393 1
7661 7665 3.164295369 0.2811764393 1
7662 7667 3.164295369 0.2811764393 1
7664 7668 3.129795093 0.3616801436 1
7670 7674 3.129795093 0.3616801436 1
7671 7676 3.164295369 0.2811764393 1
7673 7677 3.164295369 0.2811764393 1
7674 7679 3.164295369 0.2811764393 1
7676 7680 3.164295369 0.2811764393 1
7677 7682 3.164295369 0.2811764393 1
7679 7683 3.164295369 0.2811764393 1
7680 7685 3.164295369 0.2811764393 1
7682 7686 3.129795093 0.3616801436 1
7688 7692 3.129795093 0.3616801436 1
7689 7694 3.164295369 0.2811764393 1
7691 7695 3.164295369 0.2811764393 1
7692 7697 3.164295369 0.2811764393 1
7694 7698 3.164295369 0.2811764393 1
7695 7700 3.164295369 0.2811764393 1
7697 7701 3.164295369 0.2811764393 1
7698 7703 3.164295369 0.2811764393 1
7700 7704 3.129795093 0.3616801436 1
7706 7710 3.129795093 0.3616801436 1
7707 7712 3.164295369 0.2811764393 1
7709 7713 3.164295369 0.2811764393 1
7710 7715 3.164295369 0.2811764393 1
7712 7716 3.164295369 0.2811764393 1
7713 7718 3.164295369 0.2811764393 1
7715 7719 3.164295369 0.2811764393 1
7716 7721 3.164295369 0.2811764393 1
7718 7722 3.129795093 0.3616801436 1
7724 7728 3.129795093 0.3616801436 1
7725 7730 3.164295369 0.2811764393 1
7727 7731 3.164295369 0.2811764393 1
7728 7733 3.164295369 0.2811764393 1
7730 7734 3.164295369 0.2811764393 1
7731 7736 3.164295369 0.2811764393 1
7733 7737 3.164295369 0.2811764393 1
7734 7739 3.164295369 0.2811764393 1
7736 7740 3.129795093 0.3616801436 1
7742 7746 3.129795093 0.3616801436 1
7743 7748 3.164295369 0.2811764393 1
7745 7749 3.164295369 0.2811764393 1
7746 7751 3.164295369 0.2811764393 1
7748 7752 3.164295369 0.2811764393 1
7749 7754 3.164295369 0.2811764393 1
7751 7755 3.164295369 0.2811764393 1
7752 7757 3.164295369 0.2811764393 1
7754 7758 3.129795093 0.3616801436 1
7760 7764 3.129795093 0.3616801436 1
7761 7766 3.164295369 0.2811764393 1
7763 7767 3.164295369 0.2811764393 1
7764 7769 3.164295369 0.2811764393 1
7766 7770 3.164295369 0.2811764393 1
7767 7772 3.164295369 0.2811764393 1
7769 7773 3.164295369 0.2811764393 1
7770 7775 3.164295369 0.2811764393 1
7772 7776 3.129795093 0.3616801436 1
7778 7782 3.129795093 0.3616801436 1
7779 7784 3.164295369 0.2811764393 1
7781 7785 3.164295369 0.2811764393 1
7782 7787 3.164295369 0.2811764393 1
7784 7788 3.164295369 0.2811764393 1
7785 7790 3.164295369 0.2811764393 1
7787 7791 3.164295369 0.2811764393 1
7788 7793 3.164295369 0.2811764393 1
7790 7794 3.129795093 0.3616801436 1
7796 7800 3.129795093 0.3616801436 1
7797 7802 3.164295369 0.2811764393 1
7799 7803 3.164295369 0.2811764393 1
7800 7805 3.164295369 0.2811764393 1
7802 7806 3.164295369 0.2811764393 1
7803 7808 3.164295369 0.2811764393 1
7805 7809 3.164295369 0.2811764393 1
7806 7811 3.164295369 0.2811764393 1
7808 7812 3.129795093 0.3616801436 1
7814 7818 3.129795093 0.3616801436 1
7815 7820 3.164295369 0.2811764393 1
7817 7821 3.164295369 0.2811764393 1
7818 7823 3.164295369 0.2811764393 1
7820 7824 3.164295369 0.2811764393 1
7821 7826 3.164295369 0.2811764393 1
7823 7827 3.164295369 0.2811764393 1
7824 7829 3.164295369 0.2811764393 1
7826 7830 3.129795093 0.3616801436 1
7832 7836 3.129795093 0.3616801436 1
7833 7838 3.164295369 0.2811764393 1
7835 7839 3.164295369 0.2811764393 1
7836 7841 3.164295369 0.2811764393 1
7838 7842 3.164295369 0.2811764393 1
7839 7844 3.164295369 0.2811764393 1
7841 7845 3.164295369 0.2811764393 1
7842 7847 3.164295369 0.2811764393 1
7844 7848 3.129795093 0.3616801436 1
7850 7854 3.129795093 0.3616801436 1
7851 7856 3.164295369 0.2811764393 1
7853 7857 3.164295369 0.2811764393 1
7854 7859 3.164295369 0.2811764393 1
7856 7860 3.164295369 0.2811764393 1
7857 7862 3.164295369 0.2811764393 1
7859 7863 3.164295369 0.2811764393 1
7860 7865 3.164295369 0.2811764393 1
7862 7866 3.129795093 0.3616801436 1
7868 7872 3.129795093 0.3616801436 1
7869 7874 3.164295369 0.2811764393 1
7871 7875 3.164295369 0.2811764393 1
7872 7877 3.164295369 0.2811764393 1
7874 7878 3.164295369 0.2811764393 1
7875 7880 3.164295369 0.2811764393 1
7877 7881 3.164295369 0.2811764393 1
7878 7883 3.164295369 0.2811764393 1
7880 7884 3.129795093 0.3616801436 1
7886 7890 3.129795093 0.3616801436 1
7887 7892 3.164295369 0.2811764393 1
7889 7893 3.164295369 0.2811764393 1
7890 7895 3.164295369 0.2811764393 1
7892 7896 3.164295369 0.2811764393 1
7893 7898 3.164295369 0.2811764393 1
7895 7899 3.164295369 0.2811764393 1
7896 7901 3.164295369 0.2811764393 1
7898 7902 3.129795093 0.3616801436 1
7904 7908 3.129795093 0.3616801436 1
7905 7910 3.164295369 0.2811764393 1
7907 7911 3.164295369 0.2811764393 1
7908 7913 3.164295369 0.2811764393 1
7910 7914 3.164295369 0.2811764393 1
7911 7916 3.164295369 0.2811764393 1
7913 7917 3.164295369 0.2811764393 1
7914 7919 3.164295369 0.2811764393 1
7916 7920 3.129795093 0.3616801436 1
7922 7926 3.129795093 0.3616801436 1
7923 7928 3.164295369 0.2811764393 1
7925 7929 3.164295369 0.2811764393 1
7926 7931 3.164295369 0.2811764393 1
7928 7932 3.164295369 0.2811764393 1
7929 7934 3.164295369 0.2811764393 1
7931 7935 3.164295369 0.2811764393 1
7932 7937 3.164295369 0.2811764393 1
7934 7938 3.129795093 0.3616801436 1
7940 7944 3.129795093 0.3616801436 1
7941 7946 3.164295369 0.2811764393 1
7943 7947 3.164295369 0.2811764393 1
7944 7949 3.164295369 0.2811764393 1
7946 7950 3.164295369 0.2811764393 1
7947 7952 3.164295369 0.2811764393 1
7949 7953 3.164295369 0.2811764393 1
7950 7955 3.164295369 0.2811764393 1
7952 7956 3.129795093 0.3616801436 1
7958 7962 3.129795093 0.3616801436 1
7959 7964 3.164295369 0.2811764393 1
7961 7965 3.164295369 0.2811764393 1
7962 7967 3.164295369 0.2811764393 1
7964 7968 3.164295369 0.2811764393 1
7965 7970 3.164295369 0.2811764393 1
7967 7971 3.164295369 0.2811764393 1
7968 7973 3.164295369 0.2811764393 1
7970 7974 3.129795093 0.3616801436 1
7976 7980 3.129795093 0.3616801436 1
7977 7982 3.164295369 0.2811764393 1
7979 7983 3.164295369 0.2811764393 1
7980 7985 3.164295369 0.2811764393 1
7982 7986 3.164295369 0.2811764393 1
7983 7988 3.164295369 0.2811764393 1
7985 7989 3.164295369 0.2811764393 1
7986 7991 3.164295369 0.2811764393 1
7988 7992 3.129795093 0.3616801436 1
7994 7998 3.129795093 0.3616801436 1
7995 8000 3.164295369 0.2811764393 1
7997 8001 3.164295369 0.2811764393 1
7998 8003 3.164295369 0.2811764393 1
8000 8004 3.164295369 0.2811764393 1
8001 8006 3.164295369 0.2811764393 1
8003 8007 3.164295369 0.2811764393 1
8004 8009 3.164295369 0.2811764393 1
8006 8010 3.129795093 0.3616801436 1
8012 8016 3.129795093 0.3616801436 1
8013 8018 3.164295369 0.2811764393 1
8015 8019 3.164295369 0.2811764393 1
8016 8021 3.164295369 0.2811764393 1
8018 8022 3.164295369 0.2811764393 1
8019 8024 3.164295369 0.2811764393 1
8021 8025 3.164295369 0.2811764393 1
8022 8027 3.164295369 0.2811764393 1
8024 8028 3.129795093 0.3616801436 1
8030 8034 3.129795093 0.3616801436 1
8031 8036 3.164295369 0.2811764393 1
8033 8037 3.164295369 0.2811764393 1
8034 8039 3.164295369 0.2811764393 1
8036 8040 3.164295369 0.2811764393 1
8037 8042 3.164295369 0.2811764393 1
8039 8043 3.164295369 0.2811764393 1
8040 8045 3.164295369 0.2811764393 1
8042 8046 3.129795093 0.3616801436 1
8048 8052 3.129795093 0.3616801436 1
8049 8054 3.164295369 0.2811764393 1
8051 8055 3.164295369 0.2811764393 1
8052 8057 3.164295369 0.2811764393 1
8054 8058 3.164295369 0.2811764393 1
8055 8060 3.164295369 0.2811764393 1
8057 8061 3.164295369 0.2811764393 1
8058 8063 3.164295369 0.2811764393 1
8060 8064 3.129795093 0.3616801436 1
8066 8070 3.129795093 0.3616801436 1
8067 8072 3.164295369 0.2811764393 1
8069 8073 3.164295369 0.2811764393 1
8070 8075 3.164295369 0.2811764393 1
8072 8076 3.164295369 0.2811764393 1
8073 8078 3.164295369 0.2811764393 1
8075 8079 3.164295369 0.2811764393 1
8076 8081 3.164295369 0.2811764393 1
8078 8082 3.129795093 0.3616801436 1
8084 8088 3.129795093 0.3616801436 1
8085 8090 3.164295369 0.2811764393 1
8087 8091 3.164295369 0.2811764393 1
8088 8093 3.164295369 0.2811764393 1
8090 8094 3.164295369 0.2811764393 1
8091 8096 3.164295369 0.2811764393 1
8093 8097 3.164295369 0.2811764393 1
8094 8099 3.164295369 0.2811764393 1
8096 8100 3.129795093 0.3616801436 1
8102 8106 3.129795093 0.3616801436 1
8103 8108 3.164295369 0.2811764393 1
8105 8109 3.164295369 0.2811764393 1
8106 8111 3.164295369 0.2811764393 1
8108 8112 3.164295369 0.2811764393 1
8109 8114 3.164295369 0.2811764393 1
8111 8115 3.164295369 0.2811764393 1
8112 8117 3.164295369 0.2811764393 1
8114 8118 3.129795093 0.3616801436 1
8120 8124 3.129795093 0.3616801436 1
8121 8126 3.164295369 0.2811764393 1
8123 8127 3.164295369 0.2811764393 1
8124 8129 3.164295369 0.2811764393 1
8126 8130 3.164295369 0.2811764393 1
8127 8132 3.164295369 0.2811764393 1
8129 8133 3.164295369 0.2811764393 1
8130 8135 3.164295369 0.2811764393 1
8132 8136 3.129795093 0.3616801436 1
8138 8142 3.129795093 0.3616801436 1
8139 8144 3.164295369 0.2811764393 1
8141 8145 3.164295369 0.2811764393 1
8142 8147 3.164295369 0.2811764393 1
8144 8148 3.164295369 0.2811764393 1
8145 8150 3.164295369 0.2811764393 1
8147 8151 3.164295369 0.2811764393 1
8148 8153 3.164295369 0.2811764393 1
8150 8154 3.129795093 0.3616801436 1
8156 8160 3.129795093 0.3616801436 1
8157 8162 3.164295369 0.2811764393 1
8159 8163 3.164295369 0.2811764393 1
8160 8165 3.164295369 0.2811764393 1
8162 8166 3.164295369 0.2811764393 1
8163 8168 3.164295369 0.2811764393 1
8165 8169 3.164295369 0.2811764393 1
8166 8171 3.164295369 0.2811764393 1
8168 8172 3.129795093 0.3616801436 1
8174 8178 3.129795093 0.3616801436 1
8175 8180 3.164295369 0.2811764393 1
8177 8181 3.164295369 0.2811764393 1
8178 8183 3.164295369 0.2811764393 1
8180 8184 3.164295369 0.2811764393 1
8181 8186 3.164295369 0.2811764393 1
8183 8187 3.164295369 0.2811764393 1
8184 8189 3.164295369 0.2811764393 1
8186 8190 3.129795093 0.3616801436 1
8192 8196 3.129795093 0.3616801436 1
8193 8198 3.164295369 0.2811764393 1
8195 8199 3.164295369 0.2811764393 1
8196 8201 3.164295369 0.2811764393 1
8198 8202 3.164295369 0.2811764393 1
8199 8204 3.164295369 0.2811764393 1
8201 8205 3.164295369 0.2811764393 1
8202 8207 3.164295369 0.2811764393 1
8204 8208 3.129795093 0.3616801436 1
8210 8214 3.129795093 0.3616801436 1
8211 8216 3.164295369 0.2811764393 1
8213 8217 3.164295369 0.2811764393 1
8214 8219 3.164295369 0.2811764393 1
8216 8220 3.164295369 0.2811764393 1
8217 8222 3.164295369 0.2811764393 1
8219 8223 3.164295369 0.2811764393 1
8220 8225 3.164295369 0.2811764393 1
8222 8226 3.129795093 0.3616801436 1
8228 8232 3.129795093 0.3616801436 1
8229 8234 3.164295369 0.2811764393 1
8231 8235 3.164295369 0.2811764393 1
8232 8237 3.164295369 0.2811764393 1
8234 8238 3.164295369 0.2811764393 1
8235 8240 3.164295369 0.2811764393 1
8237 8241 3.164295369 0.2811764393 1
8238 8243 3.164295369 0.2811764393 1
8240 8244 3.129795093 0.3616801436 1
8246 8250 3.129795093 0.3616801436 1
8247 8252 3.164295369 0.2811764393 1
8249 8253 3.164295369 0.2811764393 1
8250 8255 3.164295369 0.2811764393 1
8252 8256 3.164295369 0.2811764393 1
8253 8258 3.164295369 0.2811764393 1
8255 8259 3.164295369 0.2811764393 1
8256 8261 3.164295369 0.2811764393 1
8258 8262 3.129795093 0.3616801436 1
8264 8268 3.129795093 0.3616801436 1
8265 8270 3.164295369 0.2811764393 1
8267 8271 3.164295369 0.2811764393 1
8268 8273 3.164295369 0.2811764393 1
8270 8274 3.164295369 0.2811764393 1
8271 8276 3.164295369 0.2811764393 1
8273 8277 3.164295369 0.2811764393 1
8274 8279 3.164295369 0.2811764393 1
8276 8280 3.129795093 0.3616801436 1
8282 8286 3.129795093 0.3616801436 1
8283 8288 3.164295369 0.2811764393 1
8285 8289 3.164295369 0.2811764393 1
8286 8291 3.164295369 0.2811764393 1
8288 8292 3.164295369 0.2811764393 1
8289 8294 3.164295369 0.2811764393 1
8291 8295 3.164295369 0.2811764393 1
8292 8297 3.164295369 0.2811764393 1
8294 8298 3.129795093 0.3616801436 1
8300 8304 3.129795093 0.3616801436 1
8301 8306 3.164295369 0.2811764393 1
8303 8307 3.164295369 0.2811764393 1
8304 8309 3.164295369 0.2811764393 1
8306 8310 3.164295369 0.2811764393 1
8307 8312 3.164295369 0.2811764393 1
8309 8313 3.164295369 0.2811764393 1
8310 8315 3.164295369 0.2811764393 1
8312 8316 3.129795093 0.3616801436 1
8318 8322 3.129795093 0.3616801436 1
8319 8324 3.164295369 0.2811764393 1
8321 8325 3.164295369 0.2811764393 1
8322 8327 3.164295369 0.2811764393 1
8324 8328 3.164295369 0.2811764393 1
8325 8330 3.164295369 0.2811764393 1
8327 8331 3.164295369 0.2811764393 1
8328 8333 3.164295369 0.2811764393 1
8330 8334 3.129795093 0.3616801436 1
8336 8340 3.129795093 0.3616801436 1
8337 8342 3.164295369 0.2811764393 1
8339 8343 3.164295369 0.2811764393 1
8340 8345 3.164295369 0.2811764393 1
8342 8346 3.164295369 0.2811764393 1
8343 8348 3.164295369 0.2811764393 1
8345 8349 3.164295369 0.2811764393 1
8346 8351 3.164295369 0.2811764393 1
8348 8352 3.129795093 0.3616801436 1
8354 8358 3.129795093 0.3616801436 1
8355 8360 3.164295369 0.2811764393 1
8357 8361 3.164295369 0.2811764393 1
8358 8363 3.164295369 0.2811764393 1
8360 8364 3.164295369 0.2811764393 1
8361 8366 3.164295369 0.2811764393 1
8363 8367 3.164295369 0.2811764393 1
8364 8369 3.164295369 0.2811764393 1
8366 8370 3.129795093 0.3616801436 1
8372 8376 3.129795093 0.3616801436 1
8373 8378 3.164295369 0.2811764393 1
8375 8379 3.164295369 0.2811764393 1
8376 8381 3.164295369 0.2811764393 1
8378 8382 3.164295369 0.2811764393 1
8379 8384 3.164295369 0.2811764393 1
8381 8385 3.164295369 0.2811764393 1
8382 8387 3.164295369 0.2811764393 1
8384 8388 3.129795093 0.3616801436 1
8390 8394 3.129795093 0.3616801436 1
8391 8396 3.164295369 0.2811764393 1
8393 8397 3.164295369 0.2811764393 1
8394 8399 3.164295369 0.2811764393 1
8396 8400 3.164295369 0.2811764393 1
8397 8402 3.164295369 0.2811764393 1
8399 8403 3.164295369 0.2811764393 1
8400 8405 3.164295369 0.2811764393 1
8402 8406 3.129795093 0.3616801436 1
8408 8412 3.129795093 0.3616801436 1
8409 8414 3.164295369 0.2811764393 1
8411 8415 3.164295369 0.2811764393 1
8412 8417 3.164295369 0.2811764393 1
8414 8418 3.164295369 0.2811764393 1
8415 8420 3.164295369 0.2811764393 1
8417 8421 3.164295369 0.2811764393 1
8418 8423 3.164295369 0.2811764393 1
8420 8424 3.129795093 0.3616801436 1
8426 8430 3.129795093 0.3616801436 1
8427 8432 3.164295369 0.2811764393 1
8429 8433 3.164295369 0.2811764393 1
8430 8435 3.164295369 0.2811764393 1
8432 8436 3.164295369 0.2811764393 1
8433 8438 3.164295369 0.2811764393 1
8435 8439 3.164295369 0.2811764393 1
8436 8441 3.164295369 0.2811764393 1
8438 8442 3.129795093 0.3616801436 1
8444 8448 3.129795093 0.3616801436 1
8445 8450 3.164295369 0.2811764393 1
8447 8451 3.164295369 0.2811764393 1
8448 8453 3.164295369 0.2811764393 1
8450 8454 3.164295369 0.2811764393 1
8451 8456 3.164295369 0.2811764393 1
8453 8457 3.164295369 0.2811764393 1
8454 8459 3.164295369 0.2811764393 1
8456 8460 3.129795093 0.3616801436 1
8462 8466 3.129795093 0.3616801436 1
8463 8468 3.164295369 0.2811764393 1
8465 8469 3.164295369 0.2811764393 1
8466 8471 3.164295369 0.2811764393 1
8468 8472 3.164295369 0.2811764393 1
8469 8474 3.164295369 0.2811764393 1
8471 8475 3.164295369 0.2811764393 1
8472 8477 3.164295369 0.2811764393 1
8474 8478 3.129795093 0.3616801436 1
8480 8484 3.129795093 0.3616801436 1
8481 8486 3.164295369 0.2811764393 1
8483 8487 3.164295369 0.2811764393 1
8484 8489 3.164295369 0.2811764393 1
8486 8490 3.164295369 0.2811764393 1
8487 8492 3.164295369 0.2811764393 1
8489 8493 3.164295369 0.2811764393 1
8490 8495 3.164295369 0.2811764393 1
8492 8496 3.129795093 0.3616801436 1
8498 8502 3.129795093 0.3616801436 1
8499 8504 3.164295369 0.2811764393 1
8501 8505 3.164295369 0.2811764393 1
8502 8507 3.164295369 0.2811764393 1
8504 8508 3.164295369 0.2811764393 1
8505 8510 3.164295369 0.2811764393 1
8507 8511 3.164295369 0.2811764393 1
8508 8513 3.164295369 0.2811764393 1
8510 8514 3.129795093 0.3616801436 1
8516 8520 3.129795093 0.3616801436 1
8517 8522 3.164295369 0.2811764393 1
8519 8523 3.164295369 0.2811764393 1
8520 8525 3.164295369 0.2811764393 1
8522 8526 3.164295369 0.2811764393 1
8523 8528 3.164295369 0.2811764393 1
8525 8529 3.164295369 0.2811764393 1
8526 8531 3.164295369 0.2811764393 1
8528 8532 3.129795093 0.3616801436 1
8534 8538 3.129795093 0.3616801436 1
8535 8540 3.164295369 0.2811764393 1
8537 8541 3.164295369 0.2811764393 1
8538 8543 3.164295369 0.2811764393 1
8540 8544 3.164295369 0.2811764393 1
8541 8546 3.164295369 0.2811764393 1
8543 8547 3.164295369 0.2811764393 1
8544 8549 3.164295369 0.2811764393 1
8546 8550 3.129795093 0.3616801436 1
8552 8556 3.129795093 0.3616801436 1
8553 8558 3.164295369 0.2811764393 1
8555 8559 3.164295369 0.2811764393 1
8556 8561 3.164295369 0.2811764393 1
8558 8562 3.164295369 0.2811764393 1
8559 8564 3.164295369 0.2811764393 1
8561 8565 3.164295369 0.2811764393 1
8562 8567 3.164295369 0.2811764393 1
8564 8568 3.129795093 0.3616801436 1
8570 8574 3.129795093 0.3616801436 1
8571 8576 3.164295369 0.2811764393 1
8573 8577 3.164295369 0.2811764393 1
8574 8579 3.164295369 0.2811764393 1
8576 8580 3.164295369 0.2811764393 1
8577 8582 3.164295369 0.2811764393 1
8579 8583 3.164295369 0.2811764393 1
8580 8585 3.164295369 0.2811764393 1
8582 8586 3.129795093 0.3616801436 1
8588 8592 3.129795093 0.3616801436 1
8589 8594 3.164295369 0.2811764393 1
8591 8595 3.164295369 0.2811764393 1
8592 8597 3.164295369 0.2811764393 1
8594 8598 3.164295369 0.2811764393 1
8595 8600 3.164295369 0.2811764393 1
8597 8601 3.164295369 0.2811764393 1
8598 8603 3.164295369 0.2811764393 1
8600 8604 3.129795093 0.3616801436 1
8606 8610 3.129795093 0.3616801436 1
8607 8612 3.164295369 0.2811764393 1
8609 8613 3.164295369 0.2811764393 1
8610 8615 3.164295369 0.2811764393 1
8612 8616 3.164295369 0.2811764393 1
8613 8618 3.164295369 0.2811764393 1
8615 8619 3.164295369 0.2811764393 1
8616 8621 3.164295369 0.2811764393 1
8618 8622 3.129795093 0.3616801436 1
8624 8628 3.129795093 0.3616801436 1
8625 8630 3.164295369 0.2811764393 1
8627 8631 3.164295369 0.2811764393 1
8628 8633 3.164295369 0.2811764393 1
8630 8634 3.164295369 0.2811764393 1
8631 8636 3.164295369 0.2811764393 1
8633 8637 3.164295369 0.2811764393 1
8634 8639 3.164295369 0.2811764393 1
8636 8640 3.129795093 0.3616801436 1
8642 8646 3.129795093 0.3616801436 1
8643 8648 3.164295369 0.2811764393 1
8645 8649 3.164295369 0.2811764393 1
8646 8651 3.164295369 0.2811764393 1
8648 8652 3.164295369 0.2811764393 1
8649 8654 3.164295369 0.2811764393 1
8651 8655 3.164295369 0.2811764393 1
8652 8657 3.164295369 0.2811764393 1
8654 8658 3.129795093 0.3616801436 1
8660 8664 3.129795093 0.3616801436 1
8661 8666 3.164295369 0.2811764393 1
8663 8667 3.164295369 0.2811764393 1
8664 8669 3.164295369 0.2811764393 1
8666 8670 3.164295369 0.2811764393 1
8667 8672 3.164295369 0.2811764393 1
8669 8673 3.164295369 0.2811764393 1
8670 8675 3.164295369 0.2811764393 1
8672 8676 3.129795093 0.3616801436 1
8678 8682 3.129795093 0.3616801436 1
8679 8684 3.164295369 0.2811764393 1
8681 8685 3.164295369 0.2811764393 1
8682 8687 3.164295369 0.2811764393 1
8684 8688 3.164295369 0.2811764393 1
8685 8690 3.164295369 0.2811764393 1
8687 8691 3.164295369 0.2811764393 1
8688 8693 3.164295369 0.2811764393 1
8690 8694 3.129795093 0.3616801436 1
8696 8700 3.129795093 0.3616801436 1
8697 8702 3.164295369 0.2811764393 1
8699 8703 3.164295369 0.2811764393 1
8700 8705 3.164295369 0.2811764393 1
8702 8706 3.164295369 0.2811764393 1
8703 8708 3.164295369 0.2811764393 1
8705 8709 3.164295369 0.2811764393 1
8706 8711 3.164295369 0.2811764393 1
8708 8712 3.129795093 0.3616801436 1
8714 8718 3.129795093 0.3616801436 1
8715 8720 3.164295369 0.2811764393 1
8717 8721 3.164295369 0.2811764393 1
8718 8723 3.164295369 0.2811764393 1
8720 8724 3.164295369 0.2811764393 1
8721 8726 3.164295369 0.2811764393 1
8723 8727 3.164295369 0.2811764393 1
8724 8729 3.164295369 0.2811764393 1
8726 8730 3.129795093 0.3616801436 1
8732 8736 3.129795093 0.3616801436 1
8733 8738 3.164295369 0.2811764393 1
8735 8739 3.164295369 0.2811764393 1
8736 8741 3.164295369 0.2811764393 1
8738 8742 3.164295369 0.2811764393 1
8739 8744 3.164295369 0.2811764393 1
8741 8745 3.164295369 0.2811764393 1
8742 8747 3.164295369 0.2811764393 1
8744 8748 3.129795093 0.3616801436 1
8750 8754 3.129795093 0.3616801436 1
8751 8756 3.164295369 0.2811764393 1
8753 8757 3.164295369 0.2811764393 1
8754 8759 3.164295369 0.2811764393 1
8756 8760 3.164295369 0.2811764393 1
8757 8762 3.164295369 0.2811764393 1
8759 8763 3.164295369 0.2811764393 1
8760 8765 3.164295369 0.2811764393 1
8762 8766 3.129795093 0.3616801436 1
8768 8772 3.129795093 0.3616801436 1
8769 8774 3.164295369 0.2811764393 1
8771 8775 3.164295369 0.2811764393 1
8772 8777 3.164295369 0.2811764393 1
8774 8778 3.164295369 0.2811764393 1
8775 8780 3.164295369 0.2811764393 1
8777 8781 3.164295369 0.2811764393 1
8778 8783 3.164295369 0.2811764393 1
8780 8784 3.129795093 0.3616801436 1
8786 8790 3.129795093 0.3616801436 1
8787 8792 3.164295369 0.2811764393 1
8789 8793 3.164295369 0.2811764393 1
8790 8795 3.164295369 0.2811764393 1
8792 8796 3.164295369 0.2811764393 1
8793 8798 3.164295369 0.2811764393 1
8795 8799 3.164295369 0.2811764393 1
8796 8801 3.164295369 0.2811764393 1
8798 8802 3.129795093 0.3616801436 1
8804 8808 3.129795093 0.3616801436 1
8805 8810 3.164295369 0.2811764393 1
8807 8811 3.164295369 0.2811764393 1
8808 8813 3.164295369 0.2811764393 1
8810 8814 3.164295369 0.2811764393 1
8811 8816 3.164295369 0.2811764393 1
8813 8817 3.164295369 0.2811764393 1
8814 8819 3.164295369 0.2811764393 1
8816 8820 3.129795093 0.3616801436 1
8822 8826 3.129795093 0.3616801436 1
8823 8828 3.164295369 0.2811764393 1
8825 8829 3.164295369 0.2811764393 1
8826 8831 3.164295369 0.2811764393 1
8828 8832 3.164295369 0.2811764393 1
8829 8834 3.164295369 0.2811764393 1
8831 8835 3.164295369 0.2811764393 1
8832 8837 3.164295369 0.2811764393 1
8834 8838 3.129795093 0.3616801436 1
8840 8844 3.129795093 0.3616801436 1
8841 8846 3.164295369 0.2811764393 1
8843 8847 3.164295369 0.2811764393 1
8844 8849 3.164295369 0.2811764393 1
8846 8850 3.164295369 0.2811764393 1
8847 8852 3.164295369 0.2811764393 1
8849 8853 3.164295369 0.2811764393 1
8850 8855 3.164295369 0.2811764393 1
8852 8856 3.129795093 0.3616801436 1
8858 8862 3.129795093 0.3616801436 1
8859 8864 3.164295369 0.2811764393 1
8861 8865 3.164295369 0.2811764393 1
8862 8867 3.164295369 0.2811764393 1
8864 8868 3.164295369 0.2811764393 1
8865 8870 3.164295369 0.2811764393 1
8867 8871 3.164295369 0.2811764393 1
8868 8873 3.164295369 0.2811764393 1
8870 8874 3.129795093 0.3616801436 1
8876 8880 3.129795093 0.3616801436 1
8877 8882 3.164295369 0.2811764393 1
8879 8883 3.164295369 0.2811764393 1
8880 8885 3.164295369 0.2811764393 1
8882 8886 3.164295369 0.2811764393 1
8883 8888 3.164295369 0.2811764393 1
8885 8889 3.164295369 0.2811764393 1
8886 8891 3.164295369 0.2811764393 1
8888 8892 3.129795093 0.3616801436 1
8894 8898 3.129795093 0.3616801436 1
8895 8900 3.164295369 0.2811764393 1
8897 8901 3.164295369 0.2811764393 1
8898 8903 3.164295369 0.2811764393 1
8900 8904 3.164295369 0.2811764393 1
8901 8906 3.164295369 0.2811764393 1
8903 8907 3.164295369 0.2811764393 1
8904 8909 3.164295369 0.2811764393 1
8906 8910 3.129795093 0.3616801436 1
8912 8916 3.129795093 0.3616801436 1
8913 8918 3.164295369 0.2811764393 1
8915 8919 3.164295369 0.2811764393 1
8916 8921 3.164295369 0.2811764393 1
8918 8922 3.164295369 0.2811764393 1
8919 8924 3.164295369 0.2811764393 1
8921 8925 3.164295369 0.2811764393 1
8922 8927 3.164295369 0.2811764393 1
8924 8928 3.129795093 0.3616801436 1
8930 8934 3.129795093 0.3616801436 1
8931 8936 3.164295369 0.2811764393 1
8933 8937 3.164295369 0.2811764393 1
8934 8939 3.164295369 0.2811764393 1
8936 8940 3.164295369 0.2811764393 1
8937 8942 3.164295369 0.2811764393 1
8939 8943 3.164295369 0.2811764393 1
8940 8945 3.164295369 0.2811764393 1
8942 8946 3.129795093 0.3616801436 1
8948 8952 3.129795093 0.3616801436 1
8949 8954 3.164295369 0.2811764393 1
8951 8955 3.164295369 0.2811764393 1
8952 8957 3.164295369 0.2811764393 1
8954 8958 3.164295369 0.2811764393 1
8955 8960 3.164295369 0.2811764393 1
8957 8961 3.164295369 0.2811764393 1
8958 8963 3.164295369 0.2811764393 1
8960 8964 3.129795093 0.3616801436 1
8966 8970 3.129795093 0.3616801436 1
8967 8972 3.164295369 0.2811764393 1
8969 8973 3.164295369 0.2811764393 1
8970 8975 3.164295369 0.2811764393 1
8972 8976 3.164295369 0.2811764393 1
8973 8978 3.164295369 0.2811764393 1
8975 8979 3.164295369 0.2811764393 1
8976 8981 3.164295369 0.2811764393 1
8978 8982 3.129795093 0.3616801436 1
8984 8988 3.129795093 0.3616801436 1
8985 8990 3.164295369 0.2811764393 1
8987 8991 3.164295369 0.2811764393 1
8988 8993 3.164295369 0.2811764393 1
8990 8994 3.164295369 0.2811764393 1
8991 8996 3.164295369 0.2811764393 1
8993 8997 3.164295369 0.2811764393 1
8994 8999 3.164295369 0.2811764393 1
8996 9000 3.129795093 0.3616801436 1
