24000
2 5 3.398529094 0.05296225071 0.5
2 9 0 0 0.5
2 12 3.422718218 0.05454356057 0.5
2 23 3.398529094 0.05296225071 0.5
2 27 0 0 0.5
3 6 3.328062499 0.05454356057 0.5
3 7 2.979093822 0.02291287847 0.5
3 8 2.979093822 0.02291287847 0.5
3 13 3.422718218 0.05454356057 0.5
3 20 3.422718218 0.05454356057 0.5
3 22 3.422718218 0.05454356057 0.5
4 12 3.422718218 0.05454356057 0.5
4 21 3.422718218 0.05454356057 0.5
4 5545 3.398529094 0.05296225071 0.5
5 11 3.398529094 0.05296225071 0.5
5 5544 3.398529094 0.05296225071 0.5
5 5546 2.958039892 0.02224859546 0.5
5 5547 2.958039892 0.02224859546 0.5
6 9 0 0 0.5
6 5543 3.328062499 0.05454356057 0.5
6 5548 0 0 0.5
7 9 0 0 0.5
7 5545 2.958039892 0.02224859546 0.5
8 9 0 0 0.5
8 5545 2.958039892 0.02224859546 0.5
9 11 0 0 0.5
11 14 3.398529094 0.05296225071 0.5
11 18 0 0 0.5
11 21 3.422718218 0.05454356057 0.5
12 15 3.328062499 0.05454356057 0.5
12 16 2.979093822 0.02291287847 0.5
12 17 2.979093822 0.02291287847 0.5
12 22 3.422718218 0.05454356057 0.5
13 21 3.422718218 0.05454356057 0.5
13 4315 3.398529094 0.05296225071 0.5
14 20 3.398529094 0.05296225071 0.5
14 4314 3.398529094 0.05296225071 0.5
14 4316 2.958039892 0.02224859546 0.5
14 4317 2.958039892 0.02224859546 0.5
15 18 0 0 0.5
15 4313 3.328062499 0.05454356057 0.5
15 4318 0 0 0.5
16 18 0 0 0.5
16 4315 2.958039892 0.02224859546 0.5
17 18 0 0 0.5
17 4315 2.958039892 0.02224859546 0.5
18 20 0 0 0.5
20 23 3.398529094 0.05296225071 0.5
20 27 0 0 0.5
21 24 3.328062499 0.05454356057 0.5
21 25 2.979093822 0.02291287847 0.5
21 26 2.979093822 0.02291287847 0.5
22 4868 3.398529094 0.05296225071 0.5
23 4867 3.398529094 0.05296225071 0.5
23 4869 2.958039892 0.02224859546 0.5
23 4870 2.958039892 0.02224859546 0.5
24 27 0 0 0.5
24 4866 3.328062499 0.05454356057 0.5
24 4871 0 0 0.5
25 27 0 0 0.5
25 4868 2.958039892 0.02224859546 0.5
26 27 0 0 0.5
26 4868 2.958039892 0.02224859546 0.5
29 32 3.398529094 0.05296225071 0.5
29 36 0 0 0.5
29 39 3.422718218 0.05454356057 0.5
29 51 3.398529094 0.05296225071 0.5
29 56 0 0 0.5
30 33 3.328062499 0.05454356057 0.5
30 34 2.979093822 0.02291287847 0.5
30 35 2.979093822 0.02291287847 0.5
30 40 3.422718218 0.05454356057 0.5
30 48 3.422718218 0.05454356057 0.5
30 50 3.422718218 0.05454356057 0.5
31 39 3.422718218 0.05454356057 0.5
31 49 3.422718218 0.05454356057 0.5
31 1709 3.398529094 0.05296225071 0.5
32 38 3.398529094 0.05296225071 0.5
32 1708 3.398529094 0.05296225071 0.5
32 1710 2.958039892 0.02224859546 0.5
32 1711 2.958039892 0.02224859546 0.5
33 36 0 0 0.5
33 1707 3.328062499 0.05454356057 0.5
33 1712 0 0 0.5
34 36 0 0 0.5
34 1709 2.958039892 0.02224859546 0.5
35 36 0 0 0.5
35 1709 2.958039892 0.02224859546 0.5
36 38 0 0 0.5
38 41 3.398529094 0.05296225071 0.5
38 46 0 0 0.5
38 49 3.422718218 0.05454356057 0.5
39 42 3.328062499 0.05454356057 0.5
39 44 2.979093822 0.02291287847 0.5
39 45 2.979093822 0.02291287847 0.5
39 50 3.422718218 0.05454356057 0.5
40 43 0 0 0.5
40 49 3.422718218 0.05454356057 0.5
41 48 3.398529094 0.05296225071 0.5
42 46 0 0 0.5
43 44 0 0 0.5
43 45 0 0 0.5
44 46 0 0 0.5
45 46 0 0 0.5
46 48 0 0 0.5
48 51 3.398529094 0.05296225071 0.5
48 56 0 0 0.5
49 52 3.328062499 0.05454356057 0.5
49 54 2.979093822 0.02291287847 0.5
49 55 2.979093822 0.02291287847 0.5
50 53 0 0 0.5
52 56 0 0 0.5
53 54 0 0 0.5
53 55 0 0 0.5
54 56 0 0 0.5
55 56 0 0 0.5
58 61 3.398529094 0.05296225071 0.5
58 65 0 0 0.5
58 68 3.422718218 0.05454356057 0.5
58 79 3.398529094 0.05296225071 0.5
58 83 0 0 0.5
59 62 3.328062499 0.05454356057 0.5
59 63 2.979093822 0.02291287847 0.5
59 64 2.979093822 0.02291287847 0.5
59 69 3.422718218 0.05454356057 0.5
59 76 3.422718218 0.05454356057 0.5
59 78 3.422718218 0.05454356057 0.5
60 68 3.422718218 0.05454356057 0.5
60 77 3.422718218 0.05454356057 0.5
60 4151 3.398529094 0.05296225071 0.5
61 67 3.398529094 0.05296225071 0.5
61 4150 3.398529094 0.05296225071 0.5
61 4152 2.958039892 0.02224859546 0.5
61 4153 2.958039892 0.02224859546 0.5
62 65 0 0 0.5
62 4149 3.328062499 0.05454356057 0.5
62 4154 0 0 0.5
63 65 0 0 0.5
63 4151 2.958039892 0.02224859546 0.5
64 65 0 0 0.5
64 4151 2.958039892 0.02224859546 0.5
65 67 0 0 0.5
67 70 3.398529094 0.05296225071 0.5
67 74 0 0 0.5
67 77 3.422718218 0.05454356057 0.5
68 71 3.328062499 0.05454356057 0.5
68 72 2.979093822 0.02291287847 0.5
68 73 2.979093822 0.02291287847 0.5
68 78 3.422718218 0.05454356057 0.5
69 77 3.422718218 0.05454356057 0.5
69 11735 3.398529094 0.05296225071 0.5
70 76 3.398529094 0.05296225071 0.5
70 11734 3.398529094 0.05296225071 0.5
70 11736 2.958039892 0.02224859546 0.5
70 11737 2.958039892 0.02224859546 0.5
71 74 0 0 0.5
71 11733 3.328062499 0.05454356057 0.5
71 11738 0 0 0.5
72 74 0 0 0.5
72 11735 2.958039892 0.02224859546 0.5
73 74 0 0 0.5
73 11735 2.958039892 0.02224859546 0.5
74 76 0 0 0.5
76 79 3.398529094 0.05296225071 0.5
76 83 0 0 0.5
77 80 3.328062499 0.05454356057 0.5
77 81 2.979093822 0.02291287847 0.5
77 82 2.979093822 0.02291287847 0.5
78 8330 3.398529094 0.05296225071 0.5
79 8329 3.398529094 0.05296225071 0.5
79 8331 2.958039892 0.02224859546 0.5
79 8332 2.958039892 0.02224859546 0.5
80 83 0 0 0.5
80 8328 3.328062499 0.05454356057 0.5
80 8333 0 0 0.5
81 83 0 0 0.5
81 8330 2.958039892 0.02224859546 0.5
82 83 0 0 0.5
82 8330 2.958039892 0.02224859546 0.5
85 88 3.398529094 0.05296225071 0.5
85 92 0 0 0.5
85 95 3.422718218 0.05454356057 0.5
85 107 3.398529094 0.05296225071 0.5
85 111 0 0 0.5
86 89 3.328062499 0.05454356057 0.5
86 90 2.979093822 0.02291287847 0.5
86 91 2.979093822 0.02291287847 0.5
86 96 3.422718218 0.05454356057 0.5
86 104 3.422718218 0.05454356057 0.5
86 106 3.422718218 0.05454356057 0.5
87 95 3.422718218 0.05454356057 0.5
87 105 3.422718218 0.05454356057 0.5
87 4964 3.398529094 0.05296225071 0.5
88 94 3.398529094 0.05296225071 0.5
88 4963 3.398529094 0.05296225071 0.5
88 4965 2.958039892 0.02224859546 0.5
88 4966 2.958039892 0.02224859546 0.5
89 92 0 0 0.5
89 4962 3.328062499 0.05454356057 0.5
89 4967 0 0 0.5
90 92 0 0 0.5
90 4964 2.958039892 0.02224859546 0.5
91 92 0 0 0.5
91 4964 2.958039892 0.02224859546 0.5
92 94 0 0 0.5
94 97 3.398529094 0.05296225071 0.5
94 102 0 0 0.5
94 105 3.422718218 0.05454356057 0.5
95 98 3.328062499 0.05454356057 0.5
95 100 2.979093822 0.02291287847 0.5
95 101 2.979093822 0.02291287847 0.5
95 106 3.422718218 0.05454356057 0.5
96 99 0 0 0.5
96 105 3.422718218 0.05454356057 0.5
97 104 3.398529094 0.05296225071 0.5
98 102 0 0 0.5
99 100 0 0 0.5
99 101 0 0 0.5
100 102 0 0 0.5
101 102 0 0 0.5
102 104 0 0 0.5
104 107 3.398529094 0.05296225071 0.5
104 111 0 0 0.5
105 108 3.328062499 0.05454356057 0.5
105 109 2.979093822 0.02291287847 0.5
105 110 2.979093822 0.02291287847 0.5
106 726 3.398529094 0.05296225071 0.5
107 725 3.398529094 0.05296225071 0.5
107 727 2.958039892 0.02224859546 0.5
107 728 2.958039892 0.02224859546 0.5
108 111 0 0 0.5
108 724 3.328062499 0.05454356057 0.5
108 729 0 0 0.5
109 111 0 0 0.5
109 726 2.958039892 0.02224859546 0.5
110 111 0 0 0.5
110 726 2.958039892 0.02224859546 0.5
113 116 3.398529094 0.05296225071 0.5
113 120 0 0 0.5
113 123 3.422718218 0.05454356057 0.5
113 134 3.398529094 0.05296225071 0.5
113 138 0 0 0.5
114 117 3.328062499 0.05454356057 0.5
114 118 2.979093822 0.02291287847 0.5
114 119 2.979093822 0.02291287847 0.5
114 124 3.422718218 0.05454356057 0.5
114 131 3.422718218 0.05454356057 0.5
114 133 3.422718218 0.05454356057 0.5
115 123 3.422718218 0.05454356057 0.5
115 132 3.422718218 0.05454356057 0.5
115 2696 3.398529094 0.05296225071 0.5
116 122 3.398529094 0.05296225071 0.5
116 2695 3.398529094 0.05296225071 0.5
116 2697 2.958039892 0.02224859546 0.5
116 2698 2.958039892 0.02224859546 0.5
117 120 0 0 0.5
117 2694 3.328062499 0.05454356057 0.5
117 2699 0 0 0.5
118 120 0 0 0.5
118 2696 2.958039892 0.02224859546 0.5
119 120 0 0 0.5
119 2696 2.958039892 0.02224859546 0.5
120 122 0 0 0.5
122 125 3.398529094 0.05296225071 0.5
122 129 0 0 0.5
122 132 3.422718218 0.05454356057 0.5
123 126 3.328062499 0.05454356057 0.5
123 127 2.979093822 0.02291287847 0.5
123 128 2.979093822 0.02291287847 0.5
123 133 3.422718218 0.05454356057 0.5
124 132 3.422718218 0.05454356057 0.5
124 1701 3.398529094 0.05296225071 0.5
125 131 3.398529094 0.05296225071 0.5
125 1700 3.398529094 0.05296225071 0.5
125 1702 2.958039892 0.02224859546 0.5
125 1703 2.958039892 0.02224859546 0.5
126 129 0 0 0.5
126 1699 3.328062499 0.05454356057 0.5
126 1704 0 0 0.5
127 129 0 0 0.5
127 1701 2.958039892 0.02224859546 0.5
128 129 0 0 0.5
128 1701 2.958039892 0.02224859546 0.5
129 131 0 0 0.5
131 134 3.398529094 0.05296225071 0.5
131 138 0 0 0.5
132 135 3.328062499 0.05454356057 0.5
132 136 2.979093822 0.02291287847 0.5
132 137 2.979093822 0.02291287847 0.5
133 2426 3.398529094 0.05296225071 0.5
134 2425 3.398529094 0.05296225071 0.5
134 2427 2.958039892 0.02224859546 0.5
134 2428 2.958039892 0.02224859546 0.5
135 138 0 0 0.5
135 2424 3.328062499 0.05454356057 0.5
135 2429 0 0 0.5
136 138 0 0 0.5
136 2426 2.958039892 0.02224859546 0.5
137 138 0 0 0.5
137 2426 2.958039892 0.02224859546 0.5
140 143 3.398529094 0.05296225071 0.5
140 147 0 0 0.5
140 150 3.422718218 0.05454356057 0.5
140 161 3.398529094 0.05296225071 0.5
140 165 0 0 0.5
141 144 3.328062499 0.05454356057 0.5
141 145 2.979093822 0.02291287847 0.5
141 146 2.979093822 0.02291287847 0.5
141 151 3.422718218 0.05454356057 0.5
141 158 3.422718218 0.05454356057 0.5
141 160 3.422718218 0.05454356057 0.5
142 150 3.422718218 0.05454356057 0.5
142 159 3.422718218 0.05454356057 0.5
142 9342 3.398529094 0.05296225071 0.5
143 149 3.398529094 0.05296225071 0.5
143 9341 3.398529094 0.05296225071 0.5
143 9343 2.958039892 0.02224859546 0.5
143 9344 2.958039892 0.02224859546 0.5
144 147 0 0 0.5
144 9340 3.328062499 0.05454356057 0.5
144 9345 0 0 0.5
145 147 0 0 0.5
145 9342 2.958039892 0.02224859546 0.5
146 147 0 0 0.5
146 9342 2.958039892 0.02224859546 0.5
147 149 0 0 0.5
149 152 3.398529094 0.05296225071 0.5
149 156 0 0 0.5
149 159 3.422718218 0.05454356057 0.5
150 153 3.328062499 0.05454356057 0.5
150 154 2.979093822 0.02291287847 0.5
150 155 2.979093822 0.02291287847 0.5
150 160 3.422718218 0.05454356057 0.5
151 159 3.422718218 0.05454356057 0.5
151 10508 3.398529094 0.05296225071 0.5
152 158 3.398529094 0.05296225071 0.5
152 10507 3.398529094 0.05296225071 0.5
152 10509 2.958039892 0.02224859546 0.5
152 10510 2.958039892 0.02224859546 0.5
153 156 0 0 0.5
153 10506 3.328062499 0.05454356057 0.5
153 10511 0 0 0.5
154 156 0 0 0.5
154 10508 2.958039892 0.02224859546 0.5
155 156 0 0 0.5
155 10508 2.958039892 0.02224859546 0.5
156 158 0 0 0.5
158 161 3.398529094 0.05296225071 0.5
158 165 0 0 0.5
159 162 3.328062499 0.05454356057 0.5
159 163 2.979093822 0.02291287847 0.5
159 164 2.979093822 0.02291287847 0.5
160 10703 3.398529094 0.05296225071 0.5
161 10702 3.398529094 0.05296225071 0.5
161 10704 2.958039892 0.02224859546 0.5
161 10705 2.958039892 0.02224859546 0.5
162 165 0 0 0.5
162 10701 3.328062499 0.05454356057 0.5
162 10706 0 0 0.5
163 165 0 0 0.5
163 10703 2.958039892 0.02224859546 0.5
164 165 0 0 0.5
164 10703 2.958039892 0.02224859546 0.5
167 170 3.398529094 0.05296225071 0.5
167 174 0 0 0.5
167 177 3.422718218 0.05454356057 0.5
167 188 3.398529094 0.05296225071 0.5
167 192 0 0 0.5
168 171 3.328062499 0.05454356057 0.5
168 172 2.979093822 0.02291287847 0.5
168 173 2.979093822 0.02291287847 0.5
168 178 3.422718218 0.05454356057 0.5
168 185 3.422718218 0.05454356057 0.5
168 187 3.422718218 0.05454356057 0.5
169 177 3.422718218 0.05454356057 0.5
169 186 3.422718218 0.05454356057 0.5
169 12650 3.398529094 0.05296225071 0.5
170 176 3.398529094 0.05296225071 0.5
170 12649 3.398529094 0.05296225071 0.5
170 12651 2.958039892 0.02224859546 0.5
170 12652 2.958039892 0.02224859546 0.5
171 174 0 0 0.5
171 12648 3.328062499 0.05454356057 0.5
171 12653 0 0 0.5
172 174 0 0 0.5
172 12650 2.958039892 0.02224859546 0.5
173 174 0 0 0.5
173 12650 2.958039892 0.02224859546 0.5
174 176 0 0 0.5
176 179 3.398529094 0.05296225071 0.5
176 183 0 0 0.5
176 186 3.422718218 0.05454356057 0.5
177 180 3.328062499 0.05454356057 0.5
177 181 2.979093822 0.02291287847 0.5
177 182 2.979093822 0.02291287847 0.5
177 187 3.422718218 0.05454356057 0.5
178 186 3.422718218 0.05454356057 0.5
178 3815 3.398529094 0.05296225071 0.5
179 185 3.398529094 0.05296225071 0.5
179 3814 3.398529094 0.05296225071 0.5
179 3816 2.958039892 0.02224859546 0.5
179 3817 2.958039892 0.02224859546 0.5
180 183 0 0 0.5
180 3813 3.328062499 0.05454356057 0.5
180 3818 0 0 0.5
181 183 0 0 0.5
181 3815 2.958039892 0.02224859546 0.5
182 183 0 0 0.5
182 3815 2.958039892 0.02224859546 0.5
183 185 0 0 0.5
185 188 3.398529094 0.05296225071 0.5
185 192 0 0 0.5
186 189 3.328062499 0.05454356057 0.5
186 190 2.979093822 0.02291287847 0.5
186 191 2.979093822 0.02291287847 0.5
187 9704 3.398529094 0.05296225071 0.5
188 9703 3.398529094 0.05296225071 0.5
188 9705 2.958039892 0.02224859546 0.5
188 9706 2.958039892 0.02224859546 0.5
189 192 0 0 0.5
189 9702 3.328062499 0.05454356057 0.5
189 9707 0 0 0.5
190 192 0 0 0.5
190 9704 2.958039892 0.02224859546 0.5
191 192 0 0 0.5
191 9704 2.958039892 0.02224859546 0.5
194 197 3.398529094 0.05296225071 0.5
194 201 0 0 0.5
194 204 3.422718218 0.05454356057 0.5
194 215 3.398529094 0.05296225071 0.5
194 220 0 0 0.5
195 198 3.328062499 0.05454356057 0.5
195 199 2.979093822 0.02291287847 0.5
195 200 2.979093822 0.02291287847 0.5
195 205 3.422718218 0.05454356057 0.5
195 212 3.422718218 0.05454356057 0.5
195 214 3.422718218 0.05454356057 0.5
196 204 3.422718218 0.05454356057 0.5
196 213 3.422718218 0.05454356057 0.5
196 12290 3.398529094 0.05296225071 0.5
197 203 3.398529094 0.05296225071 0.5
197 12289 3.398529094 0.05296225071 0.5
197 12291 2.958039892 0.02224859546 0.5
197 12292 2.958039892 0.02224859546 0.5
198 201 0 0 0.5
198 12288 3.328062499 0.05454356057 0.5
198 12293 0 0 0.5
199 201 0 0 0.5
199 12290 2.958039892 0.02224859546 0.5
200 201 0 0 0.5
200 12290 2.958039892 0.02224859546 0.5
201 203 0 0 0.5
203 206 3.398529094 0.05296225071 0.5
203 210 0 0 0.5
203 213 3.422718218 0.05454356057 0.5
204 207 3.328062499 0.05454356057 0.5
204 208 2.979093822 0.02291287847 0.5
204 209 2.979093822 0.02291287847 0.5
204 214 3.422718218 0.05454356057 0.5
205 213 3.422718218 0.05454356057 0.5
205 3509 3.398529094 0.05296225071 0.5
206 212 3.398529094 0.05296225071 0.5
206 3508 3.398529094 0.05296225071 0.5
206 3510 2.958039892 0.02224859546 0.5
206 3511 2.958039892 0.02224859546 0.5
207 210 0 0 0.5
207 3507 3.328062499 0.05454356057 0.5
207 3512 0 0 0.5
208 210 0 0 0.5
208 3509 2.958039892 0.02224859546 0.5
209 210 0 0 0.5
209 3509 2.958039892 0.02224859546 0.5
210 212 0 0 0.5
212 215 3.398529094 0.05296225071 0.5
212 220 0 0 0.5
213 216 3.328062499 0.05454356057 0.5
213 218 2.979093822 0.02291287847 0.5
213 219 2.979093822 0.02291287847 0.5
214 217 0 0 0.5
216 220 0 0 0.5
217 218 0 0 0.5
217 219 0 0 0.5
218 220 0 0 0.5
219 220 0 0 0.5
222 225 3.398529094 0.05296225071 0.5
222 229 0 0 0.5
222 232 3.422718218 0.05454356057 0.5
222 243 3.398529094 0.05296225071 0.5
222 247 0 0 0.5
223 226 3.328062499 0.05454356057 0.5
223 227 2.979093822 0.02291287847 0.5
223 228 2.979093822 0.02291287847 0.5
223 233 3.422718218 0.05454356057 0.5
223 240 3.422718218 0.05454356057 0.5
223 242 3.422718218 0.05454356057 0.5
224 232 3.422718218 0.05454356057 0.5
224 241 3.422718218 0.05454356057 0.5
224 8853 3.398529094 0.05296225071 0.5
225 231 3.398529094 0.05296225071 0.5
225 8852 3.398529094 0.05296225071 0.5
225 8854 2.958039892 0.02224859546 0.5
225 8855 2.958039892 0.02224859546 0.5
226 229 0 0 0.5
226 8851 3.328062499 0.05454356057 0.5
226 8856 0 0 0.5
227 229 0 0 0.5
227 8853 2.958039892 0.02224859546 0.5
228 229 0 0 0.5
228 8853 2.958039892 0.02224859546 0.5
229 231 0 0 0.5
231 234 3.398529094 0.05296225071 0.5
231 238 0 0 0.5
231 241 3.422718218 0.05454356057 0.5
232 235 3.328062499 0.05454356057 0.5
232 236 2.979093822 0.02291287847 0.5
232 237 2.979093822 0.02291287847 0.5
232 242 3.422718218 0.05454356057 0.5
233 241 3.422718218 0.05454356057 0.5
233 6440 3.398529094 0.05296225071 0.5
234 240 3.398529094 0.05296225071 0.5
234 6439 3.398529094 0.05296225071 0.5
234 6441 2.958039892 0.02224859546 0.5
234 6442 2.958039892 0.02224859546 0.5
235 238 0 0 0.5
235 6438 3.328062499 0.05454356057 0.5
235 6443 0 0 0.5
236 238 0 0 0.5
236 6440 2.958039892 0.02224859546 0.5
237 238 0 0 0.5
237 6440 2.958039892 0.02224859546 0.5
238 240 0 0 0.5
240 243 3.398529094 0.05296225071 0.5
240 247 0 0 0.5
241 244 3.328062499 0.05454356057 0.5
241 245 2.979093822 0.02291287847 0.5
241 246 2.979093822 0.02291287847 0.5
242 7824 3.398529094 0.05296225071 0.5
243 7823 3.398529094 0.05296225071 0.5
243 7825 2.958039892 0.02224859546 0.5
243 7826 2.958039892 0.02224859546 0.5
244 247 0 0 0.5
244 7822 3.328062499 0.05454356057 0.5
244 7827 0 0 0.5
245 247 0 0 0.5
245 7824 2.958039892 0.02224859546 0.5
246 247 0 0 0.5
246 7824 2.958039892 0.02224859546 0.5
249 252 3.398529094 0.05296225071 0.5
249 257 0 0 0.5
249 260 3.422718218 0.05454356057 0.5
249 271 3.398529094 0.05296225071 0.5
249 275 0 0 0.5
250 253 3.328062499 0.05454356057 0.5
250 255 2.979093822 0.02291287847 0.5
250 256 2.979093822 0.02291287847 0.5
250 261 3.422718218 0.05454356057 0.5
250 268 3.422718218 0.05454356057 0.5
250 270 3.422718218 0.05454356057 0.5
251 254 0 0 0.5
251 260 3.422718218 0.05454356057 0.5
251 269 3.422718218 0.05454356057 0.5
252 259 3.398529094 0.05296225071 0.5
253 257 0 0 0.5
254 255 0 0 0.5
254 256 0 0 0.5
255 257 0 0 0.5
256 257 0 0 0.5
257 259 0 0 0.5
259 262 3.398529094 0.05296225071 0.5
259 266 0 0 0.5
259 269 3.422718218 0.05454356057 0.5
260 263 3.328062499 0.05454356057 0.5
260 264 2.979093822 0.02291287847 0.5
260 265 2.979093822 0.02291287847 0.5
260 270 3.422718218 0.05454356057 0.5
261 269 3.422718218 0.05454356057 0.5
261 3106 3.398529094 0.05296225071 0.5
262 268 3.398529094 0.05296225071 0.5
262 3105 3.398529094 0.05296225071 0.5
262 3107 2.958039892 0.02224859546 0.5
262 3108 2.958039892 0.02224859546 0.5
263 266 0 0 0.5
263 3104 3.328062499 0.05454356057 0.5
263 3109 0 0 0.5
264 266 0 0 0.5
264 3106 2.958039892 0.02224859546 0.5
265 266 0 0 0.5
265 3106 2.958039892 0.02224859546 0.5
266 268 0 0 0.5
268 271 3.398529094 0.05296225071 0.5
268 275 0 0 0.5
269 272 3.328062499 0.05454356057 0.5
269 273 2.979093822 0.02291287847 0.5
269 274 2.979093822 0.02291287847 0.5
270 4072 3.398529094 0.05296225071 0.5
271 4071 3.398529094 0.05296225071 0.5
271 4073 2.958039892 0.02224859546 0.5
271 4074 2.958039892 0.02224859546 0.5
272 275 0 0 0.5
272 4070 3.328062499 0.05454356057 0.5
272 4075 0 0 0.5
273 275 0 0 0.5
273 4072 2.958039892 0.02224859546 0.5
274 275 0 0 0.5
274 4072 2.958039892 0.02224859546 0.5
277 280 3.398529094 0.05296225071 0.5
277 284 0 0 0.5
277 287 3.422718218 0.05454356057 0.5
277 298 3.398529094 0.05296225071 0.5
277 302 0 0 0.5
278 281 3.328062499 0.05454356057 0.5
278 282 2.979093822 0.02291287847 0.5
278 283 2.979093822 0.02291287847 0.5
278 288 3.422718218 0.05454356057 0.5
278 295 3.422718218 0.05454356057 0.5
278 297 3.422718218 0.05454356057 0.5
279 287 3.422718218 0.05454356057 0.5
279 296 3.422718218 0.05454356057 0.5
279 7799 3.398529094 0.05296225071 0.5
280 286 3.398529094 0.05296225071 0.5
280 7798 3.398529094 0.05296225071 0.5
280 7800 2.958039892 0.02224859546 0.5
280 7801 2.958039892 0.02224859546 0.5
281 284 0 0 0.5
281 7797 3.328062499 0.05454356057 0.5
281 7802 0 0 0.5
282 284 0 0 0.5
282 7799 2.958039892 0.02224859546 0.5
283 284 0 0 0.5
283 7799 2.958039892 0.02224859546 0.5
284 286 0 0 0.5
286 289 3.398529094 0.05296225071 0.5
286 293 0 0 0.5
286 296 3.422718218 0.05454356057 0.5
287 290 3.328062499 0.05454356057 0.5
287 291 2.979093822 0.02291287847 0.5
287 292 2.979093822 0.02291287847 0.5
287 297 3.422718218 0.05454356057 0.5
288 296 3.422718218 0.05454356057 0.5
288 2102 3.398529094 0.05296225071 0.5
289 295 3.398529094 0.05296225071 0.5
289 2101 3.398529094 0.05296225071 0.5
289 2103 2.958039892 0.02224859546 0.5
289 2104 2.958039892 0.02224859546 0.5
290 293 0 0 0.5
290 2100 3.328062499 0.05454356057 0.5
290 2105 0 0 0.5
291 293 0 0 0.5
291 2102 2.958039892 0.02224859546 0.5
292 293 0 0 0.5
292 2102 2.958039892 0.02224859546 0.5
293 295 0 0 0.5
295 298 3.398529094 0.05296225071 0.5
295 302 0 0 0.5
296 299 3.328062499 0.05454356057 0.5
296 300 2.979093822 0.02291287847 0.5
296 301 2.979093822 0.02291287847 0.5
297 7271 3.398529094 0.05296225071 0.5
298 7270 3.398529094 0.05296225071 0.5
298 7272 2.958039892 0.02224859546 0.5
298 7273 2.958039892 0.02224859546 0.5
299 302 0 0 0.5
299 7269 3.328062499 0.05454356057 0.5
299 7274 0 0 0.5
300 302 0 0 0.5
300 7271 2.958039892 0.02224859546 0.5
301 302 0 0 0.5
301 7271 2.958039892 0.02224859546 0.5
304 307 3.398529094 0.05296225071 0.5
304 311 0 0 0.5
304 314 3.422718218 0.05454356057 0.5
304 325 3.398529094 0.05296225071 0.5
304 329 0 0 0.5
305 308 3.328062499 0.05454356057 0.5
305 309 2.979093822 0.02291287847 0.5
305 310 2.979093822 0.02291287847 0.5
305 315 3.422718218 0.05454356057 0.5
305 322 3.422718218 0.05454356057 0.5
305 324 3.422718218 0.05454356057 0.5
306 314 3.422718218 0.05454356057 0.5
306 323 3.422718218 0.05454356057 0.5
306 5371 3.398529094 0.05296225071 0.5
307 313 3.398529094 0.05296225071 0.5
307 5370 3.398529094 0.05296225071 0.5
307 5372 2.958039892 0.02224859546 0.5
307 5373 2.958039892 0.02224859546 0.5
308 311 0 0 0.5
308 5369 3.328062499 0.05454356057 0.5
308 5374 0 0 0.5
309 311 0 0 0.5
309 5371 2.958039892 0.02224859546 0.5
310 311 0 0 0.5
310 5371 2.958039892 0.02224859546 0.5
311 313 0 0 0.5
313 316 3.398529094 0.05296225071 0.5
313 320 0 0 0.5
313 323 3.422718218 0.05454356057 0.5
314 317 3.328062499 0.05454356057 0.5
314 318 2.979093822 0.02291287847 0.5
314 319 2.979093822 0.02291287847 0.5
314 324 3.422718218 0.05454356057 0.5
315 323 3.422718218 0.05454356057 0.5
315 8870 3.398529094 0.05296225071 0.5
316 322 3.398529094 0.05296225071 0.5
316 8869 3.398529094 0.05296225071 0.5
316 8871 2.958039892 0.02224859546 0.5
316 8872 2.958039892 0.02224859546 0.5
317 320 0 0 0.5
317 8868 3.328062499 0.05454356057 0.5
317 8873 0 0 0.5
318 320 0 0 0.5
318 8870 2.958039892 0.02224859546 0.5
319 320 0 0 0.5
319 8870 2.958039892 0.02224859546 0.5
320 322 0 0 0.5
322 325 3.398529094 0.05296225071 0.5
322 329 0 0 0.5
323 326 3.328062499 0.05454356057 0.5
323 327 2.979093822 0.02291287847 0.5
323 328 2.979093822 0.02291287847 0.5
324 4491 3.398529094 0.05296225071 0.5
325 4490 3.398529094 0.05296225071 0.5
325 4492 2.958039892 0.02224859546 0.5
325 4493 2.958039892 0.02224859546 0.5
326 329 0 0 0.5
326 4489 3.328062499 0.05454356057 0.5
326 4494 0 0 0.5
327 329 0 0 0.5
327 4491 2.958039892 0.02224859546 0.5
328 329 0 0 0.5
328 4491 2.958039892 0.02224859546 0.5
331 334 3.398529094 0.05296225071 0.5
331 338 0 0 0.5
331 341 3.422718218 0.05454356057 0.5
331 353 3.398529094 0.05296225071 0.5
331 357 0 0 0.5
332 335 3.328062499 0.05454356057 0.5
332 336 2.979093822 0.02291287847 0.5
332 337 2.979093822 0.02291287847 0.5
332 342 3.422718218 0.05454356057 0.5
332 350 3.422718218 0.05454356057 0.5
332 352 3.422718218 0.05454356057 0.5
333 341 3.422718218 0.05454356057 0.5
333 351 3.422718218 0.05454356057 0.5
333 3174 3.398529094 0.05296225071 0.5
334 340 3.398529094 0.05296225071 0.5
334 3173 3.398529094 0.05296225071 0.5
334 3175 2.958039892 0.02224859546 0.5
334 3176 2.958039892 0.02224859546 0.5
335 338 0 0 0.5
335 3172 3.328062499 0.05454356057 0.5
335 3177 0 0 0.5
336 338 0 0 0.5
336 3174 2.958039892 0.02224859546 0.5
337 338 0 0 0.5
337 3174 2.958039892 0.02224859546 0.5
338 340 0 0 0.5
340 343 3.398529094 0.05296225071 0.5
340 348 0 0 0.5
340 351 3.422718218 0.05454356057 0.5
341 344 3.328062499 0.05454356057 0.5
341 346 2.979093822 0.02291287847 0.5
341 347 2.979093822 0.02291287847 0.5
341 352 3.422718218 0.05454356057 0.5
342 345 0 0 0.5
342 351 3.422718218 0.05454356057 0.5
343 350 3.398529094 0.05296225071 0.5
344 348 0 0 0.5
345 346 0 0 0.5
345 347 0 0 0.5
346 348 0 0 0.5
347 348 0 0 0.5
348 350 0 0 0.5
350 353 3.398529094 0.05296225071 0.5
350 357 0 0 0.5
351 354 3.328062499 0.05454356057 0.5
351 355 2.979093822 0.02291287847 0.5
351 356 2.979093822 0.02291287847 0.5
352 799 3.398529094 0.05296225071 0.5
353 798 3.398529094 0.05296225071 0.5
353 800 2.958039892 0.02224859546 0.5
353 801 2.958039892 0.02224859546 0.5
354 357 0 0 0.5
354 797 3.328062499 0.05454356057 0.5
354 802 0 0 0.5
355 357 0 0 0.5
355 799 2.958039892 0.02224859546 0.5
356 357 0 0 0.5
356 799 2.958039892 0.02224859546 0.5
359 362 3.398529094 0.05296225071 0.5
359 366 0 0 0.5
359 369 3.422718218 0.05454356057 0.5
359 381 3.398529094 0.05296225071 0.5
359 385 0 0 0.5
360 363 3.328062499 0.05454356057 0.5
360 364 2.979093822 0.02291287847 0.5
360 365 2.979093822 0.02291287847 0.5
360 370 3.422718218 0.05454356057 0.5
360 378 3.422718218 0.05454356057 0.5
360 380 3.422718218 0.05454356057 0.5
361 369 3.422718218 0.05454356057 0.5
361 379 3.422718218 0.05454356057 0.5
361 8811 3.398529094 0.05296225071 0.5
362 368 3.398529094 0.05296225071 0.5
362 8810 3.398529094 0.05296225071 0.5
362 8812 2.958039892 0.02224859546 0.5
362 8813 2.958039892 0.02224859546 0.5
363 366 0 0 0.5
363 8809 3.328062499 0.05454356057 0.5
363 8814 0 0 0.5
364 366 0 0 0.5
364 8811 2.958039892 0.02224859546 0.5
365 366 0 0 0.5
365 8811 2.958039892 0.02224859546 0.5
366 368 0 0 0.5
368 371 3.398529094 0.05296225071 0.5
368 376 0 0 0.5
368 379 3.422718218 0.05454356057 0.5
369 372 3.328062499 0.05454356057 0.5
369 374 2.979093822 0.02291287847 0.5
369 375 2.979093822 0.02291287847 0.5
369 380 3.422718218 0.05454356057 0.5
370 373 0 0 0.5
370 379 3.422718218 0.05454356057 0.5
371 378 3.398529094 0.05296225071 0.5
372 376 0 0 0.5
373 374 0 0 0.5
373 375 0 0 0.5
374 376 0 0 0.5
375 376 0 0 0.5
376 378 0 0 0.5
378 381 3.398529094 0.05296225071 0.5
378 385 0 0 0.5
379 382 3.328062499 0.05454356057 0.5
379 383 2.979093822 0.02291287847 0.5
379 384 2.979093822 0.02291287847 0.5
380 6065 3.398529094 0.05296225071 0.5
381 6064 3.398529094 0.05296225071 0.5
381 6066 2.958039892 0.02224859546 0.5
381 6067 2.958039892 0.02224859546 0.5
382 385 0 0 0.5
382 6063 3.328062499 0.05454356057 0.5
382 6068 0 0 0.5
383 385 0 0 0.5
383 6065 2.958039892 0.02224859546 0.5
384 385 0 0 0.5
384 6065 2.958039892 0.02224859546 0.5
387 390 3.398529094 0.05296225071 0.5
387 394 0 0 0.5
387 397 3.422718218 0.05454356057 0.5
387 409 3.398529094 0.05296225071 0.5
387 413 0 0 0.5
388 391 3.328062499 0.05454356057 0.5
388 392 2.979093822 0.02291287847 0.5
388 393 2.979093822 0.02291287847 0.5
388 398 3.422718218 0.05454356057 0.5
388 406 3.422718218 0.05454356057 0.5
388 408 3.422718218 0.05454356057 0.5
389 397 3.422718218 0.05454356057 0.5
389 407 3.422718218 0.05454356057 0.5
389 12854 3.398529094 0.05296225071 0.5
390 396 3.398529094 0.05296225071 0.5
390 12853 3.398529094 0.05296225071 0.5
390 12855 2.958039892 0.02224859546 0.5
390 12856 2.958039892 0.02224859546 0.5
391 394 0 0 0.5
391 12852 3.328062499 0.05454356057 0.5
391 12857 0 0 0.5
392 394 0 0 0.5
392 12854 2.958039892 0.02224859546 0.5
393 394 0 0 0.5
393 12854 2.958039892 0.02224859546 0.5
394 396 0 0 0.5
396 399 3.398529094 0.05296225071 0.5
396 404 0 0 0.5
396 407 3.422718218 0.05454356057 0.5
397 400 3.328062499 0.05454356057 0.5
397 402 2.979093822 0.02291287847 0.5
397 403 2.979093822 0.02291287847 0.5
397 408 3.422718218 0.05454356057 0.5
398 401 0 0 0.5
398 407 3.422718218 0.05454356057 0.5
399 406 3.398529094 0.05296225071 0.5
400 404 0 0 0.5
401 402 0 0 0.5
401 403 0 0 0.5
402 404 0 0 0.5
403 404 0 0 0.5
404 406 0 0 0.5
406 409 3.398529094 0.05296225071 0.5
406 413 0 0 0.5
407 410 3.328062499 0.05454356057 0.5
407 411 2.979093822 0.02291287847 0.5
407 412 2.979093822 0.02291287847 0.5
408 10191 3.398529094 0.05296225071 0.5
409 10190 3.398529094 0.05296225071 0.5
409 10192 2.958039892 0.02224859546 0.5
409 10193 2.958039892 0.02224859546 0.5
410 413 0 0 0.5
410 10189 3.328062499 0.05454356057 0.5
410 10194 0 0 0.5
411 413 0 0 0.5
411 10191 2.958039892 0.02224859546 0.5
412 413 0 0 0.5
412 10191 2.958039892 0.02224859546 0.5
415 418 3.398529094 0.05296225071 0.5
415 422 0 0 0.5
415 425 3.422718218 0.05454356057 0.5
415 436 3.398529094 0.05296225071 0.5
415 440 0 0 0.5
416 419 3.328062499 0.05454356057 0.5
416 420 2.979093822 0.02291287847 0.5
416 421 2.979093822 0.02291287847 0.5
416 426 3.422718218 0.05454356057 0.5
416 433 3.422718218 0.05454356057 0.5
416 435 3.422718218 0.05454356057 0.5
417 425 3.422718218 0.05454356057 0.5
417 434 3.422718218 0.05454356057 0.5
417 3157 3.398529094 0.05296225071 0.5
418 424 3.398529094 0.05296225071 0.5
418 3156 3.398529094 0.05296225071 0.5
418 3158 2.958039892 0.02224859546 0.5
418 3159 2.958039892 0.02224859546 0.5
419 422 0 0 0.5
419 3155 3.328062499 0.05454356057 0.5
419 3160 0 0 0.5
420 422 0 0 0.5
420 3157 2.958039892 0.02224859546 0.5
421 422 0 0 0.5
421 3157 2.958039892 0.02224859546 0.5
422 424 0 0 0.5
424 427 3.398529094 0.05296225071 0.5
424 431 0 0 0.5
424 434 3.422718218 0.05454356057 0.5
425 428 3.328062499 0.05454356057 0.5
425 429 2.979093822 0.02291287847 0.5
425 430 2.979093822 0.02291287847 0.5
425 435 3.422718218 0.05454356057 0.5
426 434 3.422718218 0.05454356057 0.5
426 9680 3.398529094 0.05296225071 0.5
427 433 3.398529094 0.05296225071 0.5
427 9679 3.398529094 0.05296225071 0.5
427 9681 2.958039892 0.02224859546 0.5
427 9682 2.958039892 0.02224859546 0.5
428 431 0 0 0.5
428 9678 3.328062499 0.05454356057 0.5
428 9683 0 0 0.5
429 431 0 0 0.5
429 9680 2.958039892 0.02224859546 0.5
430 431 0 0 0.5
430 9680 2.958039892 0.02224859546 0.5
431 433 0 0 0.5
433 436 3.398529094 0.05296225071 0.5
433 440 0 0 0.5
434 437 3.328062499 0.05454356057 0.5
434 438 2.979093822 0.02291287847 0.5
434 439 2.979093822 0.02291287847 0.5
435 11694 3.398529094 0.05296225071 0.5
436 11693 3.398529094 0.05296225071 0.5
436 11695 2.958039892 0.02224859546 0.5
436 11696 2.958039892 0.02224859546 0.5
437 440 0 0 0.5
437 11692 3.328062499 0.05454356057 0.5
437 11697 0 0 0.5
438 440 0 0 0.5
438 11694 2.958039892 0.02224859546 0.5
439 440 0 0 0.5
439 11694 2.958039892 0.02224859546 0.5
442 445 3.398529094 0.05296225071 0.5
442 449 0 0 0.5
442 452 3.422718218 0.05454356057 0.5
442 463 3.398529094 0.05296225071 0.5
442 467 0 0 0.5
443 446 3.328062499 0.05454356057 0.5
443 447 2.979093822 0.02291287847 0.5
443 448 2.979093822 0.02291287847 0.5
443 453 3.422718218 0.05454356057 0.5
443 460 3.422718218 0.05454356057 0.5
443 462 3.422718218 0.05454356057 0.5
444 452 3.422718218 0.05454356057 0.5
444 461 3.422718218 0.05454356057 0.5
444 5026 3.398529094 0.05296225071 0.5
445 451 3.398529094 0.05296225071 0.5
445 5025 3.398529094 0.05296225071 0.5
445 5027 2.958039892 0.02224859546 0.5
445 5028 2.958039892 0.02224859546 0.5
446 449 0 0 0.5
446 5024 3.328062499 0.05454356057 0.5
446 5029 0 0 0.5
447 449 0 0 0.5
447 5026 2.958039892 0.02224859546 0.5
448 449 0 0 0.5
448 5026 2.958039892 0.02224859546 0.5
449 451 0 0 0.5
451 454 3.398529094 0.05296225071 0.5
451 458 0 0 0.5
451 461 3.422718218 0.05454356057 0.5
452 455 3.328062499 0.05454356057 0.5
452 456 2.979093822 0.02291287847 0.5
452 457 2.979093822 0.02291287847 0.5
452 462 3.422718218 0.05454356057 0.5
453 461 3.422718218 0.05454356057 0.5
453 7772 3.398529094 0.05296225071 0.5
454 460 3.398529094 0.05296225071 0.5
454 7771 3.398529094 0.05296225071 0.5
454 7773 2.958039892 0.02224859546 0.5
454 7774 2.958039892 0.02224859546 0.5
455 458 0 0 0.5
455 7770 3.328062499 0.05454356057 0.5
455 7775 0 0 0.5
456 458 0 0 0.5
456 7772 2.958039892 0.02224859546 0.5
457 458 0 0 0.5
457 7772 2.958039892 0.02224859546 0.5
458 460 0 0 0.5
460 463 3.398529094 0.05296225071 0.5
460 467 0 0 0.5
461 464 3.328062499 0.05454356057 0.5
461 465 2.979093822 0.02291287847 0.5
461 466 2.979093822 0.02291287847 0.5
462 526 3.398529094 0.05296225071 0.5
463 525 3.398529094 0.05296225071 0.5
463 527 2.958039892 0.02224859546 0.5
463 528 2.958039892 0.02224859546 0.5
464 467 0 0 0.5
464 524 3.328062499 0.05454356057 0.5
464 529 0 0 0.5
465 467 0 0 0.5
465 526 2.958039892 0.02224859546 0.5
466 467 0 0 0.5
466 526 2.958039892 0.02224859546 0.5
469 472 3.398529094 0.05296225071 0.5
469 476 0 0 0.5
469 479 3.422718218 0.05454356057 0.5
469 490 3.398529094 0.05296225071 0.5
469 494 0 0 0.5
470 473 3.328062499 0.05454356057 0.5
470 474 2.979093822 0.02291287847 0.5
470 475 2.979093822 0.02291287847 0.5
470 480 3.422718218 0.05454356057 0.5
470 487 3.422718218 0.05454356057 0.5
470 489 3.422718218 0.05454356057 0.5
471 479 3.422718218 0.05454356057 0.5
471 488 3.422718218 0.05454356057 0.5
471 4799 3.398529094 0.05296225071 0.5
472 478 3.398529094 0.05296225071 0.5
472 4798 3.398529094 0.05296225071 0.5
472 4800 2.958039892 0.02224859546 0.5
472 4801 2.958039892 0.02224859546 0.5
473 476 0 0 0.5
473 4797 3.328062499 0.05454356057 0.5
473 4802 0 0 0.5
474 476 0 0 0.5
474 4799 2.958039892 0.02224859546 0.5
475 476 0 0 0.5
475 4799 2.958039892 0.02224859546 0.5
476 478 0 0 0.5
478 481 3.398529094 0.05296225071 0.5
478 485 0 0 0.5
478 488 3.422718218 0.05454356057 0.5
479 482 3.328062499 0.05454356057 0.5
479 483 2.979093822 0.02291287847 0.5
479 484 2.979093822 0.02291287847 0.5
479 489 3.422718218 0.05454356057 0.5
480 488 3.422718218 0.05454356057 0.5
480 7065 3.398529094 0.05296225071 0.5
481 487 3.398529094 0.05296225071 0.5
481 7064 3.398529094 0.05296225071 0.5
481 7066 2.958039892 0.02224859546 0.5
481 7067 2.958039892 0.02224859546 0.5
482 485 0 0 0.5
482 7063 3.328062499 0.05454356057 0.5
482 7068 0 0 0.5
483 485 0 0 0.5
483 7065 2.958039892 0.02224859546 0.5
484 485 0 0 0.5
484 7065 2.958039892 0.02224859546 0.5
485 487 0 0 0.5
487 490 3.398529094 0.05296225071 0.5
487 494 0 0 0.5
488 491 3.328062499 0.05454356057 0.5
488 492 2.979093822 0.02291287847 0.5
488 493 2.979093822 0.02291287847 0.5
489 11507 3.398529094 0.05296225071 0.5
490 11506 3.398529094 0.05296225071 0.5
490 11508 2.958039892 0.02224859546 0.5
490 11509 2.958039892 0.02224859546 0.5
491 494 0 0 0.5
491 11505 3.328062499 0.05454356057 0.5
491 11510 0 0 0.5
492 494 0 0 0.5
492 11507 2.958039892 0.02224859546 0.5
493 494 0 0 0.5
493 11507 2.958039892 0.02224859546 0.5
496 499 3.398529094 0.05296225071 0.5
496 503 0 0 0.5
496 506 3.422718218 0.05454356057 0.5
496 517 3.398529094 0.05296225071 0.5
496 521 0 0 0.5
497 500 3.328062499 0.05454356057 0.5
497 501 2.979093822 0.02291287847 0.5
497 502 2.979093822 0.02291287847 0.5
497 507 3.422718218 0.05454356057 0.5
497 514 3.422718218 0.05454356057 0.5
497 516 3.422718218 0.05454356057 0.5
498 506 3.422718218 0.05454356057 0.5
498 515 3.422718218 0.05454356057 0.5
498 8699 3.398529094 0.05296225071 0.5
499 505 3.398529094 0.05296225071 0.5
499 8698 3.398529094 0.05296225071 0.5
499 8700 2.958039892 0.02224859546 0.5
499 8701 2.958039892 0.02224859546 0.5
500 503 0 0 0.5
500 8697 3.328062499 0.05454356057 0.5
500 8702 0 0 0.5
501 503 0 0 0.5
501 8699 2.958039892 0.02224859546 0.5
502 503 0 0 0.5
502 8699 2.958039892 0.02224859546 0.5
503 505 0 0 0.5
505 508 3.398529094 0.05296225071 0.5
505 512 0 0 0.5
505 515 3.422718218 0.05454356057 0.5
506 509 3.328062499 0.05454356057 0.5
506 510 2.979093822 0.02291287847 0.5
506 511 2.979093822 0.02291287847 0.5
506 516 3.422718218 0.05454356057 0.5
507 515 3.422718218 0.05454356057 0.5
507 8161 3.398529094 0.05296225071 0.5
508 514 3.398529094 0.05296225071 0.5
508 8160 3.398529094 0.05296225071 0.5
508 8162 2.958039892 0.02224859546 0.5
508 8163 2.958039892 0.02224859546 0.5
509 512 0 0 0.5
509 8159 3.328062499 0.05454356057 0.5
509 8164 0 0 0.5
510 512 0 0 0.5
510 8161 2.958039892 0.02224859546 0.5
511 512 0 0 0.5
511 8161 2.958039892 0.02224859546 0.5
512 514 0 0 0.5
514 517 3.398529094 0.05296225071 0.5
514 521 0 0 0.5
515 518 3.328062499 0.05454356057 0.5
515 519 2.979093822 0.02291287847 0.5
515 520 2.979093822 0.02291287847 0.5
516 7609 3.398529094 0.05296225071 0.5
517 7608 3.398529094 0.05296225071 0.5
517 7610 2.958039892 0.02224859546 0.5
517 7611 2.958039892 0.02224859546 0.5
518 521 0 0 0.5
518 7607 3.328062499 0.05454356057 0.5
518 7612 0 0 0.5
519 521 0 0 0.5
519 7609 2.958039892 0.02224859546 0.5
520 521 0 0 0.5
520 7609 2.958039892 0.02224859546 0.5
523 526 3.398529094 0.05296225071 0.5
523 529 0 0 0.5
523 532 3.422718218 0.05454356057 0.5
523 543 3.398529094 0.05296225071 0.5
523 547 0 0 0.5
524 527 2.979093822 0.02291287847 0.5
524 528 2.979093822 0.02291287847 0.5
524 533 3.422718218 0.05454356057 0.5
524 540 3.422718218 0.05454356057 0.5
524 542 3.422718218 0.05454356057 0.5
525 532 3.422718218 0.05454356057 0.5
525 541 3.422718218 0.05454356057 0.5
526 531 3.398529094 0.05296225071 0.5
527 529 0 0 0.5
528 529 0 0 0.5
529 531 0 0 0.5
531 534 3.398529094 0.05296225071 0.5
531 538 0 0 0.5
531 541 3.422718218 0.05454356057 0.5
532 535 3.328062499 0.05454356057 0.5
532 536 2.979093822 0.02291287847 0.5
532 537 2.979093822 0.02291287847 0.5
532 542 3.422718218 0.05454356057 0.5
533 541 3.422718218 0.05454356057 0.5
533 9630 3.398529094 0.05296225071 0.5
534 540 3.398529094 0.05296225071 0.5
534 9629 3.398529094 0.05296225071 0.5
534 9631 2.958039892 0.02224859546 0.5
534 9632 2.958039892 0.02224859546 0.5
535 538 0 0 0.5
535 9628 3.328062499 0.05454356057 0.5
535 9633 0 0 0.5
536 538 0 0 0.5
536 9630 2.958039892 0.02224859546 0.5
537 538 0 0 0.5
537 9630 2.958039892 0.02224859546 0.5
538 540 0 0 0.5
540 543 3.398529094 0.05296225071 0.5
540 547 0 0 0.5
541 544 3.328062499 0.05454356057 0.5
541 545 2.979093822 0.02291287847 0.5
541 546 2.979093822 0.02291287847 0.5
542 7721 3.398529094 0.05296225071 0.5
543 7720 3.398529094 0.05296225071 0.5
543 7722 2.958039892 0.02224859546 0.5
543 7723 2.958039892 0.02224859546 0.5
544 547 0 0 0.5
544 7719 3.328062499 0.05454356057 0.5
544 7724 0 0 0.5
545 547 0 0 0.5
545 7721 2.958039892 0.02224859546 0.5
546 547 0 0 0.5
546 7721 2.958039892 0.02224859546 0.5
549 552 3.398529094 0.05296225071 0.5
549 556 0 0 0.5
549 559 3.422718218 0.05454356057 0.5
549 571 3.398529094 0.05296225071 0.5
549 575 0 0 0.5
550 553 3.328062499 0.05454356057 0.5
550 554 2.979093822 0.02291287847 0.5
550 555 2.979093822 0.02291287847 0.5
550 560 3.422718218 0.05454356057 0.5
550 568 3.422718218 0.05454356057 0.5
550 570 3.422718218 0.05454356057 0.5
551 559 3.422718218 0.05454356057 0.5
551 569 3.422718218 0.05454356057 0.5
551 3976 3.398529094 0.05296225071 0.5
552 558 3.398529094 0.05296225071 0.5
552 3975 3.398529094 0.05296225071 0.5
552 3977 2.958039892 0.02224859546 0.5
552 3978 2.958039892 0.02224859546 0.5
553 556 0 0 0.5
553 3974 3.328062499 0.05454356057 0.5
553 3979 0 0 0.5
554 556 0 0 0.5
554 3976 2.958039892 0.02224859546 0.5
555 556 0 0 0.5
555 3976 2.958039892 0.02224859546 0.5
556 558 0 0 0.5
558 561 3.398529094 0.05296225071 0.5
558 566 0 0 0.5
558 569 3.422718218 0.05454356057 0.5
559 562 3.328062499 0.05454356057 0.5
559 564 2.979093822 0.02291287847 0.5
559 565 2.979093822 0.02291287847 0.5
559 570 3.422718218 0.05454356057 0.5
560 563 0 0 0.5
560 569 3.422718218 0.05454356057 0.5
561 568 3.398529094 0.05296225071 0.5
562 566 0 0 0.5
563 564 0 0 0.5
563 565 0 0 0.5
564 566 0 0 0.5
565 566 0 0 0.5
566 568 0 0 0.5
568 571 3.398529094 0.05296225071 0.5
568 575 0 0 0.5
569 572 3.328062499 0.05454356057 0.5
569 573 2.979093822 0.02291287847 0.5
569 574 2.979093822 0.02291287847 0.5
570 11092 3.398529094 0.05296225071 0.5
571 11091 3.398529094 0.05296225071 0.5
571 11093 2.958039892 0.02224859546 0.5
571 11094 2.958039892 0.02224859546 0.5
572 575 0 0 0.5
572 11090 3.328062499 0.05454356057 0.5
572 11095 0 0 0.5
573 575 0 0 0.5
573 11092 2.958039892 0.02224859546 0.5
574 575 0 0 0.5
574 11092 2.958039892 0.02224859546 0.5
577 580 3.398529094 0.05296225071 0.5
577 584 0 0 0.5
577 587 3.422718218 0.05454356057 0.5
577 598 3.398529094 0.05296225071 0.5
577 602 0 0 0.5
578 581 3.328062499 0.05454356057 0.5
578 582 2.979093822 0.02291287847 0.5
578 583 2.979093822 0.02291287847 0.5
578 588 3.422718218 0.05454356057 0.5
578 595 3.422718218 0.05454356057 0.5
578 597 3.422718218 0.05454356057 0.5
579 587 3.422718218 0.05454356057 0.5
579 596 3.422718218 0.05454356057 0.5
579 4525 3.398529094 0.05296225071 0.5
580 586 3.398529094 0.05296225071 0.5
580 4524 3.398529094 0.05296225071 0.5
580 4526 2.958039892 0.02224859546 0.5
580 4527 2.958039892 0.02224859546 0.5
581 584 0 0 0.5
581 4523 3.328062499 0.05454356057 0.5
581 4528 0 0 0.5
582 584 0 0 0.5
582 4525 2.958039892 0.02224859546 0.5
583 584 0 0 0.5
583 4525 2.958039892 0.02224859546 0.5
584 586 0 0 0.5
586 589 3.398529094 0.05296225071 0.5
586 593 0 0 0.5
586 596 3.422718218 0.05454356057 0.5
587 590 3.328062499 0.05454356057 0.5
587 591 2.979093822 0.02291287847 0.5
587 592 2.979093822 0.02291287847 0.5
587 597 3.422718218 0.05454356057 0.5
588 596 3.422718218 0.05454356057 0.5
588 10970 3.398529094 0.05296225071 0.5
589 595 3.398529094 0.05296225071 0.5
589 10969 3.398529094 0.05296225071 0.5
589 10971 2.958039892 0.02224859546 0.5
589 10972 2.958039892 0.02224859546 0.5
590 593 0 0 0.5
590 10968 3.328062499 0.05454356057 0.5
590 10973 0 0 0.5
591 593 0 0 0.5
591 10970 2.958039892 0.02224859546 0.5
592 593 0 0 0.5
592 10970 2.958039892 0.02224859546 0.5
593 595 0 0 0.5
595 598 3.398529094 0.05296225071 0.5
595 602 0 0 0.5
596 599 3.328062499 0.05454356057 0.5
596 600 2.979093822 0.02291287847 0.5
596 601 2.979093822 0.02291287847 0.5
597 6520 3.398529094 0.05296225071 0.5
598 6519 3.398529094 0.05296225071 0.5
598 6521 2.958039892 0.02224859546 0.5
598 6522 2.958039892 0.02224859546 0.5
599 602 0 0 0.5
599 6518 3.328062499 0.05454356057 0.5
599 6523 0 0 0.5
600 602 0 0 0.5
600 6520 2.958039892 0.02224859546 0.5
601 602 0 0 0.5
601 6520 2.958039892 0.02224859546 0.5
604 607 3.398529094 0.05296225071 0.5
604 611 0 0 0.5
604 614 3.422718218 0.05454356057 0.5
604 626 3.398529094 0.05296225071 0.5
604 630 0 0 0.5
605 608 3.328062499 0.05454356057 0.5
605 609 2.979093822 0.02291287847 0.5
605 610 2.979093822 0.02291287847 0.5
605 615 3.422718218 0.05454356057 0.5
605 623 3.422718218 0.05454356057 0.5
605 625 3.422718218 0.05454356057 0.5
606 614 3.422718218 0.05454356057 0.5
606 624 3.422718218 0.05454356057 0.5
606 1109 3.398529094 0.05296225071 0.5
607 613 3.398529094 0.05296225071 0.5
607 1108 3.398529094 0.05296225071 0.5
607 1110 2.958039892 0.02224859546 0.5
607 1111 2.958039892 0.02224859546 0.5
608 611 0 0 0.5
608 1107 3.328062499 0.05454356057 0.5
608 1112 0 0 0.5
609 611 0 0 0.5
609 1109 2.958039892 0.02224859546 0.5
610 611 0 0 0.5
610 1109 2.958039892 0.02224859546 0.5
611 613 0 0 0.5
613 616 3.398529094 0.05296225071 0.5
613 621 0 0 0.5
613 624 3.422718218 0.05454356057 0.5
614 617 3.328062499 0.05454356057 0.5
614 619 2.979093822 0.02291287847 0.5
614 620 2.979093822 0.02291287847 0.5
614 625 3.422718218 0.05454356057 0.5
615 618 0 0 0.5
615 624 3.422718218 0.05454356057 0.5
616 623 3.398529094 0.05296225071 0.5
617 621 0 0 0.5
618 619 0 0 0.5
618 620 0 0 0.5
619 621 0 0 0.5
620 621 0 0 0.5
621 623 0 0 0.5
623 626 3.398529094 0.05296225071 0.5
623 630 0 0 0.5
624 627 3.328062499 0.05454356057 0.5
624 628 2.979093822 0.02291287847 0.5
624 629 2.979093822 0.02291287847 0.5
625 1260 3.398529094 0.05296225071 0.5
626 1259 3.398529094 0.05296225071 0.5
626 1261 2.958039892 0.02224859546 0.5
626 1262 2.958039892 0.02224859546 0.5
627 630 0 0 0.5
627 1258 3.328062499 0.05454356057 0.5
627 1263 0 0 0.5
628 630 0 0 0.5
628 1260 2.958039892 0.02224859546 0.5
629 630 0 0 0.5
629 1260 2.958039892 0.02224859546 0.5
632 635 3.398529094 0.05296225071 0.5
632 639 0 0 0.5
632 642 3.422718218 0.05454356057 0.5
632 653 3.398529094 0.05296225071 0.5
632 657 0 0 0.5
633 636 3.328062499 0.05454356057 0.5
633 637 2.979093822 0.02291287847 0.5
633 638 2.979093822 0.02291287847 0.5
633 643 3.422718218 0.05454356057 0.5
633 650 3.422718218 0.05454356057 0.5
633 652 3.422718218 0.05454356057 0.5
634 642 3.422718218 0.05454356057 0.5
634 651 3.422718218 0.05454356057 0.5
634 11425 3.398529094 0.05296225071 0.5
635 641 3.398529094 0.05296225071 0.5
635 11424 3.398529094 0.05296225071 0.5
635 11426 2.958039892 0.02224859546 0.5
635 11427 2.958039892 0.02224859546 0.5
636 639 0 0 0.5
636 11423 3.328062499 0.05454356057 0.5
636 11428 0 0 0.5
637 639 0 0 0.5
637 11425 2.958039892 0.02224859546 0.5
638 639 0 0 0.5
638 11425 2.958039892 0.02224859546 0.5
639 641 0 0 0.5
641 644 3.398529094 0.05296225071 0.5
641 648 0 0 0.5
641 651 3.422718218 0.05454356057 0.5
642 645 3.328062499 0.05454356057 0.5
642 646 2.979093822 0.02291287847 0.5
642 647 2.979093822 0.02291287847 0.5
642 652 3.422718218 0.05454356057 0.5
643 651 3.422718218 0.05454356057 0.5
643 5605 3.398529094 0.05296225071 0.5
644 650 3.398529094 0.05296225071 0.5
644 5604 3.398529094 0.05296225071 0.5
644 5606 2.958039892 0.02224859546 0.5
644 5607 2.958039892 0.02224859546 0.5
645 648 0 0 0.5
645 5603 3.328062499 0.05454356057 0.5
645 5608 0 0 0.5
646 648 0 0 0.5
646 5605 2.958039892 0.02224859546 0.5
647 648 0 0 0.5
647 5605 2.958039892 0.02224859546 0.5
648 650 0 0 0.5
650 653 3.398529094 0.05296225071 0.5
650 657 0 0 0.5
651 654 3.328062499 0.05454356057 0.5
651 655 2.979093822 0.02291287847 0.5
651 656 2.979093822 0.02291287847 0.5
652 2784 3.398529094 0.05296225071 0.5
653 2783 3.398529094 0.05296225071 0.5
653 2785 2.958039892 0.02224859546 0.5
653 2786 2.958039892 0.02224859546 0.5
654 657 0 0 0.5
654 2782 3.328062499 0.05454356057 0.5
654 2787 0 0 0.5
655 657 0 0 0.5
655 2784 2.958039892 0.02224859546 0.5
656 657 0 0 0.5
656 2784 2.958039892 0.02224859546 0.5
659 662 3.398529094 0.05296225071 0.5
659 666 0 0 0.5
659 669 3.422718218 0.05454356057 0.5
659 680 3.398529094 0.05296225071 0.5
659 684 0 0 0.5
660 663 3.328062499 0.05454356057 0.5
660 664 2.979093822 0.02291287847 0.5
660 665 2.979093822 0.02291287847 0.5
660 670 3.422718218 0.05454356057 0.5
660 677 3.422718218 0.05454356057 0.5
660 679 3.422718218 0.05454356057 0.5
661 669 3.422718218 0.05454356057 0.5
661 678 3.422718218 0.05454356057 0.5
661 4912 3.398529094 0.05296225071 0.5
662 668 3.398529094 0.05296225071 0.5
662 4911 3.398529094 0.05296225071 0.5
662 4913 2.958039892 0.02224859546 0.5
662 4914 2.958039892 0.02224859546 0.5
663 666 0 0 0.5
663 4910 3.328062499 0.05454356057 0.5
663 4915 0 0 0.5
664 666 0 0 0.5
664 4912 2.958039892 0.02224859546 0.5
665 666 0 0 0.5
665 4912 2.958039892 0.02224859546 0.5
666 668 0 0 0.5
668 671 3.398529094 0.05296225071 0.5
668 675 0 0 0.5
668 678 3.422718218 0.05454356057 0.5
669 672 3.328062499 0.05454356057 0.5
669 673 2.979093822 0.02291287847 0.5
669 674 2.979093822 0.02291287847 0.5
669 679 3.422718218 0.05454356057 0.5
670 678 3.422718218 0.05454356057 0.5
670 1207 3.398529094 0.05296225071 0.5
671 677 3.398529094 0.05296225071 0.5
671 1206 3.398529094 0.05296225071 0.5
671 1208 2.958039892 0.02224859546 0.5
671 1209 2.958039892 0.02224859546 0.5
672 675 0 0 0.5
672 1205 3.328062499 0.05454356057 0.5
672 1210 0 0 0.5
673 675 0 0 0.5
673 1207 2.958039892 0.02224859546 0.5
674 675 0 0 0.5
674 1207 2.958039892 0.02224859546 0.5
675 677 0 0 0.5
677 680 3.398529094 0.05296225071 0.5
677 684 0 0 0.5
678 681 3.328062499 0.05454356057 0.5
678 682 2.979093822 0.02291287847 0.5
678 683 2.979093822 0.02291287847 0.5
679 8888 3.398529094 0.05296225071 0.5
680 8887 3.398529094 0.05296225071 0.5
680 8889 2.958039892 0.02224859546 0.5
680 8890 2.958039892 0.02224859546 0.5
681 684 0 0 0.5
681 8886 3.328062499 0.05454356057 0.5
681 8891 0 0 0.5
682 684 0 0 0.5
682 8888 2.958039892 0.02224859546 0.5
683 684 0 0 0.5
683 8888 2.958039892 0.02224859546 0.5
686 689 3.398529094 0.05296225071 0.5
686 694 0 0 0.5
686 697 3.422718218 0.05454356057 0.5
686 708 3.398529094 0.05296225071 0.5
686 712 0 0 0.5
687 690 3.328062499 0.05454356057 0.5
687 692 2.979093822 0.02291287847 0.5
687 693 2.979093822 0.02291287847 0.5
687 698 3.422718218 0.05454356057 0.5
687 705 3.422718218 0.05454356057 0.5
687 707 3.422718218 0.05454356057 0.5
688 691 0 0 0.5
688 697 3.422718218 0.05454356057 0.5
688 706 3.422718218 0.05454356057 0.5
689 696 3.398529094 0.05296225071 0.5
690 694 0 0 0.5
691 692 0 0 0.5
691 693 0 0 0.5
692 694 0 0 0.5
693 694 0 0 0.5
694 696 0 0 0.5
696 699 3.398529094 0.05296225071 0.5
696 703 0 0 0.5
696 706 3.422718218 0.05454356057 0.5
697 700 3.328062499 0.05454356057 0.5
697 701 2.979093822 0.02291287847 0.5
697 702 2.979093822 0.02291287847 0.5
697 707 3.422718218 0.05454356057 0.5
698 706 3.422718218 0.05454356057 0.5
698 5892 3.398529094 0.05296225071 0.5
699 705 3.398529094 0.05296225071 0.5
699 5891 3.398529094 0.05296225071 0.5
699 5893 2.958039892 0.02224859546 0.5
699 5894 2.958039892 0.02224859546 0.5
700 703 0 0 0.5
700 5890 3.328062499 0.05454356057 0.5
700 5895 0 0 0.5
701 703 0 0 0.5
701 5892 2.958039892 0.02224859546 0.5
702 703 0 0 0.5
702 5892 2.958039892 0.02224859546 0.5
703 705 0 0 0.5
705 708 3.398529094 0.05296225071 0.5
705 712 0 0 0.5
706 709 3.328062499 0.05454356057 0.5
706 710 2.979093822 0.02291287847 0.5
706 711 2.979093822 0.02291287847 0.5
707 879 3.398529094 0.05296225071 0.5
708 878 3.398529094 0.05296225071 0.5
708 880 2.958039892 0.02224859546 0.5
708 881 2.958039892 0.02224859546 0.5
709 712 0 0 0.5
709 877 3.328062499 0.05454356057 0.5
709 882 0 0 0.5
710 712 0 0 0.5
710 879 2.958039892 0.02224859546 0.5
711 712 0 0 0.5
711 879 2.958039892 0.02224859546 0.5
714 717 3.398529094 0.05296225071 0.5
714 721 0 0 0.5
714 724 3.422718218 0.05454356057 0.5
714 734 3.398529094 0.05296225071 0.5
714 738 0 0 0.5
715 718 3.328062499 0.05454356057 0.5
715 719 2.979093822 0.02291287847 0.5
715 720 2.979093822 0.02291287847 0.5
715 725 3.422718218 0.05454356057 0.5
715 731 3.422718218 0.05454356057 0.5
715 733 3.422718218 0.05454356057 0.5
716 724 3.422718218 0.05454356057 0.5
716 732 3.422718218 0.05454356057 0.5
716 9065 3.398529094 0.05296225071 0.5
717 723 3.398529094 0.05296225071 0.5
717 9064 3.398529094 0.05296225071 0.5
717 9066 2.958039892 0.02224859546 0.5
717 9067 2.958039892 0.02224859546 0.5
718 721 0 0 0.5
718 9063 3.328062499 0.05454356057 0.5
718 9068 0 0 0.5
719 721 0 0 0.5
719 9065 2.958039892 0.02224859546 0.5
720 721 0 0 0.5
720 9065 2.958039892 0.02224859546 0.5
721 723 0 0 0.5
723 726 3.398529094 0.05296225071 0.5
723 729 0 0 0.5
723 732 3.422718218 0.05454356057 0.5
724 727 2.979093822 0.02291287847 0.5
724 728 2.979093822 0.02291287847 0.5
724 733 3.422718218 0.05454356057 0.5
725 732 3.422718218 0.05454356057 0.5
726 731 3.398529094 0.05296225071 0.5
727 729 0 0 0.5
728 729 0 0 0.5
729 731 0 0 0.5
731 734 3.398529094 0.05296225071 0.5
731 738 0 0 0.5
732 735 3.328062499 0.05454356057 0.5
732 736 2.979093822 0.02291287847 0.5
732 737 2.979093822 0.02291287847 0.5
733 6815 3.398529094 0.05296225071 0.5
734 6814 3.398529094 0.05296225071 0.5
734 6816 2.958039892 0.02224859546 0.5
734 6817 2.958039892 0.02224859546 0.5
735 738 0 0 0.5
735 6813 3.328062499 0.05454356057 0.5
735 6818 0 0 0.5
736 738 0 0 0.5
736 6815 2.958039892 0.02224859546 0.5
737 738 0 0 0.5
737 6815 2.958039892 0.02224859546 0.5
740 743 3.398529094 0.05296225071 0.5
740 747 0 0 0.5
740 750 3.422718218 0.05454356057 0.5
740 762 3.398529094 0.05296225071 0.5
740 767 0 0 0.5
741 744 3.328062499 0.05454356057 0.5
741 745 2.979093822 0.02291287847 0.5
741 746 2.979093822 0.02291287847 0.5
741 751 3.422718218 0.05454356057 0.5
741 759 3.422718218 0.05454356057 0.5
741 761 3.422718218 0.05454356057 0.5
742 750 3.422718218 0.05454356057 0.5
742 760 3.422718218 0.05454356057 0.5
742 3044 3.398529094 0.05296225071 0.5
743 749 3.398529094 0.05296225071 0.5
743 3043 3.398529094 0.05296225071 0.5
743 3045 2.958039892 0.02224859546 0.5
743 3046 2.958039892 0.02224859546 0.5
744 747 0 0 0.5
744 3042 3.328062499 0.05454356057 0.5
744 3047 0 0 0.5
745 747 0 0 0.5
745 3044 2.958039892 0.02224859546 0.5
746 747 0 0 0.5
746 3044 2.958039892 0.02224859546 0.5
747 749 0 0 0.5
749 752 3.398529094 0.05296225071 0.5
749 757 0 0 0.5
749 760 3.422718218 0.05454356057 0.5
750 753 3.328062499 0.05454356057 0.5
750 755 2.979093822 0.02291287847 0.5
750 756 2.979093822 0.02291287847 0.5
750 761 3.422718218 0.05454356057 0.5
751 754 0 0 0.5
751 760 3.422718218 0.05454356057 0.5
752 759 3.398529094 0.05296225071 0.5
753 757 0 0 0.5
754 755 0 0 0.5
754 756 0 0 0.5
755 757 0 0 0.5
756 757 0 0 0.5
757 759 0 0 0.5
759 762 3.398529094 0.05296225071 0.5
759 767 0 0 0.5
760 763 3.328062499 0.05454356057 0.5
760 765 2.979093822 0.02291287847 0.5
760 766 2.979093822 0.02291287847 0.5
761 764 0 0 0.5
763 767 0 0 0.5
764 765 0 0 0.5
764 766 0 0 0.5
765 767 0 0 0.5
766 767 0 0 0.5
769 772 3.398529094 0.05296225071 0.5
769 776 0 0 0.5
769 779 3.422718218 0.05454356057 0.5
769 790 3.398529094 0.05296225071 0.5
769 794 0 0 0.5
770 773 3.328062499 0.05454356057 0.5
770 774 2.979093822 0.02291287847 0.5
770 775 2.979093822 0.02291287847 0.5
770 780 3.422718218 0.05454356057 0.5
770 787 3.422718218 0.05454356057 0.5
770 789 3.422718218 0.05454356057 0.5
771 779 3.422718218 0.05454356057 0.5
771 788 3.422718218 0.05454356057 0.5
771 10800 3.398529094 0.05296225071 0.5
772 778 3.398529094 0.05296225071 0.5
772 10799 3.398529094 0.05296225071 0.5
772 10801 2.958039892 0.02224859546 0.5
772 10802 2.958039892 0.02224859546 0.5
773 776 0 0 0.5
773 10798 3.328062499 0.05454356057 0.5
773 10803 0 0 0.5
774 776 0 0 0.5
774 10800 2.958039892 0.02224859546 0.5
775 776 0 0 0.5
775 10800 2.958039892 0.02224859546 0.5
776 778 0 0 0.5
778 781 3.398529094 0.05296225071 0.5
778 785 0 0 0.5
778 788 3.422718218 0.05454356057 0.5
779 782 3.328062499 0.05454356057 0.5
779 783 2.979093822 0.02291287847 0.5
779 784 2.979093822 0.02291287847 0.5
779 789 3.422718218 0.05454356057 0.5
780 788 3.422718218 0.05454356057 0.5
780 3579 3.398529094 0.05296225071 0.5
781 787 3.398529094 0.05296225071 0.5
781 3578 3.398529094 0.05296225071 0.5
781 3580 2.958039892 0.02224859546 0.5
781 3581 2.958039892 0.02224859546 0.5
782 785 0 0 0.5
782 3577 3.328062499 0.05454356057 0.5
782 3582 0 0 0.5
783 785 0 0 0.5
783 3579 2.958039892 0.02224859546 0.5
784 785 0 0 0.5
784 3579 2.958039892 0.02224859546 0.5
785 787 0 0 0.5
787 790 3.398529094 0.05296225071 0.5
787 794 0 0 0.5
788 791 3.328062499 0.05454356057 0.5
788 792 2.979093822 0.02291287847 0.5
788 793 2.979093822 0.02291287847 0.5
789 6528 3.398529094 0.05296225071 0.5
790 6527 3.398529094 0.05296225071 0.5
790 6529 2.958039892 0.02224859546 0.5
790 6530 2.958039892 0.02224859546 0.5
791 794 0 0 0.5
791 6526 3.328062499 0.05454356057 0.5
791 6531 0 0 0.5
792 794 0 0 0.5
792 6528 2.958039892 0.02224859546 0.5
793 794 0 0 0.5
793 6528 2.958039892 0.02224859546 0.5
796 799 3.398529094 0.05296225071 0.5
796 802 0 0 0.5
796 805 3.422718218 0.05454356057 0.5
796 816 3.398529094 0.05296225071 0.5
796 820 0 0 0.5
797 800 2.979093822 0.02291287847 0.5
797 801 2.979093822 0.02291287847 0.5
797 806 3.422718218 0.05454356057 0.5
797 813 3.422718218 0.05454356057 0.5
797 815 3.422718218 0.05454356057 0.5
798 805 3.422718218 0.05454356057 0.5
798 814 3.422718218 0.05454356057 0.5
799 804 3.398529094 0.05296225071 0.5
800 802 0 0 0.5
801 802 0 0 0.5
802 804 0 0 0.5
804 807 3.398529094 0.05296225071 0.5
804 811 0 0 0.5
804 814 3.422718218 0.05454356057 0.5
805 808 3.328062499 0.05454356057 0.5
805 809 2.979093822 0.02291287847 0.5
805 810 2.979093822 0.02291287847 0.5
805 815 3.422718218 0.05454356057 0.5
806 814 3.422718218 0.05454356057 0.5
806 9638 3.398529094 0.05296225071 0.5
807 813 3.398529094 0.05296225071 0.5
807 9637 3.398529094 0.05296225071 0.5
807 9639 2.958039892 0.02224859546 0.5
807 9640 2.958039892 0.02224859546 0.5
808 811 0 0 0.5
808 9636 3.328062499 0.05454356057 0.5
808 9641 0 0 0.5
809 811 0 0 0.5
809 9638 2.958039892 0.02224859546 0.5
810 811 0 0 0.5
810 9638 2.958039892 0.02224859546 0.5
811 813 0 0 0.5
813 816 3.398529094 0.05296225071 0.5
813 820 0 0 0.5
814 817 3.328062499 0.05454356057 0.5
814 818 2.979093822 0.02291287847 0.5
814 819 2.979093822 0.02291287847 0.5
815 6789 3.398529094 0.05296225071 0.5
816 6788 3.398529094 0.05296225071 0.5
816 6790 2.958039892 0.02224859546 0.5
816 6791 2.958039892 0.02224859546 0.5
817 820 0 0 0.5
817 6787 3.328062499 0.05454356057 0.5
817 6792 0 0 0.5
818 820 0 0 0.5
818 6789 2.958039892 0.02224859546 0.5
819 820 0 0 0.5
819 6789 2.958039892 0.02224859546 0.5
822 825 3.398529094 0.05296225071 0.5
822 829 0 0 0.5
822 832 3.422718218 0.05454356057 0.5
822 843 3.398529094 0.05296225071 0.5
822 847 0 0 0.5
823 826 3.328062499 0.05454356057 0.5
823 827 2.979093822 0.02291287847 0.5
823 828 2.979093822 0.02291287847 0.5
823 833 3.422718218 0.05454356057 0.5
823 840 3.422718218 0.05454356057 0.5
823 842 3.422718218 0.05454356057 0.5
824 832 3.422718218 0.05454356057 0.5
824 841 3.422718218 0.05454356057 0.5
824 8136 3.398529094 0.05296225071 0.5
825 831 3.398529094 0.05296225071 0.5
825 8135 3.398529094 0.05296225071 0.5
825 8137 2.958039892 0.02224859546 0.5
825 8138 2.958039892 0.02224859546 0.5
826 829 0 0 0.5
826 8134 3.328062499 0.05454356057 0.5
826 8139 0 0 0.5
827 829 0 0 0.5
827 8136 2.958039892 0.02224859546 0.5
828 829 0 0 0.5
828 8136 2.958039892 0.02224859546 0.5
829 831 0 0 0.5
831 834 3.398529094 0.05296225071 0.5
831 838 0 0 0.5
831 841 3.422718218 0.05454356057 0.5
832 835 3.328062499 0.05454356057 0.5
832 836 2.979093822 0.02291287847 0.5
832 837 2.979093822 0.02291287847 0.5
832 842 3.422718218 0.05454356057 0.5
833 841 3.422718218 0.05454356057 0.5
833 10243 3.398529094 0.05296225071 0.5
834 840 3.398529094 0.05296225071 0.5
834 10242 3.398529094 0.05296225071 0.5
834 10244 2.958039892 0.02224859546 0.5
834 10245 2.958039892 0.02224859546 0.5
835 838 0 0 0.5
835 10241 3.328062499 0.05454356057 0.5
835 10246 0 0 0.5
836 838 0 0 0.5
836 10243 2.958039892 0.02224859546 0.5
837 838 0 0 0.5
837 10243 2.958039892 0.02224859546 0.5
838 840 0 0 0.5
840 843 3.398529094 0.05296225071 0.5
840 847 0 0 0.5
841 844 3.328062499 0.05454356057 0.5
841 845 2.979093822 0.02291287847 0.5
841 846 2.979093822 0.02291287847 0.5
842 4709 3.398529094 0.05296225071 0.5
843 4708 3.398529094 0.05296225071 0.5
843 4710 2.958039892 0.02224859546 0.5
843 4711 2.958039892 0.02224859546 0.5
844 847 0 0 0.5
844 4707 3.328062499 0.05454356057 0.5
844 4712 0 0 0.5
845 847 0 0 0.5
845 4709 2.958039892 0.02224859546 0.5
846 847 0 0 0.5
846 4709 2.958039892 0.02224859546 0.5
849 852 3.398529094 0.05296225071 0.5
849 856 0 0 0.5
849 859 3.422718218 0.05454356057 0.5
849 870 3.398529094 0.05296225071 0.5
849 874 0 0 0.5
850 853 3.328062499 0.05454356057 0.5
850 854 2.979093822 0.02291287847 0.5
850 855 2.979093822 0.02291287847 0.5
850 860 3.422718218 0.05454356057 0.5
850 867 3.422718218 0.05454356057 0.5
850 869 3.422718218 0.05454356057 0.5
851 859 3.422718218 0.05454356057 0.5
851 868 3.422718218 0.05454356057 0.5
851 9225 3.398529094 0.05296225071 0.5
852 858 3.398529094 0.05296225071 0.5
852 9224 3.398529094 0.05296225071 0.5
852 9226 2.958039892 0.02224859546 0.5
852 9227 2.958039892 0.02224859546 0.5
853 856 0 0 0.5
853 9223 3.328062499 0.05454356057 0.5
853 9228 0 0 0.5
854 856 0 0 0.5
854 9225 2.958039892 0.02224859546 0.5
855 856 0 0 0.5
855 9225 2.958039892 0.02224859546 0.5
856 858 0 0 0.5
858 861 3.398529094 0.05296225071 0.5
858 865 0 0 0.5
858 868 3.422718218 0.05454356057 0.5
859 862 3.328062499 0.05454356057 0.5
859 863 2.979093822 0.02291287847 0.5
859 864 2.979093822 0.02291287847 0.5
859 869 3.422718218 0.05454356057 0.5
860 868 3.422718218 0.05454356057 0.5
860 11727 3.398529094 0.05296225071 0.5
861 867 3.398529094 0.05296225071 0.5
861 11726 3.398529094 0.05296225071 0.5
861 11728 2.958039892 0.02224859546 0.5
861 11729 2.958039892 0.02224859546 0.5
862 865 0 0 0.5
862 11725 3.328062499 0.05454356057 0.5
862 11730 0 0 0.5
863 865 0 0 0.5
863 11727 2.958039892 0.02224859546 0.5
864 865 0 0 0.5
864 11727 2.958039892 0.02224859546 0.5
865 867 0 0 0.5
867 870 3.398529094 0.05296225071 0.5
867 874 0 0 0.5
868 871 3.328062499 0.05454356057 0.5
868 872 2.979093822 0.02291287847 0.5
868 873 2.979093822 0.02291287847 0.5
869 1424 3.398529094 0.05296225071 0.5
870 1423 3.398529094 0.05296225071 0.5
870 1425 2.958039892 0.02224859546 0.5
870 1426 2.958039892 0.02224859546 0.5
871 874 0 0 0.5
871 1422 3.328062499 0.05454356057 0.5
871 1427 0 0 0.5
872 874 0 0 0.5
872 1424 2.958039892 0.02224859546 0.5
873 874 0 0 0.5
873 1424 2.958039892 0.02224859546 0.5
876 879 3.398529094 0.05296225071 0.5
876 882 0 0 0.5
876 885 3.422718218 0.05454356057 0.5
876 896 3.398529094 0.05296225071 0.5
876 901 0 0 0.5
877 880 2.979093822 0.02291287847 0.5
877 881 2.979093822 0.02291287847 0.5
877 886 3.422718218 0.05454356057 0.5
877 893 3.422718218 0.05454356057 0.5
877 895 3.422718218 0.05454356057 0.5
878 885 3.422718218 0.05454356057 0.5
878 894 3.422718218 0.05454356057 0.5
879 884 3.398529094 0.05296225071 0.5
880 882 0 0 0.5
881 882 0 0 0.5
882 884 0 0 0.5
884 887 3.398529094 0.05296225071 0.5
884 891 0 0 0.5
884 894 3.422718218 0.05454356057 0.5
885 888 3.328062499 0.05454356057 0.5
885 889 2.979093822 0.02291287847 0.5
885 890 2.979093822 0.02291287847 0.5
885 895 3.422718218 0.05454356057 0.5
886 894 3.422718218 0.05454356057 0.5
886 9737 3.398529094 0.05296225071 0.5
887 893 3.398529094 0.05296225071 0.5
887 9736 3.398529094 0.05296225071 0.5
887 9738 2.958039892 0.02224859546 0.5
887 9739 2.958039892 0.02224859546 0.5
888 891 0 0 0.5
888 9735 3.328062499 0.05454356057 0.5
888 9740 0 0 0.5
889 891 0 0 0.5
889 9737 2.958039892 0.02224859546 0.5
890 891 0 0 0.5
890 9737 2.958039892 0.02224859546 0.5
891 893 0 0 0.5
893 896 3.398529094 0.05296225071 0.5
893 901 0 0 0.5
894 897 3.328062499 0.05454356057 0.5
894 899 2.979093822 0.02291287847 0.5
894 900 2.979093822 0.02291287847 0.5
895 898 0 0 0.5
897 901 0 0 0.5
898 899 0 0 0.5
898 900 0 0 0.5
899 901 0 0 0.5
900 901 0 0 0.5
903 906 3.398529094 0.05296225071 0.5
903 910 0 0 0.5
903 913 3.422718218 0.05454356057 0.5
903 924 3.398529094 0.05296225071 0.5
903 928 0 0 0.5
904 907 3.328062499 0.05454356057 0.5
904 908 2.979093822 0.02291287847 0.5
904 909 2.979093822 0.02291287847 0.5
904 914 3.422718218 0.05454356057 0.5
904 921 3.422718218 0.05454356057 0.5
904 923 3.422718218 0.05454356057 0.5
905 913 3.422718218 0.05454356057 0.5
905 922 3.422718218 0.05454356057 0.5
905 9394 3.398529094 0.05296225071 0.5
906 912 3.398529094 0.05296225071 0.5
906 9393 3.398529094 0.05296225071 0.5
906 9395 2.958039892 0.02224859546 0.5
906 9396 2.958039892 0.02224859546 0.5
907 910 0 0 0.5
907 9392 3.328062499 0.05454356057 0.5
907 9397 0 0 0.5
908 910 0 0 0.5
908 9394 2.958039892 0.02224859546 0.5
909 910 0 0 0.5
909 9394 2.958039892 0.02224859546 0.5
910 912 0 0 0.5
912 915 3.398529094 0.05296225071 0.5
912 919 0 0 0.5
912 922 3.422718218 0.05454356057 0.5
913 916 3.328062499 0.05454356057 0.5
913 917 2.979093822 0.02291287847 0.5
913 918 2.979093822 0.02291287847 0.5
913 923 3.422718218 0.05454356057 0.5
914 922 3.422718218 0.05454356057 0.5
914 3052 3.398529094 0.05296225071 0.5
915 921 3.398529094 0.05296225071 0.5
915 3051 3.398529094 0.05296225071 0.5
915 3053 2.958039892 0.02224859546 0.5
915 3054 2.958039892 0.02224859546 0.5
916 919 0 0 0.5
916 3050 3.328062499 0.05454356057 0.5
916 3055 0 0 0.5
917 919 0 0 0.5
917 3052 2.958039892 0.02224859546 0.5
918 919 0 0 0.5
918 3052 2.958039892 0.02224859546 0.5
919 921 0 0 0.5
921 924 3.398529094 0.05296225071 0.5
921 928 0 0 0.5
922 925 3.328062499 0.05454356057 0.5
922 926 2.979093822 0.02291287847 0.5
922 927 2.979093822 0.02291287847 0.5
923 11915 3.398529094 0.05296225071 0.5
924 11914 3.398529094 0.05296225071 0.5
924 11916 2.958039892 0.02224859546 0.5
924 11917 2.958039892 0.02224859546 0.5
925 928 0 0 0.5
925 11913 3.328062499 0.05454356057 0.5
925 11918 0 0 0.5
926 928 0 0 0.5
926 11915 2.958039892 0.02224859546 0.5
927 928 0 0 0.5
927 11915 2.958039892 0.02224859546 0.5
930 933 3.398529094 0.05296225071 0.5
930 937 0 0 0.5
930 940 3.422718218 0.05454356057 0.5
930 951 3.398529094 0.05296225071 0.5
930 955 0 0 0.5
931 934 3.328062499 0.05454356057 0.5
931 935 2.979093822 0.02291287847 0.5
931 936 2.979093822 0.02291287847 0.5
931 941 3.422718218 0.05454356057 0.5
931 948 3.422718218 0.05454356057 0.5
931 950 3.422718218 0.05454356057 0.5
932 940 3.422718218 0.05454356057 0.5
932 949 3.422718218 0.05454356057 0.5
932 5589 3.398529094 0.05296225071 0.5
933 939 3.398529094 0.05296225071 0.5
933 5588 3.398529094 0.05296225071 0.5
933 5590 2.958039892 0.02224859546 0.5
933 5591 2.958039892 0.02224859546 0.5
934 937 0 0 0.5
934 5587 3.328062499 0.05454356057 0.5
934 5592 0 0 0.5
935 937 0 0 0.5
935 5589 2.958039892 0.02224859546 0.5
936 937 0 0 0.5
936 5589 2.958039892 0.02224859546 0.5
937 939 0 0 0.5
939 942 3.398529094 0.05296225071 0.5
939 946 0 0 0.5
939 949 3.422718218 0.05454356057 0.5
940 943 3.328062499 0.05454356057 0.5
940 944 2.979093822 0.02291287847 0.5
940 945 2.979093822 0.02291287847 0.5
940 950 3.422718218 0.05454356057 0.5
941 949 3.422718218 0.05454356057 0.5
941 5597 3.398529094 0.05296225071 0.5
942 948 3.398529094 0.05296225071 0.5
942 5596 3.398529094 0.05296225071 0.5
942 5598 2.958039892 0.02224859546 0.5
942 5599 2.958039892 0.02224859546 0.5
943 946 0 0 0.5
943 5595 3.328062499 0.05454356057 0.5
943 5600 0 0 0.5
944 946 0 0 0.5
944 5597 2.958039892 0.02224859546 0.5
945 946 0 0 0.5
945 5597 2.958039892 0.02224859546 0.5
946 948 0 0 0.5
948 951 3.398529094 0.05296225071 0.5
948 955 0 0 0.5
949 952 3.328062499 0.05454356057 0.5
949 953 2.979093822 0.02291287847 0.5
949 954 2.979093822 0.02291287847 0.5
950 2364 3.398529094 0.05296225071 0.5
951 2363 3.398529094 0.05296225071 0.5
951 2365 2.958039892 0.02224859546 0.5
951 2366 2.958039892 0.02224859546 0.5
952 955 0 0 0.5
952 2362 3.328062499 0.05454356057 0.5
952 2367 0 0 0.5
953 955 0 0 0.5
953 2364 2.958039892 0.02224859546 0.5
954 955 0 0 0.5
954 2364 2.958039892 0.02224859546 0.5
957 960 3.398529094 0.05296225071 0.5
957 964 0 0 0.5
957 967 3.422718218 0.05454356057 0.5
957 979 3.398529094 0.05296225071 0.5
957 984 0 0 0.5
958 961 3.328062499 0.05454356057 0.5
958 962 2.979093822 0.02291287847 0.5
958 963 2.979093822 0.02291287847 0.5
958 968 3.422718218 0.05454356057 0.5
958 976 3.422718218 0.05454356057 0.5
958 978 3.422718218 0.05454356057 0.5
959 967 3.422718218 0.05454356057 0.5
959 977 3.422718218 0.05454356057 0.5
959 11166 3.398529094 0.05296225071 0.5
960 966 3.398529094 0.05296225071 0.5
960 11165 3.398529094 0.05296225071 0.5
960 11167 2.958039892 0.02224859546 0.5
960 11168 2.958039892 0.02224859546 0.5
961 964 0 0 0.5
961 11164 3.328062499 0.05454356057 0.5
961 11169 0 0 0.5
962 964 0 0 0.5
962 11166 2.958039892 0.02224859546 0.5
963 964 0 0 0.5
963 11166 2.958039892 0.02224859546 0.5
964 966 0 0 0.5
966 969 3.398529094 0.05296225071 0.5
966 974 0 0 0.5
966 977 3.422718218 0.05454356057 0.5
967 970 3.328062499 0.05454356057 0.5
967 972 2.979093822 0.02291287847 0.5
967 973 2.979093822 0.02291287847 0.5
967 978 3.422718218 0.05454356057 0.5
968 971 0 0 0.5
968 977 3.422718218 0.05454356057 0.5
969 976 3.398529094 0.05296225071 0.5
970 974 0 0 0.5
971 972 0 0 0.5
971 973 0 0 0.5
972 974 0 0 0.5
973 974 0 0 0.5
974 976 0 0 0.5
976 979 3.398529094 0.05296225071 0.5
976 984 0 0 0.5
977 980 3.328062499 0.05454356057 0.5
977 982 2.979093822 0.02291287847 0.5
977 983 2.979093822 0.02291287847 0.5
978 981 0 0 0.5
980 984 0 0 0.5
981 982 0 0 0.5
981 983 0 0 0.5
982 984 0 0 0.5
983 984 0 0 0.5
986 989 3.398529094 0.05296225071 0.5
986 994 0 0 0.5
986 997 3.422718218 0.05454356057 0.5
986 1008 3.398529094 0.05296225071 0.5
986 1012 0 0 0.5
987 990 3.328062499 0.05454356057 0.5
987 992 2.979093822 0.02291287847 0.5
987 993 2.979093822 0.02291287847 0.5
987 998 3.422718218 0.05454356057 0.5
987 1005 3.422718218 0.05454356057 0.5
987 1007 3.422718218 0.05454356057 0.5
988 991 0 0 0.5
988 997 3.422718218 0.05454356057 0.5
988 1006 3.422718218 0.05454356057 0.5
989 996 3.398529094 0.05296225071 0.5
990 994 0 0 0.5
991 992 0 0 0.5
991 993 0 0 0.5
992 994 0 0 0.5
993 994 0 0 0.5
994 996 0 0 0.5
996 999 3.398529094 0.05296225071 0.5
996 1003 0 0 0.5
996 1006 3.422718218 0.05454356057 0.5
997 1000 3.328062499 0.05454356057 0.5
997 1001 2.979093822 0.02291287847 0.5
997 1002 2.979093822 0.02291287847 0.5
997 1007 3.422718218 0.05454356057 0.5
998 1006 3.422718218 0.05454356057 0.5
998 12452 3.398529094 0.05296225071 0.5
999 1005 3.398529094 0.05296225071 0.5
999 12451 3.398529094 0.05296225071 0.5
999 12453 2.958039892 0.02224859546 0.5
999 12454 2.958039892 0.02224859546 0.5
1000 1003 0 0 0.5
1000 12450 3.328062499 0.05454356057 0.5
1000 12455 0 0 0.5
1001 1003 0 0 0.5
1001 12452 2.958039892 0.02224859546 0.5
1002 1003 0 0 0.5
1002 12452 2.958039892 0.02224859546 0.5
1003 1005 0 0 0.5
1005 1008 3.398529094 0.05296225071 0.5
1005 1012 0 0 0.5
1006 1009 3.328062499 0.05454356057 0.5
1006 1010 2.979093822 0.02291287847 0.5
1006 1011 2.979093822 0.02291287847 0.5
1007 12898 3.398529094 0.05296225071 0.5
1008 12897 3.398529094 0.05296225071 0.5
1008 12899 2.958039892 0.02224859546 0.5
1008 12900 2.958039892 0.02224859546 0.5
1009 1012 0 0 0.5
1009 12896 3.328062499 0.05454356057 0.5
1009 12901 0 0 0.5
1010 1012 0 0 0.5
1010 12898 2.958039892 0.02224859546 0.5
1011 1012 0 0 0.5
1011 12898 2.958039892 0.02224859546 0.5
1014 1017 3.398529094 0.05296225071 0.5
1014 1021 0 0 0.5
1014 1024 3.422718218 0.05454356057 0.5
1014 1035 3.398529094 0.05296225071 0.5
1014 1039 0 0 0.5
1015 1018 3.328062499 0.05454356057 0.5
1015 1019 2.979093822 0.02291287847 0.5
1015 1020 2.979093822 0.02291287847 0.5
1015 1025 3.422718218 0.05454356057 0.5
1015 1032 3.422718218 0.05454356057 0.5
1015 1034 3.422718218 0.05454356057 0.5
1016 1024 3.422718218 0.05454356057 0.5
1016 1033 3.422718218 0.05454356057 0.5
1016 5718 3.398529094 0.05296225071 0.5
1017 1023 3.398529094 0.05296225071 0.5
1017 5717 3.398529094 0.05296225071 0.5
1017 5719 2.958039892 0.02224859546 0.5
1017 5720 2.958039892 0.02224859546 0.5
1018 1021 0 0 0.5
1018 5716 3.328062499 0.05454356057 0.5
1018 5721 0 0 0.5
1019 1021 0 0 0.5
1019 5718 2.958039892 0.02224859546 0.5
1020 1021 0 0 0.5
1020 5718 2.958039892 0.02224859546 0.5
1021 1023 0 0 0.5
1023 1026 3.398529094 0.05296225071 0.5
1023 1030 0 0 0.5
1023 1033 3.422718218 0.05454356057 0.5
1024 1027 3.328062499 0.05454356057 0.5
1024 1028 2.979093822 0.02291287847 0.5
1024 1029 2.979093822 0.02291287847 0.5
1024 1034 3.422718218 0.05454356057 0.5
1025 1033 3.422718218 0.05454356057 0.5
1025 11271 3.398529094 0.05296225071 0.5
1026 1032 3.398529094 0.05296225071 0.5
1026 11270 3.398529094 0.05296225071 0.5
1026 11272 2.958039892 0.02224859546 0.5
1026 11273 2.958039892 0.02224859546 0.5
1027 1030 0 0 0.5
1027 11269 3.328062499 0.05454356057 0.5
1027 11274 0 0 0.5
1028 1030 0 0 0.5
1028 11271 2.958039892 0.02224859546 0.5
1029 1030 0 0 0.5
1029 11271 2.958039892 0.02224859546 0.5
1030 1032 0 0 0.5
1032 1035 3.398529094 0.05296225071 0.5
1032 1039 0 0 0.5
1033 1036 3.328062499 0.05454356057 0.5
1033 1037 2.979093822 0.02291287847 0.5
1033 1038 2.979093822 0.02291287847 0.5
1034 9853 3.398529094 0.05296225071 0.5
1035 9852 3.398529094 0.05296225071 0.5
1035 9854 2.958039892 0.02224859546 0.5
1035 9855 2.958039892 0.02224859546 0.5
1036 1039 0 0 0.5
1036 9851 3.328062499 0.05454356057 0.5
1036 9856 0 0 0.5
1037 1039 0 0 0.5
1037 9853 2.958039892 0.02224859546 0.5
1038 1039 0 0 0.5
1038 9853 2.958039892 0.02224859546 0.5
1041 1044 3.398529094 0.05296225071 0.5
1041 1048 0 0 0.5
1041 1051 3.422718218 0.05454356057 0.5
1041 1062 3.398529094 0.05296225071 0.5
1041 1066 0 0 0.5
1042 1045 3.328062499 0.05454356057 0.5
1042 1046 2.979093822 0.02291287847 0.5
1042 1047 2.979093822 0.02291287847 0.5
1042 1052 3.422718218 0.05454356057 0.5
1042 1059 3.422718218 0.05454356057 0.5
1042 1061 3.422718218 0.05454356057 0.5
1043 1051 3.422718218 0.05454356057 0.5
1043 1060 3.422718218 0.05454356057 0.5
1043 4080 3.398529094 0.05296225071 0.5
1044 1050 3.398529094 0.05296225071 0.5
1044 4079 3.398529094 0.05296225071 0.5
1044 4081 2.958039892 0.02224859546 0.5
1044 4082 2.958039892 0.02224859546 0.5
1045 1048 0 0 0.5
1045 4078 3.328062499 0.05454356057 0.5
1045 4083 0 0 0.5
1046 1048 0 0 0.5
1046 4080 2.958039892 0.02224859546 0.5
1047 1048 0 0 0.5
1047 4080 2.958039892 0.02224859546 0.5
1048 1050 0 0 0.5
1050 1053 3.398529094 0.05296225071 0.5
1050 1057 0 0 0.5
1050 1060 3.422718218 0.05454356057 0.5
1051 1054 3.328062499 0.05454356057 0.5
1051 1055 2.979093822 0.02291287847 0.5
1051 1056 2.979093822 0.02291287847 0.5
1051 1061 3.422718218 0.05454356057 0.5
1052 1060 3.422718218 0.05454356057 0.5
1052 5952 3.398529094 0.05296225071 0.5
1053 1059 3.398529094 0.05296225071 0.5
1053 5951 3.398529094 0.05296225071 0.5
1053 5953 2.958039892 0.02224859546 0.5
1053 5954 2.958039892 0.02224859546 0.5
1054 1057 0 0 0.5
1054 5950 3.328062499 0.05454356057 0.5
1054 5955 0 0 0.5
1055 1057 0 0 0.5
1055 5952 2.958039892 0.02224859546 0.5
1056 1057 0 0 0.5
1056 5952 2.958039892 0.02224859546 0.5
1057 1059 0 0 0.5
1059 1062 3.398529094 0.05296225071 0.5
1059 1066 0 0 0.5
1060 1063 3.328062499 0.05454356057 0.5
1060 1064 2.979093822 0.02291287847 0.5
1060 1065 2.979093822 0.02291287847 0.5
1061 10719 3.398529094 0.05296225071 0.5
1062 10718 3.398529094 0.05296225071 0.5
1062 10720 2.958039892 0.02224859546 0.5
1062 10721 2.958039892 0.02224859546 0.5
1063 1066 0 0 0.5
1063 10717 3.328062499 0.05454356057 0.5
1063 10722 0 0 0.5
1064 1066 0 0 0.5
1064 10719 2.958039892 0.02224859546 0.5
1065 1066 0 0 0.5
1065 10719 2.958039892 0.02224859546 0.5
1068 1071 3.398529094 0.05296225071 0.5
1068 1076 0 0 0.5
1068 1079 3.422718218 0.05454356057 0.5
1068 1090 3.398529094 0.05296225071 0.5
1068 1095 0 0 0.5
1069 1072 3.328062499 0.05454356057 0.5
1069 1074 2.979093822 0.02291287847 0.5
1069 1075 2.979093822 0.02291287847 0.5
1069 1080 3.422718218 0.05454356057 0.5
1069 1087 3.422718218 0.05454356057 0.5
1069 1089 3.422718218 0.05454356057 0.5
1070 1073 0 0 0.5
1070 1079 3.422718218 0.05454356057 0.5
1070 1088 3.422718218 0.05454356057 0.5
1071 1078 3.398529094 0.05296225071 0.5
1072 1076 0 0 0.5
1073 1074 0 0 0.5
1073 1075 0 0 0.5
1074 1076 0 0 0.5
1075 1076 0 0 0.5
1076 1078 0 0 0.5
1078 1081 3.398529094 0.05296225071 0.5
1078 1085 0 0 0.5
1078 1088 3.422718218 0.05454356057 0.5
1079 1082 3.328062499 0.05454356057 0.5
1079 1083 2.979093822 0.02291287847 0.5
1079 1084 2.979093822 0.02291287847 0.5
1079 1089 3.422718218 0.05454356057 0.5
1080 1088 3.422718218 0.05454356057 0.5
1080 3149 3.398529094 0.05296225071 0.5
1081 1087 3.398529094 0.05296225071 0.5
1081 3148 3.398529094 0.05296225071 0.5
1081 3150 2.958039892 0.02224859546 0.5
1081 3151 2.958039892 0.02224859546 0.5
1082 1085 0 0 0.5
1082 3147 3.328062499 0.05454356057 0.5
1082 3152 0 0 0.5
1083 1085 0 0 0.5
1083 3149 2.958039892 0.02224859546 0.5
1084 1085 0 0 0.5
1084 3149 2.958039892 0.02224859546 0.5
1085 1087 0 0 0.5
1087 1090 3.398529094 0.05296225071 0.5
1087 1095 0 0 0.5
1088 1091 3.328062499 0.05454356057 0.5
1088 1093 2.979093822 0.02291287847 0.5
1088 1094 2.979093822 0.02291287847 0.5
1089 1092 0 0 0.5
1091 1095 0 0 0.5
1092 1093 0 0 0.5
1092 1094 0 0 0.5
1093 1095 0 0 0.5
1094 1095 0 0 0.5
1097 1100 3.398529094 0.05296225071 0.5
1097 1104 0 0 0.5
1097 1107 3.422718218 0.05454356057 0.5
1097 1117 3.398529094 0.05296225071 0.5
1097 1121 0 0 0.5
1098 1101 3.328062499 0.05454356057 0.5
1098 1102 2.979093822 0.02291287847 0.5
1098 1103 2.979093822 0.02291287847 0.5
1098 1108 3.422718218 0.05454356057 0.5
1098 1114 3.422718218 0.05454356057 0.5
1098 1116 3.422718218 0.05454356057 0.5
1099 1107 3.422718218 0.05454356057 0.5
1099 1115 3.422718218 0.05454356057 0.5
1099 3638 3.398529094 0.05296225071 0.5
1100 1106 3.398529094 0.05296225071 0.5
1100 3637 3.398529094 0.05296225071 0.5
1100 3639 2.958039892 0.02224859546 0.5
1100 3640 2.958039892 0.02224859546 0.5
1101 1104 0 0 0.5
1101 3636 3.328062499 0.05454356057 0.5
1101 3641 0 0 0.5
1102 1104 0 0 0.5
1102 3638 2.958039892 0.02224859546 0.5
1103 1104 0 0 0.5
1103 3638 2.958039892 0.02224859546 0.5
1104 1106 0 0 0.5
1106 1109 3.398529094 0.05296225071 0.5
1106 1112 0 0 0.5
1106 1115 3.422718218 0.05454356057 0.5
1107 1110 2.979093822 0.02291287847 0.5
1107 1111 2.979093822 0.02291287847 0.5
1107 1116 3.422718218 0.05454356057 0.5
1108 1115 3.422718218 0.05454356057 0.5
1109 1114 3.398529094 0.05296225071 0.5
1110 1112 0 0 0.5
1111 1112 0 0 0.5
1112 1114 0 0 0.5
1114 1117 3.398529094 0.05296225071 0.5
1114 1121 0 0 0.5
1115 1118 3.328062499 0.05454356057 0.5
1115 1119 2.979093822 0.02291287847 0.5
1115 1120 2.979093822 0.02291287847 0.5
1116 5179 3.398529094 0.05296225071 0.5
1117 5178 3.398529094 0.05296225071 0.5
1117 5180 2.958039892 0.02224859546 0.5
1117 5181 2.958039892 0.02224859546 0.5
1118 1121 0 0 0.5
1118 5177 3.328062499 0.05454356057 0.5
1118 5182 0 0 0.5
1119 1121 0 0 0.5
1119 5179 2.958039892 0.02224859546 0.5
1120 1121 0 0 0.5
1120 5179 2.958039892 0.02224859546 0.5
1123 1126 3.398529094 0.05296225071 0.5
1123 1130 0 0 0.5
1123 1133 3.422718218 0.05454356057 0.5
1123 1144 3.398529094 0.05296225071 0.5
1123 1148 0 0 0.5
1124 1127 3.328062499 0.05454356057 0.5
1124 1128 2.979093822 0.02291287847 0.5
1124 1129 2.979093822 0.02291287847 0.5
1124 1134 3.422718218 0.05454356057 0.5
1124 1141 3.422718218 0.05454356057 0.5
1124 1143 3.422718218 0.05454356057 0.5
1125 1133 3.422718218 0.05454356057 0.5
1125 1142 3.422718218 0.05454356057 0.5
1125 7504 3.398529094 0.05296225071 0.5
1126 1132 3.398529094 0.05296225071 0.5
1126 7503 3.398529094 0.05296225071 0.5
1126 7505 2.958039892 0.02224859546 0.5
1126 7506 2.958039892 0.02224859546 0.5
1127 1130 0 0 0.5
1127 7502 3.328062499 0.05454356057 0.5
1127 7507 0 0 0.5
1128 1130 0 0 0.5
1128 7504 2.958039892 0.02224859546 0.5
1129 1130 0 0 0.5
1129 7504 2.958039892 0.02224859546 0.5
1130 1132 0 0 0.5
1132 1135 3.398529094 0.05296225071 0.5
1132 1139 0 0 0.5
1132 1142 3.422718218 0.05454356057 0.5
1133 1136 3.328062499 0.05454356057 0.5
1133 1137 2.979093822 0.02291287847 0.5
1133 1138 2.979093822 0.02291287847 0.5
1133 1143 3.422718218 0.05454356057 0.5
1134 1142 3.422718218 0.05454356057 0.5
1134 8634 3.398529094 0.05296225071 0.5
1135 1141 3.398529094 0.05296225071 0.5
1135 8633 3.398529094 0.05296225071 0.5
1135 8635 2.958039892 0.02224859546 0.5
1135 8636 2.958039892 0.02224859546 0.5
1136 1139 0 0 0.5
1136 8632 3.328062499 0.05454356057 0.5
1136 8637 0 0 0.5
1137 1139 0 0 0.5
1137 8634 2.958039892 0.02224859546 0.5
1138 1139 0 0 0.5
1138 8634 2.958039892 0.02224859546 0.5
1139 1141 0 0 0.5
1141 1144 3.398529094 0.05296225071 0.5
1141 1148 0 0 0.5
1142 1145 3.328062499 0.05454356057 0.5
1142 1146 2.979093822 0.02291287847 0.5
1142 1147 2.979093822 0.02291287847 0.5
1143 9836 3.398529094 0.05296225071 0.5
1144 9835 3.398529094 0.05296225071 0.5
1144 9837 2.958039892 0.02224859546 0.5
1144 9838 2.958039892 0.02224859546 0.5
1145 1148 0 0 0.5
1145 9834 3.328062499 0.05454356057 0.5
1145 9839 0 0 0.5
1146 1148 0 0 0.5
1146 9836 2.958039892 0.02224859546 0.5
1147 1148 0 0 0.5
1147 9836 2.958039892 0.02224859546 0.5
1150 1153 3.398529094 0.05296225071 0.5
1150 1157 0 0 0.5
1150 1160 3.422718218 0.05454356057 0.5
1150 1171 3.398529094 0.05296225071 0.5
1150 1175 0 0 0.5
1151 1154 3.328062499 0.05454356057 0.5
1151 1155 2.979093822 0.02291287847 0.5
1151 1156 2.979093822 0.02291287847 0.5
1151 1161 3.422718218 0.05454356057 0.5
1151 1168 3.422718218 0.05454356057 0.5
1151 1170 3.422718218 0.05454356057 0.5
1152 1160 3.422718218 0.05454356057 0.5
1152 1169 3.422718218 0.05454356057 0.5
1152 3019 3.398529094 0.05296225071 0.5
1153 1159 3.398529094 0.05296225071 0.5
1153 3018 3.398529094 0.05296225071 0.5
1153 3020 2.958039892 0.02224859546 0.5
1153 3021 2.958039892 0.02224859546 0.5
1154 1157 0 0 0.5
1154 3017 3.328062499 0.05454356057 0.5
1154 3022 0 0 0.5
1155 1157 0 0 0.5
1155 3019 2.958039892 0.02224859546 0.5
1156 1157 0 0 0.5
1156 3019 2.958039892 0.02224859546 0.5
1157 1159 0 0 0.5
1159 1162 3.398529094 0.05296225071 0.5
1159 1166 0 0 0.5
1159 1169 3.422718218 0.05454356057 0.5
1160 1163 3.328062499 0.05454356057 0.5
1160 1164 2.979093822 0.02291287847 0.5
1160 1165 2.979093822 0.02291287847 0.5
1160 1170 3.422718218 0.05454356057 0.5
1161 1169 3.422718218 0.05454356057 0.5
1161 8566 3.398529094 0.05296225071 0.5
1162 1168 3.398529094 0.05296225071 0.5
1162 8565 3.398529094 0.05296225071 0.5
1162 8567 2.958039892 0.02224859546 0.5
1162 8568 2.958039892 0.02224859546 0.5
1163 1166 0 0 0.5
1163 8564 3.328062499 0.05454356057 0.5
1163 8569 0 0 0.5
1164 1166 0 0 0.5
1164 8566 2.958039892 0.02224859546 0.5
1165 1166 0 0 0.5
1165 8566 2.958039892 0.02224859546 0.5
1166 1168 0 0 0.5
1168 1171 3.398529094 0.05296225071 0.5
1168 1175 0 0 0.5
1169 1172 3.328062499 0.05454356057 0.5
1169 1173 2.979093822 0.02291287847 0.5
1169 1174 2.979093822 0.02291287847 0.5
1170 7747 3.398529094 0.05296225071 0.5
1171 7746 3.398529094 0.05296225071 0.5
1171 7748 2.958039892 0.02224859546 0.5
1171 7749 2.958039892 0.02224859546 0.5
1172 1175 0 0 0.5
1172 7745 3.328062499 0.05454356057 0.5
1172 7750 0 0 0.5
1173 1175 0 0 0.5
1173 7747 2.958039892 0.02224859546 0.5
1174 1175 0 0 0.5
1174 7747 2.958039892 0.02224859546 0.5
1177 1180 3.398529094 0.05296225071 0.5
1177 1184 0 0 0.5
1177 1187 3.422718218 0.05454356057 0.5
1177 1198 3.398529094 0.05296225071 0.5
1177 1202 0 0 0.5
1178 1181 3.328062499 0.05454356057 0.5
1178 1182 2.979093822 0.02291287847 0.5
1178 1183 2.979093822 0.02291287847 0.5
1178 1188 3.422718218 0.05454356057 0.5
1178 1195 3.422718218 0.05454356057 0.5
1178 1197 3.422718218 0.05454356057 0.5
1179 1187 3.422718218 0.05454356057 0.5
1179 1196 3.422718218 0.05454356057 0.5
1179 1924 3.398529094 0.05296225071 0.5
1180 1186 3.398529094 0.05296225071 0.5
1180 1923 3.398529094 0.05296225071 0.5
1180 1925 2.958039892 0.02224859546 0.5
1180 1926 2.958039892 0.02224859546 0.5
1181 1184 0 0 0.5
1181 1922 3.328062499 0.05454356057 0.5
1181 1927 0 0 0.5
1182 1184 0 0 0.5
1182 1924 2.958039892 0.02224859546 0.5
1183 1184 0 0 0.5
1183 1924 2.958039892 0.02224859546 0.5
1184 1186 0 0 0.5
1186 1189 3.398529094 0.05296225071 0.5
1186 1193 0 0 0.5
1186 1196 3.422718218 0.05454356057 0.5
1187 1190 3.328062499 0.05454356057 0.5
1187 1191 2.979093822 0.02291287847 0.5
1187 1192 2.979093822 0.02291287847 0.5
1187 1197 3.422718218 0.05454356057 0.5
1188 1196 3.422718218 0.05454356057 0.5
1188 5935 3.398529094 0.05296225071 0.5
1189 1195 3.398529094 0.05296225071 0.5
1189 5934 3.398529094 0.05296225071 0.5
1189 5936 2.958039892 0.02224859546 0.5
1189 5937 2.958039892 0.02224859546 0.5
1190 1193 0 0 0.5
1190 5933 3.328062499 0.05454356057 0.5
1190 5938 0 0 0.5
1191 1193 0 0 0.5
1191 5935 2.958039892 0.02224859546 0.5
1192 1193 0 0 0.5
1192 5935 2.958039892 0.02224859546 0.5
1193 1195 0 0 0.5
1195 1198 3.398529094 0.05296225071 0.5
1195 1202 0 0 0.5
1196 1199 3.328062499 0.05454356057 0.5
1196 1200 2.979093822 0.02291287847 0.5
1196 1201 2.979093822 0.02291287847 0.5
1197 12796 3.398529094 0.05296225071 0.5
1198 12795 3.398529094 0.05296225071 0.5
1198 12797 2.958039892 0.02224859546 0.5
1198 12798 2.958039892 0.02224859546 0.5
1199 1202 0 0 0.5
1199 12794 3.328062499 0.05454356057 0.5
1199 12799 0 0 0.5
1200 1202 0 0 0.5
1200 12796 2.958039892 0.02224859546 0.5
1201 1202 0 0 0.5
1201 12796 2.958039892 0.02224859546 0.5
1204 1207 3.398529094 0.05296225071 0.5
1204 1210 0 0 0.5
1204 1213 3.422718218 0.05454356057 0.5
1204 1224 3.398529094 0.05296225071 0.5
1204 1228 0 0 0.5
1205 1208 2.979093822 0.02291287847 0.5
1205 1209 2.979093822 0.02291287847 0.5
1205 1214 3.422718218 0.05454356057 0.5
1205 1221 3.422718218 0.05454356057 0.5
1205 1223 3.422718218 0.05454356057 0.5
1206 1213 3.422718218 0.05454356057 0.5
1206 1222 3.422718218 0.05454356057 0.5
1207 1212 3.398529094 0.05296225071 0.5
1208 1210 0 0 0.5
1209 1210 0 0 0.5
1210 1212 0 0 0.5
1212 1215 3.398529094 0.05296225071 0.5
1212 1219 0 0 0.5
1212 1222 3.422718218 0.05454356057 0.5
1213 1216 3.328062499 0.05454356057 0.5
1213 1217 2.979093822 0.02291287847 0.5
1213 1218 2.979093822 0.02291287847 0.5
1213 1223 3.422718218 0.05454356057 0.5
1214 1222 3.422718218 0.05454356057 0.5
1214 5233 3.398529094 0.05296225071 0.5
1215 1221 3.398529094 0.05296225071 0.5
1215 5232 3.398529094 0.05296225071 0.5
1215 5234 2.958039892 0.02224859546 0.5
1215 5235 2.958039892 0.02224859546 0.5
1216 1219 0 0 0.5
1216 5231 3.328062499 0.05454356057 0.5
1216 5236 0 0 0.5
1217 1219 0 0 0.5
1217 5233 2.958039892 0.02224859546 0.5
1218 1219 0 0 0.5
1218 5233 2.958039892 0.02224859546 0.5
1219 1221 0 0 0.5
1221 1224 3.398529094 0.05296225071 0.5
1221 1228 0 0 0.5
1222 1225 3.328062499 0.05454356057 0.5
1222 1226 2.979093822 0.02291287847 0.5
1222 1227 2.979093822 0.02291287847 0.5
1223 7057 3.398529094 0.05296225071 0.5
1224 7056 3.398529094 0.05296225071 0.5
1224 7058 2.958039892 0.02224859546 0.5
1224 7059 2.958039892 0.02224859546 0.5
1225 1228 0 0 0.5
1225 7055 3.328062499 0.05454356057 0.5
1225 7060 0 0 0.5
1226 1228 0 0 0.5
1226 7057 2.958039892 0.02224859546 0.5
1227 1228 0 0 0.5
1227 7057 2.958039892 0.02224859546 0.5
1230 1233 3.398529094 0.05296225071 0.5
1230 1237 0 0 0.5
1230 1240 3.422718218 0.05454356057 0.5
1230 1251 3.398529094 0.05296225071 0.5
1230 1255 0 0 0.5
1231 1234 3.328062499 0.05454356057 0.5
1231 1235 2.979093822 0.02291287847 0.5
1231 1236 2.979093822 0.02291287847 0.5
1231 1241 3.422718218 0.05454356057 0.5
1231 1248 3.422718218 0.05454356057 0.5
1231 1250 3.422718218 0.05454356057 0.5
1232 1240 3.422718218 0.05454356057 0.5
1232 1249 3.422718218 0.05454356057 0.5
1232 9184 3.398529094 0.05296225071 0.5
1233 1239 3.398529094 0.05296225071 0.5
1233 9183 3.398529094 0.05296225071 0.5
1233 9185 2.958039892 0.02224859546 0.5
1233 9186 2.958039892 0.02224859546 0.5
1234 1237 0 0 0.5
1234 9182 3.328062499 0.05454356057 0.5
1234 9187 0 0 0.5
1235 1237 0 0 0.5
1235 9184 2.958039892 0.02224859546 0.5
1236 1237 0 0 0.5
1236 9184 2.958039892 0.02224859546 0.5
1237 1239 0 0 0.5
1239 1242 3.398529094 0.05296225071 0.5
1239 1246 0 0 0.5
1239 1249 3.422718218 0.05454356057 0.5
1240 1243 3.328062499 0.05454356057 0.5
1240 1244 2.979093822 0.02291287847 0.5
1240 1245 2.979093822 0.02291287847 0.5
1240 1250 3.422718218 0.05454356057 0.5
1241 1249 3.422718218 0.05454356057 0.5
1241 8674 3.398529094 0.05296225071 0.5
1242 1248 3.398529094 0.05296225071 0.5
1242 8673 3.398529094 0.05296225071 0.5
1242 8675 2.958039892 0.02224859546 0.5
1242 8676 2.958039892 0.02224859546 0.5
1243 1246 0 0 0.5
1243 8672 3.328062499 0.05454356057 0.5
1243 8677 0 0 0.5
1244 1246 0 0 0.5
1244 8674 2.958039892 0.02224859546 0.5
1245 1246 0 0 0.5
1245 8674 2.958039892 0.02224859546 0.5
1246 1248 0 0 0.5
1248 1251 3.398529094 0.05296225071 0.5
1248 1255 0 0 0.5
1249 1252 3.328062499 0.05454356057 0.5
1249 1253 2.979093822 0.02291287847 0.5
1249 1254 2.979093822 0.02291287847 0.5
1250 2533 3.398529094 0.05296225071 0.5
1251 2532 3.398529094 0.05296225071 0.5
1251 2534 2.958039892 0.02224859546 0.5
1251 2535 2.958039892 0.02224859546 0.5
1252 1255 0 0 0.5
1252 2531 3.328062499 0.05454356057 0.5
1252 2536 0 0 0.5
1253 1255 0 0 0.5
1253 2533 2.958039892 0.02224859546 0.5
1254 1255 0 0 0.5
1254 2533 2.958039892 0.02224859546 0.5
1257 1260 3.398529094 0.05296225071 0.5
1257 1263 0 0 0.5
1257 1266 3.422718218 0.05454356057 0.5
1257 1277 3.398529094 0.05296225071 0.5
1257 1282 0 0 0.5
1258 1261 2.979093822 0.02291287847 0.5
1258 1262 2.979093822 0.02291287847 0.5
1258 1267 3.422718218 0.05454356057 0.5
1258 1274 3.422718218 0.05454356057 0.5
1258 1276 3.422718218 0.05454356057 0.5
1259 1266 3.422718218 0.05454356057 0.5
1259 1275 3.422718218 0.05454356057 0.5
1260 1265 3.398529094 0.05296225071 0.5
1261 1263 0 0 0.5
1262 1263 0 0 0.5
1263 1265 0 0 0.5
1265 1268 3.398529094 0.05296225071 0.5
1265 1272 0 0 0.5
1265 1275 3.422718218 0.05454356057 0.5
1266 1269 3.328062499 0.05454356057 0.5
1266 1270 2.979093822 0.02291287847 0.5
1266 1271 2.979093822 0.02291287847 0.5
1266 1276 3.422718218 0.05454356057 0.5
1267 1275 3.422718218 0.05454356057 0.5
1267 7477 3.398529094 0.05296225071 0.5
1268 1274 3.398529094 0.05296225071 0.5
1268 7476 3.398529094 0.05296225071 0.5
1268 7478 2.958039892 0.02224859546 0.5
1268 7479 2.958039892 0.02224859546 0.5
1269 1272 0 0 0.5
1269 7475 3.328062499 0.05454356057 0.5
1269 7480 0 0 0.5
1270 1272 0 0 0.5
1270 7477 2.958039892 0.02224859546 0.5
1271 1272 0 0 0.5
1271 7477 2.958039892 0.02224859546 0.5
1272 1274 0 0 0.5
1274 1277 3.398529094 0.05296225071 0.5
1274 1282 0 0 0.5
1275 1278 3.328062499 0.05454356057 0.5
1275 1280 2.979093822 0.02291287847 0.5
1275 1281 2.979093822 0.02291287847 0.5
1276 1279 0 0 0.5
1278 1282 0 0 0.5
1279 1280 0 0 0.5
1279 1281 0 0 0.5
1280 1282 0 0 0.5
1281 1282 0 0 0.5
1284 1287 3.398529094 0.05296225071 0.5
1284 1291 0 0 0.5
1284 1294 3.422718218 0.05454356057 0.5
1284 1305 3.398529094 0.05296225071 0.5
1284 1309 0 0 0.5
1285 1288 3.328062499 0.05454356057 0.5
1285 1289 2.979093822 0.02291287847 0.5
1285 1290 2.979093822 0.02291287847 0.5
1285 1295 3.422718218 0.05454356057 0.5
1285 1302 3.422718218 0.05454356057 0.5
1285 1304 3.422718218 0.05454356057 0.5
1286 1294 3.422718218 0.05454356057 0.5
1286 1303 3.422718218 0.05454356057 0.5
1286 3317 3.398529094 0.05296225071 0.5
1287 1293 3.398529094 0.05296225071 0.5
1287 3316 3.398529094 0.05296225071 0.5
1287 3318 2.958039892 0.02224859546 0.5
1287 3319 2.958039892 0.02224859546 0.5
1288 1291 0 0 0.5
1288 3315 3.328062499 0.05454356057 0.5
1288 3320 0 0 0.5
1289 1291 0 0 0.5
1289 3317 2.958039892 0.02224859546 0.5
1290 1291 0 0 0.5
1290 3317 2.958039892 0.02224859546 0.5
1291 1293 0 0 0.5
1293 1296 3.398529094 0.05296225071 0.5
1293 1300 0 0 0.5
1293 1303 3.422718218 0.05454356057 0.5
1294 1297 3.328062499 0.05454356057 0.5
1294 1298 2.979093822 0.02291287847 0.5
1294 1299 2.979093822 0.02291287847 0.5
1294 1304 3.422718218 0.05454356057 0.5
1295 1303 3.422718218 0.05454356057 0.5
1295 1558 3.398529094 0.05296225071 0.5
1296 1302 3.398529094 0.05296225071 0.5
1296 1557 3.398529094 0.05296225071 0.5
1296 1559 2.958039892 0.02224859546 0.5
1296 1560 2.958039892 0.02224859546 0.5
1297 1300 0 0 0.5
1297 1556 3.328062499 0.05454356057 0.5
1297 1561 0 0 0.5
1298 1300 0 0 0.5
1298 1558 2.958039892 0.02224859546 0.5
1299 1300 0 0 0.5
1299 1558 2.958039892 0.02224859546 0.5
1300 1302 0 0 0.5
1302 1305 3.398529094 0.05296225071 0.5
1302 1309 0 0 0.5
1303 1306 3.328062499 0.05454356057 0.5
1303 1307 2.979093822 0.02291287847 0.5
1303 1308 2.979093822 0.02291287847 0.5
1304 6370 3.398529094 0.05296225071 0.5
1305 6369 3.398529094 0.05296225071 0.5
1305 6371 2.958039892 0.02224859546 0.5
1305 6372 2.958039892 0.02224859546 0.5
1306 1309 0 0 0.5
1306 6368 3.328062499 0.05454356057 0.5
1306 6373 0 0 0.5
1307 1309 0 0 0.5
1307 6370 2.958039892 0.02224859546 0.5
1308 1309 0 0 0.5
1308 6370 2.958039892 0.02224859546 0.5
1311 1314 3.398529094 0.05296225071 0.5
1311 1318 0 0 0.5
1311 1321 3.422718218 0.05454356057 0.5
1311 1332 3.398529094 0.05296225071 0.5
1311 1336 0 0 0.5
1312 1315 3.328062499 0.05454356057 0.5
1312 1316 2.979093822 0.02291287847 0.5
1312 1317 2.979093822 0.02291287847 0.5
1312 1322 3.422718218 0.05454356057 0.5
1312 1329 3.422718218 0.05454356057 0.5
1312 1331 3.422718218 0.05454356057 0.5
1313 1321 3.422718218 0.05454356057 0.5
1313 1330 3.422718218 0.05454356057 0.5
1313 11376 3.398529094 0.05296225071 0.5
1314 1320 3.398529094 0.05296225071 0.5
1314 11375 3.398529094 0.05296225071 0.5
1314 11377 2.958039892 0.02224859546 0.5
1314 11378 2.958039892 0.02224859546 0.5
1315 1318 0 0 0.5
1315 11374 3.328062499 0.05454356057 0.5
1315 11379 0 0 0.5
1316 1318 0 0 0.5
1316 11376 2.958039892 0.02224859546 0.5
1317 1318 0 0 0.5
1317 11376 2.958039892 0.02224859546 0.5
1318 1320 0 0 0.5
1320 1323 3.398529094 0.05296225071 0.5
1320 1327 0 0 0.5
1320 1330 3.422718218 0.05454356057 0.5
1321 1324 3.328062499 0.05454356057 0.5
1321 1325 2.979093822 0.02291287847 0.5
1321 1326 2.979093822 0.02291287847 0.5
1321 1331 3.422718218 0.05454356057 0.5
1322 1330 3.422718218 0.05454356057 0.5
1322 9606 3.398529094 0.05296225071 0.5
1323 1329 3.398529094 0.05296225071 0.5
1323 9605 3.398529094 0.05296225071 0.5
1323 9607 2.958039892 0.02224859546 0.5
1323 9608 2.958039892 0.02224859546 0.5
1324 1327 0 0 0.5
1324 9604 3.328062499 0.05454356057 0.5
1324 9609 0 0 0.5
1325 1327 0 0 0.5
1325 9606 2.958039892 0.02224859546 0.5
1326 1327 0 0 0.5
1326 9606 2.958039892 0.02224859546 0.5
1327 1329 0 0 0.5
1329 1332 3.398529094 0.05296225071 0.5
1329 1336 0 0 0.5
1330 1333 3.328062499 0.05454356057 0.5
1330 1334 2.979093822 0.02291287847 0.5
1330 1335 2.979093822 0.02291287847 0.5
1331 5710 3.398529094 0.05296225071 0.5
1332 5709 3.398529094 0.05296225071 0.5
1332 5711 2.958039892 0.02224859546 0.5
1332 5712 2.958039892 0.02224859546 0.5
1333 1336 0 0 0.5
1333 5708 3.328062499 0.05454356057 0.5
1333 5713 0 0 0.5
1334 1336 0 0 0.5
1334 5710 2.958039892 0.02224859546 0.5
1335 1336 0 0 0.5
1335 5710 2.958039892 0.02224859546 0.5
1338 1341 3.398529094 0.05296225071 0.5
1338 1345 0 0 0.5
1338 1348 3.422718218 0.05454356057 0.5
1338 1359 3.398529094 0.05296225071 0.5
1338 1364 0 0 0.5
1339 1342 3.328062499 0.05454356057 0.5
1339 1343 2.979093822 0.02291287847 0.5
1339 1344 2.979093822 0.02291287847 0.5
1339 1349 3.422718218 0.05454356057 0.5
1339 1356 3.422718218 0.05454356057 0.5
1339 1358 3.422718218 0.05454356057 0.5
1340 1348 3.422718218 0.05454356057 0.5
1340 1357 3.422718218 0.05454356057 0.5
1340 9954 3.398529094 0.05296225071 0.5
1341 1347 3.398529094 0.05296225071 0.5
1341 9953 3.398529094 0.05296225071 0.5
1341 9955 2.958039892 0.02224859546 0.5
1341 9956 2.958039892 0.02224859546 0.5
1342 1345 0 0 0.5
1342 9952 3.328062499 0.05454356057 0.5
1342 9957 0 0 0.5
1343 1345 0 0 0.5
1343 9954 2.958039892 0.02224859546 0.5
1344 1345 0 0 0.5
1344 9954 2.958039892 0.02224859546 0.5
1345 1347 0 0 0.5
1347 1350 3.398529094 0.05296225071 0.5
1347 1354 0 0 0.5
1347 1357 3.422718218 0.05454356057 0.5
1348 1351 3.328062499 0.05454356057 0.5
1348 1352 2.979093822 0.02291287847 0.5
1348 1353 2.979093822 0.02291287847 0.5
1348 1358 3.422718218 0.05454356057 0.5
1349 1357 3.422718218 0.05454356057 0.5
1349 3798 3.398529094 0.05296225071 0.5
1350 1356 3.398529094 0.05296225071 0.5
1350 3797 3.398529094 0.05296225071 0.5
1350 3799 2.958039892 0.02224859546 0.5
1350 3800 2.958039892 0.02224859546 0.5
1351 1354 0 0 0.5
1351 3796 3.328062499 0.05454356057 0.5
1351 3801 0 0 0.5
1352 1354 0 0 0.5
1352 3798 2.958039892 0.02224859546 0.5
1353 1354 0 0 0.5
1353 3798 2.958039892 0.02224859546 0.5
1354 1356 0 0 0.5
1356 1359 3.398529094 0.05296225071 0.5
1356 1364 0 0 0.5
1357 1360 3.328062499 0.05454356057 0.5
1357 1362 2.979093822 0.02291287847 0.5
1357 1363 2.979093822 0.02291287847 0.5
1358 1361 0 0 0.5
1360 1364 0 0 0.5
1361 1362 0 0 0.5
1361 1363 0 0 0.5
1362 1364 0 0 0.5
1363 1364 0 0 0.5
1366 1369 3.398529094 0.05296225071 0.5
1366 1373 0 0 0.5
1366 1376 3.422718218 0.05454356057 0.5
1366 1387 3.398529094 0.05296225071 0.5
1366 1391 0 0 0.5
1367 1370 3.328062499 0.05454356057 0.5
1367 1371 2.979093822 0.02291287847 0.5
1367 1372 2.979093822 0.02291287847 0.5
1367 1377 3.422718218 0.05454356057 0.5
1367 1384 3.422718218 0.05454356057 0.5
1367 1386 3.422718218 0.05454356057 0.5
1368 1376 3.422718218 0.05454356057 0.5
1368 1385 3.422718218 0.05454356057 0.5
1368 2471 3.398529094 0.05296225071 0.5
1369 1375 3.398529094 0.05296225071 0.5
1369 2470 3.398529094 0.05296225071 0.5
1369 2472 2.958039892 0.02224859546 0.5
1369 2473 2.958039892 0.02224859546 0.5
1370 1373 0 0 0.5
1370 2469 3.328062499 0.05454356057 0.5
1370 2474 0 0 0.5
1371 1373 0 0 0.5
1371 2471 2.958039892 0.02224859546 0.5
1372 1373 0 0 0.5
1372 2471 2.958039892 0.02224859546 0.5
1373 1375 0 0 0.5
1375 1378 3.398529094 0.05296225071 0.5
1375 1382 0 0 0.5
1375 1385 3.422718218 0.05454356057 0.5
1376 1379 3.328062499 0.05454356057 0.5
1376 1380 2.979093822 0.02291287847 0.5
1376 1381 2.979093822 0.02291287847 0.5
1376 1386 3.422718218 0.05454356057 0.5
1377 1385 3.422718218 0.05454356057 0.5
1377 2879 3.398529094 0.05296225071 0.5
1378 1384 3.398529094 0.05296225071 0.5
1378 2878 3.398529094 0.05296225071 0.5
1378 2880 2.958039892 0.02224859546 0.5
1378 2881 2.958039892 0.02224859546 0.5
1379 1382 0 0 0.5
1379 2877 3.328062499 0.05454356057 0.5
1379 2882 0 0 0.5
1380 1382 0 0 0.5
1380 2879 2.958039892 0.02224859546 0.5
1381 1382 0 0 0.5
1381 2879 2.958039892 0.02224859546 0.5
1382 1384 0 0 0.5
1384 1387 3.398529094 0.05296225071 0.5
1384 1391 0 0 0.5
1385 1388 3.328062499 0.05454356057 0.5
1385 1389 2.979093822 0.02291287847 0.5
1385 1390 2.979093822 0.02291287847 0.5
1386 4279 3.398529094 0.05296225071 0.5
1387 4278 3.398529094 0.05296225071 0.5
1387 4280 2.958039892 0.02224859546 0.5
1387 4281 2.958039892 0.02224859546 0.5
1388 1391 0 0 0.5
1388 4277 3.328062499 0.05454356057 0.5
1388 4282 0 0 0.5
1389 1391 0 0 0.5
1389 4279 2.958039892 0.02224859546 0.5
1390 1391 0 0 0.5
1390 4279 2.958039892 0.02224859546 0.5
1393 1396 3.398529094 0.05296225071 0.5
1393 1400 0 0 0.5
1393 1403 3.422718218 0.05454356057 0.5
1393 1415 3.398529094 0.05296225071 0.5
1393 1419 0 0 0.5
1394 1397 3.328062499 0.05454356057 0.5
1394 1398 2.979093822 0.02291287847 0.5
1394 1399 2.979093822 0.02291287847 0.5
1394 1404 3.422718218 0.05454356057 0.5
1394 1412 3.422718218 0.05454356057 0.5
1394 1414 3.422718218 0.05454356057 0.5
1395 1403 3.422718218 0.05454356057 0.5
1395 1413 3.422718218 0.05454356057 0.5
1395 12804 3.398529094 0.05296225071 0.5
1396 1402 3.398529094 0.05296225071 0.5
1396 12803 3.398529094 0.05296225071 0.5
1396 12805 2.958039892 0.02224859546 0.5
1396 12806 2.958039892 0.02224859546 0.5
1397 1400 0 0 0.5
1397 12802 3.328062499 0.05454356057 0.5
1397 12807 0 0 0.5
1398 1400 0 0 0.5
1398 12804 2.958039892 0.02224859546 0.5
1399 1400 0 0 0.5
1399 12804 2.958039892 0.02224859546 0.5
1400 1402 0 0 0.5
1402 1405 3.398529094 0.05296225071 0.5
1402 1410 0 0 0.5
1402 1413 3.422718218 0.05454356057 0.5
1403 1406 3.328062499 0.05454356057 0.5
1403 1408 2.979093822 0.02291287847 0.5
1403 1409 2.979093822 0.02291287847 0.5
1403 1414 3.422718218 0.05454356057 0.5
1404 1407 0 0 0.5
1404 1413 3.422718218 0.05454356057 0.5
1405 1412 3.398529094 0.05296225071 0.5
1406 1410 0 0 0.5
1407 1408 0 0 0.5
1407 1409 0 0 0.5
1408 1410 0 0 0.5
1409 1410 0 0 0.5
1410 1412 0 0 0.5
1412 1415 3.398529094 0.05296225071 0.5
1412 1419 0 0 0.5
1413 1416 3.328062499 0.05454356057 0.5
1413 1417 2.979093822 0.02291287847 0.5
1413 1418 2.979093822 0.02291287847 0.5
1414 2828 3.398529094 0.05296225071 0.5
1415 2827 3.398529094 0.05296225071 0.5
1415 2829 2.958039892 0.02224859546 0.5
1415 2830 2.958039892 0.02224859546 0.5
1416 1419 0 0 0.5
1416 2826 3.328062499 0.05454356057 0.5
1416 2831 0 0 0.5
1417 1419 0 0 0.5
1417 2828 2.958039892 0.02224859546 0.5
1418 1419 0 0 0.5
1418 2828 2.958039892 0.02224859546 0.5
1421 1424 3.398529094 0.05296225071 0.5
1421 1427 0 0 0.5
1421 1430 3.422718218 0.05454356057 0.5
1421 1441 3.398529094 0.05296225071 0.5
1421 1445 0 0 0.5
1422 1425 2.979093822 0.02291287847 0.5
1422 1426 2.979093822 0.02291287847 0.5
1422 1431 3.422718218 0.05454356057 0.5
1422 1438 3.422718218 0.05454356057 0.5
1422 1440 3.422718218 0.05454356057 0.5
1423 1430 3.422718218 0.05454356057 0.5
1423 1439 3.422718218 0.05454356057 0.5
1424 1429 3.398529094 0.05296225071 0.5
1425 1427 0 0 0.5
1426 1427 0 0 0.5
1427 1429 0 0 0.5
1429 1432 3.398529094 0.05296225071 0.5
1429 1436 0 0 0.5
1429 1439 3.422718218 0.05454356057 0.5
1430 1433 3.328062499 0.05454356057 0.5
1430 1434 2.979093822 0.02291287847 0.5
1430 1435 2.979093822 0.02291287847 0.5
1430 1440 3.422718218 0.05454356057 0.5
1431 1439 3.422718218 0.05454356057 0.5
1431 8354 3.398529094 0.05296225071 0.5
1432 1438 3.398529094 0.05296225071 0.5
1432 8353 3.398529094 0.05296225071 0.5
1432 8355 2.958039892 0.02224859546 0.5
1432 8356 2.958039892 0.02224859546 0.5
1433 1436 0 0 0.5
1433 8352 3.328062499 0.05454356057 0.5
1433 8357 0 0 0.5
1434 1436 0 0 0.5
1434 8354 2.958039892 0.02224859546 0.5
1435 1436 0 0 0.5
1435 8354 2.958039892 0.02224859546 0.5
1436 1438 0 0 0.5
1438 1441 3.398529094 0.05296225071 0.5
1438 1445 0 0 0.5
1439 1442 3.328062499 0.05454356057 0.5
1439 1443 2.979093822 0.02291287847 0.5
1439 1444 2.979093822 0.02291287847 0.5
1440 4168 3.398529094 0.05296225071 0.5
1441 4167 3.398529094 0.05296225071 0.5
1441 4169 2.958039892 0.02224859546 0.5
1441 4170 2.958039892 0.02224859546 0.5
1442 1445 0 0 0.5
1442 4166 3.328062499 0.05454356057 0.5
1442 4171 0 0 0.5
1443 1445 0 0 0.5
1443 4168 2.958039892 0.02224859546 0.5
1444 1445 0 0 0.5
1444 4168 2.958039892 0.02224859546 0.5
1447 1450 3.398529094 0.05296225071 0.5
1447 1454 0 0 0.5
1447 1457 3.422718218 0.05454356057 0.5
1447 1468 3.398529094 0.05296225071 0.5
1447 1472 0 0 0.5
1448 1451 3.328062499 0.05454356057 0.5
1448 1452 2.979093822 0.02291287847 0.5
1448 1453 2.979093822 0.02291287847 0.5
1448 1458 3.422718218 0.05454356057 0.5
1448 1465 3.422718218 0.05454356057 0.5
1448 1467 3.422718218 0.05454356057 0.5
1449 1457 3.422718218 0.05454356057 0.5
1449 1466 3.422718218 0.05454356057 0.5
1449 8050 3.398529094 0.05296225071 0.5
1450 1456 3.398529094 0.05296225071 0.5
1450 8049 3.398529094 0.05296225071 0.5
1450 8051 2.958039892 0.02224859546 0.5
1450 8052 2.958039892 0.02224859546 0.5
1451 1454 0 0 0.5
1451 8048 3.328062499 0.05454356057 0.5
1451 8053 0 0 0.5
1452 1454 0 0 0.5
1452 8050 2.958039892 0.02224859546 0.5
1453 1454 0 0 0.5
1453 8050 2.958039892 0.02224859546 0.5
1454 1456 0 0 0.5
1456 1459 3.398529094 0.05296225071 0.5
1456 1463 0 0 0.5
1456 1466 3.422718218 0.05454356057 0.5
1457 1460 3.328062499 0.05454356057 0.5
1457 1461 2.979093822 0.02291287847 0.5
1457 1462 2.979093822 0.02291287847 0.5
1457 1467 3.422718218 0.05454356057 0.5
1458 1466 3.422718218 0.05454356057 0.5
1458 5407 3.398529094 0.05296225071 0.5
1459 1465 3.398529094 0.05296225071 0.5
1459 5406 3.398529094 0.05296225071 0.5
1459 5408 2.958039892 0.02224859546 0.5
1459 5409 2.958039892 0.02224859546 0.5
1460 1463 0 0 0.5
1460 5405 3.328062499 0.05454356057 0.5
1460 5410 0 0 0.5
1461 1463 0 0 0.5
1461 5407 2.958039892 0.02224859546 0.5
1462 1463 0 0 0.5
1462 5407 2.958039892 0.02224859546 0.5
1463 1465 0 0 0.5
1465 1468 3.398529094 0.05296225071 0.5
1465 1472 0 0 0.5
1466 1469 3.328062499 0.05454356057 0.5
1466 1470 2.979093822 0.02291287847 0.5
1466 1471 2.979093822 0.02291287847 0.5
1467 3832 3.398529094 0.05296225071 0.5
1468 3831 3.398529094 0.05296225071 0.5
1468 3833 2.958039892 0.02224859546 0.5
1468 3834 2.958039892 0.02224859546 0.5
1469 1472 0 0 0.5
1469 3830 3.328062499 0.05454356057 0.5
1469 3835 0 0 0.5
1470 1472 0 0 0.5
1470 3832 2.958039892 0.02224859546 0.5
1471 1472 0 0 0.5
1471 3832 2.958039892 0.02224859546 0.5
1474 1477 3.398529094 0.05296225071 0.5
1474 1481 0 0 0.5
1474 1484 3.422718218 0.05454356057 0.5
1474 1495 3.398529094 0.05296225071 0.5
1474 1499 0 0 0.5
1475 1478 3.328062499 0.05454356057 0.5
1475 1479 2.979093822 0.02291287847 0.5
1475 1480 2.979093822 0.02291287847 0.5
1475 1485 3.422718218 0.05454356057 0.5
1475 1492 3.422718218 0.05454356057 0.5
1475 1494 3.422718218 0.05454356057 0.5
1476 1484 3.422718218 0.05454356057 0.5
1476 1493 3.422718218 0.05454356057 0.5
1476 10927 3.398529094 0.05296225071 0.5
1477 1483 3.398529094 0.05296225071 0.5
1477 10926 3.398529094 0.05296225071 0.5
1477 10928 2.958039892 0.02224859546 0.5
1477 10929 2.958039892 0.02224859546 0.5
1478 1481 0 0 0.5
1478 10925 3.328062499 0.05454356057 0.5
1478 10930 0 0 0.5
1479 1481 0 0 0.5
1479 10927 2.958039892 0.02224859546 0.5
1480 1481 0 0 0.5
1480 10927 2.958039892 0.02224859546 0.5
1481 1483 0 0 0.5
1483 1486 3.398529094 0.05296225071 0.5
1483 1490 0 0 0.5
1483 1493 3.422718218 0.05454356057 0.5
1484 1487 3.328062499 0.05454356057 0.5
1484 1488 2.979093822 0.02291287847 0.5
1484 1489 2.979093822 0.02291287847 0.5
1484 1494 3.422718218 0.05454356057 0.5
1485 1493 3.422718218 0.05454356057 0.5
1485 8296 3.398529094 0.05296225071 0.5
1486 1492 3.398529094 0.05296225071 0.5
1486 8295 3.398529094 0.05296225071 0.5
1486 8297 2.958039892 0.02224859546 0.5
1486 8298 2.958039892 0.02224859546 0.5
1487 1490 0 0 0.5
1487 8294 3.328062499 0.05454356057 0.5
1487 8299 0 0 0.5
1488 1490 0 0 0.5
1488 8296 2.958039892 0.02224859546 0.5
1489 1490 0 0 0.5
1489 8296 2.958039892 0.02224859546 0.5
1490 1492 0 0 0.5
1492 1495 3.398529094 0.05296225071 0.5
1492 1499 0 0 0.5
1493 1496 3.328062499 0.05454356057 0.5
1493 1497 2.979093822 0.02291287847 0.5
1493 1498 2.979093822 0.02291287847 0.5
1494 3604 3.398529094 0.05296225071 0.5
1495 3603 3.398529094 0.05296225071 0.5
1495 3605 2.958039892 0.02224859546 0.5
1495 3606 2.958039892 0.02224859546 0.5
1496 1499 0 0 0.5
1496 3602 3.328062499 0.05454356057 0.5
1496 3607 0 0 0.5
1497 1499 0 0 0.5
1497 3604 2.958039892 0.02224859546 0.5
1498 1499 0 0 0.5
1498 3604 2.958039892 0.02224859546 0.5
1501 1504 3.398529094 0.05296225071 0.5
1501 1508 0 0 0.5
1501 1511 3.422718218 0.05454356057 0.5
1501 1522 3.398529094 0.05296225071 0.5
1501 1526 0 0 0.5
1502 1505 3.328062499 0.05454356057 0.5
1502 1506 2.979093822 0.02291287847 0.5
1502 1507 2.979093822 0.02291287847 0.5
1502 1512 3.422718218 0.05454356057 0.5
1502 1519 3.422718218 0.05454356057 0.5
1502 1521 3.422718218 0.05454356057 0.5
1503 1511 3.422718218 0.05454356057 0.5
1503 1520 3.422718218 0.05454356057 0.5
1503 10167 3.398529094 0.05296225071 0.5
1504 1510 3.398529094 0.05296225071 0.5
1504 10166 3.398529094 0.05296225071 0.5
1504 10168 2.958039892 0.02224859546 0.5
1504 10169 2.958039892 0.02224859546 0.5
1505 1508 0 0 0.5
1505 10165 3.328062499 0.05454356057 0.5
1505 10170 0 0 0.5
1506 1508 0 0 0.5
1506 10167 2.958039892 0.02224859546 0.5
1507 1508 0 0 0.5
1507 10167 2.958039892 0.02224859546 0.5
1508 1510 0 0 0.5
1510 1513 3.398529094 0.05296225071 0.5
1510 1517 0 0 0.5
1510 1520 3.422718218 0.05454356057 0.5
1511 1514 3.328062499 0.05454356057 0.5
1511 1515 2.979093822 0.02291287847 0.5
1511 1516 2.979093822 0.02291287847 0.5
1511 1521 3.422718218 0.05454356057 0.5
1512 1520 3.422718218 0.05454356057 0.5
1512 11759 3.398529094 0.05296225071 0.5
1513 1519 3.398529094 0.05296225071 0.5
1513 11758 3.398529094 0.05296225071 0.5
1513 11760 2.958039892 0.02224859546 0.5
1513 11761 2.958039892 0.02224859546 0.5
1514 1517 0 0 0.5
1514 11757 3.328062499 0.05454356057 0.5
1514 11762 0 0 0.5
1515 1517 0 0 0.5
1515 11759 2.958039892 0.02224859546 0.5
1516 1517 0 0 0.5
1516 11759 2.958039892 0.02224859546 0.5
1517 1519 0 0 0.5
1519 1522 3.398529094 0.05296225071 0.5
1519 1526 0 0 0.5
1520 1523 3.328062499 0.05454356057 0.5
1520 1524 2.979093822 0.02291287847 0.5
1520 1525 2.979093822 0.02291287847 0.5
1521 3913 3.398529094 0.05296225071 0.5
1522 3912 3.398529094 0.05296225071 0.5
1522 3914 2.958039892 0.02224859546 0.5
1522 3915 2.958039892 0.02224859546 0.5
1523 1526 0 0 0.5
1523 3911 3.328062499 0.05454356057 0.5
1523 3916 0 0 0.5
1524 1526 0 0 0.5
1524 3913 2.958039892 0.02224859546 0.5
1525 1526 0 0 0.5
1525 3913 2.958039892 0.02224859546 0.5
1528 1531 3.398529094 0.05296225071 0.5
1528 1535 0 0 0.5
1528 1538 3.422718218 0.05454356057 0.5
1528 1549 3.398529094 0.05296225071 0.5
1528 1553 0 0 0.5
1529 1532 3.328062499 0.05454356057 0.5
1529 1533 2.979093822 0.02291287847 0.5
1529 1534 2.979093822 0.02291287847 0.5
1529 1539 3.422718218 0.05454356057 0.5
1529 1546 3.422718218 0.05454356057 0.5
1529 1548 3.422718218 0.05454356057 0.5
1530 1538 3.422718218 0.05454356057 0.5
1530 1547 3.422718218 0.05454356057 0.5
1530 3596 3.398529094 0.05296225071 0.5
1531 1537 3.398529094 0.05296225071 0.5
1531 3595 3.398529094 0.05296225071 0.5
1531 3597 2.958039892 0.02224859546 0.5
1531 3598 2.958039892 0.02224859546 0.5
1532 1535 0 0 0.5
1532 3594 3.328062499 0.05454356057 0.5
1532 3599 0 0 0.5
1533 1535 0 0 0.5
1533 3596 2.958039892 0.02224859546 0.5
1534 1535 0 0 0.5
1534 3596 2.958039892 0.02224859546 0.5
1535 1537 0 0 0.5
1537 1540 3.398529094 0.05296225071 0.5
1537 1544 0 0 0.5
1537 1547 3.422718218 0.05454356057 0.5
1538 1541 3.328062499 0.05454356057 0.5
1538 1542 2.979093822 0.02291287847 0.5
1538 1543 2.979093822 0.02291287847 0.5
1538 1548 3.422718218 0.05454356057 0.5
1539 1547 3.422718218 0.05454356057 0.5
1539 9266 3.398529094 0.05296225071 0.5
1540 1546 3.398529094 0.05296225071 0.5
1540 9265 3.398529094 0.05296225071 0.5
1540 9267 2.958039892 0.02224859546 0.5
1540 9268 2.958039892 0.02224859546 0.5
1541 1544 0 0 0.5
1541 9264 3.328062499 0.05454356057 0.5
1541 9269 0 0 0.5
1542 1544 0 0 0.5
1542 9266 2.958039892 0.02224859546 0.5
1543 1544 0 0 0.5
1543 9266 2.958039892 0.02224859546 0.5
1544 1546 0 0 0.5
1546 1549 3.398529094 0.05296225071 0.5
1546 1553 0 0 0.5
1547 1550 3.328062499 0.05454356057 0.5
1547 1551 2.979093822 0.02291287847 0.5
1547 1552 2.979093822 0.02291287847 0.5
1548 8169 3.398529094 0.05296225071 0.5
1549 8168 3.398529094 0.05296225071 0.5
1549 8170 2.958039892 0.02224859546 0.5
1549 8171 2.958039892 0.02224859546 0.5
1550 1553 0 0 0.5
1550 8167 3.328062499 0.05454356057 0.5
1550 8172 0 0 0.5
1551 1553 0 0 0.5
1551 8169 2.958039892 0.02224859546 0.5
1552 1553 0 0 0.5
1552 8169 2.958039892 0.02224859546 0.5
1555 1558 3.398529094 0.05296225071 0.5
1555 1561 0 0 0.5
1555 1564 3.422718218 0.05454356057 0.5
1555 1575 3.398529094 0.05296225071 0.5
1555 1579 0 0 0.5
1556 1559 2.979093822 0.02291287847 0.5
1556 1560 2.979093822 0.02291287847 0.5
1556 1565 3.422718218 0.05454356057 0.5
1556 1572 3.422718218 0.05454356057 0.5
1556 1574 3.422718218 0.05454356057 0.5
1557 1564 3.422718218 0.05454356057 0.5
1557 1573 3.422718218 0.05454356057 0.5
1558 1563 3.398529094 0.05296225071 0.5
1559 1561 0 0 0.5
1560 1561 0 0 0.5
1561 1563 0 0 0.5
1563 1566 3.398529094 0.05296225071 0.5
1563 1570 0 0 0.5
1563 1573 3.422718218 0.05454356057 0.5
1564 1567 3.328062499 0.05454356057 0.5
1564 1568 2.979093822 0.02291287847 0.5
1564 1569 2.979093822 0.02291287847 0.5
1564 1574 3.422718218 0.05454356057 0.5
1565 1573 3.422718218 0.05454356057 0.5
1565 1907 3.398529094 0.05296225071 0.5
1566 1572 3.398529094 0.05296225071 0.5
1566 1906 3.398529094 0.05296225071 0.5
1566 1908 2.958039892 0.02224859546 0.5
1566 1909 2.958039892 0.02224859546 0.5
1567 1570 0 0 0.5
1567 1905 3.328062499 0.05454356057 0.5
1567 1910 0 0 0.5
1568 1570 0 0 0.5
1568 1907 2.958039892 0.02224859546 0.5
1569 1570 0 0 0.5
1569 1907 2.958039892 0.02224859546 0.5
1570 1572 0 0 0.5
1572 1575 3.398529094 0.05296225071 0.5
1572 1579 0 0 0.5
1573 1576 3.328062499 0.05454356057 0.5
1573 1577 2.979093822 0.02291287847 0.5
1573 1578 2.979093822 0.02291287847 0.5
1574 10292 3.398529094 0.05296225071 0.5
1575 10291 3.398529094 0.05296225071 0.5
1575 10293 2.958039892 0.02224859546 0.5
1575 10294 2.958039892 0.02224859546 0.5
1576 1579 0 0 0.5
1576 10290 3.328062499 0.05454356057 0.5
1576 10295 0 0 0.5
1577 1579 0 0 0.5
1577 10292 2.958039892 0.02224859546 0.5
1578 1579 0 0 0.5
1578 10292 2.958039892 0.02224859546 0.5
1581 1584 3.398529094 0.05296225071 0.5
1581 1588 0 0 0.5
1581 1591 3.422718218 0.05454356057 0.5
1581 1602 3.398529094 0.05296225071 0.5
1581 1606 0 0 0.5
1582 1585 3.328062499 0.05454356057 0.5
1582 1586 2.979093822 0.02291287847 0.5
1582 1587 2.979093822 0.02291287847 0.5
1582 1592 3.422718218 0.05454356057 0.5
1582 1599 3.422718218 0.05454356057 0.5
1582 1601 3.422718218 0.05454356057 0.5
1583 1591 3.422718218 0.05454356057 0.5
1583 1600 3.422718218 0.05454356057 0.5
1583 3753 3.398529094 0.05296225071 0.5
1584 1590 3.398529094 0.05296225071 0.5
1584 3752 3.398529094 0.05296225071 0.5
1584 3754 2.958039892 0.02224859546 0.5
1584 3755 2.958039892 0.02224859546 0.5
1585 1588 0 0 0.5
1585 3751 3.328062499 0.05454356057 0.5
1585 3756 0 0 0.5
1586 1588 0 0 0.5
1586 3753 2.958039892 0.02224859546 0.5
1587 1588 0 0 0.5
1587 3753 2.958039892 0.02224859546 0.5
1588 1590 0 0 0.5
1590 1593 3.398529094 0.05296225071 0.5
1590 1597 0 0 0.5
1590 1600 3.422718218 0.05454356057 0.5
1591 1594 3.328062499 0.05454356057 0.5
1591 1595 2.979093822 0.02291287847 0.5
1591 1596 2.979093822 0.02291287847 0.5
1591 1601 3.422718218 0.05454356057 0.5
1592 1600 3.422718218 0.05454356057 0.5
1592 10020 3.398529094 0.05296225071 0.5
1593 1599 3.398529094 0.05296225071 0.5
1593 10019 3.398529094 0.05296225071 0.5
1593 10021 2.958039892 0.02224859546 0.5
1593 10022 2.958039892 0.02224859546 0.5
1594 1597 0 0 0.5
1594 10018 3.328062499 0.05454356057 0.5
1594 10023 0 0 0.5
1595 1597 0 0 0.5
1595 10020 2.958039892 0.02224859546 0.5
1596 1597 0 0 0.5
1596 10020 2.958039892 0.02224859546 0.5
1597 1599 0 0 0.5
1599 1602 3.398529094 0.05296225071 0.5
1599 1606 0 0 0.5
1600 1603 3.328062499 0.05454356057 0.5
1600 1604 2.979093822 0.02291287847 0.5
1600 1605 2.979093822 0.02291287847 0.5
1601 1675 3.398529094 0.05296225071 0.5
1602 1674 3.398529094 0.05296225071 0.5
1602 1676 2.958039892 0.02224859546 0.5
1602 1677 2.958039892 0.02224859546 0.5
1603 1606 0 0 0.5
1603 1673 3.328062499 0.05454356057 0.5
1603 1678 0 0 0.5
1604 1606 0 0 0.5
1604 1675 2.958039892 0.02224859546 0.5
1605 1606 0 0 0.5
1605 1675 2.958039892 0.02224859546 0.5
1608 1611 3.398529094 0.05296225071 0.5
1608 1615 0 0 0.5
1608 1618 3.422718218 0.05454356057 0.5
1608 1629 3.398529094 0.05296225071 0.5
1608 1633 0 0 0.5
1609 1612 3.328062499 0.05454356057 0.5
1609 1613 2.979093822 0.02291287847 0.5
1609 1614 2.979093822 0.02291287847 0.5
1609 1619 3.422718218 0.05454356057 0.5
1609 1626 3.422718218 0.05454356057 0.5
1609 1628 3.422718218 0.05454356057 0.5
1610 1618 3.422718218 0.05454356057 0.5
1610 1627 3.422718218 0.05454356057 0.5
1610 7203 3.398529094 0.05296225071 0.5
1611 1617 3.398529094 0.05296225071 0.5
1611 7202 3.398529094 0.05296225071 0.5
1611 7204 2.958039892 0.02224859546 0.5
1611 7205 2.958039892 0.02224859546 0.5
1612 1615 0 0 0.5
1612 7201 3.328062499 0.05454356057 0.5
1612 7206 0 0 0.5
1613 1615 0 0 0.5
1613 7203 2.958039892 0.02224859546 0.5
1614 1615 0 0 0.5
1614 7203 2.958039892 0.02224859546 0.5
1615 1617 0 0 0.5
1617 1620 3.398529094 0.05296225071 0.5
1617 1624 0 0 0.5
1617 1627 3.422718218 0.05454356057 0.5
1618 1621 3.328062499 0.05454356057 0.5
1618 1622 2.979093822 0.02291287847 0.5
1618 1623 2.979093822 0.02291287847 0.5
1618 1628 3.422718218 0.05454356057 0.5
1619 1627 3.422718218 0.05454356057 0.5
1619 12890 3.398529094 0.05296225071 0.5
1620 1626 3.398529094 0.05296225071 0.5
1620 12889 3.398529094 0.05296225071 0.5
1620 12891 2.958039892 0.02224859546 0.5
1620 12892 2.958039892 0.02224859546 0.5
1621 1624 0 0 0.5
1621 12888 3.328062499 0.05454356057 0.5
1621 12893 0 0 0.5
1622 1624 0 0 0.5
1622 12890 2.958039892 0.02224859546 0.5
1623 1624 0 0 0.5
1623 12890 2.958039892 0.02224859546 0.5
1624 1626 0 0 0.5
1626 1629 3.398529094 0.05296225071 0.5
1626 1633 0 0 0.5
1627 1630 3.328062499 0.05454356057 0.5
1627 1631 2.979093822 0.02291287847 0.5
1627 1632 2.979093822 0.02291287847 0.5
1628 10366 3.398529094 0.05296225071 0.5
1629 10365 3.398529094 0.05296225071 0.5
1629 10367 2.958039892 0.02224859546 0.5
1629 10368 2.958039892 0.02224859546 0.5
1630 1633 0 0 0.5
1630 10364 3.328062499 0.05454356057 0.5
1630 10369 0 0 0.5
1631 1633 0 0 0.5
1631 10366 2.958039892 0.02224859546 0.5
1632 1633 0 0 0.5
1632 10366 2.958039892 0.02224859546 0.5
1635 1638 3.398529094 0.05296225071 0.5
1635 1642 0 0 0.5
1635 1645 3.422718218 0.05454356057 0.5
1635 1657 3.398529094 0.05296225071 0.5
1635 1661 0 0 0.5
1636 1639 3.328062499 0.05454356057 0.5
1636 1640 2.979093822 0.02291287847 0.5
1636 1641 2.979093822 0.02291287847 0.5
1636 1646 3.422718218 0.05454356057 0.5
1636 1654 3.422718218 0.05454356057 0.5
1636 1656 3.422718218 0.05454356057 0.5
1637 1645 3.422718218 0.05454356057 0.5
1637 1655 3.422718218 0.05454356057 0.5
1637 12820 3.398529094 0.05296225071 0.5
1638 1644 3.398529094 0.05296225071 0.5
1638 12819 3.398529094 0.05296225071 0.5
1638 12821 2.958039892 0.02224859546 0.5
1638 12822 2.958039892 0.02224859546 0.5
1639 1642 0 0 0.5
1639 12818 3.328062499 0.05454356057 0.5
1639 12823 0 0 0.5
1640 1642 0 0 0.5
1640 12820 2.958039892 0.02224859546 0.5
1641 1642 0 0 0.5
1641 12820 2.958039892 0.02224859546 0.5
1642 1644 0 0 0.5
1644 1647 3.398529094 0.05296225071 0.5
1644 1652 0 0 0.5
1644 1655 3.422718218 0.05454356057 0.5
1645 1648 3.328062499 0.05454356057 0.5
1645 1650 2.979093822 0.02291287847 0.5
1645 1651 2.979093822 0.02291287847 0.5
1645 1656 3.422718218 0.05454356057 0.5
1646 1649 0 0 0.5
1646 1655 3.422718218 0.05454356057 0.5
1647 1654 3.398529094 0.05296225071 0.5
1648 1652 0 0 0.5
1649 1650 0 0 0.5
1649 1651 0 0 0.5
1650 1652 0 0 0.5
1651 1652 0 0 0.5
1652 1654 0 0 0.5
1654 1657 3.398529094 0.05296225071 0.5
1654 1661 0 0 0.5
1655 1658 3.328062499 0.05454356057 0.5
1655 1659 2.979093822 0.02291287847 0.5
1655 1660 2.979093822 0.02291287847 0.5
1656 7073 3.398529094 0.05296225071 0.5
1657 7072 3.398529094 0.05296225071 0.5
1657 7074 2.958039892 0.02224859546 0.5
1657 7075 2.958039892 0.02224859546 0.5
1658 1661 0 0 0.5
1658 7071 3.328062499 0.05454356057 0.5
1658 7076 0 0 0.5
1659 1661 0 0 0.5
1659 7073 2.958039892 0.02224859546 0.5
1660 1661 0 0 0.5
1660 7073 2.958039892 0.02224859546 0.5
1663 1666 3.398529094 0.05296225071 0.5
1663 1670 0 0 0.5
1663 1673 3.422718218 0.05454356057 0.5
1663 1683 3.398529094 0.05296225071 0.5
1663 1687 0 0 0.5
1664 1667 3.328062499 0.05454356057 0.5
1664 1668 2.979093822 0.02291287847 0.5
1664 1669 2.979093822 0.02291287847 0.5
1664 1674 3.422718218 0.05454356057 0.5
1664 1680 3.422718218 0.05454356057 0.5
1664 1682 3.422718218 0.05454356057 0.5
1665 1673 3.422718218 0.05454356057 0.5
1665 1681 3.422718218 0.05454356057 0.5
1665 10643 3.398529094 0.05296225071 0.5
1666 1672 3.398529094 0.05296225071 0.5
1666 10642 3.398529094 0.05296225071 0.5
1666 10644 2.958039892 0.02224859546 0.5
1666 10645 2.958039892 0.02224859546 0.5
1667 1670 0 0 0.5
1667 10641 3.328062499 0.05454356057 0.5
1667 10646 0 0 0.5
1668 1670 0 0 0.5
1668 10643 2.958039892 0.02224859546 0.5
1669 1670 0 0 0.5
1669 10643 2.958039892 0.02224859546 0.5
1670 1672 0 0 0.5
1672 1675 3.398529094 0.05296225071 0.5
1672 1678 0 0 0.5
1672 1681 3.422718218 0.05454356057 0.5
1673 1676 2.979093822 0.02291287847 0.5
1673 1677 2.979093822 0.02291287847 0.5
1673 1682 3.422718218 0.05454356057 0.5
1674 1681 3.422718218 0.05454356057 0.5
1675 1680 3.398529094 0.05296225071 0.5
1676 1678 0 0 0.5
1677 1678 0 0 0.5
1678 1680 0 0 0.5
1680 1683 3.398529094 0.05296225071 0.5
1680 1687 0 0 0.5
1681 1684 3.328062499 0.05454356057 0.5
1681 1685 2.979093822 0.02291287847 0.5
1681 1686 2.979093822 0.02291287847 0.5
1682 9622 3.398529094 0.05296225071 0.5
1683 9621 3.398529094 0.05296225071 0.5
1683 9623 2.958039892 0.02224859546 0.5
1683 9624 2.958039892 0.02224859546 0.5
1684 1687 0 0 0.5
1684 9620 3.328062499 0.05454356057 0.5
1684 9625 0 0 0.5
1685 1687 0 0 0.5
1685 9622 2.958039892 0.02224859546 0.5
1686 1687 0 0 0.5
1686 9622 2.958039892 0.02224859546 0.5
1689 1692 3.398529094 0.05296225071 0.5
1689 1696 0 0 0.5
1689 1699 3.422718218 0.05454356057 0.5
1689 1709 3.398529094 0.05296225071 0.5
1689 1712 0 0 0.5
1690 1693 3.328062499 0.05454356057 0.5
1690 1694 2.979093822 0.02291287847 0.5
1690 1695 2.979093822 0.02291287847 0.5
1690 1700 3.422718218 0.05454356057 0.5
1690 1706 3.422718218 0.05454356057 0.5
1690 1708 3.422718218 0.05454356057 0.5
1691 1699 3.422718218 0.05454356057 0.5
1691 1707 3.422718218 0.05454356057 0.5
1691 2704 3.398529094 0.05296225071 0.5
1692 1698 3.398529094 0.05296225071 0.5
1692 2703 3.398529094 0.05296225071 0.5
1692 2705 2.958039892 0.02224859546 0.5
1692 2706 2.958039892 0.02224859546 0.5
1693 1696 0 0 0.5
1693 2702 3.328062499 0.05454356057 0.5
1693 2707 0 0 0.5
1694 1696 0 0 0.5
1694 2704 2.958039892 0.02224859546 0.5
1695 1696 0 0 0.5
1695 2704 2.958039892 0.02224859546 0.5
1696 1698 0 0 0.5
1698 1701 3.398529094 0.05296225071 0.5
1698 1704 0 0 0.5
1698 1707 3.422718218 0.05454356057 0.5
1699 1702 2.979093822 0.02291287847 0.5
1699 1703 2.979093822 0.02291287847 0.5
1699 1708 3.422718218 0.05454356057 0.5
1700 1707 3.422718218 0.05454356057 0.5
1701 1706 3.398529094 0.05296225071 0.5
1702 1704 0 0 0.5
1703 1704 0 0 0.5
1704 1706 0 0 0.5
1706 1709 3.398529094 0.05296225071 0.5
1706 1712 0 0 0.5
1707 1710 2.979093822 0.02291287847 0.5
1707 1711 2.979093822 0.02291287847 0.5
1710 1712 0 0 0.5
1711 1712 0 0 0.5
1714 1717 3.398529094 0.05296225071 0.5
1714 1721 0 0 0.5
1714 1724 3.422718218 0.05454356057 0.5
1714 1735 3.398529094 0.05296225071 0.5
1714 1739 0 0 0.5
1715 1718 3.328062499 0.05454356057 0.5
1715 1719 2.979093822 0.02291287847 0.5
1715 1720 2.979093822 0.02291287847 0.5
1715 1725 3.422718218 0.05454356057 0.5
1715 1732 3.422718218 0.05454356057 0.5
1715 1734 3.422718218 0.05454356057 0.5
1716 1724 3.422718218 0.05454356057 0.5
1716 1733 3.422718218 0.05454356057 0.5
1716 2085 3.398529094 0.05296225071 0.5
1717 1723 3.398529094 0.05296225071 0.5
1717 2084 3.398529094 0.05296225071 0.5
1717 2086 2.958039892 0.02224859546 0.5
1717 2087 2.958039892 0.02224859546 0.5
1718 1721 0 0 0.5
1718 2083 3.328062499 0.05454356057 0.5
1718 2088 0 0 0.5
1719 1721 0 0 0.5
1719 2085 2.958039892 0.02224859546 0.5
1720 1721 0 0 0.5
1720 2085 2.958039892 0.02224859546 0.5
1721 1723 0 0 0.5
1723 1726 3.398529094 0.05296225071 0.5
1723 1730 0 0 0.5
1723 1733 3.422718218 0.05454356057 0.5
1724 1727 3.328062499 0.05454356057 0.5
1724 1728 2.979093822 0.02291287847 0.5
1724 1729 2.979093822 0.02291287847 0.5
1724 1734 3.422718218 0.05454356057 0.5
1725 1733 3.422718218 0.05454356057 0.5
1725 9081 3.398529094 0.05296225071 0.5
1726 1732 3.398529094 0.05296225071 0.5
1726 9080 3.398529094 0.05296225071 0.5
1726 9082 2.958039892 0.02224859546 0.5
1726 9083 2.958039892 0.02224859546 0.5
1727 1730 0 0 0.5
1727 9079 3.328062499 0.05454356057 0.5
1727 9084 0 0 0.5
1728 1730 0 0 0.5
1728 9081 2.958039892 0.02224859546 0.5
1729 1730 0 0 0.5
1729 9081 2.958039892 0.02224859546 0.5
1730 1732 0 0 0.5
1732 1735 3.398529094 0.05296225071 0.5
1732 1739 0 0 0.5
1733 1736 3.328062499 0.05454356057 0.5
1733 1737 2.979093822 0.02291287847 0.5
1733 1738 2.979093822 0.02291287847 0.5
1734 9696 3.398529094 0.05296225071 0.5
1735 9695 3.398529094 0.05296225071 0.5
1735 9697 2.958039892 0.02224859546 0.5
1735 9698 2.958039892 0.02224859546 0.5
1736 1739 0 0 0.5
1736 9694 3.328062499 0.05454356057 0.5
1736 9699 0 0 0.5
1737 1739 0 0 0.5
1737 9696 2.958039892 0.02224859546 0.5
1738 1739 0 0 0.5
1738 9696 2.958039892 0.02224859546 0.5
1741 1744 3.398529094 0.05296225071 0.5
1741 1748 0 0 0.5
1741 1751 3.422718218 0.05454356057 0.5
1741 1762 3.398529094 0.05296225071 0.5
1741 1767 0 0 0.5
1742 1745 3.328062499 0.05454356057 0.5
1742 1746 2.979093822 0.02291287847 0.5
1742 1747 2.979093822 0.02291287847 0.5
1742 1752 3.422718218 0.05454356057 0.5
1742 1759 3.422718218 0.05454356057 0.5
1742 1761 3.422718218 0.05454356057 0.5
1743 1751 3.422718218 0.05454356057 0.5
1743 1760 3.422718218 0.05454356057 0.5
1743 11642 3.398529094 0.05296225071 0.5
1744 1750 3.398529094 0.05296225071 0.5
1744 11641 3.398529094 0.05296225071 0.5
1744 11643 2.958039892 0.02224859546 0.5
1744 11644 2.958039892 0.02224859546 0.5
1745 1748 0 0 0.5
1745 11640 3.328062499 0.05454356057 0.5
1745 11645 0 0 0.5
1746 1748 0 0 0.5
1746 11642 2.958039892 0.02224859546 0.5
1747 1748 0 0 0.5
1747 11642 2.958039892 0.02224859546 0.5
1748 1750 0 0 0.5
1750 1753 3.398529094 0.05296225071 0.5
1750 1757 0 0 0.5
1750 1760 3.422718218 0.05454356057 0.5
1751 1754 3.328062499 0.05454356057 0.5
1751 1755 2.979093822 0.02291287847 0.5
1751 1756 2.979093822 0.02291287847 0.5
1751 1761 3.422718218 0.05454356057 0.5
1752 1760 3.422718218 0.05454356057 0.5
1752 6587 3.398529094 0.05296225071 0.5
1753 1759 3.398529094 0.05296225071 0.5
1753 6586 3.398529094 0.05296225071 0.5
1753 6588 2.958039892 0.02224859546 0.5
1753 6589 2.958039892 0.02224859546 0.5
1754 1757 0 0 0.5
1754 6585 3.328062499 0.05454356057 0.5
1754 6590 0 0 0.5
1755 1757 0 0 0.5
1755 6587 2.958039892 0.02224859546 0.5
1756 1757 0 0 0.5
1756 6587 2.958039892 0.02224859546 0.5
1757 1759 0 0 0.5
1759 1762 3.398529094 0.05296225071 0.5
1759 1767 0 0 0.5
1760 1763 3.328062499 0.05454356057 0.5
1760 1765 2.979093822 0.02291287847 0.5
1760 1766 2.979093822 0.02291287847 0.5
1761 1764 0 0 0.5
1763 1767 0 0 0.5
1764 1765 0 0 0.5
1764 1766 0 0 0.5
1765 1767 0 0 0.5
1766 1767 0 0 0.5
1769 1772 3.398529094 0.05296225071 0.5
1769 1776 0 0 0.5
1769 1779 3.422718218 0.05454356057 0.5
1769 1790 3.398529094 0.05296225071 0.5
1769 1794 0 0 0.5
1770 1773 3.328062499 0.05454356057 0.5
1770 1774 2.979093822 0.02291287847 0.5
1770 1775 2.979093822 0.02291287847 0.5
1770 1780 3.422718218 0.05454356057 0.5
1770 1787 3.422718218 0.05454356057 0.5
1770 1789 3.422718218 0.05454356057 0.5
1771 1779 3.422718218 0.05454356057 0.5
1771 1788 3.422718218 0.05454356057 0.5
1771 4576 3.398529094 0.05296225071 0.5
1772 1778 3.398529094 0.05296225071 0.5
1772 4575 3.398529094 0.05296225071 0.5
1772 4577 2.958039892 0.02224859546 0.5
1772 4578 2.958039892 0.02224859546 0.5
1773 1776 0 0 0.5
1773 4574 3.328062499 0.05454356057 0.5
1773 4579 0 0 0.5
1774 1776 0 0 0.5
1774 4576 2.958039892 0.02224859546 0.5
1775 1776 0 0 0.5
1775 4576 2.958039892 0.02224859546 0.5
1776 1778 0 0 0.5
1778 1781 3.398529094 0.05296225071 0.5
1778 1785 0 0 0.5
1778 1788 3.422718218 0.05454356057 0.5
1779 1782 3.328062499 0.05454356057 0.5
1779 1783 2.979093822 0.02291287847 0.5
1779 1784 2.979093822 0.02291287847 0.5
1779 1789 3.422718218 0.05454356057 0.5
1780 1788 3.422718218 0.05454356057 0.5
1780 11052 3.398529094 0.05296225071 0.5
1781 1787 3.398529094 0.05296225071 0.5
1781 11051 3.398529094 0.05296225071 0.5
1781 11053 2.958039892 0.02224859546 0.5
1781 11054 2.958039892 0.02224859546 0.5
1782 1785 0 0 0.5
1782 11050 3.328062499 0.05454356057 0.5
1782 11055 0 0 0.5
1783 1785 0 0 0.5
1783 11052 2.958039892 0.02224859546 0.5
1784 1785 0 0 0.5
1784 11052 2.958039892 0.02224859546 0.5
1785 1787 0 0 0.5
1787 1790 3.398529094 0.05296225071 0.5
1787 1794 0 0 0.5
1788 1791 3.328062499 0.05454356057 0.5
1788 1792 2.979093822 0.02291287847 0.5
1788 1793 2.979093822 0.02291287847 0.5
1789 5153 3.398529094 0.05296225071 0.5
1790 5152 3.398529094 0.05296225071 0.5
1790 5154 2.958039892 0.02224859546 0.5
1790 5155 2.958039892 0.02224859546 0.5
1791 1794 0 0 0.5
1791 5151 3.328062499 0.05454356057 0.5
1791 5156 0 0 0.5
1792 1794 0 0 0.5
1792 5153 2.958039892 0.02224859546 0.5
1793 1794 0 0 0.5
1793 5153 2.958039892 0.02224859546 0.5
1796 1799 3.398529094 0.05296225071 0.5
1796 1803 0 0 0.5
1796 1806 3.422718218 0.05454356057 0.5
1796 1817 3.398529094 0.05296225071 0.5
1796 1821 0 0 0.5
1797 1800 3.328062499 0.05454356057 0.5
1797 1801 2.979093822 0.02291287847 0.5
1797 1802 2.979093822 0.02291287847 0.5
1797 1807 3.422718218 0.05454356057 0.5
1797 1814 3.422718218 0.05454356057 0.5
1797 1816 3.422718218 0.05454356057 0.5
1798 1806 3.422718218 0.05454356057 0.5
1798 1815 3.422718218 0.05454356057 0.5
1798 11783 3.398529094 0.05296225071 0.5
1799 1805 3.398529094 0.05296225071 0.5
1799 11782 3.398529094 0.05296225071 0.5
1799 11784 2.958039892 0.02224859546 0.5
1799 11785 2.958039892 0.02224859546 0.5
1800 1803 0 0 0.5
1800 11781 3.328062499 0.05454356057 0.5
1800 11786 0 0 0.5
1801 1803 0 0 0.5
1801 11783 2.958039892 0.02224859546 0.5
1802 1803 0 0 0.5
1802 11783 2.958039892 0.02224859546 0.5
1803 1805 0 0 0.5
1805 1808 3.398529094 0.05296225071 0.5
1805 1812 0 0 0.5
1805 1815 3.422718218 0.05454356057 0.5
1806 1809 3.328062499 0.05454356057 0.5
1806 1810 2.979093822 0.02291287847 0.5
1806 1811 2.979093822 0.02291287847 0.5
1806 1816 3.422718218 0.05454356057 0.5
1807 1815 3.422718218 0.05454356057 0.5
1807 12171 3.398529094 0.05296225071 0.5
1808 1814 3.398529094 0.05296225071 0.5
1808 12170 3.398529094 0.05296225071 0.5
1808 12172 2.958039892 0.02224859546 0.5
1808 12173 2.958039892 0.02224859546 0.5
1809 1812 0 0 0.5
1809 12169 3.328062499 0.05454356057 0.5
1809 12174 0 0 0.5
1810 1812 0 0 0.5
1810 12171 2.958039892 0.02224859546 0.5
1811 1812 0 0 0.5
1811 12171 2.958039892 0.02224859546 0.5
1812 1814 0 0 0.5
1814 1817 3.398529094 0.05296225071 0.5
1814 1821 0 0 0.5
1815 1818 3.328062499 0.05454356057 0.5
1815 1819 2.979093822 0.02291287847 0.5
1815 1820 2.979093822 0.02291287847 0.5
1816 1854 3.398529094 0.05296225071 0.5
1817 1853 3.398529094 0.05296225071 0.5
1817 1855 2.958039892 0.02224859546 0.5
1817 1856 2.958039892 0.02224859546 0.5
1818 1821 0 0 0.5
1818 1852 3.328062499 0.05454356057 0.5
1818 1857 0 0 0.5
1819 1821 0 0 0.5
1819 1854 2.958039892 0.02224859546 0.5
1820 1821 0 0 0.5
1820 1854 2.958039892 0.02224859546 0.5
1823 1826 3.398529094 0.05296225071 0.5
1823 1830 0 0 0.5
1823 1833 3.422718218 0.05454356057 0.5
1823 1845 3.398529094 0.05296225071 0.5
1823 1849 0 0 0.5
1824 1827 3.328062499 0.05454356057 0.5
1824 1828 2.979093822 0.02291287847 0.5
1824 1829 2.979093822 0.02291287847 0.5
1824 1834 3.422718218 0.05454356057 0.5
1824 1842 3.422718218 0.05454356057 0.5
1824 1844 3.422718218 0.05454356057 0.5
1825 1833 3.422718218 0.05454356057 0.5
1825 1843 3.422718218 0.05454356057 0.5
1825 9688 3.398529094 0.05296225071 0.5
1826 1832 3.398529094 0.05296225071 0.5
1826 9687 3.398529094 0.05296225071 0.5
1826 9689 2.958039892 0.02224859546 0.5
1826 9690 2.958039892 0.02224859546 0.5
1827 1830 0 0 0.5
1827 9686 3.328062499 0.05454356057 0.5
1827 9691 0 0 0.5
1828 1830 0 0 0.5
1828 9688 2.958039892 0.02224859546 0.5
1829 1830 0 0 0.5
1829 9688 2.958039892 0.02224859546 0.5
1830 1832 0 0 0.5
1832 1835 3.398529094 0.05296225071 0.5
1832 1840 0 0 0.5
1832 1843 3.422718218 0.05454356057 0.5
1833 1836 3.328062499 0.05454356057 0.5
1833 1838 2.979093822 0.02291287847 0.5
1833 1839 2.979093822 0.02291287847 0.5
1833 1844 3.422718218 0.05454356057 0.5
1834 1837 0 0 0.5
1834 1843 3.422718218 0.05454356057 0.5
1835 1842 3.398529094 0.05296225071 0.5
1836 1840 0 0 0.5
1837 1838 0 0 0.5
1837 1839 0 0 0.5
1838 1840 0 0 0.5
1839 1840 0 0 0.5
1840 1842 0 0 0.5
1842 1845 3.398529094 0.05296225071 0.5
1842 1849 0 0 0.5
1843 1846 3.328062499 0.05454356057 0.5
1843 1847 2.979093822 0.02291287847 0.5
1843 1848 2.979093822 0.02291287847 0.5
1844 12386 3.398529094 0.05296225071 0.5
1845 12385 3.398529094 0.05296225071 0.5
1845 12387 2.958039892 0.02224859546 0.5
1845 12388 2.958039892 0.02224859546 0.5
1846 1849 0 0 0.5
1846 12384 3.328062499 0.05454356057 0.5
1846 12389 0 0 0.5
1847 1849 0 0 0.5
1847 12386 2.958039892 0.02224859546 0.5
1848 1849 0 0 0.5
1848 12386 2.958039892 0.02224859546 0.5
1851 1854 3.398529094 0.05296225071 0.5
1851 1857 0 0 0.5
1851 1860 3.422718218 0.05454356057 0.5
1851 1871 3.398529094 0.05296225071 0.5
1851 1875 0 0 0.5
1852 1855 2.979093822 0.02291287847 0.5
1852 1856 2.979093822 0.02291287847 0.5
1852 1861 3.422718218 0.05454356057 0.5
1852 1868 3.422718218 0.05454356057 0.5
1852 1870 3.422718218 0.05454356057 0.5
1853 1860 3.422718218 0.05454356057 0.5
1853 1869 3.422718218 0.05454356057 0.5
1854 1859 3.398529094 0.05296225071 0.5
1855 1857 0 0 0.5
1856 1857 0 0 0.5
1857 1859 0 0 0.5
1859 1862 3.398529094 0.05296225071 0.5
1859 1866 0 0 0.5
1859 1869 3.422718218 0.05454356057 0.5
1860 1863 3.328062499 0.05454356057 0.5
1860 1864 2.979093822 0.02291287847 0.5
1860 1865 2.979093822 0.02291287847 0.5
1860 1870 3.422718218 0.05454356057 0.5
1861 1869 3.422718218 0.05454356057 0.5
1861 5799 3.398529094 0.05296225071 0.5
1862 1868 3.398529094 0.05296225071 0.5
1862 5798 3.398529094 0.05296225071 0.5
1862 5800 2.958039892 0.02224859546 0.5
1862 5801 2.958039892 0.02224859546 0.5
1863 1866 0 0 0.5
1863 5797 3.328062499 0.05454356057 0.5
1863 5802 0 0 0.5
1864 1866 0 0 0.5
1864 5799 2.958039892 0.02224859546 0.5
1865 1866 0 0 0.5
1865 5799 2.958039892 0.02224859546 0.5
1866 1868 0 0 0.5
1868 1871 3.398529094 0.05296225071 0.5
1868 1875 0 0 0.5
1869 1872 3.328062499 0.05454356057 0.5
1869 1873 2.979093822 0.02291287847 0.5
1869 1874 2.979093822 0.02291287847 0.5
1870 12306 3.398529094 0.05296225071 0.5
1871 12305 3.398529094 0.05296225071 0.5
1871 12307 2.958039892 0.02224859546 0.5
1871 12308 2.958039892 0.02224859546 0.5
1872 1875 0 0 0.5
1872 12304 3.328062499 0.05454356057 0.5
1872 12309 0 0 0.5
1873 1875 0 0 0.5
1873 12306 2.958039892 0.02224859546 0.5
1874 1875 0 0 0.5
1874 12306 2.958039892 0.02224859546 0.5
1877 1880 3.398529094 0.05296225071 0.5
1877 1884 0 0 0.5
1877 1887 3.422718218 0.05454356057 0.5
1877 1898 3.398529094 0.05296225071 0.5
1877 1902 0 0 0.5
1878 1881 3.328062499 0.05454356057 0.5
1878 1882 2.979093822 0.02291287847 0.5
1878 1883 2.979093822 0.02291287847 0.5
1878 1888 3.422718218 0.05454356057 0.5
1878 1895 3.422718218 0.05454356057 0.5
1878 1897 3.422718218 0.05454356057 0.5
1879 1887 3.422718218 0.05454356057 0.5
1879 1896 3.422718218 0.05454356057 0.5
1879 2110 3.398529094 0.05296225071 0.5
1880 1886 3.398529094 0.05296225071 0.5
1880 2109 3.398529094 0.05296225071 0.5
1880 2111 2.958039892 0.02224859546 0.5
1880 2112 2.958039892 0.02224859546 0.5
1881 1884 0 0 0.5
1881 2108 3.328062499 0.05454356057 0.5
1881 2113 0 0 0.5
1882 1884 0 0 0.5
1882 2110 2.958039892 0.02224859546 0.5
1883 1884 0 0 0.5
1883 2110 2.958039892 0.02224859546 0.5
1884 1886 0 0 0.5
1886 1889 3.398529094 0.05296225071 0.5
1886 1893 0 0 0.5
1886 1896 3.422718218 0.05454356057 0.5
1887 1890 3.328062499 0.05454356057 0.5
1887 1891 2.979093822 0.02291287847 0.5
1887 1892 2.979093822 0.02291287847 0.5
1887 1897 3.422718218 0.05454356057 0.5
1888 1896 3.422718218 0.05454356057 0.5
1888 12274 3.398529094 0.05296225071 0.5
1889 1895 3.398529094 0.05296225071 0.5
1889 12273 3.398529094 0.05296225071 0.5
1889 12275 2.958039892 0.02224859546 0.5
1889 12276 2.958039892 0.02224859546 0.5
1890 1893 0 0 0.5
1890 12272 3.328062499 0.05454356057 0.5
1890 12277 0 0 0.5
1891 1893 0 0 0.5
1891 12274 2.958039892 0.02224859546 0.5
1892 1893 0 0 0.5
1892 12274 2.958039892 0.02224859546 0.5
1893 1895 0 0 0.5
1895 1898 3.398529094 0.05296225071 0.5
1895 1902 0 0 0.5
1896 1899 3.328062499 0.05454356057 0.5
1896 1900 2.979093822 0.02291287847 0.5
1896 1901 2.979093822 0.02291287847 0.5
1897 12139 3.398529094 0.05296225071 0.5
1898 12138 3.398529094 0.05296225071 0.5
1898 12140 2.958039892 0.02224859546 0.5
1898 12141 2.958039892 0.02224859546 0.5
1899 1902 0 0 0.5
1899 12137 3.328062499 0.05454356057 0.5
1899 12142 0 0 0.5
1900 1902 0 0 0.5
1900 12139 2.958039892 0.02224859546 0.5
1901 1902 0 0 0.5
1901 12139 2.958039892 0.02224859546 0.5
1904 1907 3.398529094 0.05296225071 0.5
1904 1910 0 0 0.5
1904 1913 3.422718218 0.05454356057 0.5
1904 1924 3.398529094 0.05296225071 0.5
1904 1927 0 0 0.5
1905 1908 2.979093822 0.02291287847 0.5
1905 1909 2.979093822 0.02291287847 0.5
1905 1914 3.422718218 0.05454356057 0.5
1905 1921 3.422718218 0.05454356057 0.5
1905 1923 3.422718218 0.05454356057 0.5
1906 1913 3.422718218 0.05454356057 0.5
1906 1922 3.422718218 0.05454356057 0.5
1907 1912 3.398529094 0.05296225071 0.5
1908 1910 0 0 0.5
1909 1910 0 0 0.5
1910 1912 0 0 0.5
1912 1915 3.398529094 0.05296225071 0.5
1912 1919 0 0 0.5
1912 1922 3.422718218 0.05454356057 0.5
1913 1916 3.328062499 0.05454356057 0.5
1913 1917 2.979093822 0.02291287847 0.5
1913 1918 2.979093822 0.02291287847 0.5
1913 1923 3.422718218 0.05454356057 0.5
1914 1922 3.422718218 0.05454356057 0.5
1914 4358 3.398529094 0.05296225071 0.5
1915 1921 3.398529094 0.05296225071 0.5
1915 4357 3.398529094 0.05296225071 0.5
1915 4359 2.958039892 0.02224859546 0.5
1915 4360 2.958039892 0.02224859546 0.5
1916 1919 0 0 0.5
1916 4356 3.328062499 0.05454356057 0.5
1916 4361 0 0 0.5
1917 1919 0 0 0.5
1917 4358 2.958039892 0.02224859546 0.5
1918 1919 0 0 0.5
1918 4358 2.958039892 0.02224859546 0.5
1919 1921 0 0 0.5
1921 1924 3.398529094 0.05296225071 0.5
1921 1927 0 0 0.5
1922 1925 2.979093822 0.02291287847 0.5
1922 1926 2.979093822 0.02291287847 0.5
1925 1927 0 0 0.5
1926 1927 0 0 0.5
1929 1932 3.398529094 0.05296225071 0.5
1929 1936 0 0 0.5
1929 1939 3.422718218 0.05454356057 0.5
1929 1950 3.398529094 0.05296225071 0.5
1929 1954 0 0 0.5
1930 1933 3.328062499 0.05454356057 0.5
1930 1934 2.979093822 0.02291287847 0.5
1930 1935 2.979093822 0.02291287847 0.5
1930 1940 3.422718218 0.05454356057 0.5
1930 1947 3.422718218 0.05454356057 0.5
1930 1949 3.422718218 0.05454356057 0.5
1931 1939 3.422718218 0.05454356057 0.5
1931 1948 3.422718218 0.05454356057 0.5
1931 8523 3.398529094 0.05296225071 0.5
1932 1938 3.398529094 0.05296225071 0.5
1932 8522 3.398529094 0.05296225071 0.5
1932 8524 2.958039892 0.02224859546 0.5
1932 8525 2.958039892 0.02224859546 0.5
1933 1936 0 0 0.5
1933 8521 3.328062499 0.05454356057 0.5
1933 8526 0 0 0.5
1934 1936 0 0 0.5
1934 8523 2.958039892 0.02224859546 0.5
1935 1936 0 0 0.5
1935 8523 2.958039892 0.02224859546 0.5
1936 1938 0 0 0.5
1938 1941 3.398529094 0.05296225071 0.5
1938 1945 0 0 0.5
1938 1948 3.422718218 0.05454356057 0.5
1939 1942 3.328062499 0.05454356057 0.5
1939 1943 2.979093822 0.02291287847 0.5
1939 1944 2.979093822 0.02291287847 0.5
1939 1949 3.422718218 0.05454356057 0.5
1940 1948 3.422718218 0.05454356057 0.5
1940 4834 3.398529094 0.05296225071 0.5
1941 1947 3.398529094 0.05296225071 0.5
1941 4833 3.398529094 0.05296225071 0.5
1941 4835 2.958039892 0.02224859546 0.5
1941 4836 2.958039892 0.02224859546 0.5
1942 1945 0 0 0.5
1942 4832 3.328062499 0.05454356057 0.5
1942 4837 0 0 0.5
1943 1945 0 0 0.5
1943 4834 2.958039892 0.02224859546 0.5
1944 1945 0 0 0.5
1944 4834 2.958039892 0.02224859546 0.5
1945 1947 0 0 0.5
1947 1950 3.398529094 0.05296225071 0.5
1947 1954 0 0 0.5
1948 1951 3.328062499 0.05454356057 0.5
1948 1952 2.979093822 0.02291287847 0.5
1948 1953 2.979093822 0.02291287847 0.5
1949 2854 3.398529094 0.05296225071 0.5
1950 2853 3.398529094 0.05296225071 0.5
1950 2855 2.958039892 0.02224859546 0.5
1950 2856 2.958039892 0.02224859546 0.5
1951 1954 0 0 0.5
1951 2852 3.328062499 0.05454356057 0.5
1951 2857 0 0 0.5
1952 1954 0 0 0.5
1952 2854 2.958039892 0.02224859546 0.5
1953 1954 0 0 0.5
1953 2854 2.958039892 0.02224859546 0.5
1956 1959 3.398529094 0.05296225071 0.5
1956 1963 0 0 0.5
1956 1966 3.422718218 0.05454356057 0.5
1956 1977 3.398529094 0.05296225071 0.5
1956 1981 0 0 0.5
1957 1960 3.328062499 0.05454356057 0.5
1957 1961 2.979093822 0.02291287847 0.5
1957 1962 2.979093822 0.02291287847 0.5
1957 1967 3.422718218 0.05454356057 0.5
1957 1974 3.422718218 0.05454356057 0.5
1957 1976 3.422718218 0.05454356057 0.5
1958 1966 3.422718218 0.05454356057 0.5
1958 1975 3.422718218 0.05454356057 0.5
1958 5423 3.398529094 0.05296225071 0.5
1959 1965 3.398529094 0.05296225071 0.5
1959 5422 3.398529094 0.05296225071 0.5
1959 5424 2.958039892 0.02224859546 0.5
1959 5425 2.958039892 0.02224859546 0.5
1960 1963 0 0 0.5
1960 5421 3.328062499 0.05454356057 0.5
1960 5426 0 0 0.5
1961 1963 0 0 0.5
1961 5423 2.958039892 0.02224859546 0.5
1962 1963 0 0 0.5
1962 5423 2.958039892 0.02224859546 0.5
1963 1965 0 0 0.5
1965 1968 3.398529094 0.05296225071 0.5
1965 1972 0 0 0.5
1965 1975 3.422718218 0.05454356057 0.5
1966 1969 3.328062499 0.05454356057 0.5
1966 1970 2.979093822 0.02291287847 0.5
1966 1971 2.979093822 0.02291287847 0.5
1966 1976 3.422718218 0.05454356057 0.5
1967 1975 3.422718218 0.05454356057 0.5
1967 9024 3.398529094 0.05296225071 0.5
1968 1974 3.398529094 0.05296225071 0.5
1968 9023 3.398529094 0.05296225071 0.5
1968 9025 2.958039892 0.02224859546 0.5
1968 9026 2.958039892 0.02224859546 0.5
1969 1972 0 0 0.5
1969 9022 3.328062499 0.05454356057 0.5
1969 9027 0 0 0.5
1970 1972 0 0 0.5
1970 9024 2.958039892 0.02224859546 0.5
1971 1972 0 0 0.5
1971 9024 2.958039892 0.02224859546 0.5
1972 1974 0 0 0.5
1974 1977 3.398529094 0.05296225071 0.5
1974 1981 0 0 0.5
1975 1978 3.328062499 0.05454356057 0.5
1975 1979 2.979093822 0.02291287847 0.5
1975 1980 2.979093822 0.02291287847 0.5
1976 9418 3.398529094 0.05296225071 0.5
1977 9417 3.398529094 0.05296225071 0.5
1977 9419 2.958039892 0.02224859546 0.5
1977 9420 2.958039892 0.02224859546 0.5
1978 1981 0 0 0.5
1978 9416 3.328062499 0.05454356057 0.5
1978 9421 0 0 0.5
1979 1981 0 0 0.5
1979 9418 2.958039892 0.02224859546 0.5
1980 1981 0 0 0.5
1980 9418 2.958039892 0.02224859546 0.5
1983 1986 3.398529094 0.05296225071 0.5
1983 1990 0 0 0.5
1983 1993 3.422718218 0.05454356057 0.5
1983 2004 3.398529094 0.05296225071 0.5
1983 2008 0 0 0.5
1984 1987 3.328062499 0.05454356057 0.5
1984 1988 2.979093822 0.02291287847 0.5
1984 1989 2.979093822 0.02291287847 0.5
1984 1994 3.422718218 0.05454356057 0.5
1984 2001 3.422718218 0.05454356057 0.5
1984 2003 3.422718218 0.05454356057 0.5
1985 1993 3.422718218 0.05454356057 0.5
1985 2002 3.422718218 0.05454356057 0.5
1985 3984 3.398529094 0.05296225071 0.5
1986 1992 3.398529094 0.05296225071 0.5
1986 3983 3.398529094 0.05296225071 0.5
1986 3985 2.958039892 0.02224859546 0.5
1986 3986 2.958039892 0.02224859546 0.5
1987 1990 0 0 0.5
1987 3982 3.328062499 0.05454356057 0.5
1987 3987 0 0 0.5
1988 1990 0 0 0.5
1988 3984 2.958039892 0.02224859546 0.5
1989 1990 0 0 0.5
1989 3984 2.958039892 0.02224859546 0.5
1990 1992 0 0 0.5
1992 1995 3.398529094 0.05296225071 0.5
1992 1999 0 0 0.5
1992 2002 3.422718218 0.05454356057 0.5
1993 1996 3.328062499 0.05454356057 0.5
1993 1997 2.979093822 0.02291287847 0.5
1993 1998 2.979093822 0.02291287847 0.5
1993 2003 3.422718218 0.05454356057 0.5
1994 2002 3.422718218 0.05454356057 0.5
1994 7263 3.398529094 0.05296225071 0.5
1995 2001 3.398529094 0.05296225071 0.5
1995 7262 3.398529094 0.05296225071 0.5
1995 7264 2.958039892 0.02224859546 0.5
1995 7265 2.958039892 0.02224859546 0.5
1996 1999 0 0 0.5
1996 7261 3.328062499 0.05454356057 0.5
1996 7266 0 0 0.5
1997 1999 0 0 0.5
1997 7263 2.958039892 0.02224859546 0.5
1998 1999 0 0 0.5
1998 7263 2.958039892 0.02224859546 0.5
1999 2001 0 0 0.5
2001 2004 3.398529094 0.05296225071 0.5
2001 2008 0 0 0.5
2002 2005 3.328062499 0.05454356057 0.5
2002 2006 2.979093822 0.02291287847 0.5
2002 2007 2.979093822 0.02291287847 0.5
2003 2904 3.398529094 0.05296225071 0.5
2004 2903 3.398529094 0.05296225071 0.5
2004 2905 2.958039892 0.02224859546 0.5
2004 2906 2.958039892 0.02224859546 0.5
2005 2008 0 0 0.5
2005 2902 3.328062499 0.05454356057 0.5
2005 2907 0 0 0.5
2006 2008 0 0 0.5
2006 2904 2.958039892 0.02224859546 0.5
2007 2008 0 0 0.5
2007 2904 2.958039892 0.02224859546 0.5
2010 2013 3.398529094 0.05296225071 0.5
2010 2017 0 0 0.5
2010 2020 3.422718218 0.05454356057 0.5
2010 2031 3.398529094 0.05296225071 0.5
2010 2035 0 0 0.5
2011 2014 3.328062499 0.05454356057 0.5
2011 2015 2.979093822 0.02291287847 0.5
2011 2016 2.979093822 0.02291287847 0.5
2011 2021 3.422718218 0.05454356057 0.5
2011 2028 3.422718218 0.05454356057 0.5
2011 2030 3.422718218 0.05454356057 0.5
2012 2020 3.422718218 0.05454356057 0.5
2012 2029 3.422718218 0.05454356057 0.5
2012 10417 3.398529094 0.05296225071 0.5
2013 2019 3.398529094 0.05296225071 0.5
2013 10416 3.398529094 0.05296225071 0.5
2013 10418 2.958039892 0.02224859546 0.5
2013 10419 2.958039892 0.02224859546 0.5
2014 2017 0 0 0.5
2014 10415 3.328062499 0.05454356057 0.5
2014 10420 0 0 0.5
2015 2017 0 0 0.5
2015 10417 2.958039892 0.02224859546 0.5
2016 2017 0 0 0.5
2016 10417 2.958039892 0.02224859546 0.5
2017 2019 0 0 0.5
2019 2022 3.398529094 0.05296225071 0.5
2019 2026 0 0 0.5
2019 2029 3.422718218 0.05454356057 0.5
2020 2023 3.328062499 0.05454356057 0.5
2020 2024 2.979093822 0.02291287847 0.5
2020 2025 2.979093822 0.02291287847 0.5
2020 2030 3.422718218 0.05454356057 0.5
2021 2029 3.422718218 0.05454356057 0.5
2021 7661 3.398529094 0.05296225071 0.5
2022 2028 3.398529094 0.05296225071 0.5
2022 7660 3.398529094 0.05296225071 0.5
2022 7662 2.958039892 0.02224859546 0.5
2022 7663 2.958039892 0.02224859546 0.5
2023 2026 0 0 0.5
2023 7659 3.328062499 0.05454356057 0.5
2023 7664 0 0 0.5
2024 2026 0 0 0.5
2024 7661 2.958039892 0.02224859546 0.5
2025 2026 0 0 0.5
2025 7661 2.958039892 0.02224859546 0.5
2026 2028 0 0 0.5
2028 2031 3.398529094 0.05296225071 0.5
2028 2035 0 0 0.5
2029 2032 3.328062499 0.05454356057 0.5
2029 2033 2.979093822 0.02291287847 0.5
2029 2034 2.979093822 0.02291287847 0.5
2030 6030 3.398529094 0.05296225071 0.5
2031 6029 3.398529094 0.05296225071 0.5
2031 6031 2.958039892 0.02224859546 0.5
2031 6032 2.958039892 0.02224859546 0.5
2032 2035 0 0 0.5
2032 6028 3.328062499 0.05454356057 0.5
2032 6033 0 0 0.5
2033 2035 0 0 0.5
2033 6030 2.958039892 0.02224859546 0.5
2034 2035 0 0 0.5
2034 6030 2.958039892 0.02224859546 0.5
2037 2040 3.398529094 0.05296225071 0.5
2037 2044 0 0 0.5
2037 2047 3.422718218 0.05454356057 0.5
2037 2058 3.398529094 0.05296225071 0.5
2037 2062 0 0 0.5
2038 2041 3.328062499 0.05454356057 0.5
2038 2042 2.979093822 0.02291287847 0.5
2038 2043 2.979093822 0.02291287847 0.5
2038 2048 3.422718218 0.05454356057 0.5
2038 2055 3.422718218 0.05454356057 0.5
2038 2057 3.422718218 0.05454356057 0.5
2039 2047 3.422718218 0.05454356057 0.5
2039 2056 3.422718218 0.05454356057 0.5
2039 7678 3.398529094 0.05296225071 0.5
2040 2046 3.398529094 0.05296225071 0.5
2040 7677 3.398529094 0.05296225071 0.5
2040 7679 2.958039892 0.02224859546 0.5
2040 7680 2.958039892 0.02224859546 0.5
2041 2044 0 0 0.5
2041 7676 3.328062499 0.05454356057 0.5
2041 7681 0 0 0.5
2042 2044 0 0 0.5
2042 7678 2.958039892 0.02224859546 0.5
2043 2044 0 0 0.5
2043 7678 2.958039892 0.02224859546 0.5
2044 2046 0 0 0.5
2046 2049 3.398529094 0.05296225071 0.5
2046 2053 0 0 0.5
2046 2056 3.422718218 0.05454356057 0.5
2047 2050 3.328062499 0.05454356057 0.5
2047 2051 2.979093822 0.02291287847 0.5
2047 2052 2.979093822 0.02291287847 0.5
2047 2057 3.422718218 0.05454356057 0.5
2048 2056 3.422718218 0.05454356057 0.5
2048 3867 3.398529094 0.05296225071 0.5
2049 2055 3.398529094 0.05296225071 0.5
2049 3866 3.398529094 0.05296225071 0.5
2049 3868 2.958039892 0.02224859546 0.5
2049 3869 2.958039892 0.02224859546 0.5
2050 2053 0 0 0.5
2050 3865 3.328062499 0.05454356057 0.5
2050 3870 0 0 0.5
2051 2053 0 0 0.5
2051 3867 2.958039892 0.02224859546 0.5
2052 2053 0 0 0.5
2052 3867 2.958039892 0.02224859546 0.5
2053 2055 0 0 0.5
2055 2058 3.398529094 0.05296225071 0.5
2055 2062 0 0 0.5
2056 2059 3.328062499 0.05454356057 0.5
2056 2060 2.979093822 0.02291287847 0.5
2056 2061 2.979093822 0.02291287847 0.5
2057 12099 3.398529094 0.05296225071 0.5
2058 12098 3.398529094 0.05296225071 0.5
2058 12100 2.958039892 0.02224859546 0.5
2058 12101 2.958039892 0.02224859546 0.5
2059 2062 0 0 0.5
2059 12097 3.328062499 0.05454356057 0.5
2059 12102 0 0 0.5
2060 2062 0 0 0.5
2060 12099 2.958039892 0.02224859546 0.5
2061 2062 0 0 0.5
2061 12099 2.958039892 0.02224859546 0.5
2064 2067 3.398529094 0.05296225071 0.5
2064 2071 0 0 0.5
2064 2074 3.422718218 0.05454356057 0.5
2064 2085 3.398529094 0.05296225071 0.5
2064 2088 0 0 0.5
2065 2068 3.328062499 0.05454356057 0.5
2065 2069 2.979093822 0.02291287847 0.5
2065 2070 2.979093822 0.02291287847 0.5
2065 2075 3.422718218 0.05454356057 0.5
2065 2082 3.422718218 0.05454356057 0.5
2065 2084 3.422718218 0.05454356057 0.5
2066 2074 3.422718218 0.05454356057 0.5
2066 2083 3.422718218 0.05454356057 0.5
2066 10143 3.398529094 0.05296225071 0.5
2067 2073 3.398529094 0.05296225071 0.5
2067 10142 3.398529094 0.05296225071 0.5
2067 10144 2.958039892 0.02224859546 0.5
2067 10145 2.958039892 0.02224859546 0.5
2068 2071 0 0 0.5
2068 10141 3.328062499 0.05454356057 0.5
2068 10146 0 0 0.5
2069 2071 0 0 0.5
2069 10143 2.958039892 0.02224859546 0.5
2070 2071 0 0 0.5
2070 10143 2.958039892 0.02224859546 0.5
2071 2073 0 0 0.5
2073 2076 3.398529094 0.05296225071 0.5
2073 2080 0 0 0.5
2073 2083 3.422718218 0.05454356057 0.5
2074 2077 3.328062499 0.05454356057 0.5
2074 2078 2.979093822 0.02291287847 0.5
2074 2079 2.979093822 0.02291287847 0.5
2074 2084 3.422718218 0.05454356057 0.5
2075 2083 3.422718218 0.05454356057 0.5
2075 6781 3.398529094 0.05296225071 0.5
2076 2082 3.398529094 0.05296225071 0.5
2076 6780 3.398529094 0.05296225071 0.5
2076 6782 2.958039892 0.02224859546 0.5
2076 6783 2.958039892 0.02224859546 0.5
2077 2080 0 0 0.5
2077 6779 3.328062499 0.05454356057 0.5
2077 6784 0 0 0.5
2078 2080 0 0 0.5
2078 6781 2.958039892 0.02224859546 0.5
2079 2080 0 0 0.5
2079 6781 2.958039892 0.02224859546 0.5
2080 2082 0 0 0.5
2082 2085 3.398529094 0.05296225071 0.5
2082 2088 0 0 0.5
2083 2086 2.979093822 0.02291287847 0.5
2083 2087 2.979093822 0.02291287847 0.5
2086 2088 0 0 0.5
2087 2088 0 0 0.5
2090 2093 3.398529094 0.05296225071 0.5
2090 2097 0 0 0.5
2090 2100 3.422718218 0.05454356057 0.5
2090 2110 3.398529094 0.05296225071 0.5
2090 2113 0 0 0.5
2091 2094 3.328062499 0.05454356057 0.5
2091 2095 2.979093822 0.02291287847 0.5
2091 2096 2.979093822 0.02291287847 0.5
2091 2101 3.422718218 0.05454356057 0.5
2091 2107 3.422718218 0.05454356057 0.5
2091 2109 3.422718218 0.05454356057 0.5
2092 2100 3.422718218 0.05454356057 0.5
2092 2108 3.422718218 0.05454356057 0.5
2092 5346 3.398529094 0.05296225071 0.5
2093 2099 3.398529094 0.05296225071 0.5
2093 5345 3.398529094 0.05296225071 0.5
2093 5347 2.958039892 0.02224859546 0.5
2093 5348 2.958039892 0.02224859546 0.5
2094 2097 0 0 0.5
2094 5344 3.328062499 0.05454356057 0.5
2094 5349 0 0 0.5
2095 2097 0 0 0.5
2095 5346 2.958039892 0.02224859546 0.5
2096 2097 0 0 0.5
2096 5346 2.958039892 0.02224859546 0.5
2097 2099 0 0 0.5
2099 2102 3.398529094 0.05296225071 0.5
2099 2105 0 0 0.5
2099 2108 3.422718218 0.05454356057 0.5
2100 2103 2.979093822 0.02291287847 0.5
2100 2104 2.979093822 0.02291287847 0.5
2100 2109 3.422718218 0.05454356057 0.5
2101 2108 3.422718218 0.05454356057 0.5
2102 2107 3.398529094 0.05296225071 0.5
2103 2105 0 0 0.5
2104 2105 0 0 0.5
2105 2107 0 0 0.5
2107 2110 3.398529094 0.05296225071 0.5
2107 2113 0 0 0.5
2108 2111 2.979093822 0.02291287847 0.5
2108 2112 2.979093822 0.02291287847 0.5
2111 2113 0 0 0.5
2112 2113 0 0 0.5
2115 2118 3.398529094 0.05296225071 0.5
2115 2122 0 0 0.5
2115 2125 3.422718218 0.05454356057 0.5
2115 2136 3.398529094 0.05296225071 0.5
2115 2140 0 0 0.5
2116 2119 3.328062499 0.05454356057 0.5
2116 2120 2.979093822 0.02291287847 0.5
2116 2121 2.979093822 0.02291287847 0.5
2116 2126 3.422718218 0.05454356057 0.5
2116 2133 3.422718218 0.05454356057 0.5
2116 2135 3.422718218 0.05454356057 0.5
2117 2125 3.422718218 0.05454356057 0.5
2117 2134 3.422718218 0.05454356057 0.5
2117 9475 3.398529094 0.05296225071 0.5
2118 2124 3.398529094 0.05296225071 0.5
2118 9474 3.398529094 0.05296225071 0.5
2118 9476 2.958039892 0.02224859546 0.5
2118 9477 2.958039892 0.02224859546 0.5
2119 2122 0 0 0.5
2119 9473 3.328062499 0.05454356057 0.5
2119 9478 0 0 0.5
2120 2122 0 0 0.5
2120 9475 2.958039892 0.02224859546 0.5
2121 2122 0 0 0.5
2121 9475 2.958039892 0.02224859546 0.5
2122 2124 0 0 0.5
2124 2127 3.398529094 0.05296225071 0.5
2124 2131 0 0 0.5
2124 2134 3.422718218 0.05454356057 0.5
2125 2128 3.328062499 0.05454356057 0.5
2125 2129 2.979093822 0.02291287847 0.5
2125 2130 2.979093822 0.02291287847 0.5
2125 2135 3.422718218 0.05454356057 0.5
2126 2134 3.422718218 0.05454356057 0.5
2126 10325 3.398529094 0.05296225071 0.5
2127 2133 3.398529094 0.05296225071 0.5
2127 10324 3.398529094 0.05296225071 0.5
2127 10326 2.958039892 0.02224859546 0.5
2127 10327 2.958039892 0.02224859546 0.5
2128 2131 0 0 0.5
2128 10323 3.328062499 0.05454356057 0.5
2128 10328 0 0 0.5
2129 2131 0 0 0.5
2129 10325 2.958039892 0.02224859546 0.5
2130 2131 0 0 0.5
2130 10325 2.958039892 0.02224859546 0.5
2131 2133 0 0 0.5
2133 2136 3.398529094 0.05296225071 0.5
2133 2140 0 0 0.5
2134 2137 3.328062499 0.05454356057 0.5
2134 2138 2.979093822 0.02291287847 0.5
2134 2139 2.979093822 0.02291287847 0.5
2135 8210 3.398529094 0.05296225071 0.5
2136 8209 3.398529094 0.05296225071 0.5
2136 8211 2.958039892 0.02224859546 0.5
2136 8212 2.958039892 0.02224859546 0.5
2137 2140 0 0 0.5
2137 8208 3.328062499 0.05454356057 0.5
2137 8213 0 0 0.5
2138 2140 0 0 0.5
2138 8210 2.958039892 0.02224859546 0.5
2139 2140 0 0 0.5
2139 8210 2.958039892 0.02224859546 0.5
2142 2145 3.398529094 0.05296225071 0.5
2142 2149 0 0 0.5
2142 2152 3.422718218 0.05454356057 0.5
2142 2163 3.398529094 0.05296225071 0.5
2142 2167 0 0 0.5
2143 2146 3.328062499 0.05454356057 0.5
2143 2147 2.979093822 0.02291287847 0.5
2143 2148 2.979093822 0.02291287847 0.5
2143 2153 3.422718218 0.05454356057 0.5
2143 2160 3.422718218 0.05454356057 0.5
2143 2162 3.422718218 0.05454356057 0.5
2144 2152 3.422718218 0.05454356057 0.5
2144 2161 3.422718218 0.05454356057 0.5
2144 6677 3.398529094 0.05296225071 0.5
2145 2151 3.398529094 0.05296225071 0.5
2145 6676 3.398529094 0.05296225071 0.5
2145 6678 2.958039892 0.02224859546 0.5
2145 6679 2.958039892 0.02224859546 0.5
2146 2149 0 0 0.5
2146 6675 3.328062499 0.05454356057 0.5
2146 6680 0 0 0.5
2147 2149 0 0 0.5
2147 6677 2.958039892 0.02224859546 0.5
2148 2149 0 0 0.5
2148 6677 2.958039892 0.02224859546 0.5
2149 2151 0 0 0.5
2151 2154 3.398529094 0.05296225071 0.5
2151 2158 0 0 0.5
2151 2161 3.422718218 0.05454356057 0.5
2152 2155 3.328062499 0.05454356057 0.5
2152 2156 2.979093822 0.02291287847 0.5
2152 2157 2.979093822 0.02291287847 0.5
2152 2162 3.422718218 0.05454356057 0.5
2153 2161 3.422718218 0.05454356057 0.5
2153 10028 3.398529094 0.05296225071 0.5
2154 2160 3.398529094 0.05296225071 0.5
2154 10027 3.398529094 0.05296225071 0.5
2154 10029 2.958039892 0.02224859546 0.5
2154 10030 2.958039892 0.02224859546 0.5
2155 2158 0 0 0.5
2155 10026 3.328062499 0.05454356057 0.5
2155 10031 0 0 0.5
2156 2158 0 0 0.5
2156 10028 2.958039892 0.02224859546 0.5
2157 2158 0 0 0.5
2157 10028 2.958039892 0.02224859546 0.5
2158 2160 0 0 0.5
2160 2163 3.398529094 0.05296225071 0.5
2160 2167 0 0 0.5
2161 2164 3.328062499 0.05454356057 0.5
2161 2165 2.979093822 0.02291287847 0.5
2161 2166 2.979093822 0.02291287847 0.5
2162 4920 3.398529094 0.05296225071 0.5
2163 4919 3.398529094 0.05296225071 0.5
2163 4921 2.958039892 0.02224859546 0.5
2163 4922 2.958039892 0.02224859546 0.5
2164 2167 0 0 0.5
2164 4918 3.328062499 0.05454356057 0.5
2164 4923 0 0 0.5
2165 2167 0 0 0.5
2165 4920 2.958039892 0.02224859546 0.5
2166 2167 0 0 0.5
2166 4920 2.958039892 0.02224859546 0.5
2169 2172 3.398529094 0.05296225071 0.5
2169 2176 0 0 0.5
2169 2179 3.422718218 0.05454356057 0.5
2169 2191 3.398529094 0.05296225071 0.5
2169 2195 0 0 0.5
2170 2173 3.328062499 0.05454356057 0.5
2170 2174 2.979093822 0.02291287847 0.5
2170 2175 2.979093822 0.02291287847 0.5
2170 2180 3.422718218 0.05454356057 0.5
2170 2188 3.422718218 0.05454356057 0.5
2170 2190 3.422718218 0.05454356057 0.5
2171 2179 3.422718218 0.05454356057 0.5
2171 2189 3.422718218 0.05454356057 0.5
2171 11002 3.398529094 0.05296225071 0.5
2172 2178 3.398529094 0.05296225071 0.5
2172 11001 3.398529094 0.05296225071 0.5
2172 11003 2.958039892 0.02224859546 0.5
2172 11004 2.958039892 0.02224859546 0.5
2173 2176 0 0 0.5
2173 11000 3.328062499 0.05454356057 0.5
2173 11005 0 0 0.5
2174 2176 0 0 0.5
2174 11002 2.958039892 0.02224859546 0.5
2175 2176 0 0 0.5
2175 11002 2.958039892 0.02224859546 0.5
2176 2178 0 0 0.5
2178 2181 3.398529094 0.05296225071 0.5
2178 2186 0 0 0.5
2178 2189 3.422718218 0.05454356057 0.5
2179 2182 3.328062499 0.05454356057 0.5
2179 2184 2.979093822 0.02291287847 0.5
2179 2185 2.979093822 0.02291287847 0.5
2179 2190 3.422718218 0.05454356057 0.5
2180 2183 0 0 0.5
2180 2189 3.422718218 0.05454356057 0.5
2181 2188 3.398529094 0.05296225071 0.5
2182 2186 0 0 0.5
2183 2184 0 0 0.5
2183 2185 0 0 0.5
2184 2186 0 0 0.5
2185 2186 0 0 0.5
2186 2188 0 0 0.5
2188 2191 3.398529094 0.05296225071 0.5
2188 2195 0 0 0.5
2189 2192 3.328062499 0.05454356057 0.5
2189 2193 2.979093822 0.02291287847 0.5
2189 2194 2.979093822 0.02291287847 0.5
2190 3655 3.398529094 0.05296225071 0.5
2191 3654 3.398529094 0.05296225071 0.5
2191 3656 2.958039892 0.02224859546 0.5
2191 3657 2.958039892 0.02224859546 0.5
2192 2195 0 0 0.5
2192 3653 3.328062499 0.05454356057 0.5
2192 3658 0 0 0.5
2193 2195 0 0 0.5
2193 3655 2.958039892 0.02224859546 0.5
2194 2195 0 0 0.5
2194 3655 2.958039892 0.02224859546 0.5
2197 2200 3.398529094 0.05296225071 0.5
2197 2204 0 0 0.5
2197 2207 3.422718218 0.05454356057 0.5
2197 2218 3.398529094 0.05296225071 0.5
2197 2223 0 0 0.5
2198 2201 3.328062499 0.05454356057 0.5
2198 2202 2.979093822 0.02291287847 0.5
2198 2203 2.979093822 0.02291287847 0.5
2198 2208 3.422718218 0.05454356057 0.5
2198 2215 3.422718218 0.05454356057 0.5
2198 2217 3.422718218 0.05454356057 0.5
2199 2207 3.422718218 0.05454356057 0.5
2199 2216 3.422718218 0.05454356057 0.5
2199 12115 3.398529094 0.05296225071 0.5
2200 2206 3.398529094 0.05296225071 0.5
2200 12114 3.398529094 0.05296225071 0.5
2200 12116 2.958039892 0.02224859546 0.5
2200 12117 2.958039892 0.02224859546 0.5
2201 2204 0 0 0.5
2201 12113 3.328062499 0.05454356057 0.5
2201 12118 0 0 0.5
2202 2204 0 0 0.5
2202 12115 2.958039892 0.02224859546 0.5
2203 2204 0 0 0.5
2203 12115 2.958039892 0.02224859546 0.5
2204 2206 0 0 0.5
2206 2209 3.398529094 0.05296225071 0.5
2206 2213 0 0 0.5
2206 2216 3.422718218 0.05454356057 0.5
2207 2210 3.328062499 0.05454356057 0.5
2207 2211 2.979093822 0.02291287847 0.5
2207 2212 2.979093822 0.02291287847 0.5
2207 2217 3.422718218 0.05454356057 0.5
2208 2216 3.422718218 0.05454356057 0.5
2208 12956 3.398529094 0.05296225071 0.5
2209 2215 3.398529094 0.05296225071 0.5
2209 12955 3.398529094 0.05296225071 0.5
2209 12957 2.958039892 0.02224859546 0.5
2209 12958 2.958039892 0.02224859546 0.5
2210 2213 0 0 0.5
2210 12954 3.328062499 0.05454356057 0.5
2210 12959 0 0 0.5
2211 2213 0 0 0.5
2211 12956 2.958039892 0.02224859546 0.5
2212 2213 0 0 0.5
2212 12956 2.958039892 0.02224859546 0.5
2213 2215 0 0 0.5
2215 2218 3.398529094 0.05296225071 0.5
2215 2223 0 0 0.5
2216 2219 3.328062499 0.05454356057 0.5
2216 2221 2.979093822 0.02291287847 0.5
2216 2222 2.979093822 0.02291287847 0.5
2217 2220 0 0 0.5
2219 2223 0 0 0.5
2220 2221 0 0 0.5
2220 2222 0 0 0.5
2221 2223 0 0 0.5
2222 2223 0 0 0.5
2225 2228 3.398529094 0.05296225071 0.5
2225 2232 0 0 0.5
2225 2235 3.422718218 0.05454356057 0.5
2225 2246 3.398529094 0.05296225071 0.5
2225 2250 0 0 0.5
2226 2229 3.328062499 0.05454356057 0.5
2226 2230 2.979093822 0.02291287847 0.5
2226 2231 2.979093822 0.02291287847 0.5
2226 2236 3.422718218 0.05454356057 0.5
2226 2243 3.422718218 0.05454356057 0.5
2226 2245 3.422718218 0.05454356057 0.5
2227 2235 3.422718218 0.05454356057 0.5
2227 2244 3.422718218 0.05454356057 0.5
2227 9896 3.398529094 0.05296225071 0.5
2228 2234 3.398529094 0.05296225071 0.5
2228 9895 3.398529094 0.05296225071 0.5
2228 9897 2.958039892 0.02224859546 0.5
2228 9898 2.958039892 0.02224859546 0.5
2229 2232 0 0 0.5
2229 9894 3.328062499 0.05454356057 0.5
2229 9899 0 0 0.5
2230 2232 0 0 0.5
2230 9896 2.958039892 0.02224859546 0.5
2231 2232 0 0 0.5
2231 9896 2.958039892 0.02224859546 0.5
2232 2234 0 0 0.5
2234 2237 3.398529094 0.05296225071 0.5
2234 2241 0 0 0.5
2234 2244 3.422718218 0.05454356057 0.5
2235 2238 3.328062499 0.05454356057 0.5
2235 2239 2.979093822 0.02291287847 0.5
2235 2240 2.979093822 0.02291287847 0.5
2235 2245 3.422718218 0.05454356057 0.5
2236 2244 3.422718218 0.05454356057 0.5
2236 5493 3.398529094 0.05296225071 0.5
2237 2243 3.398529094 0.05296225071 0.5
2237 5492 3.398529094 0.05296225071 0.5
2237 5494 2.958039892 0.02224859546 0.5
2237 5495 2.958039892 0.02224859546 0.5
2238 2241 0 0 0.5
2238 5491 3.328062499 0.05454356057 0.5
2238 5496 0 0 0.5
2239 2241 0 0 0.5
2239 5493 2.958039892 0.02224859546 0.5
2240 2241 0 0 0.5
2240 5493 2.958039892 0.02224859546 0.5
2241 2243 0 0 0.5
2243 2246 3.398529094 0.05296225071 0.5
2243 2250 0 0 0.5
2244 2247 3.328062499 0.05454356057 0.5
2244 2248 2.979093822 0.02291287847 0.5
2244 2249 2.979093822 0.02291287847 0.5
2245 12216 3.398529094 0.05296225071 0.5
2246 12215 3.398529094 0.05296225071 0.5
2246 12217 2.958039892 0.02224859546 0.5
2246 12218 2.958039892 0.02224859546 0.5
2247 2250 0 0 0.5
2247 12214 3.328062499 0.05454356057 0.5
2247 12219 0 0 0.5
2248 2250 0 0 0.5
2248 12216 2.958039892 0.02224859546 0.5
2249 2250 0 0 0.5
2249 12216 2.958039892 0.02224859546 0.5
2252 2255 3.398529094 0.05296225071 0.5
2252 2259 0 0 0.5
2252 2262 3.422718218 0.05454356057 0.5
2252 2273 3.398529094 0.05296225071 0.5
2252 2277 0 0 0.5
2253 2256 3.328062499 0.05454356057 0.5
2253 2257 2.979093822 0.02291287847 0.5
2253 2258 2.979093822 0.02291287847 0.5
2253 2263 3.422718218 0.05454356057 0.5
2253 2270 3.422718218 0.05454356057 0.5
2253 2272 3.422718218 0.05454356057 0.5
2254 2262 3.422718218 0.05454356057 0.5
2254 2271 3.422718218 0.05454356057 0.5
2254 10159 3.398529094 0.05296225071 0.5
2255 2261 3.398529094 0.05296225071 0.5
2255 10158 3.398529094 0.05296225071 0.5
2255 10160 2.958039892 0.02224859546 0.5
2255 10161 2.958039892 0.02224859546 0.5
2256 2259 0 0 0.5
2256 10157 3.328062499 0.05454356057 0.5
2256 10162 0 0 0.5
2257 2259 0 0 0.5
2257 10159 2.958039892 0.02224859546 0.5
2258 2259 0 0 0.5
2258 10159 2.958039892 0.02224859546 0.5
2259 2261 0 0 0.5
2261 2264 3.398529094 0.05296225071 0.5
2261 2268 0 0 0.5
2261 2271 3.422718218 0.05454356057 0.5
2262 2265 3.328062499 0.05454356057 0.5
2262 2266 2.979093822 0.02291287847 0.5
2262 2267 2.979093822 0.02291287847 0.5
2262 2272 3.422718218 0.05454356057 0.5
2263 2271 3.422718218 0.05454356057 0.5
2263 8091 3.398529094 0.05296225071 0.5
2264 2270 3.398529094 0.05296225071 0.5
2264 8090 3.398529094 0.05296225071 0.5
2264 8092 2.958039892 0.02224859546 0.5
2264 8093 2.958039892 0.02224859546 0.5
2265 2268 0 0 0.5
2265 8089 3.328062499 0.05454356057 0.5
2265 8094 0 0 0.5
2266 2268 0 0 0.5
2266 8091 2.958039892 0.02224859546 0.5
2267 2268 0 0 0.5
2267 8091 2.958039892 0.02224859546 0.5
2268 2270 0 0 0.5
2270 2273 3.398529094 0.05296225071 0.5
2270 2277 0 0 0.5
2271 2274 3.328062499 0.05454356057 0.5
2271 2275 2.979093822 0.02291287847 0.5
2271 2276 2.979093822 0.02291287847 0.5
2272 10903 3.398529094 0.05296225071 0.5
2273 10902 3.398529094 0.05296225071 0.5
2273 10904 2.958039892 0.02224859546 0.5
2273 10905 2.958039892 0.02224859546 0.5
2274 2277 0 0 0.5
2274 10901 3.328062499 0.05454356057 0.5
2274 10906 0 0 0.5
2275 2277 0 0 0.5
2275 10903 2.958039892 0.02224859546 0.5
2276 2277 0 0 0.5
2276 10903 2.958039892 0.02224859546 0.5
2279 2282 3.398529094 0.05296225071 0.5
2279 2286 0 0 0.5
2279 2289 3.422718218 0.05454356057 0.5
2279 2300 3.398529094 0.05296225071 0.5
2279 2304 0 0 0.5
2280 2283 3.328062499 0.05454356057 0.5
2280 2284 2.979093822 0.02291287847 0.5
2280 2285 2.979093822 0.02291287847 0.5
2280 2290 3.422718218 0.05454356057 0.5
2280 2297 3.422718218 0.05454356057 0.5
2280 2299 3.422718218 0.05454356057 0.5
2281 2289 3.422718218 0.05454356057 0.5
2281 2298 3.422718218 0.05454356057 0.5
2281 7150 3.398529094 0.05296225071 0.5
2282 2288 3.398529094 0.05296225071 0.5
2282 7149 3.398529094 0.05296225071 0.5
2282 7151 2.958039892 0.02224859546 0.5
2282 7152 2.958039892 0.02224859546 0.5
2283 2286 0 0 0.5
2283 7148 3.328062499 0.05454356057 0.5
2283 7153 0 0 0.5
2284 2286 0 0 0.5
2284 7150 2.958039892 0.02224859546 0.5
2285 2286 0 0 0.5
2285 7150 2.958039892 0.02224859546 0.5
2286 2288 0 0 0.5
2288 2291 3.398529094 0.05296225071 0.5
2288 2295 0 0 0.5
2288 2298 3.422718218 0.05454356057 0.5
2289 2292 3.328062499 0.05454356057 0.5
2289 2293 2.979093822 0.02291287847 0.5
2289 2294 2.979093822 0.02291287847 0.5
2289 2299 3.422718218 0.05454356057 0.5
2290 2298 3.422718218 0.05454356057 0.5
2290 12570 3.398529094 0.05296225071 0.5
2291 2297 3.398529094 0.05296225071 0.5
2291 12569 3.398529094 0.05296225071 0.5
2291 12571 2.958039892 0.02224859546 0.5
2291 12572 2.958039892 0.02224859546 0.5
2292 2295 0 0 0.5
2292 12568 3.328062499 0.05454356057 0.5
2292 12573 0 0 0.5
2293 2295 0 0 0.5
2293 12570 2.958039892 0.02224859546 0.5
2294 2295 0 0 0.5
2294 12570 2.958039892 0.02224859546 0.5
2295 2297 0 0 0.5
2297 2300 3.398529094 0.05296225071 0.5
2297 2304 0 0 0.5
2298 2301 3.328062499 0.05454356057 0.5
2298 2302 2.979093822 0.02291287847 0.5
2298 2303 2.979093822 0.02291287847 0.5
2299 10268 3.398529094 0.05296225071 0.5
2300 10267 3.398529094 0.05296225071 0.5
2300 10269 2.958039892 0.02224859546 0.5
2300 10270 2.958039892 0.02224859546 0.5
2301 2304 0 0 0.5
2301 10266 3.328062499 0.05454356057 0.5
2301 10271 0 0 0.5
2302 2304 0 0 0.5
2302 10268 2.958039892 0.02224859546 0.5
2303 2304 0 0 0.5
2303 10268 2.958039892 0.02224859546 0.5
2306 2309 3.398529094 0.05296225071 0.5
2306 2313 0 0 0.5
2306 2316 3.422718218 0.05454356057 0.5
2306 2327 3.398529094 0.05296225071 0.5
2306 2331 0 0 0.5
2307 2310 3.328062499 0.05454356057 0.5
2307 2311 2.979093822 0.02291287847 0.5
2307 2312 2.979093822 0.02291287847 0.5
2307 2317 3.422718218 0.05454356057 0.5
2307 2324 3.422718218 0.05454356057 0.5
2307 2326 3.422718218 0.05454356057 0.5
2308 2316 3.422718218 0.05454356057 0.5
2308 2325 3.422718218 0.05454356057 0.5
2308 10284 3.398529094 0.05296225071 0.5
2309 2315 3.398529094 0.05296225071 0.5
2309 10283 3.398529094 0.05296225071 0.5
2309 10285 2.958039892 0.02224859546 0.5
2309 10286 2.958039892 0.02224859546 0.5
2310 2313 0 0 0.5
2310 10282 3.328062499 0.05454356057 0.5
2310 10287 0 0 0.5
2311 2313 0 0 0.5
2311 10284 2.958039892 0.02224859546 0.5
2312 2313 0 0 0.5
2312 10284 2.958039892 0.02224859546 0.5
2313 2315 0 0 0.5
2315 2318 3.398529094 0.05296225071 0.5
2315 2322 0 0 0.5
2315 2325 3.422718218 0.05454356057 0.5
2316 2319 3.328062499 0.05454356057 0.5
2316 2320 2.979093822 0.02291287847 0.5
2316 2321 2.979093822 0.02291287847 0.5
2316 2326 3.422718218 0.05454356057 0.5
2317 2325 3.422718218 0.05454356057 0.5
2317 8457 3.398529094 0.05296225071 0.5
2318 2324 3.398529094 0.05296225071 0.5
2318 8456 3.398529094 0.05296225071 0.5
2318 8458 2.958039892 0.02224859546 0.5
2318 8459 2.958039892 0.02224859546 0.5
2319 2322 0 0 0.5
2319 8455 3.328062499 0.05454356057 0.5
2319 8460 0 0 0.5
2320 2322 0 0 0.5
2320 8457 2.958039892 0.02224859546 0.5
2321 2322 0 0 0.5
2321 8457 2.958039892 0.02224859546 0.5
2322 2324 0 0 0.5
2324 2327 3.398529094 0.05296225071 0.5
2324 2331 0 0 0.5
2325 2328 3.328062499 0.05454356057 0.5
2325 2329 2.979093822 0.02291287847 0.5
2325 2330 2.979093822 0.02291287847 0.5
2326 9114 3.398529094 0.05296225071 0.5
2327 9113 3.398529094 0.05296225071 0.5
2327 9115 2.958039892 0.02224859546 0.5
2327 9116 2.958039892 0.02224859546 0.5
2328 2331 0 0 0.5
2328 9112 3.328062499 0.05454356057 0.5
2328 9117 0 0 0.5
2329 2331 0 0 0.5
2329 9114 2.958039892 0.02224859546 0.5
2330 2331 0 0 0.5
2330 9114 2.958039892 0.02224859546 0.5
2333 2336 3.398529094 0.05296225071 0.5
2333 2340 0 0 0.5
2333 2343 3.422718218 0.05454356057 0.5
2333 2354 3.398529094 0.05296225071 0.5
2333 2359 0 0 0.5
2334 2337 3.328062499 0.05454356057 0.5
2334 2338 2.979093822 0.02291287847 0.5
2334 2339 2.979093822 0.02291287847 0.5
2334 2344 3.422718218 0.05454356057 0.5
2334 2351 3.422718218 0.05454356057 0.5
2334 2353 3.422718218 0.05454356057 0.5
2335 2343 3.422718218 0.05454356057 0.5
2335 2352 3.422718218 0.05454356057 0.5
2335 9073 3.398529094 0.05296225071 0.5
2336 2342 3.398529094 0.05296225071 0.5
2336 9072 3.398529094 0.05296225071 0.5
2336 9074 2.958039892 0.02224859546 0.5
2336 9075 2.958039892 0.02224859546 0.5
2337 2340 0 0 0.5
2337 9071 3.328062499 0.05454356057 0.5
2337 9076 0 0 0.5
2338 2340 0 0 0.5
2338 9073 2.958039892 0.02224859546 0.5
2339 2340 0 0 0.5
2339 9073 2.958039892 0.02224859546 0.5
2340 2342 0 0 0.5
2342 2345 3.398529094 0.05296225071 0.5
2342 2349 0 0 0.5
2342 2352 3.422718218 0.05454356057 0.5
2343 2346 3.328062499 0.05454356057 0.5
2343 2347 2.979093822 0.02291287847 0.5
2343 2348 2.979093822 0.02291287847 0.5
2343 2353 3.422718218 0.05454356057 0.5
2344 2352 3.422718218 0.05454356057 0.5
2344 11220 3.398529094 0.05296225071 0.5
2345 2351 3.398529094 0.05296225071 0.5
2345 11219 3.398529094 0.05296225071 0.5
2345 11221 2.958039892 0.02224859546 0.5
2345 11222 2.958039892 0.02224859546 0.5
2346 2349 0 0 0.5
2346 11218 3.328062499 0.05454356057 0.5
2346 11223 0 0 0.5
2347 2349 0 0 0.5
2347 11220 2.958039892 0.02224859546 0.5
2348 2349 0 0 0.5
2348 11220 2.958039892 0.02224859546 0.5
2349 2351 0 0 0.5
2351 2354 3.398529094 0.05296225071 0.5
2351 2359 0 0 0.5
2352 2355 3.328062499 0.05454356057 0.5
2352 2357 2.979093822 0.02291287847 0.5
2352 2358 2.979093822 0.02291287847 0.5
2353 2356 0 0 0.5
2355 2359 0 0 0.5
2356 2357 0 0 0.5
2356 2358 0 0 0.5
2357 2359 0 0 0.5
2358 2359 0 0 0.5
2361 2364 3.398529094 0.05296225071 0.5
2361 2367 0 0 0.5
2361 2370 3.422718218 0.05454356057 0.5
2361 2381 3.398529094 0.05296225071 0.5
2361 2385 0 0 0.5
2362 2365 2.979093822 0.02291287847 0.5
2362 2366 2.979093822 0.02291287847 0.5
2362 2371 3.422718218 0.05454356057 0.5
2362 2378 3.422718218 0.05454356057 0.5
2362 2380 3.422718218 0.05454356057 0.5
2363 2370 3.422718218 0.05454356057 0.5
2363 2379 3.422718218 0.05454356057 0.5
2364 2369 3.398529094 0.05296225071 0.5
2365 2367 0 0 0.5
2366 2367 0 0 0.5
2367 2369 0 0 0.5
2369 2372 3.398529094 0.05296225071 0.5
2369 2376 0 0 0.5
2369 2379 3.422718218 0.05454356057 0.5
2370 2373 3.328062499 0.05454356057 0.5
2370 2374 2.979093822 0.02291287847 0.5
2370 2375 2.979093822 0.02291287847 0.5
2370 2380 3.422718218 0.05454356057 0.5
2371 2379 3.422718218 0.05454356057 0.5
2371 10468 3.398529094 0.05296225071 0.5
2372 2378 3.398529094 0.05296225071 0.5
2372 10467 3.398529094 0.05296225071 0.5
2372 10469 2.958039892 0.02224859546 0.5
2372 10470 2.958039892 0.02224859546 0.5
2373 2376 0 0 0.5
2373 10466 3.328062499 0.05454356057 0.5
2373 10471 0 0 0.5
2374 2376 0 0 0.5
2374 10468 2.958039892 0.02224859546 0.5
2375 2376 0 0 0.5
2375 10468 2.958039892 0.02224859546 0.5
2376 2378 0 0 0.5
2378 2381 3.398529094 0.05296225071 0.5
2378 2385 0 0 0.5
2379 2382 3.328062499 0.05454356057 0.5
2379 2383 2.979093822 0.02291287847 0.5
2379 2384 2.979093822 0.02291287847 0.5
2380 12370 3.398529094 0.05296225071 0.5
2381 12369 3.398529094 0.05296225071 0.5
2381 12371 2.958039892 0.02224859546 0.5
2381 12372 2.958039892 0.02224859546 0.5
2382 2385 0 0 0.5
2382 12368 3.328062499 0.05454356057 0.5
2382 12373 0 0 0.5
2383 2385 0 0 0.5
2383 12370 2.958039892 0.02224859546 0.5
2384 2385 0 0 0.5
2384 12370 2.958039892 0.02224859546 0.5
2387 2390 3.398529094 0.05296225071 0.5
2387 2394 0 0 0.5
2387 2397 3.422718218 0.05454356057 0.5
2387 2408 3.398529094 0.05296225071 0.5
2387 2412 0 0 0.5
2388 2391 3.328062499 0.05454356057 0.5
2388 2392 2.979093822 0.02291287847 0.5
2388 2393 2.979093822 0.02291287847 0.5
2388 2398 3.422718218 0.05454356057 0.5
2388 2405 3.422718218 0.05454356057 0.5
2388 2407 3.422718218 0.05454356057 0.5
2389 2397 3.422718218 0.05454356057 0.5
2389 2406 3.422718218 0.05454356057 0.5
2389 3027 3.398529094 0.05296225071 0.5
2390 2396 3.398529094 0.05296225071 0.5
2390 3026 3.398529094 0.05296225071 0.5
2390 3028 2.958039892 0.02224859546 0.5
2390 3029 2.958039892 0.02224859546 0.5
2391 2394 0 0 0.5
2391 3025 3.328062499 0.05454356057 0.5
2391 3030 0 0 0.5
2392 2394 0 0 0.5
2392 3027 2.958039892 0.02224859546 0.5
2393 2394 0 0 0.5
2393 3027 2.958039892 0.02224859546 0.5
2394 2396 0 0 0.5
2396 2399 3.398529094 0.05296225071 0.5
2396 2403 0 0 0.5
2396 2406 3.422718218 0.05454356057 0.5
2397 2400 3.328062499 0.05454356057 0.5
2397 2401 2.979093822 0.02291287847 0.5
2397 2402 2.979093822 0.02291287847 0.5
2397 2407 3.422718218 0.05454356057 0.5
2398 2406 3.422718218 0.05454356057 0.5
2398 6620 3.398529094 0.05296225071 0.5
2399 2405 3.398529094 0.05296225071 0.5
2399 6619 3.398529094 0.05296225071 0.5
2399 6621 2.958039892 0.02224859546 0.5
2399 6622 2.958039892 0.02224859546 0.5
2400 2403 0 0 0.5
2400 6618 3.328062499 0.05454356057 0.5
2400 6623 0 0 0.5
2401 2403 0 0 0.5
2401 6620 2.958039892 0.02224859546 0.5
2402 2403 0 0 0.5
2402 6620 2.958039892 0.02224859546 0.5
2403 2405 0 0 0.5
2405 2408 3.398529094 0.05296225071 0.5
2405 2412 0 0 0.5
2406 2409 3.328062499 0.05454356057 0.5
2406 2410 2.979093822 0.02291287847 0.5
2406 2411 2.979093822 0.02291287847 0.5
2407 10792 3.398529094 0.05296225071 0.5
2408 10791 3.398529094 0.05296225071 0.5
2408 10793 2.958039892 0.02224859546 0.5
2408 10794 2.958039892 0.02224859546 0.5
2409 2412 0 0 0.5
2409 10790 3.328062499 0.05454356057 0.5
2409 10795 0 0 0.5
2410 2412 0 0 0.5
2410 10792 2.958039892 0.02224859546 0.5
2411 2412 0 0 0.5
2411 10792 2.958039892 0.02224859546 0.5
2414 2417 3.398529094 0.05296225071 0.5
2414 2421 0 0 0.5
2414 2424 3.422718218 0.05454356057 0.5
2414 2434 3.398529094 0.05296225071 0.5
2414 2438 0 0 0.5
2415 2418 3.328062499 0.05454356057 0.5
2415 2419 2.979093822 0.02291287847 0.5
2415 2420 2.979093822 0.02291287847 0.5
2415 2425 3.422718218 0.05454356057 0.5
2415 2431 3.422718218 0.05454356057 0.5
2415 2433 3.422718218 0.05454356057 0.5
2416 2424 3.422718218 0.05454356057 0.5
2416 2432 3.422718218 0.05454356057 0.5
2416 3011 3.398529094 0.05296225071 0.5
2417 2423 3.398529094 0.05296225071 0.5
2417 3010 3.398529094 0.05296225071 0.5
2417 3012 2.958039892 0.02224859546 0.5
2417 3013 2.958039892 0.02224859546 0.5
2418 2421 0 0 0.5
2418 3009 3.328062499 0.05454356057 0.5
2418 3014 0 0 0.5
2419 2421 0 0 0.5
2419 3011 2.958039892 0.02224859546 0.5
2420 2421 0 0 0.5
2420 3011 2.958039892 0.02224859546 0.5
2421 2423 0 0 0.5
2423 2426 3.398529094 0.05296225071 0.5
2423 2429 0 0 0.5
2423 2432 3.422718218 0.05454356057 0.5
2424 2427 2.979093822 0.02291287847 0.5
2424 2428 2.979093822 0.02291287847 0.5
2424 2433 3.422718218 0.05454356057 0.5
2425 2432 3.422718218 0.05454356057 0.5
2426 2431 3.398529094 0.05296225071 0.5
2427 2429 0 0 0.5
2428 2429 0 0 0.5
2429 2431 0 0 0.5
2431 2434 3.398529094 0.05296225071 0.5
2431 2438 0 0 0.5
2432 2435 3.328062499 0.05454356057 0.5
2432 2436 2.979093822 0.02291287847 0.5
2432 2437 2.979093822 0.02291287847 0.5
2433 8254 3.398529094 0.05296225071 0.5
2434 8253 3.398529094 0.05296225071 0.5
2434 8255 2.958039892 0.02224859546 0.5
2434 8256 2.958039892 0.02224859546 0.5
2435 2438 0 0 0.5
2435 8252 3.328062499 0.05454356057 0.5
2435 8257 0 0 0.5
2436 2438 0 0 0.5
2436 8254 2.958039892 0.02224859546 0.5
2437 2438 0 0 0.5
2437 8254 2.958039892 0.02224859546 0.5
2440 2443 3.398529094 0.05296225071 0.5
2440 2448 0 0 0.5
2440 2451 3.422718218 0.05454356057 0.5
2440 2462 3.398529094 0.05296225071 0.5
2440 2466 0 0 0.5
2441 2444 3.328062499 0.05454356057 0.5
2441 2446 2.979093822 0.02291287847 0.5
2441 2447 2.979093822 0.02291287847 0.5
2441 2452 3.422718218 0.05454356057 0.5
2441 2459 3.422718218 0.05454356057 0.5
2441 2461 3.422718218 0.05454356057 0.5
2442 2445 0 0 0.5
2442 2451 3.422718218 0.05454356057 0.5
2442 2460 3.422718218 0.05454356057 0.5
2443 2450 3.398529094 0.05296225071 0.5
2444 2448 0 0 0.5
2445 2446 0 0 0.5
2445 2447 0 0 0.5
2446 2448 0 0 0.5
2447 2448 0 0 0.5
2448 2450 0 0 0.5
2450 2453 3.398529094 0.05296225071 0.5
2450 2457 0 0 0.5
2450 2460 3.422718218 0.05454356057 0.5
2451 2454 3.328062499 0.05454356057 0.5
2451 2455 2.979093822 0.02291287847 0.5
2451 2456 2.979093822 0.02291287847 0.5
2451 2461 3.422718218 0.05454356057 0.5
2452 2460 3.422718218 0.05454356057 0.5
2452 12282 3.398529094 0.05296225071 0.5
2453 2459 3.398529094 0.05296225071 0.5
2453 12281 3.398529094 0.05296225071 0.5
2453 12283 2.958039892 0.02224859546 0.5
2453 12284 2.958039892 0.02224859546 0.5
2454 2457 0 0 0.5
2454 12280 3.328062499 0.05454356057 0.5
2454 12285 0 0 0.5
2455 2457 0 0 0.5
2455 12282 2.958039892 0.02224859546 0.5
2456 2457 0 0 0.5
2456 12282 2.958039892 0.02224859546 0.5
2457 2459 0 0 0.5
2459 2462 3.398529094 0.05296225071 0.5
2459 2466 0 0 0.5
2460 2463 3.328062499 0.05454356057 0.5
2460 2464 2.979093822 0.02291287847 0.5
2460 2465 2.979093822 0.02291287847 0.5
2461 3709 3.398529094 0.05296225071 0.5
2462 3708 3.398529094 0.05296225071 0.5
2462 3710 2.958039892 0.02224859546 0.5
2462 3711 2.958039892 0.02224859546 0.5
2463 2466 0 0 0.5
2463 3707 3.328062499 0.05454356057 0.5
2463 3712 0 0 0.5
2464 2466 0 0 0.5
2464 3709 2.958039892 0.02224859546 0.5
2465 2466 0 0 0.5
2465 3709 2.958039892 0.02224859546 0.5
2468 2471 3.398529094 0.05296225071 0.5
2468 2474 0 0 0.5
2468 2477 3.422718218 0.05454356057 0.5
2468 2488 3.398529094 0.05296225071 0.5
2468 2492 0 0 0.5
2469 2472 2.979093822 0.02291287847 0.5
2469 2473 2.979093822 0.02291287847 0.5
2469 2478 3.422718218 0.05454356057 0.5
2469 2485 3.422718218 0.05454356057 0.5
2469 2487 3.422718218 0.05454356057 0.5
2470 2477 3.422718218 0.05454356057 0.5
2470 2486 3.422718218 0.05454356057 0.5
2471 2476 3.398529094 0.05296225071 0.5
2472 2474 0 0 0.5
2473 2474 0 0 0.5
2474 2476 0 0 0.5
2476 2479 3.398529094 0.05296225071 0.5
2476 2483 0 0 0.5
2476 2486 3.422718218 0.05454356057 0.5
2477 2480 3.328062499 0.05454356057 0.5
2477 2481 2.979093822 0.02291287847 0.5
2477 2482 2.979093822 0.02291287847 0.5
2477 2487 3.422718218 0.05454356057 0.5
2478 2486 3.422718218 0.05454356057 0.5
2478 2887 3.398529094 0.05296225071 0.5
2479 2485 3.398529094 0.05296225071 0.5
2479 2886 3.398529094 0.05296225071 0.5
2479 2888 2.958039892 0.02224859546 0.5
2479 2889 2.958039892 0.02224859546 0.5
2480 2483 0 0 0.5
2480 2885 3.328062499 0.05454356057 0.5
2480 2890 0 0 0.5
2481 2483 0 0 0.5
2481 2887 2.958039892 0.02224859546 0.5
2482 2483 0 0 0.5
2482 2887 2.958039892 0.02224859546 0.5
2483 2485 0 0 0.5
2485 2488 3.398529094 0.05296225071 0.5
2485 2492 0 0 0.5
2486 2489 3.328062499 0.05454356057 0.5
2486 2490 2.979093822 0.02291287847 0.5
2486 2491 2.979093822 0.02291287847 0.5
2487 5511 3.398529094 0.05296225071 0.5
2488 5510 3.398529094 0.05296225071 0.5
2488 5512 2.958039892 0.02224859546 0.5
2488 5513 2.958039892 0.02224859546 0.5
2489 2492 0 0 0.5
2489 5509 3.328062499 0.05454356057 0.5
2489 5514 0 0 0.5
2490 2492 0 0 0.5
2490 5511 2.958039892 0.02224859546 0.5
2491 2492 0 0 0.5
2491 5511 2.958039892 0.02224859546 0.5
2494 2497 3.398529094 0.05296225071 0.5
2494 2501 0 0 0.5
2494 2504 3.422718218 0.05454356057 0.5
2494 2515 3.398529094 0.05296225071 0.5
2494 2519 0 0 0.5
2495 2498 3.328062499 0.05454356057 0.5
2495 2499 2.979093822 0.02291287847 0.5
2495 2500 2.979093822 0.02291287847 0.5
2495 2505 3.422718218 0.05454356057 0.5
2495 2512 3.422718218 0.05454356057 0.5
2495 2514 3.422718218 0.05454356057 0.5
2496 2504 3.422718218 0.05454356057 0.5
2496 2513 3.422718218 0.05454356057 0.5
2496 4374 3.398529094 0.05296225071 0.5
2497 2503 3.398529094 0.05296225071 0.5
2497 4373 3.398529094 0.05296225071 0.5
2497 4375 2.958039892 0.02224859546 0.5
2497 4376 2.958039892 0.02224859546 0.5
2498 2501 0 0 0.5
2498 4372 3.328062499 0.05454356057 0.5
2498 4377 0 0 0.5
2499 2501 0 0 0.5
2499 4374 2.958039892 0.02224859546 0.5
2500 2501 0 0 0.5
2500 4374 2.958039892 0.02224859546 0.5
2501 2503 0 0 0.5
2503 2506 3.398529094 0.05296225071 0.5
2503 2510 0 0 0.5
2503 2513 3.422718218 0.05454356057 0.5
2504 2507 3.328062499 0.05454356057 0.5
2504 2508 2.979093822 0.02291287847 0.5
2504 2509 2.979093822 0.02291287847 0.5
2504 2514 3.422718218 0.05454356057 0.5
2505 2513 3.422718218 0.05454356057 0.5
2505 2871 3.398529094 0.05296225071 0.5
2506 2512 3.398529094 0.05296225071 0.5
2506 2870 3.398529094 0.05296225071 0.5
2506 2872 2.958039892 0.02224859546 0.5
2506 2873 2.958039892 0.02224859546 0.5
2507 2510 0 0 0.5
2507 2869 3.328062499 0.05454356057 0.5
2507 2874 0 0 0.5
2508 2510 0 0 0.5
2508 2871 2.958039892 0.02224859546 0.5
2509 2510 0 0 0.5
2509 2871 2.958039892 0.02224859546 0.5
2510 2512 0 0 0.5
2512 2515 3.398529094 0.05296225071 0.5
2512 2519 0 0 0.5
2513 2516 3.328062499 0.05454356057 0.5
2513 2517 2.979093822 0.02291287847 0.5
2513 2518 2.979093822 0.02291287847 0.5
2514 10300 3.398529094 0.05296225071 0.5
2515 10299 3.398529094 0.05296225071 0.5
2515 10301 2.958039892 0.02224859546 0.5
2515 10302 2.958039892 0.02224859546 0.5
2516 2519 0 0 0.5
2516 10298 3.328062499 0.05454356057 0.5
2516 10303 0 0 0.5
2517 2519 0 0 0.5
2517 10300 2.958039892 0.02224859546 0.5
2518 2519 0 0 0.5
2518 10300 2.958039892 0.02224859546 0.5
2521 2524 3.398529094 0.05296225071 0.5
2521 2528 0 0 0.5
2521 2531 3.422718218 0.05454356057 0.5
2521 2541 3.398529094 0.05296225071 0.5
2521 2545 0 0 0.5
2522 2525 3.328062499 0.05454356057 0.5
2522 2526 2.979093822 0.02291287847 0.5
2522 2527 2.979093822 0.02291287847 0.5
2522 2532 3.422718218 0.05454356057 0.5
2522 2538 3.422718218 0.05454356057 0.5
2522 2540 3.422718218 0.05454356057 0.5
2523 2531 3.422718218 0.05454356057 0.5
2523 2539 3.422718218 0.05454356057 0.5
2523 6909 3.398529094 0.05296225071 0.5
2524 2530 3.398529094 0.05296225071 0.5
2524 6908 3.398529094 0.05296225071 0.5
2524 6910 2.958039892 0.02224859546 0.5
2524 6911 2.958039892 0.02224859546 0.5
2525 2528 0 0 0.5
2525 6907 3.328062499 0.05454356057 0.5
2525 6912 0 0 0.5
2526 2528 0 0 0.5
2526 6909 2.958039892 0.02224859546 0.5
2527 2528 0 0 0.5
2527 6909 2.958039892 0.02224859546 0.5
2528 2530 0 0 0.5
2530 2533 3.398529094 0.05296225071 0.5
2530 2536 0 0 0.5
2530 2539 3.422718218 0.05454356057 0.5
2531 2534 2.979093822 0.02291287847 0.5
2531 2535 2.979093822 0.02291287847 0.5
2531 2540 3.422718218 0.05454356057 0.5
2532 2539 3.422718218 0.05454356057 0.5
2533 2538 3.398529094 0.05296225071 0.5
2534 2536 0 0 0.5
2535 2536 0 0 0.5
2536 2538 0 0 0.5
2538 2541 3.398529094 0.05296225071 0.5
2538 2545 0 0 0.5
2539 2542 3.328062499 0.05454356057 0.5
2539 2543 2.979093822 0.02291287847 0.5
2539 2544 2.979093822 0.02291287847 0.5
2540 9192 3.398529094 0.05296225071 0.5
2541 9191 3.398529094 0.05296225071 0.5
2541 9193 2.958039892 0.02224859546 0.5
2541 9194 2.958039892 0.02224859546 0.5
2542 2545 0 0 0.5
2542 9190 3.328062499 0.05454356057 0.5
2542 9195 0 0 0.5
2543 2545 0 0 0.5
2543 9192 2.958039892 0.02224859546 0.5
2544 2545 0 0 0.5
2544 9192 2.958039892 0.02224859546 0.5
2547 2550 3.398529094 0.05296225071 0.5
2547 2554 0 0 0.5
2547 2557 3.422718218 0.05454356057 0.5
2547 2568 3.398529094 0.05296225071 0.5
2547 2572 0 0 0.5
2548 2551 3.328062499 0.05454356057 0.5
2548 2552 2.979093822 0.02291287847 0.5
2548 2553 2.979093822 0.02291287847 0.5
2548 2558 3.422718218 0.05454356057 0.5
2548 2565 3.422718218 0.05454356057 0.5
2548 2567 3.422718218 0.05454356057 0.5
2549 2557 3.422718218 0.05454356057 0.5
2549 2566 3.422718218 0.05454356057 0.5
2549 2730 3.398529094 0.05296225071 0.5
2550 2556 3.398529094 0.05296225071 0.5
2550 2729 3.398529094 0.05296225071 0.5
2550 2731 2.958039892 0.02224859546 0.5
2550 2732 2.958039892 0.02224859546 0.5
2551 2554 0 0 0.5
2551 2728 3.328062499 0.05454356057 0.5
2551 2733 0 0 0.5
2552 2554 0 0 0.5
2552 2730 2.958039892 0.02224859546 0.5
2553 2554 0 0 0.5
2553 2730 2.958039892 0.02224859546 0.5
2554 2556 0 0 0.5
2556 2559 3.398529094 0.05296225071 0.5
2556 2563 0 0 0.5
2556 2566 3.422718218 0.05454356057 0.5
2557 2560 3.328062499 0.05454356057 0.5
2557 2561 2.979093822 0.02291287847 0.5
2557 2562 2.979093822 0.02291287847 0.5
2557 2567 3.422718218 0.05454356057 0.5
2558 2566 3.422718218 0.05454356057 0.5
2558 11948 3.398529094 0.05296225071 0.5
2559 2565 3.398529094 0.05296225071 0.5
2559 11947 3.398529094 0.05296225071 0.5
2559 11949 2.958039892 0.02224859546 0.5
2559 11950 2.958039892 0.02224859546 0.5
2560 2563 0 0 0.5
2560 11946 3.328062499 0.05454356057 0.5
2560 11951 0 0 0.5
2561 2563 0 0 0.5
2561 11948 2.958039892 0.02224859546 0.5
2562 2563 0 0 0.5
2562 11948 2.958039892 0.02224859546 0.5
2563 2565 0 0 0.5
2565 2568 3.398529094 0.05296225071 0.5
2565 2572 0 0 0.5
2566 2569 3.328062499 0.05454356057 0.5
2566 2570 2.979093822 0.02291287847 0.5
2566 2571 2.979093822 0.02291287847 0.5
2567 11767 3.398529094 0.05296225071 0.5
2568 11766 3.398529094 0.05296225071 0.5
2568 11768 2.958039892 0.02224859546 0.5
2568 11769 2.958039892 0.02224859546 0.5
2569 2572 0 0 0.5
2569 11765 3.328062499 0.05454356057 0.5
2569 11770 0 0 0.5
2570 2572 0 0 0.5
2570 11767 2.958039892 0.02224859546 0.5
2571 2572 0 0 0.5
2571 11767 2.958039892 0.02224859546 0.5
2574 2577 3.398529094 0.05296225071 0.5
2574 2582 0 0 0.5
2574 2585 3.422718218 0.05454356057 0.5
2574 2597 3.398529094 0.05296225071 0.5
2574 2601 0 0 0.5
2575 2578 3.328062499 0.05454356057 0.5
2575 2580 2.979093822 0.02291287847 0.5
2575 2581 2.979093822 0.02291287847 0.5
2575 2586 3.422718218 0.05454356057 0.5
2575 2594 3.422718218 0.05454356057 0.5
2575 2596 3.422718218 0.05454356057 0.5
2576 2579 0 0 0.5
2576 2585 3.422718218 0.05454356057 0.5
2576 2595 3.422718218 0.05454356057 0.5
2577 2584 3.398529094 0.05296225071 0.5
2578 2582 0 0 0.5
2579 2580 0 0 0.5
2579 2581 0 0 0.5
2580 2582 0 0 0.5
2581 2582 0 0 0.5
2582 2584 0 0 0.5
2584 2587 3.398529094 0.05296225071 0.5
2584 2592 0 0 0.5
2584 2595 3.422718218 0.05454356057 0.5
2585 2588 3.328062499 0.05454356057 0.5
2585 2590 2.979093822 0.02291287847 0.5
2585 2591 2.979093822 0.02291287847 0.5
2585 2596 3.422718218 0.05454356057 0.5
2586 2589 0 0 0.5
2586 2595 3.422718218 0.05454356057 0.5
2587 2594 3.398529094 0.05296225071 0.5
2588 2592 0 0 0.5
2589 2590 0 0 0.5
2589 2591 0 0 0.5
2590 2592 0 0 0.5
2591 2592 0 0 0.5
2592 2594 0 0 0.5
2594 2597 3.398529094 0.05296225071 0.5
2594 2601 0 0 0.5
2595 2598 3.328062499 0.05454356057 0.5
2595 2599 2.979093822 0.02291287847 0.5
2595 2600 2.979093822 0.02291287847 0.5
2596 6038 3.398529094 0.05296225071 0.5
2597 6037 3.398529094 0.05296225071 0.5
2597 6039 2.958039892 0.02224859546 0.5
2597 6040 2.958039892 0.02224859546 0.5
2598 2601 0 0 0.5
2598 6036 3.328062499 0.05454356057 0.5
2598 6041 0 0 0.5
2599 2601 0 0 0.5
2599 6038 2.958039892 0.02224859546 0.5
2600 2601 0 0 0.5
2600 6038 2.958039892 0.02224859546 0.5
2603 2606 3.398529094 0.05296225071 0.5
2603 2610 0 0 0.5
2603 2613 3.422718218 0.05454356057 0.5
2603 2624 3.398529094 0.05296225071 0.5
2603 2628 0 0 0.5
2604 2607 3.328062499 0.05454356057 0.5
2604 2608 2.979093822 0.02291287847 0.5
2604 2609 2.979093822 0.02291287847 0.5
2604 2614 3.422718218 0.05454356057 0.5
2604 2621 3.422718218 0.05454356057 0.5
2604 2623 3.422718218 0.05454356057 0.5
2605 2613 3.422718218 0.05454356057 0.5
2605 2622 3.422718218 0.05454356057 0.5
2605 2633 3.398529094 0.05296225071 0.5
2606 2612 3.398529094 0.05296225071 0.5
2606 2632 3.398529094 0.05296225071 0.5
2606 2634 2.958039892 0.02224859546 0.5
2606 2635 2.958039892 0.02224859546 0.5
2607 2610 0 0 0.5
2607 2631 3.328062499 0.05454356057 0.5
2607 2636 0 0 0.5
2608 2610 0 0 0.5
2608 2633 2.958039892 0.02224859546 0.5
2609 2610 0 0 0.5
2609 2633 2.958039892 0.02224859546 0.5
2610 2612 0 0 0.5
2612 2615 3.398529094 0.05296225071 0.5
2612 2619 0 0 0.5
2612 2622 3.422718218 0.05454356057 0.5
2613 2616 3.328062499 0.05454356057 0.5
2613 2617 2.979093822 0.02291287847 0.5
2613 2618 2.979093822 0.02291287847 0.5
2613 2623 3.422718218 0.05454356057 0.5
2614 2622 3.422718218 0.05454356057 0.5
2614 4046 3.398529094 0.05296225071 0.5
2615 2621 3.398529094 0.05296225071 0.5
2615 4045 3.398529094 0.05296225071 0.5
2615 4047 2.958039892 0.02224859546 0.5
2615 4048 2.958039892 0.02224859546 0.5
2616 2619 0 0 0.5
2616 4044 3.328062499 0.05454356057 0.5
2616 4049 0 0 0.5
2617 2619 0 0 0.5
2617 4046 2.958039892 0.02224859546 0.5
2618 2619 0 0 0.5
2618 4046 2.958039892 0.02224859546 0.5
2619 2621 0 0 0.5
2621 2624 3.398529094 0.05296225071 0.5
2621 2628 0 0 0.5
2622 2625 3.328062499 0.05454356057 0.5
2622 2626 2.979093822 0.02291287847 0.5
2622 2627 2.979093822 0.02291287847 0.5
2623 9274 3.398529094 0.05296225071 0.5
2624 9273 3.398529094 0.05296225071 0.5
2624 9275 2.958039892 0.02224859546 0.5
2624 9276 2.958039892 0.02224859546 0.5
2625 2628 0 0 0.5
2625 9272 3.328062499 0.05454356057 0.5
2625 9277 0 0 0.5
2626 2628 0 0 0.5
2626 9274 2.958039892 0.02224859546 0.5
2627 2628 0 0 0.5
2627 9274 2.958039892 0.02224859546 0.5
2630 2633 3.398529094 0.05296225071 0.5
2630 2636 0 0 0.5
2630 2639 3.422718218 0.05454356057 0.5
2630 2650 3.398529094 0.05296225071 0.5
2630 2654 0 0 0.5
2631 2634 2.979093822 0.02291287847 0.5
2631 2635 2.979093822 0.02291287847 0.5
2631 2640 3.422718218 0.05454356057 0.5
2631 2647 3.422718218 0.05454356057 0.5
2631 2649 3.422718218 0.05454356057 0.5
2632 2639 3.422718218 0.05454356057 0.5
2632 2648 3.422718218 0.05454356057 0.5
2633 2638 3.398529094 0.05296225071 0.5
2634 2636 0 0 0.5
2635 2636 0 0 0.5
2636 2638 0 0 0.5
2638 2641 3.398529094 0.05296225071 0.5
2638 2645 0 0 0.5
2638 2648 3.422718218 0.05454356057 0.5
2639 2642 3.328062499 0.05454356057 0.5
2639 2643 2.979093822 0.02291287847 0.5
2639 2644 2.979093822 0.02291287847 0.5
2639 2649 3.422718218 0.05454356057 0.5
2640 2648 3.422718218 0.05454356057 0.5
2640 12402 3.398529094 0.05296225071 0.5
2641 2647 3.398529094 0.05296225071 0.5
2641 12401 3.398529094 0.05296225071 0.5
2641 12403 2.958039892 0.02224859546 0.5
2641 12404 2.958039892 0.02224859546 0.5
2642 2645 0 0 0.5
2642 12400 3.328062499 0.05454356057 0.5
2642 12405 0 0 0.5
2643 2645 0 0 0.5
2643 12402 2.958039892 0.02224859546 0.5
2644 2645 0 0 0.5
2644 12402 2.958039892 0.02224859546 0.5
2645 2647 0 0 0.5
2647 2650 3.398529094 0.05296225071 0.5
2647 2654 0 0 0.5
2648 2651 3.328062499 0.05454356057 0.5
2648 2652 2.979093822 0.02291287847 0.5
2648 2653 2.979093822 0.02291287847 0.5
2649 11940 3.398529094 0.05296225071 0.5
2650 11939 3.398529094 0.05296225071 0.5
2650 11941 2.958039892 0.02224859546 0.5
2650 11942 2.958039892 0.02224859546 0.5
2651 2654 0 0 0.5
2651 11938 3.328062499 0.05454356057 0.5
2651 11943 0 0 0.5
2652 2654 0 0 0.5
2652 11940 2.958039892 0.02224859546 0.5
2653 2654 0 0 0.5
2653 11940 2.958039892 0.02224859546 0.5
2656 2659 3.398529094 0.05296225071 0.5
2656 2663 0 0 0.5
2656 2666 3.422718218 0.05454356057 0.5
2656 2677 3.398529094 0.05296225071 0.5
2656 2682 0 0 0.5
2657 2660 3.328062499 0.05454356057 0.5
2657 2661 2.979093822 0.02291287847 0.5
2657 2662 2.979093822 0.02291287847 0.5
2657 2667 3.422718218 0.05454356057 0.5
2657 2674 3.422718218 0.05454356057 0.5
2657 2676 3.422718218 0.05454356057 0.5
2658 2666 3.422718218 0.05454356057 0.5
2658 2675 3.422718218 0.05454356057 0.5
2658 6022 3.398529094 0.05296225071 0.5
2659 2665 3.398529094 0.05296225071 0.5
2659 6021 3.398529094 0.05296225071 0.5
2659 6023 2.958039892 0.02224859546 0.5
2659 6024 2.958039892 0.02224859546 0.5
2660 2663 0 0 0.5
2660 6020 3.328062499 0.05454356057 0.5
2660 6025 0 0 0.5
2661 2663 0 0 0.5
2661 6022 2.958039892 0.02224859546 0.5
2662 2663 0 0 0.5
2662 6022 2.958039892 0.02224859546 0.5
2663 2665 0 0 0.5
2665 2668 3.398529094 0.05296225071 0.5
2665 2672 0 0 0.5
2665 2675 3.422718218 0.05454356057 0.5
2666 2669 3.328062499 0.05454356057 0.5
2666 2670 2.979093822 0.02291287847 0.5
2666 2671 2.979093822 0.02291287847 0.5
2666 2676 3.422718218 0.05454356057 0.5
2667 2675 3.422718218 0.05454356057 0.5
2667 8431 3.398529094 0.05296225071 0.5
2668 2674 3.398529094 0.05296225071 0.5
2668 8430 3.398529094 0.05296225071 0.5
2668 8432 2.958039892 0.02224859546 0.5
2668 8433 2.958039892 0.02224859546 0.5
2669 2672 0 0 0.5
2669 8429 3.328062499 0.05454356057 0.5
2669 8434 0 0 0.5
2670 2672 0 0 0.5
2670 8431 2.958039892 0.02224859546 0.5
2671 2672 0 0 0.5
2671 8431 2.958039892 0.02224859546 0.5
2672 2674 0 0 0.5
2674 2677 3.398529094 0.05296225071 0.5
2674 2682 0 0 0.5
2675 2678 3.328062499 0.05454356057 0.5
2675 2680 2.979093822 0.02291287847 0.5
2675 2681 2.979093822 0.02291287847 0.5
2676 2679 0 0 0.5
2678 2682 0 0 0.5
2679 2680 0 0 0.5
2679 2681 0 0 0.5
2680 2682 0 0 0.5
2681 2682 0 0 0.5
2684 2687 3.398529094 0.05296225071 0.5
2684 2691 0 0 0.5
2684 2694 3.422718218 0.05454356057 0.5
2684 2704 3.398529094 0.05296225071 0.5
2684 2707 0 0 0.5
2685 2688 3.328062499 0.05454356057 0.5
2685 2689 2.979093822 0.02291287847 0.5
2685 2690 2.979093822 0.02291287847 0.5
2685 2695 3.422718218 0.05454356057 0.5
2685 2701 3.422718218 0.05454356057 0.5
2685 2703 3.422718218 0.05454356057 0.5
2686 2694 3.422718218 0.05454356057 0.5
2686 2702 3.422718218 0.05454356057 0.5
2686 12476 3.398529094 0.05296225071 0.5
2687 2693 3.398529094 0.05296225071 0.5
2687 12475 3.398529094 0.05296225071 0.5
2687 12477 2.958039892 0.02224859546 0.5
2687 12478 2.958039892 0.02224859546 0.5
2688 2691 0 0 0.5
2688 12474 3.328062499 0.05454356057 0.5
2688 12479 0 0 0.5
2689 2691 0 0 0.5
2689 12476 2.958039892 0.02224859546 0.5
2690 2691 0 0 0.5
2690 12476 2.958039892 0.02224859546 0.5
2691 2693 0 0 0.5
2693 2696 3.398529094 0.05296225071 0.5
2693 2699 0 0 0.5
2693 2702 3.422718218 0.05454356057 0.5
2694 2697 2.979093822 0.02291287847 0.5
2694 2698 2.979093822 0.02291287847 0.5
2694 2703 3.422718218 0.05454356057 0.5
2695 2702 3.422718218 0.05454356057 0.5
2696 2701 3.398529094 0.05296225071 0.5
2697 2699 0 0 0.5
2698 2699 0 0 0.5
2699 2701 0 0 0.5
2701 2704 3.398529094 0.05296225071 0.5
2701 2707 0 0 0.5
2702 2705 2.979093822 0.02291287847 0.5
2702 2706 2.979093822 0.02291287847 0.5
2705 2707 0 0 0.5
2706 2707 0 0 0.5
2709 2712 3.398529094 0.05296225071 0.5
2709 2716 0 0 0.5
2709 2719 3.422718218 0.05454356057 0.5
2709 2730 3.398529094 0.05296225071 0.5
2709 2733 0 0 0.5
2710 2713 3.328062499 0.05454356057 0.5
2710 2714 2.979093822 0.02291287847 0.5
2710 2715 2.979093822 0.02291287847 0.5
2710 2720 3.422718218 0.05454356057 0.5
2710 2727 3.422718218 0.05454356057 0.5
2710 2729 3.422718218 0.05454356057 0.5
2711 2719 3.422718218 0.05454356057 0.5
2711 2728 3.422718218 0.05454356057 0.5
2711 10276 3.398529094 0.05296225071 0.5
2712 2718 3.398529094 0.05296225071 0.5
2712 10275 3.398529094 0.05296225071 0.5
2712 10277 2.958039892 0.02224859546 0.5
2712 10278 2.958039892 0.02224859546 0.5
2713 2716 0 0 0.5
2713 10274 3.328062499 0.05454356057 0.5
2713 10279 0 0 0.5
2714 2716 0 0 0.5
2714 10276 2.958039892 0.02224859546 0.5
2715 2716 0 0 0.5
2715 10276 2.958039892 0.02224859546 0.5
2716 2718 0 0 0.5
2718 2721 3.398529094 0.05296225071 0.5
2718 2725 0 0 0.5
2718 2728 3.422718218 0.05454356057 0.5
2719 2722 3.328062499 0.05454356057 0.5
2719 2723 2.979093822 0.02291287847 0.5
2719 2724 2.979093822 0.02291287847 0.5
2719 2729 3.422718218 0.05454356057 0.5
2720 2728 3.422718218 0.05454356057 0.5
2720 5900 3.398529094 0.05296225071 0.5
2721 2727 3.398529094 0.05296225071 0.5
2721 5899 3.398529094 0.05296225071 0.5
2721 5901 2.958039892 0.02224859546 0.5
2721 5902 2.958039892 0.02224859546 0.5
2722 2725 0 0 0.5
2722 5898 3.328062499 0.05454356057 0.5
2722 5903 0 0 0.5
2723 2725 0 0 0.5
2723 5900 2.958039892 0.02224859546 0.5
2724 2725 0 0 0.5
2724 5900 2.958039892 0.02224859546 0.5
2725 2727 0 0 0.5
2727 2730 3.398529094 0.05296225071 0.5
2727 2733 0 0 0.5
2728 2731 2.979093822 0.02291287847 0.5
2728 2732 2.979093822 0.02291287847 0.5
2731 2733 0 0 0.5
2732 2733 0 0 0.5
2735 2738 3.398529094 0.05296225071 0.5
2735 2742 0 0 0.5
2735 2745 3.422718218 0.05454356057 0.5
2735 2756 3.398529094 0.05296225071 0.5
2735 2761 0 0 0.5
2736 2739 3.328062499 0.05454356057 0.5
2736 2740 2.979093822 0.02291287847 0.5
2736 2741 2.979093822 0.02291287847 0.5
2736 2746 3.422718218 0.05454356057 0.5
2736 2753 3.422718218 0.05454356057 0.5
2736 2755 3.422718218 0.05454356057 0.5
2737 2745 3.422718218 0.05454356057 0.5
2737 2754 3.422718218 0.05454356057 0.5
2737 4542 3.398529094 0.05296225071 0.5
2738 2744 3.398529094 0.05296225071 0.5
2738 4541 3.398529094 0.05296225071 0.5
2738 4543 2.958039892 0.02224859546 0.5
2738 4544 2.958039892 0.02224859546 0.5
2739 2742 0 0 0.5
2739 4540 3.328062499 0.05454356057 0.5
2739 4545 0 0 0.5
2740 2742 0 0 0.5
2740 4542 2.958039892 0.02224859546 0.5
2741 2742 0 0 0.5
2741 4542 2.958039892 0.02224859546 0.5
2742 2744 0 0 0.5
2744 2747 3.398529094 0.05296225071 0.5
2744 2751 0 0 0.5
2744 2754 3.422718218 0.05454356057 0.5
2745 2748 3.328062499 0.05454356057 0.5
2745 2749 2.979093822 0.02291287847 0.5
2745 2750 2.979093822 0.02291287847 0.5
2745 2755 3.422718218 0.05454356057 0.5
2746 2754 3.422718218 0.05454356057 0.5
2746 6612 3.398529094 0.05296225071 0.5
2747 2753 3.398529094 0.05296225071 0.5
2747 6611 3.398529094 0.05296225071 0.5
2747 6613 2.958039892 0.02224859546 0.5
2747 6614 2.958039892 0.02224859546 0.5
2748 2751 0 0 0.5
2748 6610 3.328062499 0.05454356057 0.5
2748 6615 0 0 0.5
2749 2751 0 0 0.5
2749 6612 2.958039892 0.02224859546 0.5
2750 2751 0 0 0.5
2750 6612 2.958039892 0.02224859546 0.5
2751 2753 0 0 0.5
2753 2756 3.398529094 0.05296225071 0.5
2753 2761 0 0 0.5
2754 2757 3.328062499 0.05454356057 0.5
2754 2759 2.979093822 0.02291287847 0.5
2754 2760 2.979093822 0.02291287847 0.5
2755 2758 0 0 0.5
2757 2761 0 0 0.5
2758 2759 0 0 0.5
2758 2760 0 0 0.5
2759 2761 0 0 0.5
2760 2761 0 0 0.5
2763 2766 3.398529094 0.05296225071 0.5
2763 2770 0 0 0.5
2763 2773 3.422718218 0.05454356057 0.5
2763 2784 3.398529094 0.05296225071 0.5
2763 2787 0 0 0.5
2764 2767 3.328062499 0.05454356057 0.5
2764 2768 2.979093822 0.02291287847 0.5
2764 2769 2.979093822 0.02291287847 0.5
2764 2774 3.422718218 0.05454356057 0.5
2764 2781 3.422718218 0.05454356057 0.5
2764 2783 3.422718218 0.05454356057 0.5
2765 2773 3.422718218 0.05454356057 0.5
2765 2782 3.422718218 0.05454356057 0.5
2765 7874 3.398529094 0.05296225071 0.5
2766 2772 3.398529094 0.05296225071 0.5
2766 7873 3.398529094 0.05296225071 0.5
2766 7875 2.958039892 0.02224859546 0.5
2766 7876 2.958039892 0.02224859546 0.5
2767 2770 0 0 0.5
2767 7872 3.328062499 0.05454356057 0.5
2767 7877 0 0 0.5
2768 2770 0 0 0.5
2768 7874 2.958039892 0.02224859546 0.5
2769 2770 0 0 0.5
2769 7874 2.958039892 0.02224859546 0.5
2770 2772 0 0 0.5
2772 2775 3.398529094 0.05296225071 0.5
2772 2779 0 0 0.5
2772 2782 3.422718218 0.05454356057 0.5
2773 2776 3.328062499 0.05454356057 0.5
2773 2777 2.979093822 0.02291287847 0.5
2773 2778 2.979093822 0.02291287847 0.5
2773 2783 3.422718218 0.05454356057 0.5
2774 2782 3.422718218 0.05454356057 0.5
2774 9870 3.398529094 0.05296225071 0.5
2775 2781 3.398529094 0.05296225071 0.5
2775 9869 3.398529094 0.05296225071 0.5
2775 9871 2.958039892 0.02224859546 0.5
2775 9872 2.958039892 0.02224859546 0.5
2776 2779 0 0 0.5
2776 9868 3.328062499 0.05454356057 0.5
2776 9873 0 0 0.5
2777 2779 0 0 0.5
2777 9870 2.958039892 0.02224859546 0.5
2778 2779 0 0 0.5
2778 9870 2.958039892 0.02224859546 0.5
2779 2781 0 0 0.5
2781 2784 3.398529094 0.05296225071 0.5
2781 2787 0 0 0.5
2782 2785 2.979093822 0.02291287847 0.5
2782 2786 2.979093822 0.02291287847 0.5
2785 2787 0 0 0.5
2786 2787 0 0 0.5
2789 2792 3.398529094 0.05296225071 0.5
2789 2796 0 0 0.5
2789 2799 3.422718218 0.05454356057 0.5
2789 2810 3.398529094 0.05296225071 0.5
2789 2814 0 0 0.5
2790 2793 3.328062499 0.05454356057 0.5
2790 2794 2.979093822 0.02291287847 0.5
2790 2795 2.979093822 0.02291287847 0.5
2790 2800 3.422718218 0.05454356057 0.5
2790 2807 3.422718218 0.05454356057 0.5
2790 2809 3.422718218 0.05454356057 0.5
2791 2799 3.422718218 0.05454356057 0.5
2791 2808 3.422718218 0.05454356057 0.5
2791 8322 3.398529094 0.05296225071 0.5
2792 2798 3.398529094 0.05296225071 0.5
2792 8321 3.398529094 0.05296225071 0.5
2792 8323 2.958039892 0.02224859546 0.5
2792 8324 2.958039892 0.02224859546 0.5
2793 2796 0 0 0.5
2793 8320 3.328062499 0.05454356057 0.5
2793 8325 0 0 0.5
2794 2796 0 0 0.5
2794 8322 2.958039892 0.02224859546 0.5
2795 2796 0 0 0.5
2795 8322 2.958039892 0.02224859546 0.5
2796 2798 0 0 0.5
2798 2801 3.398529094 0.05296225071 0.5
2798 2805 0 0 0.5
2798 2808 3.422718218 0.05454356057 0.5
2799 2802 3.328062499 0.05454356057 0.5
2799 2803 2.979093822 0.02291287847 0.5
2799 2804 2.979093822 0.02291287847 0.5
2799 2809 3.422718218 0.05454356057 0.5
2800 2808 3.422718218 0.05454356057 0.5
2800 8507 3.398529094 0.05296225071 0.5
2801 2807 3.398529094 0.05296225071 0.5
2801 8506 3.398529094 0.05296225071 0.5
2801 8508 2.958039892 0.02224859546 0.5
2801 8509 2.958039892 0.02224859546 0.5
2802 2805 0 0 0.5
2802 8505 3.328062499 0.05454356057 0.5
2802 8510 0 0 0.5
2803 2805 0 0 0.5
2803 8507 2.958039892 0.02224859546 0.5
2804 2805 0 0 0.5
2804 8507 2.958039892 0.02224859546 0.5
2805 2807 0 0 0.5
2807 2810 3.398529094 0.05296225071 0.5
2807 2814 0 0 0.5
2808 2811 3.328062499 0.05454356057 0.5
2808 2812 2.979093822 0.02291287847 0.5
2808 2813 2.979093822 0.02291287847 0.5
2809 6960 3.398529094 0.05296225071 0.5
2810 6959 3.398529094 0.05296225071 0.5
2810 6961 2.958039892 0.02224859546 0.5
2810 6962 2.958039892 0.02224859546 0.5
2811 2814 0 0 0.5
2811 6958 3.328062499 0.05454356057 0.5
2811 6963 0 0 0.5
2812 2814 0 0 0.5
2812 6960 2.958039892 0.02224859546 0.5
2813 2814 0 0 0.5
2813 6960 2.958039892 0.02224859546 0.5
2816 2819 3.398529094 0.05296225071 0.5
2816 2823 0 0 0.5
2816 2826 3.422718218 0.05454356057 0.5
2816 2836 3.398529094 0.05296225071 0.5
2816 2840 0 0 0.5
2817 2820 3.328062499 0.05454356057 0.5
2817 2821 2.979093822 0.02291287847 0.5
2817 2822 2.979093822 0.02291287847 0.5
2817 2827 3.422718218 0.05454356057 0.5
2817 2833 3.422718218 0.05454356057 0.5
2817 2835 3.422718218 0.05454356057 0.5
2818 2826 3.422718218 0.05454356057 0.5
2818 2834 3.422718218 0.05454356057 0.5
2818 5338 3.398529094 0.05296225071 0.5
2819 2825 3.398529094 0.05296225071 0.5
2819 5337 3.398529094 0.05296225071 0.5
2819 5339 2.958039892 0.02224859546 0.5
2819 5340 2.958039892 0.02224859546 0.5
2820 2823 0 0 0.5
2820 5336 3.328062499 0.05454356057 0.5
2820 5341 0 0 0.5
2821 2823 0 0 0.5
2821 5338 2.958039892 0.02224859546 0.5
2822 2823 0 0 0.5
2822 5338 2.958039892 0.02224859546 0.5
2823 2825 0 0 0.5
2825 2828 3.398529094 0.05296225071 0.5
2825 2831 0 0 0.5
2825 2834 3.422718218 0.05454356057 0.5
2826 2829 2.979093822 0.02291287847 0.5
2826 2830 2.979093822 0.02291287847 0.5
2826 2835 3.422718218 0.05454356057 0.5
2827 2834 3.422718218 0.05454356057 0.5
2828 2833 3.398529094 0.05296225071 0.5
2829 2831 0 0 0.5
2830 2831 0 0 0.5
2831 2833 0 0 0.5
2833 2836 3.398529094 0.05296225071 0.5
2833 2840 0 0 0.5
2834 2837 3.328062499 0.05454356057 0.5
2834 2838 2.979093822 0.02291287847 0.5
2834 2839 2.979093822 0.02291287847 0.5
2835 4550 3.398529094 0.05296225071 0.5
2836 4549 3.398529094 0.05296225071 0.5
2836 4551 2.958039892 0.02224859546 0.5
2836 4552 2.958039892 0.02224859546 0.5
2837 2840 0 0 0.5
2837 4548 3.328062499 0.05454356057 0.5
2837 4553 0 0 0.5
2838 2840 0 0 0.5
2838 4550 2.958039892 0.02224859546 0.5
2839 2840 0 0 0.5
2839 4550 2.958039892 0.02224859546 0.5
2842 2845 3.398529094 0.05296225071 0.5
2842 2849 0 0 0.5
2842 2852 3.422718218 0.05454356057 0.5
2842 2862 3.398529094 0.05296225071 0.5
2842 2866 0 0 0.5
2843 2846 3.328062499 0.05454356057 0.5
2843 2847 2.979093822 0.02291287847 0.5
2843 2848 2.979093822 0.02291287847 0.5
2843 2853 3.422718218 0.05454356057 0.5
2843 2859 3.422718218 0.05454356057 0.5
2843 2861 3.422718218 0.05454356057 0.5
2844 2852 3.422718218 0.05454356057 0.5
2844 2860 3.422718218 0.05454356057 0.5
2844 5043 3.398529094 0.05296225071 0.5
2845 2851 3.398529094 0.05296225071 0.5
2845 5042 3.398529094 0.05296225071 0.5
2845 5044 2.958039892 0.02224859546 0.5
2845 5045 2.958039892 0.02224859546 0.5
2846 2849 0 0 0.5
2846 5041 3.328062499 0.05454356057 0.5
2846 5046 0 0 0.5
2847 2849 0 0 0.5
2847 5043 2.958039892 0.02224859546 0.5
2848 2849 0 0 0.5
2848 5043 2.958039892 0.02224859546 0.5
2849 2851 0 0 0.5
2851 2854 3.398529094 0.05296225071 0.5
2851 2857 0 0 0.5
2851 2860 3.422718218 0.05454356057 0.5
2852 2855 2.979093822 0.02291287847 0.5
2852 2856 2.979093822 0.02291287847 0.5
2852 2861 3.422718218 0.05454356057 0.5
2853 2860 3.422718218 0.05454356057 0.5
2854 2859 3.398529094 0.05296225071 0.5
2855 2857 0 0 0.5
2856 2857 0 0 0.5
2857 2859 0 0 0.5
2859 2862 3.398529094 0.05296225071 0.5
2859 2866 0 0 0.5
2860 2863 3.328062499 0.05454356057 0.5
2860 2864 2.979093822 0.02291287847 0.5
2860 2865 2.979093822 0.02291287847 0.5
2861 7427 3.398529094 0.05296225071 0.5
2862 7426 3.398529094 0.05296225071 0.5
2862 7428 2.958039892 0.02224859546 0.5
2862 7429 2.958039892 0.02224859546 0.5
2863 2866 0 0 0.5
2863 7425 3.328062499 0.05454356057 0.5
2863 7430 0 0 0.5
2864 2866 0 0 0.5
2864 7427 2.958039892 0.02224859546 0.5
2865 2866 0 0 0.5
2865 7427 2.958039892 0.02224859546 0.5
2868 2871 3.398529094 0.05296225071 0.5
2868 2874 0 0 0.5
2868 2877 3.422718218 0.05454356057 0.5
2868 2887 3.398529094 0.05296225071 0.5
2868 2890 0 0 0.5
2869 2872 2.979093822 0.02291287847 0.5
2869 2873 2.979093822 0.02291287847 0.5
2869 2878 3.422718218 0.05454356057 0.5
2869 2884 3.422718218 0.05454356057 0.5
2869 2886 3.422718218 0.05454356057 0.5
2870 2877 3.422718218 0.05454356057 0.5
2870 2885 3.422718218 0.05454356057 0.5
2871 2876 3.398529094 0.05296225071 0.5
2872 2874 0 0 0.5
2873 2874 0 0 0.5
2874 2876 0 0 0.5
2876 2879 3.398529094 0.05296225071 0.5
2876 2882 0 0 0.5
2876 2885 3.422718218 0.05454356057 0.5
2877 2880 2.979093822 0.02291287847 0.5
2877 2881 2.979093822 0.02291287847 0.5
2877 2886 3.422718218 0.05454356057 0.5
2878 2885 3.422718218 0.05454356057 0.5
2879 2884 3.398529094 0.05296225071 0.5
2880 2882 0 0 0.5
2881 2882 0 0 0.5
2882 2884 0 0 0.5
2884 2887 3.398529094 0.05296225071 0.5
2884 2890 0 0 0.5
2885 2888 2.979093822 0.02291287847 0.5
2885 2889 2.979093822 0.02291287847 0.5
2888 2890 0 0 0.5
2889 2890 0 0 0.5
2892 2895 3.398529094 0.05296225071 0.5
2892 2899 0 0 0.5
2892 2902 3.422718218 0.05454356057 0.5
2892 2912 3.398529094 0.05296225071 0.5
2892 2916 0 0 0.5
2893 2896 3.328062499 0.05454356057 0.5
2893 2897 2.979093822 0.02291287847 0.5
2893 2898 2.979093822 0.02291287847 0.5
2893 2903 3.422718218 0.05454356057 0.5
2893 2909 3.422718218 0.05454356057 0.5
2893 2911 3.422718218 0.05454356057 0.5
2894 2902 3.422718218 0.05454356057 0.5
2894 2910 3.422718218 0.05454356057 0.5
2894 6653 3.398529094 0.05296225071 0.5
2895 2901 3.398529094 0.05296225071 0.5
2895 6652 3.398529094 0.05296225071 0.5
2895 6654 2.958039892 0.02224859546 0.5
2895 6655 2.958039892 0.02224859546 0.5
2896 2899 0 0 0.5
2896 6651 3.328062499 0.05454356057 0.5
2896 6656 0 0 0.5
2897 2899 0 0 0.5
2897 6653 2.958039892 0.02224859546 0.5
2898 2899 0 0 0.5
2898 6653 2.958039892 0.02224859546 0.5
2899 2901 0 0 0.5
2901 2904 3.398529094 0.05296225071 0.5
2901 2907 0 0 0.5
2901 2910 3.422718218 0.05454356057 0.5
2902 2905 2.979093822 0.02291287847 0.5
2902 2906 2.979093822 0.02291287847 0.5
2902 2911 3.422718218 0.05454356057 0.5
2903 2910 3.422718218 0.05454356057 0.5
2904 2909 3.398529094 0.05296225071 0.5
2905 2907 0 0 0.5
2906 2907 0 0 0.5
2907 2909 0 0 0.5
2909 2912 3.398529094 0.05296225071 0.5
2909 2916 0 0 0.5
2910 2913 3.328062499 0.05454356057 0.5
2910 2914 2.979093822 0.02291287847 0.5
2910 2915 2.979093822 0.02291287847 0.5
2911 6637 3.398529094 0.05296225071 0.5
2912 6636 3.398529094 0.05296225071 0.5
2912 6638 2.958039892 0.02224859546 0.5
2912 6639 2.958039892 0.02224859546 0.5
2913 2916 0 0 0.5
2913 6635 3.328062499 0.05454356057 0.5
2913 6640 0 0 0.5
2914 2916 0 0 0.5
2914 6637 2.958039892 0.02224859546 0.5
2915 2916 0 0 0.5
2915 6637 2.958039892 0.02224859546 0.5
2918 2921 3.398529094 0.05296225071 0.5
2918 2925 0 0 0.5
2918 2928 3.422718218 0.05454356057 0.5
2918 2939 3.398529094 0.05296225071 0.5
2918 2943 0 0 0.5
2919 2922 3.328062499 0.05454356057 0.5
2919 2923 2.979093822 0.02291287847 0.5
2919 2924 2.979093822 0.02291287847 0.5
2919 2929 3.422718218 0.05454356057 0.5
2919 2936 3.422718218 0.05454356057 0.5
2919 2938 3.422718218 0.05454356057 0.5
2920 2928 3.422718218 0.05454356057 0.5
2920 2937 3.422718218 0.05454356057 0.5
2920 7359 3.398529094 0.05296225071 0.5
2921 2927 3.398529094 0.05296225071 0.5
2921 7358 3.398529094 0.05296225071 0.5
2921 7360 2.958039892 0.02224859546 0.5
2921 7361 2.958039892 0.02224859546 0.5
2922 2925 0 0 0.5
2922 7357 3.328062499 0.05454356057 0.5
2922 7362 0 0 0.5
2923 2925 0 0 0.5
2923 7359 2.958039892 0.02224859546 0.5
2924 2925 0 0 0.5
2924 7359 2.958039892 0.02224859546 0.5
2925 2927 0 0 0.5
2927 2930 3.398529094 0.05296225071 0.5
2927 2934 0 0 0.5
2927 2937 3.422718218 0.05454356057 0.5
2928 2931 3.328062499 0.05454356057 0.5
2928 2932 2.979093822 0.02291287847 0.5
2928 2933 2.979093822 0.02291287847 0.5
2928 2938 3.422718218 0.05454356057 0.5
2929 2937 3.422718218 0.05454356057 0.5
2929 3141 3.398529094 0.05296225071 0.5
2930 2936 3.398529094 0.05296225071 0.5
2930 3140 3.398529094 0.05296225071 0.5
2930 3142 2.958039892 0.02224859546 0.5
2930 3143 2.958039892 0.02224859546 0.5
2931 2934 0 0 0.5
2931 3139 3.328062499 0.05454356057 0.5
2931 3144 0 0 0.5
2932 2934 0 0 0.5
2932 3141 2.958039892 0.02224859546 0.5
2933 2934 0 0 0.5
2933 3141 2.958039892 0.02224859546 0.5
2934 2936 0 0 0.5
2936 2939 3.398529094 0.05296225071 0.5
2936 2943 0 0 0.5
2937 2940 3.328062499 0.05454356057 0.5
2937 2941 2.979093822 0.02291287847 0.5
2937 2942 2.979093822 0.02291287847 0.5
2938 9451 3.398529094 0.05296225071 0.5
2939 9450 3.398529094 0.05296225071 0.5
2939 9452 2.958039892 0.02224859546 0.5
2939 9453 2.958039892 0.02224859546 0.5
2940 2943 0 0 0.5
2940 9449 3.328062499 0.05454356057 0.5
2940 9454 0 0 0.5
2941 2943 0 0 0.5
2941 9451 2.958039892 0.02224859546 0.5
2942 2943 0 0 0.5
2942 9451 2.958039892 0.02224859546 0.5
2945 2948 3.398529094 0.05296225071 0.5
2945 2952 0 0 0.5
2945 2955 3.422718218 0.05454356057 0.5
2945 2966 3.398529094 0.05296225071 0.5
2945 2970 0 0 0.5
2946 2949 3.328062499 0.05454356057 0.5
2946 2950 2.979093822 0.02291287847 0.5
2946 2951 2.979093822 0.02291287847 0.5
2946 2956 3.422718218 0.05454356057 0.5
2946 2963 3.422718218 0.05454356057 0.5
2946 2965 3.422718218 0.05454356057 0.5
2947 2955 3.422718218 0.05454356057 0.5
2947 2964 3.422718218 0.05454356057 0.5
2947 8998 3.398529094 0.05296225071 0.5
2948 2954 3.398529094 0.05296225071 0.5
2948 8997 3.398529094 0.05296225071 0.5
2948 8999 2.958039892 0.02224859546 0.5
2948 9000 2.958039892 0.02224859546 0.5
2949 2952 0 0 0.5
2949 8996 3.328062499 0.05454356057 0.5
2949 9001 0 0 0.5
2950 2952 0 0 0.5
2950 8998 2.958039892 0.02224859546 0.5
2951 2952 0 0 0.5
2951 8998 2.958039892 0.02224859546 0.5
2952 2954 0 0 0.5
2954 2957 3.398529094 0.05296225071 0.5
2954 2961 0 0 0.5
2954 2964 3.422718218 0.05454356057 0.5
2955 2958 3.328062499 0.05454356057 0.5
2955 2959 2.979093822 0.02291287847 0.5
2955 2960 2.979093822 0.02291287847 0.5
2955 2965 3.422718218 0.05454356057 0.5
2956 2964 3.422718218 0.05454356057 0.5
2956 3621 3.398529094 0.05296225071 0.5
2957 2963 3.398529094 0.05296225071 0.5
2957 3620 3.398529094 0.05296225071 0.5
2957 3622 2.958039892 0.02224859546 0.5
2957 3623 2.958039892 0.02224859546 0.5
2958 2961 0 0 0.5
2958 3619 3.328062499 0.05454356057 0.5
2958 3624 0 0 0.5
2959 2961 0 0 0.5
2959 3621 2.958039892 0.02224859546 0.5
2960 2961 0 0 0.5
2960 3621 2.958039892 0.02224859546 0.5
2961 2963 0 0 0.5
2963 2966 3.398529094 0.05296225071 0.5
2963 2970 0 0 0.5
2964 2967 3.328062499 0.05454356057 0.5
2964 2968 2.979093822 0.02291287847 0.5
2964 2969 2.979093822 0.02291287847 0.5
2965 8066 3.398529094 0.05296225071 0.5
2966 8065 3.398529094 0.05296225071 0.5
2966 8067 2.958039892 0.02224859546 0.5
2966 8068 2.958039892 0.02224859546 0.5
2967 2970 0 0 0.5
2967 8064 3.328062499 0.05454356057 0.5
2967 8069 0 0 0.5
2968 2970 0 0 0.5
2968 8066 2.958039892 0.02224859546 0.5
2969 2970 0 0 0.5
2969 8066 2.958039892 0.02224859546 0.5
2972 2975 3.398529094 0.05296225071 0.5
2972 2979 0 0 0.5
2972 2982 3.422718218 0.05454356057 0.5
2972 2993 3.398529094 0.05296225071 0.5
2972 2997 0 0 0.5
2973 2976 3.328062499 0.05454356057 0.5
2973 2977 2.979093822 0.02291287847 0.5
2973 2978 2.979093822 0.02291287847 0.5
2973 2983 3.422718218 0.05454356057 0.5
2973 2990 3.422718218 0.05454356057 0.5
2973 2992 3.422718218 0.05454356057 0.5
2974 2982 3.422718218 0.05454356057 0.5
2974 2991 3.422718218 0.05454356057 0.5
2974 3227 3.398529094 0.05296225071 0.5
2975 2981 3.398529094 0.05296225071 0.5
2975 3226 3.398529094 0.05296225071 0.5
2975 3228 2.958039892 0.02224859546 0.5
2975 3229 2.958039892 0.02224859546 0.5
2976 2979 0 0 0.5
2976 3225 3.328062499 0.05454356057 0.5
2976 3230 0 0 0.5
2977 2979 0 0 0.5
2977 3227 2.958039892 0.02224859546 0.5
2978 2979 0 0 0.5
2978 3227 2.958039892 0.02224859546 0.5
2979 2981 0 0 0.5
2981 2984 3.398529094 0.05296225071 0.5
2981 2988 0 0 0.5
2981 2991 3.422718218 0.05454356057 0.5
2982 2985 3.328062499 0.05454356057 0.5
2982 2986 2.979093822 0.02291287847 0.5
2982 2987 2.979093822 0.02291287847 0.5
2982 2992 3.422718218 0.05454356057 0.5
2983 2991 3.422718218 0.05454356057 0.5
2983 7343 3.398529094 0.05296225071 0.5
2984 2990 3.398529094 0.05296225071 0.5
2984 7342 3.398529094 0.05296225071 0.5
2984 7344 2.958039892 0.02224859546 0.5
2984 7345 2.958039892 0.02224859546 0.5
2985 2988 0 0 0.5
2985 7341 3.328062499 0.05454356057 0.5
2985 7346 0 0 0.5
2986 2988 0 0 0.5
2986 7343 2.958039892 0.02224859546 0.5
2987 2988 0 0 0.5
2987 7343 2.958039892 0.02224859546 0.5
2988 2990 0 0 0.5
2990 2993 3.398529094 0.05296225071 0.5
2990 2997 0 0 0.5
2991 2994 3.328062499 0.05454356057 0.5
2991 2995 2.979093822 0.02291287847 0.5
2991 2996 2.979093822 0.02291287847 0.5
2992 10752 3.398529094 0.05296225071 0.5
2993 10751 3.398529094 0.05296225071 0.5
2993 10753 2.958039892 0.02224859546 0.5
2993 10754 2.958039892 0.02224859546 0.5
2994 2997 0 0 0.5
2994 10750 3.328062499 0.05454356057 0.5
2994 10755 0 0 0.5
2995 2997 0 0 0.5
2995 10752 2.958039892 0.02224859546 0.5
2996 2997 0 0 0.5
2996 10752 2.958039892 0.02224859546 0.5
2999 3002 3.398529094 0.05296225071 0.5
2999 3006 0 0 0.5
2999 3009 3.422718218 0.05454356057 0.5
2999 3019 3.398529094 0.05296225071 0.5
2999 3022 0 0 0.5
3000 3003 3.328062499 0.05454356057 0.5
3000 3004 2.979093822 0.02291287847 0.5
3000 3005 2.979093822 0.02291287847 0.5
3000 3010 3.422718218 0.05454356057 0.5
3000 3016 3.422718218 0.05454356057 0.5
3000 3018 3.422718218 0.05454356057 0.5
3001 3009 3.422718218 0.05454356057 0.5
3001 3017 3.422718218 0.05454356057 0.5
3001 9467 3.398529094 0.05296225071 0.5
3002 3008 3.398529094 0.05296225071 0.5
3002 9466 3.398529094 0.05296225071 0.5
3002 9468 2.958039892 0.02224859546 0.5
3002 9469 2.958039892 0.02224859546 0.5
3003 3006 0 0 0.5
3003 9465 3.328062499 0.05454356057 0.5
3003 9470 0 0 0.5
3004 3006 0 0 0.5
3004 9467 2.958039892 0.02224859546 0.5
3005 3006 0 0 0.5
3005 9467 2.958039892 0.02224859546 0.5
3006 3008 0 0 0.5
3008 3011 3.398529094 0.05296225071 0.5
3008 3014 0 0 0.5
3008 3017 3.422718218 0.05454356057 0.5
3009 3012 2.979093822 0.02291287847 0.5
3009 3013 2.979093822 0.02291287847 0.5
3009 3018 3.422718218 0.05454356057 0.5
3010 3017 3.422718218 0.05454356057 0.5
3011 3016 3.398529094 0.05296225071 0.5
3012 3014 0 0 0.5
3013 3014 0 0 0.5
3014 3016 0 0 0.5
3016 3019 3.398529094 0.05296225071 0.5
3016 3022 0 0 0.5
3017 3020 2.979093822 0.02291287847 0.5
3017 3021 2.979093822 0.02291287847 0.5
3020 3022 0 0 0.5
3021 3022 0 0 0.5
3024 3027 3.398529094 0.05296225071 0.5
3024 3030 0 0 0.5
3024 3033 3.422718218 0.05454356057 0.5
3024 3044 3.398529094 0.05296225071 0.5
3024 3047 0 0 0.5
3025 3028 2.979093822 0.02291287847 0.5
3025 3029 2.979093822 0.02291287847 0.5
3025 3034 3.422718218 0.05454356057 0.5
3025 3041 3.422718218 0.05454356057 0.5
3025 3043 3.422718218 0.05454356057 0.5
3026 3033 3.422718218 0.05454356057 0.5
3026 3042 3.422718218 0.05454356057 0.5
3027 3032 3.398529094 0.05296225071 0.5
3028 3030 0 0 0.5
3029 3030 0 0 0.5
3030 3032 0 0 0.5
3032 3035 3.398529094 0.05296225071 0.5
3032 3039 0 0 0.5
3032 3042 3.422718218 0.05454356057 0.5
3033 3036 3.328062499 0.05454356057 0.5
3033 3037 2.979093822 0.02291287847 0.5
3033 3038 2.979093822 0.02291287847 0.5
3033 3043 3.422718218 0.05454356057 0.5
3034 3042 3.422718218 0.05454356057 0.5
3034 7951 3.398529094 0.05296225071 0.5
3035 3041 3.398529094 0.05296225071 0.5
3035 7950 3.398529094 0.05296225071 0.5
3035 7952 2.958039892 0.02224859546 0.5
3035 7953 2.958039892 0.02224859546 0.5
3036 3039 0 0 0.5
3036 7949 3.328062499 0.05454356057 0.5
3036 7954 0 0 0.5
3037 3039 0 0 0.5
3037 7951 2.958039892 0.02224859546 0.5
3038 3039 0 0 0.5
3038 7951 2.958039892 0.02224859546 0.5
3039 3041 0 0 0.5
3041 3044 3.398529094 0.05296225071 0.5
3041 3047 0 0 0.5
3042 3045 2.979093822 0.02291287847 0.5
3042 3046 2.979093822 0.02291287847 0.5
3045 3047 0 0 0.5
3046 3047 0 0 0.5
3049 3052 3.398529094 0.05296225071 0.5
3049 3055 0 0 0.5
3049 3058 3.422718218 0.05454356057 0.5
3049 3069 3.398529094 0.05296225071 0.5
3049 3073 0 0 0.5
3050 3053 2.979093822 0.02291287847 0.5
3050 3054 2.979093822 0.02291287847 0.5
3050 3059 3.422718218 0.05454356057 0.5
3050 3066 3.422718218 0.05454356057 0.5
3050 3068 3.422718218 0.05454356057 0.5
3051 3058 3.422718218 0.05454356057 0.5
3051 3067 3.422718218 0.05454356057 0.5
3052 3057 3.398529094 0.05296225071 0.5
3053 3055 0 0 0.5
3054 3055 0 0 0.5
3055 3057 0 0 0.5
3057 3060 3.398529094 0.05296225071 0.5
3057 3064 0 0 0.5
3057 3067 3.422718218 0.05454356057 0.5
3058 3061 3.328062499 0.05454356057 0.5
3058 3062 2.979093822 0.02291287847 0.5
3058 3063 2.979093822 0.02291287847 0.5
3058 3068 3.422718218 0.05454356057 0.5
3059 3067 3.422718218 0.05454356057 0.5
3059 7288 3.398529094 0.05296225071 0.5
3060 3066 3.398529094 0.05296225071 0.5
3060 7287 3.398529094 0.05296225071 0.5
3060 7289 2.958039892 0.02224859546 0.5
3060 7290 2.958039892 0.02224859546 0.5
3061 3064 0 0 0.5
3061 7286 3.328062499 0.05454356057 0.5
3061 7291 0 0 0.5
3062 3064 0 0 0.5
3062 7288 2.958039892 0.02224859546 0.5
3063 3064 0 0 0.5
3063 7288 2.958039892 0.02224859546 0.5
3064 3066 0 0 0.5
3066 3069 3.398529094 0.05296225071 0.5
3066 3073 0 0 0.5
3067 3070 3.328062499 0.05454356057 0.5
3067 3071 2.979093822 0.02291287847 0.5
3067 3072 2.979093822 0.02291287847 0.5
3068 11923 3.398529094 0.05296225071 0.5
3069 11922 3.398529094 0.05296225071 0.5
3069 11924 2.958039892 0.02224859546 0.5
3069 11925 2.958039892 0.02224859546 0.5
3070 3073 0 0 0.5
3070 11921 3.328062499 0.05454356057 0.5
3070 11926 0 0 0.5
3071 3073 0 0 0.5
3071 11923 2.958039892 0.02224859546 0.5
3072 3073 0 0 0.5
3072 11923 2.958039892 0.02224859546 0.5
3075 3078 3.398529094 0.05296225071 0.5
3075 3082 0 0 0.5
3075 3085 3.422718218 0.05454356057 0.5
3075 3097 3.398529094 0.05296225071 0.5
3075 3101 0 0 0.5
3076 3079 3.328062499 0.05454356057 0.5
3076 3080 2.979093822 0.02291287847 0.5
3076 3081 2.979093822 0.02291287847 0.5
3076 3086 3.422718218 0.05454356057 0.5
3076 3094 3.422718218 0.05454356057 0.5
3076 3096 3.422718218 0.05454356057 0.5
3077 3085 3.422718218 0.05454356057 0.5
3077 3095 3.422718218 0.05454356057 0.5
3077 3210 3.398529094 0.05296225071 0.5
3078 3084 3.398529094 0.05296225071 0.5
3078 3209 3.398529094 0.05296225071 0.5
3078 3211 2.958039892 0.02224859546 0.5
3078 3212 2.958039892 0.02224859546 0.5
3079 3082 0 0 0.5
3079 3208 3.328062499 0.05454356057 0.5
3079 3213 0 0 0.5
3080 3082 0 0 0.5
3080 3210 2.958039892 0.02224859546 0.5
3081 3082 0 0 0.5
3081 3210 2.958039892 0.02224859546 0.5
3082 3084 0 0 0.5
3084 3087 3.398529094 0.05296225071 0.5
3084 3092 0 0 0.5
3084 3095 3.422718218 0.05454356057 0.5
3085 3088 3.328062499 0.05454356057 0.5
3085 3090 2.979093822 0.02291287847 0.5
3085 3091 2.979093822 0.02291287847 0.5
3085 3096 3.422718218 0.05454356057 0.5
3086 3089 0 0 0.5
3086 3095 3.422718218 0.05454356057 0.5
3087 3094 3.398529094 0.05296225071 0.5
3088 3092 0 0 0.5
3089 3090 0 0 0.5
3089 3091 0 0 0.5
3090 3092 0 0 0.5
3091 3092 0 0 0.5
3092 3094 0 0 0.5
3094 3097 3.398529094 0.05296225071 0.5
3094 3101 0 0 0.5
3095 3098 3.328062499 0.05454356057 0.5
3095 3099 2.979093822 0.02291287847 0.5
3095 3100 2.979093822 0.02291287847 0.5
3096 4956 3.398529094 0.05296225071 0.5
3097 4955 3.398529094 0.05296225071 0.5
3097 4957 2.958039892 0.02224859546 0.5
3097 4958 2.958039892 0.02224859546 0.5
3098 3101 0 0 0.5
3098 4954 3.328062499 0.05454356057 0.5
3098 4959 0 0 0.5
3099 3101 0 0 0.5
3099 4956 2.958039892 0.02224859546 0.5
3100 3101 0 0 0.5
3100 4956 2.958039892 0.02224859546 0.5
3103 3106 3.398529094 0.05296225071 0.5
3103 3109 0 0 0.5
3103 3112 3.422718218 0.05454356057 0.5
3103 3123 3.398529094 0.05296225071 0.5
3103 3127 0 0 0.5
3104 3107 2.979093822 0.02291287847 0.5
3104 3108 2.979093822 0.02291287847 0.5
3104 3113 3.422718218 0.05454356057 0.5
3104 3120 3.422718218 0.05454356057 0.5
3104 3122 3.422718218 0.05454356057 0.5
3105 3112 3.422718218 0.05454356057 0.5
3105 3121 3.422718218 0.05454356057 0.5
3106 3111 3.398529094 0.05296225071 0.5
3107 3109 0 0 0.5
3108 3109 0 0 0.5
3109 3111 0 0 0.5
3111 3114 3.398529094 0.05296225071 0.5
3111 3118 0 0 0.5
3111 3121 3.422718218 0.05454356057 0.5
3112 3115 3.328062499 0.05454356057 0.5
3112 3116 2.979093822 0.02291287847 0.5
3112 3117 2.979093822 0.02291287847 0.5
3112 3122 3.422718218 0.05454356057 0.5
3113 3121 3.422718218 0.05454356057 0.5
3113 12436 3.398529094 0.05296225071 0.5
3114 3120 3.398529094 0.05296225071 0.5
3114 12435 3.398529094 0.05296225071 0.5
3114 12437 2.958039892 0.02224859546 0.5
3114 12438 2.958039892 0.02224859546 0.5
3115 3118 0 0 0.5
3115 12434 3.328062499 0.05454356057 0.5
3115 12439 0 0 0.5
3116 3118 0 0 0.5
3116 12436 2.958039892 0.02224859546 0.5
3117 3118 0 0 0.5
3117 12436 2.958039892 0.02224859546 0.5
3118 3120 0 0 0.5
3120 3123 3.398529094 0.05296225071 0.5
3120 3127 0 0 0.5
3121 3124 3.328062499 0.05454356057 0.5
3121 3125 2.979093822 0.02291287847 0.5
3121 3126 2.979093822 0.02291287847 0.5
3122 10374 3.398529094 0.05296225071 0.5
3123 10373 3.398529094 0.05296225071 0.5
3123 10375 2.958039892 0.02224859546 0.5
3123 10376 2.958039892 0.02224859546 0.5
3124 3127 0 0 0.5
3124 10372 3.328062499 0.05454356057 0.5
3124 10377 0 0 0.5
3125 3127 0 0 0.5
3125 10374 2.958039892 0.02224859546 0.5
3126 3127 0 0 0.5
3126 10374 2.958039892 0.02224859546 0.5
3129 3132 3.398529094 0.05296225071 0.5
3129 3136 0 0 0.5
3129 3139 3.422718218 0.05454356057 0.5
3129 3149 3.398529094 0.05296225071 0.5
3129 3152 0 0 0.5
3130 3133 3.328062499 0.05454356057 0.5
3130 3134 2.979093822 0.02291287847 0.5
3130 3135 2.979093822 0.02291287847 0.5
3130 3140 3.422718218 0.05454356057 0.5
3130 3146 3.422718218 0.05454356057 0.5
3130 3148 3.422718218 0.05454356057 0.5
3131 3139 3.422718218 0.05454356057 0.5
3131 3147 3.422718218 0.05454356057 0.5
3131 10601 3.398529094 0.05296225071 0.5
3132 3138 3.398529094 0.05296225071 0.5
3132 10600 3.398529094 0.05296225071 0.5
3132 10602 2.958039892 0.02224859546 0.5
3132 10603 2.958039892 0.02224859546 0.5
3133 3136 0 0 0.5
3133 10599 3.328062499 0.05454356057 0.5
3133 10604 0 0 0.5
3134 3136 0 0 0.5
3134 10601 2.958039892 0.02224859546 0.5
3135 3136 0 0 0.5
3135 10601 2.958039892 0.02224859546 0.5
3136 3138 0 0 0.5
3138 3141 3.398529094 0.05296225071 0.5
3138 3144 0 0 0.5
3138 3147 3.422718218 0.05454356057 0.5
3139 3142 2.979093822 0.02291287847 0.5
3139 3143 2.979093822 0.02291287847 0.5
3139 3148 3.422718218 0.05454356057 0.5
3140 3147 3.422718218 0.05454356057 0.5
3141 3146 3.398529094 0.05296225071 0.5
3142 3144 0 0 0.5
3143 3144 0 0 0.5
3144 3146 0 0 0.5
3146 3149 3.398529094 0.05296225071 0.5
3146 3152 0 0 0.5
3147 3150 2.979093822 0.02291287847 0.5
3147 3151 2.979093822 0.02291287847 0.5
3150 3152 0 0 0.5
3151 3152 0 0 0.5
3154 3157 3.398529094 0.05296225071 0.5
3154 3160 0 0 0.5
3154 3163 3.422718218 0.05454356057 0.5
3154 3174 3.398529094 0.05296225071 0.5
3154 3177 0 0 0.5
3155 3158 2.979093822 0.02291287847 0.5
3155 3159 2.979093822 0.02291287847 0.5
3155 3164 3.422718218 0.05454356057 0.5
3155 3171 3.422718218 0.05454356057 0.5
3155 3173 3.422718218 0.05454356057 0.5
3156 3163 3.422718218 0.05454356057 0.5
3156 3172 3.422718218 0.05454356057 0.5
3157 3162 3.398529094 0.05296225071 0.5
3158 3160 0 0 0.5
3159 3160 0 0 0.5
3160 3162 0 0 0.5
3162 3165 3.398529094 0.05296225071 0.5
3162 3169 0 0 0.5
3162 3172 3.422718218 0.05454356057 0.5
3163 3166 3.328062499 0.05454356057 0.5
3163 3167 2.979093822 0.02291287847 0.5
3163 3168 2.979093822 0.02291287847 0.5
3163 3173 3.422718218 0.05454356057 0.5
3164 3172 3.422718218 0.05454356057 0.5
3164 7832 3.398529094 0.05296225071 0.5
3165 3171 3.398529094 0.05296225071 0.5
3165 7831 3.398529094 0.05296225071 0.5
3165 7833 2.958039892 0.02224859546 0.5
3165 7834 2.958039892 0.02224859546 0.5
3166 3169 0 0 0.5
3166 7830 3.328062499 0.05454356057 0.5
3166 7835 0 0 0.5
3167 3169 0 0 0.5
3167 7832 2.958039892 0.02224859546 0.5
3168 3169 0 0 0.5
3168 7832 2.958039892 0.02224859546 0.5
3169 3171 0 0 0.5
3171 3174 3.398529094 0.05296225071 0.5
3171 3177 0 0 0.5
3172 3175 2.979093822 0.02291287847 0.5
3172 3176 2.979093822 0.02291287847 0.5
3175 3177 0 0 0.5
3176 3177 0 0 0.5
3179 3182 3.398529094 0.05296225071 0.5
3179 3186 0 0 0.5
3179 3189 3.422718218 0.05454356057 0.5
3179 3201 3.398529094 0.05296225071 0.5
3179 3205 0 0 0.5
3180 3183 3.328062499 0.05454356057 0.5
3180 3184 2.979093822 0.02291287847 0.5
3180 3185 2.979093822 0.02291287847 0.5
3180 3190 3.422718218 0.05454356057 0.5
3180 3198 3.422718218 0.05454356057 0.5
3180 3200 3.422718218 0.05454356057 0.5
3181 3189 3.422718218 0.05454356057 0.5
3181 3199 3.422718218 0.05454356057 0.5
3181 6866 3.398529094 0.05296225071 0.5
3182 3188 3.398529094 0.05296225071 0.5
3182 6865 3.398529094 0.05296225071 0.5
3182 6867 2.958039892 0.02224859546 0.5
3182 6868 2.958039892 0.02224859546 0.5
3183 3186 0 0 0.5
3183 6864 3.328062499 0.05454356057 0.5
3183 6869 0 0 0.5
3184 3186 0 0 0.5
3184 6866 2.958039892 0.02224859546 0.5
3185 3186 0 0 0.5
3185 6866 2.958039892 0.02224859546 0.5
3186 3188 0 0 0.5
3188 3191 3.398529094 0.05296225071 0.5
3188 3196 0 0 0.5
3188 3199 3.422718218 0.05454356057 0.5
3189 3192 3.328062499 0.05454356057 0.5
3189 3194 2.979093822 0.02291287847 0.5
3189 3195 2.979093822 0.02291287847 0.5
3189 3200 3.422718218 0.05454356057 0.5
3190 3193 0 0 0.5
3190 3199 3.422718218 0.05454356057 0.5
3191 3198 3.398529094 0.05296225071 0.5
3192 3196 0 0 0.5
3193 3194 0 0 0.5
3193 3195 0 0 0.5
3194 3196 0 0 0.5
3195 3196 0 0 0.5
3196 3198 0 0 0.5
3198 3201 3.398529094 0.05296225071 0.5
3198 3205 0 0 0.5
3199 3202 3.328062499 0.05454356057 0.5
3199 3203 2.979093822 0.02291287847 0.5
3199 3204 2.979093822 0.02291287847 0.5
3200 4134 3.398529094 0.05296225071 0.5
3201 4133 3.398529094 0.05296225071 0.5
3201 4135 2.958039892 0.02224859546 0.5
3201 4136 2.958039892 0.02224859546 0.5
3202 3205 0 0 0.5
3202 4132 3.328062499 0.05454356057 0.5
3202 4137 0 0 0.5
3203 3205 0 0 0.5
3203 4134 2.958039892 0.02224859546 0.5
3204 3205 0 0 0.5
3204 4134 2.958039892 0.02224859546 0.5
3207 3210 3.398529094 0.05296225071 0.5
3207 3213 0 0 0.5
3207 3216 3.422718218 0.05454356057 0.5
3207 3227 3.398529094 0.05296225071 0.5
3207 3230 0 0 0.5
3208 3211 2.979093822 0.02291287847 0.5
3208 3212 2.979093822 0.02291287847 0.5
3208 3217 3.422718218 0.05454356057 0.5
3208 3224 3.422718218 0.05454356057 0.5
3208 3226 3.422718218 0.05454356057 0.5
3209 3216 3.422718218 0.05454356057 0.5
3209 3225 3.422718218 0.05454356057 0.5
3210 3215 3.398529094 0.05296225071 0.5
3211 3213 0 0 0.5
3212 3213 0 0 0.5
3213 3215 0 0 0.5
3215 3218 3.398529094 0.05296225071 0.5
3215 3222 0 0 0.5
3215 3225 3.422718218 0.05454356057 0.5
3216 3219 3.328062499 0.05454356057 0.5
3216 3220 2.979093822 0.02291287847 0.5
3216 3221 2.979093822 0.02291287847 0.5
3216 3226 3.422718218 0.05454356057 0.5
3217 3225 3.422718218 0.05454356057 0.5
3217 12916 3.398529094 0.05296225071 0.5
3218 3224 3.398529094 0.05296225071 0.5
3218 12915 3.398529094 0.05296225071 0.5
3218 12917 2.958039892 0.02224859546 0.5
3218 12918 2.958039892 0.02224859546 0.5
3219 3222 0 0 0.5
3219 12914 3.328062499 0.05454356057 0.5
3219 12919 0 0 0.5
3220 3222 0 0 0.5
3220 12916 2.958039892 0.02224859546 0.5
3221 3222 0 0 0.5
3221 12916 2.958039892 0.02224859546 0.5
3222 3224 0 0 0.5
3224 3227 3.398529094 0.05296225071 0.5
3224 3230 0 0 0.5
3225 3228 2.979093822 0.02291287847 0.5
3225 3229 2.979093822 0.02291287847 0.5
3228 3230 0 0 0.5
3229 3230 0 0 0.5
3232 3235 3.398529094 0.05296225071 0.5
3232 3239 0 0 0.5
3232 3242 3.422718218 0.05454356057 0.5
3232 3254 3.398529094 0.05296225071 0.5
3232 3258 0 0 0.5
3233 3236 3.328062499 0.05454356057 0.5
3233 3237 2.979093822 0.02291287847 0.5
3233 3238 2.979093822 0.02291287847 0.5
3233 3243 3.422718218 0.05454356057 0.5
3233 3251 3.422718218 0.05454356057 0.5
3233 3253 3.422718218 0.05454356057 0.5
3234 3242 3.422718218 0.05454356057 0.5
3234 3252 3.422718218 0.05454356057 0.5
3234 10784 3.398529094 0.05296225071 0.5
3235 3241 3.398529094 0.05296225071 0.5
3235 10783 3.398529094 0.05296225071 0.5
3235 10785 2.958039892 0.02224859546 0.5
3235 10786 2.958039892 0.02224859546 0.5
3236 3239 0 0 0.5
3236 10782 3.328062499 0.05454356057 0.5
3236 10787 0 0 0.5
3237 3239 0 0 0.5
3237 10784 2.958039892 0.02224859546 0.5
3238 3239 0 0 0.5
3238 10784 2.958039892 0.02224859546 0.5
3239 3241 0 0 0.5
3241 3244 3.398529094 0.05296225071 0.5
3241 3249 0 0 0.5
3241 3252 3.422718218 0.05454356057 0.5
3242 3245 3.328062499 0.05454356057 0.5
3242 3247 2.979093822 0.02291287847 0.5
3242 3248 2.979093822 0.02291287847 0.5
3242 3253 3.422718218 0.05454356057 0.5
3243 3246 0 0 0.5
3243 3252 3.422718218 0.05454356057 0.5
3244 3251 3.398529094 0.05296225071 0.5
3245 3249 0 0 0.5
3246 3247 0 0 0.5
3246 3248 0 0 0.5
3247 3249 0 0 0.5
3248 3249 0 0 0.5
3249 3251 0 0 0.5
3251 3254 3.398529094 0.05296225071 0.5
3251 3258 0 0 0.5
3252 3255 3.328062499 0.05454356057 0.5
3252 3256 2.979093822 0.02291287847 0.5
3252 3257 2.979093822 0.02291287847 0.5
3253 11824 3.398529094 0.05296225071 0.5
3254 11823 3.398529094 0.05296225071 0.5
3254 11825 2.958039892 0.02224859546 0.5
3254 11826 2.958039892 0.02224859546 0.5
3255 3258 0 0 0.5
3255 11822 3.328062499 0.05454356057 0.5
3255 11827 0 0 0.5
3256 3258 0 0 0.5
3256 11824 2.958039892 0.02224859546 0.5
3257 3258 0 0 0.5
3257 11824 2.958039892 0.02224859546 0.5
3260 3263 3.398529094 0.05296225071 0.5
3260 3267 0 0 0.5
3260 3270 3.422718218 0.05454356057 0.5
3260 3281 3.398529094 0.05296225071 0.5
3260 3285 0 0 0.5
3261 3264 3.328062499 0.05454356057 0.5
3261 3265 2.979093822 0.02291287847 0.5
3261 3266 2.979093822 0.02291287847 0.5
3261 3271 3.422718218 0.05454356057 0.5
3261 3278 3.422718218 0.05454356057 0.5
3261 3280 3.422718218 0.05454356057 0.5
3262 3270 3.422718218 0.05454356057 0.5
3262 3279 3.422718218 0.05454356057 0.5
3262 5467 3.398529094 0.05296225071 0.5
3263 3269 3.398529094 0.05296225071 0.5
3263 5466 3.398529094 0.05296225071 0.5
3263 5468 2.958039892 0.02224859546 0.5
3263 5469 2.958039892 0.02224859546 0.5
3264 3267 0 0 0.5
3264 5465 3.328062499 0.05454356057 0.5
3264 5470 0 0 0.5
3265 3267 0 0 0.5
3265 5467 2.958039892 0.02224859546 0.5
3266 3267 0 0 0.5
3266 5467 2.958039892 0.02224859546 0.5
3267 3269 0 0 0.5
3269 3272 3.398529094 0.05296225071 0.5
3269 3276 0 0 0.5
3269 3279 3.422718218 0.05454356057 0.5
3270 3273 3.328062499 0.05454356057 0.5
3270 3274 2.979093822 0.02291287847 0.5
3270 3275 2.979093822 0.02291287847 0.5
3270 3280 3.422718218 0.05454356057 0.5
3271 3279 3.422718218 0.05454356057 0.5
3271 4366 3.398529094 0.05296225071 0.5
3272 3278 3.398529094 0.05296225071 0.5
3272 4365 3.398529094 0.05296225071 0.5
3272 4367 2.958039892 0.02224859546 0.5
3272 4368 2.958039892 0.02224859546 0.5
3273 3276 0 0 0.5
3273 4364 3.328062499 0.05454356057 0.5
3273 4369 0 0 0.5
3274 3276 0 0 0.5
3274 4366 2.958039892 0.02224859546 0.5
3275 3276 0 0 0.5
3275 4366 2.958039892 0.02224859546 0.5
3276 3278 0 0 0.5
3278 3281 3.398529094 0.05296225071 0.5
3278 3285 0 0 0.5
3279 3282 3.328062499 0.05454356057 0.5
3279 3283 2.979093822 0.02291287847 0.5
3279 3284 2.979093822 0.02291287847 0.5
3280 12266 3.398529094 0.05296225071 0.5
3281 12265 3.398529094 0.05296225071 0.5
3281 12267 2.958039892 0.02224859546 0.5
3281 12268 2.958039892 0.02224859546 0.5
3282 3285 0 0 0.5
3282 12264 3.328062499 0.05454356057 0.5
3282 12269 0 0 0.5
3283 3285 0 0 0.5
3283 12266 2.958039892 0.02224859546 0.5
3284 3285 0 0 0.5
3284 12266 2.958039892 0.02224859546 0.5
3287 3290 3.398529094 0.05296225071 0.5
3287 3294 0 0 0.5
3287 3297 3.422718218 0.05454356057 0.5
3287 3308 3.398529094 0.05296225071 0.5
3287 3312 0 0 0.5
3288 3291 3.328062499 0.05454356057 0.5
3288 3292 2.979093822 0.02291287847 0.5
3288 3293 2.979093822 0.02291287847 0.5
3288 3298 3.422718218 0.05454356057 0.5
3288 3305 3.422718218 0.05454356057 0.5
3288 3307 3.422718218 0.05454356057 0.5
3289 3297 3.422718218 0.05454356057 0.5
3289 3306 3.422718218 0.05454356057 0.5
3289 9290 3.398529094 0.05296225071 0.5
3290 3296 3.398529094 0.05296225071 0.5
3290 9289 3.398529094 0.05296225071 0.5
3290 9291 2.958039892 0.02224859546 0.5
3290 9292 2.958039892 0.02224859546 0.5
3291 3294 0 0 0.5
3291 9288 3.328062499 0.05454356057 0.5
3291 9293 0 0 0.5
3292 3294 0 0 0.5
3292 9290 2.958039892 0.02224859546 0.5
3293 3294 0 0 0.5
3293 9290 2.958039892 0.02224859546 0.5
3294 3296 0 0 0.5
3296 3299 3.398529094 0.05296225071 0.5
3296 3303 0 0 0.5
3296 3306 3.422718218 0.05454356057 0.5
3297 3300 3.328062499 0.05454356057 0.5
3297 3301 2.979093822 0.02291287847 0.5
3297 3302 2.979093822 0.02291287847 0.5
3297 3307 3.422718218 0.05454356057 0.5
3298 3306 3.422718218 0.05454356057 0.5
3298 6553 3.398529094 0.05296225071 0.5
3299 3305 3.398529094 0.05296225071 0.5
3299 6552 3.398529094 0.05296225071 0.5
3299 6554 2.958039892 0.02224859546 0.5
3299 6555 2.958039892 0.02224859546 0.5
3300 3303 0 0 0.5
3300 6551 3.328062499 0.05454356057 0.5
3300 6556 0 0 0.5
3301 3303 0 0 0.5
3301 6553 2.958039892 0.02224859546 0.5
3302 3303 0 0 0.5
3302 6553 2.958039892 0.02224859546 0.5
3303 3305 0 0 0.5
3305 3308 3.398529094 0.05296225071 0.5
3305 3312 0 0 0.5
3306 3309 3.328062499 0.05454356057 0.5
3306 3310 2.979093822 0.02291287847 0.5
3306 3311 2.979093822 0.02291287847 0.5
3307 12510 3.398529094 0.05296225071 0.5
3308 12509 3.398529094 0.05296225071 0.5
3308 12511 2.958039892 0.02224859546 0.5
3308 12512 2.958039892 0.02224859546 0.5
3309 3312 0 0 0.5
3309 12508 3.328062499 0.05454356057 0.5
3309 12513 0 0 0.5
3310 3312 0 0 0.5
3310 12510 2.958039892 0.02224859546 0.5
3311 3312 0 0 0.5
3311 12510 2.958039892 0.02224859546 0.5
3314 3317 3.398529094 0.05296225071 0.5
3314 3320 0 0 0.5
3314 3323 3.422718218 0.05454356057 0.5
3314 3334 3.398529094 0.05296225071 0.5
3314 3338 0 0 0.5
3315 3318 2.979093822 0.02291287847 0.5
3315 3319 2.979093822 0.02291287847 0.5
3315 3324 3.422718218 0.05454356057 0.5
3315 3331 3.422718218 0.05454356057 0.5
3315 3333 3.422718218 0.05454356057 0.5
3316 3323 3.422718218 0.05454356057 0.5
3316 3332 3.422718218 0.05454356057 0.5
3317 3322 3.398529094 0.05296225071 0.5
3318 3320 0 0 0.5
3319 3320 0 0 0.5
3320 3322 0 0 0.5
3322 3325 3.398529094 0.05296225071 0.5
3322 3329 0 0 0.5
3322 3332 3.422718218 0.05454356057 0.5
3323 3326 3.328062499 0.05454356057 0.5
3323 3327 2.979093822 0.02291287847 0.5
3323 3328 2.979093822 0.02291287847 0.5
3323 3333 3.422718218 0.05454356057 0.5
3324 3332 3.422718218 0.05454356057 0.5
3324 4692 3.398529094 0.05296225071 0.5
3325 3331 3.398529094 0.05296225071 0.5
3325 4691 3.398529094 0.05296225071 0.5
3325 4693 2.958039892 0.02224859546 0.5
3325 4694 2.958039892 0.02224859546 0.5
3326 3329 0 0 0.5
3326 4690 3.328062499 0.05454356057 0.5
3326 4695 0 0 0.5
3327 3329 0 0 0.5
3327 4692 2.958039892 0.02224859546 0.5
3328 3329 0 0 0.5
3328 4692 2.958039892 0.02224859546 0.5
3329 3331 0 0 0.5
3331 3334 3.398529094 0.05296225071 0.5
3331 3338 0 0 0.5
3332 3335 3.328062499 0.05454356057 0.5
3332 3336 2.979093822 0.02291287847 0.5
3332 3337 2.979093822 0.02291287847 0.5
3333 9282 3.398529094 0.05296225071 0.5
3334 9281 3.398529094 0.05296225071 0.5
3334 9283 2.958039892 0.02224859546 0.5
3334 9284 2.958039892 0.02224859546 0.5
3335 3338 0 0 0.5
3335 9280 3.328062499 0.05454356057 0.5
3335 9285 0 0 0.5
3336 3338 0 0 0.5
3336 9282 2.958039892 0.02224859546 0.5
3337 3338 0 0 0.5
3337 9282 2.958039892 0.02224859546 0.5
3340 3343 3.398529094 0.05296225071 0.5
3340 3348 0 0 0.5
3340 3351 3.422718218 0.05454356057 0.5
3340 3363 3.398529094 0.05296225071 0.5
3340 3367 0 0 0.5
3341 3344 3.328062499 0.05454356057 0.5
3341 3346 2.979093822 0.02291287847 0.5
3341 3347 2.979093822 0.02291287847 0.5
3341 3352 3.422718218 0.05454356057 0.5
3341 3360 3.422718218 0.05454356057 0.5
3341 3362 3.422718218 0.05454356057 0.5
3342 3345 0 0 0.5
3342 3351 3.422718218 0.05454356057 0.5
3342 3361 3.422718218 0.05454356057 0.5
3343 3350 3.398529094 0.05296225071 0.5
3344 3348 0 0 0.5
3345 3346 0 0 0.5
3345 3347 0 0 0.5
3346 3348 0 0 0.5
3347 3348 0 0 0.5
3348 3350 0 0 0.5
3350 3353 3.398529094 0.05296225071 0.5
3350 3358 0 0 0.5
3350 3361 3.422718218 0.05454356057 0.5
3351 3354 3.328062499 0.05454356057 0.5
3351 3356 2.979093822 0.02291287847 0.5
3351 3357 2.979093822 0.02291287847 0.5
3351 3362 3.422718218 0.05454356057 0.5
3352 3355 0 0 0.5
3352 3361 3.422718218 0.05454356057 0.5
3353 3360 3.398529094 0.05296225071 0.5
3354 3358 0 0 0.5
3355 3356 0 0 0.5
3355 3357 0 0 0.5
3356 3358 0 0 0.5
3357 3358 0 0 0.5
3358 3360 0 0 0.5
3360 3363 3.398529094 0.05296225071 0.5
3360 3367 0 0 0.5
3361 3364 3.328062499 0.05454356057 0.5
3361 3365 2.979093822 0.02291287847 0.5
3361 3366 2.979093822 0.02291287847 0.5
3362 7469 3.398529094 0.05296225071 0.5
3363 7468 3.398529094 0.05296225071 0.5
3363 7470 2.958039892 0.02224859546 0.5
3363 7471 2.958039892 0.02224859546 0.5
3364 3367 0 0 0.5
3364 7467 3.328062499 0.05454356057 0.5
3364 7472 0 0 0.5
3365 3367 0 0 0.5
3365 7469 2.958039892 0.02224859546 0.5
3366 3367 0 0 0.5
3366 7469 2.958039892 0.02224859546 0.5
3369 3372 3.398529094 0.05296225071 0.5
3369 3376 0 0 0.5
3369 3379 3.422718218 0.05454356057 0.5
3369 3391 3.398529094 0.05296225071 0.5
3369 3395 0 0 0.5
3370 3373 3.328062499 0.05454356057 0.5
3370 3374 2.979093822 0.02291287847 0.5
3370 3375 2.979093822 0.02291287847 0.5
3370 3380 3.422718218 0.05454356057 0.5
3370 3388 3.422718218 0.05454356057 0.5
3370 3390 3.422718218 0.05454356057 0.5
3371 3379 3.422718218 0.05454356057 0.5
3371 3389 3.422718218 0.05454356057 0.5
3371 4332 3.398529094 0.05296225071 0.5
3372 3378 3.398529094 0.05296225071 0.5
3372 4331 3.398529094 0.05296225071 0.5
3372 4333 2.958039892 0.02224859546 0.5
3372 4334 2.958039892 0.02224859546 0.5
3373 3376 0 0 0.5
3373 4330 3.328062499 0.05454356057 0.5
3373 4335 0 0 0.5
3374 3376 0 0 0.5
3374 4332 2.958039892 0.02224859546 0.5
3375 3376 0 0 0.5
3375 4332 2.958039892 0.02224859546 0.5
3376 3378 0 0 0.5
3378 3381 3.398529094 0.05296225071 0.5
3378 3386 0 0 0.5
3378 3389 3.422718218 0.05454356057 0.5
3379 3382 3.328062499 0.05454356057 0.5
3379 3384 2.979093822 0.02291287847 0.5
3379 3385 2.979093822 0.02291287847 0.5
3379 3390 3.422718218 0.05454356057 0.5
3380 3383 0 0 0.5
3380 3389 3.422718218 0.05454356057 0.5
3381 3388 3.398529094 0.05296225071 0.5
3382 3386 0 0 0.5
3383 3384 0 0 0.5
3383 3385 0 0 0.5
3384 3386 0 0 0.5
3385 3386 0 0 0.5
3386 3388 0 0 0.5
3388 3391 3.398529094 0.05296225071 0.5
3388 3395 0 0 0.5
3389 3392 3.328062499 0.05454356057 0.5
3389 3393 2.979093822 0.02291287847 0.5
3389 3394 2.979093822 0.02291287847 0.5
3390 8828 3.398529094 0.05296225071 0.5
3391 8827 3.398529094 0.05296225071 0.5
3391 8829 2.958039892 0.02224859546 0.5
3391 8830 2.958039892 0.02224859546 0.5
3392 3395 0 0 0.5
3392 8826 3.328062499 0.05454356057 0.5
3392 8831 0 0 0.5
3393 3395 0 0 0.5
3393 8828 2.958039892 0.02224859546 0.5
3394 3395 0 0 0.5
3394 8828 2.958039892 0.02224859546 0.5
3397 3400 3.398529094 0.05296225071 0.5
3397 3404 0 0 0.5
3397 3407 3.422718218 0.05454356057 0.5
3397 3418 3.398529094 0.05296225071 0.5
3397 3422 0 0 0.5
3398 3401 3.328062499 0.05454356057 0.5
3398 3402 2.979093822 0.02291287847 0.5
3398 3403 2.979093822 0.02291287847 0.5
3398 3408 3.422718218 0.05454356057 0.5
3398 3415 3.422718218 0.05454356057 0.5
3398 3417 3.422718218 0.05454356057 0.5
3399 3407 3.422718218 0.05454356057 0.5
3399 3416 3.422718218 0.05454356057 0.5
3399 11384 3.398529094 0.05296225071 0.5
3400 3406 3.398529094 0.05296225071 0.5
3400 11383 3.398529094 0.05296225071 0.5
3400 11385 2.958039892 0.02224859546 0.5
3400 11386 2.958039892 0.02224859546 0.5
3401 3404 0 0 0.5
3401 11382 3.328062499 0.05454356057 0.5
3401 11387 0 0 0.5
3402 3404 0 0 0.5
3402 11384 2.958039892 0.02224859546 0.5
3403 3404 0 0 0.5
3403 11384 2.958039892 0.02224859546 0.5
3404 3406 0 0 0.5
3406 3409 3.398529094 0.05296225071 0.5
3406 3413 0 0 0.5
3406 3416 3.422718218 0.05454356057 0.5
3407 3410 3.328062499 0.05454356057 0.5
3407 3411 2.979093822 0.02291287847 0.5
3407 3412 2.979093822 0.02291287847 0.5
3407 3417 3.422718218 0.05454356057 0.5
3408 3416 3.422718218 0.05454356057 0.5
3408 9106 3.398529094 0.05296225071 0.5
3409 3415 3.398529094 0.05296225071 0.5
3409 9105 3.398529094 0.05296225071 0.5
3409 9107 2.958039892 0.02224859546 0.5
3409 9108 2.958039892 0.02224859546 0.5
3410 3413 0 0 0.5
3410 9104 3.328062499 0.05454356057 0.5
3410 9109 0 0 0.5
3411 3413 0 0 0.5
3411 9106 2.958039892 0.02224859546 0.5
3412 3413 0 0 0.5
3412 9106 2.958039892 0.02224859546 0.5
3413 3415 0 0 0.5
3415 3418 3.398529094 0.05296225071 0.5
3415 3422 0 0 0.5
3416 3419 3.328062499 0.05454356057 0.5
3416 3420 2.979093822 0.02291287847 0.5
3416 3421 2.979093822 0.02291287847 0.5
3417 6669 3.398529094 0.05296225071 0.5
3418 6668 3.398529094 0.05296225071 0.5
3418 6670 2.958039892 0.02224859546 0.5
3418 6671 2.958039892 0.02224859546 0.5
3419 3422 0 0 0.5
3419 6667 3.328062499 0.05454356057 0.5
3419 6672 0 0 0.5
3420 3422 0 0 0.5
3420 6669 2.958039892 0.02224859546 0.5
3421 3422 0 0 0.5
3421 6669 2.958039892 0.02224859546 0.5
3424 3427 3.398529094 0.05296225071 0.5
3424 3431 0 0 0.5
3424 3434 3.422718218 0.05454356057 0.5
3424 3445 3.398529094 0.05296225071 0.5
3424 3449 0 0 0.5
3425 3428 3.328062499 0.05454356057 0.5
3425 3429 2.979093822 0.02291287847 0.5
3425 3430 2.979093822 0.02291287847 0.5
3425 3435 3.422718218 0.05454356057 0.5
3425 3442 3.422718218 0.05454356057 0.5
3425 3444 3.422718218 0.05454356057 0.5
3426 3434 3.422718218 0.05454356057 0.5
3426 3443 3.422718218 0.05454356057 0.5
3426 6934 3.398529094 0.05296225071 0.5
3427 3433 3.398529094 0.05296225071 0.5
3427 6933 3.398529094 0.05296225071 0.5
3427 6935 2.958039892 0.02224859546 0.5
3427 6936 2.958039892 0.02224859546 0.5
3428 3431 0 0 0.5
3428 6932 3.328062499 0.05454356057 0.5
3428 6937 0 0 0.5
3429 3431 0 0 0.5
3429 6934 2.958039892 0.02224859546 0.5
3430 3431 0 0 0.5
3430 6934 2.958039892 0.02224859546 0.5
3431 3433 0 0 0.5
3433 3436 3.398529094 0.05296225071 0.5
3433 3440 0 0 0.5
3433 3443 3.422718218 0.05454356057 0.5
3434 3437 3.328062499 0.05454356057 0.5
3434 3438 2.979093822 0.02291287847 0.5
3434 3439 2.979093822 0.02291287847 0.5
3434 3444 3.422718218 0.05454356057 0.5
3435 3443 3.422718218 0.05454356057 0.5
3435 8465 3.398529094 0.05296225071 0.5
3436 3442 3.398529094 0.05296225071 0.5
3436 8464 3.398529094 0.05296225071 0.5
3436 8466 2.958039892 0.02224859546 0.5
3436 8467 2.958039892 0.02224859546 0.5
3437 3440 0 0 0.5
3437 8463 3.328062499 0.05454356057 0.5
3437 8468 0 0 0.5
3438 3440 0 0 0.5
3438 8465 2.958039892 0.02224859546 0.5
3439 3440 0 0 0.5
3439 8465 2.958039892 0.02224859546 0.5
3440 3442 0 0 0.5
3442 3445 3.398529094 0.05296225071 0.5
3442 3449 0 0 0.5
3443 3446 3.328062499 0.05454356057 0.5
3443 3447 2.979093822 0.02291287847 0.5
3443 3448 2.979093822 0.02291287847 0.5
3444 11686 3.398529094 0.05296225071 0.5
3445 11685 3.398529094 0.05296225071 0.5
3445 11687 2.958039892 0.02224859546 0.5
3445 11688 2.958039892 0.02224859546 0.5
3446 3449 0 0 0.5
3446 11684 3.328062499 0.05454356057 0.5
3446 11689 0 0 0.5
3447 3449 0 0 0.5
3447 11686 2.958039892 0.02224859546 0.5
3448 3449 0 0 0.5
3448 11686 2.958039892 0.02224859546 0.5
3451 3454 3.398529094 0.05296225071 0.5
3451 3458 0 0 0.5
3451 3461 3.422718218 0.05454356057 0.5
3451 3473 3.398529094 0.05296225071 0.5
3451 3477 0 0 0.5
3452 3455 3.328062499 0.05454356057 0.5
3452 3456 2.979093822 0.02291287847 0.5
3452 3457 2.979093822 0.02291287847 0.5
3452 3462 3.422718218 0.05454356057 0.5
3452 3470 3.422718218 0.05454356057 0.5
3452 3472 3.422718218 0.05454356057 0.5
3453 3461 3.422718218 0.05454356057 0.5
3453 3471 3.422718218 0.05454356057 0.5
3453 7134 3.398529094 0.05296225071 0.5
3454 3460 3.398529094 0.05296225071 0.5
3454 7133 3.398529094 0.05296225071 0.5
3454 7135 2.958039892 0.02224859546 0.5
3454 7136 2.958039892 0.02224859546 0.5
3455 3458 0 0 0.5
3455 7132 3.328062499 0.05454356057 0.5
3455 7137 0 0 0.5
3456 3458 0 0 0.5
3456 7134 2.958039892 0.02224859546 0.5
3457 3458 0 0 0.5
3457 7134 2.958039892 0.02224859546 0.5
3458 3460 0 0 0.5
3460 3463 3.398529094 0.05296225071 0.5
3460 3468 0 0 0.5
3460 3471 3.422718218 0.05454356057 0.5
3461 3464 3.328062499 0.05454356057 0.5
3461 3466 2.979093822 0.02291287847 0.5
3461 3467 2.979093822 0.02291287847 0.5
3461 3472 3.422718218 0.05454356057 0.5
3462 3465 0 0 0.5
3462 3471 3.422718218 0.05454356057 0.5
3463 3470 3.398529094 0.05296225071 0.5
3464 3468 0 0 0.5
3465 3466 0 0 0.5
3465 3467 0 0 0.5
3466 3468 0 0 0.5
3467 3468 0 0 0.5
3468 3470 0 0 0.5
3470 3473 3.398529094 0.05296225071 0.5
3470 3477 0 0 0.5
3471 3474 3.328062499 0.05454356057 0.5
3471 3475 2.979093822 0.02291287847 0.5
3471 3476 2.979093822 0.02291287847 0.5
3472 6362 3.398529094 0.05296225071 0.5
3473 6361 3.398529094 0.05296225071 0.5
3473 6363 2.958039892 0.02224859546 0.5
3473 6364 2.958039892 0.02224859546 0.5
3474 3477 0 0 0.5
3474 6360 3.328062499 0.05454356057 0.5
3474 6365 0 0 0.5
3475 3477 0 0 0.5
3475 6362 2.958039892 0.02224859546 0.5
3476 3477 0 0 0.5
3476 6362 2.958039892 0.02224859546 0.5
3479 3482 3.398529094 0.05296225071 0.5
3479 3486 0 0 0.5
3479 3489 3.422718218 0.05454356057 0.5
3479 3500 3.398529094 0.05296225071 0.5
3479 3504 0 0 0.5
3480 3483 3.328062499 0.05454356057 0.5
3480 3484 2.979093822 0.02291287847 0.5
3480 3485 2.979093822 0.02291287847 0.5
3480 3490 3.422718218 0.05454356057 0.5
3480 3497 3.422718218 0.05454356057 0.5
3480 3499 3.422718218 0.05454356057 0.5
3481 3489 3.422718218 0.05454356057 0.5
3481 3498 3.422718218 0.05454356057 0.5
3481 5303 3.398529094 0.05296225071 0.5
3482 3488 3.398529094 0.05296225071 0.5
3482 5302 3.398529094 0.05296225071 0.5
3482 5304 2.958039892 0.02224859546 0.5
3482 5305 2.958039892 0.02224859546 0.5
3483 3486 0 0 0.5
3483 5301 3.328062499 0.05454356057 0.5
3483 5306 0 0 0.5
3484 3486 0 0 0.5
3484 5303 2.958039892 0.02224859546 0.5
3485 3486 0 0 0.5
3485 5303 2.958039892 0.02224859546 0.5
3486 3488 0 0 0.5
3488 3491 3.398529094 0.05296225071 0.5
3488 3495 0 0 0.5
3488 3498 3.422718218 0.05454356057 0.5
3489 3492 3.328062499 0.05454356057 0.5
3489 3493 2.979093822 0.02291287847 0.5
3489 3494 2.979093822 0.02291287847 0.5
3489 3499 3.422718218 0.05454356057 0.5
3490 3498 3.422718218 0.05454356057 0.5
3490 11849 3.398529094 0.05296225071 0.5
3491 3497 3.398529094 0.05296225071 0.5
3491 11848 3.398529094 0.05296225071 0.5
3491 11850 2.958039892 0.02224859546 0.5
3491 11851 2.958039892 0.02224859546 0.5
3492 3495 0 0 0.5
3492 11847 3.328062499 0.05454356057 0.5
3492 11852 0 0 0.5
3493 3495 0 0 0.5
3493 11849 2.958039892 0.02224859546 0.5
3494 3495 0 0 0.5
3494 11849 2.958039892 0.02224859546 0.5
3495 3497 0 0 0.5
3497 3500 3.398529094 0.05296225071 0.5
3497 3504 0 0 0.5
3498 3501 3.328062499 0.05454356057 0.5
3498 3502 2.979093822 0.02291287847 0.5
3498 3503 2.979093822 0.02291287847 0.5
3499 12578 3.398529094 0.05296225071 0.5
3500 12577 3.398529094 0.05296225071 0.5
3500 12579 2.958039892 0.02224859546 0.5
3500 12580 2.958039892 0.02224859546 0.5
3501 3504 0 0 0.5
3501 12576 3.328062499 0.05454356057 0.5
3501 12581 0 0 0.5
3502 3504 0 0 0.5
3502 12578 2.958039892 0.02224859546 0.5
3503 3504 0 0 0.5
3503 12578 2.958039892 0.02224859546 0.5
3506 3509 3.398529094 0.05296225071 0.5
3506 3512 0 0 0.5
3506 3515 3.422718218 0.05454356057 0.5
3506 3526 3.398529094 0.05296225071 0.5
3506 3530 0 0 0.5
3507 3510 2.979093822 0.02291287847 0.5
3507 3511 2.979093822 0.02291287847 0.5
3507 3516 3.422718218 0.05454356057 0.5
3507 3523 3.422718218 0.05454356057 0.5
3507 3525 3.422718218 0.05454356057 0.5
3508 3515 3.422718218 0.05454356057 0.5
3508 3524 3.422718218 0.05454356057 0.5
3509 3514 3.398529094 0.05296225071 0.5
3510 3512 0 0 0.5
3511 3512 0 0 0.5
3512 3514 0 0 0.5
3514 3517 3.398529094 0.05296225071 0.5
3514 3521 0 0 0.5
3514 3524 3.422718218 0.05454356057 0.5
3515 3518 3.328062499 0.05454356057 0.5
3515 3519 2.979093822 0.02291287847 0.5
3515 3520 2.979093822 0.02291287847 0.5
3515 3525 3.422718218 0.05454356057 0.5
3516 3524 3.422718218 0.05454356057 0.5
3516 11866 3.398529094 0.05296225071 0.5
3517 3523 3.398529094 0.05296225071 0.5
3517 11865 3.398529094 0.05296225071 0.5
3517 11867 2.958039892 0.02224859546 0.5
3517 11868 2.958039892 0.02224859546 0.5
3518 3521 0 0 0.5
3518 11864 3.328062499 0.05454356057 0.5
3518 11869 0 0 0.5
3519 3521 0 0 0.5
3519 11866 2.958039892 0.02224859546 0.5
3520 3521 0 0 0.5
3520 11866 2.958039892 0.02224859546 0.5
3521 3523 0 0 0.5
3523 3526 3.398529094 0.05296225071 0.5
3523 3530 0 0 0.5
3524 3527 3.328062499 0.05454356057 0.5
3524 3528 2.979093822 0.02291287847 0.5
3524 3529 2.979093822 0.02291287847 0.5
3525 6297 3.398529094 0.05296225071 0.5
3526 6296 3.398529094 0.05296225071 0.5
3526 6298 2.958039892 0.02224859546 0.5
3526 6299 2.958039892 0.02224859546 0.5
3527 3530 0 0 0.5
3527 6295 3.328062499 0.05454356057 0.5
3527 6300 0 0 0.5
3528 3530 0 0 0.5
3528 6297 2.958039892 0.02224859546 0.5
3529 3530 0 0 0.5
3529 6297 2.958039892 0.02224859546 0.5
3532 3535 3.398529094 0.05296225071 0.5
3532 3539 0 0 0.5
3532 3542 3.422718218 0.05454356057 0.5
3532 3553 3.398529094 0.05296225071 0.5
3532 3557 0 0 0.5
3533 3536 3.328062499 0.05454356057 0.5
3533 3537 2.979093822 0.02291287847 0.5
3533 3538 2.979093822 0.02291287847 0.5
3533 3543 3.422718218 0.05454356057 0.5
3533 3550 3.422718218 0.05454356057 0.5
3533 3552 3.422718218 0.05454356057 0.5
3534 3542 3.422718218 0.05454356057 0.5
3534 3551 3.422718218 0.05454356057 0.5
3534 5639 3.398529094 0.05296225071 0.5
3535 3541 3.398529094 0.05296225071 0.5
3535 5638 3.398529094 0.05296225071 0.5
3535 5640 2.958039892 0.02224859546 0.5
3535 5641 2.958039892 0.02224859546 0.5
3536 3539 0 0 0.5
3536 5637 3.328062499 0.05454356057 0.5
3536 5642 0 0 0.5
3537 3539 0 0 0.5
3537 5639 2.958039892 0.02224859546 0.5
3538 3539 0 0 0.5
3538 5639 2.958039892 0.02224859546 0.5
3539 3541 0 0 0.5
3541 3544 3.398529094 0.05296225071 0.5
3541 3548 0 0 0.5
3541 3551 3.422718218 0.05454356057 0.5
3542 3545 3.328062499 0.05454356057 0.5
3542 3546 2.979093822 0.02291287847 0.5
3542 3547 2.979093822 0.02291287847 0.5
3542 3552 3.422718218 0.05454356057 0.5
3543 3551 3.422718218 0.05454356057 0.5
3543 7653 3.398529094 0.05296225071 0.5
3544 3550 3.398529094 0.05296225071 0.5
3544 7652 3.398529094 0.05296225071 0.5
3544 7654 2.958039892 0.02224859546 0.5
3544 7655 2.958039892 0.02224859546 0.5
3545 3548 0 0 0.5
3545 7651 3.328062499 0.05454356057 0.5
3545 7656 0 0 0.5
3546 3548 0 0 0.5
3546 7653 2.958039892 0.02224859546 0.5
3547 3548 0 0 0.5
3547 7653 2.958039892 0.02224859546 0.5
3548 3550 0 0 0.5
3550 3553 3.398529094 0.05296225071 0.5
3550 3557 0 0 0.5
3551 3554 3.328062499 0.05454356057 0.5
3551 3555 2.979093822 0.02291287847 0.5
3551 3556 2.979093822 0.02291287847 0.5
3552 3571 3.398529094 0.05296225071 0.5
3553 3570 3.398529094 0.05296225071 0.5
3553 3572 2.958039892 0.02224859546 0.5
3553 3573 2.958039892 0.02224859546 0.5
3554 3557 0 0 0.5
3554 3569 3.328062499 0.05454356057 0.5
3554 3574 0 0 0.5
3555 3557 0 0 0.5
3555 3571 2.958039892 0.02224859546 0.5
3556 3557 0 0 0.5
3556 3571 2.958039892 0.02224859546 0.5
3559 3562 3.398529094 0.05296225071 0.5
3559 3566 0 0 0.5
3559 3569 3.422718218 0.05454356057 0.5
3559 3579 3.398529094 0.05296225071 0.5
3559 3582 0 0 0.5
3560 3563 3.328062499 0.05454356057 0.5
3560 3564 2.979093822 0.02291287847 0.5
3560 3565 2.979093822 0.02291287847 0.5
3560 3570 3.422718218 0.05454356057 0.5
3560 3576 3.422718218 0.05454356057 0.5
3560 3578 3.422718218 0.05454356057 0.5
3561 3569 3.422718218 0.05454356057 0.5
3561 3577 3.422718218 0.05454356057 0.5
3561 6645 3.398529094 0.05296225071 0.5
3562 3568 3.398529094 0.05296225071 0.5
3562 6644 3.398529094 0.05296225071 0.5
3562 6646 2.958039892 0.02224859546 0.5
3562 6647 2.958039892 0.02224859546 0.5
3563 3566 0 0 0.5
3563 6643 3.328062499 0.05454356057 0.5
3563 6648 0 0 0.5
3564 3566 0 0 0.5
3564 6645 2.958039892 0.02224859546 0.5
3565 3566 0 0 0.5
3565 6645 2.958039892 0.02224859546 0.5
3566 3568 0 0 0.5
3568 3571 3.398529094 0.05296225071 0.5
3568 3574 0 0 0.5
3568 3577 3.422718218 0.05454356057 0.5
3569 3572 2.979093822 0.02291287847 0.5
3569 3573 2.979093822 0.02291287847 0.5
3569 3578 3.422718218 0.05454356057 0.5
3570 3577 3.422718218 0.05454356057 0.5
3571 3576 3.398529094 0.05296225071 0.5
3572 3574 0 0 0.5
3573 3574 0 0 0.5
3574 3576 0 0 0.5
3576 3579 3.398529094 0.05296225071 0.5
3576 3582 0 0 0.5
3577 3580 2.979093822 0.02291287847 0.5
3577 3581 2.979093822 0.02291287847 0.5
3580 3582 0 0 0.5
3581 3582 0 0 0.5
3584 3587 3.398529094 0.05296225071 0.5
3584 3591 0 0 0.5
3584 3594 3.422718218 0.05454356057 0.5
3584 3604 3.398529094 0.05296225071 0.5
3584 3607 0 0 0.5
3585 3588 3.328062499 0.05454356057 0.5
3585 3589 2.979093822 0.02291287847 0.5
3585 3590 2.979093822 0.02291287847 0.5
3585 3595 3.422718218 0.05454356057 0.5
3585 3601 3.422718218 0.05454356057 0.5
3585 3603 3.422718218 0.05454356057 0.5
3586 3594 3.422718218 0.05454356057 0.5
3586 3602 3.422718218 0.05454356057 0.5
3586 8185 3.398529094 0.05296225071 0.5
3587 3593 3.398529094 0.05296225071 0.5
3587 8184 3.398529094 0.05296225071 0.5
3587 8186 2.958039892 0.02224859546 0.5
3587 8187 2.958039892 0.02224859546 0.5
3588 3591 0 0 0.5
3588 8183 3.328062499 0.05454356057 0.5
3588 8188 0 0 0.5
3589 3591 0 0 0.5
3589 8185 2.958039892 0.02224859546 0.5
3590 3591 0 0 0.5
3590 8185 2.958039892 0.02224859546 0.5
3591 3593 0 0 0.5
3593 3596 3.398529094 0.05296225071 0.5
3593 3599 0 0 0.5
3593 3602 3.422718218 0.05454356057 0.5
3594 3597 2.979093822 0.02291287847 0.5
3594 3598 2.979093822 0.02291287847 0.5
3594 3603 3.422718218 0.05454356057 0.5
3595 3602 3.422718218 0.05454356057 0.5
3596 3601 3.398529094 0.05296225071 0.5
3597 3599 0 0 0.5
3598 3599 0 0 0.5
3599 3601 0 0 0.5
3601 3604 3.398529094 0.05296225071 0.5
3601 3607 0 0 0.5
3602 3605 2.979093822 0.02291287847 0.5
3602 3606 2.979093822 0.02291287847 0.5
3605 3607 0 0 0.5
3606 3607 0 0 0.5
3609 3612 3.398529094 0.05296225071 0.5
3609 3616 0 0 0.5
3609 3619 3.422718218 0.05454356057 0.5
3609 3629 3.398529094 0.05296225071 0.5
3609 3633 0 0 0.5
3610 3613 3.328062499 0.05454356057 0.5
3610 3614 2.979093822 0.02291287847 0.5
3610 3615 2.979093822 0.02291287847 0.5
3610 3620 3.422718218 0.05454356057 0.5
3610 3626 3.422718218 0.05454356057 0.5
3610 3628 3.422718218 0.05454356057 0.5
3611 3619 3.422718218 0.05454356057 0.5
3611 3627 3.422718218 0.05454356057 0.5
3611 12394 3.398529094 0.05296225071 0.5
3612 3618 3.398529094 0.05296225071 0.5
3612 12393 3.398529094 0.05296225071 0.5
3612 12395 2.958039892 0.02224859546 0.5
3612 12396 2.958039892 0.02224859546 0.5
3613 3616 0 0 0.5
3613 12392 3.328062499 0.05454356057 0.5
3613 12397 0 0 0.5
3614 3616 0 0 0.5
3614 12394 2.958039892 0.02224859546 0.5
3615 3616 0 0 0.5
3615 12394 2.958039892 0.02224859546 0.5
3616 3618 0 0 0.5
3618 3621 3.398529094 0.05296225071 0.5
3618 3624 0 0 0.5
3618 3627 3.422718218 0.05454356057 0.5
3619 3622 2.979093822 0.02291287847 0.5
3619 3623 2.979093822 0.02291287847 0.5
3619 3628 3.422718218 0.05454356057 0.5
3620 3627 3.422718218 0.05454356057 0.5
3621 3626 3.398529094 0.05296225071 0.5
3622 3624 0 0 0.5
3623 3624 0 0 0.5
3624 3626 0 0 0.5
3626 3629 3.398529094 0.05296225071 0.5
3626 3633 0 0 0.5
3627 3630 3.328062499 0.05454356057 0.5
3627 3631 2.979093822 0.02291287847 0.5
3627 3632 2.979093822 0.02291287847 0.5
3628 5286 3.398529094 0.05296225071 0.5
3629 5285 3.398529094 0.05296225071 0.5
3629 5287 2.958039892 0.02224859546 0.5
3629 5288 2.958039892 0.02224859546 0.5
3630 3633 0 0 0.5
3630 5284 3.328062499 0.05454356057 0.5
3630 5289 0 0 0.5
3631 3633 0 0 0.5
3631 5286 2.958039892 0.02224859546 0.5
3632 3633 0 0 0.5
3632 5286 2.958039892 0.02224859546 0.5
3635 3638 3.398529094 0.05296225071 0.5
3635 3641 0 0 0.5
3635 3644 3.422718218 0.05454356057 0.5
3635 3655 3.398529094 0.05296225071 0.5
3635 3658 0 0 0.5
3636 3639 2.979093822 0.02291287847 0.5
3636 3640 2.979093822 0.02291287847 0.5
3636 3645 3.422718218 0.05454356057 0.5
3636 3652 3.422718218 0.05454356057 0.5
3636 3654 3.422718218 0.05454356057 0.5
3637 3644 3.422718218 0.05454356057 0.5
3637 3653 3.422718218 0.05454356057 0.5
3638 3643 3.398529094 0.05296225071 0.5
3639 3641 0 0 0.5
3640 3641 0 0 0.5
3641 3643 0 0 0.5
3643 3646 3.398529094 0.05296225071 0.5
3643 3650 0 0 0.5
3643 3653 3.422718218 0.05454356057 0.5
3644 3647 3.328062499 0.05454356057 0.5
3644 3648 2.979093822 0.02291287847 0.5
3644 3649 2.979093822 0.02291287847 0.5
3644 3654 3.422718218 0.05454356057 0.5
3645 3653 3.422718218 0.05454356057 0.5
3645 10053 3.398529094 0.05296225071 0.5
3646 3652 3.398529094 0.05296225071 0.5
3646 10052 3.398529094 0.05296225071 0.5
3646 10054 2.958039892 0.02224859546 0.5
3646 10055 2.958039892 0.02224859546 0.5
3647 3650 0 0 0.5
3647 10051 3.328062499 0.05454356057 0.5
3647 10056 0 0 0.5
3648 3650 0 0 0.5
3648 10053 2.958039892 0.02224859546 0.5
3649 3650 0 0 0.5
3649 10053 2.958039892 0.02224859546 0.5
3650 3652 0 0 0.5
3652 3655 3.398529094 0.05296225071 0.5
3652 3658 0 0 0.5
3653 3656 2.979093822 0.02291287847 0.5
3653 3657 2.979093822 0.02291287847 0.5
3656 3658 0 0 0.5
3657 3658 0 0 0.5
3660 3663 3.398529094 0.05296225071 0.5
3660 3668 0 0 0.5
3660 3671 3.422718218 0.05454356057 0.5
3660 3682 3.398529094 0.05296225071 0.5
3660 3686 0 0 0.5
3661 3664 3.328062499 0.05454356057 0.5
3661 3666 2.979093822 0.02291287847 0.5
3661 3667 2.979093822 0.02291287847 0.5
3661 3672 3.422718218 0.05454356057 0.5
3661 3679 3.422718218 0.05454356057 0.5
3661 3681 3.422718218 0.05454356057 0.5
3662 3665 0 0 0.5
3662 3671 3.422718218 0.05454356057 0.5
3662 3680 3.422718218 0.05454356057 0.5
3663 3670 3.398529094 0.05296225071 0.5
3664 3668 0 0 0.5
3665 3666 0 0 0.5
3665 3667 0 0 0.5
3666 3668 0 0 0.5
3667 3668 0 0 0.5
3668 3670 0 0 0.5
3670 3673 3.398529094 0.05296225071 0.5
3670 3677 0 0 0.5
3670 3680 3.422718218 0.05454356057 0.5
3671 3674 3.328062499 0.05454356057 0.5
3671 3675 2.979093822 0.02291287847 0.5
3671 3676 2.979093822 0.02291287847 0.5
3671 3681 3.422718218 0.05454356057 0.5
3672 3680 3.422718218 0.05454356057 0.5
3672 5519 3.398529094 0.05296225071 0.5
3673 3679 3.398529094 0.05296225071 0.5
3673 5518 3.398529094 0.05296225071 0.5
3673 5520 2.958039892 0.02224859546 0.5
3673 5521 2.958039892 0.02224859546 0.5
3674 3677 0 0 0.5
3674 5517 3.328062499 0.05454356057 0.5
3674 5522 0 0 0.5
3675 3677 0 0 0.5
3675 5519 2.958039892 0.02224859546 0.5
3676 3677 0 0 0.5
3676 5519 2.958039892 0.02224859546 0.5
3677 3679 0 0 0.5
3679 3682 3.398529094 0.05296225071 0.5
3679 3686 0 0 0.5
3680 3683 3.328062499 0.05454356057 0.5
3680 3684 2.979093822 0.02291287847 0.5
3680 3685 2.979093822 0.02291287847 0.5
3681 6109 3.398529094 0.05296225071 0.5
3682 6108 3.398529094 0.05296225071 0.5
3682 6110 2.958039892 0.02224859546 0.5
3682 6111 2.958039892 0.02224859546 0.5
3683 3686 0 0 0.5
3683 6107 3.328062499 0.05454356057 0.5
3683 6112 0 0 0.5
3684 3686 0 0 0.5
3684 6109 2.958039892 0.02224859546 0.5
3685 3686 0 0 0.5
3685 6109 2.958039892 0.02224859546 0.5
3688 3691 3.398529094 0.05296225071 0.5
3688 3695 0 0 0.5
3688 3698 3.422718218 0.05454356057 0.5
3688 3709 3.398529094 0.05296225071 0.5
3688 3712 0 0 0.5
3689 3692 3.328062499 0.05454356057 0.5
3689 3693 2.979093822 0.02291287847 0.5
3689 3694 2.979093822 0.02291287847 0.5
3689 3699 3.422718218 0.05454356057 0.5
3689 3706 3.422718218 0.05454356057 0.5
3689 3708 3.422718218 0.05454356057 0.5
3690 3698 3.422718218 0.05454356057 0.5
3690 3707 3.422718218 0.05454356057 0.5
3690 12444 3.398529094 0.05296225071 0.5
3691 3697 3.398529094 0.05296225071 0.5
3691 12443 3.398529094 0.05296225071 0.5
3691 12445 2.958039892 0.02224859546 0.5
3691 12446 2.958039892 0.02224859546 0.5
3692 3695 0 0 0.5
3692 12442 3.328062499 0.05454356057 0.5
3692 12447 0 0 0.5
3693 3695 0 0 0.5
3693 12444 2.958039892 0.02224859546 0.5
3694 3695 0 0 0.5
3694 12444 2.958039892 0.02224859546 0.5
3695 3697 0 0 0.5
3697 3700 3.398529094 0.05296225071 0.5
3697 3704 0 0 0.5
3697 3707 3.422718218 0.05454356057 0.5
3698 3701 3.328062499 0.05454356057 0.5
3698 3702 2.979093822 0.02291287847 0.5
3698 3703 2.979093822 0.02291287847 0.5
3698 3708 3.422718218 0.05454356057 0.5
3699 3707 3.422718218 0.05454356057 0.5
3699 11800 3.398529094 0.05296225071 0.5
3700 3706 3.398529094 0.05296225071 0.5
3700 11799 3.398529094 0.05296225071 0.5
3700 11801 2.958039892 0.02224859546 0.5
3700 11802 2.958039892 0.02224859546 0.5
3701 3704 0 0 0.5
3701 11798 3.328062499 0.05454356057 0.5
3701 11803 0 0 0.5
3702 3704 0 0 0.5
3702 11800 2.958039892 0.02224859546 0.5
3703 3704 0 0 0.5
3703 11800 2.958039892 0.02224859546 0.5
3704 3706 0 0 0.5
3706 3709 3.398529094 0.05296225071 0.5
3706 3712 0 0 0.5
3707 3710 2.979093822 0.02291287847 0.5
3707 3711 2.979093822 0.02291287847 0.5
3710 3712 0 0 0.5
3711 3712 0 0 0.5
3714 3717 3.398529094 0.05296225071 0.5
3714 3721 0 0 0.5
3714 3724 3.422718218 0.05454356057 0.5
3714 3735 3.398529094 0.05296225071 0.5
3714 3739 0 0 0.5
3715 3718 3.328062499 0.05454356057 0.5
3715 3719 2.979093822 0.02291287847 0.5
3715 3720 2.979093822 0.02291287847 0.5
3715 3725 3.422718218 0.05454356057 0.5
3715 3732 3.422718218 0.05454356057 0.5
3715 3734 3.422718218 0.05454356057 0.5
3716 3724 3.422718218 0.05454356057 0.5
3716 3733 3.422718218 0.05454356057 0.5
3716 5875 3.398529094 0.05296225071 0.5
3717 3723 3.398529094 0.05296225071 0.5
3717 5874 3.398529094 0.05296225071 0.5
3717 5876 2.958039892 0.02224859546 0.5
3717 5877 2.958039892 0.02224859546 0.5
3718 3721 0 0 0.5
3718 5873 3.328062499 0.05454356057 0.5
3718 5878 0 0 0.5
3719 3721 0 0 0.5
3719 5875 2.958039892 0.02224859546 0.5
3720 3721 0 0 0.5
3720 5875 2.958039892 0.02224859546 0.5
3721 3723 0 0 0.5
3723 3726 3.398529094 0.05296225071 0.5
3723 3730 0 0 0.5
3723 3733 3.422718218 0.05454356057 0.5
3724 3727 3.328062499 0.05454356057 0.5
3724 3728 2.979093822 0.02291287847 0.5
3724 3729 2.979093822 0.02291287847 0.5
3724 3734 3.422718218 0.05454356057 0.5
3725 3733 3.422718218 0.05454356057 0.5
3725 12049 3.398529094 0.05296225071 0.5
3726 3732 3.398529094 0.05296225071 0.5
3726 12048 3.398529094 0.05296225071 0.5
3726 12050 2.958039892 0.02224859546 0.5
3726 12051 2.958039892 0.02224859546 0.5
3727 3730 0 0 0.5
3727 12047 3.328062499 0.05454356057 0.5
3727 12052 0 0 0.5
3728 3730 0 0 0.5
3728 12049 2.958039892 0.02224859546 0.5
3729 3730 0 0 0.5
3729 12049 2.958039892 0.02224859546 0.5
3730 3732 0 0 0.5
3732 3735 3.398529094 0.05296225071 0.5
3732 3739 0 0 0.5
3733 3736 3.328062499 0.05454356057 0.5
3733 3737 2.979093822 0.02291287847 0.5
3733 3738 2.979093822 0.02291287847 0.5
3734 12924 3.398529094 0.05296225071 0.5
3735 12923 3.398529094 0.05296225071 0.5
3735 12925 2.958039892 0.02224859546 0.5
3735 12926 2.958039892 0.02224859546 0.5
3736 3739 0 0 0.5
3736 12922 3.328062499 0.05454356057 0.5
3736 12927 0 0 0.5
3737 3739 0 0 0.5
3737 12924 2.958039892 0.02224859546 0.5
3738 3739 0 0 0.5
3738 12924 2.958039892 0.02224859546 0.5
3741 3744 3.398529094 0.05296225071 0.5
3741 3748 0 0 0.5
3741 3751 3.422718218 0.05454356057 0.5
3741 3761 3.398529094 0.05296225071 0.5
3741 3765 0 0 0.5
3742 3745 3.328062499 0.05454356057 0.5
3742 3746 2.979093822 0.02291287847 0.5
3742 3747 2.979093822 0.02291287847 0.5
3742 3752 3.422718218 0.05454356057 0.5
3742 3758 3.422718218 0.05454356057 0.5
3742 3760 3.422718218 0.05454356057 0.5
3743 3751 3.422718218 0.05454356057 0.5
3743 3759 3.422718218 0.05454356057 0.5
3743 7807 3.398529094 0.05296225071 0.5
3744 3750 3.398529094 0.05296225071 0.5
3744 7806 3.398529094 0.05296225071 0.5
3744 7808 2.958039892 0.02224859546 0.5
3744 7809 2.958039892 0.02224859546 0.5
3745 3748 0 0 0.5
3745 7805 3.328062499 0.05454356057 0.5
3745 7810 0 0 0.5
3746 3748 0 0 0.5
3746 7807 2.958039892 0.02224859546 0.5
3747 3748 0 0 0.5
3747 7807 2.958039892 0.02224859546 0.5
3748 3750 0 0 0.5
3750 3753 3.398529094 0.05296225071 0.5
3750 3756 0 0 0.5
3750 3759 3.422718218 0.05454356057 0.5
3751 3754 2.979093822 0.02291287847 0.5
3751 3755 2.979093822 0.02291287847 0.5
3751 3760 3.422718218 0.05454356057 0.5
3752 3759 3.422718218 0.05454356057 0.5
3753 3758 3.398529094 0.05296225071 0.5
3754 3756 0 0 0.5
3755 3756 0 0 0.5
3756 3758 0 0 0.5
3758 3761 3.398529094 0.05296225071 0.5
3758 3765 0 0 0.5
3759 3762 3.328062499 0.05454356057 0.5
3759 3763 2.979093822 0.02291287847 0.5
3759 3764 2.979093822 0.02291287847 0.5
3760 11304 3.398529094 0.05296225071 0.5
3761 11303 3.398529094 0.05296225071 0.5
3761 11305 2.958039892 0.02224859546 0.5
3761 11306 2.958039892 0.02224859546 0.5
3762 3765 0 0 0.5
3762 11302 3.328062499 0.05454356057 0.5
3762 11307 0 0 0.5
3763 3765 0 0 0.5
3763 11304 2.958039892 0.02224859546 0.5
3764 3765 0 0 0.5
3764 11304 2.958039892 0.02224859546 0.5
3767 3770 3.398529094 0.05296225071 0.5
3767 3775 0 0 0.5
3767 3778 3.422718218 0.05454356057 0.5
3767 3789 3.398529094 0.05296225071 0.5
3767 3793 0 0 0.5
3768 3771 3.328062499 0.05454356057 0.5
3768 3773 2.979093822 0.02291287847 0.5
3768 3774 2.979093822 0.02291287847 0.5
3768 3779 3.422718218 0.05454356057 0.5
3768 3786 3.422718218 0.05454356057 0.5
3768 3788 3.422718218 0.05454356057 0.5
3769 3772 0 0 0.5
3769 3778 3.422718218 0.05454356057 0.5
3769 3787 3.422718218 0.05454356057 0.5
3770 3777 3.398529094 0.05296225071 0.5
3771 3775 0 0 0.5
3772 3773 0 0 0.5
3772 3774 0 0 0.5
3773 3775 0 0 0.5
3774 3775 0 0 0.5
3775 3777 0 0 0.5
3777 3780 3.398529094 0.05296225071 0.5
3777 3784 0 0 0.5
3777 3787 3.422718218 0.05454356057 0.5
3778 3781 3.328062499 0.05454356057 0.5
3778 3782 2.979093822 0.02291287847 0.5
3778 3783 2.979093822 0.02291287847 0.5
3778 3788 3.422718218 0.05454356057 0.5
3779 3787 3.422718218 0.05454356057 0.5
3779 11890 3.398529094 0.05296225071 0.5
3780 3786 3.398529094 0.05296225071 0.5
3780 11889 3.398529094 0.05296225071 0.5
3780 11891 2.958039892 0.02224859546 0.5
3780 11892 2.958039892 0.02224859546 0.5
3781 3784 0 0 0.5
3781 11888 3.328062499 0.05454356057 0.5
3781 11893 0 0 0.5
3782 3784 0 0 0.5
3782 11890 2.958039892 0.02224859546 0.5
3783 3784 0 0 0.5
3783 11890 2.958039892 0.02224859546 0.5
3784 3786 0 0 0.5
3786 3789 3.398529094 0.05296225071 0.5
3786 3793 0 0 0.5
3787 3790 3.328062499 0.05454356057 0.5
3787 3791 2.979093822 0.02291287847 0.5
3787 3792 2.979093822 0.02291287847 0.5
3788 9217 3.398529094 0.05296225071 0.5
3789 9216 3.398529094 0.05296225071 0.5
3789 9218 2.958039892 0.02224859546 0.5
3789 9219 2.958039892 0.02224859546 0.5
3790 3793 0 0 0.5
3790 9215 3.328062499 0.05454356057 0.5
3790 9220 0 0 0.5
3791 3793 0 0 0.5
3791 9217 2.958039892 0.02224859546 0.5
3792 3793 0 0 0.5
3792 9217 2.958039892 0.02224859546 0.5
3795 3798 3.398529094 0.05296225071 0.5
3795 3801 0 0 0.5
3795 3804 3.422718218 0.05454356057 0.5
3795 3815 3.398529094 0.05296225071 0.5
3795 3818 0 0 0.5
3796 3799 2.979093822 0.02291287847 0.5
3796 3800 2.979093822 0.02291287847 0.5
3796 3805 3.422718218 0.05454356057 0.5
3796 3812 3.422718218 0.05454356057 0.5
3796 3814 3.422718218 0.05454356057 0.5
3797 3804 3.422718218 0.05454356057 0.5
3797 3813 3.422718218 0.05454356057 0.5
3798 3803 3.398529094 0.05296225071 0.5
3799 3801 0 0 0.5
3800 3801 0 0 0.5
3801 3803 0 0 0.5
3803 3806 3.398529094 0.05296225071 0.5
3803 3810 0 0 0.5
3803 3813 3.422718218 0.05454356057 0.5
3804 3807 3.328062499 0.05454356057 0.5
3804 3808 2.979093822 0.02291287847 0.5
3804 3809 2.979093822 0.02291287847 0.5
3804 3814 3.422718218 0.05454356057 0.5
3805 3813 3.422718218 0.05454356057 0.5
3805 10911 3.398529094 0.05296225071 0.5
3806 3812 3.398529094 0.05296225071 0.5
3806 10910 3.398529094 0.05296225071 0.5
3806 10912 2.958039892 0.02224859546 0.5
3806 10913 2.958039892 0.02224859546 0.5
3807 3810 0 0 0.5
3807 10909 3.328062499 0.05454356057 0.5
3807 10914 0 0 0.5
3808 3810 0 0 0.5
3808 10911 2.958039892 0.02224859546 0.5
3809 3810 0 0 0.5
3809 10911 2.958039892 0.02224859546 0.5
3810 3812 0 0 0.5
3812 3815 3.398529094 0.05296225071 0.5
3812 3818 0 0 0.5
3813 3816 2.979093822 0.02291287847 0.5
3813 3817 2.979093822 0.02291287847 0.5
3816 3818 0 0 0.5
3817 3818 0 0 0.5
3820 3823 3.398529094 0.05296225071 0.5
3820 3827 0 0 0.5
3820 3830 3.422718218 0.05454356057 0.5
3820 3840 3.398529094 0.05296225071 0.5
3820 3844 0 0 0.5
3821 3824 3.328062499 0.05454356057 0.5
3821 3825 2.979093822 0.02291287847 0.5
3821 3826 2.979093822 0.02291287847 0.5
3821 3831 3.422718218 0.05454356057 0.5
3821 3837 3.422718218 0.05454356057 0.5
3821 3839 3.422718218 0.05454356057 0.5
3822 3830 3.422718218 0.05454356057 0.5
3822 3838 3.422718218 0.05454356057 0.5
3822 5399 3.398529094 0.05296225071 0.5
3823 3829 3.398529094 0.05296225071 0.5
3823 5398 3.398529094 0.05296225071 0.5
3823 5400 2.958039892 0.02224859546 0.5
3823 5401 2.958039892 0.02224859546 0.5
3824 3827 0 0 0.5
3824 5397 3.328062499 0.05454356057 0.5
3824 5402 0 0 0.5
3825 3827 0 0 0.5
3825 5399 2.958039892 0.02224859546 0.5
3826 3827 0 0 0.5
3826 5399 2.958039892 0.02224859546 0.5
3827 3829 0 0 0.5
3829 3832 3.398529094 0.05296225071 0.5
3829 3835 0 0 0.5
3829 3838 3.422718218 0.05454356057 0.5
3830 3833 2.979093822 0.02291287847 0.5
3830 3834 2.979093822 0.02291287847 0.5
3830 3839 3.422718218 0.05454356057 0.5
3831 3838 3.422718218 0.05454356057 0.5
3832 3837 3.398529094 0.05296225071 0.5
3833 3835 0 0 0.5
3834 3835 0 0 0.5
3835 3837 0 0 0.5
3837 3840 3.398529094 0.05296225071 0.5
3837 3844 0 0 0.5
3838 3841 3.328062499 0.05454356057 0.5
3838 3842 2.979093822 0.02291287847 0.5
3838 3843 2.979093822 0.02291287847 0.5
3839 4508 3.398529094 0.05296225071 0.5
3840 4507 3.398529094 0.05296225071 0.5
3840 4509 2.958039892 0.02224859546 0.5
3840 4510 2.958039892 0.02224859546 0.5
3841 3844 0 0 0.5
3841 4506 3.328062499 0.05454356057 0.5
3841 4511 0 0 0.5
3842 3844 0 0 0.5
3842 4508 2.958039892 0.02224859546 0.5
3843 3844 0 0 0.5
3843 4508 2.958039892 0.02224859546 0.5
3846 3849 3.398529094 0.05296225071 0.5
3846 3853 0 0 0.5
3846 3856 3.422718218 0.05454356057 0.5
3846 3867 3.398529094 0.05296225071 0.5
3846 3870 0 0 0.5
3847 3850 3.328062499 0.05454356057 0.5
3847 3851 2.979093822 0.02291287847 0.5
3847 3852 2.979093822 0.02291287847 0.5
3847 3857 3.422718218 0.05454356057 0.5
3847 3864 3.422718218 0.05454356057 0.5
3847 3866 3.422718218 0.05454356057 0.5
3848 3856 3.422718218 0.05454356057 0.5
3848 3865 3.422718218 0.05454356057 0.5
3848 11124 3.398529094 0.05296225071 0.5
3849 3855 3.398529094 0.05296225071 0.5
3849 11123 3.398529094 0.05296225071 0.5
3849 11125 2.958039892 0.02224859546 0.5
3849 11126 2.958039892 0.02224859546 0.5
3850 3853 0 0 0.5
3850 11122 3.328062499 0.05454356057 0.5
3850 11127 0 0 0.5
3851 3853 0 0 0.5
3851 11124 2.958039892 0.02224859546 0.5
3852 3853 0 0 0.5
3852 11124 2.958039892 0.02224859546 0.5
3853 3855 0 0 0.5
3855 3858 3.398529094 0.05296225071 0.5
3855 3862 0 0 0.5
3855 3865 3.422718218 0.05454356057 0.5
3856 3859 3.328062499 0.05454356057 0.5
3856 3860 2.979093822 0.02291287847 0.5
3856 3861 2.979093822 0.02291287847 0.5
3856 3866 3.422718218 0.05454356057 0.5
3857 3865 3.422718218 0.05454356057 0.5
3857 11392 3.398529094 0.05296225071 0.5
3858 3864 3.398529094 0.05296225071 0.5
3858 11391 3.398529094 0.05296225071 0.5
3858 11393 2.958039892 0.02224859546 0.5
3858 11394 2.958039892 0.02224859546 0.5
3859 3862 0 0 0.5
3859 11390 3.328062499 0.05454356057 0.5
3859 11395 0 0 0.5
3860 3862 0 0 0.5
3860 11392 2.958039892 0.02224859546 0.5
3861 3862 0 0 0.5
3861 11392 2.958039892 0.02224859546 0.5
3862 3864 0 0 0.5
3864 3867 3.398529094 0.05296225071 0.5
3864 3870 0 0 0.5
3865 3868 2.979093822 0.02291287847 0.5
3865 3869 2.979093822 0.02291287847 0.5
3868 3870 0 0 0.5
3869 3870 0 0 0.5
3872 3875 3.398529094 0.05296225071 0.5
3872 3879 0 0 0.5
3872 3882 3.422718218 0.05454356057 0.5
3872 3894 3.398529094 0.05296225071 0.5
3872 3898 0 0 0.5
3873 3876 3.328062499 0.05454356057 0.5
3873 3877 2.979093822 0.02291287847 0.5
3873 3878 2.979093822 0.02291287847 0.5
3873 3883 3.422718218 0.05454356057 0.5
3873 3891 3.422718218 0.05454356057 0.5
3873 3893 3.422718218 0.05454356057 0.5
3874 3882 3.422718218 0.05454356057 0.5
3874 3892 3.422718218 0.05454356057 0.5
3874 5250 3.398529094 0.05296225071 0.5
3875 3881 3.398529094 0.05296225071 0.5
3875 5249 3.398529094 0.05296225071 0.5
3875 5251 2.958039892 0.02224859546 0.5
3875 5252 2.958039892 0.02224859546 0.5
3876 3879 0 0 0.5
3876 5248 3.328062499 0.05454356057 0.5
3876 5253 0 0 0.5
3877 3879 0 0 0.5
3877 5250 2.958039892 0.02224859546 0.5
3878 3879 0 0 0.5
3878 5250 2.958039892 0.02224859546 0.5
3879 3881 0 0 0.5
3881 3884 3.398529094 0.05296225071 0.5
3881 3889 0 0 0.5
3881 3892 3.422718218 0.05454356057 0.5
3882 3885 3.328062499 0.05454356057 0.5
3882 3887 2.979093822 0.02291287847 0.5
3882 3888 2.979093822 0.02291287847 0.5
3882 3893 3.422718218 0.05454356057 0.5
3883 3886 0 0 0.5
3883 3892 3.422718218 0.05454356057 0.5
3884 3891 3.398529094 0.05296225071 0.5
3885 3889 0 0 0.5
3886 3887 0 0 0.5
3886 3888 0 0 0.5
3887 3889 0 0 0.5
3888 3889 0 0 0.5
3889 3891 0 0 0.5
3891 3894 3.398529094 0.05296225071 0.5
3891 3898 0 0 0.5
3892 3895 3.328062499 0.05454356057 0.5
3892 3896 2.979093822 0.02291287847 0.5
3892 3897 2.979093822 0.02291287847 0.5
3893 5825 3.398529094 0.05296225071 0.5
3894 5824 3.398529094 0.05296225071 0.5
3894 5826 2.958039892 0.02224859546 0.5
3894 5827 2.958039892 0.02224859546 0.5
3895 3898 0 0 0.5
3895 5823 3.328062499 0.05454356057 0.5
3895 5828 0 0 0.5
3896 3898 0 0 0.5
3896 5825 2.958039892 0.02224859546 0.5
3897 3898 0 0 0.5
3897 5825 2.958039892 0.02224859546 0.5
3900 3903 3.398529094 0.05296225071 0.5
3900 3908 0 0 0.5
3900 3911 3.422718218 0.05454356057 0.5
3900 3921 3.398529094 0.05296225071 0.5
3900 3925 0 0 0.5
3901 3904 3.328062499 0.05454356057 0.5
3901 3906 2.979093822 0.02291287847 0.5
3901 3907 2.979093822 0.02291287847 0.5
3901 3912 3.422718218 0.05454356057 0.5
3901 3918 3.422718218 0.05454356057 0.5
3901 3920 3.422718218 0.05454356057 0.5
3902 3905 0 0 0.5
3902 3911 3.422718218 0.05454356057 0.5
3902 3919 3.422718218 0.05454356057 0.5
3903 3910 3.398529094 0.05296225071 0.5
3904 3908 0 0 0.5
3905 3906 0 0 0.5
3905 3907 0 0 0.5
3906 3908 0 0 0.5
3907 3908 0 0 0.5
3908 3910 0 0 0.5
3910 3913 3.398529094 0.05296225071 0.5
3910 3916 0 0 0.5
3910 3919 3.422718218 0.05454356057 0.5
3911 3914 2.979093822 0.02291287847 0.5
3911 3915 2.979093822 0.02291287847 0.5
3911 3920 3.422718218 0.05454356057 0.5
3912 3919 3.422718218 0.05454356057 0.5
3913 3918 3.398529094 0.05296225071 0.5
3914 3916 0 0 0.5
3915 3916 0 0 0.5
3916 3918 0 0 0.5
3918 3921 3.398529094 0.05296225071 0.5
3918 3925 0 0 0.5
3919 3922 3.328062499 0.05454356057 0.5
3919 3923 2.979093822 0.02291287847 0.5
3919 3924 2.979093822 0.02291287847 0.5
3920 7882 3.398529094 0.05296225071 0.5
3921 7881 3.398529094 0.05296225071 0.5
3921 7883 2.958039892 0.02224859546 0.5
3921 7884 2.958039892 0.02224859546 0.5
3922 3925 0 0 0.5
3922 7880 3.328062499 0.05454356057 0.5
3922 7885 0 0 0.5
3923 3925 0 0 0.5
3923 7882 2.958039892 0.02224859546 0.5
3924 3925 0 0 0.5
3924 7882 2.958039892 0.02224859546 0.5
3927 3930 3.398529094 0.05296225071 0.5
3927 3934 0 0 0.5
3927 3937 3.422718218 0.05454356057 0.5
3927 3948 3.398529094 0.05296225071 0.5
3927 3952 0 0 0.5
3928 3931 3.328062499 0.05454356057 0.5
3928 3932 2.979093822 0.02291287847 0.5
3928 3933 2.979093822 0.02291287847 0.5
3928 3938 3.422718218 0.05454356057 0.5
3928 3945 3.422718218 0.05454356057 0.5
3928 3947 3.422718218 0.05454356057 0.5
3929 3937 3.422718218 0.05454356057 0.5
3929 3946 3.422718218 0.05454356057 0.5
3929 12700 3.398529094 0.05296225071 0.5
3930 3936 3.398529094 0.05296225071 0.5
3930 12699 3.398529094 0.05296225071 0.5
3930 12701 2.958039892 0.02224859546 0.5
3930 12702 2.958039892 0.02224859546 0.5
3931 3934 0 0 0.5
3931 12698 3.328062499 0.05454356057 0.5
3931 12703 0 0 0.5
3932 3934 0 0 0.5
3932 12700 2.958039892 0.02224859546 0.5
3933 3934 0 0 0.5
3933 12700 2.958039892 0.02224859546 0.5
3934 3936 0 0 0.5
3936 3939 3.398529094 0.05296225071 0.5
3936 3943 0 0 0.5
3936 3946 3.422718218 0.05454356057 0.5
3937 3940 3.328062499 0.05454356057 0.5
3937 3941 2.979093822 0.02291287847 0.5
3937 3942 2.979093822 0.02291287847 0.5
3937 3947 3.422718218 0.05454356057 0.5
3938 3946 3.422718218 0.05454356057 0.5
3938 5858 3.398529094 0.05296225071 0.5
3939 3945 3.398529094 0.05296225071 0.5
3939 5857 3.398529094 0.05296225071 0.5
3939 5859 2.958039892 0.02224859546 0.5
3939 5860 2.958039892 0.02224859546 0.5
3940 3943 0 0 0.5
3940 5856 3.328062499 0.05454356057 0.5
3940 5861 0 0 0.5
3941 3943 0 0 0.5
3941 5858 2.958039892 0.02224859546 0.5
3942 3943 0 0 0.5
3942 5858 2.958039892 0.02224859546 0.5
3943 3945 0 0 0.5
3945 3948 3.398529094 0.05296225071 0.5
3945 3952 0 0 0.5
3946 3949 3.328062499 0.05454356057 0.5
3946 3950 2.979093822 0.02291287847 0.5
3946 3951 2.979093822 0.02291287847 0.5
3947 8388 3.398529094 0.05296225071 0.5
3948 8387 3.398529094 0.05296225071 0.5
3948 8389 2.958039892 0.02224859546 0.5
3948 8390 2.958039892 0.02224859546 0.5
3949 3952 0 0 0.5
3949 8386 3.328062499 0.05454356057 0.5
3949 8391 0 0 0.5
3950 3952 0 0 0.5
3950 8388 2.958039892 0.02224859546 0.5
3951 3952 0 0 0.5
3951 8388 2.958039892 0.02224859546 0.5
3954 3957 3.398529094 0.05296225071 0.5
3954 3961 0 0 0.5
3954 3964 3.422718218 0.05454356057 0.5
3954 3976 3.398529094 0.05296225071 0.5
3954 3979 0 0 0.5
3955 3958 3.328062499 0.05454356057 0.5
3955 3959 2.979093822 0.02291287847 0.5
3955 3960 2.979093822 0.02291287847 0.5
3955 3965 3.422718218 0.05454356057 0.5
3955 3973 3.422718218 0.05454356057 0.5
3955 3975 3.422718218 0.05454356057 0.5
3956 3964 3.422718218 0.05454356057 0.5
3956 3974 3.422718218 0.05454356057 0.5
3956 10045 3.398529094 0.05296225071 0.5
3957 3963 3.398529094 0.05296225071 0.5
3957 10044 3.398529094 0.05296225071 0.5
3957 10046 2.958039892 0.02224859546 0.5
3957 10047 2.958039892 0.02224859546 0.5
3958 3961 0 0 0.5
3958 10043 3.328062499 0.05454356057 0.5
3958 10048 0 0 0.5
3959 3961 0 0 0.5
3959 10045 2.958039892 0.02224859546 0.5
3960 3961 0 0 0.5
3960 10045 2.958039892 0.02224859546 0.5
3961 3963 0 0 0.5
3963 3966 3.398529094 0.05296225071 0.5
3963 3971 0 0 0.5
3963 3974 3.422718218 0.05454356057 0.5
3964 3967 3.328062499 0.05454356057 0.5
3964 3969 2.979093822 0.02291287847 0.5
3964 3970 2.979093822 0.02291287847 0.5
3964 3975 3.422718218 0.05454356057 0.5
3965 3968 0 0 0.5
3965 3974 3.422718218 0.05454356057 0.5
3966 3973 3.398529094 0.05296225071 0.5
3967 3971 0 0 0.5
3968 3969 0 0 0.5
3968 3970 0 0 0.5
3969 3971 0 0 0.5
3970 3971 0 0 0.5
3971 3973 0 0 0.5
3973 3976 3.398529094 0.05296225071 0.5
3973 3979 0 0 0.5
3974 3977 2.979093822 0.02291287847 0.5
3974 3978 2.979093822 0.02291287847 0.5
3977 3979 0 0 0.5
3978 3979 0 0 0.5
3981 3984 3.398529094 0.05296225071 0.5
3981 3987 0 0 0.5
3981 3990 3.422718218 0.05454356057 0.5
3981 4001 3.398529094 0.05296225071 0.5
3981 4005 0 0 0.5
3982 3985 2.979093822 0.02291287847 0.5
3982 3986 2.979093822 0.02291287847 0.5
3982 3991 3.422718218 0.05454356057 0.5
3982 3998 3.422718218 0.05454356057 0.5
3982 4000 3.422718218 0.05454356057 0.5
3983 3990 3.422718218 0.05454356057 0.5
3983 3999 3.422718218 0.05454356057 0.5
3984 3989 3.398529094 0.05296225071 0.5
3985 3987 0 0 0.5
3986 3987 0 0 0.5
3987 3989 0 0 0.5
3989 3992 3.398529094 0.05296225071 0.5
3989 3996 0 0 0.5
3989 3999 3.422718218 0.05454356057 0.5
3990 3993 3.328062499 0.05454356057 0.5
3990 3994 2.979093822 0.02291287847 0.5
3990 3995 2.979093822 0.02291287847 0.5
3990 4000 3.422718218 0.05454356057 0.5
3991 3999 3.422718218 0.05454356057 0.5
3991 12740 3.398529094 0.05296225071 0.5
3992 3998 3.398529094 0.05296225071 0.5
3992 12739 3.398529094 0.05296225071 0.5
3992 12741 2.958039892 0.02224859546 0.5
3992 12742 2.958039892 0.02224859546 0.5
3993 3996 0 0 0.5
3993 12738 3.328062499 0.05454356057 0.5
3993 12743 0 0 0.5
3994 3996 0 0 0.5
3994 12740 2.958039892 0.02224859546 0.5
3995 3996 0 0 0.5
3995 12740 2.958039892 0.02224859546 0.5
3996 3998 0 0 0.5
3998 4001 3.398529094 0.05296225071 0.5
3998 4005 0 0 0.5
3999 4002 3.328062499 0.05454356057 0.5
3999 4003 2.979093822 0.02291287847 0.5
3999 4004 2.979093822 0.02291287847 0.5
4000 11816 3.398529094 0.05296225071 0.5
4001 11815 3.398529094 0.05296225071 0.5
4001 11817 2.958039892 0.02224859546 0.5
4001 11818 2.958039892 0.02224859546 0.5
4002 4005 0 0 0.5
4002 11814 3.328062499 0.05454356057 0.5
4002 11819 0 0 0.5
4003 4005 0 0 0.5
4003 11816 2.958039892 0.02224859546 0.5
4004 4005 0 0 0.5
4004 11816 2.958039892 0.02224859546 0.5
4007 4010 3.398529094 0.05296225071 0.5
4007 4014 0 0 0.5
4007 4017 3.422718218 0.05454356057 0.5
4007 4028 3.398529094 0.05296225071 0.5
4007 4032 0 0 0.5
4008 4011 3.328062499 0.05454356057 0.5
4008 4012 2.979093822 0.02291287847 0.5
4008 4013 2.979093822 0.02291287847 0.5
4008 4018 3.422718218 0.05454356057 0.5
4008 4025 3.422718218 0.05454356057 0.5
4008 4027 3.422718218 0.05454356057 0.5
4009 4017 3.422718218 0.05454356057 0.5
4009 4026 3.422718218 0.05454356057 0.5
4009 7547 3.398529094 0.05296225071 0.5
4010 4016 3.398529094 0.05296225071 0.5
4010 7546 3.398529094 0.05296225071 0.5
4010 7548 2.958039892 0.02224859546 0.5
4010 7549 2.958039892 0.02224859546 0.5
4011 4014 0 0 0.5
4011 7545 3.328062499 0.05454356057 0.5
4011 7550 0 0 0.5
4012 4014 0 0 0.5
4012 7547 2.958039892 0.02224859546 0.5
4013 4014 0 0 0.5
4013 7547 2.958039892 0.02224859546 0.5
4014 4016 0 0 0.5
4016 4019 3.398529094 0.05296225071 0.5
4016 4023 0 0 0.5
4016 4026 3.422718218 0.05454356057 0.5
4017 4020 3.328062499 0.05454356057 0.5
4017 4021 2.979093822 0.02291287847 0.5
4017 4022 2.979093822 0.02291287847 0.5
4017 4027 3.422718218 0.05454356057 0.5
4018 4026 3.422718218 0.05454356057 0.5
4018 12091 3.398529094 0.05296225071 0.5
4019 4025 3.398529094 0.05296225071 0.5
4019 12090 3.398529094 0.05296225071 0.5
4019 12092 2.958039892 0.02224859546 0.5
4019 12093 2.958039892 0.02224859546 0.5
4020 4023 0 0 0.5
4020 12089 3.328062499 0.05454356057 0.5
4020 12094 0 0 0.5
4021 4023 0 0 0.5
4021 12091 2.958039892 0.02224859546 0.5
4022 4023 0 0 0.5
4022 12091 2.958039892 0.02224859546 0.5
4023 4025 0 0 0.5
4025 4028 3.398529094 0.05296225071 0.5
4025 4032 0 0 0.5
4026 4029 3.328062499 0.05454356057 0.5
4026 4030 2.979093822 0.02291287847 0.5
4026 4031 2.979093822 0.02291287847 0.5
4027 8006 3.398529094 0.05296225071 0.5
4028 8005 3.398529094 0.05296225071 0.5
4028 8007 2.958039892 0.02224859546 0.5
4028 8008 2.958039892 0.02224859546 0.5
4029 4032 0 0 0.5
4029 8004 3.328062499 0.05454356057 0.5
4029 8009 0 0 0.5
4030 4032 0 0 0.5
4030 8006 2.958039892 0.02224859546 0.5
4031 4032 0 0 0.5
4031 8006 2.958039892 0.02224859546 0.5
4034 4037 3.398529094 0.05296225071 0.5
4034 4041 0 0 0.5
4034 4044 3.422718218 0.05454356057 0.5
4034 4054 3.398529094 0.05296225071 0.5
4034 4058 0 0 0.5
4035 4038 3.328062499 0.05454356057 0.5
4035 4039 2.979093822 0.02291287847 0.5
4035 4040 2.979093822 0.02291287847 0.5
4035 4045 3.422718218 0.05454356057 0.5
4035 4051 3.422718218 0.05454356057 0.5
4035 4053 3.422718218 0.05454356057 0.5
4036 4044 3.422718218 0.05454356057 0.5
4036 4052 3.422718218 0.05454356057 0.5
4036 6448 3.398529094 0.05296225071 0.5
4037 4043 3.398529094 0.05296225071 0.5
4037 6447 3.398529094 0.05296225071 0.5
4037 6449 2.958039892 0.02224859546 0.5
4037 6450 2.958039892 0.02224859546 0.5
4038 4041 0 0 0.5
4038 6446 3.328062499 0.05454356057 0.5
4038 6451 0 0 0.5
4039 4041 0 0 0.5
4039 6448 2.958039892 0.02224859546 0.5
4040 4041 0 0 0.5
4040 6448 2.958039892 0.02224859546 0.5
4041 4043 0 0 0.5
4043 4046 3.398529094 0.05296225071 0.5
4043 4049 0 0 0.5
4043 4052 3.422718218 0.05454356057 0.5
4044 4047 2.979093822 0.02291287847 0.5
4044 4048 2.979093822 0.02291287847 0.5
4044 4053 3.422718218 0.05454356057 0.5
4045 4052 3.422718218 0.05454356057 0.5
4046 4051 3.398529094 0.05296225071 0.5
4047 4049 0 0 0.5
4048 4049 0 0 0.5
4049 4051 0 0 0.5
4051 4054 3.398529094 0.05296225071 0.5
4051 4058 0 0 0.5
4052 4055 3.328062499 0.05454356057 0.5
4052 4056 2.979093822 0.02291287847 0.5
4052 4057 2.979093822 0.02291287847 0.5
4053 9258 3.398529094 0.05296225071 0.5
4054 9257 3.398529094 0.05296225071 0.5
4054 9259 2.958039892 0.02224859546 0.5
4054 9260 2.958039892 0.02224859546 0.5
4055 4058 0 0 0.5
4055 9256 3.328062499 0.05454356057 0.5
4055 9261 0 0 0.5
4056 4058 0 0 0.5
4056 9258 2.958039892 0.02224859546 0.5
4057 4058 0 0 0.5
4057 9258 2.958039892 0.02224859546 0.5
4060 4063 3.398529094 0.05296225071 0.5
4060 4067 0 0 0.5
4060 4070 3.422718218 0.05454356057 0.5
4060 4080 3.398529094 0.05296225071 0.5
4060 4083 0 0 0.5
4061 4064 3.328062499 0.05454356057 0.5
4061 4065 2.979093822 0.02291287847 0.5
4061 4066 2.979093822 0.02291287847 0.5
4061 4071 3.422718218 0.05454356057 0.5
4061 4077 3.422718218 0.05454356057 0.5
4061 4079 3.422718218 0.05454356057 0.5
4062 4070 3.422718218 0.05454356057 0.5
4062 4078 3.422718218 0.05454356057 0.5
4062 6985 3.398529094 0.05296225071 0.5
4063 4069 3.398529094 0.05296225071 0.5
4063 6984 3.398529094 0.05296225071 0.5
4063 6986 2.958039892 0.02224859546 0.5
4063 6987 2.958039892 0.02224859546 0.5
4064 4067 0 0 0.5
4064 6983 3.328062499 0.05454356057 0.5
4064 6988 0 0 0.5
4065 4067 0 0 0.5
4065 6985 2.958039892 0.02224859546 0.5
4066 4067 0 0 0.5
4066 6985 2.958039892 0.02224859546 0.5
4067 4069 0 0 0.5
4069 4072 3.398529094 0.05296225071 0.5
4069 4075 0 0 0.5
4069 4078 3.422718218 0.05454356057 0.5
4070 4073 2.979093822 0.02291287847 0.5
4070 4074 2.979093822 0.02291287847 0.5
4070 4079 3.422718218 0.05454356057 0.5
4071 4078 3.422718218 0.05454356057 0.5
4072 4077 3.398529094 0.05296225071 0.5
4073 4075 0 0 0.5
4074 4075 0 0 0.5
4075 4077 0 0 0.5
4077 4080 3.398529094 0.05296225071 0.5
4077 4083 0 0 0.5
4078 4081 2.979093822 0.02291287847 0.5
4078 4082 2.979093822 0.02291287847 0.5
4081 4083 0 0 0.5
4082 4083 0 0 0.5
4085 4088 3.398529094 0.05296225071 0.5
4085 4093 0 0 0.5
4085 4096 3.422718218 0.05454356057 0.5
4085 4107 3.398529094 0.05296225071 0.5
4085 4111 0 0 0.5
4086 4089 3.328062499 0.05454356057 0.5
4086 4091 2.979093822 0.02291287847 0.5
4086 4092 2.979093822 0.02291287847 0.5
4086 4097 3.422718218 0.05454356057 0.5
4086 4104 3.422718218 0.05454356057 0.5
4086 4106 3.422718218 0.05454356057 0.5
4087 4090 0 0 0.5
4087 4096 3.422718218 0.05454356057 0.5
4087 4105 3.422718218 0.05454356057 0.5
4088 4095 3.398529094 0.05296225071 0.5
4089 4093 0 0 0.5
4090 4091 0 0 0.5
4090 4092 0 0 0.5
4091 4093 0 0 0.5
4092 4093 0 0 0.5
4093 4095 0 0 0.5
4095 4098 3.398529094 0.05296225071 0.5
4095 4102 0 0 0.5
4095 4105 3.422718218 0.05454356057 0.5
4096 4099 3.328062499 0.05454356057 0.5
4096 4100 2.979093822 0.02291287847 0.5
4096 4101 2.979093822 0.02291287847 0.5
4096 4106 3.422718218 0.05454356057 0.5
4097 4105 3.422718218 0.05454356057 0.5
4097 9334 3.398529094 0.05296225071 0.5
4098 4104 3.398529094 0.05296225071 0.5
4098 9333 3.398529094 0.05296225071 0.5
4098 9335 2.958039892 0.02224859546 0.5
4098 9336 2.958039892 0.02224859546 0.5
4099 4102 0 0 0.5
4099 9332 3.328062499 0.05454356057 0.5
4099 9337 0 0 0.5
4100 4102 0 0 0.5
4100 9334 2.958039892 0.02224859546 0.5
4101 4102 0 0 0.5
4101 9334 2.958039892 0.02224859546 0.5
4102 4104 0 0 0.5
4104 4107 3.398529094 0.05296225071 0.5
4104 4111 0 0 0.5
4105 4108 3.328062499 0.05454356057 0.5
4105 4109 2.979093822 0.02291287847 0.5
4105 4110 2.979093822 0.02291287847 0.5
4106 9729 3.398529094 0.05296225071 0.5
4107 9728 3.398529094 0.05296225071 0.5
4107 9730 2.958039892 0.02224859546 0.5
4107 9731 2.958039892 0.02224859546 0.5
4108 4111 0 0 0.5
4108 9727 3.328062499 0.05454356057 0.5
4108 9732 0 0 0.5
4109 4111 0 0 0.5
4109 9729 2.958039892 0.02224859546 0.5
4110 4111 0 0 0.5
4110 9729 2.958039892 0.02224859546 0.5
4113 4116 3.398529094 0.05296225071 0.5
4113 4120 0 0 0.5
4113 4123 3.422718218 0.05454356057 0.5
4113 4134 3.398529094 0.05296225071 0.5
4113 4137 0 0 0.5
4114 4117 3.328062499 0.05454356057 0.5
4114 4118 2.979093822 0.02291287847 0.5
4114 4119 2.979093822 0.02291287847 0.5
4114 4124 3.422718218 0.05454356057 0.5
4114 4131 3.422718218 0.05454356057 0.5
4114 4133 3.422718218 0.05454356057 0.5
4115 4123 3.422718218 0.05454356057 0.5
4115 4132 3.422718218 0.05454356057 0.5
4115 6604 3.398529094 0.05296225071 0.5
4116 4122 3.398529094 0.05296225071 0.5
4116 6603 3.398529094 0.05296225071 0.5
4116 6605 2.958039892 0.02224859546 0.5
4116 6606 2.958039892 0.02224859546 0.5
4117 4120 0 0 0.5
4117 6602 3.328062499 0.05454356057 0.5
4117 6607 0 0 0.5
4118 4120 0 0 0.5
4118 6604 2.958039892 0.02224859546 0.5
4119 4120 0 0 0.5
4119 6604 2.958039892 0.02224859546 0.5
4120 4122 0 0 0.5
4122 4125 3.398529094 0.05296225071 0.5
4122 4129 0 0 0.5
4122 4132 3.422718218 0.05454356057 0.5
4123 4126 3.328062499 0.05454356057 0.5
4123 4127 2.979093822 0.02291287847 0.5
4123 4128 2.979093822 0.02291287847 0.5
4123 4133 3.422718218 0.05454356057 0.5
4124 4132 3.422718218 0.05454356057 0.5
4124 7351 3.398529094 0.05296225071 0.5
4125 4131 3.398529094 0.05296225071 0.5
4125 7350 3.398529094 0.05296225071 0.5
4125 7352 2.958039892 0.02224859546 0.5
4125 7353 2.958039892 0.02224859546 0.5
4126 4129 0 0 0.5
4126 7349 3.328062499 0.05454356057 0.5
4126 7354 0 0 0.5
4127 4129 0 0 0.5
4127 7351 2.958039892 0.02224859546 0.5
4128 4129 0 0 0.5
4128 7351 2.958039892 0.02224859546 0.5
4129 4131 0 0 0.5
4131 4134 3.398529094 0.05296225071 0.5
4131 4137 0 0 0.5
4132 4135 2.979093822 0.02291287847 0.5
4132 4136 2.979093822 0.02291287847 0.5
4135 4137 0 0 0.5
4136 4137 0 0 0.5
4139 4142 3.398529094 0.05296225071 0.5
4139 4146 0 0 0.5
4139 4149 3.422718218 0.05454356057 0.5
4139 4159 3.398529094 0.05296225071 0.5
4139 4163 0 0 0.5
4140 4143 3.328062499 0.05454356057 0.5
4140 4144 2.979093822 0.02291287847 0.5
4140 4145 2.979093822 0.02291287847 0.5
4140 4150 3.422718218 0.05454356057 0.5
4140 4156 3.422718218 0.05454356057 0.5
4140 4158 3.422718218 0.05454356057 0.5
4141 4149 3.422718218 0.05454356057 0.5
4141 4157 3.422718218 0.05454356057 0.5
4141 5841 3.398529094 0.05296225071 0.5
4142 4148 3.398529094 0.05296225071 0.5
4142 5840 3.398529094 0.05296225071 0.5
4142 5842 2.958039892 0.02224859546 0.5
4142 5843 2.958039892 0.02224859546 0.5
4143 4146 0 0 0.5
4143 5839 3.328062499 0.05454356057 0.5
4143 5844 0 0 0.5
4144 4146 0 0 0.5
4144 5841 2.958039892 0.02224859546 0.5
4145 4146 0 0 0.5
4145 5841 2.958039892 0.02224859546 0.5
4146 4148 0 0 0.5
4148 4151 3.398529094 0.05296225071 0.5
4148 4154 0 0 0.5
4148 4157 3.422718218 0.05454356057 0.5
4149 4152 2.979093822 0.02291287847 0.5
4149 4153 2.979093822 0.02291287847 0.5
4149 4158 3.422718218 0.05454356057 0.5
4150 4157 3.422718218 0.05454356057 0.5
4151 4156 3.398529094 0.05296225071 0.5
4152 4154 0 0 0.5
4153 4154 0 0 0.5
4154 4156 0 0 0.5
4156 4159 3.398529094 0.05296225071 0.5
4156 4163 0 0 0.5
4157 4160 3.328062499 0.05454356057 0.5
4157 4161 2.979093822 0.02291287847 0.5
4157 4162 2.979093822 0.02291287847 0.5
4158 12964 3.398529094 0.05296225071 0.5
4159 12963 3.398529094 0.05296225071 0.5
4159 12965 2.958039892 0.02224859546 0.5
4159 12966 2.958039892 0.02224859546 0.5
4160 4163 0 0 0.5
4160 12962 3.328062499 0.05454356057 0.5
4160 12967 0 0 0.5
4161 4163 0 0 0.5
4161 12964 2.958039892 0.02224859546 0.5
4162 4163 0 0 0.5
4162 12964 2.958039892 0.02224859546 0.5
4165 4168 3.398529094 0.05296225071 0.5
4165 4171 0 0 0.5
4165 4174 3.422718218 0.05454356057 0.5
4165 4186 3.398529094 0.05296225071 0.5
4165 4190 0 0 0.5
4166 4169 2.979093822 0.02291287847 0.5
4166 4170 2.979093822 0.02291287847 0.5
4166 4175 3.422718218 0.05454356057 0.5
4166 4183 3.422718218 0.05454356057 0.5
4166 4185 3.422718218 0.05454356057 0.5
4167 4174 3.422718218 0.05454356057 0.5
4167 4184 3.422718218 0.05454356057 0.5
4168 4173 3.398529094 0.05296225071 0.5
4169 4171 0 0 0.5
4170 4171 0 0 0.5
4171 4173 0 0 0.5
4173 4176 3.398529094 0.05296225071 0.5
4173 4181 0 0 0.5
4173 4184 3.422718218 0.05454356057 0.5
4174 4177 3.328062499 0.05454356057 0.5
4174 4179 2.979093822 0.02291287847 0.5
4174 4180 2.979093822 0.02291287847 0.5
4174 4185 3.422718218 0.05454356057 0.5
4175 4178 0 0 0.5
4175 4184 3.422718218 0.05454356057 0.5
4176 4183 3.398529094 0.05296225071 0.5
4177 4181 0 0 0.5
4178 4179 0 0 0.5
4178 4180 0 0 0.5
4179 4181 0 0 0.5
4180 4181 0 0 0.5
4181 4183 0 0 0.5
4183 4186 3.398529094 0.05296225071 0.5
4183 4190 0 0 0.5
4184 4187 3.328062499 0.05454356057 0.5
4184 4188 2.979093822 0.02291287847 0.5
4184 4189 2.979093822 0.02291287847 0.5
4185 6494 3.398529094 0.05296225071 0.5
4186 6493 3.398529094 0.05296225071 0.5
4186 6495 2.958039892 0.02224859546 0.5
4186 6496 2.958039892 0.02224859546 0.5
4187 4190 0 0 0.5
4187 6492 3.328062499 0.05454356057 0.5
4187 6497 0 0 0.5
4188 4190 0 0 0.5
4188 6494 2.958039892 0.02224859546 0.5
4189 4190 0 0 0.5
4189 6494 2.958039892 0.02224859546 0.5
4192 4195 3.398529094 0.05296225071 0.5
4192 4200 0 0 0.5
4192 4203 3.422718218 0.05454356057 0.5
4192 4214 3.398529094 0.05296225071 0.5
4192 4218 0 0 0.5
4193 4196 3.328062499 0.05454356057 0.5
4193 4198 2.979093822 0.02291287847 0.5
4193 4199 2.979093822 0.02291287847 0.5
4193 4204 3.422718218 0.05454356057 0.5
4193 4211 3.422718218 0.05454356057 0.5
4193 4213 3.422718218 0.05454356057 0.5
4194 4197 0 0 0.5
4194 4203 3.422718218 0.05454356057 0.5
4194 4212 3.422718218 0.05454356057 0.5
4195 4202 3.398529094 0.05296225071 0.5
4196 4200 0 0 0.5
4197 4198 0 0 0.5
4197 4199 0 0 0.5
4198 4200 0 0 0.5
4199 4200 0 0 0.5
4200 4202 0 0 0.5
4202 4205 3.398529094 0.05296225071 0.5
4202 4209 0 0 0.5
4202 4212 3.422718218 0.05454356057 0.5
4203 4206 3.328062499 0.05454356057 0.5
4203 4207 2.979093822 0.02291287847 0.5
4203 4208 2.979093822 0.02291287847 0.5
4203 4213 3.422718218 0.05454356057 0.5
4204 4212 3.422718218 0.05454356057 0.5
4204 11981 3.398529094 0.05296225071 0.5
4205 4211 3.398529094 0.05296225071 0.5
4205 11980 3.398529094 0.05296225071 0.5
4205 11982 2.958039892 0.02224859546 0.5
4205 11983 2.958039892 0.02224859546 0.5
4206 4209 0 0 0.5
4206 11979 3.328062499 0.05454356057 0.5
4206 11984 0 0 0.5
4207 4209 0 0 0.5
4207 11981 2.958039892 0.02224859546 0.5
4208 4209 0 0 0.5
4208 11981 2.958039892 0.02224859546 0.5
4209 4211 0 0 0.5
4211 4214 3.398529094 0.05296225071 0.5
4211 4218 0 0 0.5
4212 4215 3.328062499 0.05454356057 0.5
4212 4216 2.979093822 0.02291287847 0.5
4212 4217 2.979093822 0.02291287847 0.5
4213 8499 3.398529094 0.05296225071 0.5
4214 8498 3.398529094 0.05296225071 0.5
4214 8500 2.958039892 0.02224859546 0.5
4214 8501 2.958039892 0.02224859546 0.5
4215 4218 0 0 0.5
4215 8497 3.328062499 0.05454356057 0.5
4215 8502 0 0 0.5
4216 4218 0 0 0.5
4216 8499 2.958039892 0.02224859546 0.5
4217 4218 0 0 0.5
4217 8499 2.958039892 0.02224859546 0.5
4220 4223 3.398529094 0.05296225071 0.5
4220 4228 0 0 0.5
4220 4231 3.422718218 0.05454356057 0.5
4220 4242 3.398529094 0.05296225071 0.5
4220 4246 0 0 0.5
4221 4224 3.328062499 0.05454356057 0.5
4221 4226 2.979093822 0.02291287847 0.5
4221 4227 2.979093822 0.02291287847 0.5
4221 4232 3.422718218 0.05454356057 0.5
4221 4239 3.422718218 0.05454356057 0.5
4221 4241 3.422718218 0.05454356057 0.5
4222 4225 0 0 0.5
4222 4231 3.422718218 0.05454356057 0.5
4222 4240 3.422718218 0.05454356057 0.5
4223 4230 3.398529094 0.05296225071 0.5
4224 4228 0 0 0.5
4225 4226 0 0 0.5
4225 4227 0 0 0.5
4226 4228 0 0 0.5
4227 4228 0 0 0.5
4228 4230 0 0 0.5
4230 4233 3.398529094 0.05296225071 0.5
4230 4237 0 0 0.5
4230 4240 3.422718218 0.05454356057 0.5
4231 4234 3.328062499 0.05454356057 0.5
4231 4235 2.979093822 0.02291287847 0.5
4231 4236 2.979093822 0.02291287847 0.5
4231 4241 3.422718218 0.05454356057 0.5
4232 4240 3.422718218 0.05454356057 0.5
4232 11610 3.398529094 0.05296225071 0.5
4233 4239 3.398529094 0.05296225071 0.5
4233 11609 3.398529094 0.05296225071 0.5
4233 11611 2.958039892 0.02224859546 0.5
4233 11612 2.958039892 0.02224859546 0.5
4234 4237 0 0 0.5
4234 11608 3.328062499 0.05454356057 0.5
4234 11613 0 0 0.5
4235 4237 0 0 0.5
4235 11610 2.958039892 0.02224859546 0.5
4236 4237 0 0 0.5
4236 11610 2.958039892 0.02224859546 0.5
4237 4239 0 0 0.5
4239 4242 3.398529094 0.05296225071 0.5
4239 4246 0 0 0.5
4240 4243 3.328062499 0.05454356057 0.5
4240 4244 2.979093822 0.02291287847 0.5
4240 4245 2.979093822 0.02291287847 0.5
4241 6545 3.398529094 0.05296225071 0.5
4242 6544 3.398529094 0.05296225071 0.5
4242 6546 2.958039892 0.02224859546 0.5
4242 6547 2.958039892 0.02224859546 0.5
4243 4246 0 0 0.5
4243 6543 3.328062499 0.05454356057 0.5
4243 6548 0 0 0.5
4244 4246 0 0 0.5
4244 6545 2.958039892 0.02224859546 0.5
4245 4246 0 0 0.5
4245 6545 2.958039892 0.02224859546 0.5
4248 4251 3.398529094 0.05296225071 0.5
4248 4255 0 0 0.5
4248 4258 3.422718218 0.05454356057 0.5
4248 4270 3.398529094 0.05296225071 0.5
4248 4274 0 0 0.5
4249 4252 3.328062499 0.05454356057 0.5
4249 4253 2.979093822 0.02291287847 0.5
4249 4254 2.979093822 0.02291287847 0.5
4249 4259 3.422718218 0.05454356057 0.5
4249 4267 3.422718218 0.05454356057 0.5
4249 4269 3.422718218 0.05454356057 0.5
4250 4258 3.422718218 0.05454356057 0.5
4250 4268 3.422718218 0.05454356057 0.5
4250 12536 3.398529094 0.05296225071 0.5
4251 4257 3.398529094 0.05296225071 0.5
4251 12535 3.398529094 0.05296225071 0.5
4251 12537 2.958039892 0.02224859546 0.5
4251 12538 2.958039892 0.02224859546 0.5
4252 4255 0 0 0.5
4252 12534 3.328062499 0.05454356057 0.5
4252 12539 0 0 0.5
4253 4255 0 0 0.5
4253 12536 2.958039892 0.02224859546 0.5
4254 4255 0 0 0.5
4254 12536 2.958039892 0.02224859546 0.5
4255 4257 0 0 0.5
4257 4260 3.398529094 0.05296225071 0.5
4257 4265 0 0 0.5
4257 4268 3.422718218 0.05454356057 0.5
4258 4261 3.328062499 0.05454356057 0.5
4258 4263 2.979093822 0.02291287847 0.5
4258 4264 2.979093822 0.02291287847 0.5
4258 4269 3.422718218 0.05454356057 0.5
4259 4262 0 0 0.5
4259 4268 3.422718218 0.05454356057 0.5
4260 4267 3.398529094 0.05296225071 0.5
4261 4265 0 0 0.5
4262 4263 0 0 0.5
4262 4264 0 0 0.5
4263 4265 0 0 0.5
4264 4265 0 0 0.5
4265 4267 0 0 0.5
4267 4270 3.398529094 0.05296225071 0.5
4267 4274 0 0 0.5
4268 4271 3.328062499 0.05454356057 0.5
4268 4272 2.979093822 0.02291287847 0.5
4268 4273 2.979093822 0.02291287847 0.5
4269 4611 3.398529094 0.05296225071 0.5
4270 4610 3.398529094 0.05296225071 0.5
4270 4612 2.958039892 0.02224859546 0.5
4270 4613 2.958039892 0.02224859546 0.5
4271 4274 0 0 0.5
4271 4609 3.328062499 0.05454356057 0.5
4271 4614 0 0 0.5
4272 4274 0 0 0.5
4272 4611 2.958039892 0.02224859546 0.5
4273 4274 0 0 0.5
4273 4611 2.958039892 0.02224859546 0.5
4276 4279 3.398529094 0.05296225071 0.5
4276 4282 0 0 0.5
4276 4285 3.422718218 0.05454356057 0.5
4276 4297 3.398529094 0.05296225071 0.5
4276 4301 0 0 0.5
4277 4280 2.979093822 0.02291287847 0.5
4277 4281 2.979093822 0.02291287847 0.5
4277 4286 3.422718218 0.05454356057 0.5
4277 4294 3.422718218 0.05454356057 0.5
4277 4296 3.422718218 0.05454356057 0.5
4278 4285 3.422718218 0.05454356057 0.5
4278 4295 3.422718218 0.05454356057 0.5
4279 4284 3.398529094 0.05296225071 0.5
4280 4282 0 0 0.5
4281 4282 0 0 0.5
4282 4284 0 0 0.5
4284 4287 3.398529094 0.05296225071 0.5
4284 4292 0 0 0.5
4284 4295 3.422718218 0.05454356057 0.5
4285 4288 3.328062499 0.05454356057 0.5
4285 4290 2.979093822 0.02291287847 0.5
4285 4291 2.979093822 0.02291287847 0.5
4285 4296 3.422718218 0.05454356057 0.5
4286 4289 0 0 0.5
4286 4295 3.422718218 0.05454356057 0.5
4287 4294 3.398529094 0.05296225071 0.5
4288 4292 0 0 0.5
4289 4290 0 0 0.5
4289 4291 0 0 0.5
4290 4292 0 0 0.5
4291 4292 0 0 0.5
4292 4294 0 0 0.5
4294 4297 3.398529094 0.05296225071 0.5
4294 4301 0 0 0.5
4295 4298 3.328062499 0.05454356057 0.5
4295 4299 2.979093822 0.02291287847 0.5
4295 4300 2.979093822 0.02291287847 0.5
4296 12075 3.398529094 0.05296225071 0.5
4297 12074 3.398529094 0.05296225071 0.5
4297 12076 2.958039892 0.02224859546 0.5
4297 12077 2.958039892 0.02224859546 0.5
4298 4301 0 0 0.5
4298 12073 3.328062499 0.05454356057 0.5
4298 12078 0 0 0.5
4299 4301 0 0 0.5
4299 12075 2.958039892 0.02224859546 0.5
4300 4301 0 0 0.5
4300 12075 2.958039892 0.02224859546 0.5
4303 4306 3.398529094 0.05296225071 0.5
4303 4310 0 0 0.5
4303 4313 3.422718218 0.05454356057 0.5
4303 4323 3.398529094 0.05296225071 0.5
4303 4327 0 0 0.5
4304 4307 3.328062499 0.05454356057 0.5
4304 4308 2.979093822 0.02291287847 0.5
4304 4309 2.979093822 0.02291287847 0.5
4304 4314 3.422718218 0.05454356057 0.5
4304 4320 3.422718218 0.05454356057 0.5
4304 4322 3.422718218 0.05454356057 0.5
4305 4313 3.422718218 0.05454356057 0.5
4305 4321 3.422718218 0.05454356057 0.5
4305 5666 3.398529094 0.05296225071 0.5
4306 4312 3.398529094 0.05296225071 0.5
4306 5665 3.398529094 0.05296225071 0.5
4306 5667 2.958039892 0.02224859546 0.5
4306 5668 2.958039892 0.02224859546 0.5
4307 4310 0 0 0.5
4307 5664 3.328062499 0.05454356057 0.5
4307 5669 0 0 0.5
4308 4310 0 0 0.5
4308 5666 2.958039892 0.02224859546 0.5
4309 4310 0 0 0.5
4309 5666 2.958039892 0.02224859546 0.5
4310 4312 0 0 0.5
4312 4315 3.398529094 0.05296225071 0.5
4312 4318 0 0 0.5
4312 4321 3.422718218 0.05454356057 0.5
4313 4316 2.979093822 0.02291287847 0.5
4313 4317 2.979093822 0.02291287847 0.5
4313 4322 3.422718218 0.05454356057 0.5
4314 4321 3.422718218 0.05454356057 0.5
4315 4320 3.398529094 0.05296225071 0.5
4316 4318 0 0 0.5
4317 4318 0 0 0.5
4318 4320 0 0 0.5
4320 4323 3.398529094 0.05296225071 0.5
4320 4327 0 0 0.5
4321 4324 3.328062499 0.05454356057 0.5
4321 4325 2.979093822 0.02291287847 0.5
4321 4326 2.979093822 0.02291287847 0.5
4322 8193 3.398529094 0.05296225071 0.5
4323 8192 3.398529094 0.05296225071 0.5
4323 8194 2.958039892 0.02224859546 0.5
4323 8195 2.958039892 0.02224859546 0.5
4324 4327 0 0 0.5
4324 8191 3.328062499 0.05454356057 0.5
4324 8196 0 0 0.5
4325 4327 0 0 0.5
4325 8193 2.958039892 0.02224859546 0.5
4326 4327 0 0 0.5
4326 8193 2.958039892 0.02224859546 0.5
4329 4332 3.398529094 0.05296225071 0.5
4329 4335 0 0 0.5
4329 4338 3.422718218 0.05454356057 0.5
4329 4349 3.398529094 0.05296225071 0.5
4329 4353 0 0 0.5
4330 4333 2.979093822 0.02291287847 0.5
4330 4334 2.979093822 0.02291287847 0.5
4330 4339 3.422718218 0.05454356057 0.5
4330 4346 3.422718218 0.05454356057 0.5
4330 4348 3.422718218 0.05454356057 0.5
4331 4338 3.422718218 0.05454356057 0.5
4331 4347 3.422718218 0.05454356057 0.5
4332 4337 3.398529094 0.05296225071 0.5
4333 4335 0 0 0.5
4334 4335 0 0 0.5
4335 4337 0 0 0.5
4337 4340 3.398529094 0.05296225071 0.5
4337 4344 0 0 0.5
4337 4347 3.422718218 0.05454356057 0.5
4338 4341 3.328062499 0.05454356057 0.5
4338 4342 2.979093822 0.02291287847 0.5
4338 4343 2.979093822 0.02291287847 0.5
4338 4348 3.422718218 0.05454356057 0.5
4339 4347 3.422718218 0.05454356057 0.5
4339 10460 3.398529094 0.05296225071 0.5
4340 4346 3.398529094 0.05296225071 0.5
4340 10459 3.398529094 0.05296225071 0.5
4340 10461 2.958039892 0.02224859546 0.5
4340 10462 2.958039892 0.02224859546 0.5
4341 4344 0 0 0.5
4341 10458 3.328062499 0.05454356057 0.5
4341 10463 0 0 0.5
4342 4344 0 0 0.5
4342 10460 2.958039892 0.02224859546 0.5
4343 4344 0 0 0.5
4343 10460 2.958039892 0.02224859546 0.5
4344 4346 0 0 0.5
4346 4349 3.398529094 0.05296225071 0.5
4346 4353 0 0 0.5
4347 4350 3.328062499 0.05454356057 0.5
4347 4351 2.979093822 0.02291287847 0.5
4347 4352 2.979093822 0.02291287847 0.5
4348 5969 3.398529094 0.05296225071 0.5
4349 5968 3.398529094 0.05296225071 0.5
4349 5970 2.958039892 0.02224859546 0.5
4349 5971 2.958039892 0.02224859546 0.5
4350 4353 0 0 0.5
4350 5967 3.328062499 0.05454356057 0.5
4350 5972 0 0 0.5
4351 4353 0 0 0.5
4351 5969 2.958039892 0.02224859546 0.5
4352 4353 0 0 0.5
4352 5969 2.958039892 0.02224859546 0.5
4355 4358 3.398529094 0.05296225071 0.5
4355 4361 0 0 0.5
4355 4364 3.422718218 0.05454356057 0.5
4355 4374 3.398529094 0.05296225071 0.5
4355 4377 0 0 0.5
4356 4359 2.979093822 0.02291287847 0.5
4356 4360 2.979093822 0.02291287847 0.5
4356 4365 3.422718218 0.05454356057 0.5
4356 4371 3.422718218 0.05454356057 0.5
4356 4373 3.422718218 0.05454356057 0.5
4357 4364 3.422718218 0.05454356057 0.5
4357 4372 3.422718218 0.05454356057 0.5
4358 4363 3.398529094 0.05296225071 0.5
4359 4361 0 0 0.5
4360 4361 0 0 0.5
4361 4363 0 0 0.5
4363 4366 3.398529094 0.05296225071 0.5
4363 4369 0 0 0.5
4363 4372 3.422718218 0.05454356057 0.5
4364 4367 2.979093822 0.02291287847 0.5
4364 4368 2.979093822 0.02291287847 0.5
4364 4373 3.422718218 0.05454356057 0.5
4365 4372 3.422718218 0.05454356057 0.5
4366 4371 3.398529094 0.05296225071 0.5
4367 4369 0 0 0.5
4368 4369 0 0 0.5
4369 4371 0 0 0.5
4371 4374 3.398529094 0.05296225071 0.5
4371 4377 0 0 0.5
4372 4375 2.979093822 0.02291287847 0.5
4372 4376 2.979093822 0.02291287847 0.5
4375 4377 0 0 0.5
4376 4377 0 0 0.5
4379 4382 3.398529094 0.05296225071 0.5
4379 4386 0 0 0.5
4379 4389 3.422718218 0.05454356057 0.5
4379 4400 3.398529094 0.05296225071 0.5
4379 4405 0 0 0.5
4380 4383 3.328062499 0.05454356057 0.5
4380 4384 2.979093822 0.02291287847 0.5
4380 4385 2.979093822 0.02291287847 0.5
4380 4390 3.422718218 0.05454356057 0.5
4380 4397 3.422718218 0.05454356057 0.5
4380 4399 3.422718218 0.05454356057 0.5
4381 4389 3.422718218 0.05454356057 0.5
4381 4398 3.422718218 0.05454356057 0.5
4381 12314 3.398529094 0.05296225071 0.5
4382 4388 3.398529094 0.05296225071 0.5
4382 12313 3.398529094 0.05296225071 0.5
4382 12315 2.958039892 0.02224859546 0.5
4382 12316 2.958039892 0.02224859546 0.5
4383 4386 0 0 0.5
4383 12312 3.328062499 0.05454356057 0.5
4383 12317 0 0 0.5
4384 4386 0 0 0.5
4384 12314 2.958039892 0.02224859546 0.5
4385 4386 0 0 0.5
4385 12314 2.958039892 0.02224859546 0.5
4386 4388 0 0 0.5
4388 4391 3.398529094 0.05296225071 0.5
4388 4395 0 0 0.5
4388 4398 3.422718218 0.05454356057 0.5
4389 4392 3.328062499 0.05454356057 0.5
4389 4393 2.979093822 0.02291287847 0.5
4389 4394 2.979093822 0.02291287847 0.5
4389 4399 3.422718218 0.05454356057 0.5
4390 4398 3.422718218 0.05454356057 0.5
4390 7617 3.398529094 0.05296225071 0.5
4391 4397 3.398529094 0.05296225071 0.5
4391 7616 3.398529094 0.05296225071 0.5
4391 7618 2.958039892 0.02224859546 0.5
4391 7619 2.958039892 0.02224859546 0.5
4392 4395 0 0 0.5
4392 7615 3.328062499 0.05454356057 0.5
4392 7620 0 0 0.5
4393 4395 0 0 0.5
4393 7617 2.958039892 0.02224859546 0.5
4394 4395 0 0 0.5
4394 7617 2.958039892 0.02224859546 0.5
4395 4397 0 0 0.5
4397 4400 3.398529094 0.05296225071 0.5
4397 4405 0 0 0.5
4398 4401 3.328062499 0.05454356057 0.5
4398 4403 2.979093822 0.02291287847 0.5
4398 4404 2.979093822 0.02291287847 0.5
4399 4402 0 0 0.5
4401 4405 0 0 0.5
4402 4403 0 0 0.5
4402 4404 0 0 0.5
4403 4405 0 0 0.5
4404 4405 0 0 0.5
4407 4410 3.398529094 0.05296225071 0.5
4407 4414 0 0 0.5
4407 4417 3.422718218 0.05454356057 0.5
4407 4428 3.398529094 0.05296225071 0.5
4407 4432 0 0 0.5
4408 4411 3.328062499 0.05454356057 0.5
4408 4412 2.979093822 0.02291287847 0.5
4408 4413 2.979093822 0.02291287847 0.5
4408 4418 3.422718218 0.05454356057 0.5
4408 4425 3.422718218 0.05454356057 0.5
4408 4427 3.422718218 0.05454356057 0.5
4409 4417 3.422718218 0.05454356057 0.5
4409 4426 3.422718218 0.05454356057 0.5
4409 7237 3.398529094 0.05296225071 0.5
4410 4416 3.398529094 0.05296225071 0.5
4410 7236 3.398529094 0.05296225071 0.5
4410 7238 2.958039892 0.02224859546 0.5
4410 7239 2.958039892 0.02224859546 0.5
4411 4414 0 0 0.5
4411 7235 3.328062499 0.05454356057 0.5
4411 7240 0 0 0.5
4412 4414 0 0 0.5
4412 7237 2.958039892 0.02224859546 0.5
4413 4414 0 0 0.5
4413 7237 2.958039892 0.02224859546 0.5
4414 4416 0 0 0.5
4416 4419 3.398529094 0.05296225071 0.5
4416 4423 0 0 0.5
4416 4426 3.422718218 0.05454356057 0.5
4417 4420 3.328062499 0.05454356057 0.5
4417 4421 2.979093822 0.02291287847 0.5
4417 4422 2.979093822 0.02291287847 0.5
4417 4427 3.422718218 0.05454356057 0.5
4418 4426 3.422718218 0.05454356057 0.5
4418 8058 3.398529094 0.05296225071 0.5
4419 4425 3.398529094 0.05296225071 0.5
4419 8057 3.398529094 0.05296225071 0.5
4419 8059 2.958039892 0.02224859546 0.5
4419 8060 2.958039892 0.02224859546 0.5
4420 4423 0 0 0.5
4420 8056 3.328062499 0.05454356057 0.5
4420 8061 0 0 0.5
4421 4423 0 0 0.5
4421 8058 2.958039892 0.02224859546 0.5
4422 4423 0 0 0.5
4422 8058 2.958039892 0.02224859546 0.5
4423 4425 0 0 0.5
4425 4428 3.398529094 0.05296225071 0.5
4425 4432 0 0 0.5
4426 4429 3.328062499 0.05454356057 0.5
4426 4430 2.979093822 0.02291287847 0.5
4426 4431 2.979093822 0.02291287847 0.5
4427 5613 3.398529094 0.05296225071 0.5
4428 5612 3.398529094 0.05296225071 0.5
4428 5614 2.958039892 0.02224859546 0.5
4428 5615 2.958039892 0.02224859546 0.5
4429 4432 0 0 0.5
4429 5611 3.328062499 0.05454356057 0.5
4429 5616 0 0 0.5
4430 4432 0 0 0.5
4430 5613 2.958039892 0.02224859546 0.5
4431 4432 0 0 0.5
4431 5613 2.958039892 0.02224859546 0.5
4434 4437 3.398529094 0.05296225071 0.5
4434 4441 0 0 0.5
4434 4444 3.422718218 0.05454356057 0.5
4434 4455 3.398529094 0.05296225071 0.5
4434 4459 0 0 0.5
4435 4438 3.328062499 0.05454356057 0.5
4435 4439 2.979093822 0.02291287847 0.5
4435 4440 2.979093822 0.02291287847 0.5
4435 4445 3.422718218 0.05454356057 0.5
4435 4452 3.422718218 0.05454356057 0.5
4435 4454 3.422718218 0.05454356057 0.5
4436 4444 3.422718218 0.05454356057 0.5
4436 4453 3.422718218 0.05454356057 0.5
4436 8599 3.398529094 0.05296225071 0.5
4437 4443 3.398529094 0.05296225071 0.5
4437 8598 3.398529094 0.05296225071 0.5
4437 8600 2.958039892 0.02224859546 0.5
4437 8601 2.958039892 0.02224859546 0.5
4438 4441 0 0 0.5
4438 8597 3.328062499 0.05454356057 0.5
4438 8602 0 0 0.5
4439 4441 0 0 0.5
4439 8599 2.958039892 0.02224859546 0.5
4440 4441 0 0 0.5
4440 8599 2.958039892 0.02224859546 0.5
4441 4443 0 0 0.5
4443 4446 3.398529094 0.05296225071 0.5
4443 4450 0 0 0.5
4443 4453 3.422718218 0.05454356057 0.5
4444 4447 3.328062499 0.05454356057 0.5
4444 4448 2.979093822 0.02291287847 0.5
4444 4449 2.979093822 0.02291287847 0.5
4444 4454 3.422718218 0.05454356057 0.5
4445 4453 3.422718218 0.05454356057 0.5
4445 10533 3.398529094 0.05296225071 0.5
4446 4452 3.398529094 0.05296225071 0.5
4446 10532 3.398529094 0.05296225071 0.5
4446 10534 2.958039892 0.02224859546 0.5
4446 10535 2.958039892 0.02224859546 0.5
4447 4450 0 0 0.5
4447 10531 3.328062499 0.05454356057 0.5
4447 10536 0 0 0.5
4448 4450 0 0 0.5
4448 10533 2.958039892 0.02224859546 0.5
4449 4450 0 0 0.5
4449 10533 2.958039892 0.02224859546 0.5
4450 4452 0 0 0.5
4452 4455 3.398529094 0.05296225071 0.5
4452 4459 0 0 0.5
4453 4456 3.328062499 0.05454356057 0.5
4453 4457 2.979093822 0.02291287847 0.5
4453 4458 2.979093822 0.02291287847 0.5
4454 10667 3.398529094 0.05296225071 0.5
4455 10666 3.398529094 0.05296225071 0.5
4455 10668 2.958039892 0.02224859546 0.5
4455 10669 2.958039892 0.02224859546 0.5
4456 4459 0 0 0.5
4456 10665 3.328062499 0.05454356057 0.5
4456 10670 0 0 0.5
4457 4459 0 0 0.5
4457 10667 2.958039892 0.02224859546 0.5
4458 4459 0 0 0.5
4458 10667 2.958039892 0.02224859546 0.5
4461 4464 3.398529094 0.05296225071 0.5
4461 4468 0 0 0.5
4461 4471 3.422718218 0.05454356057 0.5
4461 4482 3.398529094 0.05296225071 0.5
4461 4486 0 0 0.5
4462 4465 3.328062499 0.05454356057 0.5
4462 4466 2.979093822 0.02291287847 0.5
4462 4467 2.979093822 0.02291287847 0.5
4462 4472 3.422718218 0.05454356057 0.5
4462 4479 3.422718218 0.05454356057 0.5
4462 4481 3.422718218 0.05454356057 0.5
4463 4471 3.422718218 0.05454356057 0.5
4463 4480 3.422718218 0.05454356057 0.5
4463 9561 3.398529094 0.05296225071 0.5
4464 4470 3.398529094 0.05296225071 0.5
4464 9560 3.398529094 0.05296225071 0.5
4464 9562 2.958039892 0.02224859546 0.5
4464 9563 2.958039892 0.02224859546 0.5
4465 4468 0 0 0.5
4465 9559 3.328062499 0.05454356057 0.5
4465 9564 0 0 0.5
4466 4468 0 0 0.5
4466 9561 2.958039892 0.02224859546 0.5
4467 4468 0 0 0.5
4467 9561 2.958039892 0.02224859546 0.5
4468 4470 0 0 0.5
4470 4473 3.398529094 0.05296225071 0.5
4470 4477 0 0 0.5
4470 4480 3.422718218 0.05454356057 0.5
4471 4474 3.328062499 0.05454356057 0.5
4471 4475 2.979093822 0.02291287847 0.5
4471 4476 2.979093822 0.02291287847 0.5
4471 4481 3.422718218 0.05454356057 0.5
4472 4480 3.422718218 0.05454356057 0.5
4472 7443 3.398529094 0.05296225071 0.5
4473 4479 3.398529094 0.05296225071 0.5
4473 7442 3.398529094 0.05296225071 0.5
4473 7444 2.958039892 0.02224859546 0.5
4473 7445 2.958039892 0.02224859546 0.5
4474 4477 0 0 0.5
4474 7441 3.328062499 0.05454356057 0.5
4474 7446 0 0 0.5
4475 4477 0 0 0.5
4475 7443 2.958039892 0.02224859546 0.5
4476 4477 0 0 0.5
4476 7443 2.958039892 0.02224859546 0.5
4477 4479 0 0 0.5
4479 4482 3.398529094 0.05296225071 0.5
4479 4486 0 0 0.5
4480 4483 3.328062499 0.05454356057 0.5
4480 4484 2.979093822 0.02291287847 0.5
4480 4485 2.979093822 0.02291287847 0.5
4481 11060 3.398529094 0.05296225071 0.5
4482 11059 3.398529094 0.05296225071 0.5
4482 11061 2.958039892 0.02224859546 0.5
4482 11062 2.958039892 0.02224859546 0.5
4483 4486 0 0 0.5
4483 11058 3.328062499 0.05454356057 0.5
4483 11063 0 0 0.5
4484 4486 0 0 0.5
4484 11060 2.958039892 0.02224859546 0.5
4485 4486 0 0 0.5
4485 11060 2.958039892 0.02224859546 0.5
4488 4491 3.398529094 0.05296225071 0.5
4488 4494 0 0 0.5
4488 4497 3.422718218 0.05454356057 0.5
4488 4508 3.398529094 0.05296225071 0.5
4488 4511 0 0 0.5
4489 4492 2.979093822 0.02291287847 0.5
4489 4493 2.979093822 0.02291287847 0.5
4489 4498 3.422718218 0.05454356057 0.5
4489 4505 3.422718218 0.05454356057 0.5
4489 4507 3.422718218 0.05454356057 0.5
4490 4497 3.422718218 0.05454356057 0.5
4490 4506 3.422718218 0.05454356057 0.5
4491 4496 3.398529094 0.05296225071 0.5
4492 4494 0 0 0.5
4493 4494 0 0 0.5
4494 4496 0 0 0.5
4496 4499 3.398529094 0.05296225071 0.5
4496 4503 0 0 0.5
4496 4506 3.422718218 0.05454356057 0.5
4497 4500 3.328062499 0.05454356057 0.5
4497 4501 2.979093822 0.02291287847 0.5
4497 4502 2.979093822 0.02291287847 0.5
4497 4507 3.422718218 0.05454356057 0.5
4498 4506 3.422718218 0.05454356057 0.5
4498 7890 3.398529094 0.05296225071 0.5
4499 4505 3.398529094 0.05296225071 0.5
4499 7889 3.398529094 0.05296225071 0.5
4499 7891 2.958039892 0.02224859546 0.5
4499 7892 2.958039892 0.02224859546 0.5
4500 4503 0 0 0.5
4500 7888 3.328062499 0.05454356057 0.5
4500 7893 0 0 0.5
4501 4503 0 0 0.5
4501 7890 2.958039892 0.02224859546 0.5
4502 4503 0 0 0.5
4502 7890 2.958039892 0.02224859546 0.5
4503 4505 0 0 0.5
4505 4508 3.398529094 0.05296225071 0.5
4505 4511 0 0 0.5
4506 4509 2.979093822 0.02291287847 0.5
4506 4510 2.979093822 0.02291287847 0.5
4509 4511 0 0 0.5
4510 4511 0 0 0.5
4513 4516 3.398529094 0.05296225071 0.5
4513 4520 0 0 0.5
4513 4523 3.422718218 0.05454356057 0.5
4513 4533 3.398529094 0.05296225071 0.5
4513 4537 0 0 0.5
4514 4517 3.328062499 0.05454356057 0.5
4514 4518 2.979093822 0.02291287847 0.5
4514 4519 2.979093822 0.02291287847 0.5
4514 4524 3.422718218 0.05454356057 0.5
4514 4530 3.422718218 0.05454356057 0.5
4514 4532 3.422718218 0.05454356057 0.5
4515 4523 3.422718218 0.05454356057 0.5
4515 4531 3.422718218 0.05454356057 0.5
4515 9501 3.398529094 0.05296225071 0.5
4516 4522 3.398529094 0.05296225071 0.5
4516 9500 3.398529094 0.05296225071 0.5
4516 9502 2.958039892 0.02224859546 0.5
4516 9503 2.958039892 0.02224859546 0.5
4517 4520 0 0 0.5
4517 9499 3.328062499 0.05454356057 0.5
4517 9504 0 0 0.5
4518 4520 0 0 0.5
4518 9501 2.958039892 0.02224859546 0.5
4519 4520 0 0 0.5
4519 9501 2.958039892 0.02224859546 0.5
4520 4522 0 0 0.5
4522 4525 3.398529094 0.05296225071 0.5
4522 4528 0 0 0.5
4522 4531 3.422718218 0.05454356057 0.5
4523 4526 2.979093822 0.02291287847 0.5
4523 4527 2.979093822 0.02291287847 0.5
4523 4532 3.422718218 0.05454356057 0.5
4524 4531 3.422718218 0.05454356057 0.5
4525 4530 3.398529094 0.05296225071 0.5
4526 4528 0 0 0.5
4527 4528 0 0 0.5
4528 4530 0 0 0.5
4530 4533 3.398529094 0.05296225071 0.5
4530 4537 0 0 0.5
4531 4534 3.328062499 0.05454356057 0.5
4531 4535 2.979093822 0.02291287847 0.5
4531 4536 2.979093822 0.02291287847 0.5
4532 10978 3.398529094 0.05296225071 0.5
4533 10977 3.398529094 0.05296225071 0.5
4533 10979 2.958039892 0.02224859546 0.5
4533 10980 2.958039892 0.02224859546 0.5
4534 4537 0 0 0.5
4534 10976 3.328062499 0.05454356057 0.5
4534 10981 0 0 0.5
4535 4537 0 0 0.5
4535 10978 2.958039892 0.02224859546 0.5
4536 4537 0 0 0.5
4536 10978 2.958039892 0.02224859546 0.5
4539 4542 3.398529094 0.05296225071 0.5
4539 4545 0 0 0.5
4539 4548 3.422718218 0.05454356057 0.5
4539 4558 3.398529094 0.05296225071 0.5
4539 4562 0 0 0.5
4540 4543 2.979093822 0.02291287847 0.5
4540 4544 2.979093822 0.02291287847 0.5
4540 4549 3.422718218 0.05454356057 0.5
4540 4555 3.422718218 0.05454356057 0.5
4540 4557 3.422718218 0.05454356057 0.5
4541 4548 3.422718218 0.05454356057 0.5
4541 4556 3.422718218 0.05454356057 0.5
4542 4547 3.398529094 0.05296225071 0.5
4543 4545 0 0 0.5
4544 4545 0 0 0.5
4545 4547 0 0 0.5
4547 4550 3.398529094 0.05296225071 0.5
4547 4553 0 0 0.5
4547 4556 3.422718218 0.05454356057 0.5
4548 4551 2.979093822 0.02291287847 0.5
4548 4552 2.979093822 0.02291287847 0.5
4548 4557 3.422718218 0.05454356057 0.5
4549 4556 3.422718218 0.05454356057 0.5
4550 4555 3.398529094 0.05296225071 0.5
4551 4553 0 0 0.5
4552 4553 0 0 0.5
4553 4555 0 0 0.5
4555 4558 3.398529094 0.05296225071 0.5
4555 4562 0 0 0.5
4556 4559 3.328062499 0.05454356057 0.5
4556 4560 2.979093822 0.02291287847 0.5
4556 4561 2.979093822 0.02291287847 0.5
4557 10500 3.398529094 0.05296225071 0.5
4558 10499 3.398529094 0.05296225071 0.5
4558 10501 2.958039892 0.02224859546 0.5
4558 10502 2.958039892 0.02224859546 0.5
4559 4562 0 0 0.5
4559 10498 3.328062499 0.05454356057 0.5
4559 10503 0 0 0.5
4560 4562 0 0 0.5
4560 10500 2.958039892 0.02224859546 0.5
4561 4562 0 0 0.5
4561 10500 2.958039892 0.02224859546 0.5
4564 4567 3.398529094 0.05296225071 0.5
4564 4571 0 0 0.5
4564 4574 3.422718218 0.05454356057 0.5
4564 4584 3.398529094 0.05296225071 0.5
4564 4588 0 0 0.5
4565 4568 3.328062499 0.05454356057 0.5
4565 4569 2.979093822 0.02291287847 0.5
4565 4570 2.979093822 0.02291287847 0.5
4565 4575 3.422718218 0.05454356057 0.5
4565 4581 3.422718218 0.05454356057 0.5
4565 4583 3.422718218 0.05454356057 0.5
4566 4574 3.422718218 0.05454356057 0.5
4566 4582 3.422718218 0.05454356057 0.5
4566 4972 3.398529094 0.05296225071 0.5
4567 4573 3.398529094 0.05296225071 0.5
4567 4971 3.398529094 0.05296225071 0.5
4567 4973 2.958039892 0.02224859546 0.5
4567 4974 2.958039892 0.02224859546 0.5
4568 4571 0 0 0.5
4568 4970 3.328062499 0.05454356057 0.5
4568 4975 0 0 0.5
4569 4571 0 0 0.5
4569 4972 2.958039892 0.02224859546 0.5
4570 4571 0 0 0.5
4570 4972 2.958039892 0.02224859546 0.5
4571 4573 0 0 0.5
4573 4576 3.398529094 0.05296225071 0.5
4573 4579 0 0 0.5
4573 4582 3.422718218 0.05454356057 0.5
4574 4577 2.979093822 0.02291287847 0.5
4574 4578 2.979093822 0.02291287847 0.5
4574 4583 3.422718218 0.05454356057 0.5
4575 4582 3.422718218 0.05454356057 0.5
4576 4581 3.398529094 0.05296225071 0.5
4577 4579 0 0 0.5
4578 4579 0 0 0.5
4579 4581 0 0 0.5
4581 4584 3.398529094 0.05296225071 0.5
4581 4588 0 0 0.5
4582 4585 3.328062499 0.05454356057 0.5
4582 4586 2.979093822 0.02291287847 0.5
4582 4587 2.979093822 0.02291287847 0.5
4583 6414 3.398529094 0.05296225071 0.5
4584 6413 3.398529094 0.05296225071 0.5
4584 6415 2.958039892 0.02224859546 0.5
4584 6416 2.958039892 0.02224859546 0.5
4585 4588 0 0 0.5
4585 6412 3.328062499 0.05454356057 0.5
4585 6417 0 0 0.5
4586 4588 0 0 0.5
4586 6414 2.958039892 0.02224859546 0.5
4587 4588 0 0 0.5
4587 6414 2.958039892 0.02224859546 0.5
4590 4593 3.398529094 0.05296225071 0.5
4590 4597 0 0 0.5
4590 4600 3.422718218 0.05454356057 0.5
4590 4611 3.398529094 0.05296225071 0.5
4590 4614 0 0 0.5
4591 4594 3.328062499 0.05454356057 0.5
4591 4595 2.979093822 0.02291287847 0.5
4591 4596 2.979093822 0.02291287847 0.5
4591 4601 3.422718218 0.05454356057 0.5
4591 4608 3.422718218 0.05454356057 0.5
4591 4610 3.422718218 0.05454356057 0.5
4592 4600 3.422718218 0.05454356057 0.5
4592 4609 3.422718218 0.05454356057 0.5
4592 12788 3.398529094 0.05296225071 0.5
4593 4599 3.398529094 0.05296225071 0.5
4593 12787 3.398529094 0.05296225071 0.5
4593 12789 2.958039892 0.02224859546 0.5
4593 12790 2.958039892 0.02224859546 0.5
4594 4597 0 0 0.5
4594 12786 3.328062499 0.05454356057 0.5
4594 12791 0 0 0.5
4595 4597 0 0 0.5
4595 12788 2.958039892 0.02224859546 0.5
4596 4597 0 0 0.5
4596 12788 2.958039892 0.02224859546 0.5
4597 4599 0 0 0.5
4599 4602 3.398529094 0.05296225071 0.5
4599 4606 0 0 0.5
4599 4609 3.422718218 0.05454356057 0.5
4600 4603 3.328062499 0.05454356057 0.5
4600 4604 2.979093822 0.02291287847 0.5
4600 4605 2.979093822 0.02291287847 0.5
4600 4610 3.422718218 0.05454356057 0.5
4601 4609 3.422718218 0.05454356057 0.5
4601 11449 3.398529094 0.05296225071 0.5
4602 4608 3.398529094 0.05296225071 0.5
4602 11448 3.398529094 0.05296225071 0.5
4602 11450 2.958039892 0.02224859546 0.5
4602 11451 2.958039892 0.02224859546 0.5
4603 4606 0 0 0.5
4603 11447 3.328062499 0.05454356057 0.5
4603 11452 0 0 0.5
4604 4606 0 0 0.5
4604 11449 2.958039892 0.02224859546 0.5
4605 4606 0 0 0.5
4605 11449 2.958039892 0.02224859546 0.5
4606 4608 0 0 0.5
4608 4611 3.398529094 0.05296225071 0.5
4608 4614 0 0 0.5
4609 4612 2.979093822 0.02291287847 0.5
4609 4613 2.979093822 0.02291287847 0.5
4612 4614 0 0 0.5
4613 4614 0 0 0.5
4616 4619 3.398529094 0.05296225071 0.5
4616 4623 0 0 0.5
4616 4626 3.422718218 0.05454356057 0.5
4616 4638 3.398529094 0.05296225071 0.5
4616 4642 0 0 0.5
4617 4620 3.328062499 0.05454356057 0.5
4617 4621 2.979093822 0.02291287847 0.5
4617 4622 2.979093822 0.02291287847 0.5
4617 4627 3.422718218 0.05454356057 0.5
4617 4635 3.422718218 0.05454356057 0.5
4617 4637 3.422718218 0.05454356057 0.5
4618 4626 3.422718218 0.05454356057 0.5
4618 4636 3.422718218 0.05454356057 0.5
4618 10135 3.398529094 0.05296225071 0.5
4619 4625 3.398529094 0.05296225071 0.5
4619 10134 3.398529094 0.05296225071 0.5
4619 10136 2.958039892 0.02224859546 0.5
4619 10137 2.958039892 0.02224859546 0.5
4620 4623 0 0 0.5
4620 10133 3.328062499 0.05454356057 0.5
4620 10138 0 0 0.5
4621 4623 0 0 0.5
4621 10135 2.958039892 0.02224859546 0.5
4622 4623 0 0 0.5
4622 10135 2.958039892 0.02224859546 0.5
4623 4625 0 0 0.5
4625 4628 3.398529094 0.05296225071 0.5
4625 4633 0 0 0.5
4625 4636 3.422718218 0.05454356057 0.5
4626 4629 3.328062499 0.05454356057 0.5
4626 4631 2.979093822 0.02291287847 0.5
4626 4632 2.979093822 0.02291287847 0.5
4626 4637 3.422718218 0.05454356057 0.5
4627 4630 0 0 0.5
4627 4636 3.422718218 0.05454356057 0.5
4628 4635 3.398529094 0.05296225071 0.5
4629 4633 0 0 0.5
4630 4631 0 0 0.5
4630 4632 0 0 0.5
4631 4633 0 0 0.5
4632 4633 0 0 0.5
4633 4635 0 0 0.5
4635 4638 3.398529094 0.05296225071 0.5
4635 4642 0 0 0.5
4636 4639 3.328062499 0.05454356057 0.5
4636 4640 2.979093822 0.02291287847 0.5
4636 4641 2.979093822 0.02291287847 0.5
4637 9168 3.398529094 0.05296225071 0.5
4638 9167 3.398529094 0.05296225071 0.5
4638 9169 2.958039892 0.02224859546 0.5
4638 9170 2.958039892 0.02224859546 0.5
4639 4642 0 0 0.5
4639 9166 3.328062499 0.05454356057 0.5
4639 9171 0 0 0.5
4640 4642 0 0 0.5
4640 9168 2.958039892 0.02224859546 0.5
4641 4642 0 0 0.5
4641 9168 2.958039892 0.02224859546 0.5
4644 4647 3.398529094 0.05296225071 0.5
4644 4651 0 0 0.5
4644 4654 3.422718218 0.05454356057 0.5
4644 4665 3.398529094 0.05296225071 0.5
4644 4669 0 0 0.5
4645 4648 3.328062499 0.05454356057 0.5
4645 4649 2.979093822 0.02291287847 0.5
4645 4650 2.979093822 0.02291287847 0.5
4645 4655 3.422718218 0.05454356057 0.5
4645 4662 3.422718218 0.05454356057 0.5
4645 4664 3.422718218 0.05454356057 0.5
4646 4654 3.422718218 0.05454356057 0.5
4646 4663 3.422718218 0.05454356057 0.5
4646 10768 3.398529094 0.05296225071 0.5
4647 4653 3.398529094 0.05296225071 0.5
4647 10767 3.398529094 0.05296225071 0.5
4647 10769 2.958039892 0.02224859546 0.5
4647 10770 2.958039892 0.02224859546 0.5
4648 4651 0 0 0.5
4648 10766 3.328062499 0.05454356057 0.5
4648 10771 0 0 0.5
4649 4651 0 0 0.5
4649 10768 2.958039892 0.02224859546 0.5
4650 4651 0 0 0.5
4650 10768 2.958039892 0.02224859546 0.5
4651 4653 0 0 0.5
4653 4656 3.398529094 0.05296225071 0.5
4653 4660 0 0 0.5
4653 4663 3.422718218 0.05454356057 0.5
4654 4657 3.328062499 0.05454356057 0.5
4654 4658 2.979093822 0.02291287847 0.5
4654 4659 2.979093822 0.02291287847 0.5
4654 4664 3.422718218 0.05454356057 0.5
4655 4663 3.422718218 0.05454356057 0.5
4655 5354 3.398529094 0.05296225071 0.5
4656 4662 3.398529094 0.05296225071 0.5
4656 5353 3.398529094 0.05296225071 0.5
4656 5355 2.958039892 0.02224859546 0.5
4656 5356 2.958039892 0.02224859546 0.5
4657 4660 0 0 0.5
4657 5352 3.328062499 0.05454356057 0.5
4657 5357 0 0 0.5
4658 4660 0 0 0.5
4658 5354 2.958039892 0.02224859546 0.5
4659 4660 0 0 0.5
4659 5354 2.958039892 0.02224859546 0.5
4660 4662 0 0 0.5
4662 4665 3.398529094 0.05296225071 0.5
4662 4669 0 0 0.5
4663 4666 3.328062499 0.05454356057 0.5
4663 4667 2.979093822 0.02291287847 0.5
4663 4668 2.979093822 0.02291287847 0.5
4664 10492 3.398529094 0.05296225071 0.5
4665 10491 3.398529094 0.05296225071 0.5
4665 10493 2.958039892 0.02224859546 0.5
4665 10494 2.958039892 0.02224859546 0.5
4666 4669 0 0 0.5
4666 10490 3.328062499 0.05454356057 0.5
4666 10495 0 0 0.5
4667 4669 0 0 0.5
4667 10492 2.958039892 0.02224859546 0.5
4668 4669 0 0 0.5
4668 10492 2.958039892 0.02224859546 0.5
4671 4674 3.398529094 0.05296225071 0.5
4671 4678 0 0 0.5
4671 4681 3.422718218 0.05454356057 0.5
4671 4692 3.398529094 0.05296225071 0.5
4671 4695 0 0 0.5
4672 4675 3.328062499 0.05454356057 0.5
4672 4676 2.979093822 0.02291287847 0.5
4672 4677 2.979093822 0.02291287847 0.5
4672 4682 3.422718218 0.05454356057 0.5
4672 4689 3.422718218 0.05454356057 0.5
4672 4691 3.422718218 0.05454356057 0.5
4673 4681 3.422718218 0.05454356057 0.5
4673 4690 3.422718218 0.05454356057 0.5
4673 11543 3.398529094 0.05296225071 0.5
4674 4680 3.398529094 0.05296225071 0.5
4674 11542 3.398529094 0.05296225071 0.5
4674 11544 2.958039892 0.02224859546 0.5
4674 11545 2.958039892 0.02224859546 0.5
4675 4678 0 0 0.5
4675 11541 3.328062499 0.05454356057 0.5
4675 11546 0 0 0.5
4676 4678 0 0 0.5
4676 11543 2.958039892 0.02224859546 0.5
4677 4678 0 0 0.5
4677 11543 2.958039892 0.02224859546 0.5
4678 4680 0 0 0.5
4680 4683 3.398529094 0.05296225071 0.5
4680 4687 0 0 0.5
4680 4690 3.422718218 0.05454356057 0.5
4681 4684 3.328062499 0.05454356057 0.5
4681 4685 2.979093822 0.02291287847 0.5
4681 4686 2.979093822 0.02291287847 0.5
4681 4691 3.422718218 0.05454356057 0.5
4682 4690 3.422718218 0.05454356057 0.5
4682 10593 3.398529094 0.05296225071 0.5
4683 4689 3.398529094 0.05296225071 0.5
4683 10592 3.398529094 0.05296225071 0.5
4683 10594 2.958039892 0.02224859546 0.5
4683 10595 2.958039892 0.02224859546 0.5
4684 4687 0 0 0.5
4684 10591 3.328062499 0.05454356057 0.5
4684 10596 0 0 0.5
4685 4687 0 0 0.5
4685 10593 2.958039892 0.02224859546 0.5
4686 4687 0 0 0.5
4686 10593 2.958039892 0.02224859546 0.5
4687 4689 0 0 0.5
4689 4692 3.398529094 0.05296225071 0.5
4689 4695 0 0 0.5
4690 4693 2.979093822 0.02291287847 0.5
4690 4694 2.979093822 0.02291287847 0.5
4693 4695 0 0 0.5
4694 4695 0 0 0.5
4697 4700 3.398529094 0.05296225071 0.5
4697 4704 0 0 0.5
4697 4707 3.422718218 0.05454356057 0.5
4697 4717 3.398529094 0.05296225071 0.5
4697 4721 0 0 0.5
4698 4701 3.328062499 0.05454356057 0.5
4698 4702 2.979093822 0.02291287847 0.5
4698 4703 2.979093822 0.02291287847 0.5
4698 4708 3.422718218 0.05454356057 0.5
4698 4714 3.422718218 0.05454356057 0.5
4698 4716 3.422718218 0.05454356057 0.5
4699 4707 3.422718218 0.05454356057 0.5
4699 4715 3.422718218 0.05454356057 0.5
4699 11352 3.398529094 0.05296225071 0.5
4700 4706 3.398529094 0.05296225071 0.5
4700 11351 3.398529094 0.05296225071 0.5
4700 11353 2.958039892 0.02224859546 0.5
4700 11354 2.958039892 0.02224859546 0.5
4701 4704 0 0 0.5
4701 11350 3.328062499 0.05454356057 0.5
4701 11355 0 0 0.5
4702 4704 0 0 0.5
4702 11352 2.958039892 0.02224859546 0.5
4703 4704 0 0 0.5
4703 11352 2.958039892 0.02224859546 0.5
4704 4706 0 0 0.5
4706 4709 3.398529094 0.05296225071 0.5
4706 4712 0 0 0.5
4706 4715 3.422718218 0.05454356057 0.5
4707 4710 2.979093822 0.02291287847 0.5
4707 4711 2.979093822 0.02291287847 0.5
4707 4716 3.422718218 0.05454356057 0.5
4708 4715 3.422718218 0.05454356057 0.5
4709 4714 3.398529094 0.05296225071 0.5
4710 4712 0 0 0.5
4711 4712 0 0 0.5
4712 4714 0 0 0.5
4714 4717 3.398529094 0.05296225071 0.5
4714 4721 0 0 0.5
4715 4718 3.328062499 0.05454356057 0.5
4715 4719 2.979093822 0.02291287847 0.5
4715 4720 2.979093822 0.02291287847 0.5
4716 4842 3.398529094 0.05296225071 0.5
4717 4841 3.398529094 0.05296225071 0.5
4717 4843 2.958039892 0.02224859546 0.5
4717 4844 2.958039892 0.02224859546 0.5
4718 4721 0 0 0.5
4718 4840 3.328062499 0.05454356057 0.5
4718 4845 0 0 0.5
4719 4721 0 0 0.5
4719 4842 2.958039892 0.02224859546 0.5
4720 4721 0 0 0.5
4720 4842 2.958039892 0.02224859546 0.5
4723 4726 3.398529094 0.05296225071 0.5
4723 4730 0 0 0.5
4723 4733 3.422718218 0.05454356057 0.5
4723 4744 3.398529094 0.05296225071 0.5
4723 4749 0 0 0.5
4724 4727 3.328062499 0.05454356057 0.5
4724 4728 2.979093822 0.02291287847 0.5
4724 4729 2.979093822 0.02291287847 0.5
4724 4734 3.422718218 0.05454356057 0.5
4724 4741 3.422718218 0.05454356057 0.5
4724 4743 3.422718218 0.05454356057 0.5
4725 4733 3.422718218 0.05454356057 0.5
4725 4742 3.422718218 0.05454356057 0.5
4725 8591 3.398529094 0.05296225071 0.5
4726 4732 3.398529094 0.05296225071 0.5
4726 8590 3.398529094 0.05296225071 0.5
4726 8592 2.958039892 0.02224859546 0.5
4726 8593 2.958039892 0.02224859546 0.5
4727 4730 0 0 0.5
4727 8589 3.328062499 0.05454356057 0.5
4727 8594 0 0 0.5
4728 4730 0 0 0.5
4728 8591 2.958039892 0.02224859546 0.5
4729 4730 0 0 0.5
4729 8591 2.958039892 0.02224859546 0.5
4730 4732 0 0 0.5
4732 4735 3.398529094 0.05296225071 0.5
4732 4739 0 0 0.5
4732 4742 3.422718218 0.05454356057 0.5
4733 4736 3.328062499 0.05454356057 0.5
4733 4737 2.979093822 0.02291287847 0.5
4733 4738 2.979093822 0.02291287847 0.5
4733 4743 3.422718218 0.05454356057 0.5
4734 4742 3.422718218 0.05454356057 0.5
4734 7117 3.398529094 0.05296225071 0.5
4735 4741 3.398529094 0.05296225071 0.5
4735 7116 3.398529094 0.05296225071 0.5
4735 7118 2.958039892 0.02224859546 0.5
4735 7119 2.958039892 0.02224859546 0.5
4736 4739 0 0 0.5
4736 7115 3.328062499 0.05454356057 0.5
4736 7120 0 0 0.5
4737 4739 0 0 0.5
4737 7117 2.958039892 0.02224859546 0.5
4738 4739 0 0 0.5
4738 7117 2.958039892 0.02224859546 0.5
4739 4741 0 0 0.5
4741 4744 3.398529094 0.05296225071 0.5
4741 4749 0 0 0.5
4742 4745 3.328062499 0.05454356057 0.5
4742 4747 2.979093822 0.02291287847 0.5
4742 4748 2.979093822 0.02291287847 0.5
4743 4746 0 0 0.5
4745 4749 0 0 0.5
4746 4747 0 0 0.5
4746 4748 0 0 0.5
4747 4749 0 0 0.5
4748 4749 0 0 0.5
4751 4754 3.398529094 0.05296225071 0.5
4751 4758 0 0 0.5
4751 4761 3.422718218 0.05454356057 0.5
4751 4772 3.398529094 0.05296225071 0.5
4751 4776 0 0 0.5
4752 4755 3.328062499 0.05454356057 0.5
4752 4756 2.979093822 0.02291287847 0.5
4752 4757 2.979093822 0.02291287847 0.5
4752 4762 3.422718218 0.05454356057 0.5
4752 4769 3.422718218 0.05454356057 0.5
4752 4771 3.422718218 0.05454356057 0.5
4753 4761 3.422718218 0.05454356057 0.5
4753 4770 3.422718218 0.05454356057 0.5
4753 5311 3.398529094 0.05296225071 0.5
4754 4760 3.398529094 0.05296225071 0.5
4754 5310 3.398529094 0.05296225071 0.5
4754 5312 2.958039892 0.02224859546 0.5
4754 5313 2.958039892 0.02224859546 0.5
4755 4758 0 0 0.5
4755 5309 3.328062499 0.05454356057 0.5
4755 5314 0 0 0.5
4756 4758 0 0 0.5
4756 5311 2.958039892 0.02224859546 0.5
4757 4758 0 0 0.5
4757 5311 2.958039892 0.02224859546 0.5
4758 4760 0 0 0.5
4760 4763 3.398529094 0.05296225071 0.5
4760 4767 0 0 0.5
4760 4770 3.422718218 0.05454356057 0.5
4761 4764 3.328062499 0.05454356057 0.5
4761 4765 2.979093822 0.02291287847 0.5
4761 4766 2.979093822 0.02291287847 0.5
4761 4771 3.422718218 0.05454356057 0.5
4762 4770 3.422718218 0.05454356057 0.5
4762 5061 3.398529094 0.05296225071 0.5
4763 4769 3.398529094 0.05296225071 0.5
4763 5060 3.398529094 0.05296225071 0.5
4763 5062 2.958039892 0.02224859546 0.5
4763 5063 2.958039892 0.02224859546 0.5
4764 4767 0 0 0.5
4764 5059 3.328062499 0.05454356057 0.5
4764 5064 0 0 0.5
4765 4767 0 0 0.5
4765 5061 2.958039892 0.02224859546 0.5
4766 4767 0 0 0.5
4766 5061 2.958039892 0.02224859546 0.5
4767 4769 0 0 0.5
4769 4772 3.398529094 0.05296225071 0.5
4769 4776 0 0 0.5
4770 4773 3.328062499 0.05454356057 0.5
4770 4774 2.979093822 0.02291287847 0.5
4770 4775 2.979093822 0.02291287847 0.5
4771 7142 3.398529094 0.05296225071 0.5
4772 7141 3.398529094 0.05296225071 0.5
4772 7143 2.958039892 0.02224859546 0.5
4772 7144 2.958039892 0.02224859546 0.5
4773 4776 0 0 0.5
4773 7140 3.328062499 0.05454356057 0.5
4773 7145 0 0 0.5
4774 4776 0 0 0.5
4774 7142 2.958039892 0.02224859546 0.5
4775 4776 0 0 0.5
4775 7142 2.958039892 0.02224859546 0.5
4778 4781 3.398529094 0.05296225071 0.5
4778 4785 0 0 0.5
4778 4788 3.422718218 0.05454356057 0.5
4778 4799 3.398529094 0.05296225071 0.5
4778 4802 0 0 0.5
4779 4782 3.328062499 0.05454356057 0.5
4779 4783 2.979093822 0.02291287847 0.5
4779 4784 2.979093822 0.02291287847 0.5
4779 4789 3.422718218 0.05454356057 0.5
4779 4796 3.422718218 0.05454356057 0.5
4779 4798 3.422718218 0.05454356057 0.5
4780 4788 3.422718218 0.05454356057 0.5
4780 4797 3.422718218 0.05454356057 0.5
4780 11491 3.398529094 0.05296225071 0.5
4781 4787 3.398529094 0.05296225071 0.5
4781 11490 3.398529094 0.05296225071 0.5
4781 11492 2.958039892 0.02224859546 0.5
4781 11493 2.958039892 0.02224859546 0.5
4782 4785 0 0 0.5
4782 11489 3.328062499 0.05454356057 0.5
4782 11494 0 0 0.5
4783 4785 0 0 0.5
4783 11491 2.958039892 0.02224859546 0.5
4784 4785 0 0 0.5
4784 11491 2.958039892 0.02224859546 0.5
4785 4787 0 0 0.5
4787 4790 3.398529094 0.05296225071 0.5
4787 4794 0 0 0.5
4787 4797 3.422718218 0.05454356057 0.5
4788 4791 3.328062499 0.05454356057 0.5
4788 4792 2.979093822 0.02291287847 0.5
4788 4793 2.979093822 0.02291287847 0.5
4788 4798 3.422718218 0.05454356057 0.5
4789 4797 3.422718218 0.05454356057 0.5
4789 10425 3.398529094 0.05296225071 0.5
4790 4796 3.398529094 0.05296225071 0.5
4790 10424 3.398529094 0.05296225071 0.5
4790 10426 2.958039892 0.02224859546 0.5
4790 10427 2.958039892 0.02224859546 0.5
4791 4794 0 0 0.5
4791 10423 3.328062499 0.05454356057 0.5
4791 10428 0 0 0.5
4792 4794 0 0 0.5
4792 10425 2.958039892 0.02224859546 0.5
4793 4794 0 0 0.5
4793 10425 2.958039892 0.02224859546 0.5
4794 4796 0 0 0.5
4796 4799 3.398529094 0.05296225071 0.5
4796 4802 0 0 0.5
4797 4800 2.979093822 0.02291287847 0.5
4797 4801 2.979093822 0.02291287847 0.5
4800 4802 0 0 0.5
4801 4802 0 0 0.5
4804 4807 3.398529094 0.05296225071 0.5
4804 4811 0 0 0.5
4804 4814 3.422718218 0.05454356057 0.5
4804 4825 3.398529094 0.05296225071 0.5
4804 4829 0 0 0.5
4805 4808 3.328062499 0.05454356057 0.5
4805 4809 2.979093822 0.02291287847 0.5
4805 4810 2.979093822 0.02291287847 0.5
4805 4815 3.422718218 0.05454356057 0.5
4805 4822 3.422718218 0.05454356057 0.5
4805 4824 3.422718218 0.05454356057 0.5
4806 4814 3.422718218 0.05454356057 0.5
4806 4823 3.422718218 0.05454356057 0.5
4806 12468 3.398529094 0.05296225071 0.5
4807 4813 3.398529094 0.05296225071 0.5
4807 12467 3.398529094 0.05296225071 0.5
4807 12469 2.958039892 0.02224859546 0.5
4807 12470 2.958039892 0.02224859546 0.5
4808 4811 0 0 0.5
4808 12466 3.328062499 0.05454356057 0.5
4808 12471 0 0 0.5
4809 4811 0 0 0.5
4809 12468 2.958039892 0.02224859546 0.5
4810 4811 0 0 0.5
4810 12468 2.958039892 0.02224859546 0.5
4811 4813 0 0 0.5
4813 4816 3.398529094 0.05296225071 0.5
4813 4820 0 0 0.5
4813 4823 3.422718218 0.05454356057 0.5
4814 4817 3.328062499 0.05454356057 0.5
4814 4818 2.979093822 0.02291287847 0.5
4814 4819 2.979093822 0.02291287847 0.5
4814 4824 3.422718218 0.05454356057 0.5
4815 4823 3.422718218 0.05454356057 0.5
4815 8262 3.398529094 0.05296225071 0.5
4816 4822 3.398529094 0.05296225071 0.5
4816 8261 3.398529094 0.05296225071 0.5
4816 8263 2.958039892 0.02224859546 0.5
4816 8264 2.958039892 0.02224859546 0.5
4817 4820 0 0 0.5
4817 8260 3.328062499 0.05454356057 0.5
4817 8265 0 0 0.5
4818 4820 0 0 0.5
4818 8262 2.958039892 0.02224859546 0.5
4819 4820 0 0 0.5
4819 8262 2.958039892 0.02224859546 0.5
4820 4822 0 0 0.5
4822 4825 3.398529094 0.05296225071 0.5
4822 4829 0 0 0.5
4823 4826 3.328062499 0.05454356057 0.5
4823 4827 2.979093822 0.02291287847 0.5
4823 4828 2.979093822 0.02291287847 0.5
4824 9200 3.398529094 0.05296225071 0.5
4825 9199 3.398529094 0.05296225071 0.5
4825 9201 2.958039892 0.02224859546 0.5
4825 9202 2.958039892 0.02224859546 0.5
4826 4829 0 0 0.5
4826 9198 3.328062499 0.05454356057 0.5
4826 9203 0 0 0.5
4827 4829 0 0 0.5
4827 9200 2.958039892 0.02224859546 0.5
4828 4829 0 0 0.5
4828 9200 2.958039892 0.02224859546 0.5
4831 4834 3.398529094 0.05296225071 0.5
4831 4837 0 0 0.5
4831 4840 3.422718218 0.05454356057 0.5
4831 4850 3.398529094 0.05296225071 0.5
4831 4854 0 0 0.5
4832 4835 2.979093822 0.02291287847 0.5
4832 4836 2.979093822 0.02291287847 0.5
4832 4841 3.422718218 0.05454356057 0.5
4832 4847 3.422718218 0.05454356057 0.5
4832 4849 3.422718218 0.05454356057 0.5
4833 4840 3.422718218 0.05454356057 0.5
4833 4848 3.422718218 0.05454356057 0.5
4834 4839 3.398529094 0.05296225071 0.5
4835 4837 0 0 0.5
4836 4837 0 0 0.5
4837 4839 0 0 0.5
4839 4842 3.398529094 0.05296225071 0.5
4839 4845 0 0 0.5
4839 4848 3.422718218 0.05454356057 0.5
4840 4843 2.979093822 0.02291287847 0.5
4840 4844 2.979093822 0.02291287847 0.5
4840 4849 3.422718218 0.05454356057 0.5
4841 4848 3.422718218 0.05454356057 0.5
4842 4847 3.398529094 0.05296225071 0.5
4843 4845 0 0 0.5
4844 4845 0 0 0.5
4845 4847 0 0 0.5
4847 4850 3.398529094 0.05296225071 0.5
4847 4854 0 0 0.5
4848 4851 3.328062499 0.05454356057 0.5
4848 4852 2.979093822 0.02291287847 0.5
4848 4853 2.979093822 0.02291287847 0.5
4849 7435 3.398529094 0.05296225071 0.5
4850 7434 3.398529094 0.05296225071 0.5
4850 7436 2.958039892 0.02224859546 0.5
4850 7437 2.958039892 0.02224859546 0.5
4851 4854 0 0 0.5
4851 7433 3.328062499 0.05454356057 0.5
4851 7438 0 0 0.5
4852 4854 0 0 0.5
4852 7435 2.958039892 0.02224859546 0.5
4853 4854 0 0 0.5
4853 7435 2.958039892 0.02224859546 0.5
4856 4859 3.398529094 0.05296225071 0.5
4856 4863 0 0 0.5
4856 4866 3.422718218 0.05454356057 0.5
4856 4876 3.398529094 0.05296225071 0.5
4856 4880 0 0 0.5
4857 4860 3.328062499 0.05454356057 0.5
4857 4861 2.979093822 0.02291287847 0.5
4857 4862 2.979093822 0.02291287847 0.5
4857 4867 3.422718218 0.05454356057 0.5
4857 4873 3.422718218 0.05454356057 0.5
4857 4875 3.422718218 0.05454356057 0.5
4858 4866 3.422718218 0.05454356057 0.5
4858 4874 3.422718218 0.05454356057 0.5
4858 8990 3.398529094 0.05296225071 0.5
4859 4865 3.398529094 0.05296225071 0.5
4859 8989 3.398529094 0.05296225071 0.5
4859 8991 2.958039892 0.02224859546 0.5
4859 8992 2.958039892 0.02224859546 0.5
4860 4863 0 0 0.5
4860 8988 3.328062499 0.05454356057 0.5
4860 8993 0 0 0.5
4861 4863 0 0 0.5
4861 8990 2.958039892 0.02224859546 0.5
4862 4863 0 0 0.5
4862 8990 2.958039892 0.02224859546 0.5
4863 4865 0 0 0.5
4865 4868 3.398529094 0.05296225071 0.5
4865 4871 0 0 0.5
4865 4874 3.422718218 0.05454356057 0.5
4866 4869 2.979093822 0.02291287847 0.5
4866 4870 2.979093822 0.02291287847 0.5
4866 4875 3.422718218 0.05454356057 0.5
4867 4874 3.422718218 0.05454356057 0.5
4868 4873 3.398529094 0.05296225071 0.5
4869 4871 0 0 0.5
4870 4871 0 0 0.5
4871 4873 0 0 0.5
4873 4876 3.398529094 0.05296225071 0.5
4873 4880 0 0 0.5
4874 4877 3.328062499 0.05454356057 0.5
4874 4878 2.979093822 0.02291287847 0.5
4874 4879 2.979093822 0.02291287847 0.5
4875 7081 3.398529094 0.05296225071 0.5
4876 7080 3.398529094 0.05296225071 0.5
4876 7082 2.958039892 0.02224859546 0.5
4876 7083 2.958039892 0.02224859546 0.5
4877 4880 0 0 0.5
4877 7079 3.328062499 0.05454356057 0.5
4877 7084 0 0 0.5
4878 4880 0 0 0.5
4878 7081 2.958039892 0.02224859546 0.5
4879 4880 0 0 0.5
4879 7081 2.958039892 0.02224859546 0.5
4882 4885 3.398529094 0.05296225071 0.5
4882 4889 0 0 0.5
4882 4892 3.422718218 0.05454356057 0.5
4882 4903 3.398529094 0.05296225071 0.5
4882 4907 0 0 0.5
4883 4886 3.328062499 0.05454356057 0.5
4883 4887 2.979093822 0.02291287847 0.5
4883 4888 2.979093822 0.02291287847 0.5
4883 4893 3.422718218 0.05454356057 0.5
4883 4900 3.422718218 0.05454356057 0.5
4883 4902 3.422718218 0.05454356057 0.5
4884 4892 3.422718218 0.05454356057 0.5
4884 4901 3.422718218 0.05454356057 0.5
4884 6850 3.398529094 0.05296225071 0.5
4885 4891 3.398529094 0.05296225071 0.5
4885 6849 3.398529094 0.05296225071 0.5
4885 6851 2.958039892 0.02224859546 0.5
4885 6852 2.958039892 0.02224859546 0.5
4886 4889 0 0 0.5
4886 6848 3.328062499 0.05454356057 0.5
4886 6853 0 0 0.5
4887 4889 0 0 0.5
4887 6850 2.958039892 0.02224859546 0.5
4888 4889 0 0 0.5
4888 6850 2.958039892 0.02224859546 0.5
4889 4891 0 0 0.5
4891 4894 3.398529094 0.05296225071 0.5
4891 4898 0 0 0.5
4891 4901 3.422718218 0.05454356057 0.5
4892 4895 3.328062499 0.05454356057 0.5
4892 4896 2.979093822 0.02291287847 0.5
4892 4897 2.979093822 0.02291287847 0.5
4892 4902 3.422718218 0.05454356057 0.5
4893 4901 3.422718218 0.05454356057 0.5
4893 6901 3.398529094 0.05296225071 0.5
4894 4900 3.398529094 0.05296225071 0.5
4894 6900 3.398529094 0.05296225071 0.5
4894 6902 2.958039892 0.02224859546 0.5
4894 6903 2.958039892 0.02224859546 0.5
4895 4898 0 0 0.5
4895 6899 3.328062499 0.05454356057 0.5
4895 6904 0 0 0.5
4896 4898 0 0 0.5
4896 6901 2.958039892 0.02224859546 0.5
4897 4898 0 0 0.5
4897 6901 2.958039892 0.02224859546 0.5
4898 4900 0 0 0.5
4900 4903 3.398529094 0.05296225071 0.5
4900 4907 0 0 0.5
4901 4904 3.328062499 0.05454356057 0.5
4901 4905 2.979093822 0.02291287847 0.5
4901 4906 2.979093822 0.02291287847 0.5
4902 5833 3.398529094 0.05296225071 0.5
4903 5832 3.398529094 0.05296225071 0.5
4903 5834 2.958039892 0.02224859546 0.5
4903 5835 2.958039892 0.02224859546 0.5
4904 4907 0 0 0.5
4904 5831 3.328062499 0.05454356057 0.5
4904 5836 0 0 0.5
4905 4907 0 0 0.5
4905 5833 2.958039892 0.02224859546 0.5
4906 4907 0 0 0.5
4906 5833 2.958039892 0.02224859546 0.5
4909 4912 3.398529094 0.05296225071 0.5
4909 4915 0 0 0.5
4909 4918 3.422718218 0.05454356057 0.5
4909 4928 3.398529094 0.05296225071 0.5
4909 4932 0 0 0.5
4910 4913 2.979093822 0.02291287847 0.5
4910 4914 2.979093822 0.02291287847 0.5
4910 4919 3.422718218 0.05454356057 0.5
4910 4925 3.422718218 0.05454356057 0.5
4910 4927 3.422718218 0.05454356057 0.5
4911 4918 3.422718218 0.05454356057 0.5
4911 4926 3.422718218 0.05454356057 0.5
4912 4917 3.398529094 0.05296225071 0.5
4913 4915 0 0 0.5
4914 4915 0 0 0.5
4915 4917 0 0 0.5
4917 4920 3.398529094 0.05296225071 0.5
4917 4923 0 0 0.5
4917 4926 3.422718218 0.05454356057 0.5
4918 4921 2.979093822 0.02291287847 0.5
4918 4922 2.979093822 0.02291287847 0.5
4918 4927 3.422718218 0.05454356057 0.5
4919 4926 3.422718218 0.05454356057 0.5
4920 4925 3.398529094 0.05296225071 0.5
4921 4923 0 0 0.5
4922 4923 0 0 0.5
4923 4925 0 0 0.5
4925 4928 3.398529094 0.05296225071 0.5
4925 4932 0 0 0.5
4926 4929 3.328062499 0.05454356057 0.5
4926 4930 2.979093822 0.02291287847 0.5
4926 4931 2.979093822 0.02291287847 0.5
4927 6280 3.398529094 0.05296225071 0.5
4928 6279 3.398529094 0.05296225071 0.5
4928 6281 2.958039892 0.02224859546 0.5
4928 6282 2.958039892 0.02224859546 0.5
4929 4932 0 0 0.5
4929 6278 3.328062499 0.05454356057 0.5
4929 6283 0 0 0.5
4930 4932 0 0 0.5
4930 6280 2.958039892 0.02224859546 0.5
4931 4932 0 0 0.5
4931 6280 2.958039892 0.02224859546 0.5
4934 4937 3.398529094 0.05296225071 0.5
4934 4941 0 0 0.5
4934 4944 3.422718218 0.05454356057 0.5
4934 4956 3.398529094 0.05296225071 0.5
4934 4959 0 0 0.5
4935 4938 3.328062499 0.05454356057 0.5
4935 4939 2.979093822 0.02291287847 0.5
4935 4940 2.979093822 0.02291287847 0.5
4935 4945 3.422718218 0.05454356057 0.5
4935 4953 3.422718218 0.05454356057 0.5
4935 4955 3.422718218 0.05454356057 0.5
4936 4944 3.422718218 0.05454356057 0.5
4936 4954 3.422718218 0.05454356057 0.5
4936 7211 3.398529094 0.05296225071 0.5
4937 4943 3.398529094 0.05296225071 0.5
4937 7210 3.398529094 0.05296225071 0.5
4937 7212 2.958039892 0.02224859546 0.5
4937 7213 2.958039892 0.02224859546 0.5
4938 4941 0 0 0.5
4938 7209 3.328062499 0.05454356057 0.5
4938 7214 0 0 0.5
4939 4941 0 0 0.5
4939 7211 2.958039892 0.02224859546 0.5
4940 4941 0 0 0.5
4940 7211 2.958039892 0.02224859546 0.5
4941 4943 0 0 0.5
4943 4946 3.398529094 0.05296225071 0.5
4943 4951 0 0 0.5
4943 4954 3.422718218 0.05454356057 0.5
4944 4947 3.328062499 0.05454356057 0.5
4944 4949 2.979093822 0.02291287847 0.5
4944 4950 2.979093822 0.02291287847 0.5
4944 4955 3.422718218 0.05454356057 0.5
4945 4948 0 0 0.5
4945 4954 3.422718218 0.05454356057 0.5
4946 4953 3.398529094 0.05296225071 0.5
4947 4951 0 0 0.5
4948 4949 0 0 0.5
4948 4950 0 0 0.5
4949 4951 0 0 0.5
4950 4951 0 0 0.5
4951 4953 0 0 0.5
4953 4956 3.398529094 0.05296225071 0.5
4953 4959 0 0 0.5
4954 4957 2.979093822 0.02291287847 0.5
4954 4958 2.979093822 0.02291287847 0.5
4957 4959 0 0 0.5
4958 4959 0 0 0.5
4961 4964 3.398529094 0.05296225071 0.5
4961 4967 0 0 0.5
4961 4970 3.422718218 0.05454356057 0.5
4961 4980 3.398529094 0.05296225071 0.5
4961 4984 0 0 0.5
4962 4965 2.979093822 0.02291287847 0.5
4962 4966 2.979093822 0.02291287847 0.5
4962 4971 3.422718218 0.05454356057 0.5
4962 4977 3.422718218 0.05454356057 0.5
4962 4979 3.422718218 0.05454356057 0.5
4963 4970 3.422718218 0.05454356057 0.5
4963 4978 3.422718218 0.05454356057 0.5
4964 4969 3.398529094 0.05296225071 0.5
4965 4967 0 0 0.5
4966 4967 0 0 0.5
4967 4969 0 0 0.5
4969 4972 3.398529094 0.05296225071 0.5
4969 4975 0 0 0.5
4969 4978 3.422718218 0.05454356057 0.5
4970 4973 2.979093822 0.02291287847 0.5
4970 4974 2.979093822 0.02291287847 0.5
4970 4979 3.422718218 0.05454356057 0.5
4971 4978 3.422718218 0.05454356057 0.5
4972 4977 3.398529094 0.05296225071 0.5
4973 4975 0 0 0.5
4974 4975 0 0 0.5
4975 4977 0 0 0.5
4977 4980 3.398529094 0.05296225071 0.5
4977 4984 0 0 0.5
4978 4981 3.328062499 0.05454356057 0.5
4978 4982 2.979093822 0.02291287847 0.5
4978 4983 2.979093822 0.02291287847 0.5
4979 12756 3.398529094 0.05296225071 0.5
4980 12755 3.398529094 0.05296225071 0.5
4980 12757 2.958039892 0.02224859546 0.5
4980 12758 2.958039892 0.02224859546 0.5
4981 4984 0 0 0.5
4981 12754 3.328062499 0.05454356057 0.5
4981 12759 0 0 0.5
4982 4984 0 0 0.5
4982 12756 2.958039892 0.02224859546 0.5
4983 4984 0 0 0.5
4983 12756 2.958039892 0.02224859546 0.5
4986 4989 3.398529094 0.05296225071 0.5
4986 4993 0 0 0.5
4986 4996 3.422718218 0.05454356057 0.5
4986 5007 3.398529094 0.05296225071 0.5
4986 5012 0 0 0.5
4987 4990 3.328062499 0.05454356057 0.5
4987 4991 2.979093822 0.02291287847 0.5
4987 4992 2.979093822 0.02291287847 0.5
4987 4997 3.422718218 0.05454356057 0.5
4987 5004 3.422718218 0.05454356057 0.5
4987 5006 3.422718218 0.05454356057 0.5
4988 4996 3.422718218 0.05454356057 0.5
4988 5005 3.422718218 0.05454356057 0.5
4988 6198 3.398529094 0.05296225071 0.5
4989 4995 3.398529094 0.05296225071 0.5
4989 6197 3.398529094 0.05296225071 0.5
4989 6199 2.958039892 0.02224859546 0.5
4989 6200 2.958039892 0.02224859546 0.5
4990 4993 0 0 0.5
4990 6196 3.328062499 0.05454356057 0.5
4990 6201 0 0 0.5
4991 4993 0 0 0.5
4991 6198 2.958039892 0.02224859546 0.5
4992 4993 0 0 0.5
4992 6198 2.958039892 0.02224859546 0.5
4993 4995 0 0 0.5
4995 4998 3.398529094 0.05296225071 0.5
4995 5002 0 0 0.5
4995 5005 3.422718218 0.05454356057 0.5
4996 4999 3.328062499 0.05454356057 0.5
4996 5000 2.979093822 0.02291287847 0.5
4996 5001 2.979093822 0.02291287847 0.5
4996 5006 3.422718218 0.05454356057 0.5
4997 5005 3.422718218 0.05454356057 0.5
4997 5415 3.398529094 0.05296225071 0.5
4998 5004 3.398529094 0.05296225071 0.5
4998 5414 3.398529094 0.05296225071 0.5
4998 5416 2.958039892 0.02224859546 0.5
4998 5417 2.958039892 0.02224859546 0.5
4999 5002 0 0 0.5
4999 5413 3.328062499 0.05454356057 0.5
4999 5418 0 0 0.5
5000 5002 0 0 0.5
5000 5415 2.958039892 0.02224859546 0.5
5001 5002 0 0 0.5
5001 5415 2.958039892 0.02224859546 0.5
5002 5004 0 0 0.5
5004 5007 3.398529094 0.05296225071 0.5
5004 5012 0 0 0.5
5005 5008 3.328062499 0.05454356057 0.5
5005 5010 2.979093822 0.02291287847 0.5
5005 5011 2.979093822 0.02291287847 0.5
5006 5009 0 0 0.5
5008 5012 0 0 0.5
5009 5010 0 0 0.5
5009 5011 0 0 0.5
5010 5012 0 0 0.5
5011 5012 0 0 0.5
5014 5017 3.398529094 0.05296225071 0.5
5014 5021 0 0 0.5
5014 5024 3.422718218 0.05454356057 0.5
5014 5034 3.398529094 0.05296225071 0.5
5014 5038 0 0 0.5
5015 5018 3.328062499 0.05454356057 0.5
5015 5019 2.979093822 0.02291287847 0.5
5015 5020 2.979093822 0.02291287847 0.5
5015 5025 3.422718218 0.05454356057 0.5
5015 5031 3.422718218 0.05454356057 0.5
5015 5033 3.422718218 0.05454356057 0.5
5016 5024 3.422718218 0.05454356057 0.5
5016 5032 3.422718218 0.05454356057 0.5
5016 9978 3.398529094 0.05296225071 0.5
5017 5023 3.398529094 0.05296225071 0.5
5017 9977 3.398529094 0.05296225071 0.5
5017 9979 2.958039892 0.02224859546 0.5
5017 9980 2.958039892 0.02224859546 0.5
5018 5021 0 0 0.5
5018 9976 3.328062499 0.05454356057 0.5
5018 9981 0 0 0.5
5019 5021 0 0 0.5
5019 9978 2.958039892 0.02224859546 0.5
5020 5021 0 0 0.5
5020 9978 2.958039892 0.02224859546 0.5
5021 5023 0 0 0.5
5023 5026 3.398529094 0.05296225071 0.5
5023 5029 0 0 0.5
5023 5032 3.422718218 0.05454356057 0.5
5024 5027 2.979093822 0.02291287847 0.5
5024 5028 2.979093822 0.02291287847 0.5
5024 5033 3.422718218 0.05454356057 0.5
5025 5032 3.422718218 0.05454356057 0.5
5026 5031 3.398529094 0.05296225071 0.5
5027 5029 0 0 0.5
5028 5029 0 0 0.5
5029 5031 0 0 0.5
5031 5034 3.398529094 0.05296225071 0.5
5031 5038 0 0 0.5
5032 5035 3.328062499 0.05454356057 0.5
5032 5036 2.979093822 0.02291287847 0.5
5032 5037 2.979093822 0.02291287847 0.5
5033 10834 3.398529094 0.05296225071 0.5
5034 10833 3.398529094 0.05296225071 0.5
5034 10835 2.958039892 0.02224859546 0.5
5034 10836 2.958039892 0.02224859546 0.5
5035 5038 0 0 0.5
5035 10832 3.328062499 0.05454356057 0.5
5035 10837 0 0 0.5
5036 5038 0 0 0.5
5036 10834 2.958039892 0.02224859546 0.5
5037 5038 0 0 0.5
5037 10834 2.958039892 0.02224859546 0.5
5040 5043 3.398529094 0.05296225071 0.5
5040 5046 0 0 0.5
5040 5049 3.422718218 0.05454356057 0.5
5040 5061 3.398529094 0.05296225071 0.5
5040 5064 0 0 0.5
5041 5044 2.979093822 0.02291287847 0.5
5041 5045 2.979093822 0.02291287847 0.5
5041 5050 3.422718218 0.05454356057 0.5
5041 5058 3.422718218 0.05454356057 0.5
5041 5060 3.422718218 0.05454356057 0.5
5042 5049 3.422718218 0.05454356057 0.5
5042 5059 3.422718218 0.05454356057 0.5
5043 5048 3.398529094 0.05296225071 0.5
5044 5046 0 0 0.5
5045 5046 0 0 0.5
5046 5048 0 0 0.5
5048 5051 3.398529094 0.05296225071 0.5
5048 5056 0 0 0.5
5048 5059 3.422718218 0.05454356057 0.5
5049 5052 3.328062499 0.05454356057 0.5
5049 5054 2.979093822 0.02291287847 0.5
5049 5055 2.979093822 0.02291287847 0.5
5049 5060 3.422718218 0.05454356057 0.5
5050 5053 0 0 0.5
5050 5059 3.422718218 0.05454356057 0.5
5051 5058 3.398529094 0.05296225071 0.5
5052 5056 0 0 0.5
5053 5054 0 0 0.5
5053 5055 0 0 0.5
5054 5056 0 0 0.5
5055 5056 0 0 0.5
5056 5058 0 0 0.5
5058 5061 3.398529094 0.05296225071 0.5
5058 5064 0 0 0.5
5059 5062 2.979093822 0.02291287847 0.5
5059 5063 2.979093822 0.02291287847 0.5
5062 5064 0 0 0.5
5063 5064 0 0 0.5
5066 5069 3.398529094 0.05296225071 0.5
5066 5073 0 0 0.5
5066 5076 3.422718218 0.05454356057 0.5
5066 5087 3.398529094 0.05296225071 0.5
5066 5091 0 0 0.5
5067 5070 3.328062499 0.05454356057 0.5
5067 5071 2.979093822 0.02291287847 0.5
5067 5072 2.979093822 0.02291287847 0.5
5067 5077 3.422718218 0.05454356057 0.5
5067 5084 3.422718218 0.05454356057 0.5
5067 5086 3.422718218 0.05454356057 0.5
5068 5076 3.422718218 0.05454356057 0.5
5068 5085 3.422718218 0.05454356057 0.5
5068 7530 3.398529094 0.05296225071 0.5
5069 5075 3.398529094 0.05296225071 0.5
5069 7529 3.398529094 0.05296225071 0.5
5069 7531 2.958039892 0.02224859546 0.5
5069 7532 2.958039892 0.02224859546 0.5
5070 5073 0 0 0.5
5070 7528 3.328062499 0.05454356057 0.5
5070 7533 0 0 0.5
5071 5073 0 0 0.5
5071 7530 2.958039892 0.02224859546 0.5
5072 5073 0 0 0.5
5072 7530 2.958039892 0.02224859546 0.5
5073 5075 0 0 0.5
5075 5078 3.398529094 0.05296225071 0.5
5075 5082 0 0 0.5
5075 5085 3.422718218 0.05454356057 0.5
5076 5079 3.328062499 0.05454356057 0.5
5076 5080 2.979093822 0.02291287847 0.5
5076 5081 2.979093822 0.02291287847 0.5
5076 5086 3.422718218 0.05454356057 0.5
5077 5085 3.422718218 0.05454356057 0.5
5077 11036 3.398529094 0.05296225071 0.5
5078 5084 3.398529094 0.05296225071 0.5
5078 11035 3.398529094 0.05296225071 0.5
5078 11037 2.958039892 0.02224859546 0.5
5078 11038 2.958039892 0.02224859546 0.5
5079 5082 0 0 0.5
5079 11034 3.328062499 0.05454356057 0.5
5079 11039 0 0 0.5
5080 5082 0 0 0.5
5080 11036 2.958039892 0.02224859546 0.5
5081 5082 0 0 0.5
5081 11036 2.958039892 0.02224859546 0.5
5082 5084 0 0 0.5
5084 5087 3.398529094 0.05296225071 0.5
5084 5091 0 0 0.5
5085 5088 3.328062499 0.05454356057 0.5
5085 5089 2.979093822 0.02291287847 0.5
5085 5090 2.979093822 0.02291287847 0.5
5086 6968 3.398529094 0.05296225071 0.5
5087 6967 3.398529094 0.05296225071 0.5
5087 6969 2.958039892 0.02224859546 0.5
5087 6970 2.958039892 0.02224859546 0.5
5088 5091 0 0 0.5
5088 6966 3.328062499 0.05454356057 0.5
5088 6971 0 0 0.5
5089 5091 0 0 0.5
5089 6968 2.958039892 0.02224859546 0.5
5090 5091 0 0 0.5
5090 6968 2.958039892 0.02224859546 0.5
5093 5096 3.398529094 0.05296225071 0.5
5093 5101 0 0 0.5
5093 5104 3.422718218 0.05454356057 0.5
5093 5115 3.398529094 0.05296225071 0.5
5093 5120 0 0 0.5
5094 5097 3.328062499 0.05454356057 0.5
5094 5099 2.979093822 0.02291287847 0.5
5094 5100 2.979093822 0.02291287847 0.5
5094 5105 3.422718218 0.05454356057 0.5
5094 5112 3.422718218 0.05454356057 0.5
5094 5114 3.422718218 0.05454356057 0.5
5095 5098 0 0 0.5
5095 5104 3.422718218 0.05454356057 0.5
5095 5113 3.422718218 0.05454356057 0.5
5096 5103 3.398529094 0.05296225071 0.5
5097 5101 0 0 0.5
5098 5099 0 0 0.5
5098 5100 0 0 0.5
5099 5101 0 0 0.5
5100 5101 0 0 0.5
5101 5103 0 0 0.5
5103 5106 3.398529094 0.05296225071 0.5
5103 5110 0 0 0.5
5103 5113 3.422718218 0.05454356057 0.5
5104 5107 3.328062499 0.05454356057 0.5
5104 5108 2.979093822 0.02291287847 0.5
5104 5109 2.979093822 0.02291287847 0.5
5104 5114 3.422718218 0.05454356057 0.5
5105 5113 3.422718218 0.05454356057 0.5
5105 11551 3.398529094 0.05296225071 0.5
5106 5112 3.398529094 0.05296225071 0.5
5106 11550 3.398529094 0.05296225071 0.5
5106 11552 2.958039892 0.02224859546 0.5
5106 11553 2.958039892 0.02224859546 0.5
5107 5110 0 0 0.5
5107 11549 3.328062499 0.05454356057 0.5
5107 11554 0 0 0.5
5108 5110 0 0 0.5
5108 11551 2.958039892 0.02224859546 0.5
5109 5110 0 0 0.5
5109 11551 2.958039892 0.02224859546 0.5
5110 5112 0 0 0.5
5112 5115 3.398529094 0.05296225071 0.5
5112 5120 0 0 0.5
5113 5116 3.328062499 0.05454356057 0.5
5113 5118 2.979093822 0.02291287847 0.5
5113 5119 2.979093822 0.02291287847 0.5
5114 5117 0 0 0.5
5116 5120 0 0 0.5
5117 5118 0 0 0.5
5117 5119 0 0 0.5
5118 5120 0 0 0.5
5119 5120 0 0 0.5
5122 5125 3.398529094 0.05296225071 0.5
5122 5130 0 0 0.5
5122 5133 3.422718218 0.05454356057 0.5
5122 5144 3.398529094 0.05296225071 0.5
5122 5148 0 0 0.5
5123 5126 3.328062499 0.05454356057 0.5
5123 5128 2.979093822 0.02291287847 0.5
5123 5129 2.979093822 0.02291287847 0.5
5123 5134 3.422718218 0.05454356057 0.5
5123 5141 3.422718218 0.05454356057 0.5
5123 5143 3.422718218 0.05454356057 0.5
5124 5127 0 0 0.5
5124 5133 3.422718218 0.05454356057 0.5
5124 5142 3.422718218 0.05454356057 0.5
5125 5132 3.398529094 0.05296225071 0.5
5126 5130 0 0 0.5
5127 5128 0 0 0.5
5127 5129 0 0 0.5
5128 5130 0 0 0.5
5129 5130 0 0 0.5
5130 5132 0 0 0.5
5132 5135 3.398529094 0.05296225071 0.5
5132 5139 0 0 0.5
5132 5142 3.422718218 0.05454356057 0.5
5133 5136 3.328062499 0.05454356057 0.5
5133 5137 2.979093822 0.02291287847 0.5
5133 5138 2.979093822 0.02291287847 0.5
5133 5143 3.422718218 0.05454356057 0.5
5134 5142 3.422718218 0.05454356057 0.5
5134 7403 3.398529094 0.05296225071 0.5
5135 5141 3.398529094 0.05296225071 0.5
5135 7402 3.398529094 0.05296225071 0.5
5135 7404 2.958039892 0.02224859546 0.5
5135 7405 2.958039892 0.02224859546 0.5
5136 5139 0 0 0.5
5136 7401 3.328062499 0.05454356057 0.5
5136 7406 0 0 0.5
5137 5139 0 0 0.5
5137 7403 2.958039892 0.02224859546 0.5
5138 5139 0 0 0.5
5138 7403 2.958039892 0.02224859546 0.5
5139 5141 0 0 0.5
5141 5144 3.398529094 0.05296225071 0.5
5141 5148 0 0 0.5
5142 5145 3.328062499 0.05454356057 0.5
5142 5146 2.979093822 0.02291287847 0.5
5142 5147 2.979093822 0.02291287847 0.5
5143 6004 3.398529094 0.05296225071 0.5
5144 6003 3.398529094 0.05296225071 0.5
5144 6005 2.958039892 0.02224859546 0.5
5144 6006 2.958039892 0.02224859546 0.5
5145 5148 0 0 0.5
5145 6002 3.328062499 0.05454356057 0.5
5145 6007 0 0 0.5
5146 5148 0 0 0.5
5146 6004 2.958039892 0.02224859546 0.5
5147 5148 0 0 0.5
5147 6004 2.958039892 0.02224859546 0.5
5150 5153 3.398529094 0.05296225071 0.5
5150 5156 0 0 0.5
5150 5159 3.422718218 0.05454356057 0.5
5150 5170 3.398529094 0.05296225071 0.5
5150 5174 0 0 0.5
5151 5154 2.979093822 0.02291287847 0.5
5151 5155 2.979093822 0.02291287847 0.5
5151 5160 3.422718218 0.05454356057 0.5
5151 5167 3.422718218 0.05454356057 0.5
5151 5169 3.422718218 0.05454356057 0.5
5152 5159 3.422718218 0.05454356057 0.5
5152 5168 3.422718218 0.05454356057 0.5
5153 5158 3.398529094 0.05296225071 0.5
5154 5156 0 0 0.5
5155 5156 0 0 0.5
5156 5158 0 0 0.5
5158 5161 3.398529094 0.05296225071 0.5
5158 5165 0 0 0.5
5158 5168 3.422718218 0.05454356057 0.5
5159 5162 3.328062499 0.05454356057 0.5
5159 5163 2.979093822 0.02291287847 0.5
5159 5164 2.979093822 0.02291287847 0.5
5159 5169 3.422718218 0.05454356057 0.5
5160 5168 3.422718218 0.05454356057 0.5
5160 9904 3.398529094 0.05296225071 0.5
5161 5167 3.398529094 0.05296225071 0.5
5161 9903 3.398529094 0.05296225071 0.5
5161 9905 2.958039892 0.02224859546 0.5
5161 9906 2.958039892 0.02224859546 0.5
5162 5165 0 0 0.5
5162 9902 3.328062499 0.05454356057 0.5
5162 9907 0 0 0.5
5163 5165 0 0 0.5
5163 9904 2.958039892 0.02224859546 0.5
5164 5165 0 0 0.5
5164 9904 2.958039892 0.02224859546 0.5
5165 5167 0 0 0.5
5167 5170 3.398529094 0.05296225071 0.5
5167 5174 0 0 0.5
5168 5171 3.328062499 0.05454356057 0.5
5168 5172 2.979093822 0.02291287847 0.5
5168 5173 2.979093822 0.02291287847 0.5
5169 6406 3.398529094 0.05296225071 0.5
5170 6405 3.398529094 0.05296225071 0.5
5170 6407 2.958039892 0.02224859546 0.5
5170 6408 2.958039892 0.02224859546 0.5
5171 5174 0 0 0.5
5171 6404 3.328062499 0.05454356057 0.5
5171 6409 0 0 0.5
5172 5174 0 0 0.5
5172 6406 2.958039892 0.02224859546 0.5
5173 5174 0 0 0.5
5173 6406 2.958039892 0.02224859546 0.5
5176 5179 3.398529094 0.05296225071 0.5
5176 5182 0 0 0.5
5176 5185 3.422718218 0.05454356057 0.5
5176 5196 3.398529094 0.05296225071 0.5
5176 5200 0 0 0.5
5177 5180 2.979093822 0.02291287847 0.5
5177 5181 2.979093822 0.02291287847 0.5
5177 5186 3.422718218 0.05454356057 0.5
5177 5193 3.422718218 0.05454356057 0.5
5177 5195 3.422718218 0.05454356057 0.5
5178 5185 3.422718218 0.05454356057 0.5
5178 5194 3.422718218 0.05454356057 0.5
5179 5184 3.398529094 0.05296225071 0.5
5180 5182 0 0 0.5
5181 5182 0 0 0.5
5182 5184 0 0 0.5
5184 5187 3.398529094 0.05296225071 0.5
5184 5191 0 0 0.5
5184 5194 3.422718218 0.05454356057 0.5
5185 5188 3.328062499 0.05454356057 0.5
5185 5189 2.979093822 0.02291287847 0.5
5185 5190 2.979093822 0.02291287847 0.5
5185 5195 3.422718218 0.05454356057 0.5
5186 5194 3.422718218 0.05454356057 0.5
5186 6712 3.398529094 0.05296225071 0.5
5187 5193 3.398529094 0.05296225071 0.5
5187 6711 3.398529094 0.05296225071 0.5
5187 6713 2.958039892 0.02224859546 0.5
5187 6714 2.958039892 0.02224859546 0.5
5188 5191 0 0 0.5
5188 6710 3.328062499 0.05454356057 0.5
5188 6715 0 0 0.5
5189 5191 0 0 0.5
5189 6712 2.958039892 0.02224859546 0.5
5190 5191 0 0 0.5
5190 6712 2.958039892 0.02224859546 0.5
5191 5193 0 0 0.5
5193 5196 3.398529094 0.05296225071 0.5
5193 5200 0 0 0.5
5194 5197 3.328062499 0.05454356057 0.5
5194 5198 2.979093822 0.02291287847 0.5
5194 5199 2.979093822 0.02291287847 0.5
5195 7755 3.398529094 0.05296225071 0.5
5196 7754 3.398529094 0.05296225071 0.5
5196 7756 2.958039892 0.02224859546 0.5
5196 7757 2.958039892 0.02224859546 0.5
5197 5200 0 0 0.5
5197 7753 3.328062499 0.05454356057 0.5
5197 7758 0 0 0.5
5198 5200 0 0 0.5
5198 7755 2.958039892 0.02224859546 0.5
5199 5200 0 0 0.5
5199 7755 2.958039892 0.02224859546 0.5
5202 5205 3.398529094 0.05296225071 0.5
5202 5209 0 0 0.5
5202 5212 3.422718218 0.05454356057 0.5
5202 5224 3.398529094 0.05296225071 0.5
5202 5228 0 0 0.5
5203 5206 3.328062499 0.05454356057 0.5
5203 5207 2.979093822 0.02291287847 0.5
5203 5208 2.979093822 0.02291287847 0.5
5203 5213 3.422718218 0.05454356057 0.5
5203 5221 3.422718218 0.05454356057 0.5
5203 5223 3.422718218 0.05454356057 0.5
5204 5212 3.422718218 0.05454356057 0.5
5204 5222 3.422718218 0.05454356057 0.5
5204 8549 3.398529094 0.05296225071 0.5
5205 5211 3.398529094 0.05296225071 0.5
5205 8548 3.398529094 0.05296225071 0.5
5205 8550 2.958039892 0.02224859546 0.5
5205 8551 2.958039892 0.02224859546 0.5
5206 5209 0 0 0.5
5206 8547 3.328062499 0.05454356057 0.5
5206 8552 0 0 0.5
5207 5209 0 0 0.5
5207 8549 2.958039892 0.02224859546 0.5
5208 5209 0 0 0.5
5208 8549 2.958039892 0.02224859546 0.5
5209 5211 0 0 0.5
5211 5214 3.398529094 0.05296225071 0.5
5211 5219 0 0 0.5
5211 5222 3.422718218 0.05454356057 0.5
5212 5215 3.328062499 0.05454356057 0.5
5212 5217 2.979093822 0.02291287847 0.5
5212 5218 2.979093822 0.02291287847 0.5
5212 5223 3.422718218 0.05454356057 0.5
5213 5216 0 0 0.5
5213 5222 3.422718218 0.05454356057 0.5
5214 5221 3.398529094 0.05296225071 0.5
5215 5219 0 0 0.5
5216 5217 0 0 0.5
5216 5218 0 0 0.5
5217 5219 0 0 0.5
5218 5219 0 0 0.5
5219 5221 0 0 0.5
5221 5224 3.398529094 0.05296225071 0.5
5221 5228 0 0 0.5
5222 5225 3.328062499 0.05454356057 0.5
5222 5226 2.979093822 0.02291287847 0.5
5222 5227 2.979093822 0.02291287847 0.5
5223 10110 3.398529094 0.05296225071 0.5
5224 10109 3.398529094 0.05296225071 0.5
5224 10111 2.958039892 0.02224859546 0.5
5224 10112 2.958039892 0.02224859546 0.5
5225 5228 0 0 0.5
5225 10108 3.328062499 0.05454356057 0.5
5225 10113 0 0 0.5
5226 5228 0 0 0.5
5226 10110 2.958039892 0.02224859546 0.5
5227 5228 0 0 0.5
5227 10110 2.958039892 0.02224859546 0.5
5230 5233 3.398529094 0.05296225071 0.5
5230 5236 0 0 0.5
5230 5239 3.422718218 0.05454356057 0.5
5230 5250 3.398529094 0.05296225071 0.5
5230 5253 0 0 0.5
5231 5234 2.979093822 0.02291287847 0.5
5231 5235 2.979093822 0.02291287847 0.5
5231 5240 3.422718218 0.05454356057 0.5
5231 5247 3.422718218 0.05454356057 0.5
5231 5249 3.422718218 0.05454356057 0.5
5232 5239 3.422718218 0.05454356057 0.5
5232 5248 3.422718218 0.05454356057 0.5
5233 5238 3.398529094 0.05296225071 0.5
5234 5236 0 0 0.5
5235 5236 0 0 0.5
5236 5238 0 0 0.5
5238 5241 3.398529094 0.05296225071 0.5
5238 5245 0 0 0.5
5238 5248 3.422718218 0.05454356057 0.5
5239 5242 3.328062499 0.05454356057 0.5
5239 5243 2.979093822 0.02291287847 0.5
5239 5244 2.979093822 0.02291287847 0.5
5239 5249 3.422718218 0.05454356057 0.5
5240 5248 3.422718218 0.05454356057 0.5
5240 10776 3.398529094 0.05296225071 0.5
5241 5247 3.398529094 0.05296225071 0.5
5241 10775 3.398529094 0.05296225071 0.5
5241 10777 2.958039892 0.02224859546 0.5
5241 10778 2.958039892 0.02224859546 0.5
5242 5245 0 0 0.5
5242 10774 3.328062499 0.05454356057 0.5
5242 10779 0 0 0.5
5243 5245 0 0 0.5
5243 10776 2.958039892 0.02224859546 0.5
5244 5245 0 0 0.5
5244 10776 2.958039892 0.02224859546 0.5
5245 5247 0 0 0.5
5247 5250 3.398529094 0.05296225071 0.5
5247 5253 0 0 0.5
5248 5251 2.979093822 0.02291287847 0.5
5248 5252 2.979093822 0.02291287847 0.5
5251 5253 0 0 0.5
5252 5253 0 0 0.5
5255 5258 3.398529094 0.05296225071 0.5
5255 5263 0 0 0.5
5255 5266 3.422718218 0.05454356057 0.5
5255 5277 3.398529094 0.05296225071 0.5
5255 5281 0 0 0.5
5256 5259 3.328062499 0.05454356057 0.5
5256 5261 2.979093822 0.02291287847 0.5
5256 5262 2.979093822 0.02291287847 0.5
5256 5267 3.422718218 0.05454356057 0.5
5256 5274 3.422718218 0.05454356057 0.5
5256 5276 3.422718218 0.05454356057 0.5
5257 5260 0 0 0.5
5257 5266 3.422718218 0.05454356057 0.5
5257 5275 3.422718218 0.05454356057 0.5
5258 5265 3.398529094 0.05296225071 0.5
5259 5263 0 0 0.5
5260 5261 0 0 0.5
5260 5262 0 0 0.5
5261 5263 0 0 0.5
5262 5263 0 0 0.5
5263 5265 0 0 0.5
5265 5268 3.398529094 0.05296225071 0.5
5265 5272 0 0 0.5
5265 5275 3.422718218 0.05454356057 0.5
5266 5269 3.328062499 0.05454356057 0.5
5266 5270 2.979093822 0.02291287847 0.5
5266 5271 2.979093822 0.02291287847 0.5
5266 5276 3.422718218 0.05454356057 0.5
5267 5275 3.422718218 0.05454356057 0.5
5267 9233 3.398529094 0.05296225071 0.5
5268 5274 3.398529094 0.05296225071 0.5
5268 9232 3.398529094 0.05296225071 0.5
5268 9234 2.958039892 0.02224859546 0.5
5268 9235 2.958039892 0.02224859546 0.5
5269 5272 0 0 0.5
5269 9231 3.328062499 0.05454356057 0.5
5269 9236 0 0 0.5
5270 5272 0 0 0.5
5270 9233 2.958039892 0.02224859546 0.5
5271 5272 0 0 0.5
5271 9233 2.958039892 0.02224859546 0.5
5272 5274 0 0 0.5
5274 5277 3.398529094 0.05296225071 0.5
5274 5281 0 0 0.5
5275 5278 3.328062499 0.05454356057 0.5
5275 5279 2.979093822 0.02291287847 0.5
5275 5280 2.979093822 0.02291287847 0.5
5276 5581 3.398529094 0.05296225071 0.5
5277 5580 3.398529094 0.05296225071 0.5
5277 5582 2.958039892 0.02224859546 0.5
5277 5583 2.958039892 0.02224859546 0.5
5278 5281 0 0 0.5
5278 5579 3.328062499 0.05454356057 0.5
5278 5584 0 0 0.5
5279 5281 0 0 0.5
5279 5581 2.958039892 0.02224859546 0.5
5280 5281 0 0 0.5
5280 5581 2.958039892 0.02224859546 0.5
5283 5286 3.398529094 0.05296225071 0.5
5283 5289 0 0 0.5
5283 5292 3.422718218 0.05454356057 0.5
5283 5303 3.398529094 0.05296225071 0.5
5283 5306 0 0 0.5
5284 5287 2.979093822 0.02291287847 0.5
5284 5288 2.979093822 0.02291287847 0.5
5284 5293 3.422718218 0.05454356057 0.5
5284 5300 3.422718218 0.05454356057 0.5
5284 5302 3.422718218 0.05454356057 0.5
5285 5292 3.422718218 0.05454356057 0.5
5285 5301 3.422718218 0.05454356057 0.5
5286 5291 3.398529094 0.05296225071 0.5
5287 5289 0 0 0.5
5288 5289 0 0 0.5
5289 5291 0 0 0.5
5291 5294 3.398529094 0.05296225071 0.5
5291 5298 0 0 0.5
5291 5301 3.422718218 0.05454356057 0.5
5292 5295 3.328062499 0.05454356057 0.5
5292 5296 2.979093822 0.02291287847 0.5
5292 5297 2.979093822 0.02291287847 0.5
5292 5302 3.422718218 0.05454356057 0.5
5293 5301 3.422718218 0.05454356057 0.5
5293 8921 3.398529094 0.05296225071 0.5
5294 5300 3.398529094 0.05296225071 0.5
5294 8920 3.398529094 0.05296225071 0.5
5294 8922 2.958039892 0.02224859546 0.5
5294 8923 2.958039892 0.02224859546 0.5
5295 5298 0 0 0.5
5295 8919 3.328062499 0.05454356057 0.5
5295 8924 0 0 0.5
5296 5298 0 0 0.5
5296 8921 2.958039892 0.02224859546 0.5
5297 5298 0 0 0.5
5297 8921 2.958039892 0.02224859546 0.5
5298 5300 0 0 0.5
5300 5303 3.398529094 0.05296225071 0.5
5300 5306 0 0 0.5
5301 5304 2.979093822 0.02291287847 0.5
5301 5305 2.979093822 0.02291287847 0.5
5304 5306 0 0 0.5
5305 5306 0 0 0.5
5308 5311 3.398529094 0.05296225071 0.5
5308 5314 0 0 0.5
5308 5317 3.422718218 0.05454356057 0.5
5308 5328 3.398529094 0.05296225071 0.5
5308 5333 0 0 0.5
5309 5312 2.979093822 0.02291287847 0.5
5309 5313 2.979093822 0.02291287847 0.5
5309 5318 3.422718218 0.05454356057 0.5
5309 5325 3.422718218 0.05454356057 0.5
5309 5327 3.422718218 0.05454356057 0.5
5310 5317 3.422718218 0.05454356057 0.5
5310 5326 3.422718218 0.05454356057 0.5
5311 5316 3.398529094 0.05296225071 0.5
5312 5314 0 0 0.5
5313 5314 0 0 0.5
5314 5316 0 0 0.5
5316 5319 3.398529094 0.05296225071 0.5
5316 5323 0 0 0.5
5316 5326 3.422718218 0.05454356057 0.5
5317 5320 3.328062499 0.05454356057 0.5
5317 5321 2.979093822 0.02291287847 0.5
5317 5322 2.979093822 0.02291287847 0.5
5317 5327 3.422718218 0.05454356057 0.5
5318 5326 3.422718218 0.05454356057 0.5
5318 11068 3.398529094 0.05296225071 0.5
5319 5325 3.398529094 0.05296225071 0.5
5319 11067 3.398529094 0.05296225071 0.5
5319 11069 2.958039892 0.02224859546 0.5
5319 11070 2.958039892 0.02224859546 0.5
5320 5323 0 0 0.5
5320 11066 3.328062499 0.05454356057 0.5
5320 11071 0 0 0.5
5321 5323 0 0 0.5
5321 11068 2.958039892 0.02224859546 0.5
5322 5323 0 0 0.5
5322 11068 2.958039892 0.02224859546 0.5
5323 5325 0 0 0.5
5325 5328 3.398529094 0.05296225071 0.5
5325 5333 0 0 0.5
5326 5329 3.328062499 0.05454356057 0.5
5326 5331 2.979093822 0.02291287847 0.5
5326 5332 2.979093822 0.02291287847 0.5
5327 5330 0 0 0.5
5329 5333 0 0 0.5
5330 5331 0 0 0.5
5330 5332 0 0 0.5
5331 5333 0 0 0.5
5332 5333 0 0 0.5
5335 5338 3.398529094 0.05296225071 0.5
5335 5341 0 0 0.5
5335 5344 3.422718218 0.05454356057 0.5
5335 5354 3.398529094 0.05296225071 0.5
5335 5357 0 0 0.5
5336 5339 2.979093822 0.02291287847 0.5
5336 5340 2.979093822 0.02291287847 0.5
5336 5345 3.422718218 0.05454356057 0.5
5336 5351 3.422718218 0.05454356057 0.5
5336 5353 3.422718218 0.05454356057 0.5
5337 5344 3.422718218 0.05454356057 0.5
5337 5352 3.422718218 0.05454356057 0.5
5338 5343 3.398529094 0.05296225071 0.5
5339 5341 0 0 0.5
5340 5341 0 0 0.5
5341 5343 0 0 0.5
5343 5346 3.398529094 0.05296225071 0.5
5343 5349 0 0 0.5
5343 5352 3.422718218 0.05454356057 0.5
5344 5347 2.979093822 0.02291287847 0.5
5344 5348 2.979093822 0.02291287847 0.5
5344 5353 3.422718218 0.05454356057 0.5
5345 5352 3.422718218 0.05454356057 0.5
5346 5351 3.398529094 0.05296225071 0.5
5347 5349 0 0 0.5
5348 5349 0 0 0.5
5349 5351 0 0 0.5
5351 5354 3.398529094 0.05296225071 0.5
5351 5357 0 0 0.5
5352 5355 2.979093822 0.02291287847 0.5
5352 5356 2.979093822 0.02291287847 0.5
5355 5357 0 0 0.5
5356 5357 0 0 0.5
5359 5362 3.398529094 0.05296225071 0.5
5359 5366 0 0 0.5
5359 5369 3.422718218 0.05454356057 0.5
5359 5379 3.398529094 0.05296225071 0.5
5359 5384 0 0 0.5
5360 5363 3.328062499 0.05454356057 0.5
5360 5364 2.979093822 0.02291287847 0.5
5360 5365 2.979093822 0.02291287847 0.5
5360 5370 3.422718218 0.05454356057 0.5
5360 5376 3.422718218 0.05454356057 0.5
5360 5378 3.422718218 0.05454356057 0.5
5361 5369 3.422718218 0.05454356057 0.5
5361 5377 3.422718218 0.05454356057 0.5
5361 9402 3.398529094 0.05296225071 0.5
5362 5368 3.398529094 0.05296225071 0.5
5362 9401 3.398529094 0.05296225071 0.5
5362 9403 2.958039892 0.02224859546 0.5
5362 9404 2.958039892 0.02224859546 0.5
5363 5366 0 0 0.5
5363 9400 3.328062499 0.05454356057 0.5
5363 9405 0 0 0.5
5364 5366 0 0 0.5
5364 9402 2.958039892 0.02224859546 0.5
5365 5366 0 0 0.5
5365 9402 2.958039892 0.02224859546 0.5
5366 5368 0 0 0.5
5368 5371 3.398529094 0.05296225071 0.5
5368 5374 0 0 0.5
5368 5377 3.422718218 0.05454356057 0.5
5369 5372 2.979093822 0.02291287847 0.5
5369 5373 2.979093822 0.02291287847 0.5
5369 5378 3.422718218 0.05454356057 0.5
5370 5377 3.422718218 0.05454356057 0.5
5371 5376 3.398529094 0.05296225071 0.5
5372 5374 0 0 0.5
5373 5374 0 0 0.5
5374 5376 0 0 0.5
5376 5379 3.398529094 0.05296225071 0.5
5376 5384 0 0 0.5
5377 5380 3.328062499 0.05454356057 0.5
5377 5382 2.979093822 0.02291287847 0.5
5377 5383 2.979093822 0.02291287847 0.5
5378 5381 0 0 0.5
5380 5384 0 0 0.5
5381 5382 0 0 0.5
5381 5383 0 0 0.5
5382 5384 0 0 0.5
5383 5384 0 0 0.5
5386 5389 3.398529094 0.05296225071 0.5
5386 5394 0 0 0.5
5386 5397 3.422718218 0.05454356057 0.5
5386 5407 3.398529094 0.05296225071 0.5
5386 5410 0 0 0.5
5387 5390 3.328062499 0.05454356057 0.5
5387 5392 2.979093822 0.02291287847 0.5
5387 5393 2.979093822 0.02291287847 0.5
5387 5398 3.422718218 0.05454356057 0.5
5387 5404 3.422718218 0.05454356057 0.5
5387 5406 3.422718218 0.05454356057 0.5
5388 5391 0 0 0.5
5388 5397 3.422718218 0.05454356057 0.5
5388 5405 3.422718218 0.05454356057 0.5
5389 5396 3.398529094 0.05296225071 0.5
5390 5394 0 0 0.5
5391 5392 0 0 0.5
5391 5393 0 0 0.5
5392 5394 0 0 0.5
5393 5394 0 0 0.5
5394 5396 0 0 0.5
5396 5399 3.398529094 0.05296225071 0.5
5396 5402 0 0 0.5
5396 5405 3.422718218 0.05454356057 0.5
5397 5400 2.979093822 0.02291287847 0.5
5397 5401 2.979093822 0.02291287847 0.5
5397 5406 3.422718218 0.05454356057 0.5
5398 5405 3.422718218 0.05454356057 0.5
5399 5404 3.398529094 0.05296225071 0.5
5400 5402 0 0 0.5
5401 5402 0 0 0.5
5402 5404 0 0 0.5
5404 5407 3.398529094 0.05296225071 0.5
5404 5410 0 0 0.5
5405 5408 2.979093822 0.02291287847 0.5
5405 5409 2.979093822 0.02291287847 0.5
5408 5410 0 0 0.5
5409 5410 0 0 0.5
5412 5415 3.398529094 0.05296225071 0.5
5412 5418 0 0 0.5
5412 5421 3.422718218 0.05454356057 0.5
5412 5431 3.398529094 0.05296225071 0.5
5412 5435 0 0 0.5
5413 5416 2.979093822 0.02291287847 0.5
5413 5417 2.979093822 0.02291287847 0.5
5413 5422 3.422718218 0.05454356057 0.5
5413 5428 3.422718218 0.05454356057 0.5
5413 5430 3.422718218 0.05454356057 0.5
5414 5421 3.422718218 0.05454356057 0.5
5414 5429 3.422718218 0.05454356057 0.5
5415 5420 3.398529094 0.05296225071 0.5
5416 5418 0 0 0.5
5417 5418 0 0 0.5
5418 5420 0 0 0.5
5420 5423 3.398529094 0.05296225071 0.5
5420 5426 0 0 0.5
5420 5429 3.422718218 0.05454356057 0.5
5421 5424 2.979093822 0.02291287847 0.5
5421 5425 2.979093822 0.02291287847 0.5
5421 5430 3.422718218 0.05454356057 0.5
5422 5429 3.422718218 0.05454356057 0.5
5423 5428 3.398529094 0.05296225071 0.5
5424 5426 0 0 0.5
5425 5426 0 0 0.5
5426 5428 0 0 0.5
5428 5431 3.398529094 0.05296225071 0.5
5428 5435 0 0 0.5
5429 5432 3.328062499 0.05454356057 0.5
5429 5433 2.979093822 0.02291287847 0.5
5429 5434 2.979093822 0.02291287847 0.5
5430 7907 3.398529094 0.05296225071 0.5
5431 7906 3.398529094 0.05296225071 0.5
5431 7908 2.958039892 0.02224859546 0.5
5431 7909 2.958039892 0.02224859546 0.5
5432 5435 0 0 0.5
5432 7905 3.328062499 0.05454356057 0.5
5432 7910 0 0 0.5
5433 5435 0 0 0.5
5433 7907 2.958039892 0.02224859546 0.5
5434 5435 0 0 0.5
5434 7907 2.958039892 0.02224859546 0.5
5437 5440 3.398529094 0.05296225071 0.5
5437 5444 0 0 0.5
5437 5447 3.422718218 0.05454356057 0.5
5437 5458 3.398529094 0.05296225071 0.5
5437 5462 0 0 0.5
5438 5441 3.328062499 0.05454356057 0.5
5438 5442 2.979093822 0.02291287847 0.5
5438 5443 2.979093822 0.02291287847 0.5
5438 5448 3.422718218 0.05454356057 0.5
5438 5455 3.422718218 0.05454356057 0.5
5438 5457 3.422718218 0.05454356057 0.5
5439 5447 3.422718218 0.05454356057 0.5
5439 5456 3.422718218 0.05454356057 0.5
5439 11344 3.398529094 0.05296225071 0.5
5440 5446 3.398529094 0.05296225071 0.5
5440 11343 3.398529094 0.05296225071 0.5
5440 11345 2.958039892 0.02224859546 0.5
5440 11346 2.958039892 0.02224859546 0.5
5441 5444 0 0 0.5
5441 11342 3.328062499 0.05454356057 0.5
5441 11347 0 0 0.5
5442 5444 0 0 0.5
5442 11344 2.958039892 0.02224859546 0.5
5443 5444 0 0 0.5
5443 11344 2.958039892 0.02224859546 0.5
5444 5446 0 0 0.5
5446 5449 3.398529094 0.05296225071 0.5
5446 5453 0 0 0.5
5446 5456 3.422718218 0.05454356057 0.5
5447 5450 3.328062499 0.05454356057 0.5
5447 5451 2.979093822 0.02291287847 0.5
5447 5452 2.979093822 0.02291287847 0.5
5447 5457 3.422718218 0.05454356057 0.5
5448 5456 3.422718218 0.05454356057 0.5
5448 9032 3.398529094 0.05296225071 0.5
5449 5455 3.398529094 0.05296225071 0.5
5449 9031 3.398529094 0.05296225071 0.5
5449 9033 2.958039892 0.02224859546 0.5
5449 9034 2.958039892 0.02224859546 0.5
5450 5453 0 0 0.5
5450 9030 3.328062499 0.05454356057 0.5
5450 9035 0 0 0.5
5451 5453 0 0 0.5
5451 9032 2.958039892 0.02224859546 0.5
5452 5453 0 0 0.5
5452 9032 2.958039892 0.02224859546 0.5
5453 5455 0 0 0.5
5455 5458 3.398529094 0.05296225071 0.5
5455 5462 0 0 0.5
5456 5459 3.328062499 0.05454356057 0.5
5456 5460 2.979093822 0.02291287847 0.5
5456 5461 2.979093822 0.02291287847 0.5
5457 7419 3.398529094 0.05296225071 0.5
5458 7418 3.398529094 0.05296225071 0.5
5458 7420 2.958039892 0.02224859546 0.5
5458 7421 2.958039892 0.02224859546 0.5
5459 5462 0 0 0.5
5459 7417 3.328062499 0.05454356057 0.5
5459 7422 0 0 0.5
5460 5462 0 0 0.5
5460 7419 2.958039892 0.02224859546 0.5
5461 5462 0 0 0.5
5461 7419 2.958039892 0.02224859546 0.5
5464 5467 3.398529094 0.05296225071 0.5
5464 5470 0 0 0.5
5464 5473 3.422718218 0.05454356057 0.5
5464 5484 3.398529094 0.05296225071 0.5
5464 5488 0 0 0.5
5465 5468 2.979093822 0.02291287847 0.5
5465 5469 2.979093822 0.02291287847 0.5
5465 5474 3.422718218 0.05454356057 0.5
5465 5481 3.422718218 0.05454356057 0.5
5465 5483 3.422718218 0.05454356057 0.5
5466 5473 3.422718218 0.05454356057 0.5
5466 5482 3.422718218 0.05454356057 0.5
5467 5472 3.398529094 0.05296225071 0.5
5468 5470 0 0 0.5
5469 5470 0 0 0.5
5470 5472 0 0 0.5
5472 5475 3.398529094 0.05296225071 0.5
5472 5479 0 0 0.5
5472 5482 3.422718218 0.05454356057 0.5
5473 5476 3.328062499 0.05454356057 0.5
5473 5477 2.979093822 0.02291287847 0.5
5473 5478 2.979093822 0.02291287847 0.5
5473 5483 3.422718218 0.05454356057 0.5
5474 5482 3.422718218 0.05454356057 0.5
5474 12107 3.398529094 0.05296225071 0.5
5475 5481 3.398529094 0.05296225071 0.5
5475 12106 3.398529094 0.05296225071 0.5
5475 12108 2.958039892 0.02224859546 0.5
5475 12109 2.958039892 0.02224859546 0.5
5476 5479 0 0 0.5
5476 12105 3.328062499 0.05454356057 0.5
5476 12110 0 0 0.5
5477 5479 0 0 0.5
5477 12107 2.958039892 0.02224859546 0.5
5478 5479 0 0 0.5
5478 12107 2.958039892 0.02224859546 0.5
5479 5481 0 0 0.5
5481 5484 3.398529094 0.05296225071 0.5
5481 5488 0 0 0.5
5482 5485 3.328062499 0.05454356057 0.5
5482 5486 2.979093822 0.02291287847 0.5
5482 5487 2.979093822 0.02291287847 0.5
5483 11336 3.398529094 0.05296225071 0.5
5484 11335 3.398529094 0.05296225071 0.5
5484 11337 2.958039892 0.02224859546 0.5
5484 11338 2.958039892 0.02224859546 0.5
5485 5488 0 0 0.5
5485 11334 3.328062499 0.05454356057 0.5
5485 11339 0 0 0.5
5486 5488 0 0 0.5
5486 11336 2.958039892 0.02224859546 0.5
5487 5488 0 0 0.5
5487 11336 2.958039892 0.02224859546 0.5
5490 5493 3.398529094 0.05296225071 0.5
5490 5496 0 0 0.5
5490 5499 3.422718218 0.05454356057 0.5
5490 5511 3.398529094 0.05296225071 0.5
5490 5514 0 0 0.5
5491 5494 2.979093822 0.02291287847 0.5
5491 5495 2.979093822 0.02291287847 0.5
5491 5500 3.422718218 0.05454356057 0.5
5491 5508 3.422718218 0.05454356057 0.5
5491 5510 3.422718218 0.05454356057 0.5
5492 5499 3.422718218 0.05454356057 0.5
5492 5509 3.422718218 0.05454356057 0.5
5493 5498 3.398529094 0.05296225071 0.5
5494 5496 0 0 0.5
5495 5496 0 0 0.5
5496 5498 0 0 0.5
5498 5501 3.398529094 0.05296225071 0.5
5498 5506 0 0 0.5
5498 5509 3.422718218 0.05454356057 0.5
5499 5502 3.328062499 0.05454356057 0.5
5499 5504 2.979093822 0.02291287847 0.5
5499 5505 2.979093822 0.02291287847 0.5
5499 5510 3.422718218 0.05454356057 0.5
5500 5503 0 0 0.5
5500 5509 3.422718218 0.05454356057 0.5
5501 5508 3.398529094 0.05296225071 0.5
5502 5506 0 0 0.5
5503 5504 0 0 0.5
5503 5505 0 0 0.5
5504 5506 0 0 0.5
5505 5506 0 0 0.5
5506 5508 0 0 0.5
5508 5511 3.398529094 0.05296225071 0.5
5508 5514 0 0 0.5
5509 5512 2.979093822 0.02291287847 0.5
5509 5513 2.979093822 0.02291287847 0.5
5512 5514 0 0 0.5
5513 5514 0 0 0.5
5516 5519 3.398529094 0.05296225071 0.5
5516 5522 0 0 0.5
5516 5525 3.422718218 0.05454356057 0.5
5516 5536 3.398529094 0.05296225071 0.5
5516 5540 0 0 0.5
5517 5520 2.979093822 0.02291287847 0.5
5517 5521 2.979093822 0.02291287847 0.5
5517 5526 3.422718218 0.05454356057 0.5
5517 5533 3.422718218 0.05454356057 0.5
5517 5535 3.422718218 0.05454356057 0.5
5518 5525 3.422718218 0.05454356057 0.5
5518 5534 3.422718218 0.05454356057 0.5
5519 5524 3.398529094 0.05296225071 0.5
5520 5522 0 0 0.5
5521 5522 0 0 0.5
5522 5524 0 0 0.5
5524 5527 3.398529094 0.05296225071 0.5
5524 5531 0 0 0.5
5524 5534 3.422718218 0.05454356057 0.5
5525 5528 3.328062499 0.05454356057 0.5
5525 5529 2.979093822 0.02291287847 0.5
5525 5530 2.979093822 0.02291287847 0.5
5525 5535 3.422718218 0.05454356057 0.5
5526 5534 3.422718218 0.05454356057 0.5
5526 7195 3.398529094 0.05296225071 0.5
5527 5533 3.398529094 0.05296225071 0.5
5527 7194 3.398529094 0.05296225071 0.5
5527 7196 2.958039892 0.02224859546 0.5
5527 7197 2.958039892 0.02224859546 0.5
5528 5531 0 0 0.5
5528 7193 3.328062499 0.05454356057 0.5
5528 7198 0 0 0.5
5529 5531 0 0 0.5
5529 7195 2.958039892 0.02224859546 0.5
5530 5531 0 0 0.5
5530 7195 2.958039892 0.02224859546 0.5
5531 5533 0 0 0.5
5533 5536 3.398529094 0.05296225071 0.5
5533 5540 0 0 0.5
5534 5537 3.328062499 0.05454356057 0.5
5534 5538 2.979093822 0.02291287847 0.5
5534 5539 2.979093822 0.02291287847 0.5
5535 12724 3.398529094 0.05296225071 0.5
5536 12723 3.398529094 0.05296225071 0.5
5536 12725 2.958039892 0.02224859546 0.5
5536 12726 2.958039892 0.02224859546 0.5
5537 5540 0 0 0.5
5537 12722 3.328062499 0.05454356057 0.5
5537 12727 0 0 0.5
5538 5540 0 0 0.5
5538 12724 2.958039892 0.02224859546 0.5
5539 5540 0 0 0.5
5539 12724 2.958039892 0.02224859546 0.5
5542 5545 3.398529094 0.05296225071 0.5
5542 5548 0 0 0.5
5542 5551 3.422718218 0.05454356057 0.5
5542 5563 3.398529094 0.05296225071 0.5
5542 5567 0 0 0.5
5543 5546 2.979093822 0.02291287847 0.5
5543 5547 2.979093822 0.02291287847 0.5
5543 5552 3.422718218 0.05454356057 0.5
5543 5560 3.422718218 0.05454356057 0.5
5543 5562 3.422718218 0.05454356057 0.5
5544 5551 3.422718218 0.05454356057 0.5
5544 5561 3.422718218 0.05454356057 0.5
5545 5550 3.398529094 0.05296225071 0.5
5546 5548 0 0 0.5
5547 5548 0 0 0.5
5548 5550 0 0 0.5
5550 5553 3.398529094 0.05296225071 0.5
5550 5558 0 0 0.5
5550 5561 3.422718218 0.05454356057 0.5
5551 5554 3.328062499 0.05454356057 0.5
5551 5556 2.979093822 0.02291287847 0.5
5551 5557 2.979093822 0.02291287847 0.5
5551 5562 3.422718218 0.05454356057 0.5
5552 5555 0 0 0.5
5552 5561 3.422718218 0.05454356057 0.5
5553 5560 3.398529094 0.05296225071 0.5
5554 5558 0 0 0.5
5555 5556 0 0 0.5
5555 5557 0 0 0.5
5556 5558 0 0 0.5
5557 5558 0 0 0.5
5558 5560 0 0 0.5
5560 5563 3.398529094 0.05296225071 0.5
5560 5567 0 0 0.5
5561 5564 3.328062499 0.05454356057 0.5
5561 5565 2.979093822 0.02291287847 0.5
5561 5566 2.979093822 0.02291287847 0.5
5562 9131 3.398529094 0.05296225071 0.5
5563 9130 3.398529094 0.05296225071 0.5
5563 9132 2.958039892 0.02224859546 0.5
5563 9133 2.958039892 0.02224859546 0.5
5564 5567 0 0 0.5
5564 9129 3.328062499 0.05454356057 0.5
5564 9134 0 0 0.5
5565 5567 0 0 0.5
5565 9131 2.958039892 0.02224859546 0.5
5566 5567 0 0 0.5
5566 9131 2.958039892 0.02224859546 0.5
5569 5572 3.398529094 0.05296225071 0.5
5569 5576 0 0 0.5
5569 5579 3.422718218 0.05454356057 0.5
5569 5589 3.398529094 0.05296225071 0.5
5569 5592 0 0 0.5
5570 5573 3.328062499 0.05454356057 0.5
5570 5574 2.979093822 0.02291287847 0.5
5570 5575 2.979093822 0.02291287847 0.5
5570 5580 3.422718218 0.05454356057 0.5
5570 5586 3.422718218 0.05454356057 0.5
5570 5588 3.422718218 0.05454356057 0.5
5571 5579 3.422718218 0.05454356057 0.5
5571 5587 3.422718218 0.05454356057 0.5
5571 10341 3.398529094 0.05296225071 0.5
5572 5578 3.398529094 0.05296225071 0.5
5572 10340 3.398529094 0.05296225071 0.5
5572 10342 2.958039892 0.02224859546 0.5
5572 10343 2.958039892 0.02224859546 0.5
5573 5576 0 0 0.5
5573 10339 3.328062499 0.05454356057 0.5
5573 10344 0 0 0.5
5574 5576 0 0 0.5
5574 10341 2.958039892 0.02224859546 0.5
5575 5576 0 0 0.5
5575 10341 2.958039892 0.02224859546 0.5
5576 5578 0 0 0.5
5578 5581 3.398529094 0.05296225071 0.5
5578 5584 0 0 0.5
5578 5587 3.422718218 0.05454356057 0.5
5579 5582 2.979093822 0.02291287847 0.5
5579 5583 2.979093822 0.02291287847 0.5
5579 5588 3.422718218 0.05454356057 0.5
5580 5587 3.422718218 0.05454356057 0.5
5581 5586 3.398529094 0.05296225071 0.5
5582 5584 0 0 0.5
5583 5584 0 0 0.5
5584 5586 0 0 0.5
5586 5589 3.398529094 0.05296225071 0.5
5586 5592 0 0 0.5
5587 5590 2.979093822 0.02291287847 0.5
5587 5591 2.979093822 0.02291287847 0.5
5590 5592 0 0 0.5
5591 5592 0 0 0.5
5594 5597 3.398529094 0.05296225071 0.5
5594 5600 0 0 0.5
5594 5603 3.422718218 0.05454356057 0.5
5594 5613 3.398529094 0.05296225071 0.5
5594 5616 0 0 0.5
5595 5598 2.979093822 0.02291287847 0.5
5595 5599 2.979093822 0.02291287847 0.5
5595 5604 3.422718218 0.05454356057 0.5
5595 5610 3.422718218 0.05454356057 0.5
5595 5612 3.422718218 0.05454356057 0.5
5596 5603 3.422718218 0.05454356057 0.5
5596 5611 3.422718218 0.05454356057 0.5
5597 5602 3.398529094 0.05296225071 0.5
5598 5600 0 0 0.5
5599 5600 0 0 0.5
5600 5602 0 0 0.5
5602 5605 3.398529094 0.05296225071 0.5
5602 5608 0 0 0.5
5602 5611 3.422718218 0.05454356057 0.5
5603 5606 2.979093822 0.02291287847 0.5
5603 5607 2.979093822 0.02291287847 0.5
5603 5612 3.422718218 0.05454356057 0.5
5604 5611 3.422718218 0.05454356057 0.5
5605 5610 3.398529094 0.05296225071 0.5
5606 5608 0 0 0.5
5607 5608 0 0 0.5
5608 5610 0 0 0.5
5610 5613 3.398529094 0.05296225071 0.5
5610 5616 0 0 0.5
5611 5614 2.979093822 0.02291287847 0.5
5611 5615 2.979093822 0.02291287847 0.5
5614 5616 0 0 0.5
5615 5616 0 0 0.5
5618 5621 3.398529094 0.05296225071 0.5
5618 5625 0 0 0.5
5618 5628 3.422718218 0.05454356057 0.5
5618 5639 3.398529094 0.05296225071 0.5
5618 5642 0 0 0.5
5619 5622 3.328062499 0.05454356057 0.5
5619 5623 2.979093822 0.02291287847 0.5
5619 5624 2.979093822 0.02291287847 0.5
5619 5629 3.422718218 0.05454356057 0.5
5619 5636 3.422718218 0.05454356057 0.5
5619 5638 3.422718218 0.05454356057 0.5
5620 5628 3.422718218 0.05454356057 0.5
5620 5637 3.422718218 0.05454356057 0.5
5620 8948 3.398529094 0.05296225071 0.5
5621 5627 3.398529094 0.05296225071 0.5
5621 8947 3.398529094 0.05296225071 0.5
5621 8949 2.958039892 0.02224859546 0.5
5621 8950 2.958039892 0.02224859546 0.5
5622 5625 0 0 0.5
5622 8946 3.328062499 0.05454356057 0.5
5622 8951 0 0 0.5
5623 5625 0 0 0.5
5623 8948 2.958039892 0.02224859546 0.5
5624 5625 0 0 0.5
5624 8948 2.958039892 0.02224859546 0.5
5625 5627 0 0 0.5
5627 5630 3.398529094 0.05296225071 0.5
5627 5634 0 0 0.5
5627 5637 3.422718218 0.05454356057 0.5
5628 5631 3.328062499 0.05454356057 0.5
5628 5632 2.979093822 0.02291287847 0.5
5628 5633 2.979093822 0.02291287847 0.5
5628 5638 3.422718218 0.05454356057 0.5
5629 5637 3.422718218 0.05454356057 0.5
5629 7395 3.398529094 0.05296225071 0.5
5630 5636 3.398529094 0.05296225071 0.5
5630 7394 3.398529094 0.05296225071 0.5
5630 7396 2.958039892 0.02224859546 0.5
5630 7397 2.958039892 0.02224859546 0.5
5631 5634 0 0 0.5
5631 7393 3.328062499 0.05454356057 0.5
5631 7398 0 0 0.5
5632 5634 0 0 0.5
5632 7395 2.958039892 0.02224859546 0.5
5633 5634 0 0 0.5
5633 7395 2.958039892 0.02224859546 0.5
5634 5636 0 0 0.5
5636 5639 3.398529094 0.05296225071 0.5
5636 5642 0 0 0.5
5637 5640 2.979093822 0.02291287847 0.5
5637 5641 2.979093822 0.02291287847 0.5
5640 5642 0 0 0.5
5641 5642 0 0 0.5
5644 5647 3.398529094 0.05296225071 0.5
5644 5651 0 0 0.5
5644 5654 3.422718218 0.05454356057 0.5
5644 5666 3.398529094 0.05296225071 0.5
5644 5669 0 0 0.5
5645 5648 3.328062499 0.05454356057 0.5
5645 5649 2.979093822 0.02291287847 0.5
5645 5650 2.979093822 0.02291287847 0.5
5645 5655 3.422718218 0.05454356057 0.5
5645 5663 3.422718218 0.05454356057 0.5
5645 5665 3.422718218 0.05454356057 0.5
5646 5654 3.422718218 0.05454356057 0.5
5646 5664 3.422718218 0.05454356057 0.5
5646 8777 3.398529094 0.05296225071 0.5
5647 5653 3.398529094 0.05296225071 0.5
5647 8776 3.398529094 0.05296225071 0.5
5647 8778 2.958039892 0.02224859546 0.5
5647 8779 2.958039892 0.02224859546 0.5
5648 5651 0 0 0.5
5648 8775 3.328062499 0.05454356057 0.5
5648 8780 0 0 0.5
5649 5651 0 0 0.5
5649 8777 2.958039892 0.02224859546 0.5
5650 5651 0 0 0.5
5650 8777 2.958039892 0.02224859546 0.5
5651 5653 0 0 0.5
5653 5656 3.398529094 0.05296225071 0.5
5653 5661 0 0 0.5
5653 5664 3.422718218 0.05454356057 0.5
5654 5657 3.328062499 0.05454356057 0.5
5654 5659 2.979093822 0.02291287847 0.5
5654 5660 2.979093822 0.02291287847 0.5
5654 5665 3.422718218 0.05454356057 0.5
5655 5658 0 0 0.5
5655 5664 3.422718218 0.05454356057 0.5
5656 5663 3.398529094 0.05296225071 0.5
5657 5661 0 0 0.5
5658 5659 0 0 0.5
5658 5660 0 0 0.5
5659 5661 0 0 0.5
5660 5661 0 0 0.5
5661 5663 0 0 0.5
5663 5666 3.398529094 0.05296225071 0.5
5663 5669 0 0 0.5
5664 5667 2.979093822 0.02291287847 0.5
5664 5668 2.979093822 0.02291287847 0.5
5667 5669 0 0 0.5
5668 5669 0 0 0.5
5671 5674 3.398529094 0.05296225071 0.5
5671 5678 0 0 0.5
5671 5681 3.422718218 0.05454356057 0.5
5671 5692 3.398529094 0.05296225071 0.5
5671 5696 0 0 0.5
5672 5675 3.328062499 0.05454356057 0.5
5672 5676 2.979093822 0.02291287847 0.5
5672 5677 2.979093822 0.02291287847 0.5
5672 5682 3.422718218 0.05454356057 0.5
5672 5689 3.422718218 0.05454356057 0.5
5672 5691 3.422718218 0.05454356057 0.5
5673 5681 3.422718218 0.05454356057 0.5
5673 5690 3.422718218 0.05454356057 0.5
5673 12131 3.398529094 0.05296225071 0.5
5674 5680 3.398529094 0.05296225071 0.5
5674 12130 3.398529094 0.05296225071 0.5
5674 12132 2.958039892 0.02224859546 0.5
5674 12133 2.958039892 0.02224859546 0.5
5675 5678 0 0 0.5
5675 12129 3.328062499 0.05454356057 0.5
5675 12134 0 0 0.5
5676 5678 0 0 0.5
5676 12131 2.958039892 0.02224859546 0.5
5677 5678 0 0 0.5
5677 12131 2.958039892 0.02224859546 0.5
5678 5680 0 0 0.5
5680 5683 3.398529094 0.05296225071 0.5
5680 5687 0 0 0.5
5680 5690 3.422718218 0.05454356057 0.5
5681 5684 3.328062499 0.05454356057 0.5
5681 5685 2.979093822 0.02291287847 0.5
5681 5686 2.979093822 0.02291287847 0.5
5681 5691 3.422718218 0.05454356057 0.5
5682 5690 3.422718218 0.05454356057 0.5
5682 10391 3.398529094 0.05296225071 0.5
5683 5689 3.398529094 0.05296225071 0.5
5683 10390 3.398529094 0.05296225071 0.5
5683 10392 2.958039892 0.02224859546 0.5
5683 10393 2.958039892 0.02224859546 0.5
5684 5687 0 0 0.5
5684 10389 3.328062499 0.05454356057 0.5
5684 10394 0 0 0.5
5685 5687 0 0 0.5
5685 10391 2.958039892 0.02224859546 0.5
5686 5687 0 0 0.5
5686 10391 2.958039892 0.02224859546 0.5
5687 5689 0 0 0.5
5689 5692 3.398529094 0.05296225071 0.5
5689 5696 0 0 0.5
5690 5693 3.328062499 0.05454356057 0.5
5690 5694 2.979093822 0.02291287847 0.5
5690 5695 2.979093822 0.02291287847 0.5
5691 6135 3.398529094 0.05296225071 0.5
5692 6134 3.398529094 0.05296225071 0.5
5692 6136 2.958039892 0.02224859546 0.5
5692 6137 2.958039892 0.02224859546 0.5
5693 5696 0 0 0.5
5693 6133 3.328062499 0.05454356057 0.5
5693 6138 0 0 0.5
5694 5696 0 0 0.5
5694 6135 2.958039892 0.02224859546 0.5
5695 5696 0 0 0.5
5695 6135 2.958039892 0.02224859546 0.5
5698 5701 3.398529094 0.05296225071 0.5
5698 5705 0 0 0.5
5698 5708 3.422718218 0.05454356057 0.5
5698 5718 3.398529094 0.05296225071 0.5
5698 5721 0 0 0.5
5699 5702 3.328062499 0.05454356057 0.5
5699 5703 2.979093822 0.02291287847 0.5
5699 5704 2.979093822 0.02291287847 0.5
5699 5709 3.422718218 0.05454356057 0.5
5699 5715 3.422718218 0.05454356057 0.5
5699 5717 3.422718218 0.05454356057 0.5
5700 5708 3.422718218 0.05454356057 0.5
5700 5716 3.422718218 0.05454356057 0.5
5700 12716 3.398529094 0.05296225071 0.5
5701 5707 3.398529094 0.05296225071 0.5
5701 12715 3.398529094 0.05296225071 0.5
5701 12717 2.958039892 0.02224859546 0.5
5701 12718 2.958039892 0.02224859546 0.5
5702 5705 0 0 0.5
5702 12714 3.328062499 0.05454356057 0.5
5702 12719 0 0 0.5
5703 5705 0 0 0.5
5703 12716 2.958039892 0.02224859546 0.5
5704 5705 0 0 0.5
5704 12716 2.958039892 0.02224859546 0.5
5705 5707 0 0 0.5
5707 5710 3.398529094 0.05296225071 0.5
5707 5713 0 0 0.5
5707 5716 3.422718218 0.05454356057 0.5
5708 5711 2.979093822 0.02291287847 0.5
5708 5712 2.979093822 0.02291287847 0.5
5708 5717 3.422718218 0.05454356057 0.5
5709 5716 3.422718218 0.05454356057 0.5
5710 5715 3.398529094 0.05296225071 0.5
5711 5713 0 0 0.5
5712 5713 0 0 0.5
5713 5715 0 0 0.5
5715 5718 3.398529094 0.05296225071 0.5
5715 5721 0 0 0.5
5716 5719 2.979093822 0.02291287847 0.5
5716 5720 2.979093822 0.02291287847 0.5
5719 5721 0 0 0.5
5720 5721 0 0 0.5
5723 5726 3.398529094 0.05296225071 0.5
5723 5731 0 0 0.5
5723 5734 3.422718218 0.05454356057 0.5
5723 5745 3.398529094 0.05296225071 0.5
5723 5749 0 0 0.5
5724 5727 3.328062499 0.05454356057 0.5
5724 5729 2.979093822 0.02291287847 0.5
5724 5730 2.979093822 0.02291287847 0.5
5724 5735 3.422718218 0.05454356057 0.5
5724 5742 3.422718218 0.05454356057 0.5
5724 5744 3.422718218 0.05454356057 0.5
5725 5728 0 0 0.5
5725 5734 3.422718218 0.05454356057 0.5
5725 5743 3.422718218 0.05454356057 0.5
5726 5733 3.398529094 0.05296225071 0.5
5727 5731 0 0 0.5
5728 5729 0 0 0.5
5728 5730 0 0 0.5
5729 5731 0 0 0.5
5730 5731 0 0 0.5
5731 5733 0 0 0.5
5733 5736 3.398529094 0.05296225071 0.5
5733 5740 0 0 0.5
5733 5743 3.422718218 0.05454356057 0.5
5734 5737 3.328062499 0.05454356057 0.5
5734 5738 2.979093822 0.02291287847 0.5
5734 5739 2.979093822 0.02291287847 0.5
5734 5744 3.422718218 0.05454356057 0.5
5735 5743 3.422718218 0.05454356057 0.5
5735 6738 3.398529094 0.05296225071 0.5
5736 5742 3.398529094 0.05296225071 0.5
5736 6737 3.398529094 0.05296225071 0.5
5736 6739 2.958039892 0.02224859546 0.5
5736 6740 2.958039892 0.02224859546 0.5
5737 5740 0 0 0.5
5737 6736 3.328062499 0.05454356057 0.5
5737 6741 0 0 0.5
5738 5740 0 0 0.5
5738 6738 2.958039892 0.02224859546 0.5
5739 5740 0 0 0.5
5739 6738 2.958039892 0.02224859546 0.5
5740 5742 0 0 0.5
5742 5745 3.398529094 0.05296225071 0.5
5742 5749 0 0 0.5
5743 5746 3.328062499 0.05454356057 0.5
5743 5747 2.979093822 0.02291287847 0.5
5743 5748 2.979093822 0.02291287847 0.5
5744 6746 3.398529094 0.05296225071 0.5
5745 6745 3.398529094 0.05296225071 0.5
5745 6747 2.958039892 0.02224859546 0.5
5745 6748 2.958039892 0.02224859546 0.5
5746 5749 0 0 0.5
5746 6744 3.328062499 0.05454356057 0.5
5746 6749 0 0 0.5
5747 5749 0 0 0.5
5747 6746 2.958039892 0.02224859546 0.5
5748 5749 0 0 0.5
5748 6746 2.958039892 0.02224859546 0.5
5751 5754 3.398529094 0.05296225071 0.5
5751 5758 0 0 0.5
5751 5761 3.422718218 0.05454356057 0.5
5751 5772 3.398529094 0.05296225071 0.5
5751 5776 0 0 0.5
5752 5755 3.328062499 0.05454356057 0.5
5752 5756 2.979093822 0.02291287847 0.5
5752 5757 2.979093822 0.02291287847 0.5
5752 5762 3.422718218 0.05454356057 0.5
5752 5769 3.422718218 0.05454356057 0.5
5752 5771 3.422718218 0.05454356057 0.5
5753 5761 3.422718218 0.05454356057 0.5
5753 5770 3.422718218 0.05454356057 0.5
5753 9656 3.398529094 0.05296225071 0.5
5754 5760 3.398529094 0.05296225071 0.5
5754 9655 3.398529094 0.05296225071 0.5
5754 9657 2.958039892 0.02224859546 0.5
5754 9658 2.958039892 0.02224859546 0.5
5755 5758 0 0 0.5
5755 9654 3.328062499 0.05454356057 0.5
5755 9659 0 0 0.5
5756 5758 0 0 0.5
5756 9656 2.958039892 0.02224859546 0.5
5757 5758 0 0 0.5
5757 9656 2.958039892 0.02224859546 0.5
5758 5760 0 0 0.5
5760 5763 3.398529094 0.05296225071 0.5
5760 5767 0 0 0.5
5760 5770 3.422718218 0.05454356057 0.5
5761 5764 3.328062499 0.05454356057 0.5
5761 5765 2.979093822 0.02291287847 0.5
5761 5766 2.979093822 0.02291287847 0.5
5761 5771 3.422718218 0.05454356057 0.5
5762 5770 3.422718218 0.05454356057 0.5
5762 11360 3.398529094 0.05296225071 0.5
5763 5769 3.398529094 0.05296225071 0.5
5763 11359 3.398529094 0.05296225071 0.5
5763 11361 2.958039892 0.02224859546 0.5
5763 11362 2.958039892 0.02224859546 0.5
5764 5767 0 0 0.5
5764 11358 3.328062499 0.05454356057 0.5
5764 11363 0 0 0.5
5765 5767 0 0 0.5
5765 11360 2.958039892 0.02224859546 0.5
5766 5767 0 0 0.5
5766 11360 2.958039892 0.02224859546 0.5
5767 5769 0 0 0.5
5769 5772 3.398529094 0.05296225071 0.5
5769 5776 0 0 0.5
5770 5773 3.328062499 0.05454356057 0.5
5770 5774 2.979093822 0.02291287847 0.5
5770 5775 2.979093822 0.02291287847 0.5
5771 9049 3.398529094 0.05296225071 0.5
5772 9048 3.398529094 0.05296225071 0.5
5772 9050 2.958039892 0.02224859546 0.5
5772 9051 2.958039892 0.02224859546 0.5
5773 5776 0 0 0.5
5773 9047 3.328062499 0.05454356057 0.5
5773 9052 0 0 0.5
5774 5776 0 0 0.5
5774 9049 2.958039892 0.02224859546 0.5
5775 5776 0 0 0.5
5775 9049 2.958039892 0.02224859546 0.5
5778 5781 3.398529094 0.05296225071 0.5
5778 5785 0 0 0.5
5778 5788 3.422718218 0.05454356057 0.5
5778 5799 3.398529094 0.05296225071 0.5
5778 5802 0 0 0.5
5779 5782 3.328062499 0.05454356057 0.5
5779 5783 2.979093822 0.02291287847 0.5
5779 5784 2.979093822 0.02291287847 0.5
5779 5789 3.422718218 0.05454356057 0.5
5779 5796 3.422718218 0.05454356057 0.5
5779 5798 3.422718218 0.05454356057 0.5
5780 5788 3.422718218 0.05454356057 0.5
5780 5797 3.422718218 0.05454356057 0.5
5780 10994 3.398529094 0.05296225071 0.5
5781 5787 3.398529094 0.05296225071 0.5
5781 10993 3.398529094 0.05296225071 0.5
5781 10995 2.958039892 0.02224859546 0.5
5781 10996 2.958039892 0.02224859546 0.5
5782 5785 0 0 0.5
5782 10992 3.328062499 0.05454356057 0.5
5782 10997 0 0 0.5
5783 5785 0 0 0.5
5783 10994 2.958039892 0.02224859546 0.5
5784 5785 0 0 0.5
5784 10994 2.958039892 0.02224859546 0.5
5785 5787 0 0 0.5
5787 5790 3.398529094 0.05296225071 0.5
5787 5794 0 0 0.5
5787 5797 3.422718218 0.05454356057 0.5
5788 5791 3.328062499 0.05454356057 0.5
5788 5792 2.979093822 0.02291287847 0.5
5788 5793 2.979093822 0.02291287847 0.5
5788 5798 3.422718218 0.05454356057 0.5
5789 5797 3.422718218 0.05454356057 0.5
5789 12179 3.398529094 0.05296225071 0.5
5790 5796 3.398529094 0.05296225071 0.5
5790 12178 3.398529094 0.05296225071 0.5
5790 12180 2.958039892 0.02224859546 0.5
5790 12181 2.958039892 0.02224859546 0.5
5791 5794 0 0 0.5
5791 12177 3.328062499 0.05454356057 0.5
5791 12182 0 0 0.5
5792 5794 0 0 0.5
5792 12179 2.958039892 0.02224859546 0.5
5793 5794 0 0 0.5
5793 12179 2.958039892 0.02224859546 0.5
5794 5796 0 0 0.5
5796 5799 3.398529094 0.05296225071 0.5
5796 5802 0 0 0.5
5797 5800 2.979093822 0.02291287847 0.5
5797 5801 2.979093822 0.02291287847 0.5
5800 5802 0 0 0.5
5801 5802 0 0 0.5
5804 5807 3.398529094 0.05296225071 0.5
5804 5811 0 0 0.5
5804 5814 3.422718218 0.05454356057 0.5
5804 5825 3.398529094 0.05296225071 0.5
5804 5828 0 0 0.5
5805 5808 3.328062499 0.05454356057 0.5
5805 5809 2.979093822 0.02291287847 0.5
5805 5810 2.979093822 0.02291287847 0.5
5805 5815 3.422718218 0.05454356057 0.5
5805 5822 3.422718218 0.05454356057 0.5
5805 5824 3.422718218 0.05454356057 0.5
5806 5814 3.422718218 0.05454356057 0.5
5806 5823 3.422718218 0.05454356057 0.5
5806 10617 3.398529094 0.05296225071 0.5
5807 5813 3.398529094 0.05296225071 0.5
5807 10616 3.398529094 0.05296225071 0.5
5807 10618 2.958039892 0.02224859546 0.5
5807 10619 2.958039892 0.02224859546 0.5
5808 5811 0 0 0.5
5808 10615 3.328062499 0.05454356057 0.5
5808 10620 0 0 0.5
5809 5811 0 0 0.5
5809 10617 2.958039892 0.02224859546 0.5
5810 5811 0 0 0.5
5810 10617 2.958039892 0.02224859546 0.5
5811 5813 0 0 0.5
5813 5816 3.398529094 0.05296225071 0.5
5813 5820 0 0 0.5
5813 5823 3.422718218 0.05454356057 0.5
5814 5817 3.328062499 0.05454356057 0.5
5814 5818 2.979093822 0.02291287847 0.5
5814 5819 2.979093822 0.02291287847 0.5
5814 5824 3.422718218 0.05454356057 0.5
5815 5823 3.422718218 0.05454356057 0.5
5815 6579 3.398529094 0.05296225071 0.5
5816 5822 3.398529094 0.05296225071 0.5
5816 6578 3.398529094 0.05296225071 0.5
5816 6580 2.958039892 0.02224859546 0.5
5816 6581 2.958039892 0.02224859546 0.5
5817 5820 0 0 0.5
5817 6577 3.328062499 0.05454356057 0.5
5817 6582 0 0 0.5
5818 5820 0 0 0.5
5818 6579 2.958039892 0.02224859546 0.5
5819 5820 0 0 0.5
5819 6579 2.958039892 0.02224859546 0.5
5820 5822 0 0 0.5
5822 5825 3.398529094 0.05296225071 0.5
5822 5828 0 0 0.5
5823 5826 2.979093822 0.02291287847 0.5
5823 5827 2.979093822 0.02291287847 0.5
5826 5828 0 0 0.5
5827 5828 0 0 0.5
5830 5833 3.398529094 0.05296225071 0.5
5830 5836 0 0 0.5
5830 5839 3.422718218 0.05454356057 0.5
5830 5849 3.398529094 0.05296225071 0.5
5830 5853 0 0 0.5
5831 5834 2.979093822 0.02291287847 0.5
5831 5835 2.979093822 0.02291287847 0.5
5831 5840 3.422718218 0.05454356057 0.5
5831 5846 3.422718218 0.05454356057 0.5
5831 5848 3.422718218 0.05454356057 0.5
5832 5839 3.422718218 0.05454356057 0.5
5832 5847 3.422718218 0.05454356057 0.5
5833 5838 3.398529094 0.05296225071 0.5
5834 5836 0 0 0.5
5835 5836 0 0 0.5
5836 5838 0 0 0.5
5838 5841 3.398529094 0.05296225071 0.5
5838 5844 0 0 0.5
5838 5847 3.422718218 0.05454356057 0.5
5839 5842 2.979093822 0.02291287847 0.5
5839 5843 2.979093822 0.02291287847 0.5
5839 5848 3.422718218 0.05454356057 0.5
5840 5847 3.422718218 0.05454356057 0.5
5841 5846 3.398529094 0.05296225071 0.5
5842 5844 0 0 0.5
5843 5844 0 0 0.5
5844 5846 0 0 0.5
5846 5849 3.398529094 0.05296225071 0.5
5846 5853 0 0 0.5
5847 5850 3.328062499 0.05454356057 0.5
5847 5851 2.979093822 0.02291287847 0.5
5847 5852 2.979093822 0.02291287847 0.5
5848 6917 3.398529094 0.05296225071 0.5
5849 6916 3.398529094 0.05296225071 0.5
5849 6918 2.958039892 0.02224859546 0.5
5849 6919 2.958039892 0.02224859546 0.5
5850 5853 0 0 0.5
5850 6915 3.328062499 0.05454356057 0.5
5850 6920 0 0 0.5
5851 5853 0 0 0.5
5851 6917 2.958039892 0.02224859546 0.5
5852 5853 0 0 0.5
5852 6917 2.958039892 0.02224859546 0.5
5855 5858 3.398529094 0.05296225071 0.5
5855 5861 0 0 0.5
5855 5864 3.422718218 0.05454356057 0.5
5855 5875 3.398529094 0.05296225071 0.5
5855 5878 0 0 0.5
5856 5859 2.979093822 0.02291287847 0.5
5856 5860 2.979093822 0.02291287847 0.5
5856 5865 3.422718218 0.05454356057 0.5
5856 5872 3.422718218 0.05454356057 0.5
5856 5874 3.422718218 0.05454356057 0.5
5857 5864 3.422718218 0.05454356057 0.5
5857 5873 3.422718218 0.05454356057 0.5
5858 5863 3.398529094 0.05296225071 0.5
5859 5861 0 0 0.5
5860 5861 0 0 0.5
5861 5863 0 0 0.5
5863 5866 3.398529094 0.05296225071 0.5
5863 5870 0 0 0.5
5863 5873 3.422718218 0.05454356057 0.5
5864 5867 3.328062499 0.05454356057 0.5
5864 5868 2.979093822 0.02291287847 0.5
5864 5869 2.979093822 0.02291287847 0.5
5864 5874 3.422718218 0.05454356057 0.5
5865 5873 3.422718218 0.05454356057 0.5
5865 9434 3.398529094 0.05296225071 0.5
5866 5872 3.398529094 0.05296225071 0.5
5866 9433 3.398529094 0.05296225071 0.5
5866 9435 2.958039892 0.02224859546 0.5
5866 9436 2.958039892 0.02224859546 0.5
5867 5870 0 0 0.5
5867 9432 3.328062499 0.05454356057 0.5
5867 9437 0 0 0.5
5868 5870 0 0 0.5
5868 9434 2.958039892 0.02224859546 0.5
5869 5870 0 0 0.5
5869 9434 2.958039892 0.02224859546 0.5
5870 5872 0 0 0.5
5872 5875 3.398529094 0.05296225071 0.5
5872 5878 0 0 0.5
5873 5876 2.979093822 0.02291287847 0.5
5873 5877 2.979093822 0.02291287847 0.5
5876 5878 0 0 0.5
5877 5878 0 0 0.5
5880 5883 3.398529094 0.05296225071 0.5
5880 5887 0 0 0.5
5880 5890 3.422718218 0.05454356057 0.5
5880 5900 3.398529094 0.05296225071 0.5
5880 5903 0 0 0.5
5881 5884 3.328062499 0.05454356057 0.5
5881 5885 2.979093822 0.02291287847 0.5
5881 5886 2.979093822 0.02291287847 0.5
5881 5891 3.422718218 0.05454356057 0.5
5881 5897 3.422718218 0.05454356057 0.5
5881 5899 3.422718218 0.05454356057 0.5
5882 5890 3.422718218 0.05454356057 0.5
5882 5898 3.422718218 0.05454356057 0.5
5882 7245 3.398529094 0.05296225071 0.5
5883 5889 3.398529094 0.05296225071 0.5
5883 7244 3.398529094 0.05296225071 0.5
5883 7246 2.958039892 0.02224859546 0.5
5883 7247 2.958039892 0.02224859546 0.5
5884 5887 0 0 0.5
5884 7243 3.328062499 0.05454356057 0.5
5884 7248 0 0 0.5
5885 5887 0 0 0.5
5885 7245 2.958039892 0.02224859546 0.5
5886 5887 0 0 0.5
5886 7245 2.958039892 0.02224859546 0.5
5887 5889 0 0 0.5
5889 5892 3.398529094 0.05296225071 0.5
5889 5895 0 0 0.5
5889 5898 3.422718218 0.05454356057 0.5
5890 5893 2.979093822 0.02291287847 0.5
5890 5894 2.979093822 0.02291287847 0.5
5890 5899 3.422718218 0.05454356057 0.5
5891 5898 3.422718218 0.05454356057 0.5
5892 5897 3.398529094 0.05296225071 0.5
5893 5895 0 0 0.5
5894 5895 0 0 0.5
5895 5897 0 0 0.5
5897 5900 3.398529094 0.05296225071 0.5
5897 5903 0 0 0.5
5898 5901 2.979093822 0.02291287847 0.5
5898 5902 2.979093822 0.02291287847 0.5
5901 5903 0 0 0.5
5902 5903 0 0 0.5
5905 5908 3.398529094 0.05296225071 0.5
5905 5912 0 0 0.5
5905 5915 3.422718218 0.05454356057 0.5
5905 5926 3.398529094 0.05296225071 0.5
5905 5930 0 0 0.5
5906 5909 3.328062499 0.05454356057 0.5
5906 5910 2.979093822 0.02291287847 0.5
5906 5911 2.979093822 0.02291287847 0.5
5906 5916 3.422718218 0.05454356057 0.5
5906 5923 3.422718218 0.05454356057 0.5
5906 5925 3.422718218 0.05454356057 0.5
5907 5915 3.422718218 0.05454356057 0.5
5907 5924 3.422718218 0.05454356057 0.5
5907 10260 3.398529094 0.05296225071 0.5
5908 5914 3.398529094 0.05296225071 0.5
5908 10259 3.398529094 0.05296225071 0.5
5908 10261 2.958039892 0.02224859546 0.5
5908 10262 2.958039892 0.02224859546 0.5
5909 5912 0 0 0.5
5909 10258 3.328062499 0.05454356057 0.5
5909 10263 0 0 0.5
5910 5912 0 0 0.5
5910 10260 2.958039892 0.02224859546 0.5
5911 5912 0 0 0.5
5911 10260 2.958039892 0.02224859546 0.5
5912 5914 0 0 0.5
5914 5917 3.398529094 0.05296225071 0.5
5914 5921 0 0 0.5
5914 5924 3.422718218 0.05454356057 0.5
5915 5918 3.328062499 0.05454356057 0.5
5915 5919 2.979093822 0.02291287847 0.5
5915 5920 2.979093822 0.02291287847 0.5
5915 5925 3.422718218 0.05454356057 0.5
5916 5924 3.422718218 0.05454356057 0.5
5916 11626 3.398529094 0.05296225071 0.5
5917 5923 3.398529094 0.05296225071 0.5
5917 11625 3.398529094 0.05296225071 0.5
5917 11627 2.958039892 0.02224859546 0.5
5917 11628 2.958039892 0.02224859546 0.5
5918 5921 0 0 0.5
5918 11624 3.328062499 0.05454356057 0.5
5918 11629 0 0 0.5
5919 5921 0 0 0.5
5919 11626 2.958039892 0.02224859546 0.5
5920 5921 0 0 0.5
5920 11626 2.958039892 0.02224859546 0.5
5921 5923 0 0 0.5
5923 5926 3.398529094 0.05296225071 0.5
5923 5930 0 0 0.5
5924 5927 3.328062499 0.05454356057 0.5
5924 5928 2.979093822 0.02291287847 0.5
5924 5929 2.979093822 0.02291287847 0.5
5925 10317 3.398529094 0.05296225071 0.5
5926 10316 3.398529094 0.05296225071 0.5
5926 10318 2.958039892 0.02224859546 0.5
5926 10319 2.958039892 0.02224859546 0.5
5927 5930 0 0 0.5
5927 10315 3.328062499 0.05454356057 0.5
5927 10320 0 0 0.5
5928 5930 0 0 0.5
5928 10317 2.958039892 0.02224859546 0.5
5929 5930 0 0 0.5
5929 10317 2.958039892 0.02224859546 0.5
5932 5935 3.398529094 0.05296225071 0.5
5932 5938 0 0 0.5
5932 5941 3.422718218 0.05454356057 0.5
5932 5952 3.398529094 0.05296225071 0.5
5932 5955 0 0 0.5
5933 5936 2.979093822 0.02291287847 0.5
5933 5937 2.979093822 0.02291287847 0.5
5933 5942 3.422718218 0.05454356057 0.5
5933 5949 3.422718218 0.05454356057 0.5
5933 5951 3.422718218 0.05454356057 0.5
5934 5941 3.422718218 0.05454356057 0.5
5934 5950 3.422718218 0.05454356057 0.5
5935 5940 3.398529094 0.05296225071 0.5
5936 5938 0 0 0.5
5937 5938 0 0 0.5
5938 5940 0 0 0.5
5940 5943 3.398529094 0.05296225071 0.5
5940 5947 0 0 0.5
5940 5950 3.422718218 0.05454356057 0.5
5941 5944 3.328062499 0.05454356057 0.5
5941 5945 2.979093822 0.02291287847 0.5
5941 5946 2.979093822 0.02291287847 0.5
5941 5951 3.422718218 0.05454356057 0.5
5942 5950 3.422718218 0.05454356057 0.5
5942 6993 3.398529094 0.05296225071 0.5
5943 5949 3.398529094 0.05296225071 0.5
5943 6992 3.398529094 0.05296225071 0.5
5943 6994 2.958039892 0.02224859546 0.5
5943 6995 2.958039892 0.02224859546 0.5
5944 5947 0 0 0.5
5944 6991 3.328062499 0.05454356057 0.5
5944 6996 0 0 0.5
5945 5947 0 0 0.5
5945 6993 2.958039892 0.02224859546 0.5
5946 5947 0 0 0.5
5946 6993 2.958039892 0.02224859546 0.5
5947 5949 0 0 0.5
5949 5952 3.398529094 0.05296225071 0.5
5949 5955 0 0 0.5
5950 5953 2.979093822 0.02291287847 0.5
5950 5954 2.979093822 0.02291287847 0.5
5953 5955 0 0 0.5
5954 5955 0 0 0.5
5957 5960 3.398529094 0.05296225071 0.5
5957 5964 0 0 0.5
5957 5967 3.422718218 0.05454356057 0.5
5957 5977 3.398529094 0.05296225071 0.5
5957 5981 0 0 0.5
5958 5961 3.328062499 0.05454356057 0.5
5958 5962 2.979093822 0.02291287847 0.5
5958 5963 2.979093822 0.02291287847 0.5
5958 5968 3.422718218 0.05454356057 0.5
5958 5974 3.422718218 0.05454356057 0.5
5958 5976 3.422718218 0.05454356057 0.5
5959 5967 3.422718218 0.05454356057 0.5
5959 5975 3.422718218 0.05454356057 0.5
5959 6253 3.398529094 0.05296225071 0.5
5960 5966 3.398529094 0.05296225071 0.5
5960 6252 3.398529094 0.05296225071 0.5
5960 6254 2.958039892 0.02224859546 0.5
5960 6255 2.958039892 0.02224859546 0.5
5961 5964 0 0 0.5
5961 6251 3.328062499 0.05454356057 0.5
5961 6256 0 0 0.5
5962 5964 0 0 0.5
5962 6253 2.958039892 0.02224859546 0.5
5963 5964 0 0 0.5
5963 6253 2.958039892 0.02224859546 0.5
5964 5966 0 0 0.5
5966 5969 3.398529094 0.05296225071 0.5
5966 5972 0 0 0.5
5966 5975 3.422718218 0.05454356057 0.5
5967 5970 2.979093822 0.02291287847 0.5
5967 5971 2.979093822 0.02291287847 0.5
5967 5976 3.422718218 0.05454356057 0.5
5968 5975 3.422718218 0.05454356057 0.5
5969 5974 3.398529094 0.05296225071 0.5
5970 5972 0 0 0.5
5971 5972 0 0 0.5
5972 5974 0 0 0.5
5974 5977 3.398529094 0.05296225071 0.5
5974 5981 0 0 0.5
5975 5978 3.328062499 0.05454356057 0.5
5975 5979 2.979093822 0.02291287847 0.5
5975 5980 2.979093822 0.02291287847 0.5
5976 10349 3.398529094 0.05296225071 0.5
5977 10348 3.398529094 0.05296225071 0.5
5977 10350 2.958039892 0.02224859546 0.5
5977 10351 2.958039892 0.02224859546 0.5
5978 5981 0 0 0.5
5978 10347 3.328062499 0.05454356057 0.5
5978 10352 0 0 0.5
5979 5981 0 0 0.5
5979 10349 2.958039892 0.02224859546 0.5
5980 5981 0 0 0.5
5980 10349 2.958039892 0.02224859546 0.5
5983 5986 3.398529094 0.05296225071 0.5
5983 5990 0 0 0.5
5983 5993 3.422718218 0.05454356057 0.5
5983 6004 3.398529094 0.05296225071 0.5
5983 6007 0 0 0.5
5984 5987 3.328062499 0.05454356057 0.5
5984 5988 2.979093822 0.02291287847 0.5
5984 5989 2.979093822 0.02291287847 0.5
5984 5994 3.422718218 0.05454356057 0.5
5984 6001 3.422718218 0.05454356057 0.5
5984 6003 3.422718218 0.05454356057 0.5
5985 5993 3.422718218 0.05454356057 0.5
5985 6002 3.422718218 0.05454356057 0.5
5985 7840 3.398529094 0.05296225071 0.5
5986 5992 3.398529094 0.05296225071 0.5
5986 7839 3.398529094 0.05296225071 0.5
5986 7841 2.958039892 0.02224859546 0.5
5986 7842 2.958039892 0.02224859546 0.5
5987 5990 0 0 0.5
5987 7838 3.328062499 0.05454356057 0.5
5987 7843 0 0 0.5
5988 5990 0 0 0.5
5988 7840 2.958039892 0.02224859546 0.5
5989 5990 0 0 0.5
5989 7840 2.958039892 0.02224859546 0.5
5990 5992 0 0 0.5
5992 5995 3.398529094 0.05296225071 0.5
5992 5999 0 0 0.5
5992 6002 3.422718218 0.05454356057 0.5
5993 5996 3.328062499 0.05454356057 0.5
5993 5997 2.979093822 0.02291287847 0.5
5993 5998 2.979093822 0.02291287847 0.5
5993 6003 3.422718218 0.05454356057 0.5
5994 6002 3.422718218 0.05454356057 0.5
5994 8439 3.398529094 0.05296225071 0.5
5995 6001 3.398529094 0.05296225071 0.5
5995 8438 3.398529094 0.05296225071 0.5
5995 8440 2.958039892 0.02224859546 0.5
5995 8441 2.958039892 0.02224859546 0.5
5996 5999 0 0 0.5
5996 8437 3.328062499 0.05454356057 0.5
5996 8442 0 0 0.5
5997 5999 0 0 0.5
5997 8439 2.958039892 0.02224859546 0.5
5998 5999 0 0 0.5
5998 8439 2.958039892 0.02224859546 0.5
5999 6001 0 0 0.5
6001 6004 3.398529094 0.05296225071 0.5
6001 6007 0 0 0.5
6002 6005 2.979093822 0.02291287847 0.5
6002 6006 2.979093822 0.02291287847 0.5
6005 6007 0 0 0.5
6006 6007 0 0 0.5
6009 6012 3.398529094 0.05296225071 0.5
6009 6017 0 0 0.5
6009 6020 3.422718218 0.05454356057 0.5
6009 6030 3.398529094 0.05296225071 0.5
6009 6033 0 0 0.5
6010 6013 3.328062499 0.05454356057 0.5
6010 6015 2.979093822 0.02291287847 0.5
6010 6016 2.979093822 0.02291287847 0.5
6010 6021 3.422718218 0.05454356057 0.5
6010 6027 3.422718218 0.05454356057 0.5
6010 6029 3.422718218 0.05454356057 0.5
6011 6014 0 0 0.5
6011 6020 3.422718218 0.05454356057 0.5
6011 6028 3.422718218 0.05454356057 0.5
6012 6019 3.398529094 0.05296225071 0.5
6013 6017 0 0 0.5
6014 6015 0 0 0.5
6014 6016 0 0 0.5
6015 6017 0 0 0.5
6016 6017 0 0 0.5
6017 6019 0 0 0.5
6019 6022 3.398529094 0.05296225071 0.5
6019 6025 0 0 0.5
6019 6028 3.422718218 0.05454356057 0.5
6020 6023 2.979093822 0.02291287847 0.5
6020 6024 2.979093822 0.02291287847 0.5
6020 6029 3.422718218 0.05454356057 0.5
6021 6028 3.422718218 0.05454356057 0.5
6022 6027 3.398529094 0.05296225071 0.5
6023 6025 0 0 0.5
6024 6025 0 0 0.5
6025 6027 0 0 0.5
6027 6030 3.398529094 0.05296225071 0.5
6027 6033 0 0 0.5
6028 6031 2.979093822 0.02291287847 0.5
6028 6032 2.979093822 0.02291287847 0.5
6031 6033 0 0 0.5
6032 6033 0 0 0.5
6035 6038 3.398529094 0.05296225071 0.5
6035 6041 0 0 0.5
6035 6044 3.422718218 0.05454356057 0.5
6035 6055 3.398529094 0.05296225071 0.5
6035 6060 0 0 0.5
6036 6039 2.979093822 0.02291287847 0.5
6036 6040 2.979093822 0.02291287847 0.5
6036 6045 3.422718218 0.05454356057 0.5
6036 6052 3.422718218 0.05454356057 0.5
6036 6054 3.422718218 0.05454356057 0.5
6037 6044 3.422718218 0.05454356057 0.5
6037 6053 3.422718218 0.05454356057 0.5
6038 6043 3.398529094 0.05296225071 0.5
6039 6041 0 0 0.5
6040 6041 0 0 0.5
6041 6043 0 0 0.5
6043 6046 3.398529094 0.05296225071 0.5
6043 6050 0 0 0.5
6043 6053 3.422718218 0.05454356057 0.5
6044 6047 3.328062499 0.05454356057 0.5
6044 6048 2.979093822 0.02291287847 0.5
6044 6049 2.979093822 0.02291287847 0.5
6044 6054 3.422718218 0.05454356057 0.5
6045 6053 3.422718218 0.05454356057 0.5
6045 7411 3.398529094 0.05296225071 0.5
6046 6052 3.398529094 0.05296225071 0.5
6046 7410 3.398529094 0.05296225071 0.5
6046 7412 2.958039892 0.02224859546 0.5
6046 7413 2.958039892 0.02224859546 0.5
6047 6050 0 0 0.5
6047 7409 3.328062499 0.05454356057 0.5
6047 7414 0 0 0.5
6048 6050 0 0 0.5
6048 7411 2.958039892 0.02224859546 0.5
6049 6050 0 0 0.5
6049 7411 2.958039892 0.02224859546 0.5
6050 6052 0 0 0.5
6052 6055 3.398529094 0.05296225071 0.5
6052 6060 0 0 0.5
6053 6056 3.328062499 0.05454356057 0.5
6053 6058 2.979093822 0.02291287847 0.5
6053 6059 2.979093822 0.02291287847 0.5
6054 6057 0 0 0.5
6056 6060 0 0 0.5
6057 6058 0 0 0.5
6057 6059 0 0 0.5
6058 6060 0 0 0.5
6059 6060 0 0 0.5
6062 6065 3.398529094 0.05296225071 0.5
6062 6068 0 0 0.5
6062 6071 3.422718218 0.05454356057 0.5
6062 6082 3.398529094 0.05296225071 0.5
6062 6086 0 0 0.5
6063 6066 2.979093822 0.02291287847 0.5
6063 6067 2.979093822 0.02291287847 0.5
6063 6072 3.422718218 0.05454356057 0.5
6063 6079 3.422718218 0.05454356057 0.5
6063 6081 3.422718218 0.05454356057 0.5
6064 6071 3.422718218 0.05454356057 0.5
6064 6080 3.422718218 0.05454356057 0.5
6065 6070 3.398529094 0.05296225071 0.5
6066 6068 0 0 0.5
6067 6068 0 0 0.5
6068 6070 0 0 0.5
6070 6073 3.398529094 0.05296225071 0.5
6070 6077 0 0 0.5
6070 6080 3.422718218 0.05454356057 0.5
6071 6074 3.328062499 0.05454356057 0.5
6071 6075 2.979093822 0.02291287847 0.5
6071 6076 2.979093822 0.02291287847 0.5
6071 6081 3.422718218 0.05454356057 0.5
6072 6080 3.422718218 0.05454356057 0.5
6072 6842 3.398529094 0.05296225071 0.5
6073 6079 3.398529094 0.05296225071 0.5
6073 6841 3.398529094 0.05296225071 0.5
6073 6843 2.958039892 0.02224859546 0.5
6073 6844 2.958039892 0.02224859546 0.5
6074 6077 0 0 0.5
6074 6840 3.328062499 0.05454356057 0.5
6074 6845 0 0 0.5
6075 6077 0 0 0.5
6075 6842 2.958039892 0.02224859546 0.5
6076 6077 0 0 0.5
6076 6842 2.958039892 0.02224859546 0.5
6077 6079 0 0 0.5
6079 6082 3.398529094 0.05296225071 0.5
6079 6086 0 0 0.5
6080 6083 3.328062499 0.05454356057 0.5
6080 6084 2.979093822 0.02291287847 0.5
6080 6085 2.979093822 0.02291287847 0.5
6081 11457 3.398529094 0.05296225071 0.5
6082 11456 3.398529094 0.05296225071 0.5
6082 11458 2.958039892 0.02224859546 0.5
6082 11459 2.958039892 0.02224859546 0.5
6083 6086 0 0 0.5
6083 11455 3.328062499 0.05454356057 0.5
6083 11460 0 0 0.5
6084 6086 0 0 0.5
6084 11457 2.958039892 0.02224859546 0.5
6085 6086 0 0 0.5
6085 11457 2.958039892 0.02224859546 0.5
6088 6091 3.398529094 0.05296225071 0.5
6088 6095 0 0 0.5
6088 6098 3.422718218 0.05454356057 0.5
6088 6109 3.398529094 0.05296225071 0.5
6088 6112 0 0 0.5
6089 6092 3.328062499 0.05454356057 0.5
6089 6093 2.979093822 0.02291287847 0.5
6089 6094 2.979093822 0.02291287847 0.5
6089 6099 3.422718218 0.05454356057 0.5
6089 6106 3.422718218 0.05454356057 0.5
6089 6108 3.422718218 0.05454356057 0.5
6090 6098 3.422718218 0.05454356057 0.5
6090 6107 3.422718218 0.05454356057 0.5
6090 8083 3.398529094 0.05296225071 0.5
6091 6097 3.398529094 0.05296225071 0.5
6091 8082 3.398529094 0.05296225071 0.5
6091 8084 2.958039892 0.02224859546 0.5
6091 8085 2.958039892 0.02224859546 0.5
6092 6095 0 0 0.5
6092 8081 3.328062499 0.05454356057 0.5
6092 8086 0 0 0.5
6093 6095 0 0 0.5
6093 8083 2.958039892 0.02224859546 0.5
6094 6095 0 0 0.5
6094 8083 2.958039892 0.02224859546 0.5
6095 6097 0 0 0.5
6097 6100 3.398529094 0.05296225071 0.5
6097 6104 0 0 0.5
6097 6107 3.422718218 0.05454356057 0.5
6098 6101 3.328062499 0.05454356057 0.5
6098 6102 2.979093822 0.02291287847 0.5
6098 6103 2.979093822 0.02291287847 0.5
6098 6108 3.422718218 0.05454356057 0.5
6099 6107 3.422718218 0.05454356057 0.5
6099 11417 3.398529094 0.05296225071 0.5
6100 6106 3.398529094 0.05296225071 0.5
6100 11416 3.398529094 0.05296225071 0.5
6100 11418 2.958039892 0.02224859546 0.5
6100 11419 2.958039892 0.02224859546 0.5
6101 6104 0 0 0.5
6101 11415 3.328062499 0.05454356057 0.5
6101 11420 0 0 0.5
6102 6104 0 0 0.5
6102 11417 2.958039892 0.02224859546 0.5
6103 6104 0 0 0.5
6103 11417 2.958039892 0.02224859546 0.5
6104 6106 0 0 0.5
6106 6109 3.398529094 0.05296225071 0.5
6106 6112 0 0 0.5
6107 6110 2.979093822 0.02291287847 0.5
6107 6111 2.979093822 0.02291287847 0.5
6110 6112 0 0 0.5
6111 6112 0 0 0.5
6114 6117 3.398529094 0.05296225071 0.5
6114 6121 0 0 0.5
6114 6124 3.422718218 0.05454356057 0.5
6114 6135 3.398529094 0.05296225071 0.5
6114 6138 0 0 0.5
6115 6118 3.328062499 0.05454356057 0.5
6115 6119 2.979093822 0.02291287847 0.5
6115 6120 2.979093822 0.02291287847 0.5
6115 6125 3.422718218 0.05454356057 0.5
6115 6132 3.422718218 0.05454356057 0.5
6115 6134 3.422718218 0.05454356057 0.5
6116 6124 3.422718218 0.05454356057 0.5
6116 6133 3.422718218 0.05454356057 0.5
6116 10409 3.398529094 0.05296225071 0.5
6117 6123 3.398529094 0.05296225071 0.5
6117 10408 3.398529094 0.05296225071 0.5
6117 10410 2.958039892 0.02224859546 0.5
6117 10411 2.958039892 0.02224859546 0.5
6118 6121 0 0 0.5
6118 10407 3.328062499 0.05454356057 0.5
6118 10412 0 0 0.5
6119 6121 0 0 0.5
6119 10409 2.958039892 0.02224859546 0.5
6120 6121 0 0 0.5
6120 10409 2.958039892 0.02224859546 0.5
6121 6123 0 0 0.5
6123 6126 3.398529094 0.05296225071 0.5
6123 6130 0 0 0.5
6123 6133 3.422718218 0.05454356057 0.5
6124 6127 3.328062499 0.05454356057 0.5
6124 6128 2.979093822 0.02291287847 0.5
6124 6129 2.979093822 0.02291287847 0.5
6124 6134 3.422718218 0.05454356057 0.5
6125 6133 3.422718218 0.05454356057 0.5
6125 12123 3.398529094 0.05296225071 0.5
6126 6132 3.398529094 0.05296225071 0.5
6126 12122 3.398529094 0.05296225071 0.5
6126 12124 2.958039892 0.02224859546 0.5
6126 12125 2.958039892 0.02224859546 0.5
6127 6130 0 0 0.5
6127 12121 3.328062499 0.05454356057 0.5
6127 12126 0 0 0.5
6128 6130 0 0 0.5
6128 12123 2.958039892 0.02224859546 0.5
6129 6130 0 0 0.5
6129 12123 2.958039892 0.02224859546 0.5
6130 6132 0 0 0.5
6132 6135 3.398529094 0.05296225071 0.5
6132 6138 0 0 0.5
6133 6136 2.979093822 0.02291287847 0.5
6133 6137 2.979093822 0.02291287847 0.5
6136 6138 0 0 0.5
6137 6138 0 0 0.5
6140 6143 3.398529094 0.05296225071 0.5
6140 6147 0 0 0.5
6140 6150 3.422718218 0.05454356057 0.5
6140 6161 3.398529094 0.05296225071 0.5
6140 6165 0 0 0.5
6141 6144 3.328062499 0.05454356057 0.5
6141 6145 2.979093822 0.02291287847 0.5
6141 6146 2.979093822 0.02291287847 0.5
6141 6151 3.422718218 0.05454356057 0.5
6141 6158 3.422718218 0.05454356057 0.5
6141 6160 3.422718218 0.05454356057 0.5
6142 6150 3.422718218 0.05454356057 0.5
6142 6159 3.422718218 0.05454356057 0.5
6142 12642 3.398529094 0.05296225071 0.5
6143 6149 3.398529094 0.05296225071 0.5
6143 12641 3.398529094 0.05296225071 0.5
6143 12643 2.958039892 0.02224859546 0.5
6143 12644 2.958039892 0.02224859546 0.5
6144 6147 0 0 0.5
6144 12640 3.328062499 0.05454356057 0.5
6144 12645 0 0 0.5
6145 6147 0 0 0.5
6145 12642 2.958039892 0.02224859546 0.5
6146 6147 0 0 0.5
6146 12642 2.958039892 0.02224859546 0.5
6147 6149 0 0 0.5
6149 6152 3.398529094 0.05296225071 0.5
6149 6156 0 0 0.5
6149 6159 3.422718218 0.05454356057 0.5
6150 6153 3.328062499 0.05454356057 0.5
6150 6154 2.979093822 0.02291287847 0.5
6150 6155 2.979093822 0.02291287847 0.5
6150 6160 3.422718218 0.05454356057 0.5
6151 6159 3.422718218 0.05454356057 0.5
6151 10151 3.398529094 0.05296225071 0.5
6152 6158 3.398529094 0.05296225071 0.5
6152 10150 3.398529094 0.05296225071 0.5
6152 10152 2.958039892 0.02224859546 0.5
6152 10153 2.958039892 0.02224859546 0.5
6153 6156 0 0 0.5
6153 10149 3.328062499 0.05454356057 0.5
6153 10154 0 0 0.5
6154 6156 0 0 0.5
6154 10151 2.958039892 0.02224859546 0.5
6155 6156 0 0 0.5
6155 10151 2.958039892 0.02224859546 0.5
6156 6158 0 0 0.5
6158 6161 3.398529094 0.05296225071 0.5
6158 6165 0 0 0.5
6159 6162 3.328062499 0.05454356057 0.5
6159 6163 2.979093822 0.02291287847 0.5
6159 6164 2.979093822 0.02291287847 0.5
6160 9176 3.398529094 0.05296225071 0.5
6161 9175 3.398529094 0.05296225071 0.5
6161 9177 2.958039892 0.02224859546 0.5
6161 9178 2.958039892 0.02224859546 0.5
6162 6165 0 0 0.5
6162 9174 3.328062499 0.05454356057 0.5
6162 9179 0 0 0.5
6163 6165 0 0 0.5
6163 9176 2.958039892 0.02224859546 0.5
6164 6165 0 0 0.5
6164 9176 2.958039892 0.02224859546 0.5
6167 6170 3.398529094 0.05296225071 0.5
6167 6175 0 0 0.5
6167 6178 3.422718218 0.05454356057 0.5
6167 6189 3.398529094 0.05296225071 0.5
6167 6193 0 0 0.5
6168 6171 3.328062499 0.05454356057 0.5
6168 6173 2.979093822 0.02291287847 0.5
6168 6174 2.979093822 0.02291287847 0.5
6168 6179 3.422718218 0.05454356057 0.5
6168 6186 3.422718218 0.05454356057 0.5
6168 6188 3.422718218 0.05454356057 0.5
6169 6172 0 0 0.5
6169 6178 3.422718218 0.05454356057 0.5
6169 6187 3.422718218 0.05454356057 0.5
6170 6177 3.398529094 0.05296225071 0.5
6171 6175 0 0 0.5
6172 6173 0 0 0.5
6172 6174 0 0 0.5
6173 6175 0 0 0.5
6174 6175 0 0 0.5
6175 6177 0 0 0.5
6177 6180 3.398529094 0.05296225071 0.5
6177 6184 0 0 0.5
6177 6187 3.422718218 0.05454356057 0.5
6178 6181 3.328062499 0.05454356057 0.5
6178 6182 2.979093822 0.02291287847 0.5
6178 6183 2.979093822 0.02291287847 0.5
6178 6188 3.422718218 0.05454356057 0.5
6179 6187 3.422718218 0.05454356057 0.5
6179 8362 3.398529094 0.05296225071 0.5
6180 6186 3.398529094 0.05296225071 0.5
6180 8361 3.398529094 0.05296225071 0.5
6180 8363 2.958039892 0.02224859546 0.5
6180 8364 2.958039892 0.02224859546 0.5
6181 6184 0 0 0.5
6181 8360 3.328062499 0.05454356057 0.5
6181 8365 0 0 0.5
6182 6184 0 0 0.5
6182 8362 2.958039892 0.02224859546 0.5
6183 6184 0 0 0.5
6183 8362 2.958039892 0.02224859546 0.5
6184 6186 0 0 0.5
6186 6189 3.398529094 0.05296225071 0.5
6186 6193 0 0 0.5
6187 6190 3.328062499 0.05454356057 0.5
6187 6191 2.979093822 0.02291287847 0.5
6187 6192 2.979093822 0.02291287847 0.5
6188 8288 3.398529094 0.05296225071 0.5
6189 8287 3.398529094 0.05296225071 0.5
6189 8289 2.958039892 0.02224859546 0.5
6189 8290 2.958039892 0.02224859546 0.5
6190 6193 0 0 0.5
6190 8286 3.328062499 0.05454356057 0.5
6190 8291 0 0 0.5
6191 6193 0 0 0.5
6191 8288 2.958039892 0.02224859546 0.5
6192 6193 0 0 0.5
6192 8288 2.958039892 0.02224859546 0.5
6195 6198 3.398529094 0.05296225071 0.5
6195 6201 0 0 0.5
6195 6204 3.422718218 0.05454356057 0.5
6195 6215 3.398529094 0.05296225071 0.5
6195 6219 0 0 0.5
6196 6199 2.979093822 0.02291287847 0.5
6196 6200 2.979093822 0.02291287847 0.5
6196 6205 3.422718218 0.05454356057 0.5
6196 6212 3.422718218 0.05454356057 0.5
6196 6214 3.422718218 0.05454356057 0.5
6197 6204 3.422718218 0.05454356057 0.5
6197 6213 3.422718218 0.05454356057 0.5
6198 6203 3.398529094 0.05296225071 0.5
6199 6201 0 0 0.5
6200 6201 0 0 0.5
6201 6203 0 0 0.5
6203 6206 3.398529094 0.05296225071 0.5
6203 6210 0 0 0.5
6203 6213 3.422718218 0.05454356057 0.5
6204 6207 3.328062499 0.05454356057 0.5
6204 6208 2.979093822 0.02291287847 0.5
6204 6209 2.979093822 0.02291287847 0.5
6204 6214 3.422718218 0.05454356057 0.5
6205 6213 3.422718218 0.05454356057 0.5
6205 9359 3.398529094 0.05296225071 0.5
6206 6212 3.398529094 0.05296225071 0.5
6206 9358 3.398529094 0.05296225071 0.5
6206 9360 2.958039892 0.02224859546 0.5
6206 9361 2.958039892 0.02224859546 0.5
6207 6210 0 0 0.5
6207 9357 3.328062499 0.05454356057 0.5
6207 9362 0 0 0.5
6208 6210 0 0 0.5
6208 9359 2.958039892 0.02224859546 0.5
6209 6210 0 0 0.5
6209 9359 2.958039892 0.02224859546 0.5
6210 6212 0 0 0.5
6212 6215 3.398529094 0.05296225071 0.5
6212 6219 0 0 0.5
6213 6216 3.328062499 0.05454356057 0.5
6213 6217 2.979093822 0.02291287847 0.5
6213 6218 2.979093822 0.02291287847 0.5
6214 11084 3.398529094 0.05296225071 0.5
6215 11083 3.398529094 0.05296225071 0.5
6215 11085 2.958039892 0.02224859546 0.5
6215 11086 2.958039892 0.02224859546 0.5
6216 6219 0 0 0.5
6216 11082 3.328062499 0.05454356057 0.5
6216 11087 0 0 0.5
6217 6219 0 0 0.5
6217 11084 2.958039892 0.02224859546 0.5
6218 6219 0 0 0.5
6218 11084 2.958039892 0.02224859546 0.5
6221 6224 3.398529094 0.05296225071 0.5
6221 6229 0 0 0.5
6221 6232 3.422718218 0.05454356057 0.5
6221 6243 3.398529094 0.05296225071 0.5
6221 6248 0 0 0.5
6222 6225 3.328062499 0.05454356057 0.5
6222 6227 2.979093822 0.02291287847 0.5
6222 6228 2.979093822 0.02291287847 0.5
6222 6233 3.422718218 0.05454356057 0.5
6222 6240 3.422718218 0.05454356057 0.5
6222 6242 3.422718218 0.05454356057 0.5
6223 6226 0 0 0.5
6223 6232 3.422718218 0.05454356057 0.5
6223 6241 3.422718218 0.05454356057 0.5
6224 6231 3.398529094 0.05296225071 0.5
6225 6229 0 0 0.5
6226 6227 0 0 0.5
6226 6228 0 0 0.5
6227 6229 0 0 0.5
6228 6229 0 0 0.5
6229 6231 0 0 0.5
6231 6234 3.398529094 0.05296225071 0.5
6231 6238 0 0 0.5
6231 6241 3.422718218 0.05454356057 0.5
6232 6235 3.328062499 0.05454356057 0.5
6232 6236 2.979093822 0.02291287847 0.5
6232 6237 2.979093822 0.02291287847 0.5
6232 6242 3.422718218 0.05454356057 0.5
6233 6241 3.422718218 0.05454356057 0.5
6233 10541 3.398529094 0.05296225071 0.5
6234 6240 3.398529094 0.05296225071 0.5
6234 10540 3.398529094 0.05296225071 0.5
6234 10542 2.958039892 0.02224859546 0.5
6234 10543 2.958039892 0.02224859546 0.5
6235 6238 0 0 0.5
6235 10539 3.328062499 0.05454356057 0.5
6235 10544 0 0 0.5
6236 6238 0 0 0.5
6236 10541 2.958039892 0.02224859546 0.5
6237 6238 0 0 0.5
6237 10541 2.958039892 0.02224859546 0.5
6238 6240 0 0 0.5
6240 6243 3.398529094 0.05296225071 0.5
6240 6248 0 0 0.5
6241 6244 3.328062499 0.05454356057 0.5
6241 6246 2.979093822 0.02291287847 0.5
6241 6247 2.979093822 0.02291287847 0.5
6242 6245 0 0 0.5
6244 6248 0 0 0.5
6245 6246 0 0 0.5
6245 6247 0 0 0.5
6246 6248 0 0 0.5
6247 6248 0 0 0.5
6250 6253 3.398529094 0.05296225071 0.5
6250 6256 0 0 0.5
6250 6259 3.422718218 0.05454356057 0.5
6250 6271 3.398529094 0.05296225071 0.5
6250 6275 0 0 0.5
6251 6254 2.979093822 0.02291287847 0.5
6251 6255 2.979093822 0.02291287847 0.5
6251 6260 3.422718218 0.05454356057 0.5
6251 6268 3.422718218 0.05454356057 0.5
6251 6270 3.422718218 0.05454356057 0.5
6252 6259 3.422718218 0.05454356057 0.5
6252 6269 3.422718218 0.05454356057 0.5
6253 6258 3.398529094 0.05296225071 0.5
6254 6256 0 0 0.5
6255 6256 0 0 0.5
6256 6258 0 0 0.5
6258 6261 3.398529094 0.05296225071 0.5
6258 6266 0 0 0.5
6258 6269 3.422718218 0.05454356057 0.5
6259 6262 3.328062499 0.05454356057 0.5
6259 6264 2.979093822 0.02291287847 0.5
6259 6265 2.979093822 0.02291287847 0.5
6259 6270 3.422718218 0.05454356057 0.5
6260 6263 0 0 0.5
6260 6269 3.422718218 0.05454356057 0.5
6261 6268 3.398529094 0.05296225071 0.5
6262 6266 0 0 0.5
6263 6264 0 0 0.5
6263 6265 0 0 0.5
6264 6266 0 0 0.5
6265 6266 0 0 0.5
6266 6268 0 0 0.5
6268 6271 3.398529094 0.05296225071 0.5
6268 6275 0 0 0.5
6269 6272 3.328062499 0.05454356057 0.5
6269 6273 2.979093822 0.02291287847 0.5
6269 6274 2.979093822 0.02291287847 0.5
6270 11158 3.398529094 0.05296225071 0.5
6271 11157 3.398529094 0.05296225071 0.5
6271 11159 2.958039892 0.02224859546 0.5
6271 11160 2.958039892 0.02224859546 0.5
6272 6275 0 0 0.5
6272 11156 3.328062499 0.05454356057 0.5
6272 11161 0 0 0.5
6273 6275 0 0 0.5
6273 11158 2.958039892 0.02224859546 0.5
6274 6275 0 0 0.5
6274 11158 2.958039892 0.02224859546 0.5
6277 6280 3.398529094 0.05296225071 0.5
6277 6283 0 0 0.5
6277 6286 3.422718218 0.05454356057 0.5
6277 6297 3.398529094 0.05296225071 0.5
6277 6300 0 0 0.5
6278 6281 2.979093822 0.02291287847 0.5
6278 6282 2.979093822 0.02291287847 0.5
6278 6287 3.422718218 0.05454356057 0.5
6278 6294 3.422718218 0.05454356057 0.5
6278 6296 3.422718218 0.05454356057 0.5
6279 6286 3.422718218 0.05454356057 0.5
6279 6295 3.422718218 0.05454356057 0.5
6280 6285 3.398529094 0.05296225071 0.5
6281 6283 0 0 0.5
6282 6283 0 0 0.5
6283 6285 0 0 0.5
6285 6288 3.398529094 0.05296225071 0.5
6285 6292 0 0 0.5
6285 6295 3.422718218 0.05454356057 0.5
6286 6289 3.328062499 0.05454356057 0.5
6286 6290 2.979093822 0.02291287847 0.5
6286 6291 2.979093822 0.02291287847 0.5
6286 6296 3.422718218 0.05454356057 0.5
6287 6295 3.422718218 0.05454356057 0.5
6287 11584 3.398529094 0.05296225071 0.5
6288 6294 3.398529094 0.05296225071 0.5
6288 11583 3.398529094 0.05296225071 0.5
6288 11585 2.958039892 0.02224859546 0.5
6288 11586 2.958039892 0.02224859546 0.5
6289 6292 0 0 0.5
6289 11582 3.328062499 0.05454356057 0.5
6289 11587 0 0 0.5
6290 6292 0 0 0.5
6290 11584 2.958039892 0.02224859546 0.5
6291 6292 0 0 0.5
6291 11584 2.958039892 0.02224859546 0.5
6292 6294 0 0 0.5
6294 6297 3.398529094 0.05296225071 0.5
6294 6300 0 0 0.5
6295 6298 2.979093822 0.02291287847 0.5
6295 6299 2.979093822 0.02291287847 0.5
6298 6300 0 0 0.5
6299 6300 0 0 0.5
6302 6305 3.398529094 0.05296225071 0.5
6302 6310 0 0 0.5
6302 6313 3.422718218 0.05454356057 0.5
6302 6324 3.398529094 0.05296225071 0.5
6302 6329 0 0 0.5
6303 6306 3.328062499 0.05454356057 0.5
6303 6308 2.979093822 0.02291287847 0.5
6303 6309 2.979093822 0.02291287847 0.5
6303 6314 3.422718218 0.05454356057 0.5
6303 6321 3.422718218 0.05454356057 0.5
6303 6323 3.422718218 0.05454356057 0.5
6304 6307 0 0 0.5
6304 6313 3.422718218 0.05454356057 0.5
6304 6322 3.422718218 0.05454356057 0.5
6305 6312 3.398529094 0.05296225071 0.5
6306 6310 0 0 0.5
6307 6308 0 0 0.5
6307 6309 0 0 0.5
6308 6310 0 0 0.5
6309 6310 0 0 0.5
6310 6312 0 0 0.5
6312 6315 3.398529094 0.05296225071 0.5
6312 6319 0 0 0.5
6312 6322 3.422718218 0.05454356057 0.5
6313 6316 3.328062499 0.05454356057 0.5
6313 6317 2.979093822 0.02291287847 0.5
6313 6318 2.979093822 0.02291287847 0.5
6313 6323 3.422718218 0.05454356057 0.5
6314 6322 3.422718218 0.05454356057 0.5
6314 8346 3.398529094 0.05296225071 0.5
6315 6321 3.398529094 0.05296225071 0.5
6315 8345 3.398529094 0.05296225071 0.5
6315 8347 2.958039892 0.02224859546 0.5
6315 8348 2.958039892 0.02224859546 0.5
6316 6319 0 0 0.5
6316 8344 3.328062499 0.05454356057 0.5
6316 8349 0 0 0.5
6317 6319 0 0 0.5
6317 8346 2.958039892 0.02224859546 0.5
6318 6319 0 0 0.5
6318 8346 2.958039892 0.02224859546 0.5
6319 6321 0 0 0.5
6321 6324 3.398529094 0.05296225071 0.5
6321 6329 0 0 0.5
6322 6325 3.328062499 0.05454356057 0.5
6322 6327 2.979093822 0.02291287847 0.5
6322 6328 2.979093822 0.02291287847 0.5
6323 6326 0 0 0.5
6325 6329 0 0 0.5
6326 6327 0 0 0.5
6326 6328 0 0 0.5
6327 6329 0 0 0.5
6328 6329 0 0 0.5
6331 6334 3.398529094 0.05296225071 0.5
6331 6339 0 0 0.5
6331 6342 3.422718218 0.05454356057 0.5
6331 6353 3.398529094 0.05296225071 0.5
6331 6357 0 0 0.5
6332 6335 3.328062499 0.05454356057 0.5
6332 6337 2.979093822 0.02291287847 0.5
6332 6338 2.979093822 0.02291287847 0.5
6332 6343 3.422718218 0.05454356057 0.5
6332 6350 3.422718218 0.05454356057 0.5
6332 6352 3.422718218 0.05454356057 0.5
6333 6336 0 0 0.5
6333 6342 3.422718218 0.05454356057 0.5
6333 6351 3.422718218 0.05454356057 0.5
6334 6341 3.398529094 0.05296225071 0.5
6335 6339 0 0 0.5
6336 6337 0 0 0.5
6336 6338 0 0 0.5
6337 6339 0 0 0.5
6338 6339 0 0 0.5
6339 6341 0 0 0.5
6341 6344 3.398529094 0.05296225071 0.5
6341 6348 0 0 0.5
6341 6351 3.422718218 0.05454356057 0.5
6342 6345 3.328062499 0.05454356057 0.5
6342 6346 2.979093822 0.02291287847 0.5
6342 6347 2.979093822 0.02291287847 0.5
6342 6352 3.422718218 0.05454356057 0.5
6343 6351 3.422718218 0.05454356057 0.5
6343 11433 3.398529094 0.05296225071 0.5
6344 6350 3.398529094 0.05296225071 0.5
6344 11432 3.398529094 0.05296225071 0.5
6344 11434 2.958039892 0.02224859546 0.5
6344 11435 2.958039892 0.02224859546 0.5
6345 6348 0 0 0.5
6345 11431 3.328062499 0.05454356057 0.5
6345 11436 0 0 0.5
6346 6348 0 0 0.5
6346 11433 2.958039892 0.02224859546 0.5
6347 6348 0 0 0.5
6347 11433 2.958039892 0.02224859546 0.5
6348 6350 0 0 0.5
6350 6353 3.398529094 0.05296225071 0.5
6350 6357 0 0 0.5
6351 6354 3.328062499 0.05454356057 0.5
6351 6355 2.979093822 0.02291287847 0.5
6351 6356 2.979093822 0.02291287847 0.5
6352 10078 3.398529094 0.05296225071 0.5
6353 10077 3.398529094 0.05296225071 0.5
6353 10079 2.958039892 0.02224859546 0.5
6353 10080 2.958039892 0.02224859546 0.5
6354 6357 0 0 0.5
6354 10076 3.328062499 0.05454356057 0.5
6354 10081 0 0 0.5
6355 6357 0 0 0.5
6355 10078 2.958039892 0.02224859546 0.5
6356 6357 0 0 0.5
6356 10078 2.958039892 0.02224859546 0.5
6359 6362 3.398529094 0.05296225071 0.5
6359 6365 0 0 0.5
6359 6368 3.422718218 0.05454356057 0.5
6359 6378 3.398529094 0.05296225071 0.5
6359 6382 0 0 0.5
6360 6363 2.979093822 0.02291287847 0.5
6360 6364 2.979093822 0.02291287847 0.5
6360 6369 3.422718218 0.05454356057 0.5
6360 6375 3.422718218 0.05454356057 0.5
6360 6377 3.422718218 0.05454356057 0.5
6361 6368 3.422718218 0.05454356057 0.5
6361 6376 3.422718218 0.05454356057 0.5
6362 6367 3.398529094 0.05296225071 0.5
6363 6365 0 0 0.5
6364 6365 0 0 0.5
6365 6367 0 0 0.5
6367 6370 3.398529094 0.05296225071 0.5
6367 6373 0 0 0.5
6367 6376 3.422718218 0.05454356057 0.5
6368 6371 2.979093822 0.02291287847 0.5
6368 6372 2.979093822 0.02291287847 0.5
6368 6377 3.422718218 0.05454356057 0.5
6369 6376 3.422718218 0.05454356057 0.5
6370 6375 3.398529094 0.05296225071 0.5
6371 6373 0 0 0.5
6372 6373 0 0 0.5
6373 6375 0 0 0.5
6375 6378 3.398529094 0.05296225071 0.5
6375 6382 0 0 0.5
6376 6379 3.328062499 0.05454356057 0.5
6376 6380 2.979093822 0.02291287847 0.5
6376 6381 2.979093822 0.02291287847 0.5
6377 9527 3.398529094 0.05296225071 0.5
6378 9526 3.398529094 0.05296225071 0.5
6378 9528 2.958039892 0.02224859546 0.5
6378 9529 2.958039892 0.02224859546 0.5
6379 6382 0 0 0.5
6379 9525 3.328062499 0.05454356057 0.5
6379 9530 0 0 0.5
6380 6382 0 0 0.5
6380 9527 2.958039892 0.02224859546 0.5
6381 6382 0 0 0.5
6381 9527 2.958039892 0.02224859546 0.5
6384 6387 3.398529094 0.05296225071 0.5
6384 6392 0 0 0.5
6384 6395 3.422718218 0.05454356057 0.5
6384 6406 3.398529094 0.05296225071 0.5
6384 6409 0 0 0.5
6385 6388 3.328062499 0.05454356057 0.5
6385 6390 2.979093822 0.02291287847 0.5
6385 6391 2.979093822 0.02291287847 0.5
6385 6396 3.422718218 0.05454356057 0.5
6385 6403 3.422718218 0.05454356057 0.5
6385 6405 3.422718218 0.05454356057 0.5
6386 6389 0 0 0.5
6386 6395 3.422718218 0.05454356057 0.5
6386 6404 3.422718218 0.05454356057 0.5
6387 6394 3.398529094 0.05296225071 0.5
6388 6392 0 0 0.5
6389 6390 0 0 0.5
6389 6391 0 0 0.5
6390 6392 0 0 0.5
6391 6392 0 0 0.5
6392 6394 0 0 0.5
6394 6397 3.398529094 0.05296225071 0.5
6394 6401 0 0 0.5
6394 6404 3.422718218 0.05454356057 0.5
6395 6398 3.328062499 0.05454356057 0.5
6395 6399 2.979093822 0.02291287847 0.5
6395 6400 2.979093822 0.02291287847 0.5
6395 6405 3.422718218 0.05454356057 0.5
6396 6404 3.422718218 0.05454356057 0.5
6396 11320 3.398529094 0.05296225071 0.5
6397 6403 3.398529094 0.05296225071 0.5
6397 11319 3.398529094 0.05296225071 0.5
6397 11321 2.958039892 0.02224859546 0.5
6397 11322 2.958039892 0.02224859546 0.5
6398 6401 0 0 0.5
6398 11318 3.328062499 0.05454356057 0.5
6398 11323 0 0 0.5
6399 6401 0 0 0.5
6399 11320 2.958039892 0.02224859546 0.5
6400 6401 0 0 0.5
6400 11320 2.958039892 0.02224859546 0.5
6401 6403 0 0 0.5
6403 6406 3.398529094 0.05296225071 0.5
6403 6409 0 0 0.5
6404 6407 2.979093822 0.02291287847 0.5
6404 6408 2.979093822 0.02291287847 0.5
6407 6409 0 0 0.5
6408 6409 0 0 0.5
6411 6414 3.398529094 0.05296225071 0.5
6411 6417 0 0 0.5
6411 6420 3.422718218 0.05454356057 0.5
6411 6431 3.398529094 0.05296225071 0.5
6411 6435 0 0 0.5
6412 6415 2.979093822 0.02291287847 0.5
6412 6416 2.979093822 0.02291287847 0.5
6412 6421 3.422718218 0.05454356057 0.5
6412 6428 3.422718218 0.05454356057 0.5
6412 6430 3.422718218 0.05454356057 0.5
6413 6420 3.422718218 0.05454356057 0.5
6413 6429 3.422718218 0.05454356057 0.5
6414 6419 3.398529094 0.05296225071 0.5
6415 6417 0 0 0.5
6416 6417 0 0 0.5
6417 6419 0 0 0.5
6419 6422 3.398529094 0.05296225071 0.5
6419 6426 0 0 0.5
6419 6429 3.422718218 0.05454356057 0.5
6420 6423 3.328062499 0.05454356057 0.5
6420 6424 2.979093822 0.02291287847 0.5
6420 6425 2.979093822 0.02291287847 0.5
6420 6430 3.422718218 0.05454356057 0.5
6421 6429 3.422718218 0.05454356057 0.5
6421 7686 3.398529094 0.05296225071 0.5
6422 6428 3.398529094 0.05296225071 0.5
6422 7685 3.398529094 0.05296225071 0.5
6422 7687 2.958039892 0.02224859546 0.5
6422 7688 2.958039892 0.02224859546 0.5
6423 6426 0 0 0.5
6423 7684 3.328062499 0.05454356057 0.5
6423 7689 0 0 0.5
6424 6426 0 0 0.5
6424 7686 2.958039892 0.02224859546 0.5
6425 6426 0 0 0.5
6425 7686 2.958039892 0.02224859546 0.5
6426 6428 0 0 0.5
6428 6431 3.398529094 0.05296225071 0.5
6428 6435 0 0 0.5
6429 6432 3.328062499 0.05454356057 0.5
6429 6433 2.979093822 0.02291287847 0.5
6429 6434 2.979093822 0.02291287847 0.5
6430 12932 3.398529094 0.05296225071 0.5
6431 12931 3.398529094 0.05296225071 0.5
6431 12933 2.958039892 0.02224859546 0.5
6431 12934 2.958039892 0.02224859546 0.5
6432 6435 0 0 0.5
6432 12930 3.328062499 0.05454356057 0.5
6432 12935 0 0 0.5
6433 6435 0 0 0.5
6433 12932 2.958039892 0.02224859546 0.5
6434 6435 0 0 0.5
6434 12932 2.958039892 0.02224859546 0.5
6437 6440 3.398529094 0.05296225071 0.5
6437 6443 0 0 0.5
6437 6446 3.422718218 0.05454356057 0.5
6437 6456 3.398529094 0.05296225071 0.5
6437 6460 0 0 0.5
6438 6441 2.979093822 0.02291287847 0.5
6438 6442 2.979093822 0.02291287847 0.5
6438 6447 3.422718218 0.05454356057 0.5
6438 6453 3.422718218 0.05454356057 0.5
6438 6455 3.422718218 0.05454356057 0.5
6439 6446 3.422718218 0.05454356057 0.5
6439 6454 3.422718218 0.05454356057 0.5
6440 6445 3.398529094 0.05296225071 0.5
6441 6443 0 0 0.5
6442 6443 0 0 0.5
6443 6445 0 0 0.5
6445 6448 3.398529094 0.05296225071 0.5
6445 6451 0 0 0.5
6445 6454 3.422718218 0.05454356057 0.5
6446 6449 2.979093822 0.02291287847 0.5
6446 6450 2.979093822 0.02291287847 0.5
6446 6455 3.422718218 0.05454356057 0.5
6447 6454 3.422718218 0.05454356057 0.5
6448 6453 3.398529094 0.05296225071 0.5
6449 6451 0 0 0.5
6450 6451 0 0 0.5
6451 6453 0 0 0.5
6453 6456 3.398529094 0.05296225071 0.5
6453 6460 0 0 0.5
6454 6457 3.328062499 0.05454356057 0.5
6454 6458 2.979093822 0.02291287847 0.5
6454 6459 2.979093822 0.02291287847 0.5
6455 9995 3.398529094 0.05296225071 0.5
6456 9994 3.398529094 0.05296225071 0.5
6456 9996 2.958039892 0.02224859546 0.5
6456 9997 2.958039892 0.02224859546 0.5
6457 6460 0 0 0.5
6457 9993 3.328062499 0.05454356057 0.5
6457 9998 0 0 0.5
6458 6460 0 0 0.5
6458 9995 2.958039892 0.02224859546 0.5
6459 6460 0 0 0.5
6459 9995 2.958039892 0.02224859546 0.5
6462 6465 3.398529094 0.05296225071 0.5
6462 6470 0 0 0.5
6462 6473 3.422718218 0.05454356057 0.5
6462 6485 3.398529094 0.05296225071 0.5
6462 6489 0 0 0.5
6463 6466 3.328062499 0.05454356057 0.5
6463 6468 2.979093822 0.02291287847 0.5
6463 6469 2.979093822 0.02291287847 0.5
6463 6474 3.422718218 0.05454356057 0.5
6463 6482 3.422718218 0.05454356057 0.5
6463 6484 3.422718218 0.05454356057 0.5
6464 6467 0 0 0.5
6464 6473 3.422718218 0.05454356057 0.5
6464 6483 3.422718218 0.05454356057 0.5
6465 6472 3.398529094 0.05296225071 0.5
6466 6470 0 0 0.5
6467 6468 0 0 0.5
6467 6469 0 0 0.5
6468 6470 0 0 0.5
6469 6470 0 0 0.5
6470 6472 0 0 0.5
6472 6475 3.398529094 0.05296225071 0.5
6472 6480 0 0 0.5
6472 6483 3.422718218 0.05454356057 0.5
6473 6476 3.328062499 0.05454356057 0.5
6473 6478 2.979093822 0.02291287847 0.5
6473 6479 2.979093822 0.02291287847 0.5
6473 6484 3.422718218 0.05454356057 0.5
6474 6477 0 0 0.5
6474 6483 3.422718218 0.05454356057 0.5
6475 6482 3.398529094 0.05296225071 0.5
6476 6480 0 0 0.5
6477 6478 0 0 0.5
6477 6479 0 0 0.5
6478 6480 0 0 0.5
6479 6480 0 0 0.5
6480 6482 0 0 0.5
6482 6485 3.398529094 0.05296225071 0.5
6482 6489 0 0 0.5
6483 6486 3.328062499 0.05454356057 0.5
6483 6487 2.979093822 0.02291287847 0.5
6483 6488 2.979093822 0.02291287847 0.5
6484 11650 3.398529094 0.05296225071 0.5
6485 11649 3.398529094 0.05296225071 0.5
6485 11651 2.958039892 0.02224859546 0.5
6485 11652 2.958039892 0.02224859546 0.5
6486 6489 0 0 0.5
6486 11648 3.328062499 0.05454356057 0.5
6486 11653 0 0 0.5
6487 6489 0 0 0.5
6487 11650 2.958039892 0.02224859546 0.5
6488 6489 0 0 0.5
6488 11650 2.958039892 0.02224859546 0.5
6491 6494 3.398529094 0.05296225071 0.5
6491 6497 0 0 0.5
6491 6500 3.422718218 0.05454356057 0.5
6491 6511 3.398529094 0.05296225071 0.5
6491 6515 0 0 0.5
6492 6495 2.979093822 0.02291287847 0.5
6492 6496 2.979093822 0.02291287847 0.5
6492 6501 3.422718218 0.05454356057 0.5
6492 6508 3.422718218 0.05454356057 0.5
6492 6510 3.422718218 0.05454356057 0.5
6493 6500 3.422718218 0.05454356057 0.5
6493 6509 3.422718218 0.05454356057 0.5
6494 6499 3.398529094 0.05296225071 0.5
6495 6497 0 0 0.5
6496 6497 0 0 0.5
6497 6499 0 0 0.5
6499 6502 3.398529094 0.05296225071 0.5
6499 6506 0 0 0.5
6499 6509 3.422718218 0.05454356057 0.5
6500 6503 3.328062499 0.05454356057 0.5
6500 6504 2.979093822 0.02291287847 0.5
6500 6505 2.979093822 0.02291287847 0.5
6500 6510 3.422718218 0.05454356057 0.5
6501 6509 3.422718218 0.05454356057 0.5
6501 10760 3.398529094 0.05296225071 0.5
6502 6508 3.398529094 0.05296225071 0.5
6502 10759 3.398529094 0.05296225071 0.5
6502 10761 2.958039892 0.02224859546 0.5
6502 10762 2.958039892 0.02224859546 0.5
6503 6506 0 0 0.5
6503 10758 3.328062499 0.05454356057 0.5
6503 10763 0 0 0.5
6504 6506 0 0 0.5
6504 10760 2.958039892 0.02224859546 0.5
6505 6506 0 0 0.5
6505 10760 2.958039892 0.02224859546 0.5
6506 6508 0 0 0.5
6508 6511 3.398529094 0.05296225071 0.5
6508 6515 0 0 0.5
6509 6512 3.328062499 0.05454356057 0.5
6509 6513 2.979093822 0.02291287847 0.5
6509 6514 2.979093822 0.02291287847 0.5
6510 10577 3.398529094 0.05296225071 0.5
6511 10576 3.398529094 0.05296225071 0.5
6511 10578 2.958039892 0.02224859546 0.5
6511 10579 2.958039892 0.02224859546 0.5
6512 6515 0 0 0.5
6512 10575 3.328062499 0.05454356057 0.5
6512 10580 0 0 0.5
6513 6515 0 0 0.5
6513 10577 2.958039892 0.02224859546 0.5
6514 6515 0 0 0.5
6514 10577 2.958039892 0.02224859546 0.5
6517 6520 3.398529094 0.05296225071 0.5
6517 6523 0 0 0.5
6517 6526 3.422718218 0.05454356057 0.5
6517 6536 3.398529094 0.05296225071 0.5
6517 6540 0 0 0.5
6518 6521 2.979093822 0.02291287847 0.5
6518 6522 2.979093822 0.02291287847 0.5
6518 6527 3.422718218 0.05454356057 0.5
6518 6533 3.422718218 0.05454356057 0.5
6518 6535 3.422718218 0.05454356057 0.5
6519 6526 3.422718218 0.05454356057 0.5
6519 6534 3.422718218 0.05454356057 0.5
6520 6525 3.398529094 0.05296225071 0.5
6521 6523 0 0 0.5
6522 6523 0 0 0.5
6523 6525 0 0 0.5
6525 6528 3.398529094 0.05296225071 0.5
6525 6531 0 0 0.5
6525 6534 3.422718218 0.05454356057 0.5
6526 6529 2.979093822 0.02291287847 0.5
6526 6530 2.979093822 0.02291287847 0.5
6526 6535 3.422718218 0.05454356057 0.5
6527 6534 3.422718218 0.05454356057 0.5
6528 6533 3.398529094 0.05296225071 0.5
6529 6531 0 0 0.5
6530 6531 0 0 0.5
6531 6533 0 0 0.5
6533 6536 3.398529094 0.05296225071 0.5
6533 6540 0 0 0.5
6534 6537 3.328062499 0.05454356057 0.5
6534 6538 2.979093822 0.02291287847 0.5
6534 6539 2.979093822 0.02291287847 0.5
6535 8314 3.398529094 0.05296225071 0.5
6536 8313 3.398529094 0.05296225071 0.5
6536 8315 2.958039892 0.02224859546 0.5
6536 8316 2.958039892 0.02224859546 0.5
6537 6540 0 0 0.5
6537 8312 3.328062499 0.05454356057 0.5
6537 8317 0 0 0.5
6538 6540 0 0 0.5
6538 8314 2.958039892 0.02224859546 0.5
6539 6540 0 0 0.5
6539 8314 2.958039892 0.02224859546 0.5
6542 6545 3.398529094 0.05296225071 0.5
6542 6548 0 0 0.5
6542 6551 3.422718218 0.05454356057 0.5
6542 6561 3.398529094 0.05296225071 0.5
6542 6565 0 0 0.5
6543 6546 2.979093822 0.02291287847 0.5
6543 6547 2.979093822 0.02291287847 0.5
6543 6552 3.422718218 0.05454356057 0.5
6543 6558 3.422718218 0.05454356057 0.5
6543 6560 3.422718218 0.05454356057 0.5
6544 6551 3.422718218 0.05454356057 0.5
6544 6559 3.422718218 0.05454356057 0.5
6545 6550 3.398529094 0.05296225071 0.5
6546 6548 0 0 0.5
6547 6548 0 0 0.5
6548 6550 0 0 0.5
6550 6553 3.398529094 0.05296225071 0.5
6550 6556 0 0 0.5
6550 6559 3.422718218 0.05454356057 0.5
6551 6554 2.979093822 0.02291287847 0.5
6551 6555 2.979093822 0.02291287847 0.5
6551 6560 3.422718218 0.05454356057 0.5
6552 6559 3.422718218 0.05454356057 0.5
6553 6558 3.398529094 0.05296225071 0.5
6554 6556 0 0 0.5
6555 6556 0 0 0.5
6556 6558 0 0 0.5
6558 6561 3.398529094 0.05296225071 0.5
6558 6565 0 0 0.5
6559 6562 3.328062499 0.05454356057 0.5
6559 6563 2.979093822 0.02291287847 0.5
6559 6564 2.979093822 0.02291287847 0.5
6560 12544 3.398529094 0.05296225071 0.5
6561 12543 3.398529094 0.05296225071 0.5
6561 12545 2.958039892 0.02224859546 0.5
6561 12546 2.958039892 0.02224859546 0.5
6562 6565 0 0 0.5
6562 12542 3.328062499 0.05454356057 0.5
6562 12547 0 0 0.5
6563 6565 0 0 0.5
6563 12544 2.958039892 0.02224859546 0.5
6564 6565 0 0 0.5
6564 12544 2.958039892 0.02224859546 0.5
6567 6570 3.398529094 0.05296225071 0.5
6567 6574 0 0 0.5
6567 6577 3.422718218 0.05454356057 0.5
6567 6587 3.398529094 0.05296225071 0.5
6567 6590 0 0 0.5
6568 6571 3.328062499 0.05454356057 0.5
6568 6572 2.979093822 0.02291287847 0.5
6568 6573 2.979093822 0.02291287847 0.5
6568 6578 3.422718218 0.05454356057 0.5
6568 6584 3.422718218 0.05454356057 0.5
6568 6586 3.422718218 0.05454356057 0.5
6569 6577 3.422718218 0.05454356057 0.5
6569 6585 3.422718218 0.05454356057 0.5
6569 11658 3.398529094 0.05296225071 0.5
6570 6576 3.398529094 0.05296225071 0.5
6570 11657 3.398529094 0.05296225071 0.5
6570 11659 2.958039892 0.02224859546 0.5
6570 11660 2.958039892 0.02224859546 0.5
6571 6574 0 0 0.5
6571 11656 3.328062499 0.05454356057 0.5
6571 11661 0 0 0.5
6572 6574 0 0 0.5
6572 11658 2.958039892 0.02224859546 0.5
6573 6574 0 0 0.5
6573 11658 2.958039892 0.02224859546 0.5
6574 6576 0 0 0.5
6576 6579 3.398529094 0.05296225071 0.5
6576 6582 0 0 0.5
6576 6585 3.422718218 0.05454356057 0.5
6577 6580 2.979093822 0.02291287847 0.5
6577 6581 2.979093822 0.02291287847 0.5
6577 6586 3.422718218 0.05454356057 0.5
6578 6585 3.422718218 0.05454356057 0.5
6579 6584 3.398529094 0.05296225071 0.5
6580 6582 0 0 0.5
6581 6582 0 0 0.5
6582 6584 0 0 0.5
6584 6587 3.398529094 0.05296225071 0.5
6584 6590 0 0 0.5
6585 6588 2.979093822 0.02291287847 0.5
6585 6589 2.979093822 0.02291287847 0.5
6588 6590 0 0 0.5
6589 6590 0 0 0.5
6592 6595 3.398529094 0.05296225071 0.5
6592 6599 0 0 0.5
6592 6602 3.422718218 0.05454356057 0.5
6592 6612 3.398529094 0.05296225071 0.5
6592 6615 0 0 0.5
6593 6596 3.328062499 0.05454356057 0.5
6593 6597 2.979093822 0.02291287847 0.5
6593 6598 2.979093822 0.02291287847 0.5
6593 6603 3.422718218 0.05454356057 0.5
6593 6609 3.422718218 0.05454356057 0.5
6593 6611 3.422718218 0.05454356057 0.5
6594 6602 3.422718218 0.05454356057 0.5
6594 6610 3.422718218 0.05454356057 0.5
6594 10609 3.398529094 0.05296225071 0.5
6595 6601 3.398529094 0.05296225071 0.5
6595 10608 3.398529094 0.05296225071 0.5
6595 10610 2.958039892 0.02224859546 0.5
6595 10611 2.958039892 0.02224859546 0.5
6596 6599 0 0 0.5
6596 10607 3.328062499 0.05454356057 0.5
6596 10612 0 0 0.5
6597 6599 0 0 0.5
6597 10609 2.958039892 0.02224859546 0.5
6598 6599 0 0 0.5
6598 10609 2.958039892 0.02224859546 0.5
6599 6601 0 0 0.5
6601 6604 3.398529094 0.05296225071 0.5
6601 6607 0 0 0.5
6601 6610 3.422718218 0.05454356057 0.5
6602 6605 2.979093822 0.02291287847 0.5
6602 6606 2.979093822 0.02291287847 0.5
6602 6611 3.422718218 0.05454356057 0.5
6603 6610 3.422718218 0.05454356057 0.5
6604 6609 3.398529094 0.05296225071 0.5
6605 6607 0 0 0.5
6606 6607 0 0 0.5
6607 6609 0 0 0.5
6609 6612 3.398529094 0.05296225071 0.5
6609 6615 0 0 0.5
6610 6613 2.979093822 0.02291287847 0.5
6610 6614 2.979093822 0.02291287847 0.5
6613 6615 0 0 0.5
6614 6615 0 0 0.5
6617 6620 3.398529094 0.05296225071 0.5
6617 6623 0 0 0.5
6617 6626 3.422718218 0.05454356057 0.5
6617 6637 3.398529094 0.05296225071 0.5
6617 6640 0 0 0.5
6618 6621 2.979093822 0.02291287847 0.5
6618 6622 2.979093822 0.02291287847 0.5
6618 6627 3.422718218 0.05454356057 0.5
6618 6634 3.422718218 0.05454356057 0.5
6618 6636 3.422718218 0.05454356057 0.5
6619 6626 3.422718218 0.05454356057 0.5
6619 6635 3.422718218 0.05454356057 0.5
6620 6625 3.398529094 0.05296225071 0.5
6621 6623 0 0 0.5
6622 6623 0 0 0.5
6623 6625 0 0 0.5
6625 6628 3.398529094 0.05296225071 0.5
6625 6632 0 0 0.5
6625 6635 3.422718218 0.05454356057 0.5
6626 6629 3.328062499 0.05454356057 0.5
6626 6630 2.979093822 0.02291287847 0.5
6626 6631 2.979093822 0.02291287847 0.5
6626 6636 3.422718218 0.05454356057 0.5
6627 6635 3.422718218 0.05454356057 0.5
6627 6661 3.398529094 0.05296225071 0.5
6628 6634 3.398529094 0.05296225071 0.5
6628 6660 3.398529094 0.05296225071 0.5
6628 6662 2.958039892 0.02224859546 0.5
6628 6663 2.958039892 0.02224859546 0.5
6629 6632 0 0 0.5
6629 6659 3.328062499 0.05454356057 0.5
6629 6664 0 0 0.5
6630 6632 0 0 0.5
6630 6661 2.958039892 0.02224859546 0.5
6631 6632 0 0 0.5
6631 6661 2.958039892 0.02224859546 0.5
6632 6634 0 0 0.5
6634 6637 3.398529094 0.05296225071 0.5
6634 6640 0 0 0.5
6635 6638 2.979093822 0.02291287847 0.5
6635 6639 2.979093822 0.02291287847 0.5
6638 6640 0 0 0.5
6639 6640 0 0 0.5
6642 6645 3.398529094 0.05296225071 0.5
6642 6648 0 0 0.5
6642 6651 3.422718218 0.05454356057 0.5
6642 6661 3.398529094 0.05296225071 0.5
6642 6664 0 0 0.5
6643 6646 2.979093822 0.02291287847 0.5
6643 6647 2.979093822 0.02291287847 0.5
6643 6652 3.422718218 0.05454356057 0.5
6643 6658 3.422718218 0.05454356057 0.5
6643 6660 3.422718218 0.05454356057 0.5
6644 6651 3.422718218 0.05454356057 0.5
6644 6659 3.422718218 0.05454356057 0.5
6645 6650 3.398529094 0.05296225071 0.5
6646 6648 0 0 0.5
6647 6648 0 0 0.5
6648 6650 0 0 0.5
6650 6653 3.398529094 0.05296225071 0.5
6650 6656 0 0 0.5
6650 6659 3.422718218 0.05454356057 0.5
6651 6654 2.979093822 0.02291287847 0.5
6651 6655 2.979093822 0.02291287847 0.5
6651 6660 3.422718218 0.05454356057 0.5
6652 6659 3.422718218 0.05454356057 0.5
6653 6658 3.398529094 0.05296225071 0.5
6654 6656 0 0 0.5
6655 6656 0 0 0.5
6656 6658 0 0 0.5
6658 6661 3.398529094 0.05296225071 0.5
6658 6664 0 0 0.5
6659 6662 2.979093822 0.02291287847 0.5
6659 6663 2.979093822 0.02291287847 0.5
6662 6664 0 0 0.5
6663 6664 0 0 0.5
6666 6669 3.398529094 0.05296225071 0.5
6666 6672 0 0 0.5
6666 6675 3.422718218 0.05454356057 0.5
6666 6685 3.398529094 0.05296225071 0.5
6666 6689 0 0 0.5
6667 6670 2.979093822 0.02291287847 0.5
6667 6671 2.979093822 0.02291287847 0.5
6667 6676 3.422718218 0.05454356057 0.5
6667 6682 3.422718218 0.05454356057 0.5
6667 6684 3.422718218 0.05454356057 0.5
6668 6675 3.422718218 0.05454356057 0.5
6668 6683 3.422718218 0.05454356057 0.5
6669 6674 3.398529094 0.05296225071 0.5
6670 6672 0 0 0.5
6671 6672 0 0 0.5
6672 6674 0 0 0.5
6674 6677 3.398529094 0.05296225071 0.5
6674 6680 0 0 0.5
6674 6683 3.422718218 0.05454356057 0.5
6675 6678 2.979093822 0.02291287847 0.5
6675 6679 2.979093822 0.02291287847 0.5
6675 6684 3.422718218 0.05454356057 0.5
6676 6683 3.422718218 0.05454356057 0.5
6677 6682 3.398529094 0.05296225071 0.5
6678 6680 0 0 0.5
6679 6680 0 0 0.5
6680 6682 0 0 0.5
6682 6685 3.398529094 0.05296225071 0.5
6682 6689 0 0 0.5
6683 6686 3.328062499 0.05454356057 0.5
6683 6687 2.979093822 0.02291287847 0.5
6683 6688 2.979093822 0.02291287847 0.5
6684 12298 3.398529094 0.05296225071 0.5
6685 12297 3.398529094 0.05296225071 0.5
6685 12299 2.958039892 0.02224859546 0.5
6685 12300 2.958039892 0.02224859546 0.5
6686 6689 0 0 0.5
6686 12296 3.328062499 0.05454356057 0.5
6686 12301 0 0 0.5
6687 6689 0 0 0.5
6687 12298 2.958039892 0.02224859546 0.5
6688 6689 0 0 0.5
6688 12298 2.958039892 0.02224859546 0.5
6691 6694 3.398529094 0.05296225071 0.5
6691 6698 0 0 0.5
6691 6701 3.422718218 0.05454356057 0.5
6691 6712 3.398529094 0.05296225071 0.5
6691 6715 0 0 0.5
6692 6695 3.328062499 0.05454356057 0.5
6692 6696 2.979093822 0.02291287847 0.5
6692 6697 2.979093822 0.02291287847 0.5
6692 6702 3.422718218 0.05454356057 0.5
6692 6709 3.422718218 0.05454356057 0.5
6692 6711 3.422718218 0.05454356057 0.5
6693 6701 3.422718218 0.05454356057 0.5
6693 6710 3.422718218 0.05454356057 0.5
6693 8473 3.398529094 0.05296225071 0.5
6694 6700 3.398529094 0.05296225071 0.5
6694 8472 3.398529094 0.05296225071 0.5
6694 8474 2.958039892 0.02224859546 0.5
6694 8475 2.958039892 0.02224859546 0.5
6695 6698 0 0 0.5
6695 8471 3.328062499 0.05454356057 0.5
6695 8476 0 0 0.5
6696 6698 0 0 0.5
6696 8473 2.958039892 0.02224859546 0.5
6697 6698 0 0 0.5
6697 8473 2.958039892 0.02224859546 0.5
6698 6700 0 0 0.5
6700 6703 3.398529094 0.05296225071 0.5
6700 6707 0 0 0.5
6700 6710 3.422718218 0.05454356057 0.5
6701 6704 3.328062499 0.05454356057 0.5
6701 6705 2.979093822 0.02291287847 0.5
6701 6706 2.979093822 0.02291287847 0.5
6701 6711 3.422718218 0.05454356057 0.5
6702 6710 3.422718218 0.05454356057 0.5
6702 10061 3.398529094 0.05296225071 0.5
6703 6709 3.398529094 0.05296225071 0.5
6703 10060 3.398529094 0.05296225071 0.5
6703 10062 2.958039892 0.02224859546 0.5
6703 10063 2.958039892 0.02224859546 0.5
6704 6707 0 0 0.5
6704 10059 3.328062499 0.05454356057 0.5
6704 10064 0 0 0.5
6705 6707 0 0 0.5
6705 10061 2.958039892 0.02224859546 0.5
6706 6707 0 0 0.5
6706 10061 2.958039892 0.02224859546 0.5
6707 6709 0 0 0.5
6709 6712 3.398529094 0.05296225071 0.5
6709 6715 0 0 0.5
6710 6713 2.979093822 0.02291287847 0.5
6710 6714 2.979093822 0.02291287847 0.5
6713 6715 0 0 0.5
6714 6715 0 0 0.5
6717 6720 3.398529094 0.05296225071 0.5
6717 6724 0 0 0.5
6717 6727 3.422718218 0.05454356057 0.5
6717 6738 3.398529094 0.05296225071 0.5
6717 6741 0 0 0.5
6718 6721 3.328062499 0.05454356057 0.5
6718 6722 2.979093822 0.02291287847 0.5
6718 6723 2.979093822 0.02291287847 0.5
6718 6728 3.422718218 0.05454356057 0.5
6718 6735 3.422718218 0.05454356057 0.5
6718 6737 3.422718218 0.05454356057 0.5
6719 6727 3.422718218 0.05454356057 0.5
6719 6736 3.422718218 0.05454356057 0.5
6719 11465 3.398529094 0.05296225071 0.5
6720 6726 3.398529094 0.05296225071 0.5
6720 11464 3.398529094 0.05296225071 0.5
6720 11466 2.958039892 0.02224859546 0.5
6720 11467 2.958039892 0.02224859546 0.5
6721 6724 0 0 0.5
6721 11463 3.328062499 0.05454356057 0.5
6721 11468 0 0 0.5
6722 6724 0 0 0.5
6722 11465 2.958039892 0.02224859546 0.5
6723 6724 0 0 0.5
6723 11465 2.958039892 0.02224859546 0.5
6724 6726 0 0 0.5
6726 6729 3.398529094 0.05296225071 0.5
6726 6733 0 0 0.5
6726 6736 3.422718218 0.05454356057 0.5
6727 6730 3.328062499 0.05454356057 0.5
6727 6731 2.979093822 0.02291287847 0.5
6727 6732 2.979093822 0.02291287847 0.5
6727 6737 3.422718218 0.05454356057 0.5
6728 6736 3.422718218 0.05454356057 0.5
6728 8666 3.398529094 0.05296225071 0.5
6729 6735 3.398529094 0.05296225071 0.5
6729 8665 3.398529094 0.05296225071 0.5
6729 8667 2.958039892 0.02224859546 0.5
6729 8668 2.958039892 0.02224859546 0.5
6730 6733 0 0 0.5
6730 8664 3.328062499 0.05454356057 0.5
6730 8669 0 0 0.5
6731 6733 0 0 0.5
6731 8666 2.958039892 0.02224859546 0.5
6732 6733 0 0 0.5
6732 8666 2.958039892 0.02224859546 0.5
6733 6735 0 0 0.5
6735 6738 3.398529094 0.05296225071 0.5
6735 6741 0 0 0.5
6736 6739 2.979093822 0.02291287847 0.5
6736 6740 2.979093822 0.02291287847 0.5
6739 6741 0 0 0.5
6740 6741 0 0 0.5
6743 6746 3.398529094 0.05296225071 0.5
6743 6749 0 0 0.5
6743 6752 3.422718218 0.05454356057 0.5
6743 6763 3.398529094 0.05296225071 0.5
6743 6767 0 0 0.5
6744 6747 2.979093822 0.02291287847 0.5
6744 6748 2.979093822 0.02291287847 0.5
6744 6753 3.422718218 0.05454356057 0.5
6744 6760 3.422718218 0.05454356057 0.5
6744 6762 3.422718218 0.05454356057 0.5
6745 6752 3.422718218 0.05454356057 0.5
6745 6761 3.422718218 0.05454356057 0.5
6746 6751 3.398529094 0.05296225071 0.5
6747 6749 0 0 0.5
6748 6749 0 0 0.5
6749 6751 0 0 0.5
6751 6754 3.398529094 0.05296225071 0.5
6751 6758 0 0 0.5
6751 6761 3.422718218 0.05454356057 0.5
6752 6755 3.328062499 0.05454356057 0.5
6752 6756 2.979093822 0.02291287847 0.5
6752 6757 2.979093822 0.02291287847 0.5
6752 6762 3.422718218 0.05454356057 0.5
6753 6761 3.422718218 0.05454356057 0.5
6753 6858 3.398529094 0.05296225071 0.5
6754 6760 3.398529094 0.05296225071 0.5
6754 6857 3.398529094 0.05296225071 0.5
6754 6859 2.958039892 0.02224859546 0.5
6754 6860 2.958039892 0.02224859546 0.5
6755 6758 0 0 0.5
6755 6856 3.328062499 0.05454356057 0.5
6755 6861 0 0 0.5
6756 6758 0 0 0.5
6756 6858 2.958039892 0.02224859546 0.5
6757 6758 0 0 0.5
6757 6858 2.958039892 0.02224859546 0.5
6758 6760 0 0 0.5
6760 6763 3.398529094 0.05296225071 0.5
6760 6767 0 0 0.5
6761 6764 3.328062499 0.05454356057 0.5
6761 6765 2.979093822 0.02291287847 0.5
6761 6766 2.979093822 0.02291287847 0.5
6762 8691 3.398529094 0.05296225071 0.5
6763 8690 3.398529094 0.05296225071 0.5
6763 8692 2.958039892 0.02224859546 0.5
6763 8693 2.958039892 0.02224859546 0.5
6764 6767 0 0 0.5
6764 8689 3.328062499 0.05454356057 0.5
6764 8694 0 0 0.5
6765 6767 0 0 0.5
6765 8691 2.958039892 0.02224859546 0.5
6766 6767 0 0 0.5
6766 8691 2.958039892 0.02224859546 0.5
6769 6772 3.398529094 0.05296225071 0.5
6769 6776 0 0 0.5
6769 6779 3.422718218 0.05454356057 0.5
6769 6789 3.398529094 0.05296225071 0.5
6769 6792 0 0 0.5
6770 6773 3.328062499 0.05454356057 0.5
6770 6774 2.979093822 0.02291287847 0.5
6770 6775 2.979093822 0.02291287847 0.5
6770 6780 3.422718218 0.05454356057 0.5
6770 6786 3.422718218 0.05454356057 0.5
6770 6788 3.422718218 0.05454356057 0.5
6771 6779 3.422718218 0.05454356057 0.5
6771 6787 3.422718218 0.05454356057 0.5
6771 9089 3.398529094 0.05296225071 0.5
6772 6778 3.398529094 0.05296225071 0.5
6772 9088 3.398529094 0.05296225071 0.5
6772 9090 2.958039892 0.02224859546 0.5
6772 9091 2.958039892 0.02224859546 0.5
6773 6776 0 0 0.5
6773 9087 3.328062499 0.05454356057 0.5
6773 9092 0 0 0.5
6774 6776 0 0 0.5
6774 9089 2.958039892 0.02224859546 0.5
6775 6776 0 0 0.5
6775 9089 2.958039892 0.02224859546 0.5
6776 6778 0 0 0.5
6778 6781 3.398529094 0.05296225071 0.5
6778 6784 0 0 0.5
6778 6787 3.422718218 0.05454356057 0.5
6779 6782 2.979093822 0.02291287847 0.5
6779 6783 2.979093822 0.02291287847 0.5
6779 6788 3.422718218 0.05454356057 0.5
6780 6787 3.422718218 0.05454356057 0.5
6781 6786 3.398529094 0.05296225071 0.5
6782 6784 0 0 0.5
6783 6784 0 0 0.5
6784 6786 0 0 0.5
6786 6789 3.398529094 0.05296225071 0.5
6786 6792 0 0 0.5
6787 6790 2.979093822 0.02291287847 0.5
6787 6791 2.979093822 0.02291287847 0.5
6790 6792 0 0 0.5
6791 6792 0 0 0.5
6794 6797 3.398529094 0.05296225071 0.5
6794 6801 0 0 0.5
6794 6804 3.422718218 0.05454356057 0.5
6794 6815 3.398529094 0.05296225071 0.5
6794 6818 0 0 0.5
6795 6798 3.328062499 0.05454356057 0.5
6795 6799 2.979093822 0.02291287847 0.5
6795 6800 2.979093822 0.02291287847 0.5
6795 6805 3.422718218 0.05454356057 0.5
6795 6812 3.422718218 0.05454356057 0.5
6795 6814 3.422718218 0.05454356057 0.5
6796 6804 3.422718218 0.05454356057 0.5
6796 6813 3.422718218 0.05454356057 0.5
6796 11634 3.398529094 0.05296225071 0.5
6797 6803 3.398529094 0.05296225071 0.5
6797 11633 3.398529094 0.05296225071 0.5
6797 11635 2.958039892 0.02224859546 0.5
6797 11636 2.958039892 0.02224859546 0.5
6798 6801 0 0 0.5
6798 11632 3.328062499 0.05454356057 0.5
6798 11637 0 0 0.5
6799 6801 0 0 0.5
6799 11634 2.958039892 0.02224859546 0.5
6800 6801 0 0 0.5
6800 11634 2.958039892 0.02224859546 0.5
6801 6803 0 0 0.5
6803 6806 3.398529094 0.05296225071 0.5
6803 6810 0 0 0.5
6803 6813 3.422718218 0.05454356057 0.5
6804 6807 3.328062499 0.05454356057 0.5
6804 6808 2.979093822 0.02291287847 0.5
6804 6809 2.979093822 0.02291287847 0.5
6804 6814 3.422718218 0.05454356057 0.5
6805 6813 3.422718218 0.05454356057 0.5
6805 7601 3.398529094 0.05296225071 0.5
6806 6812 3.398529094 0.05296225071 0.5
6806 7600 3.398529094 0.05296225071 0.5
6806 7602 2.958039892 0.02224859546 0.5
6806 7603 2.958039892 0.02224859546 0.5
6807 6810 0 0 0.5
6807 7599 3.328062499 0.05454356057 0.5
6807 7604 0 0 0.5
6808 6810 0 0 0.5
6808 7601 2.958039892 0.02224859546 0.5
6809 6810 0 0 0.5
6809 7601 2.958039892 0.02224859546 0.5
6810 6812 0 0 0.5
6812 6815 3.398529094 0.05296225071 0.5
6812 6818 0 0 0.5
6813 6816 2.979093822 0.02291287847 0.5
6813 6817 2.979093822 0.02291287847 0.5
6816 6818 0 0 0.5
6817 6818 0 0 0.5
6820 6823 3.398529094 0.05296225071 0.5
6820 6827 0 0 0.5
6820 6830 3.422718218 0.05454356057 0.5
6820 6842 3.398529094 0.05296225071 0.5
6820 6845 0 0 0.5
6821 6824 3.328062499 0.05454356057 0.5
6821 6825 2.979093822 0.02291287847 0.5
6821 6826 2.979093822 0.02291287847 0.5
6821 6831 3.422718218 0.05454356057 0.5
6821 6839 3.422718218 0.05454356057 0.5
6821 6841 3.422718218 0.05454356057 0.5
6822 6830 3.422718218 0.05454356057 0.5
6822 6840 3.422718218 0.05454356057 0.5
6822 11076 3.398529094 0.05296225071 0.5
6823 6829 3.398529094 0.05296225071 0.5
6823 11075 3.398529094 0.05296225071 0.5
6823 11077 2.958039892 0.02224859546 0.5
6823 11078 2.958039892 0.02224859546 0.5
6824 6827 0 0 0.5
6824 11074 3.328062499 0.05454356057 0.5
6824 11079 0 0 0.5
6825 6827 0 0 0.5
6825 11076 2.958039892 0.02224859546 0.5
6826 6827 0 0 0.5
6826 11076 2.958039892 0.02224859546 0.5
6827 6829 0 0 0.5
6829 6832 3.398529094 0.05296225071 0.5
6829 6837 0 0 0.5
6829 6840 3.422718218 0.05454356057 0.5
6830 6833 3.328062499 0.05454356057 0.5
6830 6835 2.979093822 0.02291287847 0.5
6830 6836 2.979093822 0.02291287847 0.5
6830 6841 3.422718218 0.05454356057 0.5
6831 6834 0 0 0.5
6831 6840 3.422718218 0.05454356057 0.5
6832 6839 3.398529094 0.05296225071 0.5
6833 6837 0 0 0.5
6834 6835 0 0 0.5
6834 6836 0 0 0.5
6835 6837 0 0 0.5
6836 6837 0 0 0.5
6837 6839 0 0 0.5
6839 6842 3.398529094 0.05296225071 0.5
6839 6845 0 0 0.5
6840 6843 2.979093822 0.02291287847 0.5
6840 6844 2.979093822 0.02291287847 0.5
6843 6845 0 0 0.5
6844 6845 0 0 0.5
6847 6850 3.398529094 0.05296225071 0.5
6847 6853 0 0 0.5
6847 6856 3.422718218 0.05454356057 0.5
6847 6866 3.398529094 0.05296225071 0.5
6847 6869 0 0 0.5
6848 6851 2.979093822 0.02291287847 0.5
6848 6852 2.979093822 0.02291287847 0.5
6848 6857 3.422718218 0.05454356057 0.5
6848 6863 3.422718218 0.05454356057 0.5
6848 6865 3.422718218 0.05454356057 0.5
6849 6856 3.422718218 0.05454356057 0.5
6849 6864 3.422718218 0.05454356057 0.5
6850 6855 3.398529094 0.05296225071 0.5
6851 6853 0 0 0.5
6852 6853 0 0 0.5
6853 6855 0 0 0.5
6855 6858 3.398529094 0.05296225071 0.5
6855 6861 0 0 0.5
6855 6864 3.422718218 0.05454356057 0.5
6856 6859 2.979093822 0.02291287847 0.5
6856 6860 2.979093822 0.02291287847 0.5
6856 6865 3.422718218 0.05454356057 0.5
6857 6864 3.422718218 0.05454356057 0.5
6858 6863 3.398529094 0.05296225071 0.5
6859 6861 0 0 0.5
6860 6861 0 0 0.5
6861 6863 0 0 0.5
6863 6866 3.398529094 0.05296225071 0.5
6863 6869 0 0 0.5
6864 6867 2.979093822 0.02291287847 0.5
6864 6868 2.979093822 0.02291287847 0.5
6867 6869 0 0 0.5
6868 6869 0 0 0.5
6871 6874 3.398529094 0.05296225071 0.5
6871 6878 0 0 0.5
6871 6881 3.422718218 0.05454356057 0.5
6871 6892 3.398529094 0.05296225071 0.5
6871 6896 0 0 0.5
6872 6875 3.328062499 0.05454356057 0.5
6872 6876 2.979093822 0.02291287847 0.5
6872 6877 2.979093822 0.02291287847 0.5
6872 6882 3.422718218 0.05454356057 0.5
6872 6889 3.422718218 0.05454356057 0.5
6872 6891 3.422718218 0.05454356057 0.5
6873 6881 3.422718218 0.05454356057 0.5
6873 6890 3.422718218 0.05454356057 0.5
6873 8658 3.398529094 0.05296225071 0.5
6874 6880 3.398529094 0.05296225071 0.5
6874 8657 3.398529094 0.05296225071 0.5
6874 8659 2.958039892 0.02224859546 0.5
6874 8660 2.958039892 0.02224859546 0.5
6875 6878 0 0 0.5
6875 8656 3.328062499 0.05454356057 0.5
6875 8661 0 0 0.5
6876 6878 0 0 0.5
6876 8658 2.958039892 0.02224859546 0.5
6877 6878 0 0 0.5
6877 8658 2.958039892 0.02224859546 0.5
6878 6880 0 0 0.5
6880 6883 3.398529094 0.05296225071 0.5
6880 6887 0 0 0.5
6880 6890 3.422718218 0.05454356057 0.5
6881 6884 3.328062499 0.05454356057 0.5
6881 6885 2.979093822 0.02291287847 0.5
6881 6886 2.979093822 0.02291287847 0.5
6881 6891 3.422718218 0.05454356057 0.5
6882 6890 3.422718218 0.05454356057 0.5
6882 7866 3.398529094 0.05296225071 0.5
6883 6889 3.398529094 0.05296225071 0.5
6883 7865 3.398529094 0.05296225071 0.5
6883 7867 2.958039892 0.02224859546 0.5
6883 7868 2.958039892 0.02224859546 0.5
6884 6887 0 0 0.5
6884 7864 3.328062499 0.05454356057 0.5
6884 7869 0 0 0.5
6885 6887 0 0 0.5
6885 7866 2.958039892 0.02224859546 0.5
6886 6887 0 0 0.5
6886 7866 2.958039892 0.02224859546 0.5
6887 6889 0 0 0.5
6889 6892 3.398529094 0.05296225071 0.5
6889 6896 0 0 0.5
6890 6893 3.328062499 0.05454356057 0.5
6890 6894 2.979093822 0.02291287847 0.5
6890 6895 2.979093822 0.02291287847 0.5
6891 9888 3.398529094 0.05296225071 0.5
6892 9887 3.398529094 0.05296225071 0.5
6892 9889 2.958039892 0.02224859546 0.5
6892 9890 2.958039892 0.02224859546 0.5
6893 6896 0 0 0.5
6893 9886 3.328062499 0.05454356057 0.5
6893 9891 0 0 0.5
6894 6896 0 0 0.5
6894 9888 2.958039892 0.02224859546 0.5
6895 6896 0 0 0.5
6895 9888 2.958039892 0.02224859546 0.5
6898 6901 3.398529094 0.05296225071 0.5
6898 6904 0 0 0.5
6898 6907 3.422718218 0.05454356057 0.5
6898 6917 3.398529094 0.05296225071 0.5
6898 6920 0 0 0.5
6899 6902 2.979093822 0.02291287847 0.5
6899 6903 2.979093822 0.02291287847 0.5
6899 6908 3.422718218 0.05454356057 0.5
6899 6914 3.422718218 0.05454356057 0.5
6899 6916 3.422718218 0.05454356057 0.5
6900 6907 3.422718218 0.05454356057 0.5
6900 6915 3.422718218 0.05454356057 0.5
6901 6906 3.398529094 0.05296225071 0.5
6902 6904 0 0 0.5
6903 6904 0 0 0.5
6904 6906 0 0 0.5
6906 6909 3.398529094 0.05296225071 0.5
6906 6912 0 0 0.5
6906 6915 3.422718218 0.05454356057 0.5
6907 6910 2.979093822 0.02291287847 0.5
6907 6911 2.979093822 0.02291287847 0.5
6907 6916 3.422718218 0.05454356057 0.5
6908 6915 3.422718218 0.05454356057 0.5
6909 6914 3.398529094 0.05296225071 0.5
6910 6912 0 0 0.5
6911 6912 0 0 0.5
6912 6914 0 0 0.5
6914 6917 3.398529094 0.05296225071 0.5
6914 6920 0 0 0.5
6915 6918 2.979093822 0.02291287847 0.5
6915 6919 2.979093822 0.02291287847 0.5
6918 6920 0 0 0.5
6919 6920 0 0 0.5
6922 6925 3.398529094 0.05296225071 0.5
6922 6929 0 0 0.5
6922 6932 3.422718218 0.05454356057 0.5
6922 6942 3.398529094 0.05296225071 0.5
6922 6946 0 0 0.5
6923 6926 3.328062499 0.05454356057 0.5
6923 6927 2.979093822 0.02291287847 0.5
6923 6928 2.979093822 0.02291287847 0.5
6923 6933 3.422718218 0.05454356057 0.5
6923 6939 3.422718218 0.05454356057 0.5
6923 6941 3.422718218 0.05454356057 0.5
6924 6932 3.422718218 0.05454356057 0.5
6924 6940 3.422718218 0.05454356057 0.5
6924 8583 3.398529094 0.05296225071 0.5
6925 6931 3.398529094 0.05296225071 0.5
6925 8582 3.398529094 0.05296225071 0.5
6925 8584 2.958039892 0.02224859546 0.5
6925 8585 2.958039892 0.02224859546 0.5
6926 6929 0 0 0.5
6926 8581 3.328062499 0.05454356057 0.5
6926 8586 0 0 0.5
6927 6929 0 0 0.5
6927 8583 2.958039892 0.02224859546 0.5
6928 6929 0 0 0.5
6928 8583 2.958039892 0.02224859546 0.5
6929 6931 0 0 0.5
6931 6934 3.398529094 0.05296225071 0.5
6931 6937 0 0 0.5
6931 6940 3.422718218 0.05454356057 0.5
6932 6935 2.979093822 0.02291287847 0.5
6932 6936 2.979093822 0.02291287847 0.5
6932 6941 3.422718218 0.05454356057 0.5
6933 6940 3.422718218 0.05454356057 0.5
6934 6939 3.398529094 0.05296225071 0.5
6935 6937 0 0 0.5
6936 6937 0 0 0.5
6937 6939 0 0 0.5
6939 6942 3.398529094 0.05296225071 0.5
6939 6946 0 0 0.5
6940 6943 3.328062499 0.05454356057 0.5
6940 6944 2.979093822 0.02291287847 0.5
6940 6945 2.979093822 0.02291287847 0.5
6941 8725 3.398529094 0.05296225071 0.5
6942 8724 3.398529094 0.05296225071 0.5
6942 8726 2.958039892 0.02224859546 0.5
6942 8727 2.958039892 0.02224859546 0.5
6943 6946 0 0 0.5
6943 8723 3.328062499 0.05454356057 0.5
6943 8728 0 0 0.5
6944 6946 0 0 0.5
6944 8725 2.958039892 0.02224859546 0.5
6945 6946 0 0 0.5
6945 8725 2.958039892 0.02224859546 0.5
6948 6951 3.398529094 0.05296225071 0.5
6948 6955 0 0 0.5
6948 6958 3.422718218 0.05454356057 0.5
6948 6968 3.398529094 0.05296225071 0.5
6948 6971 0 0 0.5
6949 6952 3.328062499 0.05454356057 0.5
6949 6953 2.979093822 0.02291287847 0.5
6949 6954 2.979093822 0.02291287847 0.5
6949 6959 3.422718218 0.05454356057 0.5
6949 6965 3.422718218 0.05454356057 0.5
6949 6967 3.422718218 0.05454356057 0.5
6950 6958 3.422718218 0.05454356057 0.5
6950 6966 3.422718218 0.05454356057 0.5
6950 8338 3.398529094 0.05296225071 0.5
6951 6957 3.398529094 0.05296225071 0.5
6951 8337 3.398529094 0.05296225071 0.5
6951 8339 2.958039892 0.02224859546 0.5
6951 8340 2.958039892 0.02224859546 0.5
6952 6955 0 0 0.5
6952 8336 3.328062499 0.05454356057 0.5
6952 8341 0 0 0.5
6953 6955 0 0 0.5
6953 8338 2.958039892 0.02224859546 0.5
6954 6955 0 0 0.5
6954 8338 2.958039892 0.02224859546 0.5
6955 6957 0 0 0.5
6957 6960 3.398529094 0.05296225071 0.5
6957 6963 0 0 0.5
6957 6966 3.422718218 0.05454356057 0.5
6958 6961 2.979093822 0.02291287847 0.5
6958 6962 2.979093822 0.02291287847 0.5
6958 6967 3.422718218 0.05454356057 0.5
6959 6966 3.422718218 0.05454356057 0.5
6960 6965 3.398529094 0.05296225071 0.5
6961 6963 0 0 0.5
6962 6963 0 0 0.5
6963 6965 0 0 0.5
6965 6968 3.398529094 0.05296225071 0.5
6965 6971 0 0 0.5
6966 6969 2.979093822 0.02291287847 0.5
6966 6970 2.979093822 0.02291287847 0.5
6969 6971 0 0 0.5
6970 6971 0 0 0.5
6973 6976 3.398529094 0.05296225071 0.5
6973 6980 0 0 0.5
6973 6983 3.422718218 0.05454356057 0.5
6973 6993 3.398529094 0.05296225071 0.5
6973 6996 0 0 0.5
6974 6977 3.328062499 0.05454356057 0.5
6974 6978 2.979093822 0.02291287847 0.5
6974 6979 2.979093822 0.02291287847 0.5
6974 6984 3.422718218 0.05454356057 0.5
6974 6990 3.422718218 0.05454356057 0.5
6974 6992 3.422718218 0.05454356057 0.5
6975 6983 3.422718218 0.05454356057 0.5
6975 6991 3.422718218 0.05454356057 0.5
6975 10736 3.398529094 0.05296225071 0.5
6976 6982 3.398529094 0.05296225071 0.5
6976 10735 3.398529094 0.05296225071 0.5
6976 10737 2.958039892 0.02224859546 0.5
6976 10738 2.958039892 0.02224859546 0.5
6977 6980 0 0 0.5
6977 10734 3.328062499 0.05454356057 0.5
6977 10739 0 0 0.5
6978 6980 0 0 0.5
6978 10736 2.958039892 0.02224859546 0.5
6979 6980 0 0 0.5
6979 10736 2.958039892 0.02224859546 0.5
6980 6982 0 0 0.5
6982 6985 3.398529094 0.05296225071 0.5
6982 6988 0 0 0.5
6982 6991 3.422718218 0.05454356057 0.5
6983 6986 2.979093822 0.02291287847 0.5
6983 6987 2.979093822 0.02291287847 0.5
6983 6992 3.422718218 0.05454356057 0.5
6984 6991 3.422718218 0.05454356057 0.5
6985 6990 3.398529094 0.05296225071 0.5
6986 6988 0 0 0.5
6987 6988 0 0 0.5
6988 6990 0 0 0.5
6990 6993 3.398529094 0.05296225071 0.5
6990 6996 0 0 0.5
6991 6994 2.979093822 0.02291287847 0.5
6991 6995 2.979093822 0.02291287847 0.5
6994 6996 0 0 0.5
6995 6996 0 0 0.5
6998 7001 3.398529094 0.05296225071 0.5
6998 7005 0 0 0.5
6998 7008 3.422718218 0.05454356057 0.5
6998 7020 3.398529094 0.05296225071 0.5
6998 7024 0 0 0.5
6999 7002 3.328062499 0.05454356057 0.5
6999 7003 2.979093822 0.02291287847 0.5
6999 7004 2.979093822 0.02291287847 0.5
6999 7009 3.422718218 0.05454356057 0.5
6999 7017 3.422718218 0.05454356057 0.5
6999 7019 3.422718218 0.05454356057 0.5
7000 7008 3.422718218 0.05454356057 0.5
7000 7018 3.422718218 0.05454356057 0.5
7000 10333 3.398529094 0.05296225071 0.5
7001 7007 3.398529094 0.05296225071 0.5
7001 10332 3.398529094 0.05296225071 0.5
7001 10334 2.958039892 0.02224859546 0.5
7001 10335 2.958039892 0.02224859546 0.5
7002 7005 0 0 0.5
7002 10331 3.328062499 0.05454356057 0.5
7002 10336 0 0 0.5
7003 7005 0 0 0.5
7003 10333 2.958039892 0.02224859546 0.5
7004 7005 0 0 0.5
7004 10333 2.958039892 0.02224859546 0.5
7005 7007 0 0 0.5
7007 7010 3.398529094 0.05296225071 0.5
7007 7015 0 0 0.5
7007 7018 3.422718218 0.05454356057 0.5
7008 7011 3.328062499 0.05454356057 0.5
7008 7013 2.979093822 0.02291287847 0.5
7008 7014 2.979093822 0.02291287847 0.5
7008 7019 3.422718218 0.05454356057 0.5
7009 7012 0 0 0.5
7009 7018 3.422718218 0.05454356057 0.5
7010 7017 3.398529094 0.05296225071 0.5
7011 7015 0 0 0.5
7012 7013 0 0 0.5
7012 7014 0 0 0.5
7013 7015 0 0 0.5
7014 7015 0 0 0.5
7015 7017 0 0 0.5
7017 7020 3.398529094 0.05296225071 0.5
7017 7024 0 0 0.5
7018 7021 3.328062499 0.05454356057 0.5
7018 7022 2.979093822 0.02291287847 0.5
7018 7023 2.979093822 0.02291287847 0.5
7019 12346 3.398529094 0.05296225071 0.5
7020 12345 3.398529094 0.05296225071 0.5
7020 12347 2.958039892 0.02224859546 0.5
7020 12348 2.958039892 0.02224859546 0.5
7021 7024 0 0 0.5
7021 12344 3.328062499 0.05454356057 0.5
7021 12349 0 0 0.5
7022 7024 0 0 0.5
7022 12346 2.958039892 0.02224859546 0.5
7023 7024 0 0 0.5
7023 12346 2.958039892 0.02224859546 0.5
7026 7029 3.398529094 0.05296225071 0.5
7026 7033 0 0 0.5
7026 7036 3.422718218 0.05454356057 0.5
7026 7047 3.398529094 0.05296225071 0.5
7026 7052 0 0 0.5
7027 7030 3.328062499 0.05454356057 0.5
7027 7031 2.979093822 0.02291287847 0.5
7027 7032 2.979093822 0.02291287847 0.5
7027 7037 3.422718218 0.05454356057 0.5
7027 7044 3.422718218 0.05454356057 0.5
7027 7046 3.422718218 0.05454356057 0.5
7028 7036 3.422718218 0.05454356057 0.5
7028 7045 3.422718218 0.05454356057 0.5
7028 8794 3.398529094 0.05296225071 0.5
7029 7035 3.398529094 0.05296225071 0.5
7029 8793 3.398529094 0.05296225071 0.5
7029 8795 2.958039892 0.02224859546 0.5
7029 8796 2.958039892 0.02224859546 0.5
7030 7033 0 0 0.5
7030 8792 3.328062499 0.05454356057 0.5
7030 8797 0 0 0.5
7031 7033 0 0 0.5
7031 8794 2.958039892 0.02224859546 0.5
7032 7033 0 0 0.5
7032 8794 2.958039892 0.02224859546 0.5
7033 7035 0 0 0.5
7035 7038 3.398529094 0.05296225071 0.5
7035 7042 0 0 0.5
7035 7045 3.422718218 0.05454356057 0.5
7036 7039 3.328062499 0.05454356057 0.5
7036 7040 2.979093822 0.02291287847 0.5
7036 7041 2.979093822 0.02291287847 0.5
7036 7046 3.422718218 0.05454356057 0.5
7037 7045 3.422718218 0.05454356057 0.5
7037 11618 3.398529094 0.05296225071 0.5
7038 7044 3.398529094 0.05296225071 0.5
7038 11617 3.398529094 0.05296225071 0.5
7038 11619 2.958039892 0.02224859546 0.5
7038 11620 2.958039892 0.02224859546 0.5
7039 7042 0 0 0.5
7039 11616 3.328062499 0.05454356057 0.5
7039 11621 0 0 0.5
7040 7042 0 0 0.5
7040 11618 2.958039892 0.02224859546 0.5
7041 7042 0 0 0.5
7041 11618 2.958039892 0.02224859546 0.5
7042 7044 0 0 0.5
7044 7047 3.398529094 0.05296225071 0.5
7044 7052 0 0 0.5
7045 7048 3.328062499 0.05454356057 0.5
7045 7050 2.979093822 0.02291287847 0.5
7045 7051 2.979093822 0.02291287847 0.5
7046 7049 0 0 0.5
7048 7052 0 0 0.5
7049 7050 0 0 0.5
7049 7051 0 0 0.5
7050 7052 0 0 0.5
7051 7052 0 0 0.5
7054 7057 3.398529094 0.05296225071 0.5
7054 7060 0 0 0.5
7054 7063 3.422718218 0.05454356057 0.5
7054 7073 3.398529094 0.05296225071 0.5
7054 7076 0 0 0.5
7055 7058 2.979093822 0.02291287847 0.5
7055 7059 2.979093822 0.02291287847 0.5
7055 7064 3.422718218 0.05454356057 0.5
7055 7070 3.422718218 0.05454356057 0.5
7055 7072 3.422718218 0.05454356057 0.5
7056 7063 3.422718218 0.05454356057 0.5
7056 7071 3.422718218 0.05454356057 0.5
7057 7062 3.398529094 0.05296225071 0.5
7058 7060 0 0 0.5
7059 7060 0 0 0.5
7060 7062 0 0 0.5
7062 7065 3.398529094 0.05296225071 0.5
7062 7068 0 0 0.5
7062 7071 3.422718218 0.05454356057 0.5
7063 7066 2.979093822 0.02291287847 0.5
7063 7067 2.979093822 0.02291287847 0.5
7063 7072 3.422718218 0.05454356057 0.5
7064 7071 3.422718218 0.05454356057 0.5
7065 7070 3.398529094 0.05296225071 0.5
7066 7068 0 0 0.5
7067 7068 0 0 0.5
7068 7070 0 0 0.5
7070 7073 3.398529094 0.05296225071 0.5
7070 7076 0 0 0.5
7071 7074 2.979093822 0.02291287847 0.5
7071 7075 2.979093822 0.02291287847 0.5
7074 7076 0 0 0.5
7075 7076 0 0 0.5
7078 7081 3.398529094 0.05296225071 0.5
7078 7084 0 0 0.5
7078 7087 3.422718218 0.05454356057 0.5
7078 7099 3.398529094 0.05296225071 0.5
7078 7103 0 0 0.5
7079 7082 2.979093822 0.02291287847 0.5
7079 7083 2.979093822 0.02291287847 0.5
7079 7088 3.422718218 0.05454356057 0.5
7079 7096 3.422718218 0.05454356057 0.5
7079 7098 3.422718218 0.05454356057 0.5
7080 7087 3.422718218 0.05454356057 0.5
7080 7097 3.422718218 0.05454356057 0.5
7081 7086 3.398529094 0.05296225071 0.5
7082 7084 0 0 0.5
7083 7084 0 0 0.5
7084 7086 0 0 0.5
7086 7089 3.398529094 0.05296225071 0.5
7086 7094 0 0 0.5
7086 7097 3.422718218 0.05454356057 0.5
7087 7090 3.328062499 0.05454356057 0.5
7087 7092 2.979093822 0.02291287847 0.5
7087 7093 2.979093822 0.02291287847 0.5
7087 7098 3.422718218 0.05454356057 0.5
7088 7091 0 0 0.5
7088 7097 3.422718218 0.05454356057 0.5
7089 7096 3.398529094 0.05296225071 0.5
7090 7094 0 0 0.5
7091 7092 0 0 0.5
7091 7093 0 0 0.5
7092 7094 0 0 0.5
7093 7094 0 0 0.5
7094 7096 0 0 0.5
7096 7099 3.398529094 0.05296225071 0.5
7096 7103 0 0 0.5
7097 7100 3.328062499 0.05454356057 0.5
7097 7101 2.979093822 0.02291287847 0.5
7097 7102 2.979093822 0.02291287847 0.5
7098 10986 3.398529094 0.05296225071 0.5
7099 10985 3.398529094 0.05296225071 0.5
7099 10987 2.958039892 0.02224859546 0.5
7099 10988 2.958039892 0.02224859546 0.5
7100 7103 0 0 0.5
7100 10984 3.328062499 0.05454356057 0.5
7100 10989 0 0 0.5
7101 7103 0 0 0.5
7101 10986 2.958039892 0.02224859546 0.5
7102 7103 0 0 0.5
7102 10986 2.958039892 0.02224859546 0.5
7105 7108 3.398529094 0.05296225071 0.5
7105 7112 0 0 0.5
7105 7115 3.422718218 0.05454356057 0.5
7105 7125 3.398529094 0.05296225071 0.5
7105 7129 0 0 0.5
7106 7109 3.328062499 0.05454356057 0.5
7106 7110 2.979093822 0.02291287847 0.5
7106 7111 2.979093822 0.02291287847 0.5
7106 7116 3.422718218 0.05454356057 0.5
7106 7122 3.422718218 0.05454356057 0.5
7106 7124 3.422718218 0.05454356057 0.5
7107 7115 3.422718218 0.05454356057 0.5
7107 7123 3.422718218 0.05454356057 0.5
7107 10744 3.398529094 0.05296225071 0.5
7108 7114 3.398529094 0.05296225071 0.5
7108 10743 3.398529094 0.05296225071 0.5
7108 10745 2.958039892 0.02224859546 0.5
7108 10746 2.958039892 0.02224859546 0.5
7109 7112 0 0 0.5
7109 10742 3.328062499 0.05454356057 0.5
7109 10747 0 0 0.5
7110 7112 0 0 0.5
7110 10744 2.958039892 0.02224859546 0.5
7111 7112 0 0 0.5
7111 10744 2.958039892 0.02224859546 0.5
7112 7114 0 0 0.5
7114 7117 3.398529094 0.05296225071 0.5
7114 7120 0 0 0.5
7114 7123 3.422718218 0.05454356057 0.5
7115 7118 2.979093822 0.02291287847 0.5
7115 7119 2.979093822 0.02291287847 0.5
7115 7124 3.422718218 0.05454356057 0.5
7116 7123 3.422718218 0.05454356057 0.5
7117 7122 3.398529094 0.05296225071 0.5
7118 7120 0 0 0.5
7119 7120 0 0 0.5
7120 7122 0 0 0.5
7122 7125 3.398529094 0.05296225071 0.5
7122 7129 0 0 0.5
7123 7126 3.328062499 0.05454356057 0.5
7123 7127 2.979093822 0.02291287847 0.5
7123 7128 2.979093822 0.02291287847 0.5
7124 11296 3.398529094 0.05296225071 0.5
7125 11295 3.398529094 0.05296225071 0.5
7125 11297 2.958039892 0.02224859546 0.5
7125 11298 2.958039892 0.02224859546 0.5
7126 7129 0 0 0.5
7126 11294 3.328062499 0.05454356057 0.5
7126 11299 0 0 0.5
7127 7129 0 0 0.5
7127 11296 2.958039892 0.02224859546 0.5
7128 7129 0 0 0.5
7128 11296 2.958039892 0.02224859546 0.5
7131 7134 3.398529094 0.05296225071 0.5
7131 7137 0 0 0.5
7131 7140 3.422718218 0.05454356057 0.5
7131 7150 3.398529094 0.05296225071 0.5
7131 7153 0 0 0.5
7132 7135 2.979093822 0.02291287847 0.5
7132 7136 2.979093822 0.02291287847 0.5
7132 7141 3.422718218 0.05454356057 0.5
7132 7147 3.422718218 0.05454356057 0.5
7132 7149 3.422718218 0.05454356057 0.5
7133 7140 3.422718218 0.05454356057 0.5
7133 7148 3.422718218 0.05454356057 0.5
7134 7139 3.398529094 0.05296225071 0.5
7135 7137 0 0 0.5
7136 7137 0 0 0.5
7137 7139 0 0 0.5
7139 7142 3.398529094 0.05296225071 0.5
7139 7145 0 0 0.5
7139 7148 3.422718218 0.05454356057 0.5
7140 7143 2.979093822 0.02291287847 0.5
7140 7144 2.979093822 0.02291287847 0.5
7140 7149 3.422718218 0.05454356057 0.5
7141 7148 3.422718218 0.05454356057 0.5
7142 7147 3.398529094 0.05296225071 0.5
7143 7145 0 0 0.5
7144 7145 0 0 0.5
7145 7147 0 0 0.5
7147 7150 3.398529094 0.05296225071 0.5
7147 7153 0 0 0.5
7148 7151 2.979093822 0.02291287847 0.5
7148 7152 2.979093822 0.02291287847 0.5
7151 7153 0 0 0.5
7152 7153 0 0 0.5
7155 7158 3.398529094 0.05296225071 0.5
7155 7162 0 0 0.5
7155 7165 3.422718218 0.05454356057 0.5
7155 7176 3.398529094 0.05296225071 0.5
7155 7180 0 0 0.5
7156 7159 3.328062499 0.05454356057 0.5
7156 7160 2.979093822 0.02291287847 0.5
7156 7161 2.979093822 0.02291287847 0.5
7156 7166 3.422718218 0.05454356057 0.5
7156 7173 3.422718218 0.05454356057 0.5
7156 7175 3.422718218 0.05454356057 0.5
7157 7165 3.422718218 0.05454356057 0.5
7157 7174 3.422718218 0.05454356057 0.5
7157 12634 3.398529094 0.05296225071 0.5
7158 7164 3.398529094 0.05296225071 0.5
7158 12633 3.398529094 0.05296225071 0.5
7158 12635 2.958039892 0.02224859546 0.5
7158 12636 2.958039892 0.02224859546 0.5
7159 7162 0 0 0.5
7159 12632 3.328062499 0.05454356057 0.5
7159 12637 0 0 0.5
7160 7162 0 0 0.5
7160 12634 2.958039892 0.02224859546 0.5
7161 7162 0 0 0.5
7161 12634 2.958039892 0.02224859546 0.5
7162 7164 0 0 0.5
7164 7167 3.398529094 0.05296225071 0.5
7164 7171 0 0 0.5
7164 7174 3.422718218 0.05454356057 0.5
7165 7168 3.328062499 0.05454356057 0.5
7165 7169 2.979093822 0.02291287847 0.5
7165 7170 2.979093822 0.02291287847 0.5
7165 7175 3.422718218 0.05454356057 0.5
7166 7174 3.422718218 0.05454356057 0.5
7166 12780 3.398529094 0.05296225071 0.5
7167 7173 3.398529094 0.05296225071 0.5
7167 12779 3.398529094 0.05296225071 0.5
7167 12781 2.958039892 0.02224859546 0.5
7167 12782 2.958039892 0.02224859546 0.5
7168 7171 0 0 0.5
7168 12778 3.328062499 0.05454356057 0.5
7168 12783 0 0 0.5
7169 7171 0 0 0.5
7169 12780 2.958039892 0.02224859546 0.5
7170 7171 0 0 0.5
7170 12780 2.958039892 0.02224859546 0.5
7171 7173 0 0 0.5
7173 7176 3.398529094 0.05296225071 0.5
7173 7180 0 0 0.5
7174 7177 3.328062499 0.05454356057 0.5
7174 7178 2.979093822 0.02291287847 0.5
7174 7179 2.979093822 0.02291287847 0.5
7175 7933 3.398529094 0.05296225071 0.5
7176 7932 3.398529094 0.05296225071 0.5
7176 7934 2.958039892 0.02224859546 0.5
7176 7935 2.958039892 0.02224859546 0.5
7177 7180 0 0 0.5
7177 7931 3.328062499 0.05454356057 0.5
7177 7936 0 0 0.5
7178 7180 0 0 0.5
7178 7933 2.958039892 0.02224859546 0.5
7179 7180 0 0 0.5
7179 7933 2.958039892 0.02224859546 0.5
7182 7185 3.398529094 0.05296225071 0.5
7182 7190 0 0 0.5
7182 7193 3.422718218 0.05454356057 0.5
7182 7203 3.398529094 0.05296225071 0.5
7182 7206 0 0 0.5
7183 7186 3.328062499 0.05454356057 0.5
7183 7188 2.979093822 0.02291287847 0.5
7183 7189 2.979093822 0.02291287847 0.5
7183 7194 3.422718218 0.05454356057 0.5
7183 7200 3.422718218 0.05454356057 0.5
7183 7202 3.422718218 0.05454356057 0.5
7184 7187 0 0 0.5
7184 7193 3.422718218 0.05454356057 0.5
7184 7201 3.422718218 0.05454356057 0.5
7185 7192 3.398529094 0.05296225071 0.5
7186 7190 0 0 0.5
7187 7188 0 0 0.5
7187 7189 0 0 0.5
7188 7190 0 0 0.5
7189 7190 0 0 0.5
7190 7192 0 0 0.5
7192 7195 3.398529094 0.05296225071 0.5
7192 7198 0 0 0.5
7192 7201 3.422718218 0.05454356057 0.5
7193 7196 2.979093822 0.02291287847 0.5
7193 7197 2.979093822 0.02291287847 0.5
7193 7202 3.422718218 0.05454356057 0.5
7194 7201 3.422718218 0.05454356057 0.5
7195 7200 3.398529094 0.05296225071 0.5
7196 7198 0 0 0.5
7197 7198 0 0 0.5
7198 7200 0 0 0.5
7200 7203 3.398529094 0.05296225071 0.5
7200 7206 0 0 0.5
7201 7204 2.979093822 0.02291287847 0.5
7201 7205 2.979093822 0.02291287847 0.5
7204 7206 0 0 0.5
7205 7206 0 0 0.5
7208 7211 3.398529094 0.05296225071 0.5
7208 7214 0 0 0.5
7208 7217 3.422718218 0.05454356057 0.5
7208 7228 3.398529094 0.05296225071 0.5
7208 7232 0 0 0.5
7209 7212 2.979093822 0.02291287847 0.5
7209 7213 2.979093822 0.02291287847 0.5
7209 7218 3.422718218 0.05454356057 0.5
7209 7225 3.422718218 0.05454356057 0.5
7209 7227 3.422718218 0.05454356057 0.5
7210 7217 3.422718218 0.05454356057 0.5
7210 7226 3.422718218 0.05454356057 0.5
7211 7216 3.398529094 0.05296225071 0.5
7212 7214 0 0 0.5
7213 7214 0 0 0.5
7214 7216 0 0 0.5
7216 7219 3.398529094 0.05296225071 0.5
7216 7223 0 0 0.5
7216 7226 3.422718218 0.05454356057 0.5
7217 7220 3.328062499 0.05454356057 0.5
7217 7221 2.979093822 0.02291287847 0.5
7217 7222 2.979093822 0.02291287847 0.5
7217 7227 3.422718218 0.05454356057 0.5
7218 7226 3.422718218 0.05454356057 0.5
7218 10127 3.398529094 0.05296225071 0.5
7219 7225 3.398529094 0.05296225071 0.5
7219 10126 3.398529094 0.05296225071 0.5
7219 10128 2.958039892 0.02224859546 0.5
7219 10129 2.958039892 0.02224859546 0.5
7220 7223 0 0 0.5
7220 10125 3.328062499 0.05454356057 0.5
7220 10130 0 0 0.5
7221 7223 0 0 0.5
7221 10127 2.958039892 0.02224859546 0.5
7222 7223 0 0 0.5
7222 10127 2.958039892 0.02224859546 0.5
7223 7225 0 0 0.5
7225 7228 3.398529094 0.05296225071 0.5
7225 7232 0 0 0.5
7226 7229 3.328062499 0.05454356057 0.5
7226 7230 2.979093822 0.02291287847 0.5
7226 7231 2.979093822 0.02291287847 0.5
7227 10659 3.398529094 0.05296225071 0.5
7228 10658 3.398529094 0.05296225071 0.5
7228 10660 2.958039892 0.02224859546 0.5
7228 10661 2.958039892 0.02224859546 0.5
7229 7232 0 0 0.5
7229 10657 3.328062499 0.05454356057 0.5
7229 10662 0 0 0.5
7230 7232 0 0 0.5
7230 10659 2.958039892 0.02224859546 0.5
7231 7232 0 0 0.5
7231 10659 2.958039892 0.02224859546 0.5
7234 7237 3.398529094 0.05296225071 0.5
7234 7240 0 0 0.5
7234 7243 3.422718218 0.05454356057 0.5
7234 7253 3.398529094 0.05296225071 0.5
7234 7258 0 0 0.5
7235 7238 2.979093822 0.02291287847 0.5
7235 7239 2.979093822 0.02291287847 0.5
7235 7244 3.422718218 0.05454356057 0.5
7235 7250 3.422718218 0.05454356057 0.5
7235 7252 3.422718218 0.05454356057 0.5
7236 7243 3.422718218 0.05454356057 0.5
7236 7251 3.422718218 0.05454356057 0.5
7237 7242 3.398529094 0.05296225071 0.5
7238 7240 0 0 0.5
7239 7240 0 0 0.5
7240 7242 0 0 0.5
7242 7245 3.398529094 0.05296225071 0.5
7242 7248 0 0 0.5
7242 7251 3.422718218 0.05454356057 0.5
7243 7246 2.979093822 0.02291287847 0.5
7243 7247 2.979093822 0.02291287847 0.5
7243 7252 3.422718218 0.05454356057 0.5
7244 7251 3.422718218 0.05454356057 0.5
7245 7250 3.398529094 0.05296225071 0.5
7246 7248 0 0 0.5
7247 7248 0 0 0.5
7248 7250 0 0 0.5
7250 7253 3.398529094 0.05296225071 0.5
7250 7258 0 0 0.5
7251 7254 3.328062499 0.05454356057 0.5
7251 7256 2.979093822 0.02291287847 0.5
7251 7257 2.979093822 0.02291287847 0.5
7252 7255 0 0 0.5
7254 7258 0 0 0.5
7255 7256 0 0 0.5
7255 7257 0 0 0.5
7256 7258 0 0 0.5
7257 7258 0 0 0.5
7260 7263 3.398529094 0.05296225071 0.5
7260 7266 0 0 0.5
7260 7269 3.422718218 0.05454356057 0.5
7260 7279 3.398529094 0.05296225071 0.5
7260 7283 0 0 0.5
7261 7264 2.979093822 0.02291287847 0.5
7261 7265 2.979093822 0.02291287847 0.5
7261 7270 3.422718218 0.05454356057 0.5
7261 7276 3.422718218 0.05454356057 0.5
7261 7278 3.422718218 0.05454356057 0.5
7262 7269 3.422718218 0.05454356057 0.5
7262 7277 3.422718218 0.05454356057 0.5
7263 7268 3.398529094 0.05296225071 0.5
7264 7266 0 0 0.5
7265 7266 0 0 0.5
7266 7268 0 0 0.5
7268 7271 3.398529094 0.05296225071 0.5
7268 7274 0 0 0.5
7268 7277 3.422718218 0.05454356057 0.5
7269 7272 2.979093822 0.02291287847 0.5
7269 7273 2.979093822 0.02291287847 0.5
7269 7278 3.422718218 0.05454356057 0.5
7270 7277 3.422718218 0.05454356057 0.5
7271 7276 3.398529094 0.05296225071 0.5
7272 7274 0 0 0.5
7273 7274 0 0 0.5
7274 7276 0 0 0.5
7276 7279 3.398529094 0.05296225071 0.5
7276 7283 0 0 0.5
7277 7280 3.328062499 0.05454356057 0.5
7277 7281 2.979093822 0.02291287847 0.5
7277 7282 2.979093822 0.02291287847 0.5
7278 11499 3.398529094 0.05296225071 0.5
7279 11498 3.398529094 0.05296225071 0.5
7279 11500 2.958039892 0.02224859546 0.5
7279 11501 2.958039892 0.02224859546 0.5
7280 7283 0 0 0.5
7280 11497 3.328062499 0.05454356057 0.5
7280 11502 0 0 0.5
7281 7283 0 0 0.5
7281 11499 2.958039892 0.02224859546 0.5
7282 7283 0 0 0.5
7282 11499 2.958039892 0.02224859546 0.5
7285 7288 3.398529094 0.05296225071 0.5
7285 7291 0 0 0.5
7285 7294 3.422718218 0.05454356057 0.5
7285 7306 3.398529094 0.05296225071 0.5
7285 7310 0 0 0.5
7286 7289 2.979093822 0.02291287847 0.5
7286 7290 2.979093822 0.02291287847 0.5
7286 7295 3.422718218 0.05454356057 0.5
7286 7303 3.422718218 0.05454356057 0.5
7286 7305 3.422718218 0.05454356057 0.5
7287 7294 3.422718218 0.05454356057 0.5
7287 7304 3.422718218 0.05454356057 0.5
7288 7293 3.398529094 0.05296225071 0.5
7289 7291 0 0 0.5
7290 7291 0 0 0.5
7291 7293 0 0 0.5
7293 7296 3.398529094 0.05296225071 0.5
7293 7301 0 0 0.5
7293 7304 3.422718218 0.05454356057 0.5
7294 7297 3.328062499 0.05454356057 0.5
7294 7299 2.979093822 0.02291287847 0.5
7294 7300 2.979093822 0.02291287847 0.5
7294 7305 3.422718218 0.05454356057 0.5
7295 7298 0 0 0.5
7295 7304 3.422718218 0.05454356057 0.5
7296 7303 3.398529094 0.05296225071 0.5
7297 7301 0 0 0.5
7298 7299 0 0 0.5
7298 7300 0 0 0.5
7299 7301 0 0 0.5
7300 7301 0 0 0.5
7301 7303 0 0 0.5
7303 7306 3.398529094 0.05296225071 0.5
7303 7310 0 0 0.5
7304 7307 3.328062499 0.05454356057 0.5
7304 7308 2.979093822 0.02291287847 0.5
7304 7309 2.979093822 0.02291287847 0.5
7305 9016 3.398529094 0.05296225071 0.5
7306 9015 3.398529094 0.05296225071 0.5
7306 9017 2.958039892 0.02224859546 0.5
7306 9018 2.958039892 0.02224859546 0.5
7307 7310 0 0 0.5
7307 9014 3.328062499 0.05454356057 0.5
7307 9019 0 0 0.5
7308 7310 0 0 0.5
7308 9016 2.958039892 0.02224859546 0.5
7309 7310 0 0 0.5
7309 9016 2.958039892 0.02224859546 0.5
7312 7315 3.398529094 0.05296225071 0.5
7312 7319 0 0 0.5
7312 7322 3.422718218 0.05454356057 0.5
7312 7333 3.398529094 0.05296225071 0.5
7312 7338 0 0 0.5
7313 7316 3.328062499 0.05454356057 0.5
7313 7317 2.979093822 0.02291287847 0.5
7313 7318 2.979093822 0.02291287847 0.5
7313 7323 3.422718218 0.05454356057 0.5
7313 7330 3.422718218 0.05454356057 0.5
7313 7332 3.422718218 0.05454356057 0.5
7314 7322 3.422718218 0.05454356057 0.5
7314 7331 3.422718218 0.05454356057 0.5
7314 8515 3.398529094 0.05296225071 0.5
7315 7321 3.398529094 0.05296225071 0.5
7315 8514 3.398529094 0.05296225071 0.5
7315 8516 2.958039892 0.02224859546 0.5
7315 8517 2.958039892 0.02224859546 0.5
7316 7319 0 0 0.5
7316 8513 3.328062499 0.05454356057 0.5
7316 8518 0 0 0.5
7317 7319 0 0 0.5
7317 8515 2.958039892 0.02224859546 0.5
7318 7319 0 0 0.5
7318 8515 2.958039892 0.02224859546 0.5
7319 7321 0 0 0.5
7321 7324 3.398529094 0.05296225071 0.5
7321 7328 0 0 0.5
7321 7331 3.422718218 0.05454356057 0.5
7322 7325 3.328062499 0.05454356057 0.5
7322 7326 2.979093822 0.02291287847 0.5
7322 7327 2.979093822 0.02291287847 0.5
7322 7332 3.422718218 0.05454356057 0.5
7323 7331 3.422718218 0.05454356057 0.5
7323 8836 3.398529094 0.05296225071 0.5
7324 7330 3.398529094 0.05296225071 0.5
7324 8835 3.398529094 0.05296225071 0.5
7324 8837 2.958039892 0.02224859546 0.5
7324 8838 2.958039892 0.02224859546 0.5
7325 7328 0 0 0.5
7325 8834 3.328062499 0.05454356057 0.5
7325 8839 0 0 0.5
7326 7328 0 0 0.5
7326 8836 2.958039892 0.02224859546 0.5
7327 7328 0 0 0.5
7327 8836 2.958039892 0.02224859546 0.5
7328 7330 0 0 0.5
7330 7333 3.398529094 0.05296225071 0.5
7330 7338 0 0 0.5
7331 7334 3.328062499 0.05454356057 0.5
7331 7336 2.979093822 0.02291287847 0.5
7331 7337 2.979093822 0.02291287847 0.5
7332 7335 0 0 0.5
7334 7338 0 0 0.5
7335 7336 0 0 0.5
7335 7337 0 0 0.5
7336 7338 0 0 0.5
7337 7338 0 0 0.5
7340 7343 3.398529094 0.05296225071 0.5
7340 7346 0 0 0.5
7340 7349 3.422718218 0.05454356057 0.5
7340 7359 3.398529094 0.05296225071 0.5
7340 7362 0 0 0.5
7341 7344 2.979093822 0.02291287847 0.5
7341 7345 2.979093822 0.02291287847 0.5
7341 7350 3.422718218 0.05454356057 0.5
7341 7356 3.422718218 0.05454356057 0.5
7341 7358 3.422718218 0.05454356057 0.5
7342 7349 3.422718218 0.05454356057 0.5
7342 7357 3.422718218 0.05454356057 0.5
7343 7348 3.398529094 0.05296225071 0.5
7344 7346 0 0 0.5
7345 7346 0 0 0.5
7346 7348 0 0 0.5
7348 7351 3.398529094 0.05296225071 0.5
7348 7354 0 0 0.5
7348 7357 3.422718218 0.05454356057 0.5
7349 7352 2.979093822 0.02291287847 0.5
7349 7353 2.979093822 0.02291287847 0.5
7349 7358 3.422718218 0.05454356057 0.5
7350 7357 3.422718218 0.05454356057 0.5
7351 7356 3.398529094 0.05296225071 0.5
7352 7354 0 0 0.5
7353 7354 0 0 0.5
7354 7356 0 0 0.5
7356 7359 3.398529094 0.05296225071 0.5
7356 7362 0 0 0.5
7357 7360 2.979093822 0.02291287847 0.5
7357 7361 2.979093822 0.02291287847 0.5
7360 7362 0 0 0.5
7361 7362 0 0 0.5
7364 7367 3.398529094 0.05296225071 0.5
7364 7371 0 0 0.5
7364 7374 3.422718218 0.05454356057 0.5
7364 7386 3.398529094 0.05296225071 0.5
7364 7390 0 0 0.5
7365 7368 3.328062499 0.05454356057 0.5
7365 7369 2.979093822 0.02291287847 0.5
7365 7370 2.979093822 0.02291287847 0.5
7365 7375 3.422718218 0.05454356057 0.5
7365 7383 3.422718218 0.05454356057 0.5
7365 7385 3.422718218 0.05454356057 0.5
7366 7374 3.422718218 0.05454356057 0.5
7366 7384 3.422718218 0.05454356057 0.5
7366 12666 3.398529094 0.05296225071 0.5
7367 7373 3.398529094 0.05296225071 0.5
7367 12665 3.398529094 0.05296225071 0.5
7367 12667 2.958039892 0.02224859546 0.5
7367 12668 2.958039892 0.02224859546 0.5
7368 7371 0 0 0.5
7368 12664 3.328062499 0.05454356057 0.5
7368 12669 0 0 0.5
7369 7371 0 0 0.5
7369 12666 2.958039892 0.02224859546 0.5
7370 7371 0 0 0.5
7370 12666 2.958039892 0.02224859546 0.5
7371 7373 0 0 0.5
7373 7376 3.398529094 0.05296225071 0.5
7373 7381 0 0 0.5
7373 7384 3.422718218 0.05454356057 0.5
7374 7377 3.328062499 0.05454356057 0.5
7374 7379 2.979093822 0.02291287847 0.5
7374 7380 2.979093822 0.02291287847 0.5
7374 7385 3.422718218 0.05454356057 0.5
7375 7378 0 0 0.5
7375 7384 3.422718218 0.05454356057 0.5
7376 7383 3.398529094 0.05296225071 0.5
7377 7381 0 0 0.5
7378 7379 0 0 0.5
7378 7380 0 0 0.5
7379 7381 0 0 0.5
7380 7381 0 0 0.5
7381 7383 0 0 0.5
7383 7386 3.398529094 0.05296225071 0.5
7383 7390 0 0 0.5
7384 7387 3.328062499 0.05454356057 0.5
7384 7388 2.979093822 0.02291287847 0.5
7384 7389 2.979093822 0.02291287847 0.5
7385 11999 3.398529094 0.05296225071 0.5
7386 11998 3.398529094 0.05296225071 0.5
7386 12000 2.958039892 0.02224859546 0.5
7386 12001 2.958039892 0.02224859546 0.5
7387 7390 0 0 0.5
7387 11997 3.328062499 0.05454356057 0.5
7387 12002 0 0 0.5
7388 7390 0 0 0.5
7388 11999 2.958039892 0.02224859546 0.5
7389 7390 0 0 0.5
7389 11999 2.958039892 0.02224859546 0.5
7392 7395 3.398529094 0.05296225071 0.5
7392 7398 0 0 0.5
7392 7401 3.422718218 0.05454356057 0.5
7392 7411 3.398529094 0.05296225071 0.5
7392 7414 0 0 0.5
7393 7396 2.979093822 0.02291287847 0.5
7393 7397 2.979093822 0.02291287847 0.5
7393 7402 3.422718218 0.05454356057 0.5
7393 7408 3.422718218 0.05454356057 0.5
7393 7410 3.422718218 0.05454356057 0.5
7394 7401 3.422718218 0.05454356057 0.5
7394 7409 3.422718218 0.05454356057 0.5
7395 7400 3.398529094 0.05296225071 0.5
7396 7398 0 0 0.5
7397 7398 0 0 0.5
7398 7400 0 0 0.5
7400 7403 3.398529094 0.05296225071 0.5
7400 7406 0 0 0.5
7400 7409 3.422718218 0.05454356057 0.5
7401 7404 2.979093822 0.02291287847 0.5
7401 7405 2.979093822 0.02291287847 0.5
7401 7410 3.422718218 0.05454356057 0.5
7402 7409 3.422718218 0.05454356057 0.5
7403 7408 3.398529094 0.05296225071 0.5
7404 7406 0 0 0.5
7405 7406 0 0 0.5
7406 7408 0 0 0.5
7408 7411 3.398529094 0.05296225071 0.5
7408 7414 0 0 0.5
7409 7412 2.979093822 0.02291287847 0.5
7409 7413 2.979093822 0.02291287847 0.5
7412 7414 0 0 0.5
7413 7414 0 0 0.5
7416 7419 3.398529094 0.05296225071 0.5
7416 7422 0 0 0.5
7416 7425 3.422718218 0.05454356057 0.5
7416 7435 3.398529094 0.05296225071 0.5
7416 7438 0 0 0.5
7417 7420 2.979093822 0.02291287847 0.5
7417 7421 2.979093822 0.02291287847 0.5
7417 7426 3.422718218 0.05454356057 0.5
7417 7432 3.422718218 0.05454356057 0.5
7417 7434 3.422718218 0.05454356057 0.5
7418 7425 3.422718218 0.05454356057 0.5
7418 7433 3.422718218 0.05454356057 0.5
7419 7424 3.398529094 0.05296225071 0.5
7420 7422 0 0 0.5
7421 7422 0 0 0.5
7422 7424 0 0 0.5
7424 7427 3.398529094 0.05296225071 0.5
7424 7430 0 0 0.5
7424 7433 3.422718218 0.05454356057 0.5
7425 7428 2.979093822 0.02291287847 0.5
7425 7429 2.979093822 0.02291287847 0.5
7425 7434 3.422718218 0.05454356057 0.5
7426 7433 3.422718218 0.05454356057 0.5
7427 7432 3.398529094 0.05296225071 0.5
7428 7430 0 0 0.5
7429 7430 0 0 0.5
7430 7432 0 0 0.5
7432 7435 3.398529094 0.05296225071 0.5
7432 7438 0 0 0.5
7433 7436 2.979093822 0.02291287847 0.5
7433 7437 2.979093822 0.02291287847 0.5
7436 7438 0 0 0.5
7437 7438 0 0 0.5
7440 7443 3.398529094 0.05296225071 0.5
7440 7446 0 0 0.5
7440 7449 3.422718218 0.05454356057 0.5
7440 7460 3.398529094 0.05296225071 0.5
7440 7464 0 0 0.5
7441 7444 2.979093822 0.02291287847 0.5
7441 7445 2.979093822 0.02291287847 0.5
7441 7450 3.422718218 0.05454356057 0.5
7441 7457 3.422718218 0.05454356057 0.5
7441 7459 3.422718218 0.05454356057 0.5
7442 7449 3.422718218 0.05454356057 0.5
7442 7458 3.422718218 0.05454356057 0.5
7443 7448 3.398529094 0.05296225071 0.5
7444 7446 0 0 0.5
7445 7446 0 0 0.5
7446 7448 0 0 0.5
7448 7451 3.398529094 0.05296225071 0.5
7448 7455 0 0 0.5
7448 7458 3.422718218 0.05454356057 0.5
7449 7452 3.328062499 0.05454356057 0.5
7449 7453 2.979093822 0.02291287847 0.5
7449 7454 2.979093822 0.02291287847 0.5
7449 7459 3.422718218 0.05454356057 0.5
7450 7458 3.422718218 0.05454356057 0.5
7450 10209 3.398529094 0.05296225071 0.5
7451 7457 3.398529094 0.05296225071 0.5
7451 10208 3.398529094 0.05296225071 0.5
7451 10210 2.958039892 0.02224859546 0.5
7451 10211 2.958039892 0.02224859546 0.5
7452 7455 0 0 0.5
7452 10207 3.328062499 0.05454356057 0.5
7452 10212 0 0 0.5
7453 7455 0 0 0.5
7453 10209 2.958039892 0.02224859546 0.5
7454 7455 0 0 0.5
7454 10209 2.958039892 0.02224859546 0.5
7455 7457 0 0 0.5
7457 7460 3.398529094 0.05296225071 0.5
7457 7464 0 0 0.5
7458 7461 3.328062499 0.05454356057 0.5
7458 7462 2.979093822 0.02291287847 0.5
7458 7463 2.979093822 0.02291287847 0.5
7459 11263 3.398529094 0.05296225071 0.5
7460 11262 3.398529094 0.05296225071 0.5
7460 11264 2.958039892 0.02224859546 0.5
7460 11265 2.958039892 0.02224859546 0.5
7461 7464 0 0 0.5
7461 11261 3.328062499 0.05454356057 0.5
7461 11266 0 0 0.5
7462 7464 0 0 0.5
7462 11263 2.958039892 0.02224859546 0.5
7463 7464 0 0 0.5
7463 11263 2.958039892 0.02224859546 0.5
7466 7469 3.398529094 0.05296225071 0.5
7466 7472 0 0 0.5
7466 7475 3.422718218 0.05454356057 0.5
7466 7485 3.398529094 0.05296225071 0.5
7466 7490 0 0 0.5
7467 7470 2.979093822 0.02291287847 0.5
7467 7471 2.979093822 0.02291287847 0.5
7467 7476 3.422718218 0.05454356057 0.5
7467 7482 3.422718218 0.05454356057 0.5
7467 7484 3.422718218 0.05454356057 0.5
7468 7475 3.422718218 0.05454356057 0.5
7468 7483 3.422718218 0.05454356057 0.5
7469 7474 3.398529094 0.05296225071 0.5
7470 7472 0 0 0.5
7471 7472 0 0 0.5
7472 7474 0 0 0.5
7474 7477 3.398529094 0.05296225071 0.5
7474 7480 0 0 0.5
7474 7483 3.422718218 0.05454356057 0.5
7475 7478 2.979093822 0.02291287847 0.5
7475 7479 2.979093822 0.02291287847 0.5
7475 7484 3.422718218 0.05454356057 0.5
7476 7483 3.422718218 0.05454356057 0.5
7477 7482 3.398529094 0.05296225071 0.5
7478 7480 0 0 0.5
7479 7480 0 0 0.5
7480 7482 0 0 0.5
7482 7485 3.398529094 0.05296225071 0.5
7482 7490 0 0 0.5
7483 7486 3.328062499 0.05454356057 0.5
7483 7488 2.979093822 0.02291287847 0.5
7483 7489 2.979093822 0.02291287847 0.5
7484 7487 0 0 0.5
7486 7490 0 0 0.5
7487 7488 0 0 0.5
7487 7489 0 0 0.5
7488 7490 0 0 0.5
7489 7490 0 0 0.5
7492 7495 3.398529094 0.05296225071 0.5
7492 7499 0 0 0.5
7492 7502 3.422718218 0.05454356057 0.5
7492 7512 3.398529094 0.05296225071 0.5
7492 7516 0 0 0.5
7493 7496 3.328062499 0.05454356057 0.5
7493 7497 2.979093822 0.02291287847 0.5
7493 7498 2.979093822 0.02291287847 0.5
7493 7503 3.422718218 0.05454356057 0.5
7493 7509 3.422718218 0.05454356057 0.5
7493 7511 3.422718218 0.05454356057 0.5
7494 7502 3.422718218 0.05454356057 0.5
7494 7510 3.422718218 0.05454356057 0.5
7494 8642 3.398529094 0.05296225071 0.5
7495 7501 3.398529094 0.05296225071 0.5
7495 8641 3.398529094 0.05296225071 0.5
7495 8643 2.958039892 0.02224859546 0.5
7495 8644 2.958039892 0.02224859546 0.5
7496 7499 0 0 0.5
7496 8640 3.328062499 0.05454356057 0.5
7496 8645 0 0 0.5
7497 7499 0 0 0.5
7497 8642 2.958039892 0.02224859546 0.5
7498 7499 0 0 0.5
7498 8642 2.958039892 0.02224859546 0.5
7499 7501 0 0 0.5
7501 7504 3.398529094 0.05296225071 0.5
7501 7507 0 0 0.5
7501 7510 3.422718218 0.05454356057 0.5
7502 7505 2.979093822 0.02291287847 0.5
7502 7506 2.979093822 0.02291287847 0.5
7502 7511 3.422718218 0.05454356057 0.5
7503 7510 3.422718218 0.05454356057 0.5
7504 7509 3.398529094 0.05296225071 0.5
7505 7507 0 0 0.5
7506 7507 0 0 0.5
7507 7509 0 0 0.5
7509 7512 3.398529094 0.05296225071 0.5
7509 7516 0 0 0.5
7510 7513 3.328062499 0.05454356057 0.5
7510 7514 2.979093822 0.02291287847 0.5
7510 7515 2.979093822 0.02291287847 0.5
7511 9544 3.398529094 0.05296225071 0.5
7512 9543 3.398529094 0.05296225071 0.5
7512 9545 2.958039892 0.02224859546 0.5
7512 9546 2.958039892 0.02224859546 0.5
7513 7516 0 0 0.5
7513 9542 3.328062499 0.05454356057 0.5
7513 9547 0 0 0.5
7514 7516 0 0 0.5
7514 9544 2.958039892 0.02224859546 0.5
7515 7516 0 0 0.5
7515 9544 2.958039892 0.02224859546 0.5
7518 7521 3.398529094 0.05296225071 0.5
7518 7525 0 0 0.5
7518 7528 3.422718218 0.05454356057 0.5
7518 7538 3.398529094 0.05296225071 0.5
7518 7542 0 0 0.5
7519 7522 3.328062499 0.05454356057 0.5
7519 7523 2.979093822 0.02291287847 0.5
7519 7524 2.979093822 0.02291287847 0.5
7519 7529 3.422718218 0.05454356057 0.5
7519 7535 3.422718218 0.05454356057 0.5
7519 7537 3.422718218 0.05454356057 0.5
7520 7528 3.422718218 0.05454356057 0.5
7520 7536 3.422718218 0.05454356057 0.5
7520 11808 3.398529094 0.05296225071 0.5
7521 7527 3.398529094 0.05296225071 0.5
7521 11807 3.398529094 0.05296225071 0.5
7521 11809 2.958039892 0.02224859546 0.5
7521 11810 2.958039892 0.02224859546 0.5
7522 7525 0 0 0.5
7522 11806 3.328062499 0.05454356057 0.5
7522 11811 0 0 0.5
7523 7525 0 0 0.5
7523 11808 2.958039892 0.02224859546 0.5
7524 7525 0 0 0.5
7524 11808 2.958039892 0.02224859546 0.5
7525 7527 0 0 0.5
7527 7530 3.398529094 0.05296225071 0.5
7527 7533 0 0 0.5
7527 7536 3.422718218 0.05454356057 0.5
7528 7531 2.979093822 0.02291287847 0.5
7528 7532 2.979093822 0.02291287847 0.5
7528 7537 3.422718218 0.05454356057 0.5
7529 7536 3.422718218 0.05454356057 0.5
7530 7535 3.398529094 0.05296225071 0.5
7531 7533 0 0 0.5
7532 7533 0 0 0.5
7533 7535 0 0 0.5
7535 7538 3.398529094 0.05296225071 0.5
7535 7542 0 0 0.5
7536 7539 3.328062499 0.05454356057 0.5
7536 7540 2.979093822 0.02291287847 0.5
7536 7541 2.979093822 0.02291287847 0.5
7537 11019 3.398529094 0.05296225071 0.5
7538 11018 3.398529094 0.05296225071 0.5
7538 11020 2.958039892 0.02224859546 0.5
7538 11021 2.958039892 0.02224859546 0.5
7539 7542 0 0 0.5
7539 11017 3.328062499 0.05454356057 0.5
7539 11022 0 0 0.5
7540 7542 0 0 0.5
7540 11019 2.958039892 0.02224859546 0.5
7541 7542 0 0 0.5
7541 11019 2.958039892 0.02224859546 0.5
7544 7547 3.398529094 0.05296225071 0.5
7544 7550 0 0 0.5
7544 7553 3.422718218 0.05454356057 0.5
7544 7564 3.398529094 0.05296225071 0.5
7544 7568 0 0 0.5
7545 7548 2.979093822 0.02291287847 0.5
7545 7549 2.979093822 0.02291287847 0.5
7545 7554 3.422718218 0.05454356057 0.5
7545 7561 3.422718218 0.05454356057 0.5
7545 7563 3.422718218 0.05454356057 0.5
7546 7553 3.422718218 0.05454356057 0.5
7546 7562 3.422718218 0.05454356057 0.5
7547 7552 3.398529094 0.05296225071 0.5
7548 7550 0 0 0.5
7549 7550 0 0 0.5
7550 7552 0 0 0.5
7552 7555 3.398529094 0.05296225071 0.5
7552 7559 0 0 0.5
7552 7562 3.422718218 0.05454356057 0.5
7553 7556 3.328062499 0.05454356057 0.5
7553 7557 2.979093822 0.02291287847 0.5
7553 7558 2.979093822 0.02291287847 0.5
7553 7563 3.422718218 0.05454356057 0.5
7554 7562 3.422718218 0.05454356057 0.5
7554 9946 3.398529094 0.05296225071 0.5
7555 7561 3.398529094 0.05296225071 0.5
7555 9945 3.398529094 0.05296225071 0.5
7555 9947 2.958039892 0.02224859546 0.5
7555 9948 2.958039892 0.02224859546 0.5
7556 7559 0 0 0.5
7556 9944 3.328062499 0.05454356057 0.5
7556 9949 0 0 0.5
7557 7559 0 0 0.5
7557 9946 2.958039892 0.02224859546 0.5
7558 7559 0 0 0.5
7558 9946 2.958039892 0.02224859546 0.5
7559 7561 0 0 0.5
7561 7564 3.398529094 0.05296225071 0.5
7561 7568 0 0 0.5
7562 7565 3.328062499 0.05454356057 0.5
7562 7566 2.979093822 0.02291287847 0.5
7562 7567 2.979093822 0.02291287847 0.5
7563 12940 3.398529094 0.05296225071 0.5
7564 12939 3.398529094 0.05296225071 0.5
7564 12941 2.958039892 0.02224859546 0.5
7564 12942 2.958039892 0.02224859546 0.5
7565 7568 0 0 0.5
7565 12938 3.328062499 0.05454356057 0.5
7565 12943 0 0 0.5
7566 7568 0 0 0.5
7566 12940 2.958039892 0.02224859546 0.5
7567 7568 0 0 0.5
7567 12940 2.958039892 0.02224859546 0.5
7570 7573 3.398529094 0.05296225071 0.5
7570 7577 0 0 0.5
7570 7580 3.422718218 0.05454356057 0.5
7570 7591 3.398529094 0.05296225071 0.5
7570 7596 0 0 0.5
7571 7574 3.328062499 0.05454356057 0.5
7571 7575 2.979093822 0.02291287847 0.5
7571 7576 2.979093822 0.02291287847 0.5
7571 7581 3.422718218 0.05454356057 0.5
7571 7588 3.422718218 0.05454356057 0.5
7571 7590 3.422718218 0.05454356057 0.5
7572 7580 3.422718218 0.05454356057 0.5
7572 7589 3.422718218 0.05454356057 0.5
7572 8177 3.398529094 0.05296225071 0.5
7573 7579 3.398529094 0.05296225071 0.5
7573 8176 3.398529094 0.05296225071 0.5
7573 8178 2.958039892 0.02224859546 0.5
7573 8179 2.958039892 0.02224859546 0.5
7574 7577 0 0 0.5
7574 8175 3.328062499 0.05454356057 0.5
7574 8180 0 0 0.5
7575 7577 0 0 0.5
7575 8177 2.958039892 0.02224859546 0.5
7576 7577 0 0 0.5
7576 8177 2.958039892 0.02224859546 0.5
7577 7579 0 0 0.5
7579 7582 3.398529094 0.05296225071 0.5
7579 7586 0 0 0.5
7579 7589 3.422718218 0.05454356057 0.5
7580 7583 3.328062499 0.05454356057 0.5
7580 7584 2.979093822 0.02291287847 0.5
7580 7585 2.979093822 0.02291287847 0.5
7580 7590 3.422718218 0.05454356057 0.5
7581 7589 3.422718218 0.05454356057 0.5
7581 11255 3.398529094 0.05296225071 0.5
7582 7588 3.398529094 0.05296225071 0.5
7582 11254 3.398529094 0.05296225071 0.5
7582 11256 2.958039892 0.02224859546 0.5
7582 11257 2.958039892 0.02224859546 0.5
7583 7586 0 0 0.5
7583 11253 3.328062499 0.05454356057 0.5
7583 11258 0 0 0.5
7584 7586 0 0 0.5
7584 11255 2.958039892 0.02224859546 0.5
7585 7586 0 0 0.5
7585 11255 2.958039892 0.02224859546 0.5
7586 7588 0 0 0.5
7588 7591 3.398529094 0.05296225071 0.5
7588 7596 0 0 0.5
7589 7592 3.328062499 0.05454356057 0.5
7589 7594 2.979093822 0.02291287847 0.5
7589 7595 2.979093822 0.02291287847 0.5
7590 7593 0 0 0.5
7592 7596 0 0 0.5
7593 7594 0 0 0.5
7593 7595 0 0 0.5
7594 7596 0 0 0.5
7595 7596 0 0 0.5
7598 7601 3.398529094 0.05296225071 0.5
7598 7604 0 0 0.5
7598 7607 3.422718218 0.05454356057 0.5
7598 7617 3.398529094 0.05296225071 0.5
7598 7620 0 0 0.5
7599 7602 2.979093822 0.02291287847 0.5
7599 7603 2.979093822 0.02291287847 0.5
7599 7608 3.422718218 0.05454356057 0.5
7599 7614 3.422718218 0.05454356057 0.5
7599 7616 3.422718218 0.05454356057 0.5
7600 7607 3.422718218 0.05454356057 0.5
7600 7615 3.422718218 0.05454356057 0.5
7601 7606 3.398529094 0.05296225071 0.5
7602 7604 0 0 0.5
7603 7604 0 0 0.5
7604 7606 0 0 0.5
7606 7609 3.398529094 0.05296225071 0.5
7606 7612 0 0 0.5
7606 7615 3.422718218 0.05454356057 0.5
7607 7610 2.979093822 0.02291287847 0.5
7607 7611 2.979093822 0.02291287847 0.5
7607 7616 3.422718218 0.05454356057 0.5
7608 7615 3.422718218 0.05454356057 0.5
7609 7614 3.398529094 0.05296225071 0.5
7610 7612 0 0 0.5
7611 7612 0 0 0.5
7612 7614 0 0 0.5
7614 7617 3.398529094 0.05296225071 0.5
7614 7620 0 0 0.5
7615 7618 2.979093822 0.02291287847 0.5
7615 7619 2.979093822 0.02291287847 0.5
7618 7620 0 0 0.5
7619 7620 0 0 0.5
7622 7625 3.398529094 0.05296225071 0.5
7622 7630 0 0 0.5
7622 7633 3.422718218 0.05454356057 0.5
7622 7644 3.398529094 0.05296225071 0.5
7622 7648 0 0 0.5
7623 7626 3.328062499 0.05454356057 0.5
7623 7628 2.979093822 0.02291287847 0.5
7623 7629 2.979093822 0.02291287847 0.5
7623 7634 3.422718218 0.05454356057 0.5
7623 7641 3.422718218 0.05454356057 0.5
7623 7643 3.422718218 0.05454356057 0.5
7624 7627 0 0 0.5
7624 7633 3.422718218 0.05454356057 0.5
7624 7642 3.422718218 0.05454356057 0.5
7625 7632 3.398529094 0.05296225071 0.5
7626 7630 0 0 0.5
7627 7628 0 0 0.5
7627 7629 0 0 0.5
7628 7630 0 0 0.5
7629 7630 0 0 0.5
7630 7632 0 0 0.5
7632 7635 3.398529094 0.05296225071 0.5
7632 7639 0 0 0.5
7632 7642 3.422718218 0.05454356057 0.5
7633 7636 3.328062499 0.05454356057 0.5
7633 7637 2.979093822 0.02291287847 0.5
7633 7638 2.979093822 0.02291287847 0.5
7633 7643 3.422718218 0.05454356057 0.5
7634 7642 3.422718218 0.05454356057 0.5
7634 12732 3.398529094 0.05296225071 0.5
7635 7641 3.398529094 0.05296225071 0.5
7635 12731 3.398529094 0.05296225071 0.5
7635 12733 2.958039892 0.02224859546 0.5
7635 12734 2.958039892 0.02224859546 0.5
7636 7639 0 0 0.5
7636 12730 3.328062499 0.05454356057 0.5
7636 12735 0 0 0.5
7637 7639 0 0 0.5
7637 12732 2.958039892 0.02224859546 0.5
7638 7639 0 0 0.5
7638 12732 2.958039892 0.02224859546 0.5
7639 7641 0 0 0.5
7641 7644 3.398529094 0.05296225071 0.5
7641 7648 0 0 0.5
7642 7645 3.328062499 0.05454356057 0.5
7642 7646 2.979093822 0.02291287847 0.5
7642 7647 2.979093822 0.02291287847 0.5
7643 12882 3.398529094 0.05296225071 0.5
7644 12881 3.398529094 0.05296225071 0.5
7644 12883 2.958039892 0.02224859546 0.5
7644 12884 2.958039892 0.02224859546 0.5
7645 7648 0 0 0.5
7645 12880 3.328062499 0.05454356057 0.5
7645 12885 0 0 0.5
7646 7648 0 0 0.5
7646 12882 2.958039892 0.02224859546 0.5
7647 7648 0 0 0.5
7647 12882 2.958039892 0.02224859546 0.5
7650 7653 3.398529094 0.05296225071 0.5
7650 7656 0 0 0.5
7650 7659 3.422718218 0.05454356057 0.5
7650 7669 3.398529094 0.05296225071 0.5
7650 7673 0 0 0.5
7651 7654 2.979093822 0.02291287847 0.5
7651 7655 2.979093822 0.02291287847 0.5
7651 7660 3.422718218 0.05454356057 0.5
7651 7666 3.422718218 0.05454356057 0.5
7651 7668 3.422718218 0.05454356057 0.5
7652 7659 3.422718218 0.05454356057 0.5
7652 7667 3.422718218 0.05454356057 0.5
7653 7658 3.398529094 0.05296225071 0.5
7654 7656 0 0 0.5
7655 7656 0 0 0.5
7656 7658 0 0 0.5
7658 7661 3.398529094 0.05296225071 0.5
7658 7664 0 0 0.5
7658 7667 3.422718218 0.05454356057 0.5
7659 7662 2.979093822 0.02291287847 0.5
7659 7663 2.979093822 0.02291287847 0.5
7659 7668 3.422718218 0.05454356057 0.5
7660 7667 3.422718218 0.05454356057 0.5
7661 7666 3.398529094 0.05296225071 0.5
7662 7664 0 0 0.5
7663 7664 0 0 0.5
7664 7666 0 0 0.5
7666 7669 3.398529094 0.05296225071 0.5
7666 7673 0 0 0.5
7667 7670 3.328062499 0.05454356057 0.5
7667 7671 2.979093822 0.02291287847 0.5
7667 7672 2.979093822 0.02291287847 0.5
7668 11743 3.398529094 0.05296225071 0.5
7669 11742 3.398529094 0.05296225071 0.5
7669 11744 2.958039892 0.02224859546 0.5
7669 11745 2.958039892 0.02224859546 0.5
7670 7673 0 0 0.5
7670 11741 3.328062499 0.05454356057 0.5
7670 11746 0 0 0.5
7671 7673 0 0 0.5
7671 11743 2.958039892 0.02224859546 0.5
7672 7673 0 0 0.5
7672 11743 2.958039892 0.02224859546 0.5
7675 7678 3.398529094 0.05296225071 0.5
7675 7681 0 0 0.5
7675 7684 3.422718218 0.05454356057 0.5
7675 7694 3.398529094 0.05296225071 0.5
7675 7698 0 0 0.5
7676 7679 2.979093822 0.02291287847 0.5
7676 7680 2.979093822 0.02291287847 0.5
7676 7685 3.422718218 0.05454356057 0.5
7676 7691 3.422718218 0.05454356057 0.5
7676 7693 3.422718218 0.05454356057 0.5
7677 7684 3.422718218 0.05454356057 0.5
7677 7692 3.422718218 0.05454356057 0.5
7678 7683 3.398529094 0.05296225071 0.5
7679 7681 0 0 0.5
7680 7681 0 0 0.5
7681 7683 0 0 0.5
7683 7686 3.398529094 0.05296225071 0.5
7683 7689 0 0 0.5
7683 7692 3.422718218 0.05454356057 0.5
7684 7687 2.979093822 0.02291287847 0.5
7684 7688 2.979093822 0.02291287847 0.5
7684 7693 3.422718218 0.05454356057 0.5
7685 7692 3.422718218 0.05454356057 0.5
7686 7691 3.398529094 0.05296225071 0.5
7687 7689 0 0 0.5
7688 7689 0 0 0.5
7689 7691 0 0 0.5
7691 7694 3.398529094 0.05296225071 0.5
7691 7698 0 0 0.5
7692 7695 3.328062499 0.05454356057 0.5
7692 7696 2.979093822 0.02291287847 0.5
7692 7697 2.979093822 0.02291287847 0.5
7693 11116 3.398529094 0.05296225071 0.5
7694 11115 3.398529094 0.05296225071 0.5
7694 11117 2.958039892 0.02224859546 0.5
7694 11118 2.958039892 0.02224859546 0.5
7695 7698 0 0 0.5
7695 11114 3.328062499 0.05454356057 0.5
7695 11119 0 0 0.5
7696 7698 0 0 0.5
7696 11116 2.958039892 0.02224859546 0.5
7697 7698 0 0 0.5
7697 11116 2.958039892 0.02224859546 0.5
7700 7703 3.398529094 0.05296225071 0.5
7700 7707 0 0 0.5
7700 7710 3.422718218 0.05454356057 0.5
7700 7721 3.398529094 0.05296225071 0.5
7700 7724 0 0 0.5
7701 7704 3.328062499 0.05454356057 0.5
7701 7705 2.979093822 0.02291287847 0.5
7701 7706 2.979093822 0.02291287847 0.5
7701 7711 3.422718218 0.05454356057 0.5
7701 7718 3.422718218 0.05454356057 0.5
7701 7720 3.422718218 0.05454356057 0.5
7702 7710 3.422718218 0.05454356057 0.5
7702 7719 3.422718218 0.05454356057 0.5
7702 10585 3.398529094 0.05296225071 0.5
7703 7709 3.398529094 0.05296225071 0.5
7703 10584 3.398529094 0.05296225071 0.5
7703 10586 2.958039892 0.02224859546 0.5
7703 10587 2.958039892 0.02224859546 0.5
7704 7707 0 0 0.5
7704 10583 3.328062499 0.05454356057 0.5
7704 10588 0 0 0.5
7705 7707 0 0 0.5
7705 10585 2.958039892 0.02224859546 0.5
7706 7707 0 0 0.5
7706 10585 2.958039892 0.02224859546 0.5
7707 7709 0 0 0.5
7709 7712 3.398529094 0.05296225071 0.5
7709 7716 0 0 0.5
7709 7719 3.422718218 0.05454356057 0.5
7710 7713 3.328062499 0.05454356057 0.5
7710 7714 2.979093822 0.02291287847 0.5
7710 7715 2.979093822 0.02291287847 0.5
7710 7720 3.422718218 0.05454356057 0.5
7711 7719 3.422718218 0.05454356057 0.5
7711 12041 3.398529094 0.05296225071 0.5
7712 7718 3.398529094 0.05296225071 0.5
7712 12040 3.398529094 0.05296225071 0.5
7712 12042 2.958039892 0.02224859546 0.5
7712 12043 2.958039892 0.02224859546 0.5
7713 7716 0 0 0.5
7713 12039 3.328062499 0.05454356057 0.5
7713 12044 0 0 0.5
7714 7716 0 0 0.5
7714 12041 2.958039892 0.02224859546 0.5
7715 7716 0 0 0.5
7715 12041 2.958039892 0.02224859546 0.5
7716 7718 0 0 0.5
7718 7721 3.398529094 0.05296225071 0.5
7718 7724 0 0 0.5
7719 7722 2.979093822 0.02291287847 0.5
7719 7723 2.979093822 0.02291287847 0.5
7722 7724 0 0 0.5
7723 7724 0 0 0.5
7726 7729 3.398529094 0.05296225071 0.5
7726 7733 0 0 0.5
7726 7736 3.422718218 0.05454356057 0.5
7726 7747 3.398529094 0.05296225071 0.5
7726 7750 0 0 0.5
7727 7730 3.328062499 0.05454356057 0.5
7727 7731 2.979093822 0.02291287847 0.5
7727 7732 2.979093822 0.02291287847 0.5
7727 7737 3.422718218 0.05454356057 0.5
7727 7744 3.422718218 0.05454356057 0.5
7727 7746 3.422718218 0.05454356057 0.5
7728 7736 3.422718218 0.05454356057 0.5
7728 7745 3.422718218 0.05454356057 0.5
7728 8396 3.398529094 0.05296225071 0.5
7729 7735 3.398529094 0.05296225071 0.5
7729 8395 3.398529094 0.05296225071 0.5
7729 8397 2.958039892 0.02224859546 0.5
7729 8398 2.958039892 0.02224859546 0.5
7730 7733 0 0 0.5
7730 8394 3.328062499 0.05454356057 0.5
7730 8399 0 0 0.5
7731 7733 0 0 0.5
7731 8396 2.958039892 0.02224859546 0.5
7732 7733 0 0 0.5
7732 8396 2.958039892 0.02224859546 0.5
7733 7735 0 0 0.5
7735 7738 3.398529094 0.05296225071 0.5
7735 7742 0 0 0.5
7735 7745 3.422718218 0.05454356057 0.5
7736 7739 3.328062499 0.05454356057 0.5
7736 7740 2.979093822 0.02291287847 0.5
7736 7741 2.979093822 0.02291287847 0.5
7736 7746 3.422718218 0.05454356057 0.5
7737 7745 3.422718218 0.05454356057 0.5
7737 11702 3.398529094 0.05296225071 0.5
7738 7744 3.398529094 0.05296225071 0.5
7738 11701 3.398529094 0.05296225071 0.5
7738 11703 2.958039892 0.02224859546 0.5
7738 11704 2.958039892 0.02224859546 0.5
7739 7742 0 0 0.5
7739 11700 3.328062499 0.05454356057 0.5
7739 11705 0 0 0.5
7740 7742 0 0 0.5
7740 11702 2.958039892 0.02224859546 0.5
7741 7742 0 0 0.5
7741 11702 2.958039892 0.02224859546 0.5
7742 7744 0 0 0.5
7744 7747 3.398529094 0.05296225071 0.5
7744 7750 0 0 0.5
7745 7748 2.979093822 0.02291287847 0.5
7745 7749 2.979093822 0.02291287847 0.5
7748 7750 0 0 0.5
7749 7750 0 0 0.5
7752 7755 3.398529094 0.05296225071 0.5
7752 7758 0 0 0.5
7752 7761 3.422718218 0.05454356057 0.5
7752 7772 3.398529094 0.05296225071 0.5
7752 7775 0 0 0.5
7753 7756 2.979093822 0.02291287847 0.5
7753 7757 2.979093822 0.02291287847 0.5
7753 7762 3.422718218 0.05454356057 0.5
7753 7769 3.422718218 0.05454356057 0.5
7753 7771 3.422718218 0.05454356057 0.5
7754 7761 3.422718218 0.05454356057 0.5
7754 7770 3.422718218 0.05454356057 0.5
7755 7760 3.398529094 0.05296225071 0.5
7756 7758 0 0 0.5
7757 7758 0 0 0.5
7758 7760 0 0 0.5
7760 7763 3.398529094 0.05296225071 0.5
7760 7767 0 0 0.5
7760 7770 3.422718218 0.05454356057 0.5
7761 7764 3.328062499 0.05454356057 0.5
7761 7765 2.979093822 0.02291287847 0.5
7761 7766 2.979093822 0.02291287847 0.5
7761 7771 3.422718218 0.05454356057 0.5
7762 7770 3.422718218 0.05454356057 0.5
7762 9426 3.398529094 0.05296225071 0.5
7763 7769 3.398529094 0.05296225071 0.5
7763 9425 3.398529094 0.05296225071 0.5
7763 9427 2.958039892 0.02224859546 0.5
7763 9428 2.958039892 0.02224859546 0.5
7764 7767 0 0 0.5
7764 9424 3.328062499 0.05454356057 0.5
7764 9429 0 0 0.5
7765 7767 0 0 0.5
7765 9426 2.958039892 0.02224859546 0.5
7766 7767 0 0 0.5
7766 9426 2.958039892 0.02224859546 0.5
7767 7769 0 0 0.5
7769 7772 3.398529094 0.05296225071 0.5
7769 7775 0 0 0.5
7770 7773 2.979093822 0.02291287847 0.5
7770 7774 2.979093822 0.02291287847 0.5
7773 7775 0 0 0.5
7774 7775 0 0 0.5
7777 7780 3.398529094 0.05296225071 0.5
7777 7785 0 0 0.5
7777 7788 3.422718218 0.05454356057 0.5
7777 7799 3.398529094 0.05296225071 0.5
7777 7802 0 0 0.5
7778 7781 3.328062499 0.05454356057 0.5
7778 7783 2.979093822 0.02291287847 0.5
7778 7784 2.979093822 0.02291287847 0.5
7778 7789 3.422718218 0.05454356057 0.5
7778 7796 3.422718218 0.05454356057 0.5
7778 7798 3.422718218 0.05454356057 0.5
7779 7782 0 0 0.5
7779 7788 3.422718218 0.05454356057 0.5
7779 7797 3.422718218 0.05454356057 0.5
7780 7787 3.398529094 0.05296225071 0.5
7781 7785 0 0 0.5
7782 7783 0 0 0.5
7782 7784 0 0 0.5
7783 7785 0 0 0.5
7784 7785 0 0 0.5
7785 7787 0 0 0.5
7787 7790 3.398529094 0.05296225071 0.5
7787 7794 0 0 0.5
7787 7797 3.422718218 0.05454356057 0.5
7788 7791 3.328062499 0.05454356057 0.5
7788 7792 2.979093822 0.02291287847 0.5
7788 7793 2.979093822 0.02291287847 0.5
7788 7798 3.422718218 0.05454356057 0.5
7789 7797 3.422718218 0.05454356057 0.5
7789 11100 3.398529094 0.05296225071 0.5
7790 7796 3.398529094 0.05296225071 0.5
7790 11099 3.398529094 0.05296225071 0.5
7790 11101 2.958039892 0.02224859546 0.5
7790 11102 2.958039892 0.02224859546 0.5
7791 7794 0 0 0.5
7791 11098 3.328062499 0.05454356057 0.5
7791 11103 0 0 0.5
7792 7794 0 0 0.5
7792 11100 2.958039892 0.02224859546 0.5
7793 7794 0 0 0.5
7793 11100 2.958039892 0.02224859546 0.5
7794 7796 0 0 0.5
7796 7799 3.398529094 0.05296225071 0.5
7796 7802 0 0 0.5
7797 7800 2.979093822 0.02291287847 0.5
7797 7801 2.979093822 0.02291287847 0.5
7800 7802 0 0 0.5
7801 7802 0 0 0.5
7804 7807 3.398529094 0.05296225071 0.5
7804 7810 0 0 0.5
7804 7813 3.422718218 0.05454356057 0.5
7804 7824 3.398529094 0.05296225071 0.5
7804 7827 0 0 0.5
7805 7808 2.979093822 0.02291287847 0.5
7805 7809 2.979093822 0.02291287847 0.5
7805 7814 3.422718218 0.05454356057 0.5
7805 7821 3.422718218 0.05454356057 0.5
7805 7823 3.422718218 0.05454356057 0.5
7806 7813 3.422718218 0.05454356057 0.5
7806 7822 3.422718218 0.05454356057 0.5
7807 7812 3.398529094 0.05296225071 0.5
7808 7810 0 0 0.5
7809 7810 0 0 0.5
7810 7812 0 0 0.5
7812 7815 3.398529094 0.05296225071 0.5
7812 7819 0 0 0.5
7812 7822 3.422718218 0.05454356057 0.5
7813 7816 3.328062499 0.05454356057 0.5
7813 7817 2.979093822 0.02291287847 0.5
7813 7818 2.979093822 0.02291287847 0.5
7813 7823 3.422718218 0.05454356057 0.5
7814 7822 3.422718218 0.05454356057 0.5
7814 10919 3.398529094 0.05296225071 0.5
7815 7821 3.398529094 0.05296225071 0.5
7815 10918 3.398529094 0.05296225071 0.5
7815 10920 2.958039892 0.02224859546 0.5
7815 10921 2.958039892 0.02224859546 0.5
7816 7819 0 0 0.5
7816 10917 3.328062499 0.05454356057 0.5
7816 10922 0 0 0.5
7817 7819 0 0 0.5
7817 10919 2.958039892 0.02224859546 0.5
7818 7819 0 0 0.5
7818 10919 2.958039892 0.02224859546 0.5
7819 7821 0 0 0.5
7821 7824 3.398529094 0.05296225071 0.5
7821 7827 0 0 0.5
7822 7825 2.979093822 0.02291287847 0.5
7822 7826 2.979093822 0.02291287847 0.5
7825 7827 0 0 0.5
7826 7827 0 0 0.5
7829 7832 3.398529094 0.05296225071 0.5
7829 7835 0 0 0.5
7829 7838 3.422718218 0.05454356057 0.5
7829 7848 3.398529094 0.05296225071 0.5
7829 7852 0 0 0.5
7830 7833 2.979093822 0.02291287847 0.5
7830 7834 2.979093822 0.02291287847 0.5
7830 7839 3.422718218 0.05454356057 0.5
7830 7845 3.422718218 0.05454356057 0.5
7830 7847 3.422718218 0.05454356057 0.5
7831 7838 3.422718218 0.05454356057 0.5
7831 7846 3.422718218 0.05454356057 0.5
7832 7837 3.398529094 0.05296225071 0.5
7833 7835 0 0 0.5
7834 7835 0 0 0.5
7835 7837 0 0 0.5
7837 7840 3.398529094 0.05296225071 0.5
7837 7843 0 0 0.5
7837 7846 3.422718218 0.05454356057 0.5
7838 7841 2.979093822 0.02291287847 0.5
7838 7842 2.979093822 0.02291287847 0.5
7838 7847 3.422718218 0.05454356057 0.5
7839 7846 3.422718218 0.05454356057 0.5
7840 7845 3.398529094 0.05296225071 0.5
7841 7843 0 0 0.5
7842 7843 0 0 0.5
7843 7845 0 0 0.5
7845 7848 3.398529094 0.05296225071 0.5
7845 7852 0 0 0.5
7846 7849 3.328062499 0.05454356057 0.5
7846 7850 2.979093822 0.02291287847 0.5
7846 7851 2.979093822 0.02291287847 0.5
7847 12484 3.398529094 0.05296225071 0.5
7848 12483 3.398529094 0.05296225071 0.5
7848 12485 2.958039892 0.02224859546 0.5
7848 12486 2.958039892 0.02224859546 0.5
7849 7852 0 0 0.5
7849 12482 3.328062499 0.05454356057 0.5
7849 12487 0 0 0.5
7850 7852 0 0 0.5
7850 12484 2.958039892 0.02224859546 0.5
7851 7852 0 0 0.5
7851 12484 2.958039892 0.02224859546 0.5
7854 7857 3.398529094 0.05296225071 0.5
7854 7861 0 0 0.5
7854 7864 3.422718218 0.05454356057 0.5
7854 7874 3.398529094 0.05296225071 0.5
7854 7877 0 0 0.5
7855 7858 3.328062499 0.05454356057 0.5
7855 7859 2.979093822 0.02291287847 0.5
7855 7860 2.979093822 0.02291287847 0.5
7855 7865 3.422718218 0.05454356057 0.5
7855 7871 3.422718218 0.05454356057 0.5
7855 7873 3.422718218 0.05454356057 0.5
7856 7864 3.422718218 0.05454356057 0.5
7856 7872 3.422718218 0.05454356057 0.5
7856 9250 3.398529094 0.05296225071 0.5
7857 7863 3.398529094 0.05296225071 0.5
7857 9249 3.398529094 0.05296225071 0.5
7857 9251 2.958039892 0.02224859546 0.5
7857 9252 2.958039892 0.02224859546 0.5
7858 7861 0 0 0.5
7858 9248 3.328062499 0.05454356057 0.5
7858 9253 0 0 0.5
7859 7861 0 0 0.5
7859 9250 2.958039892 0.02224859546 0.5
7860 7861 0 0 0.5
7860 9250 2.958039892 0.02224859546 0.5
7861 7863 0 0 0.5
7863 7866 3.398529094 0.05296225071 0.5
7863 7869 0 0 0.5
7863 7872 3.422718218 0.05454356057 0.5
7864 7867 2.979093822 0.02291287847 0.5
7864 7868 2.979093822 0.02291287847 0.5
7864 7873 3.422718218 0.05454356057 0.5
7865 7872 3.422718218 0.05454356057 0.5
7866 7871 3.398529094 0.05296225071 0.5
7867 7869 0 0 0.5
7868 7869 0 0 0.5
7869 7871 0 0 0.5
7871 7874 3.398529094 0.05296225071 0.5
7871 7877 0 0 0.5
7872 7875 2.979093822 0.02291287847 0.5
7872 7876 2.979093822 0.02291287847 0.5
7875 7877 0 0 0.5
7876 7877 0 0 0.5
7879 7882 3.398529094 0.05296225071 0.5
7879 7885 0 0 0.5
7879 7888 3.422718218 0.05454356057 0.5
7879 7898 3.398529094 0.05296225071 0.5
7879 7902 0 0 0.5
7880 7883 2.979093822 0.02291287847 0.5
7880 7884 2.979093822 0.02291287847 0.5
7880 7889 3.422718218 0.05454356057 0.5
7880 7895 3.422718218 0.05454356057 0.5
7880 7897 3.422718218 0.05454356057 0.5
7881 7888 3.422718218 0.05454356057 0.5
7881 7896 3.422718218 0.05454356057 0.5
7882 7887 3.398529094 0.05296225071 0.5
7883 7885 0 0 0.5
7884 7885 0 0 0.5
7885 7887 0 0 0.5
7887 7890 3.398529094 0.05296225071 0.5
7887 7893 0 0 0.5
7887 7896 3.422718218 0.05454356057 0.5
7888 7891 2.979093822 0.02291287847 0.5
7888 7892 2.979093822 0.02291287847 0.5
7888 7897 3.422718218 0.05454356057 0.5
7889 7896 3.422718218 0.05454356057 0.5
7890 7895 3.398529094 0.05296225071 0.5
7891 7893 0 0 0.5
7892 7893 0 0 0.5
7893 7895 0 0 0.5
7895 7898 3.398529094 0.05296225071 0.5
7895 7902 0 0 0.5
7896 7899 3.328062499 0.05454356057 0.5
7896 7900 2.979093822 0.02291287847 0.5
7896 7901 2.979093822 0.02291287847 0.5
7897 8896 3.398529094 0.05296225071 0.5
7898 8895 3.398529094 0.05296225071 0.5
7898 8897 2.958039892 0.02224859546 0.5
7898 8898 2.958039892 0.02224859546 0.5
7899 7902 0 0 0.5
7899 8894 3.328062499 0.05454356057 0.5
7899 8899 0 0 0.5
7900 7902 0 0 0.5
7900 8896 2.958039892 0.02224859546 0.5
7901 7902 0 0 0.5
7901 8896 2.958039892 0.02224859546 0.5
7904 7907 3.398529094 0.05296225071 0.5
7904 7910 0 0 0.5
7904 7913 3.422718218 0.05454356057 0.5
7904 7924 3.398529094 0.05296225071 0.5
7904 7928 0 0 0.5
7905 7908 2.979093822 0.02291287847 0.5
7905 7909 2.979093822 0.02291287847 0.5
7905 7914 3.422718218 0.05454356057 0.5
7905 7921 3.422718218 0.05454356057 0.5
7905 7923 3.422718218 0.05454356057 0.5
7906 7913 3.422718218 0.05454356057 0.5
7906 7922 3.422718218 0.05454356057 0.5
7907 7912 3.398529094 0.05296225071 0.5
7908 7910 0 0 0.5
7909 7910 0 0 0.5
7910 7912 0 0 0.5
7912 7915 3.398529094 0.05296225071 0.5
7912 7919 0 0 0.5
7912 7922 3.422718218 0.05454356057 0.5
7913 7916 3.328062499 0.05454356057 0.5
7913 7917 2.979093822 0.02291287847 0.5
7913 7918 2.979093822 0.02291287847 0.5
7913 7923 3.422718218 0.05454356057 0.5
7914 7922 3.422718218 0.05454356057 0.5
7914 9754 3.398529094 0.05296225071 0.5
7915 7921 3.398529094 0.05296225071 0.5
7915 9753 3.398529094 0.05296225071 0.5
7915 9755 2.958039892 0.02224859546 0.5
7915 9756 2.958039892 0.02224859546 0.5
7916 7919 0 0 0.5
7916 9752 3.328062499 0.05454356057 0.5
7916 9757 0 0 0.5
7917 7919 0 0 0.5
7917 9754 2.958039892 0.02224859546 0.5
7918 7919 0 0 0.5
7918 9754 2.958039892 0.02224859546 0.5
7919 7921 0 0 0.5
7921 7924 3.398529094 0.05296225071 0.5
7921 7928 0 0 0.5
7922 7925 3.328062499 0.05454356057 0.5
7922 7926 2.979093822 0.02291287847 0.5
7922 7927 2.979093822 0.02291287847 0.5
7923 9410 3.398529094 0.05296225071 0.5
7924 9409 3.398529094 0.05296225071 0.5
7924 9411 2.958039892 0.02224859546 0.5
7924 9412 2.958039892 0.02224859546 0.5
7925 7928 0 0 0.5
7925 9408 3.328062499 0.05454356057 0.5
7925 9413 0 0 0.5
7926 7928 0 0 0.5
7926 9410 2.958039892 0.02224859546 0.5
7927 7928 0 0 0.5
7927 9410 2.958039892 0.02224859546 0.5
7930 7933 3.398529094 0.05296225071 0.5
7930 7936 0 0 0.5
7930 7939 3.422718218 0.05454356057 0.5
7930 7951 3.398529094 0.05296225071 0.5
7930 7954 0 0 0.5
7931 7934 2.979093822 0.02291287847 0.5
7931 7935 2.979093822 0.02291287847 0.5
7931 7940 3.422718218 0.05454356057 0.5
7931 7948 3.422718218 0.05454356057 0.5
7931 7950 3.422718218 0.05454356057 0.5
7932 7939 3.422718218 0.05454356057 0.5
7932 7949 3.422718218 0.05454356057 0.5
7933 7938 3.398529094 0.05296225071 0.5
7934 7936 0 0 0.5
7935 7936 0 0 0.5
7936 7938 0 0 0.5
7938 7941 3.398529094 0.05296225071 0.5
7938 7946 0 0 0.5
7938 7949 3.422718218 0.05454356057 0.5
7939 7942 3.328062499 0.05454356057 0.5
7939 7944 2.979093822 0.02291287847 0.5
7939 7945 2.979093822 0.02291287847 0.5
7939 7950 3.422718218 0.05454356057 0.5
7940 7943 0 0 0.5
7940 7949 3.422718218 0.05454356057 0.5
7941 7948 3.398529094 0.05296225071 0.5
7942 7946 0 0 0.5
7943 7944 0 0 0.5
7943 7945 0 0 0.5
7944 7946 0 0 0.5
7945 7946 0 0 0.5
7946 7948 0 0 0.5
7948 7951 3.398529094 0.05296225071 0.5
7948 7954 0 0 0.5
7949 7952 2.979093822 0.02291287847 0.5
7949 7953 2.979093822 0.02291287847 0.5
7952 7954 0 0 0.5
7953 7954 0 0 0.5
7956 7959 3.398529094 0.05296225071 0.5
7956 7963 0 0 0.5
7956 7966 3.422718218 0.05454356057 0.5
7956 7978 3.398529094 0.05296225071 0.5
7956 7982 0 0 0.5
7957 7960 3.328062499 0.05454356057 0.5
7957 7961 2.979093822 0.02291287847 0.5
7957 7962 2.979093822 0.02291287847 0.5
7957 7967 3.422718218 0.05454356057 0.5
7957 7975 3.422718218 0.05454356057 0.5
7957 7977 3.422718218 0.05454356057 0.5
7958 7966 3.422718218 0.05454356057 0.5
7958 7976 3.422718218 0.05454356057 0.5
7958 12338 3.398529094 0.05296225071 0.5
7959 7965 3.398529094 0.05296225071 0.5
7959 12337 3.398529094 0.05296225071 0.5
7959 12339 2.958039892 0.02224859546 0.5
7959 12340 2.958039892 0.02224859546 0.5
7960 7963 0 0 0.5
7960 12336 3.328062499 0.05454356057 0.5
7960 12341 0 0 0.5
7961 7963 0 0 0.5
7961 12338 2.958039892 0.02224859546 0.5
7962 7963 0 0 0.5
7962 12338 2.958039892 0.02224859546 0.5
7963 7965 0 0 0.5
7965 7968 3.398529094 0.05296225071 0.5
7965 7973 0 0 0.5
7965 7976 3.422718218 0.05454356057 0.5
7966 7969 3.328062499 0.05454356057 0.5
7966 7971 2.979093822 0.02291287847 0.5
7966 7972 2.979093822 0.02291287847 0.5
7966 7977 3.422718218 0.05454356057 0.5
7967 7970 0 0 0.5
7967 7976 3.422718218 0.05454356057 0.5
7968 7975 3.398529094 0.05296225071 0.5
7969 7973 0 0 0.5
7970 7971 0 0 0.5
7970 7972 0 0 0.5
7971 7973 0 0 0.5
7972 7973 0 0 0.5
7973 7975 0 0 0.5
7975 7978 3.398529094 0.05296225071 0.5
7975 7982 0 0 0.5
7976 7979 3.328062499 0.05454356057 0.5
7976 7980 2.979093822 0.02291287847 0.5
7976 7981 2.979093822 0.02291287847 0.5
7977 11184 3.398529094 0.05296225071 0.5
7978 11183 3.398529094 0.05296225071 0.5
7978 11185 2.958039892 0.02224859546 0.5
7978 11186 2.958039892 0.02224859546 0.5
7979 7982 0 0 0.5
7979 11182 3.328062499 0.05454356057 0.5
7979 11187 0 0 0.5
7980 7982 0 0 0.5
7980 11184 2.958039892 0.02224859546 0.5
7981 7982 0 0 0.5
7981 11184 2.958039892 0.02224859546 0.5
7984 7987 3.398529094 0.05296225071 0.5
7984 7992 0 0 0.5
7984 7995 3.422718218 0.05454356057 0.5
7984 8006 3.398529094 0.05296225071 0.5
7984 8009 0 0 0.5
7985 7988 3.328062499 0.05454356057 0.5
7985 7990 2.979093822 0.02291287847 0.5
7985 7991 2.979093822 0.02291287847 0.5
7985 7996 3.422718218 0.05454356057 0.5
7985 8003 3.422718218 0.05454356057 0.5
7985 8005 3.422718218 0.05454356057 0.5
7986 7989 0 0 0.5
7986 7995 3.422718218 0.05454356057 0.5
7986 8004 3.422718218 0.05454356057 0.5
7987 7994 3.398529094 0.05296225071 0.5
7988 7992 0 0 0.5
7989 7990 0 0 0.5
7989 7991 0 0 0.5
7990 7992 0 0 0.5
7991 7992 0 0 0.5
7992 7994 0 0 0.5
7994 7997 3.398529094 0.05296225071 0.5
7994 8001 0 0 0.5
7994 8004 3.422718218 0.05454356057 0.5
7995 7998 3.328062499 0.05454356057 0.5
7995 7999 2.979093822 0.02291287847 0.5
7995 8000 2.979093822 0.02291287847 0.5
7995 8005 3.422718218 0.05454356057 0.5
7996 8004 3.422718218 0.05454356057 0.5
7996 8650 3.398529094 0.05296225071 0.5
7997 8003 3.398529094 0.05296225071 0.5
7997 8649 3.398529094 0.05296225071 0.5
7997 8651 2.958039892 0.02224859546 0.5
7997 8652 2.958039892 0.02224859546 0.5
7998 8001 0 0 0.5
7998 8648 3.328062499 0.05454356057 0.5
7998 8653 0 0 0.5
7999 8001 0 0 0.5
7999 8650 2.958039892 0.02224859546 0.5
8000 8001 0 0 0.5
8000 8650 2.958039892 0.02224859546 0.5
8001 8003 0 0 0.5
8003 8006 3.398529094 0.05296225071 0.5
8003 8009 0 0 0.5
8004 8007 2.979093822 0.02291287847 0.5
8004 8008 2.979093822 0.02291287847 0.5
8007 8009 0 0 0.5
8008 8009 0 0 0.5
8011 8014 3.398529094 0.05296225071 0.5
8011 8018 0 0 0.5
8011 8021 3.422718218 0.05454356057 0.5
8011 8032 3.398529094 0.05296225071 0.5
8011 8036 0 0 0.5
8012 8015 3.328062499 0.05454356057 0.5
8012 8016 2.979093822 0.02291287847 0.5
8012 8017 2.979093822 0.02291287847 0.5
8012 8022 3.422718218 0.05454356057 0.5
8012 8029 3.422718218 0.05454356057 0.5
8012 8031 3.422718218 0.05454356057 0.5
8013 8021 3.422718218 0.05454356057 0.5
8013 8030 3.422718218 0.05454356057 0.5
8013 12322 3.398529094 0.05296225071 0.5
8014 8020 3.398529094 0.05296225071 0.5
8014 12321 3.398529094 0.05296225071 0.5
8014 12323 2.958039892 0.02224859546 0.5
8014 12324 2.958039892 0.02224859546 0.5
8015 8018 0 0 0.5
8015 12320 3.328062499 0.05454356057 0.5
8015 12325 0 0 0.5
8016 8018 0 0 0.5
8016 12322 2.958039892 0.02224859546 0.5
8017 8018 0 0 0.5
8017 12322 2.958039892 0.02224859546 0.5
8018 8020 0 0 0.5
8020 8023 3.398529094 0.05296225071 0.5
8020 8027 0 0 0.5
8020 8030 3.422718218 0.05454356057 0.5
8021 8024 3.328062499 0.05454356057 0.5
8021 8025 2.979093822 0.02291287847 0.5
8021 8026 2.979093822 0.02291287847 0.5
8021 8031 3.422718218 0.05454356057 0.5
8022 8030 3.422718218 0.05454356057 0.5
8022 8144 3.398529094 0.05296225071 0.5
8023 8029 3.398529094 0.05296225071 0.5
8023 8143 3.398529094 0.05296225071 0.5
8023 8145 2.958039892 0.02224859546 0.5
8023 8146 2.958039892 0.02224859546 0.5
8024 8027 0 0 0.5
8024 8142 3.328062499 0.05454356057 0.5
8024 8147 0 0 0.5
8025 8027 0 0 0.5
8025 8144 2.958039892 0.02224859546 0.5
8026 8027 0 0 0.5
8026 8144 2.958039892 0.02224859546 0.5
8027 8029 0 0 0.5
8029 8032 3.398529094 0.05296225071 0.5
8029 8036 0 0 0.5
8030 8033 3.328062499 0.05454356057 0.5
8030 8034 2.979093822 0.02291287847 0.5
8030 8035 2.979093822 0.02291287847 0.5
8031 11312 3.398529094 0.05296225071 0.5
8032 11311 3.398529094 0.05296225071 0.5
8032 11313 2.958039892 0.02224859546 0.5
8032 11314 2.958039892 0.02224859546 0.5
8033 8036 0 0 0.5
8033 11310 3.328062499 0.05454356057 0.5
8033 11315 0 0 0.5
8034 8036 0 0 0.5
8034 11312 2.958039892 0.02224859546 0.5
8035 8036 0 0 0.5
8035 11312 2.958039892 0.02224859546 0.5
8038 8041 3.398529094 0.05296225071 0.5
8038 8045 0 0 0.5
8038 8048 3.422718218 0.05454356057 0.5
8038 8058 3.398529094 0.05296225071 0.5
8038 8061 0 0 0.5
8039 8042 3.328062499 0.05454356057 0.5
8039 8043 2.979093822 0.02291287847 0.5
8039 8044 2.979093822 0.02291287847 0.5
8039 8049 3.422718218 0.05454356057 0.5
8039 8055 3.422718218 0.05454356057 0.5
8039 8057 3.422718218 0.05454356057 0.5
8040 8048 3.422718218 0.05454356057 0.5
8040 8056 3.422718218 0.05454356057 0.5
8040 11568 3.398529094 0.05296225071 0.5
8041 8047 3.398529094 0.05296225071 0.5
8041 11567 3.398529094 0.05296225071 0.5
8041 11569 2.958039892 0.02224859546 0.5
8041 11570 2.958039892 0.02224859546 0.5
8042 8045 0 0 0.5
8042 11566 3.328062499 0.05454356057 0.5
8042 11571 0 0 0.5
8043 8045 0 0 0.5
8043 11568 2.958039892 0.02224859546 0.5
8044 8045 0 0 0.5
8044 11568 2.958039892 0.02224859546 0.5
8045 8047 0 0 0.5
8047 8050 3.398529094 0.05296225071 0.5
8047 8053 0 0 0.5
8047 8056 3.422718218 0.05454356057 0.5
8048 8051 2.979093822 0.02291287847 0.5
8048 8052 2.979093822 0.02291287847 0.5
8048 8057 3.422718218 0.05454356057 0.5
8049 8056 3.422718218 0.05454356057 0.5
8050 8055 3.398529094 0.05296225071 0.5
8051 8053 0 0 0.5
8052 8053 0 0 0.5
8053 8055 0 0 0.5
8055 8058 3.398529094 0.05296225071 0.5
8055 8061 0 0 0.5
8056 8059 2.979093822 0.02291287847 0.5
8056 8060 2.979093822 0.02291287847 0.5
8059 8061 0 0 0.5
8060 8061 0 0 0.5
8063 8066 3.398529094 0.05296225071 0.5
8063 8069 0 0 0.5
8063 8072 3.422718218 0.05454356057 0.5
8063 8083 3.398529094 0.05296225071 0.5
8063 8086 0 0 0.5
8064 8067 2.979093822 0.02291287847 0.5
8064 8068 2.979093822 0.02291287847 0.5
8064 8073 3.422718218 0.05454356057 0.5
8064 8080 3.422718218 0.05454356057 0.5
8064 8082 3.422718218 0.05454356057 0.5
8065 8072 3.422718218 0.05454356057 0.5
8065 8081 3.422718218 0.05454356057 0.5
8066 8071 3.398529094 0.05296225071 0.5
8067 8069 0 0 0.5
8068 8069 0 0 0.5
8069 8071 0 0 0.5
8071 8074 3.398529094 0.05296225071 0.5
8071 8078 0 0 0.5
8071 8081 3.422718218 0.05454356057 0.5
8072 8075 3.328062499 0.05454356057 0.5
8072 8076 2.979093822 0.02291287847 0.5
8072 8077 2.979093822 0.02291287847 0.5
8072 8082 3.422718218 0.05454356057 0.5
8073 8081 3.422718218 0.05454356057 0.5
8073 8974 3.398529094 0.05296225071 0.5
8074 8080 3.398529094 0.05296225071 0.5
8074 8973 3.398529094 0.05296225071 0.5
8074 8975 2.958039892 0.02224859546 0.5
8074 8976 2.958039892 0.02224859546 0.5
8075 8078 0 0 0.5
8075 8972 3.328062499 0.05454356057 0.5
8075 8977 0 0 0.5
8076 8078 0 0 0.5
8076 8974 2.958039892 0.02224859546 0.5
8077 8078 0 0 0.5
8077 8974 2.958039892 0.02224859546 0.5
8078 8080 0 0 0.5
8080 8083 3.398529094 0.05296225071 0.5
8080 8086 0 0 0.5
8081 8084 2.979093822 0.02291287847 0.5
8081 8085 2.979093822 0.02291287847 0.5
8084 8086 0 0 0.5
8085 8086 0 0 0.5
8088 8091 3.398529094 0.05296225071 0.5
8088 8094 0 0 0.5
8088 8097 3.422718218 0.05454356057 0.5
8088 8108 3.398529094 0.05296225071 0.5
8088 8112 0 0 0.5
8089 8092 2.979093822 0.02291287847 0.5
8089 8093 2.979093822 0.02291287847 0.5
8089 8098 3.422718218 0.05454356057 0.5
8089 8105 3.422718218 0.05454356057 0.5
8089 8107 3.422718218 0.05454356057 0.5
8090 8097 3.422718218 0.05454356057 0.5
8090 8106 3.422718218 0.05454356057 0.5
8091 8096 3.398529094 0.05296225071 0.5
8092 8094 0 0 0.5
8093 8094 0 0 0.5
8094 8096 0 0 0.5
8096 8099 3.398529094 0.05296225071 0.5
8096 8103 0 0 0.5
8096 8106 3.422718218 0.05454356057 0.5
8097 8100 3.328062499 0.05454356057 0.5
8097 8101 2.979093822 0.02291287847 0.5
8097 8102 2.979093822 0.02291287847 0.5
8097 8107 3.422718218 0.05454356057 0.5
8098 8106 3.422718218 0.05454356057 0.5
8098 9721 3.398529094 0.05296225071 0.5
8099 8105 3.398529094 0.05296225071 0.5
8099 9720 3.398529094 0.05296225071 0.5
8099 9722 2.958039892 0.02224859546 0.5
8099 9723 2.958039892 0.02224859546 0.5
8100 8103 0 0 0.5
8100 9719 3.328062499 0.05454356057 0.5
8100 9724 0 0 0.5
8101 8103 0 0 0.5
8101 9721 2.958039892 0.02224859546 0.5
8102 8103 0 0 0.5
8102 9721 2.958039892 0.02224859546 0.5
8103 8105 0 0 0.5
8105 8108 3.398529094 0.05296225071 0.5
8105 8112 0 0 0.5
8106 8109 3.328062499 0.05454356057 0.5
8106 8110 2.979093822 0.02291287847 0.5
8106 8111 2.979093822 0.02291287847 0.5
8107 10895 3.398529094 0.05296225071 0.5
8108 10894 3.398529094 0.05296225071 0.5
8108 10896 2.958039892 0.02224859546 0.5
8108 10897 2.958039892 0.02224859546 0.5
8109 8112 0 0 0.5
8109 10893 3.328062499 0.05454356057 0.5
8109 10898 0 0 0.5
8110 8112 0 0 0.5
8110 10895 2.958039892 0.02224859546 0.5
8111 8112 0 0 0.5
8111 10895 2.958039892 0.02224859546 0.5
8114 8117 3.398529094 0.05296225071 0.5
8114 8121 0 0 0.5
8114 8124 3.422718218 0.05454356057 0.5
8114 8136 3.398529094 0.05296225071 0.5
8114 8139 0 0 0.5
8115 8118 3.328062499 0.05454356057 0.5
8115 8119 2.979093822 0.02291287847 0.5
8115 8120 2.979093822 0.02291287847 0.5
8115 8125 3.422718218 0.05454356057 0.5
8115 8133 3.422718218 0.05454356057 0.5
8115 8135 3.422718218 0.05454356057 0.5
8116 8124 3.422718218 0.05454356057 0.5
8116 8134 3.422718218 0.05454356057 0.5
8116 11882 3.398529094 0.05296225071 0.5
8117 8123 3.398529094 0.05296225071 0.5
8117 11881 3.398529094 0.05296225071 0.5
8117 11883 2.958039892 0.02224859546 0.5
8117 11884 2.958039892 0.02224859546 0.5
8118 8121 0 0 0.5
8118 11880 3.328062499 0.05454356057 0.5
8118 11885 0 0 0.5
8119 8121 0 0 0.5
8119 11882 2.958039892 0.02224859546 0.5
8120 8121 0 0 0.5
8120 11882 2.958039892 0.02224859546 0.5
8121 8123 0 0 0.5
8123 8126 3.398529094 0.05296225071 0.5
8123 8131 0 0 0.5
8123 8134 3.422718218 0.05454356057 0.5
8124 8127 3.328062499 0.05454356057 0.5
8124 8129 2.979093822 0.02291287847 0.5
8124 8130 2.979093822 0.02291287847 0.5
8124 8135 3.422718218 0.05454356057 0.5
8125 8128 0 0 0.5
8125 8134 3.422718218 0.05454356057 0.5
8126 8133 3.398529094 0.05296225071 0.5
8127 8131 0 0 0.5
8128 8129 0 0 0.5
8128 8130 0 0 0.5
8129 8131 0 0 0.5
8130 8131 0 0 0.5
8131 8133 0 0 0.5
8133 8136 3.398529094 0.05296225071 0.5
8133 8139 0 0 0.5
8134 8137 2.979093822 0.02291287847 0.5
8134 8138 2.979093822 0.02291287847 0.5
8137 8139 0 0 0.5
8138 8139 0 0 0.5
8141 8144 3.398529094 0.05296225071 0.5
8141 8147 0 0 0.5
8141 8150 3.422718218 0.05454356057 0.5
8141 8161 3.398529094 0.05296225071 0.5
8141 8164 0 0 0.5
8142 8145 2.979093822 0.02291287847 0.5
8142 8146 2.979093822 0.02291287847 0.5
8142 8151 3.422718218 0.05454356057 0.5
8142 8158 3.422718218 0.05454356057 0.5
8142 8160 3.422718218 0.05454356057 0.5
8143 8150 3.422718218 0.05454356057 0.5
8143 8159 3.422718218 0.05454356057 0.5
8144 8149 3.398529094 0.05296225071 0.5
8145 8147 0 0 0.5
8146 8147 0 0 0.5
8147 8149 0 0 0.5
8149 8152 3.398529094 0.05296225071 0.5
8149 8156 0 0 0.5
8149 8159 3.422718218 0.05454356057 0.5
8150 8153 3.328062499 0.05454356057 0.5
8150 8154 2.979093822 0.02291287847 0.5
8150 8155 2.979093822 0.02291287847 0.5
8150 8160 3.422718218 0.05454356057 0.5
8151 8159 3.422718218 0.05454356057 0.5
8151 8717 3.398529094 0.05296225071 0.5
8152 8158 3.398529094 0.05296225071 0.5
8152 8716 3.398529094 0.05296225071 0.5
8152 8718 2.958039892 0.02224859546 0.5
8152 8719 2.958039892 0.02224859546 0.5
8153 8156 0 0 0.5
8153 8715 3.328062499 0.05454356057 0.5
8153 8720 0 0 0.5
8154 8156 0 0 0.5
8154 8717 2.958039892 0.02224859546 0.5
8155 8156 0 0 0.5
8155 8717 2.958039892 0.02224859546 0.5
8156 8158 0 0 0.5
8158 8161 3.398529094 0.05296225071 0.5
8158 8164 0 0 0.5
8159 8162 2.979093822 0.02291287847 0.5
8159 8163 2.979093822 0.02291287847 0.5
8162 8164 0 0 0.5
8163 8164 0 0 0.5
8166 8169 3.398529094 0.05296225071 0.5
8166 8172 0 0 0.5
8166 8175 3.422718218 0.05454356057 0.5
8166 8185 3.398529094 0.05296225071 0.5
8166 8188 0 0 0.5
8167 8170 2.979093822 0.02291287847 0.5
8167 8171 2.979093822 0.02291287847 0.5
8167 8176 3.422718218 0.05454356057 0.5
8167 8182 3.422718218 0.05454356057 0.5
8167 8184 3.422718218 0.05454356057 0.5
8168 8175 3.422718218 0.05454356057 0.5
8168 8183 3.422718218 0.05454356057 0.5
8169 8174 3.398529094 0.05296225071 0.5
8170 8172 0 0 0.5
8171 8172 0 0 0.5
8172 8174 0 0 0.5
8174 8177 3.398529094 0.05296225071 0.5
8174 8180 0 0 0.5
8174 8183 3.422718218 0.05454356057 0.5
8175 8178 2.979093822 0.02291287847 0.5
8175 8179 2.979093822 0.02291287847 0.5
8175 8184 3.422718218 0.05454356057 0.5
8176 8183 3.422718218 0.05454356057 0.5
8177 8182 3.398529094 0.05296225071 0.5
8178 8180 0 0 0.5
8179 8180 0 0 0.5
8180 8182 0 0 0.5
8182 8185 3.398529094 0.05296225071 0.5
8182 8188 0 0 0.5
8183 8186 2.979093822 0.02291287847 0.5
8183 8187 2.979093822 0.02291287847 0.5
8186 8188 0 0 0.5
8187 8188 0 0 0.5
8190 8193 3.398529094 0.05296225071 0.5
8190 8196 0 0 0.5
8190 8199 3.422718218 0.05454356057 0.5
8190 8210 3.398529094 0.05296225071 0.5
8190 8213 0 0 0.5
8191 8194 2.979093822 0.02291287847 0.5
8191 8195 2.979093822 0.02291287847 0.5
8191 8200 3.422718218 0.05454356057 0.5
8191 8207 3.422718218 0.05454356057 0.5
8191 8209 3.422718218 0.05454356057 0.5
8192 8199 3.422718218 0.05454356057 0.5
8192 8208 3.422718218 0.05454356057 0.5
8193 8198 3.398529094 0.05296225071 0.5
8194 8196 0 0 0.5
8195 8196 0 0 0.5
8196 8198 0 0 0.5
8198 8201 3.398529094 0.05296225071 0.5
8198 8205 0 0 0.5
8198 8208 3.422718218 0.05454356057 0.5
8199 8202 3.328062499 0.05454356057 0.5
8199 8203 2.979093822 0.02291287847 0.5
8199 8204 2.979093822 0.02291287847 0.5
8199 8209 3.422718218 0.05454356057 0.5
8200 8208 3.422718218 0.05454356057 0.5
8200 8982 3.398529094 0.05296225071 0.5
8201 8207 3.398529094 0.05296225071 0.5
8201 8981 3.398529094 0.05296225071 0.5
8201 8983 2.958039892 0.02224859546 0.5
8201 8984 2.958039892 0.02224859546 0.5
8202 8205 0 0 0.5
8202 8980 3.328062499 0.05454356057 0.5
8202 8985 0 0 0.5
8203 8205 0 0 0.5
8203 8982 2.958039892 0.02224859546 0.5
8204 8205 0 0 0.5
8204 8982 2.958039892 0.02224859546 0.5
8205 8207 0 0 0.5
8207 8210 3.398529094 0.05296225071 0.5
8207 8213 0 0 0.5
8208 8211 2.979093822 0.02291287847 0.5
8208 8212 2.979093822 0.02291287847 0.5
8211 8213 0 0 0.5
8212 8213 0 0 0.5
8215 8218 3.398529094 0.05296225071 0.5
8215 8222 0 0 0.5
8215 8225 3.422718218 0.05454356057 0.5
8215 8236 3.398529094 0.05296225071 0.5
8215 8240 0 0 0.5
8216 8219 3.328062499 0.05454356057 0.5
8216 8220 2.979093822 0.02291287847 0.5
8216 8221 2.979093822 0.02291287847 0.5
8216 8226 3.422718218 0.05454356057 0.5
8216 8233 3.422718218 0.05454356057 0.5
8216 8235 3.422718218 0.05454356057 0.5
8217 8225 3.422718218 0.05454356057 0.5
8217 8234 3.422718218 0.05454356057 0.5
8217 9057 3.398529094 0.05296225071 0.5
8218 8224 3.398529094 0.05296225071 0.5
8218 9056 3.398529094 0.05296225071 0.5
8218 9058 2.958039892 0.02224859546 0.5
8218 9059 2.958039892 0.02224859546 0.5
8219 8222 0 0 0.5
8219 9055 3.328062499 0.05454356057 0.5
8219 9060 0 0 0.5
8220 8222 0 0 0.5
8220 9057 2.958039892 0.02224859546 0.5
8221 8222 0 0 0.5
8221 9057 2.958039892 0.02224859546 0.5
8222 8224 0 0 0.5
8224 8227 3.398529094 0.05296225071 0.5
8224 8231 0 0 0.5
8224 8234 3.422718218 0.05454356057 0.5
8225 8228 3.328062499 0.05454356057 0.5
8225 8229 2.979093822 0.02291287847 0.5
8225 8230 2.979093822 0.02291287847 0.5
8225 8235 3.422718218 0.05454356057 0.5
8226 8234 3.422718218 0.05454356057 0.5
8226 12354 3.398529094 0.05296225071 0.5
8227 8233 3.398529094 0.05296225071 0.5
8227 12353 3.398529094 0.05296225071 0.5
8227 12355 2.958039892 0.02224859546 0.5
8227 12356 2.958039892 0.02224859546 0.5
8228 8231 0 0 0.5
8228 12352 3.328062499 0.05454356057 0.5
8228 12357 0 0 0.5
8229 8231 0 0 0.5
8229 12354 2.958039892 0.02224859546 0.5
8230 8231 0 0 0.5
8230 12354 2.958039892 0.02224859546 0.5
8231 8233 0 0 0.5
8233 8236 3.398529094 0.05296225071 0.5
8233 8240 0 0 0.5
8234 8237 3.328062499 0.05454356057 0.5
8234 8238 2.979093822 0.02291287847 0.5
8234 8239 2.979093822 0.02291287847 0.5
8235 8733 3.398529094 0.05296225071 0.5
8236 8732 3.398529094 0.05296225071 0.5
8236 8734 2.958039892 0.02224859546 0.5
8236 8735 2.958039892 0.02224859546 0.5
8237 8240 0 0 0.5
8237 8731 3.328062499 0.05454356057 0.5
8237 8736 0 0 0.5
8238 8240 0 0 0.5
8238 8733 2.958039892 0.02224859546 0.5
8239 8240 0 0 0.5
8239 8733 2.958039892 0.02224859546 0.5
8242 8245 3.398529094 0.05296225071 0.5
8242 8249 0 0 0.5
8242 8252 3.422718218 0.05454356057 0.5
8242 8262 3.398529094 0.05296225071 0.5
8242 8265 0 0 0.5
8243 8246 3.328062499 0.05454356057 0.5
8243 8247 2.979093822 0.02291287847 0.5
8243 8248 2.979093822 0.02291287847 0.5
8243 8253 3.422718218 0.05454356057 0.5
8243 8259 3.422718218 0.05454356057 0.5
8243 8261 3.422718218 0.05454356057 0.5
8244 8252 3.422718218 0.05454356057 0.5
8244 8260 3.422718218 0.05454356057 0.5
8244 12948 3.398529094 0.05296225071 0.5
8245 8251 3.398529094 0.05296225071 0.5
8245 12947 3.398529094 0.05296225071 0.5
8245 12949 2.958039892 0.02224859546 0.5
8245 12950 2.958039892 0.02224859546 0.5
8246 8249 0 0 0.5
8246 12946 3.328062499 0.05454356057 0.5
8246 12951 0 0 0.5
8247 8249 0 0 0.5
8247 12948 2.958039892 0.02224859546 0.5
8248 8249 0 0 0.5
8248 12948 2.958039892 0.02224859546 0.5
8249 8251 0 0 0.5
8251 8254 3.398529094 0.05296225071 0.5
8251 8257 0 0 0.5
8251 8260 3.422718218 0.05454356057 0.5
8252 8255 2.979093822 0.02291287847 0.5
8252 8256 2.979093822 0.02291287847 0.5
8252 8261 3.422718218 0.05454356057 0.5
8253 8260 3.422718218 0.05454356057 0.5
8254 8259 3.398529094 0.05296225071 0.5
8255 8257 0 0 0.5
8256 8257 0 0 0.5
8257 8259 0 0 0.5
8259 8262 3.398529094 0.05296225071 0.5
8259 8265 0 0 0.5
8260 8263 2.979093822 0.02291287847 0.5
8260 8264 2.979093822 0.02291287847 0.5
8263 8265 0 0 0.5
8264 8265 0 0 0.5
8267 8270 3.398529094 0.05296225071 0.5
8267 8274 0 0 0.5
8267 8277 3.422718218 0.05454356057 0.5
8267 8288 3.398529094 0.05296225071 0.5
8267 8291 0 0 0.5
8268 8271 3.328062499 0.05454356057 0.5
8268 8272 2.979093822 0.02291287847 0.5
8268 8273 2.979093822 0.02291287847 0.5
8268 8278 3.422718218 0.05454356057 0.5
8268 8285 3.422718218 0.05454356057 0.5
8268 8287 3.422718218 0.05454356057 0.5
8269 8277 3.422718218 0.05454356057 0.5
8269 8286 3.422718218 0.05454356057 0.5
8269 12163 3.398529094 0.05296225071 0.5
8270 8276 3.398529094 0.05296225071 0.5
8270 12162 3.398529094 0.05296225071 0.5
8270 12164 2.958039892 0.02224859546 0.5
8270 12165 2.958039892 0.02224859546 0.5
8271 8274 0 0 0.5
8271 12161 3.328062499 0.05454356057 0.5
8271 12166 0 0 0.5
8272 8274 0 0 0.5
8272 12163 2.958039892 0.02224859546 0.5
8273 8274 0 0 0.5
8273 12163 2.958039892 0.02224859546 0.5
8274 8276 0 0 0.5
8276 8279 3.398529094 0.05296225071 0.5
8276 8283 0 0 0.5
8276 8286 3.422718218 0.05454356057 0.5
8277 8280 3.328062499 0.05454356057 0.5
8277 8281 2.979093822 0.02291287847 0.5
8277 8282 2.979093822 0.02291287847 0.5
8277 8287 3.422718218 0.05454356057 0.5
8278 8286 3.422718218 0.05454356057 0.5
8278 10102 3.398529094 0.05296225071 0.5
8279 8285 3.398529094 0.05296225071 0.5
8279 10101 3.398529094 0.05296225071 0.5
8279 10103 2.958039892 0.02224859546 0.5
8279 10104 2.958039892 0.02224859546 0.5
8280 8283 0 0 0.5
8280 10100 3.328062499 0.05454356057 0.5
8280 10105 0 0 0.5
8281 8283 0 0 0.5
8281 10102 2.958039892 0.02224859546 0.5
8282 8283 0 0 0.5
8282 10102 2.958039892 0.02224859546 0.5
8283 8285 0 0 0.5
8285 8288 3.398529094 0.05296225071 0.5
8285 8291 0 0 0.5
8286 8289 2.979093822 0.02291287847 0.5
8286 8290 2.979093822 0.02291287847 0.5
8289 8291 0 0 0.5
8290 8291 0 0 0.5
8293 8296 3.398529094 0.05296225071 0.5
8293 8299 0 0 0.5
8293 8302 3.422718218 0.05454356057 0.5
8293 8314 3.398529094 0.05296225071 0.5
8293 8317 0 0 0.5
8294 8297 2.979093822 0.02291287847 0.5
8294 8298 2.979093822 0.02291287847 0.5
8294 8303 3.422718218 0.05454356057 0.5
8294 8311 3.422718218 0.05454356057 0.5
8294 8313 3.422718218 0.05454356057 0.5
8295 8302 3.422718218 0.05454356057 0.5
8295 8312 3.422718218 0.05454356057 0.5
8296 8301 3.398529094 0.05296225071 0.5
8297 8299 0 0 0.5
8298 8299 0 0 0.5
8299 8301 0 0 0.5
8301 8304 3.398529094 0.05296225071 0.5
8301 8309 0 0 0.5
8301 8312 3.422718218 0.05454356057 0.5
8302 8305 3.328062499 0.05454356057 0.5
8302 8307 2.979093822 0.02291287847 0.5
8302 8308 2.979093822 0.02291287847 0.5
8302 8313 3.422718218 0.05454356057 0.5
8303 8306 0 0 0.5
8303 8312 3.422718218 0.05454356057 0.5
8304 8311 3.398529094 0.05296225071 0.5
8305 8309 0 0 0.5
8306 8307 0 0 0.5
8306 8308 0 0 0.5
8307 8309 0 0 0.5
8308 8309 0 0 0.5
8309 8311 0 0 0.5
8311 8314 3.398529094 0.05296225071 0.5
8311 8317 0 0 0.5
8312 8315 2.979093822 0.02291287847 0.5
8312 8316 2.979093822 0.02291287847 0.5
8315 8317 0 0 0.5
8316 8317 0 0 0.5
8319 8322 3.398529094 0.05296225071 0.5
8319 8325 0 0 0.5
8319 8328 3.422718218 0.05454356057 0.5
8319 8338 3.398529094 0.05296225071 0.5
8319 8341 0 0 0.5
8320 8323 2.979093822 0.02291287847 0.5
8320 8324 2.979093822 0.02291287847 0.5
8320 8329 3.422718218 0.05454356057 0.5
8320 8335 3.422718218 0.05454356057 0.5
8320 8337 3.422718218 0.05454356057 0.5
8321 8328 3.422718218 0.05454356057 0.5
8321 8336 3.422718218 0.05454356057 0.5
8322 8327 3.398529094 0.05296225071 0.5
8323 8325 0 0 0.5
8324 8325 0 0 0.5
8325 8327 0 0 0.5
8327 8330 3.398529094 0.05296225071 0.5
8327 8333 0 0 0.5
8327 8336 3.422718218 0.05454356057 0.5
8328 8331 2.979093822 0.02291287847 0.5
8328 8332 2.979093822 0.02291287847 0.5
8328 8337 3.422718218 0.05454356057 0.5
8329 8336 3.422718218 0.05454356057 0.5
8330 8335 3.398529094 0.05296225071 0.5
8331 8333 0 0 0.5
8332 8333 0 0 0.5
8333 8335 0 0 0.5
8335 8338 3.398529094 0.05296225071 0.5
8335 8341 0 0 0.5
8336 8339 2.979093822 0.02291287847 0.5
8336 8340 2.979093822 0.02291287847 0.5
8339 8341 0 0 0.5
8340 8341 0 0 0.5
8343 8346 3.398529094 0.05296225071 0.5
8343 8349 0 0 0.5
8343 8352 3.422718218 0.05454356057 0.5
8343 8362 3.398529094 0.05296225071 0.5
8343 8365 0 0 0.5
8344 8347 2.979093822 0.02291287847 0.5
8344 8348 2.979093822 0.02291287847 0.5
8344 8353 3.422718218 0.05454356057 0.5
8344 8359 3.422718218 0.05454356057 0.5
8344 8361 3.422718218 0.05454356057 0.5
8345 8352 3.422718218 0.05454356057 0.5
8345 8360 3.422718218 0.05454356057 0.5
8346 8351 3.398529094 0.05296225071 0.5
8347 8349 0 0 0.5
8348 8349 0 0 0.5
8349 8351 0 0 0.5
8351 8354 3.398529094 0.05296225071 0.5
8351 8357 0 0 0.5
8351 8360 3.422718218 0.05454356057 0.5
8352 8355 2.979093822 0.02291287847 0.5
8352 8356 2.979093822 0.02291287847 0.5
8352 8361 3.422718218 0.05454356057 0.5
8353 8360 3.422718218 0.05454356057 0.5
8354 8359 3.398529094 0.05296225071 0.5
8355 8357 0 0 0.5
8356 8357 0 0 0.5
8357 8359 0 0 0.5
8359 8362 3.398529094 0.05296225071 0.5
8359 8365 0 0 0.5
8360 8363 2.979093822 0.02291287847 0.5
8360 8364 2.979093822 0.02291287847 0.5
8363 8365 0 0 0.5
8364 8365 0 0 0.5
8367 8370 3.398529094 0.05296225071 0.5
8367 8374 0 0 0.5
8367 8377 3.422718218 0.05454356057 0.5
8367 8388 3.398529094 0.05296225071 0.5
8367 8391 0 0 0.5
8368 8371 3.328062499 0.05454356057 0.5
8368 8372 2.979093822 0.02291287847 0.5
8368 8373 2.979093822 0.02291287847 0.5
8368 8378 3.422718218 0.05454356057 0.5
8368 8385 3.422718218 0.05454356057 0.5
8368 8387 3.422718218 0.05454356057 0.5
8369 8377 3.422718218 0.05454356057 0.5
8369 8386 3.422718218 0.05454356057 0.5
8369 10094 3.398529094 0.05296225071 0.5
8370 8376 3.398529094 0.05296225071 0.5
8370 10093 3.398529094 0.05296225071 0.5
8370 10095 2.958039892 0.02224859546 0.5
8370 10096 2.958039892 0.02224859546 0.5
8371 8374 0 0 0.5
8371 10092 3.328062499 0.05454356057 0.5
8371 10097 0 0 0.5
8372 8374 0 0 0.5
8372 10094 2.958039892 0.02224859546 0.5
8373 8374 0 0 0.5
8373 10094 2.958039892 0.02224859546 0.5
8374 8376 0 0 0.5
8376 8379 3.398529094 0.05296225071 0.5
8376 8383 0 0 0.5
8376 8386 3.422718218 0.05454356057 0.5
8377 8380 3.328062499 0.05454356057 0.5
8377 8381 2.979093822 0.02291287847 0.5
8377 8382 2.979093822 0.02291287847 0.5
8377 8387 3.422718218 0.05454356057 0.5
8378 8386 3.422718218 0.05454356057 0.5
8378 12610 3.398529094 0.05296225071 0.5
8379 8385 3.398529094 0.05296225071 0.5
8379 12609 3.398529094 0.05296225071 0.5
8379 12611 2.958039892 0.02224859546 0.5
8379 12612 2.958039892 0.02224859546 0.5
8380 8383 0 0 0.5
8380 12608 3.328062499 0.05454356057 0.5
8380 12613 0 0 0.5
8381 8383 0 0 0.5
8381 12610 2.958039892 0.02224859546 0.5
8382 8383 0 0 0.5
8382 12610 2.958039892 0.02224859546 0.5
8383 8385 0 0 0.5
8385 8388 3.398529094 0.05296225071 0.5
8385 8391 0 0 0.5
8386 8389 2.979093822 0.02291287847 0.5
8386 8390 2.979093822 0.02291287847 0.5
8389 8391 0 0 0.5
8390 8391 0 0 0.5
8393 8396 3.398529094 0.05296225071 0.5
8393 8399 0 0 0.5
8393 8402 3.422718218 0.05454356057 0.5
8393 8413 3.398529094 0.05296225071 0.5
8393 8417 0 0 0.5
8394 8397 2.979093822 0.02291287847 0.5
8394 8398 2.979093822 0.02291287847 0.5
8394 8403 3.422718218 0.05454356057 0.5
8394 8410 3.422718218 0.05454356057 0.5
8394 8412 3.422718218 0.05454356057 0.5
8395 8402 3.422718218 0.05454356057 0.5
8395 8411 3.422718218 0.05454356057 0.5
8396 8401 3.398529094 0.05296225071 0.5
8397 8399 0 0 0.5
8398 8399 0 0 0.5
8399 8401 0 0 0.5
8401 8404 3.398529094 0.05296225071 0.5
8401 8408 0 0 0.5
8401 8411 3.422718218 0.05454356057 0.5
8402 8405 3.328062499 0.05454356057 0.5
8402 8406 2.979093822 0.02291287847 0.5
8402 8407 2.979093822 0.02291287847 0.5
8402 8412 3.422718218 0.05454356057 0.5
8403 8411 3.422718218 0.05454356057 0.5
8403 12594 3.398529094 0.05296225071 0.5
8404 8410 3.398529094 0.05296225071 0.5
8404 12593 3.398529094 0.05296225071 0.5
8404 12595 2.958039892 0.02224859546 0.5
8404 12596 2.958039892 0.02224859546 0.5
8405 8408 0 0 0.5
8405 12592 3.328062499 0.05454356057 0.5
8405 12597 0 0 0.5
8406 8408 0 0 0.5
8406 12594 2.958039892 0.02224859546 0.5
8407 8408 0 0 0.5
8407 12594 2.958039892 0.02224859546 0.5
8408 8410 0 0 0.5
8410 8413 3.398529094 0.05296225071 0.5
8410 8417 0 0 0.5
8411 8414 3.328062499 0.05454356057 0.5
8411 8415 2.979093822 0.02291287847 0.5
8411 8416 2.979093822 0.02291287847 0.5
8412 9664 3.398529094 0.05296225071 0.5
8413 9663 3.398529094 0.05296225071 0.5
8413 9665 2.958039892 0.02224859546 0.5
8413 9666 2.958039892 0.02224859546 0.5
8414 8417 0 0 0.5
8414 9662 3.328062499 0.05454356057 0.5
8414 9667 0 0 0.5
8415 8417 0 0 0.5
8415 9664 2.958039892 0.02224859546 0.5
8416 8417 0 0 0.5
8416 9664 2.958039892 0.02224859546 0.5
8419 8422 3.398529094 0.05296225071 0.5
8419 8426 0 0 0.5
8419 8429 3.422718218 0.05454356057 0.5
8419 8439 3.398529094 0.05296225071 0.5
8419 8442 0 0 0.5
8420 8423 3.328062499 0.05454356057 0.5
8420 8424 2.979093822 0.02291287847 0.5
8420 8425 2.979093822 0.02291287847 0.5
8420 8430 3.422718218 0.05454356057 0.5
8420 8436 3.422718218 0.05454356057 0.5
8420 8438 3.422718218 0.05454356057 0.5
8421 8429 3.422718218 0.05454356057 0.5
8421 8437 3.422718218 0.05454356057 0.5
8421 9308 3.398529094 0.05296225071 0.5
8422 8428 3.398529094 0.05296225071 0.5
8422 9307 3.398529094 0.05296225071 0.5
8422 9309 2.958039892 0.02224859546 0.5
8422 9310 2.958039892 0.02224859546 0.5
8423 8426 0 0 0.5
8423 9306 3.328062499 0.05454356057 0.5
8423 9311 0 0 0.5
8424 8426 0 0 0.5
8424 9308 2.958039892 0.02224859546 0.5
8425 8426 0 0 0.5
8425 9308 2.958039892 0.02224859546 0.5
8426 8428 0 0 0.5
8428 8431 3.398529094 0.05296225071 0.5
8428 8434 0 0 0.5
8428 8437 3.422718218 0.05454356057 0.5
8429 8432 2.979093822 0.02291287847 0.5
8429 8433 2.979093822 0.02291287847 0.5
8429 8438 3.422718218 0.05454356057 0.5
8430 8437 3.422718218 0.05454356057 0.5
8431 8436 3.398529094 0.05296225071 0.5
8432 8434 0 0 0.5
8433 8434 0 0 0.5
8434 8436 0 0 0.5
8436 8439 3.398529094 0.05296225071 0.5
8436 8442 0 0 0.5
8437 8440 2.979093822 0.02291287847 0.5
8437 8441 2.979093822 0.02291287847 0.5
8440 8442 0 0 0.5
8441 8442 0 0 0.5
8444 8447 3.398529094 0.05296225071 0.5
8444 8452 0 0 0.5
8444 8455 3.422718218 0.05454356057 0.5
8444 8465 3.398529094 0.05296225071 0.5
8444 8468 0 0 0.5
8445 8448 3.328062499 0.05454356057 0.5
8445 8450 2.979093822 0.02291287847 0.5
8445 8451 2.979093822 0.02291287847 0.5
8445 8456 3.422718218 0.05454356057 0.5
8445 8462 3.422718218 0.05454356057 0.5
8445 8464 3.422718218 0.05454356057 0.5
8446 8449 0 0 0.5
8446 8455 3.422718218 0.05454356057 0.5
8446 8463 3.422718218 0.05454356057 0.5
8447 8454 3.398529094 0.05296225071 0.5
8448 8452 0 0 0.5
8449 8450 0 0 0.5
8449 8451 0 0 0.5
8450 8452 0 0 0.5
8451 8452 0 0 0.5
8452 8454 0 0 0.5
8454 8457 3.398529094 0.05296225071 0.5
8454 8460 0 0 0.5
8454 8463 3.422718218 0.05454356057 0.5
8455 8458 2.979093822 0.02291287847 0.5
8455 8459 2.979093822 0.02291287847 0.5
8455 8464 3.422718218 0.05454356057 0.5
8456 8463 3.422718218 0.05454356057 0.5
8457 8462 3.398529094 0.05296225071 0.5
8458 8460 0 0 0.5
8459 8460 0 0 0.5
8460 8462 0 0 0.5
8462 8465 3.398529094 0.05296225071 0.5
8462 8468 0 0 0.5
8463 8466 2.979093822 0.02291287847 0.5
8463 8467 2.979093822 0.02291287847 0.5
8466 8468 0 0 0.5
8467 8468 0 0 0.5
8470 8473 3.398529094 0.05296225071 0.5
8470 8476 0 0 0.5
8470 8479 3.422718218 0.05454356057 0.5
8470 8490 3.398529094 0.05296225071 0.5
8470 8494 0 0 0.5
8471 8474 2.979093822 0.02291287847 0.5
8471 8475 2.979093822 0.02291287847 0.5
8471 8480 3.422718218 0.05454356057 0.5
8471 8487 3.422718218 0.05454356057 0.5
8471 8489 3.422718218 0.05454356057 0.5
8472 8479 3.422718218 0.05454356057 0.5
8472 8488 3.422718218 0.05454356057 0.5
8473 8478 3.398529094 0.05296225071 0.5
8474 8476 0 0 0.5
8475 8476 0 0 0.5
8476 8478 0 0 0.5
8478 8481 3.398529094 0.05296225071 0.5
8478 8485 0 0 0.5
8478 8488 3.422718218 0.05454356057 0.5
8479 8482 3.328062499 0.05454356057 0.5
8479 8483 2.979093822 0.02291287847 0.5
8479 8484 2.979093822 0.02291287847 0.5
8479 8489 3.422718218 0.05454356057 0.5
8480 8488 3.422718218 0.05454356057 0.5
8480 10235 3.398529094 0.05296225071 0.5
8481 8487 3.398529094 0.05296225071 0.5
8481 10234 3.398529094 0.05296225071 0.5
8481 10236 2.958039892 0.02224859546 0.5
8481 10237 2.958039892 0.02224859546 0.5
8482 8485 0 0 0.5
8482 10233 3.328062499 0.05454356057 0.5
8482 10238 0 0 0.5
8483 8485 0 0 0.5
8483 10235 2.958039892 0.02224859546 0.5
8484 8485 0 0 0.5
8484 10235 2.958039892 0.02224859546 0.5
8485 8487 0 0 0.5
8487 8490 3.398529094 0.05296225071 0.5
8487 8494 0 0 0.5
8488 8491 3.328062499 0.05454356057 0.5
8488 8492 2.979093822 0.02291287847 0.5
8488 8493 2.979093822 0.02291287847 0.5
8489 12057 3.398529094 0.05296225071 0.5
8490 12056 3.398529094 0.05296225071 0.5
8490 12058 2.958039892 0.02224859546 0.5
8490 12059 2.958039892 0.02224859546 0.5
8491 8494 0 0 0.5
8491 12055 3.328062499 0.05454356057 0.5
8491 12060 0 0 0.5
8492 8494 0 0 0.5
8492 12057 2.958039892 0.02224859546 0.5
8493 8494 0 0 0.5
8493 12057 2.958039892 0.02224859546 0.5
8496 8499 3.398529094 0.05296225071 0.5
8496 8502 0 0 0.5
8496 8505 3.422718218 0.05454356057 0.5
8496 8515 3.398529094 0.05296225071 0.5
8496 8518 0 0 0.5
8497 8500 2.979093822 0.02291287847 0.5
8497 8501 2.979093822 0.02291287847 0.5
8497 8506 3.422718218 0.05454356057 0.5
8497 8512 3.422718218 0.05454356057 0.5
8497 8514 3.422718218 0.05454356057 0.5
8498 8505 3.422718218 0.05454356057 0.5
8498 8513 3.422718218 0.05454356057 0.5
8499 8504 3.398529094 0.05296225071 0.5
8500 8502 0 0 0.5
8501 8502 0 0 0.5
8502 8504 0 0 0.5
8504 8507 3.398529094 0.05296225071 0.5
8504 8510 0 0 0.5
8504 8513 3.422718218 0.05454356057 0.5
8505 8508 2.979093822 0.02291287847 0.5
8505 8509 2.979093822 0.02291287847 0.5
8505 8514 3.422718218 0.05454356057 0.5
8506 8513 3.422718218 0.05454356057 0.5
8507 8512 3.398529094 0.05296225071 0.5
8508 8510 0 0 0.5
8509 8510 0 0 0.5
8510 8512 0 0 0.5
8512 8515 3.398529094 0.05296225071 0.5
8512 8518 0 0 0.5
8513 8516 2.979093822 0.02291287847 0.5
8513 8517 2.979093822 0.02291287847 0.5
8516 8518 0 0 0.5
8517 8518 0 0 0.5
8520 8523 3.398529094 0.05296225071 0.5
8520 8526 0 0 0.5
8520 8529 3.422718218 0.05454356057 0.5
8520 8540 3.398529094 0.05296225071 0.5
8520 8544 0 0 0.5
8521 8524 2.979093822 0.02291287847 0.5
8521 8525 2.979093822 0.02291287847 0.5
8521 8530 3.422718218 0.05454356057 0.5
8521 8537 3.422718218 0.05454356057 0.5
8521 8539 3.422718218 0.05454356057 0.5
8522 8529 3.422718218 0.05454356057 0.5
8522 8538 3.422718218 0.05454356057 0.5
8523 8528 3.398529094 0.05296225071 0.5
8524 8526 0 0 0.5
8525 8526 0 0 0.5
8526 8528 0 0 0.5
8528 8531 3.398529094 0.05296225071 0.5
8528 8535 0 0 0.5
8528 8538 3.422718218 0.05454356057 0.5
8529 8532 3.328062499 0.05454356057 0.5
8529 8533 2.979093822 0.02291287847 0.5
8529 8534 2.979093822 0.02291287847 0.5
8529 8539 3.422718218 0.05454356057 0.5
8530 8538 3.422718218 0.05454356057 0.5
8530 10711 3.398529094 0.05296225071 0.5
8531 8537 3.398529094 0.05296225071 0.5
8531 10710 3.398529094 0.05296225071 0.5
8531 10712 2.958039892 0.02224859546 0.5
8531 10713 2.958039892 0.02224859546 0.5
8532 8535 0 0 0.5
8532 10709 3.328062499 0.05454356057 0.5
8532 10714 0 0 0.5
8533 8535 0 0 0.5
8533 10711 2.958039892 0.02224859546 0.5
8534 8535 0 0 0.5
8534 10711 2.958039892 0.02224859546 0.5
8535 8537 0 0 0.5
8537 8540 3.398529094 0.05296225071 0.5
8537 8544 0 0 0.5
8538 8541 3.328062499 0.05454356057 0.5
8538 8542 2.979093822 0.02291287847 0.5
8538 8543 2.979093822 0.02291287847 0.5
8539 11108 3.398529094 0.05296225071 0.5
8540 11107 3.398529094 0.05296225071 0.5
8540 11109 2.958039892 0.02224859546 0.5
8540 11110 2.958039892 0.02224859546 0.5
8541 8544 0 0 0.5
8541 11106 3.328062499 0.05454356057 0.5
8541 11111 0 0 0.5
8542 8544 0 0 0.5
8542 11108 2.958039892 0.02224859546 0.5
8543 8544 0 0 0.5
8543 11108 2.958039892 0.02224859546 0.5
8546 8549 3.398529094 0.05296225071 0.5
8546 8552 0 0 0.5
8546 8555 3.422718218 0.05454356057 0.5
8546 8566 3.398529094 0.05296225071 0.5
8546 8569 0 0 0.5
8547 8550 2.979093822 0.02291287847 0.5
8547 8551 2.979093822 0.02291287847 0.5
8547 8556 3.422718218 0.05454356057 0.5
8547 8563 3.422718218 0.05454356057 0.5
8547 8565 3.422718218 0.05454356057 0.5
8548 8555 3.422718218 0.05454356057 0.5
8548 8564 3.422718218 0.05454356057 0.5
8549 8554 3.398529094 0.05296225071 0.5
8550 8552 0 0 0.5
8551 8552 0 0 0.5
8552 8554 0 0 0.5
8554 8557 3.398529094 0.05296225071 0.5
8554 8561 0 0 0.5
8554 8564 3.422718218 0.05454356057 0.5
8555 8558 3.328062499 0.05454356057 0.5
8555 8559 2.979093822 0.02291287847 0.5
8555 8560 2.979093822 0.02291287847 0.5
8555 8565 3.422718218 0.05454356057 0.5
8556 8564 3.422718218 0.05454356057 0.5
8556 12684 3.398529094 0.05296225071 0.5
8557 8563 3.398529094 0.05296225071 0.5
8557 12683 3.398529094 0.05296225071 0.5
8557 12685 2.958039892 0.02224859546 0.5
8557 12686 2.958039892 0.02224859546 0.5
8558 8561 0 0 0.5
8558 12682 3.328062499 0.05454356057 0.5
8558 12687 0 0 0.5
8559 8561 0 0 0.5
8559 12684 2.958039892 0.02224859546 0.5
8560 8561 0 0 0.5
8560 12684 2.958039892 0.02224859546 0.5
8561 8563 0 0 0.5
8563 8566 3.398529094 0.05296225071 0.5
8563 8569 0 0 0.5
8564 8567 2.979093822 0.02291287847 0.5
8564 8568 2.979093822 0.02291287847 0.5
8567 8569 0 0 0.5
8568 8569 0 0 0.5
8571 8574 3.398529094 0.05296225071 0.5
8571 8578 0 0 0.5
8571 8581 3.422718218 0.05454356057 0.5
8571 8591 3.398529094 0.05296225071 0.5
8571 8594 0 0 0.5
8572 8575 3.328062499 0.05454356057 0.5
8572 8576 2.979093822 0.02291287847 0.5
8572 8577 2.979093822 0.02291287847 0.5
8572 8582 3.422718218 0.05454356057 0.5
8572 8588 3.422718218 0.05454356057 0.5
8572 8590 3.422718218 0.05454356057 0.5
8573 8581 3.422718218 0.05454356057 0.5
8573 8589 3.422718218 0.05454356057 0.5
8573 10962 3.398529094 0.05296225071 0.5
8574 8580 3.398529094 0.05296225071 0.5
8574 10961 3.398529094 0.05296225071 0.5
8574 10963 2.958039892 0.02224859546 0.5
8574 10964 2.958039892 0.02224859546 0.5
8575 8578 0 0 0.5
8575 10960 3.328062499 0.05454356057 0.5
8575 10965 0 0 0.5
8576 8578 0 0 0.5
8576 10962 2.958039892 0.02224859546 0.5
8577 8578 0 0 0.5
8577 10962 2.958039892 0.02224859546 0.5
8578 8580 0 0 0.5
8580 8583 3.398529094 0.05296225071 0.5
8580 8586 0 0 0.5
8580 8589 3.422718218 0.05454356057 0.5
8581 8584 2.979093822 0.02291287847 0.5
8581 8585 2.979093822 0.02291287847 0.5
8581 8590 3.422718218 0.05454356057 0.5
8582 8589 3.422718218 0.05454356057 0.5
8583 8588 3.398529094 0.05296225071 0.5
8584 8586 0 0 0.5
8585 8586 0 0 0.5
8586 8588 0 0 0.5
8588 8591 3.398529094 0.05296225071 0.5
8588 8594 0 0 0.5
8589 8592 2.979093822 0.02291287847 0.5
8589 8593 2.979093822 0.02291287847 0.5
8592 8594 0 0 0.5
8593 8594 0 0 0.5
8596 8599 3.398529094 0.05296225071 0.5
8596 8602 0 0 0.5
8596 8605 3.422718218 0.05454356057 0.5
8596 8616 3.398529094 0.05296225071 0.5
8596 8620 0 0 0.5
8597 8600 2.979093822 0.02291287847 0.5
8597 8601 2.979093822 0.02291287847 0.5
8597 8606 3.422718218 0.05454356057 0.5
8597 8613 3.422718218 0.05454356057 0.5
8597 8615 3.422718218 0.05454356057 0.5
8598 8605 3.422718218 0.05454356057 0.5
8598 8614 3.422718218 0.05454356057 0.5
8599 8604 3.398529094 0.05296225071 0.5
8600 8602 0 0 0.5
8601 8602 0 0 0.5
8602 8604 0 0 0.5
8604 8607 3.398529094 0.05296225071 0.5
8604 8611 0 0 0.5
8604 8614 3.422718218 0.05454356057 0.5
8605 8608 3.328062499 0.05454356057 0.5
8605 8609 2.979093822 0.02291287847 0.5
8605 8610 2.979093822 0.02291287847 0.5
8605 8615 3.422718218 0.05454356057 0.5
8606 8614 3.422718218 0.05454356057 0.5
8606 10516 3.398529094 0.05296225071 0.5
8607 8613 3.398529094 0.05296225071 0.5
8607 10515 3.398529094 0.05296225071 0.5
8607 10517 2.958039892 0.02224859546 0.5
8607 10518 2.958039892 0.02224859546 0.5
8608 8611 0 0 0.5
8608 10514 3.328062499 0.05454356057 0.5
8608 10519 0 0 0.5
8609 8611 0 0 0.5
8609 10516 2.958039892 0.02224859546 0.5
8610 8611 0 0 0.5
8610 10516 2.958039892 0.02224859546 0.5
8611 8613 0 0 0.5
8613 8616 3.398529094 0.05296225071 0.5
8613 8620 0 0 0.5
8614 8617 3.328062499 0.05454356057 0.5
8614 8618 2.979093822 0.02291287847 0.5
8614 8619 2.979093822 0.02291287847 0.5
8615 9614 3.398529094 0.05296225071 0.5
8616 9613 3.398529094 0.05296225071 0.5
8616 9615 2.958039892 0.02224859546 0.5
8616 9616 2.958039892 0.02224859546 0.5
8617 8620 0 0 0.5
8617 9612 3.328062499 0.05454356057 0.5
8617 9617 0 0 0.5
8618 8620 0 0 0.5
8618 9614 2.958039892 0.02224859546 0.5
8619 8620 0 0 0.5
8619 9614 2.958039892 0.02224859546 0.5
8622 8625 3.398529094 0.05296225071 0.5
8622 8629 0 0 0.5
8622 8632 3.422718218 0.05454356057 0.5
8622 8642 3.398529094 0.05296225071 0.5
8622 8645 0 0 0.5
8623 8626 3.328062499 0.05454356057 0.5
8623 8627 2.979093822 0.02291287847 0.5
8623 8628 2.979093822 0.02291287847 0.5
8623 8633 3.422718218 0.05454356057 0.5
8623 8639 3.422718218 0.05454356057 0.5
8623 8641 3.422718218 0.05454356057 0.5
8624 8632 3.422718218 0.05454356057 0.5
8624 8640 3.422718218 0.05454356057 0.5
8624 8904 3.398529094 0.05296225071 0.5
8625 8631 3.398529094 0.05296225071 0.5
8625 8903 3.398529094 0.05296225071 0.5
8625 8905 2.958039892 0.02224859546 0.5
8625 8906 2.958039892 0.02224859546 0.5
8626 8629 0 0 0.5
8626 8902 3.328062499 0.05454356057 0.5
8626 8907 0 0 0.5
8627 8629 0 0 0.5
8627 8904 2.958039892 0.02224859546 0.5
8628 8629 0 0 0.5
8628 8904 2.958039892 0.02224859546 0.5
8629 8631 0 0 0.5
8631 8634 3.398529094 0.05296225071 0.5
8631 8637 0 0 0.5
8631 8640 3.422718218 0.05454356057 0.5
8632 8635 2.979093822 0.02291287847 0.5
8632 8636 2.979093822 0.02291287847 0.5
8632 8641 3.422718218 0.05454356057 0.5
8633 8640 3.422718218 0.05454356057 0.5
8634 8639 3.398529094 0.05296225071 0.5
8635 8637 0 0 0.5
8636 8637 0 0 0.5
8637 8639 0 0 0.5
8639 8642 3.398529094 0.05296225071 0.5
8639 8645 0 0 0.5
8640 8643 2.979093822 0.02291287847 0.5
8640 8644 2.979093822 0.02291287847 0.5
8643 8645 0 0 0.5
8644 8645 0 0 0.5
8647 8650 3.398529094 0.05296225071 0.5
8647 8653 0 0 0.5
8647 8656 3.422718218 0.05454356057 0.5
8647 8666 3.398529094 0.05296225071 0.5
8647 8669 0 0 0.5
8648 8651 2.979093822 0.02291287847 0.5
8648 8652 2.979093822 0.02291287847 0.5
8648 8657 3.422718218 0.05454356057 0.5
8648 8663 3.422718218 0.05454356057 0.5
8648 8665 3.422718218 0.05454356057 0.5
8649 8656 3.422718218 0.05454356057 0.5
8649 8664 3.422718218 0.05454356057 0.5
8650 8655 3.398529094 0.05296225071 0.5
8651 8653 0 0 0.5
8652 8653 0 0 0.5
8653 8655 0 0 0.5
8655 8658 3.398529094 0.05296225071 0.5
8655 8661 0 0 0.5
8655 8664 3.422718218 0.05454356057 0.5
8656 8659 2.979093822 0.02291287847 0.5
8656 8660 2.979093822 0.02291287847 0.5
8656 8665 3.422718218 0.05454356057 0.5
8657 8664 3.422718218 0.05454356057 0.5
8658 8663 3.398529094 0.05296225071 0.5
8659 8661 0 0 0.5
8660 8661 0 0 0.5
8661 8663 0 0 0.5
8663 8666 3.398529094 0.05296225071 0.5
8663 8669 0 0 0.5
8664 8667 2.979093822 0.02291287847 0.5
8664 8668 2.979093822 0.02291287847 0.5
8667 8669 0 0 0.5
8668 8669 0 0 0.5
8671 8674 3.398529094 0.05296225071 0.5
8671 8677 0 0 0.5
8671 8680 3.422718218 0.05454356057 0.5
8671 8691 3.398529094 0.05296225071 0.5
8671 8694 0 0 0.5
8672 8675 2.979093822 0.02291287847 0.5
8672 8676 2.979093822 0.02291287847 0.5
8672 8681 3.422718218 0.05454356057 0.5
8672 8688 3.422718218 0.05454356057 0.5
8672 8690 3.422718218 0.05454356057 0.5
8673 8680 3.422718218 0.05454356057 0.5
8673 8689 3.422718218 0.05454356057 0.5
8674 8679 3.398529094 0.05296225071 0.5
8675 8677 0 0 0.5
8676 8677 0 0 0.5
8677 8679 0 0 0.5
8679 8682 3.398529094 0.05296225071 0.5
8679 8686 0 0 0.5
8679 8689 3.422718218 0.05454356057 0.5
8680 8683 3.328062499 0.05454356057 0.5
8680 8684 2.979093822 0.02291287847 0.5
8680 8685 2.979093822 0.02291287847 0.5
8680 8690 3.422718218 0.05454356057 0.5
8681 8689 3.422718218 0.05454356057 0.5
8681 11964 3.398529094 0.05296225071 0.5
8682 8688 3.398529094 0.05296225071 0.5
8682 11963 3.398529094 0.05296225071 0.5
8682 11965 2.958039892 0.02224859546 0.5
8682 11966 2.958039892 0.02224859546 0.5
8683 8686 0 0 0.5
8683 11962 3.328062499 0.05454356057 0.5
8683 11967 0 0 0.5
8684 8686 0 0 0.5
8684 11964 2.958039892 0.02224859546 0.5
8685 8686 0 0 0.5
8685 11964 2.958039892 0.02224859546 0.5
8686 8688 0 0 0.5
8688 8691 3.398529094 0.05296225071 0.5
8688 8694 0 0 0.5
8689 8692 2.979093822 0.02291287847 0.5
8689 8693 2.979093822 0.02291287847 0.5
8692 8694 0 0 0.5
8693 8694 0 0 0.5
8696 8699 3.398529094 0.05296225071 0.5
8696 8702 0 0 0.5
8696 8705 3.422718218 0.05454356057 0.5
8696 8717 3.398529094 0.05296225071 0.5
8696 8720 0 0 0.5
8697 8700 2.979093822 0.02291287847 0.5
8697 8701 2.979093822 0.02291287847 0.5
8697 8706 3.422718218 0.05454356057 0.5
8697 8714 3.422718218 0.05454356057 0.5
8697 8716 3.422718218 0.05454356057 0.5
8698 8705 3.422718218 0.05454356057 0.5
8698 8715 3.422718218 0.05454356057 0.5
8699 8704 3.398529094 0.05296225071 0.5
8700 8702 0 0 0.5
8701 8702 0 0 0.5
8702 8704 0 0 0.5
8704 8707 3.398529094 0.05296225071 0.5
8704 8712 0 0 0.5
8704 8715 3.422718218 0.05454356057 0.5
8705 8708 3.328062499 0.05454356057 0.5
8705 8710 2.979093822 0.02291287847 0.5
8705 8711 2.979093822 0.02291287847 0.5
8705 8716 3.422718218 0.05454356057 0.5
8706 8709 0 0 0.5
8706 8715 3.422718218 0.05454356057 0.5
8707 8714 3.398529094 0.05296225071 0.5
8708 8712 0 0 0.5
8709 8710 0 0 0.5
8709 8711 0 0 0.5
8710 8712 0 0 0.5
8711 8712 0 0 0.5
8712 8714 0 0 0.5
8714 8717 3.398529094 0.05296225071 0.5
8714 8720 0 0 0.5
8715 8718 2.979093822 0.02291287847 0.5
8715 8719 2.979093822 0.02291287847 0.5
8718 8720 0 0 0.5
8719 8720 0 0 0.5
8722 8725 3.398529094 0.05296225071 0.5
8722 8728 0 0 0.5
8722 8731 3.422718218 0.05454356057 0.5
8722 8741 3.398529094 0.05296225071 0.5
8722 8745 0 0 0.5
8723 8726 2.979093822 0.02291287847 0.5
8723 8727 2.979093822 0.02291287847 0.5
8723 8732 3.422718218 0.05454356057 0.5
8723 8738 3.422718218 0.05454356057 0.5
8723 8740 3.422718218 0.05454356057 0.5
8724 8731 3.422718218 0.05454356057 0.5
8724 8739 3.422718218 0.05454356057 0.5
8725 8730 3.398529094 0.05296225071 0.5
8726 8728 0 0 0.5
8727 8728 0 0 0.5
8728 8730 0 0 0.5
8730 8733 3.398529094 0.05296225071 0.5
8730 8736 0 0 0.5
8730 8739 3.422718218 0.05454356057 0.5
8731 8734 2.979093822 0.02291287847 0.5
8731 8735 2.979093822 0.02291287847 0.5
8731 8740 3.422718218 0.05454356057 0.5
8732 8739 3.422718218 0.05454356057 0.5
8733 8738 3.398529094 0.05296225071 0.5
8734 8736 0 0 0.5
8735 8736 0 0 0.5
8736 8738 0 0 0.5
8738 8741 3.398529094 0.05296225071 0.5
8738 8745 0 0 0.5
8739 8742 3.328062499 0.05454356057 0.5
8739 8743 2.979093822 0.02291287847 0.5
8739 8744 2.979093822 0.02291287847 0.5
8740 12330 3.398529094 0.05296225071 0.5
8741 12329 3.398529094 0.05296225071 0.5
8741 12331 2.958039892 0.02224859546 0.5
8741 12332 2.958039892 0.02224859546 0.5
8742 8745 0 0 0.5
8742 12328 3.328062499 0.05454356057 0.5
8742 12333 0 0 0.5
8743 8745 0 0 0.5
8743 12330 2.958039892 0.02224859546 0.5
8744 8745 0 0 0.5
8744 12330 2.958039892 0.02224859546 0.5
8747 8750 3.398529094 0.05296225071 0.5
8747 8754 0 0 0.5
8747 8757 3.422718218 0.05454356057 0.5
8747 8768 3.398529094 0.05296225071 0.5
8747 8772 0 0 0.5
8748 8751 3.328062499 0.05454356057 0.5
8748 8752 2.979093822 0.02291287847 0.5
8748 8753 2.979093822 0.02291287847 0.5
8748 8758 3.422718218 0.05454356057 0.5
8748 8765 3.422718218 0.05454356057 0.5
8748 8767 3.422718218 0.05454356057 0.5
8749 8757 3.422718218 0.05454356057 0.5
8749 8766 3.422718218 0.05454356057 0.5
8749 9929 3.398529094 0.05296225071 0.5
8750 8756 3.398529094 0.05296225071 0.5
8750 9928 3.398529094 0.05296225071 0.5
8750 9930 2.958039892 0.02224859546 0.5
8750 9931 2.958039892 0.02224859546 0.5
8751 8754 0 0 0.5
8751 9927 3.328062499 0.05454356057 0.5
8751 9932 0 0 0.5
8752 8754 0 0 0.5
8752 9929 2.958039892 0.02224859546 0.5
8753 8754 0 0 0.5
8753 9929 2.958039892 0.02224859546 0.5
8754 8756 0 0 0.5
8756 8759 3.398529094 0.05296225071 0.5
8756 8763 0 0 0.5
8756 8766 3.422718218 0.05454356057 0.5
8757 8760 3.328062499 0.05454356057 0.5
8757 8761 2.979093822 0.02291287847 0.5
8757 8762 2.979093822 0.02291287847 0.5
8757 8767 3.422718218 0.05454356057 0.5
8758 8766 3.422718218 0.05454356057 0.5
8758 11874 3.398529094 0.05296225071 0.5
8759 8765 3.398529094 0.05296225071 0.5
8759 11873 3.398529094 0.05296225071 0.5
8759 11875 2.958039892 0.02224859546 0.5
8759 11876 2.958039892 0.02224859546 0.5
8760 8763 0 0 0.5
8760 11872 3.328062499 0.05454356057 0.5
8760 11877 0 0 0.5
8761 8763 0 0 0.5
8761 11874 2.958039892 0.02224859546 0.5
8762 8763 0 0 0.5
8762 11874 2.958039892 0.02224859546 0.5
8763 8765 0 0 0.5
8765 8768 3.398529094 0.05296225071 0.5
8765 8772 0 0 0.5
8766 8769 3.328062499 0.05454356057 0.5
8766 8770 2.979093822 0.02291287847 0.5
8766 8771 2.979093822 0.02291287847 0.5
8767 11576 3.398529094 0.05296225071 0.5
8768 11575 3.398529094 0.05296225071 0.5
8768 11577 2.958039892 0.02224859546 0.5
8768 11578 2.958039892 0.02224859546 0.5
8769 8772 0 0 0.5
8769 11574 3.328062499 0.05454356057 0.5
8769 11579 0 0 0.5
8770 8772 0 0 0.5
8770 11576 2.958039892 0.02224859546 0.5
8771 8772 0 0 0.5
8771 11576 2.958039892 0.02224859546 0.5
8774 8777 3.398529094 0.05296225071 0.5
8774 8780 0 0 0.5
8774 8783 3.422718218 0.05454356057 0.5
8774 8794 3.398529094 0.05296225071 0.5
8774 8797 0 0 0.5
8775 8778 2.979093822 0.02291287847 0.5
8775 8779 2.979093822 0.02291287847 0.5
8775 8784 3.422718218 0.05454356057 0.5
8775 8791 3.422718218 0.05454356057 0.5
8775 8793 3.422718218 0.05454356057 0.5
8776 8783 3.422718218 0.05454356057 0.5
8776 8792 3.422718218 0.05454356057 0.5
8777 8782 3.398529094 0.05296225071 0.5
8778 8780 0 0 0.5
8779 8780 0 0 0.5
8780 8782 0 0 0.5
8782 8785 3.398529094 0.05296225071 0.5
8782 8789 0 0 0.5
8782 8792 3.422718218 0.05454356057 0.5
8783 8786 3.328062499 0.05454356057 0.5
8783 8787 2.979093822 0.02291287847 0.5
8783 8788 2.979093822 0.02291287847 0.5
8783 8793 3.422718218 0.05454356057 0.5
8784 8792 3.422718218 0.05454356057 0.5
8784 11775 3.398529094 0.05296225071 0.5
8785 8791 3.398529094 0.05296225071 0.5
8785 11774 3.398529094 0.05296225071 0.5
8785 11776 2.958039892 0.02224859546 0.5
8785 11777 2.958039892 0.02224859546 0.5
8786 8789 0 0 0.5
8786 11773 3.328062499 0.05454356057 0.5
8786 11778 0 0 0.5
8787 8789 0 0 0.5
8787 11775 2.958039892 0.02224859546 0.5
8788 8789 0 0 0.5
8788 11775 2.958039892 0.02224859546 0.5
8789 8791 0 0 0.5
8791 8794 3.398529094 0.05296225071 0.5
8791 8797 0 0 0.5
8792 8795 2.979093822 0.02291287847 0.5
8792 8796 2.979093822 0.02291287847 0.5
8795 8797 0 0 0.5
8796 8797 0 0 0.5
8799 8802 3.398529094 0.05296225071 0.5
8799 8806 0 0 0.5
8799 8809 3.422718218 0.05454356057 0.5
8799 8819 3.398529094 0.05296225071 0.5
8799 8823 0 0 0.5
8800 8803 3.328062499 0.05454356057 0.5
8800 8804 2.979093822 0.02291287847 0.5
8800 8805 2.979093822 0.02291287847 0.5
8800 8810 3.422718218 0.05454356057 0.5
8800 8816 3.422718218 0.05454356057 0.5
8800 8818 3.422718218 0.05454356057 0.5
8801 8809 3.422718218 0.05454356057 0.5
8801 8817 3.422718218 0.05454356057 0.5
8801 9367 3.398529094 0.05296225071 0.5
8802 8808 3.398529094 0.05296225071 0.5
8802 9366 3.398529094 0.05296225071 0.5
8802 9368 2.958039892 0.02224859546 0.5
8802 9369 2.958039892 0.02224859546 0.5
8803 8806 0 0 0.5
8803 9365 3.328062499 0.05454356057 0.5
8803 9370 0 0 0.5
8804 8806 0 0 0.5
8804 9367 2.958039892 0.02224859546 0.5
8805 8806 0 0 0.5
8805 9367 2.958039892 0.02224859546 0.5
8806 8808 0 0 0.5
8808 8811 3.398529094 0.05296225071 0.5
8808 8814 0 0 0.5
8808 8817 3.422718218 0.05454356057 0.5
8809 8812 2.979093822 0.02291287847 0.5
8809 8813 2.979093822 0.02291287847 0.5
8809 8818 3.422718218 0.05454356057 0.5
8810 8817 3.422718218 0.05454356057 0.5
8811 8816 3.398529094 0.05296225071 0.5
8812 8814 0 0 0.5
8813 8814 0 0 0.5
8814 8816 0 0 0.5
8816 8819 3.398529094 0.05296225071 0.5
8816 8823 0 0 0.5
8817 8820 3.328062499 0.05454356057 0.5
8817 8821 2.979093822 0.02291287847 0.5
8817 8822 2.979093822 0.02291287847 0.5
8818 11441 3.398529094 0.05296225071 0.5
8819 11440 3.398529094 0.05296225071 0.5
8819 11442 2.958039892 0.02224859546 0.5
8819 11443 2.958039892 0.02224859546 0.5
8820 8823 0 0 0.5
8820 11439 3.328062499 0.05454356057 0.5
8820 11444 0 0 0.5
8821 8823 0 0 0.5
8821 11441 2.958039892 0.02224859546 0.5
8822 8823 0 0 0.5
8822 11441 2.958039892 0.02224859546 0.5
8825 8828 3.398529094 0.05296225071 0.5
8825 8831 0 0 0.5
8825 8834 3.422718218 0.05454356057 0.5
8825 8844 3.398529094 0.05296225071 0.5
8825 8848 0 0 0.5
8826 8829 2.979093822 0.02291287847 0.5
8826 8830 2.979093822 0.02291287847 0.5
8826 8835 3.422718218 0.05454356057 0.5
8826 8841 3.422718218 0.05454356057 0.5
8826 8843 3.422718218 0.05454356057 0.5
8827 8834 3.422718218 0.05454356057 0.5
8827 8842 3.422718218 0.05454356057 0.5
8828 8833 3.398529094 0.05296225071 0.5
8829 8831 0 0 0.5
8830 8831 0 0 0.5
8831 8833 0 0 0.5
8833 8836 3.398529094 0.05296225071 0.5
8833 8839 0 0 0.5
8833 8842 3.422718218 0.05454356057 0.5
8834 8837 2.979093822 0.02291287847 0.5
8834 8838 2.979093822 0.02291287847 0.5
8834 8843 3.422718218 0.05454356057 0.5
8835 8842 3.422718218 0.05454356057 0.5
8836 8841 3.398529094 0.05296225071 0.5
8837 8839 0 0 0.5
8838 8839 0 0 0.5
8839 8841 0 0 0.5
8841 8844 3.398529094 0.05296225071 0.5
8841 8848 0 0 0.5
8842 8845 3.328062499 0.05454356057 0.5
8842 8846 2.979093822 0.02291287847 0.5
8842 8847 2.979093822 0.02291287847 0.5
8843 10476 3.398529094 0.05296225071 0.5
8844 10475 3.398529094 0.05296225071 0.5
8844 10477 2.958039892 0.02224859546 0.5
8844 10478 2.958039892 0.02224859546 0.5
8845 8848 0 0 0.5
8845 10474 3.328062499 0.05454356057 0.5
8845 10479 0 0 0.5
8846 8848 0 0 0.5
8846 10476 2.958039892 0.02224859546 0.5
8847 8848 0 0 0.5
8847 10476 2.958039892 0.02224859546 0.5
8850 8853 3.398529094 0.05296225071 0.5
8850 8856 0 0 0.5
8850 8859 3.422718218 0.05454356057 0.5
8850 8870 3.398529094 0.05296225071 0.5
8850 8873 0 0 0.5
8851 8854 2.979093822 0.02291287847 0.5
8851 8855 2.979093822 0.02291287847 0.5
8851 8860 3.422718218 0.05454356057 0.5
8851 8867 3.422718218 0.05454356057 0.5
8851 8869 3.422718218 0.05454356057 0.5
8852 8859 3.422718218 0.05454356057 0.5
8852 8868 3.422718218 0.05454356057 0.5
8853 8858 3.398529094 0.05296225071 0.5
8854 8856 0 0 0.5
8855 8856 0 0 0.5
8856 8858 0 0 0.5
8858 8861 3.398529094 0.05296225071 0.5
8858 8865 0 0 0.5
8858 8868 3.422718218 0.05454356057 0.5
8859 8862 3.328062499 0.05454356057 0.5
8859 8863 2.979093822 0.02291287847 0.5
8859 8864 2.979093822 0.02291287847 0.5
8859 8869 3.422718218 0.05454356057 0.5
8860 8868 3.422718218 0.05454356057 0.5
8860 10935 3.398529094 0.05296225071 0.5
8861 8867 3.398529094 0.05296225071 0.5
8861 10934 3.398529094 0.05296225071 0.5
8861 10936 2.958039892 0.02224859546 0.5
8861 10937 2.958039892 0.02224859546 0.5
8862 8865 0 0 0.5
8862 10933 3.328062499 0.05454356057 0.5
8862 10938 0 0 0.5
8863 8865 0 0 0.5
8863 10935 2.958039892 0.02224859546 0.5
8864 8865 0 0 0.5
8864 10935 2.958039892 0.02224859546 0.5
8865 8867 0 0 0.5
8867 8870 3.398529094 0.05296225071 0.5
8867 8873 0 0 0.5
8868 8871 2.979093822 0.02291287847 0.5
8868 8872 2.979093822 0.02291287847 0.5
8871 8873 0 0 0.5
8872 8873 0 0 0.5
8875 8878 3.398529094 0.05296225071 0.5
8875 8883 0 0 0.5
8875 8886 3.422718218 0.05454356057 0.5
8875 8896 3.398529094 0.05296225071 0.5
8875 8899 0 0 0.5
8876 8879 3.328062499 0.05454356057 0.5
8876 8881 2.979093822 0.02291287847 0.5
8876 8882 2.979093822 0.02291287847 0.5
8876 8887 3.422718218 0.05454356057 0.5
8876 8893 3.422718218 0.05454356057 0.5
8876 8895 3.422718218 0.05454356057 0.5
8877 8880 0 0 0.5
8877 8886 3.422718218 0.05454356057 0.5
8877 8894 3.422718218 0.05454356057 0.5
8878 8885 3.398529094 0.05296225071 0.5
8879 8883 0 0 0.5
8880 8881 0 0 0.5
8880 8882 0 0 0.5
8881 8883 0 0 0.5
8882 8883 0 0 0.5
8883 8885 0 0 0.5
8885 8888 3.398529094 0.05296225071 0.5
8885 8891 0 0 0.5
8885 8894 3.422718218 0.05454356057 0.5
8886 8889 2.979093822 0.02291287847 0.5
8886 8890 2.979093822 0.02291287847 0.5
8886 8895 3.422718218 0.05454356057 0.5
8887 8894 3.422718218 0.05454356057 0.5
8888 8893 3.398529094 0.05296225071 0.5
8889 8891 0 0 0.5
8890 8891 0 0 0.5
8891 8893 0 0 0.5
8893 8896 3.398529094 0.05296225071 0.5
8893 8899 0 0 0.5
8894 8897 2.979093822 0.02291287847 0.5
8894 8898 2.979093822 0.02291287847 0.5
8897 8899 0 0 0.5
8898 8899 0 0 0.5
8901 8904 3.398529094 0.05296225071 0.5
8901 8907 0 0 0.5
8901 8910 3.422718218 0.05454356057 0.5
8901 8921 3.398529094 0.05296225071 0.5
8901 8924 0 0 0.5
8902 8905 2.979093822 0.02291287847 0.5
8902 8906 2.979093822 0.02291287847 0.5
8902 8911 3.422718218 0.05454356057 0.5
8902 8918 3.422718218 0.05454356057 0.5
8902 8920 3.422718218 0.05454356057 0.5
8903 8910 3.422718218 0.05454356057 0.5
8903 8919 3.422718218 0.05454356057 0.5
8904 8909 3.398529094 0.05296225071 0.5
8905 8907 0 0 0.5
8906 8907 0 0 0.5
8907 8909 0 0 0.5
8909 8912 3.398529094 0.05296225071 0.5
8909 8916 0 0 0.5
8909 8919 3.422718218 0.05454356057 0.5
8910 8913 3.328062499 0.05454356057 0.5
8910 8914 2.979093822 0.02291287847 0.5
8910 8915 2.979093822 0.02291287847 0.5
8910 8920 3.422718218 0.05454356057 0.5
8911 8919 3.422718218 0.05454356057 0.5
8911 9459 3.398529094 0.05296225071 0.5
8912 8918 3.398529094 0.05296225071 0.5
8912 9458 3.398529094 0.05296225071 0.5
8912 9460 2.958039892 0.02224859546 0.5
8912 9461 2.958039892 0.02224859546 0.5
8913 8916 0 0 0.5
8913 9457 3.328062499 0.05454356057 0.5
8913 9462 0 0 0.5
8914 8916 0 0 0.5
8914 9459 2.958039892 0.02224859546 0.5
8915 8916 0 0 0.5
8915 9459 2.958039892 0.02224859546 0.5
8916 8918 0 0 0.5
8918 8921 3.398529094 0.05296225071 0.5
8918 8924 0 0 0.5
8919 8922 2.979093822 0.02291287847 0.5
8919 8923 2.979093822 0.02291287847 0.5
8922 8924 0 0 0.5
8923 8924 0 0 0.5
8926 8929 3.398529094 0.05296225071 0.5
8926 8934 0 0 0.5
8926 8937 3.422718218 0.05454356057 0.5
8926 8948 3.398529094 0.05296225071 0.5
8926 8951 0 0 0.5
8927 8930 3.328062499 0.05454356057 0.5
8927 8932 2.979093822 0.02291287847 0.5
8927 8933 2.979093822 0.02291287847 0.5
8927 8938 3.422718218 0.05454356057 0.5
8927 8945 3.422718218 0.05454356057 0.5
8927 8947 3.422718218 0.05454356057 0.5
8928 8931 0 0 0.5
8928 8937 3.422718218 0.05454356057 0.5
8928 8946 3.422718218 0.05454356057 0.5
8929 8936 3.398529094 0.05296225071 0.5
8930 8934 0 0 0.5
8931 8932 0 0 0.5
8931 8933 0 0 0.5
8932 8934 0 0 0.5
8933 8934 0 0 0.5
8934 8936 0 0 0.5
8936 8939 3.398529094 0.05296225071 0.5
8936 8943 0 0 0.5
8936 8946 3.422718218 0.05454356057 0.5
8937 8940 3.328062499 0.05454356057 0.5
8937 8941 2.979093822 0.02291287847 0.5
8937 8942 2.979093822 0.02291287847 0.5
8937 8947 3.422718218 0.05454356057 0.5
8938 8946 3.422718218 0.05454356057 0.5
8938 11751 3.398529094 0.05296225071 0.5
8939 8945 3.398529094 0.05296225071 0.5
8939 11750 3.398529094 0.05296225071 0.5
8939 11752 2.958039892 0.02224859546 0.5
8939 11753 2.958039892 0.02224859546 0.5
8940 8943 0 0 0.5
8940 11749 3.328062499 0.05454356057 0.5
8940 11754 0 0 0.5
8941 8943 0 0 0.5
8941 11751 2.958039892 0.02224859546 0.5
8942 8943 0 0 0.5
8942 11751 2.958039892 0.02224859546 0.5
8943 8945 0 0 0.5
8945 8948 3.398529094 0.05296225071 0.5
8945 8951 0 0 0.5
8946 8949 2.979093822 0.02291287847 0.5
8946 8950 2.979093822 0.02291287847 0.5
8949 8951 0 0 0.5
8950 8951 0 0 0.5
8953 8956 3.398529094 0.05296225071 0.5
8953 8960 0 0 0.5
8953 8963 3.422718218 0.05454356057 0.5
8953 8974 3.398529094 0.05296225071 0.5
8953 8977 0 0 0.5
8954 8957 3.328062499 0.05454356057 0.5
8954 8958 2.979093822 0.02291287847 0.5
8954 8959 2.979093822 0.02291287847 0.5
8954 8964 3.422718218 0.05454356057 0.5
8954 8971 3.422718218 0.05454356057 0.5
8954 8973 3.422718218 0.05454356057 0.5
8955 8963 3.422718218 0.05454356057 0.5
8955 8972 3.422718218 0.05454356057 0.5
8955 10086 3.398529094 0.05296225071 0.5
8956 8962 3.398529094 0.05296225071 0.5
8956 10085 3.398529094 0.05296225071 0.5
8956 10087 2.958039892 0.02224859546 0.5
8956 10088 2.958039892 0.02224859546 0.5
8957 8960 0 0 0.5
8957 10084 3.328062499 0.05454356057 0.5
8957 10089 0 0 0.5
8958 8960 0 0 0.5
8958 10086 2.958039892 0.02224859546 0.5
8959 8960 0 0 0.5
8959 10086 2.958039892 0.02224859546 0.5
8960 8962 0 0 0.5
8962 8965 3.398529094 0.05296225071 0.5
8962 8969 0 0 0.5
8962 8972 3.422718218 0.05454356057 0.5
8963 8966 3.328062499 0.05454356057 0.5
8963 8967 2.979093822 0.02291287847 0.5
8963 8968 2.979093822 0.02291287847 0.5
8963 8973 3.422718218 0.05454356057 0.5
8964 8972 3.422718218 0.05454356057 0.5
8964 10183 3.398529094 0.05296225071 0.5
8965 8971 3.398529094 0.05296225071 0.5
8965 10182 3.398529094 0.05296225071 0.5
8965 10184 2.958039892 0.02224859546 0.5
8965 10185 2.958039892 0.02224859546 0.5
8966 8969 0 0 0.5
8966 10181 3.328062499 0.05454356057 0.5
8966 10186 0 0 0.5
8967 8969 0 0 0.5
8967 10183 2.958039892 0.02224859546 0.5
8968 8969 0 0 0.5
8968 10183 2.958039892 0.02224859546 0.5
8969 8971 0 0 0.5
8971 8974 3.398529094 0.05296225071 0.5
8971 8977 0 0 0.5
8972 8975 2.979093822 0.02291287847 0.5
8972 8976 2.979093822 0.02291287847 0.5
8975 8977 0 0 0.5
8976 8977 0 0 0.5
8979 8982 3.398529094 0.05296225071 0.5
8979 8985 0 0 0.5
8979 8988 3.422718218 0.05454356057 0.5
8979 8998 3.398529094 0.05296225071 0.5
8979 9001 0 0 0.5
8980 8983 2.979093822 0.02291287847 0.5
8980 8984 2.979093822 0.02291287847 0.5
8980 8989 3.422718218 0.05454356057 0.5
8980 8995 3.422718218 0.05454356057 0.5
8980 8997 3.422718218 0.05454356057 0.5
8981 8988 3.422718218 0.05454356057 0.5
8981 8996 3.422718218 0.05454356057 0.5
8982 8987 3.398529094 0.05296225071 0.5
8983 8985 0 0 0.5
8984 8985 0 0 0.5
8985 8987 0 0 0.5
8987 8990 3.398529094 0.05296225071 0.5
8987 8993 0 0 0.5
8987 8996 3.422718218 0.05454356057 0.5
8988 8991 2.979093822 0.02291287847 0.5
8988 8992 2.979093822 0.02291287847 0.5
8988 8997 3.422718218 0.05454356057 0.5
8989 8996 3.422718218 0.05454356057 0.5
8990 8995 3.398529094 0.05296225071 0.5
8991 8993 0 0 0.5
8992 8993 0 0 0.5
8993 8995 0 0 0.5
8995 8998 3.398529094 0.05296225071 0.5
8995 9001 0 0 0.5
8996 8999 2.979093822 0.02291287847 0.5
8996 9000 2.979093822 0.02291287847 0.5
8999 9001 0 0 0.5
9000 9001 0 0 0.5
9003 9006 3.398529094 0.05296225071 0.5
9003 9011 0 0 0.5
9003 9014 3.422718218 0.05454356057 0.5
9003 9024 3.398529094 0.05296225071 0.5
9003 9027 0 0 0.5
9004 9007 3.328062499 0.05454356057 0.5
9004 9009 2.979093822 0.02291287847 0.5
9004 9010 2.979093822 0.02291287847 0.5
9004 9015 3.422718218 0.05454356057 0.5
9004 9021 3.422718218 0.05454356057 0.5
9004 9023 3.422718218 0.05454356057 0.5
9005 9008 0 0 0.5
9005 9014 3.422718218 0.05454356057 0.5
9005 9022 3.422718218 0.05454356057 0.5
9006 9013 3.398529094 0.05296225071 0.5
9007 9011 0 0 0.5
9008 9009 0 0 0.5
9008 9010 0 0 0.5
9009 9011 0 0 0.5
9010 9011 0 0 0.5
9011 9013 0 0 0.5
9013 9016 3.398529094 0.05296225071 0.5
9013 9019 0 0 0.5
9013 9022 3.422718218 0.05454356057 0.5
9014 9017 2.979093822 0.02291287847 0.5
9014 9018 2.979093822 0.02291287847 0.5
9014 9023 3.422718218 0.05454356057 0.5
9015 9022 3.422718218 0.05454356057 0.5
9016 9021 3.398529094 0.05296225071 0.5
9017 9019 0 0 0.5
9018 9019 0 0 0.5
9019 9021 0 0 0.5
9021 9024 3.398529094 0.05296225071 0.5
9021 9027 0 0 0.5
9022 9025 2.979093822 0.02291287847 0.5
9022 9026 2.979093822 0.02291287847 0.5
9025 9027 0 0 0.5
9026 9027 0 0 0.5
9029 9032 3.398529094 0.05296225071 0.5
9029 9035 0 0 0.5
9029 9038 3.422718218 0.05454356057 0.5
9029 9049 3.398529094 0.05296225071 0.5
9029 9052 0 0 0.5
9030 9033 2.979093822 0.02291287847 0.5
9030 9034 2.979093822 0.02291287847 0.5
9030 9039 3.422718218 0.05454356057 0.5
9030 9046 3.422718218 0.05454356057 0.5
9030 9048 3.422718218 0.05454356057 0.5
9031 9038 3.422718218 0.05454356057 0.5
9031 9047 3.422718218 0.05454356057 0.5
9032 9037 3.398529094 0.05296225071 0.5
9033 9035 0 0 0.5
9034 9035 0 0 0.5
9035 9037 0 0 0.5
9037 9040 3.398529094 0.05296225071 0.5
9037 9044 0 0 0.5
9037 9047 3.422718218 0.05454356057 0.5
9038 9041 3.328062499 0.05454356057 0.5
9038 9042 2.979093822 0.02291287847 0.5
9038 9043 2.979093822 0.02291287847 0.5
9038 9048 3.422718218 0.05454356057 0.5
9039 9047 3.422718218 0.05454356057 0.5
9039 12602 3.398529094 0.05296225071 0.5
9040 9046 3.398529094 0.05296225071 0.5
9040 12601 3.398529094 0.05296225071 0.5
9040 12603 2.958039892 0.02224859546 0.5
9040 12604 2.958039892 0.02224859546 0.5
9041 9044 0 0 0.5
9041 12600 3.328062499 0.05454356057 0.5
9041 12605 0 0 0.5
9042 9044 0 0 0.5
9042 12602 2.958039892 0.02224859546 0.5
9043 9044 0 0 0.5
9043 12602 2.958039892 0.02224859546 0.5
9044 9046 0 0 0.5
9046 9049 3.398529094 0.05296225071 0.5
9046 9052 0 0 0.5
9047 9050 2.979093822 0.02291287847 0.5
9047 9051 2.979093822 0.02291287847 0.5
9050 9052 0 0 0.5
9051 9052 0 0 0.5
9054 9057 3.398529094 0.05296225071 0.5
9054 9060 0 0 0.5
9054 9063 3.422718218 0.05454356057 0.5
9054 9073 3.398529094 0.05296225071 0.5
9054 9076 0 0 0.5
9055 9058 2.979093822 0.02291287847 0.5
9055 9059 2.979093822 0.02291287847 0.5
9055 9064 3.422718218 0.05454356057 0.5
9055 9070 3.422718218 0.05454356057 0.5
9055 9072 3.422718218 0.05454356057 0.5
9056 9063 3.422718218 0.05454356057 0.5
9056 9071 3.422718218 0.05454356057 0.5
9057 9062 3.398529094 0.05296225071 0.5
9058 9060 0 0 0.5
9059 9060 0 0 0.5
9060 9062 0 0 0.5
9062 9065 3.398529094 0.05296225071 0.5
9062 9068 0 0 0.5
9062 9071 3.422718218 0.05454356057 0.5
9063 9066 2.979093822 0.02291287847 0.5
9063 9067 2.979093822 0.02291287847 0.5
9063 9072 3.422718218 0.05454356057 0.5
9064 9071 3.422718218 0.05454356057 0.5
9065 9070 3.398529094 0.05296225071 0.5
9066 9068 0 0 0.5
9067 9068 0 0 0.5
9068 9070 0 0 0.5
9070 9073 3.398529094 0.05296225071 0.5
9070 9076 0 0 0.5
9071 9074 2.979093822 0.02291287847 0.5
9071 9075 2.979093822 0.02291287847 0.5
9074 9076 0 0 0.5
9075 9076 0 0 0.5
9078 9081 3.398529094 0.05296225071 0.5
9078 9084 0 0 0.5
9078 9087 3.422718218 0.05454356057 0.5
9078 9097 3.398529094 0.05296225071 0.5
9078 9101 0 0 0.5
9079 9082 2.979093822 0.02291287847 0.5
9079 9083 2.979093822 0.02291287847 0.5
9079 9088 3.422718218 0.05454356057 0.5
9079 9094 3.422718218 0.05454356057 0.5
9079 9096 3.422718218 0.05454356057 0.5
9080 9087 3.422718218 0.05454356057 0.5
9080 9095 3.422718218 0.05454356057 0.5
9081 9086 3.398529094 0.05296225071 0.5
9082 9084 0 0 0.5
9083 9084 0 0 0.5
9084 9086 0 0 0.5
9086 9089 3.398529094 0.05296225071 0.5
9086 9092 0 0 0.5
9086 9095 3.422718218 0.05454356057 0.5
9087 9090 2.979093822 0.02291287847 0.5
9087 9091 2.979093822 0.02291287847 0.5
9087 9096 3.422718218 0.05454356057 0.5
9088 9095 3.422718218 0.05454356057 0.5
9089 9094 3.398529094 0.05296225071 0.5
9090 9092 0 0 0.5
9091 9092 0 0 0.5
9092 9094 0 0 0.5
9094 9097 3.398529094 0.05296225071 0.5
9094 9101 0 0 0.5
9095 9098 3.328062499 0.05454356057 0.5
9095 9099 2.979093822 0.02291287847 0.5
9095 9100 2.979093822 0.02291287847 0.5
9096 12772 3.398529094 0.05296225071 0.5
9097 12771 3.398529094 0.05296225071 0.5
9097 12773 2.958039892 0.02224859546 0.5
9097 12774 2.958039892 0.02224859546 0.5
9098 9101 0 0 0.5
9098 12770 3.328062499 0.05454356057 0.5
9098 12775 0 0 0.5
9099 9101 0 0 0.5
9099 12772 2.958039892 0.02224859546 0.5
9100 9101 0 0 0.5
9100 12772 2.958039892 0.02224859546 0.5
9103 9106 3.398529094 0.05296225071 0.5
9103 9109 0 0 0.5
9103 9112 3.422718218 0.05454356057 0.5
9103 9122 3.398529094 0.05296225071 0.5
9103 9126 0 0 0.5
9104 9107 2.979093822 0.02291287847 0.5
9104 9108 2.979093822 0.02291287847 0.5
9104 9113 3.422718218 0.05454356057 0.5
9104 9119 3.422718218 0.05454356057 0.5
9104 9121 3.422718218 0.05454356057 0.5
9105 9112 3.422718218 0.05454356057 0.5
9105 9120 3.422718218 0.05454356057 0.5
9106 9111 3.398529094 0.05296225071 0.5
9107 9109 0 0 0.5
9108 9109 0 0 0.5
9109 9111 0 0 0.5
9111 9114 3.398529094 0.05296225071 0.5
9111 9117 0 0 0.5
9111 9120 3.422718218 0.05454356057 0.5
9112 9115 2.979093822 0.02291287847 0.5
9112 9116 2.979093822 0.02291287847 0.5
9112 9121 3.422718218 0.05454356057 0.5
9113 9120 3.422718218 0.05454356057 0.5
9114 9119 3.398529094 0.05296225071 0.5
9115 9117 0 0 0.5
9116 9117 0 0 0.5
9117 9119 0 0 0.5
9119 9122 3.398529094 0.05296225071 0.5
9119 9126 0 0 0.5
9120 9123 3.328062499 0.05454356057 0.5
9120 9124 2.979093822 0.02291287847 0.5
9120 9125 2.979093822 0.02291287847 0.5
9121 11956 3.398529094 0.05296225071 0.5
9122 11955 3.398529094 0.05296225071 0.5
9122 11957 2.958039892 0.02224859546 0.5
9122 11958 2.958039892 0.02224859546 0.5
9123 9126 0 0 0.5
9123 11954 3.328062499 0.05454356057 0.5
9123 11959 0 0 0.5
9124 9126 0 0 0.5
9124 11956 2.958039892 0.02224859546 0.5
9125 9126 0 0 0.5
9125 11956 2.958039892 0.02224859546 0.5
9128 9131 3.398529094 0.05296225071 0.5
9128 9134 0 0 0.5
9128 9137 3.422718218 0.05454356057 0.5
9128 9149 3.398529094 0.05296225071 0.5
9128 9154 0 0 0.5
9129 9132 2.979093822 0.02291287847 0.5
9129 9133 2.979093822 0.02291287847 0.5
9129 9138 3.422718218 0.05454356057 0.5
9129 9146 3.422718218 0.05454356057 0.5
9129 9148 3.422718218 0.05454356057 0.5
9130 9137 3.422718218 0.05454356057 0.5
9130 9147 3.422718218 0.05454356057 0.5
9131 9136 3.398529094 0.05296225071 0.5
9132 9134 0 0 0.5
9133 9134 0 0 0.5
9134 9136 0 0 0.5
9136 9139 3.398529094 0.05296225071 0.5
9136 9144 0 0 0.5
9136 9147 3.422718218 0.05454356057 0.5
9137 9140 3.328062499 0.05454356057 0.5
9137 9142 2.979093822 0.02291287847 0.5
9137 9143 2.979093822 0.02291287847 0.5
9137 9148 3.422718218 0.05454356057 0.5
9138 9141 0 0 0.5
9138 9147 3.422718218 0.05454356057 0.5
9139 9146 3.398529094 0.05296225071 0.5
9140 9144 0 0 0.5
9141 9142 0 0 0.5
9141 9143 0 0 0.5
9142 9144 0 0 0.5
9143 9144 0 0 0.5
9144 9146 0 0 0.5
9146 9149 3.398529094 0.05296225071 0.5
9146 9154 0 0 0.5
9147 9150 3.328062499 0.05454356057 0.5
9147 9152 2.979093822 0.02291287847 0.5
9147 9153 2.979093822 0.02291287847 0.5
9148 9151 0 0 0.5
9150 9154 0 0 0.5
9151 9152 0 0 0.5
9151 9153 0 0 0.5
9152 9154 0 0 0.5
9153 9154 0 0 0.5
9156 9159 3.398529094 0.05296225071 0.5
9156 9163 0 0 0.5
9156 9166 3.422718218 0.05454356057 0.5
9156 9176 3.398529094 0.05296225071 0.5
9156 9179 0 0 0.5
9157 9160 3.328062499 0.05454356057 0.5
9157 9161 2.979093822 0.02291287847 0.5
9157 9162 2.979093822 0.02291287847 0.5
9157 9167 3.422718218 0.05454356057 0.5
9157 9173 3.422718218 0.05454356057 0.5
9157 9175 3.422718218 0.05454356057 0.5
9158 9166 3.422718218 0.05454356057 0.5
9158 9174 3.422718218 0.05454356057 0.5
9158 12502 3.398529094 0.05296225071 0.5
9159 9165 3.398529094 0.05296225071 0.5
9159 12501 3.398529094 0.05296225071 0.5
9159 12503 2.958039892 0.02224859546 0.5
9159 12504 2.958039892 0.02224859546 0.5
9160 9163 0 0 0.5
9160 12500 3.328062499 0.05454356057 0.5
9160 12505 0 0 0.5
9161 9163 0 0 0.5
9161 12502 2.958039892 0.02224859546 0.5
9162 9163 0 0 0.5
9162 12502 2.958039892 0.02224859546 0.5
9163 9165 0 0 0.5
9165 9168 3.398529094 0.05296225071 0.5
9165 9171 0 0 0.5
9165 9174 3.422718218 0.05454356057 0.5
9166 9169 2.979093822 0.02291287847 0.5
9166 9170 2.979093822 0.02291287847 0.5
9166 9175 3.422718218 0.05454356057 0.5
9167 9174 3.422718218 0.05454356057 0.5
9168 9173 3.398529094 0.05296225071 0.5
9169 9171 0 0 0.5
9170 9171 0 0 0.5
9171 9173 0 0 0.5
9173 9176 3.398529094 0.05296225071 0.5
9173 9179 0 0 0.5
9174 9177 2.979093822 0.02291287847 0.5
9174 9178 2.979093822 0.02291287847 0.5
9177 9179 0 0 0.5
9178 9179 0 0 0.5
9181 9184 3.398529094 0.05296225071 0.5
9181 9187 0 0 0.5
9181 9190 3.422718218 0.05454356057 0.5
9181 9200 3.398529094 0.05296225071 0.5
9181 9203 0 0 0.5
9182 9185 2.979093822 0.02291287847 0.5
9182 9186 2.979093822 0.02291287847 0.5
9182 9191 3.422718218 0.05454356057 0.5
9182 9197 3.422718218 0.05454356057 0.5
9182 9199 3.422718218 0.05454356057 0.5
9183 9190 3.422718218 0.05454356057 0.5
9183 9198 3.422718218 0.05454356057 0.5
9184 9189 3.398529094 0.05296225071 0.5
9185 9187 0 0 0.5
9186 9187 0 0 0.5
9187 9189 0 0 0.5
9189 9192 3.398529094 0.05296225071 0.5
9189 9195 0 0 0.5
9189 9198 3.422718218 0.05454356057 0.5
9190 9193 2.979093822 0.02291287847 0.5
9190 9194 2.979093822 0.02291287847 0.5
9190 9199 3.422718218 0.05454356057 0.5
9191 9198 3.422718218 0.05454356057 0.5
9192 9197 3.398529094 0.05296225071 0.5
9193 9195 0 0 0.5
9194 9195 0 0 0.5
9195 9197 0 0 0.5
9197 9200 3.398529094 0.05296225071 0.5
9197 9203 0 0 0.5
9198 9201 2.979093822 0.02291287847 0.5
9198 9202 2.979093822 0.02291287847 0.5
9201 9203 0 0 0.5
9202 9203 0 0 0.5
9205 9208 3.398529094 0.05296225071 0.5
9205 9212 0 0 0.5
9205 9215 3.422718218 0.05454356057 0.5
9205 9225 3.398529094 0.05296225071 0.5
9205 9228 0 0 0.5
9206 9209 3.328062499 0.05454356057 0.5
9206 9210 2.979093822 0.02291287847 0.5
9206 9211 2.979093822 0.02291287847 0.5
9206 9216 3.422718218 0.05454356057 0.5
9206 9222 3.422718218 0.05454356057 0.5
9206 9224 3.422718218 0.05454356057 0.5
9207 9215 3.422718218 0.05454356057 0.5
9207 9223 3.422718218 0.05454356057 0.5
9207 11719 3.398529094 0.05296225071 0.5
9208 9214 3.398529094 0.05296225071 0.5
9208 11718 3.398529094 0.05296225071 0.5
9208 11720 2.958039892 0.02224859546 0.5
9208 11721 2.958039892 0.02224859546 0.5
9209 9212 0 0 0.5
9209 11717 3.328062499 0.05454356057 0.5
9209 11722 0 0 0.5
9210 9212 0 0 0.5
9210 11719 2.958039892 0.02224859546 0.5
9211 9212 0 0 0.5
9211 11719 2.958039892 0.02224859546 0.5
9212 9214 0 0 0.5
9214 9217 3.398529094 0.05296225071 0.5
9214 9220 0 0 0.5
9214 9223 3.422718218 0.05454356057 0.5
9215 9218 2.979093822 0.02291287847 0.5
9215 9219 2.979093822 0.02291287847 0.5
9215 9224 3.422718218 0.05454356057 0.5
9216 9223 3.422718218 0.05454356057 0.5
9217 9222 3.398529094 0.05296225071 0.5
9218 9220 0 0 0.5
9219 9220 0 0 0.5
9220 9222 0 0 0.5
9222 9225 3.398529094 0.05296225071 0.5
9222 9228 0 0 0.5
9223 9226 2.979093822 0.02291287847 0.5
9223 9227 2.979093822 0.02291287847 0.5
9226 9228 0 0 0.5
9227 9228 0 0 0.5
9230 9233 3.398529094 0.05296225071 0.5
9230 9236 0 0 0.5
9230 9239 3.422718218 0.05454356057 0.5
9230 9250 3.398529094 0.05296225071 0.5
9230 9253 0 0 0.5
9231 9234 2.979093822 0.02291287847 0.5
9231 9235 2.979093822 0.02291287847 0.5
9231 9240 3.422718218 0.05454356057 0.5
9231 9247 3.422718218 0.05454356057 0.5
9231 9249 3.422718218 0.05454356057 0.5
9232 9239 3.422718218 0.05454356057 0.5
9232 9248 3.422718218 0.05454356057 0.5
9233 9238 3.398529094 0.05296225071 0.5
9234 9236 0 0 0.5
9235 9236 0 0 0.5
9236 9238 0 0 0.5
9238 9241 3.398529094 0.05296225071 0.5
9238 9245 0 0 0.5
9238 9248 3.422718218 0.05454356057 0.5
9239 9242 3.328062499 0.05454356057 0.5
9239 9243 2.979093822 0.02291287847 0.5
9239 9244 2.979093822 0.02291287847 0.5
9239 9249 3.422718218 0.05454356057 0.5
9240 9248 3.422718218 0.05454356057 0.5
9240 10452 3.398529094 0.05296225071 0.5
9241 9247 3.398529094 0.05296225071 0.5
9241 10451 3.398529094 0.05296225071 0.5
9241 10453 2.958039892 0.02224859546 0.5
9241 10454 2.958039892 0.02224859546 0.5
9242 9245 0 0 0.5
9242 10450 3.328062499 0.05454356057 0.5
9242 10455 0 0 0.5
9243 9245 0 0 0.5
9243 10452 2.958039892 0.02224859546 0.5
9244 9245 0 0 0.5
9244 10452 2.958039892 0.02224859546 0.5
9245 9247 0 0 0.5
9247 9250 3.398529094 0.05296225071 0.5
9247 9253 0 0 0.5
9248 9251 2.979093822 0.02291287847 0.5
9248 9252 2.979093822 0.02291287847 0.5
9251 9253 0 0 0.5
9252 9253 0 0 0.5
9255 9258 3.398529094 0.05296225071 0.5
9255 9261 0 0 0.5
9255 9264 3.422718218 0.05454356057 0.5
9255 9274 3.398529094 0.05296225071 0.5
9255 9277 0 0 0.5
9256 9259 2.979093822 0.02291287847 0.5
9256 9260 2.979093822 0.02291287847 0.5
9256 9265 3.422718218 0.05454356057 0.5
9256 9271 3.422718218 0.05454356057 0.5
9256 9273 3.422718218 0.05454356057 0.5
9257 9264 3.422718218 0.05454356057 0.5
9257 9272 3.422718218 0.05454356057 0.5
9258 9263 3.398529094 0.05296225071 0.5
9259 9261 0 0 0.5
9260 9261 0 0 0.5
9261 9263 0 0 0.5
9263 9266 3.398529094 0.05296225071 0.5
9263 9269 0 0 0.5
9263 9272 3.422718218 0.05454356057 0.5
9264 9267 2.979093822 0.02291287847 0.5
9264 9268 2.979093822 0.02291287847 0.5
9264 9273 3.422718218 0.05454356057 0.5
9265 9272 3.422718218 0.05454356057 0.5
9266 9271 3.398529094 0.05296225071 0.5
9267 9269 0 0 0.5
9268 9269 0 0 0.5
9269 9271 0 0 0.5
9271 9274 3.398529094 0.05296225071 0.5
9271 9277 0 0 0.5
9272 9275 2.979093822 0.02291287847 0.5
9272 9276 2.979093822 0.02291287847 0.5
9275 9277 0 0 0.5
9276 9277 0 0 0.5
9279 9282 3.398529094 0.05296225071 0.5
9279 9285 0 0 0.5
9279 9288 3.422718218 0.05454356057 0.5
9279 9298 3.398529094 0.05296225071 0.5
9279 9303 0 0 0.5
9280 9283 2.979093822 0.02291287847 0.5
9280 9284 2.979093822 0.02291287847 0.5
9280 9289 3.422718218 0.05454356057 0.5
9280 9295 3.422718218 0.05454356057 0.5
9280 9297 3.422718218 0.05454356057 0.5
9281 9288 3.422718218 0.05454356057 0.5
9281 9296 3.422718218 0.05454356057 0.5
9282 9287 3.398529094 0.05296225071 0.5
9283 9285 0 0 0.5
9284 9285 0 0 0.5
9285 9287 0 0 0.5
9287 9290 3.398529094 0.05296225071 0.5
9287 9293 0 0 0.5
9287 9296 3.422718218 0.05454356057 0.5
9288 9291 2.979093822 0.02291287847 0.5
9288 9292 2.979093822 0.02291287847 0.5
9288 9297 3.422718218 0.05454356057 0.5
9289 9296 3.422718218 0.05454356057 0.5
9290 9295 3.398529094 0.05296225071 0.5
9291 9293 0 0 0.5
9292 9293 0 0 0.5
9293 9295 0 0 0.5
9295 9298 3.398529094 0.05296225071 0.5
9295 9303 0 0 0.5
9296 9299 3.328062499 0.05454356057 0.5
9296 9301 2.979093822 0.02291287847 0.5
9296 9302 2.979093822 0.02291287847 0.5
9297 9300 0 0 0.5
9299 9303 0 0 0.5
9300 9301 0 0 0.5
9300 9302 0 0 0.5
9301 9303 0 0 0.5
9302 9303 0 0 0.5
9305 9308 3.398529094 0.05296225071 0.5
9305 9311 0 0 0.5
9305 9314 3.422718218 0.05454356057 0.5
9305 9325 3.398529094 0.05296225071 0.5
9305 9329 0 0 0.5
9306 9309 2.979093822 0.02291287847 0.5
9306 9310 2.979093822 0.02291287847 0.5
9306 9315 3.422718218 0.05454356057 0.5
9306 9322 3.422718218 0.05454356057 0.5
9306 9324 3.422718218 0.05454356057 0.5
9307 9314 3.422718218 0.05454356057 0.5
9307 9323 3.422718218 0.05454356057 0.5
9308 9313 3.398529094 0.05296225071 0.5
9309 9311 0 0 0.5
9310 9311 0 0 0.5
9311 9313 0 0 0.5
9313 9316 3.398529094 0.05296225071 0.5
9313 9320 0 0 0.5
9313 9323 3.422718218 0.05454356057 0.5
9314 9317 3.328062499 0.05454356057 0.5
9314 9318 2.979093822 0.02291287847 0.5
9314 9319 2.979093822 0.02291287847 0.5
9314 9324 3.422718218 0.05454356057 0.5
9315 9323 3.422718218 0.05454356057 0.5
9315 9970 3.398529094 0.05296225071 0.5
9316 9322 3.398529094 0.05296225071 0.5
9316 9969 3.398529094 0.05296225071 0.5
9316 9971 2.958039892 0.02224859546 0.5
9316 9972 2.958039892 0.02224859546 0.5
9317 9320 0 0 0.5
9317 9968 3.328062499 0.05454356057 0.5
9317 9973 0 0 0.5
9318 9320 0 0 0.5
9318 9970 2.958039892 0.02224859546 0.5
9319 9320 0 0 0.5
9319 9970 2.958039892 0.02224859546 0.5
9320 9322 0 0 0.5
9322 9325 3.398529094 0.05296225071 0.5
9322 9329 0 0 0.5
9323 9326 3.328062499 0.05454356057 0.5
9323 9327 2.979093822 0.02291287847 0.5
9323 9328 2.979093822 0.02291287847 0.5
9324 9672 3.398529094 0.05296225071 0.5
9325 9671 3.398529094 0.05296225071 0.5
9325 9673 2.958039892 0.02224859546 0.5
9325 9674 2.958039892 0.02224859546 0.5
9326 9329 0 0 0.5
9326 9670 3.328062499 0.05454356057 0.5
9326 9675 0 0 0.5
9327 9329 0 0 0.5
9327 9672 2.958039892 0.02224859546 0.5
9328 9329 0 0 0.5
9328 9672 2.958039892 0.02224859546 0.5
9331 9334 3.398529094 0.05296225071 0.5
9331 9337 0 0 0.5
9331 9340 3.422718218 0.05454356057 0.5
9331 9350 3.398529094 0.05296225071 0.5
9331 9354 0 0 0.5
9332 9335 2.979093822 0.02291287847 0.5
9332 9336 2.979093822 0.02291287847 0.5
9332 9341 3.422718218 0.05454356057 0.5
9332 9347 3.422718218 0.05454356057 0.5
9332 9349 3.422718218 0.05454356057 0.5
9333 9340 3.422718218 0.05454356057 0.5
9333 9348 3.422718218 0.05454356057 0.5
9334 9339 3.398529094 0.05296225071 0.5
9335 9337 0 0 0.5
9336 9337 0 0 0.5
9337 9339 0 0 0.5
9339 9342 3.398529094 0.05296225071 0.5
9339 9345 0 0 0.5
9339 9348 3.422718218 0.05454356057 0.5
9340 9343 2.979093822 0.02291287847 0.5
9340 9344 2.979093822 0.02291287847 0.5
9340 9349 3.422718218 0.05454356057 0.5
9341 9348 3.422718218 0.05454356057 0.5
9342 9347 3.398529094 0.05296225071 0.5
9343 9345 0 0 0.5
9344 9345 0 0 0.5
9345 9347 0 0 0.5
9347 9350 3.398529094 0.05296225071 0.5
9347 9354 0 0 0.5
9348 9351 3.328062499 0.05454356057 0.5
9348 9352 2.979093822 0.02291287847 0.5
9348 9353 2.979093822 0.02291287847 0.5
9349 11328 3.398529094 0.05296225071 0.5
9350 11327 3.398529094 0.05296225071 0.5
9350 11329 2.958039892 0.02224859546 0.5
9350 11330 2.958039892 0.02224859546 0.5
9351 9354 0 0 0.5
9351 11326 3.328062499 0.05454356057 0.5
9351 11331 0 0 0.5
9352 9354 0 0 0.5
9352 11328 2.958039892 0.02224859546 0.5
9353 9354 0 0 0.5
9353 11328 2.958039892 0.02224859546 0.5
9356 9359 3.398529094 0.05296225071 0.5
9356 9362 0 0 0.5
9356 9365 3.422718218 0.05454356057 0.5
9356 9375 3.398529094 0.05296225071 0.5
9356 9380 0 0 0.5
9357 9360 2.979093822 0.02291287847 0.5
9357 9361 2.979093822 0.02291287847 0.5
9357 9366 3.422718218 0.05454356057 0.5
9357 9372 3.422718218 0.05454356057 0.5
9357 9374 3.422718218 0.05454356057 0.5
9358 9365 3.422718218 0.05454356057 0.5
9358 9373 3.422718218 0.05454356057 0.5
9359 9364 3.398529094 0.05296225071 0.5
9360 9362 0 0 0.5
9361 9362 0 0 0.5
9362 9364 0 0 0.5
9364 9367 3.398529094 0.05296225071 0.5
9364 9370 0 0 0.5
9364 9373 3.422718218 0.05454356057 0.5
9365 9368 2.979093822 0.02291287847 0.5
9365 9369 2.979093822 0.02291287847 0.5
9365 9374 3.422718218 0.05454356057 0.5
9366 9373 3.422718218 0.05454356057 0.5
9367 9372 3.398529094 0.05296225071 0.5
9368 9370 0 0 0.5
9369 9370 0 0 0.5
9370 9372 0 0 0.5
9372 9375 3.398529094 0.05296225071 0.5
9372 9380 0 0 0.5
9373 9376 3.328062499 0.05454356057 0.5
9373 9378 2.979093822 0.02291287847 0.5
9373 9379 2.979093822 0.02291287847 0.5
9374 9377 0 0 0.5
9376 9380 0 0 0.5
9377 9378 0 0 0.5
9377 9379 0 0 0.5
9378 9380 0 0 0.5
9379 9380 0 0 0.5
9382 9385 3.398529094 0.05296225071 0.5
9382 9389 0 0 0.5
9382 9392 3.422718218 0.05454356057 0.5
9382 9402 3.398529094 0.05296225071 0.5
9382 9405 0 0 0.5
9383 9386 3.328062499 0.05454356057 0.5
9383 9387 2.979093822 0.02291287847 0.5
9383 9388 2.979093822 0.02291287847 0.5
9383 9393 3.422718218 0.05454356057 0.5
9383 9399 3.422718218 0.05454356057 0.5
9383 9401 3.422718218 0.05454356057 0.5
9384 9392 3.422718218 0.05454356057 0.5
9384 9400 3.422718218 0.05454356057 0.5
9384 11515 3.398529094 0.05296225071 0.5
9385 9391 3.398529094 0.05296225071 0.5
9385 11514 3.398529094 0.05296225071 0.5
9385 11516 2.958039892 0.02224859546 0.5
9385 11517 2.958039892 0.02224859546 0.5
9386 9389 0 0 0.5
9386 11513 3.328062499 0.05454356057 0.5
9386 11518 0 0 0.5
9387 9389 0 0 0.5
9387 11515 2.958039892 0.02224859546 0.5
9388 9389 0 0 0.5
9388 11515 2.958039892 0.02224859546 0.5
9389 9391 0 0 0.5
9391 9394 3.398529094 0.05296225071 0.5
9391 9397 0 0 0.5
9391 9400 3.422718218 0.05454356057 0.5
9392 9395 2.979093822 0.02291287847 0.5
9392 9396 2.979093822 0.02291287847 0.5
9392 9401 3.422718218 0.05454356057 0.5
9393 9400 3.422718218 0.05454356057 0.5
9394 9399 3.398529094 0.05296225071 0.5
9395 9397 0 0 0.5
9396 9397 0 0 0.5
9397 9399 0 0 0.5
9399 9402 3.398529094 0.05296225071 0.5
9399 9405 0 0 0.5
9400 9403 2.979093822 0.02291287847 0.5
9400 9404 2.979093822 0.02291287847 0.5
9403 9405 0 0 0.5
9404 9405 0 0 0.5
9407 9410 3.398529094 0.05296225071 0.5
9407 9413 0 0 0.5
9407 9416 3.422718218 0.05454356057 0.5
9407 9426 3.398529094 0.05296225071 0.5
9407 9429 0 0 0.5
9408 9411 2.979093822 0.02291287847 0.5
9408 9412 2.979093822 0.02291287847 0.5
9408 9417 3.422718218 0.05454356057 0.5
9408 9423 3.422718218 0.05454356057 0.5
9408 9425 3.422718218 0.05454356057 0.5
9409 9416 3.422718218 0.05454356057 0.5
9409 9424 3.422718218 0.05454356057 0.5
9410 9415 3.398529094 0.05296225071 0.5
9411 9413 0 0 0.5
9412 9413 0 0 0.5
9413 9415 0 0 0.5
9415 9418 3.398529094 0.05296225071 0.5
9415 9421 0 0 0.5
9415 9424 3.422718218 0.05454356057 0.5
9416 9419 2.979093822 0.02291287847 0.5
9416 9420 2.979093822 0.02291287847 0.5
9416 9425 3.422718218 0.05454356057 0.5
9417 9424 3.422718218 0.05454356057 0.5
9418 9423 3.398529094 0.05296225071 0.5
9419 9421 0 0 0.5
9420 9421 0 0 0.5
9421 9423 0 0 0.5
9423 9426 3.398529094 0.05296225071 0.5
9423 9429 0 0 0.5
9424 9427 2.979093822 0.02291287847 0.5
9424 9428 2.979093822 0.02291287847 0.5
9427 9429 0 0 0.5
9428 9429 0 0 0.5
9431 9434 3.398529094 0.05296225071 0.5
9431 9437 0 0 0.5
9431 9440 3.422718218 0.05454356057 0.5
9431 9451 3.398529094 0.05296225071 0.5
9431 9454 0 0 0.5
9432 9435 2.979093822 0.02291287847 0.5
9432 9436 2.979093822 0.02291287847 0.5
9432 9441 3.422718218 0.05454356057 0.5
9432 9448 3.422718218 0.05454356057 0.5
9432 9450 3.422718218 0.05454356057 0.5
9433 9440 3.422718218 0.05454356057 0.5
9433 9449 3.422718218 0.05454356057 0.5
9434 9439 3.398529094 0.05296225071 0.5
9435 9437 0 0 0.5
9436 9437 0 0 0.5
9437 9439 0 0 0.5
9439 9442 3.398529094 0.05296225071 0.5
9439 9446 0 0 0.5
9439 9449 3.422718218 0.05454356057 0.5
9440 9443 3.328062499 0.05454356057 0.5
9440 9444 2.979093822 0.02291287847 0.5
9440 9445 2.979093822 0.02291287847 0.5
9440 9450 3.422718218 0.05454356057 0.5
9441 9449 3.422718218 0.05454356057 0.5
9441 10217 3.398529094 0.05296225071 0.5
9442 9448 3.398529094 0.05296225071 0.5
9442 10216 3.398529094 0.05296225071 0.5
9442 10218 2.958039892 0.02224859546 0.5
9442 10219 2.958039892 0.02224859546 0.5
9443 9446 0 0 0.5
9443 10215 3.328062499 0.05454356057 0.5
9443 10220 0 0 0.5
9444 9446 0 0 0.5
9444 10217 2.958039892 0.02224859546 0.5
9445 9446 0 0 0.5
9445 10217 2.958039892 0.02224859546 0.5
9446 9448 0 0 0.5
9448 9451 3.398529094 0.05296225071 0.5
9448 9454 0 0 0.5
9449 9452 2.979093822 0.02291287847 0.5
9449 9453 2.979093822 0.02291287847 0.5
9452 9454 0 0 0.5
9453 9454 0 0 0.5
9456 9459 3.398529094 0.05296225071 0.5
9456 9462 0 0 0.5
9456 9465 3.422718218 0.05454356057 0.5
9456 9475 3.398529094 0.05296225071 0.5
9456 9478 0 0 0.5
9457 9460 2.979093822 0.02291287847 0.5
9457 9461 2.979093822 0.02291287847 0.5
9457 9466 3.422718218 0.05454356057 0.5
9457 9472 3.422718218 0.05454356057 0.5
9457 9474 3.422718218 0.05454356057 0.5
9458 9465 3.422718218 0.05454356057 0.5
9458 9473 3.422718218 0.05454356057 0.5
9459 9464 3.398529094 0.05296225071 0.5
9460 9462 0 0 0.5
9461 9462 0 0 0.5
9462 9464 0 0 0.5
9464 9467 3.398529094 0.05296225071 0.5
9464 9470 0 0 0.5
9464 9473 3.422718218 0.05454356057 0.5
9465 9468 2.979093822 0.02291287847 0.5
9465 9469 2.979093822 0.02291287847 0.5
9465 9474 3.422718218 0.05454356057 0.5
9466 9473 3.422718218 0.05454356057 0.5
9467 9472 3.398529094 0.05296225071 0.5
9468 9470 0 0 0.5
9469 9470 0 0 0.5
9470 9472 0 0 0.5
9472 9475 3.398529094 0.05296225071 0.5
9472 9478 0 0 0.5
9473 9476 2.979093822 0.02291287847 0.5
9473 9477 2.979093822 0.02291287847 0.5
9476 9478 0 0 0.5
9477 9478 0 0 0.5
9480 9483 3.398529094 0.05296225071 0.5
9480 9487 0 0 0.5
9480 9490 3.422718218 0.05454356057 0.5
9480 9501 3.398529094 0.05296225071 0.5
9480 9504 0 0 0.5
9481 9484 3.328062499 0.05454356057 0.5
9481 9485 2.979093822 0.02291287847 0.5
9481 9486 2.979093822 0.02291287847 0.5
9481 9491 3.422718218 0.05454356057 0.5
9481 9498 3.422718218 0.05454356057 0.5
9481 9500 3.422718218 0.05454356057 0.5
9482 9490 3.422718218 0.05454356057 0.5
9482 9499 3.422718218 0.05454356057 0.5
9482 10012 3.398529094 0.05296225071 0.5
9483 9489 3.398529094 0.05296225071 0.5
9483 10011 3.398529094 0.05296225071 0.5
9483 10013 2.958039892 0.02224859546 0.5
9483 10014 2.958039892 0.02224859546 0.5
9484 9487 0 0 0.5
9484 10010 3.328062499 0.05454356057 0.5
9484 10015 0 0 0.5
9485 9487 0 0 0.5
9485 10012 2.958039892 0.02224859546 0.5
9486 9487 0 0 0.5
9486 10012 2.958039892 0.02224859546 0.5
9487 9489 0 0 0.5
9489 9492 3.398529094 0.05296225071 0.5
9489 9496 0 0 0.5
9489 9499 3.422718218 0.05454356057 0.5
9490 9493 3.328062499 0.05454356057 0.5
9490 9494 2.979093822 0.02291287847 0.5
9490 9495 2.979093822 0.02291287847 0.5
9490 9500 3.422718218 0.05454356057 0.5
9491 9499 3.422718218 0.05454356057 0.5
9491 12708 3.398529094 0.05296225071 0.5
9492 9498 3.398529094 0.05296225071 0.5
9492 12707 3.398529094 0.05296225071 0.5
9492 12709 2.958039892 0.02224859546 0.5
9492 12710 2.958039892 0.02224859546 0.5
9493 9496 0 0 0.5
9493 12706 3.328062499 0.05454356057 0.5
9493 12711 0 0 0.5
9494 9496 0 0 0.5
9494 12708 2.958039892 0.02224859546 0.5
9495 9496 0 0 0.5
9495 12708 2.958039892 0.02224859546 0.5
9496 9498 0 0 0.5
9498 9501 3.398529094 0.05296225071 0.5
9498 9504 0 0 0.5
9499 9502 2.979093822 0.02291287847 0.5
9499 9503 2.979093822 0.02291287847 0.5
9502 9504 0 0 0.5
9503 9504 0 0 0.5
9506 9509 3.398529094 0.05296225071 0.5
9506 9513 0 0 0.5
9506 9516 3.422718218 0.05454356057 0.5
9506 9527 3.398529094 0.05296225071 0.5
9506 9530 0 0 0.5
9507 9510 3.328062499 0.05454356057 0.5
9507 9511 2.979093822 0.02291287847 0.5
9507 9512 2.979093822 0.02291287847 0.5
9507 9517 3.422718218 0.05454356057 0.5
9507 9524 3.422718218 0.05454356057 0.5
9507 9526 3.422718218 0.05454356057 0.5
9508 9516 3.422718218 0.05454356057 0.5
9508 9525 3.422718218 0.05454356057 0.5
9508 12083 3.398529094 0.05296225071 0.5
9509 9515 3.398529094 0.05296225071 0.5
9509 12082 3.398529094 0.05296225071 0.5
9509 12084 2.958039892 0.02224859546 0.5
9509 12085 2.958039892 0.02224859546 0.5
9510 9513 0 0 0.5
9510 12081 3.328062499 0.05454356057 0.5
9510 12086 0 0 0.5
9511 9513 0 0 0.5
9511 12083 2.958039892 0.02224859546 0.5
9512 9513 0 0 0.5
9512 12083 2.958039892 0.02224859546 0.5
9513 9515 0 0 0.5
9515 9518 3.398529094 0.05296225071 0.5
9515 9522 0 0 0.5
9515 9525 3.422718218 0.05454356057 0.5
9516 9519 3.328062499 0.05454356057 0.5
9516 9520 2.979093822 0.02291287847 0.5
9516 9521 2.979093822 0.02291287847 0.5
9516 9526 3.422718218 0.05454356057 0.5
9517 9525 3.422718218 0.05454356057 0.5
9517 12025 3.398529094 0.05296225071 0.5
9518 9524 3.398529094 0.05296225071 0.5
9518 12024 3.398529094 0.05296225071 0.5
9518 12026 2.958039892 0.02224859546 0.5
9518 12027 2.958039892 0.02224859546 0.5
9519 9522 0 0 0.5
9519 12023 3.328062499 0.05454356057 0.5
9519 12028 0 0 0.5
9520 9522 0 0 0.5
9520 12025 2.958039892 0.02224859546 0.5
9521 9522 0 0 0.5
9521 12025 2.958039892 0.02224859546 0.5
9522 9524 0 0 0.5
9524 9527 3.398529094 0.05296225071 0.5
9524 9530 0 0 0.5
9525 9528 2.979093822 0.02291287847 0.5
9525 9529 2.979093822 0.02291287847 0.5
9528 9530 0 0 0.5
9529 9530 0 0 0.5
9532 9535 3.398529094 0.05296225071 0.5
9532 9539 0 0 0.5
9532 9542 3.422718218 0.05454356057 0.5
9532 9552 3.398529094 0.05296225071 0.5
9532 9556 0 0 0.5
9533 9536 3.328062499 0.05454356057 0.5
9533 9537 2.979093822 0.02291287847 0.5
9533 9538 2.979093822 0.02291287847 0.5
9533 9543 3.422718218 0.05454356057 0.5
9533 9549 3.422718218 0.05454356057 0.5
9533 9551 3.422718218 0.05454356057 0.5
9534 9542 3.422718218 0.05454356057 0.5
9534 9550 3.422718218 0.05454356057 0.5
9534 12692 3.398529094 0.05296225071 0.5
9535 9541 3.398529094 0.05296225071 0.5
9535 12691 3.398529094 0.05296225071 0.5
9535 12693 2.958039892 0.02224859546 0.5
9535 12694 2.958039892 0.02224859546 0.5
9536 9539 0 0 0.5
9536 12690 3.328062499 0.05454356057 0.5
9536 12695 0 0 0.5
9537 9539 0 0 0.5
9537 12692 2.958039892 0.02224859546 0.5
9538 9539 0 0 0.5
9538 12692 2.958039892 0.02224859546 0.5
9539 9541 0 0 0.5
9541 9544 3.398529094 0.05296225071 0.5
9541 9547 0 0 0.5
9541 9550 3.422718218 0.05454356057 0.5
9542 9545 2.979093822 0.02291287847 0.5
9542 9546 2.979093822 0.02291287847 0.5
9542 9551 3.422718218 0.05454356057 0.5
9543 9550 3.422718218 0.05454356057 0.5
9544 9549 3.398529094 0.05296225071 0.5
9545 9547 0 0 0.5
9546 9547 0 0 0.5
9547 9549 0 0 0.5
9549 9552 3.398529094 0.05296225071 0.5
9549 9556 0 0 0.5
9550 9553 3.328062499 0.05454356057 0.5
9550 9554 2.979093822 0.02291287847 0.5
9550 9555 2.979093822 0.02291287847 0.5
9551 12586 3.398529094 0.05296225071 0.5
9552 12585 3.398529094 0.05296225071 0.5
9552 12587 2.958039892 0.02224859546 0.5
9552 12588 2.958039892 0.02224859546 0.5
9553 9556 0 0 0.5
9553 12584 3.328062499 0.05454356057 0.5
9553 12589 0 0 0.5
9554 9556 0 0 0.5
9554 12586 2.958039892 0.02224859546 0.5
9555 9556 0 0 0.5
9555 12586 2.958039892 0.02224859546 0.5
9558 9561 3.398529094 0.05296225071 0.5
9558 9564 0 0 0.5
9558 9567 3.422718218 0.05454356057 0.5
9558 9578 3.398529094 0.05296225071 0.5
9558 9583 0 0 0.5
9559 9562 2.979093822 0.02291287847 0.5
9559 9563 2.979093822 0.02291287847 0.5
9559 9568 3.422718218 0.05454356057 0.5
9559 9575 3.422718218 0.05454356057 0.5
9559 9577 3.422718218 0.05454356057 0.5
9560 9567 3.422718218 0.05454356057 0.5
9560 9576 3.422718218 0.05454356057 0.5
9561 9566 3.398529094 0.05296225071 0.5
9562 9564 0 0 0.5
9563 9564 0 0 0.5
9564 9566 0 0 0.5
9566 9569 3.398529094 0.05296225071 0.5
9566 9573 0 0 0.5
9566 9576 3.422718218 0.05454356057 0.5
9567 9570 3.328062499 0.05454356057 0.5
9567 9571 2.979093822 0.02291287847 0.5
9567 9572 2.979093822 0.02291287847 0.5
9567 9577 3.422718218 0.05454356057 0.5
9568 9576 3.422718218 0.05454356057 0.5
9568 11044 3.398529094 0.05296225071 0.5
9569 9575 3.398529094 0.05296225071 0.5
9569 11043 3.398529094 0.05296225071 0.5
9569 11045 2.958039892 0.02224859546 0.5
9569 11046 2.958039892 0.02224859546 0.5
9570 9573 0 0 0.5
9570 11042 3.328062499 0.05454356057 0.5
9570 11047 0 0 0.5
9571 9573 0 0 0.5
9571 11044 2.958039892 0.02224859546 0.5
9572 9573 0 0 0.5
9572 11044 2.958039892 0.02224859546 0.5
9573 9575 0 0 0.5
9575 9578 3.398529094 0.05296225071 0.5
9575 9583 0 0 0.5
9576 9579 3.328062499 0.05454356057 0.5
9576 9581 2.979093822 0.02291287847 0.5
9576 9582 2.979093822 0.02291287847 0.5
9577 9580 0 0 0.5
9579 9583 0 0 0.5
9580 9581 0 0 0.5
9580 9582 0 0 0.5
9581 9583 0 0 0.5
9582 9583 0 0 0.5
9585 9588 3.398529094 0.05296225071 0.5
9585 9592 0 0 0.5
9585 9595 3.422718218 0.05454356057 0.5
9585 9606 3.398529094 0.05296225071 0.5
9585 9609 0 0 0.5
9586 9589 3.328062499 0.05454356057 0.5
9586 9590 2.979093822 0.02291287847 0.5
9586 9591 2.979093822 0.02291287847 0.5
9586 9596 3.422718218 0.05454356057 0.5
9586 9603 3.422718218 0.05454356057 0.5
9586 9605 3.422718218 0.05454356057 0.5
9587 9595 3.422718218 0.05454356057 0.5
9587 9604 3.422718218 0.05454356057 0.5
9587 11592 3.398529094 0.05296225071 0.5
9588 9594 3.398529094 0.05296225071 0.5
9588 11591 3.398529094 0.05296225071 0.5
9588 11593 2.958039892 0.02224859546 0.5
9588 11594 2.958039892 0.02224859546 0.5
9589 9592 0 0 0.5
9589 11590 3.328062499 0.05454356057 0.5
9589 11595 0 0 0.5
9590 9592 0 0 0.5
9590 11592 2.958039892 0.02224859546 0.5
9591 9592 0 0 0.5
9591 11592 2.958039892 0.02224859546 0.5
9592 9594 0 0 0.5
9594 9597 3.398529094 0.05296225071 0.5
9594 9601 0 0 0.5
9594 9604 3.422718218 0.05454356057 0.5
9595 9598 3.328062499 0.05454356057 0.5
9595 9599 2.979093822 0.02291287847 0.5
9595 9600 2.979093822 0.02291287847 0.5
9595 9605 3.422718218 0.05454356057 0.5
9596 9604 3.422718218 0.05454356057 0.5
9596 11247 3.398529094 0.05296225071 0.5
9597 9603 3.398529094 0.05296225071 0.5
9597 11246 3.398529094 0.05296225071 0.5
9597 11248 2.958039892 0.02224859546 0.5
9597 11249 2.958039892 0.02224859546 0.5
9598 9601 0 0 0.5
9598 11245 3.328062499 0.05454356057 0.5
9598 11250 0 0 0.5
9599 9601 0 0 0.5
9599 11247 2.958039892 0.02224859546 0.5
9600 9601 0 0 0.5
9600 11247 2.958039892 0.02224859546 0.5
9601 9603 0 0 0.5
9603 9606 3.398529094 0.05296225071 0.5
9603 9609 0 0 0.5
9604 9607 2.979093822 0.02291287847 0.5
9604 9608 2.979093822 0.02291287847 0.5
9607 9609 0 0 0.5
9608 9609 0 0 0.5
9611 9614 3.398529094 0.05296225071 0.5
9611 9617 0 0 0.5
9611 9620 3.422718218 0.05454356057 0.5
9611 9630 3.398529094 0.05296225071 0.5
9611 9633 0 0 0.5
9612 9615 2.979093822 0.02291287847 0.5
9612 9616 2.979093822 0.02291287847 0.5
9612 9621 3.422718218 0.05454356057 0.5
9612 9627 3.422718218 0.05454356057 0.5
9612 9629 3.422718218 0.05454356057 0.5
9613 9620 3.422718218 0.05454356057 0.5
9613 9628 3.422718218 0.05454356057 0.5
9614 9619 3.398529094 0.05296225071 0.5
9615 9617 0 0 0.5
9616 9617 0 0 0.5
9617 9619 0 0 0.5
9619 9622 3.398529094 0.05296225071 0.5
9619 9625 0 0 0.5
9619 9628 3.422718218 0.05454356057 0.5
9620 9623 2.979093822 0.02291287847 0.5
9620 9624 2.979093822 0.02291287847 0.5
9620 9629 3.422718218 0.05454356057 0.5
9621 9628 3.422718218 0.05454356057 0.5
9622 9627 3.398529094 0.05296225071 0.5
9623 9625 0 0 0.5
9624 9625 0 0 0.5
9625 9627 0 0 0.5
9627 9630 3.398529094 0.05296225071 0.5
9627 9633 0 0 0.5
9628 9631 2.979093822 0.02291287847 0.5
9628 9632 2.979093822 0.02291287847 0.5
9631 9633 0 0 0.5
9632 9633 0 0 0.5
9635 9638 3.398529094 0.05296225071 0.5
9635 9641 0 0 0.5
9635 9644 3.422718218 0.05454356057 0.5
9635 9656 3.398529094 0.05296225071 0.5
9635 9659 0 0 0.5
9636 9639 2.979093822 0.02291287847 0.5
9636 9640 2.979093822 0.02291287847 0.5
9636 9645 3.422718218 0.05454356057 0.5
9636 9653 3.422718218 0.05454356057 0.5
9636 9655 3.422718218 0.05454356057 0.5
9637 9644 3.422718218 0.05454356057 0.5
9637 9654 3.422718218 0.05454356057 0.5
9638 9643 3.398529094 0.05296225071 0.5
9639 9641 0 0 0.5
9640 9641 0 0 0.5
9641 9643 0 0 0.5
9643 9646 3.398529094 0.05296225071 0.5
9643 9651 0 0 0.5
9643 9654 3.422718218 0.05454356057 0.5
9644 9647 3.328062499 0.05454356057 0.5
9644 9649 2.979093822 0.02291287847 0.5
9644 9650 2.979093822 0.02291287847 0.5
9644 9655 3.422718218 0.05454356057 0.5
9645 9648 0 0 0.5
9645 9654 3.422718218 0.05454356057 0.5
9646 9653 3.398529094 0.05296225071 0.5
9647 9651 0 0 0.5
9648 9649 0 0 0.5
9648 9650 0 0 0.5
9649 9651 0 0 0.5
9650 9651 0 0 0.5
9651 9653 0 0 0.5
9653 9656 3.398529094 0.05296225071 0.5
9653 9659 0 0 0.5
9654 9657 2.979093822 0.02291287847 0.5
9654 9658 2.979093822 0.02291287847 0.5
9657 9659 0 0 0.5
9658 9659 0 0 0.5
9661 9664 3.398529094 0.05296225071 0.5
9661 9667 0 0 0.5
9661 9670 3.422718218 0.05454356057 0.5
9661 9680 3.398529094 0.05296225071 0.5
9661 9683 0 0 0.5
9662 9665 2.979093822 0.02291287847 0.5
9662 9666 2.979093822 0.02291287847 0.5
9662 9671 3.422718218 0.05454356057 0.5
9662 9677 3.422718218 0.05454356057 0.5
9662 9679 3.422718218 0.05454356057 0.5
9663 9670 3.422718218 0.05454356057 0.5
9663 9678 3.422718218 0.05454356057 0.5
9664 9669 3.398529094 0.05296225071 0.5
9665 9667 0 0 0.5
9666 9667 0 0 0.5
9667 9669 0 0 0.5
9669 9672 3.398529094 0.05296225071 0.5
9669 9675 0 0 0.5
9669 9678 3.422718218 0.05454356057 0.5
9670 9673 2.979093822 0.02291287847 0.5
9670 9674 2.979093822 0.02291287847 0.5
9670 9679 3.422718218 0.05454356057 0.5
9671 9678 3.422718218 0.05454356057 0.5
9672 9677 3.398529094 0.05296225071 0.5
9673 9675 0 0 0.5
9674 9675 0 0 0.5
9675 9677 0 0 0.5
9677 9680 3.398529094 0.05296225071 0.5
9677 9683 0 0 0.5
9678 9681 2.979093822 0.02291287847 0.5
9678 9682 2.979093822 0.02291287847 0.5
9681 9683 0 0 0.5
9682 9683 0 0 0.5
9685 9688 3.398529094 0.05296225071 0.5
9685 9691 0 0 0.5
9685 9694 3.422718218 0.05454356057 0.5
9685 9704 3.398529094 0.05296225071 0.5
9685 9707 0 0 0.5
9686 9689 2.979093822 0.02291287847 0.5
9686 9690 2.979093822 0.02291287847 0.5
9686 9695 3.422718218 0.05454356057 0.5
9686 9701 3.422718218 0.05454356057 0.5
9686 9703 3.422718218 0.05454356057 0.5
9687 9694 3.422718218 0.05454356057 0.5
9687 9702 3.422718218 0.05454356057 0.5
9688 9693 3.398529094 0.05296225071 0.5
9689 9691 0 0 0.5
9690 9691 0 0 0.5
9691 9693 0 0 0.5
9693 9696 3.398529094 0.05296225071 0.5
9693 9699 0 0 0.5
9693 9702 3.422718218 0.05454356057 0.5
9694 9697 2.979093822 0.02291287847 0.5
9694 9698 2.979093822 0.02291287847 0.5
9694 9703 3.422718218 0.05454356057 0.5
9695 9702 3.422718218 0.05454356057 0.5
9696 9701 3.398529094 0.05296225071 0.5
9697 9699 0 0 0.5
9698 9699 0 0 0.5
9699 9701 0 0 0.5
9701 9704 3.398529094 0.05296225071 0.5
9701 9707 0 0 0.5
9702 9705 2.979093822 0.02291287847 0.5
9702 9706 2.979093822 0.02291287847 0.5
9705 9707 0 0 0.5
9706 9707 0 0 0.5
9709 9712 3.398529094 0.05296225071 0.5
9709 9716 0 0 0.5
9709 9719 3.422718218 0.05454356057 0.5
9709 9729 3.398529094 0.05296225071 0.5
9709 9732 0 0 0.5
9710 9713 3.328062499 0.05454356057 0.5
9710 9714 2.979093822 0.02291287847 0.5
9710 9715 2.979093822 0.02291287847 0.5
9710 9720 3.422718218 0.05454356057 0.5
9710 9726 3.422718218 0.05454356057 0.5
9710 9728 3.422718218 0.05454356057 0.5
9711 9719 3.422718218 0.05454356057 0.5
9711 9727 3.422718218 0.05454356057 0.5
9711 9781 3.398529094 0.05296225071 0.5
9712 9718 3.398529094 0.05296225071 0.5
9712 9780 3.398529094 0.05296225071 0.5
9712 9782 2.958039892 0.02224859546 0.5
9712 9783 2.958039892 0.02224859546 0.5
9713 9716 0 0 0.5
9713 9779 3.328062499 0.05454356057 0.5
9713 9784 0 0 0.5
9714 9716 0 0 0.5
9714 9781 2.958039892 0.02224859546 0.5
9715 9716 0 0 0.5
9715 9781 2.958039892 0.02224859546 0.5
9716 9718 0 0 0.5
9718 9721 3.398529094 0.05296225071 0.5
9718 9724 0 0 0.5
9718 9727 3.422718218 0.05454356057 0.5
9719 9722 2.979093822 0.02291287847 0.5
9719 9723 2.979093822 0.02291287847 0.5
9719 9728 3.422718218 0.05454356057 0.5
9720 9727 3.422718218 0.05454356057 0.5
9721 9726 3.398529094 0.05296225071 0.5
9722 9724 0 0 0.5
9723 9724 0 0 0.5
9724 9726 0 0 0.5
9726 9729 3.398529094 0.05296225071 0.5
9726 9732 0 0 0.5
9727 9730 2.979093822 0.02291287847 0.5
9727 9731 2.979093822 0.02291287847 0.5
9730 9732 0 0 0.5
9731 9732 0 0 0.5
9734 9737 3.398529094 0.05296225071 0.5
9734 9740 0 0 0.5
9734 9743 3.422718218 0.05454356057 0.5
9734 9754 3.398529094 0.05296225071 0.5
9734 9757 0 0 0.5
9735 9738 2.979093822 0.02291287847 0.5
9735 9739 2.979093822 0.02291287847 0.5
9735 9744 3.422718218 0.05454356057 0.5
9735 9751 3.422718218 0.05454356057 0.5
9735 9753 3.422718218 0.05454356057 0.5
9736 9743 3.422718218 0.05454356057 0.5
9736 9752 3.422718218 0.05454356057 0.5
9737 9742 3.398529094 0.05296225071 0.5
9738 9740 0 0 0.5
9739 9740 0 0 0.5
9740 9742 0 0 0.5
9742 9745 3.398529094 0.05296225071 0.5
9742 9749 0 0 0.5
9742 9752 3.422718218 0.05454356057 0.5
9743 9746 3.328062499 0.05454356057 0.5
9743 9747 2.979093822 0.02291287847 0.5
9743 9748 2.979093822 0.02291287847 0.5
9743 9753 3.422718218 0.05454356057 0.5
9744 9752 3.422718218 0.05454356057 0.5
9744 12626 3.398529094 0.05296225071 0.5
9745 9751 3.398529094 0.05296225071 0.5
9745 12625 3.398529094 0.05296225071 0.5
9745 12627 2.958039892 0.02224859546 0.5
9745 12628 2.958039892 0.02224859546 0.5
9746 9749 0 0 0.5
9746 12624 3.328062499 0.05454356057 0.5
9746 12629 0 0 0.5
9747 9749 0 0 0.5
9747 12626 2.958039892 0.02224859546 0.5
9748 9749 0 0 0.5
9748 12626 2.958039892 0.02224859546 0.5
9749 9751 0 0 0.5
9751 9754 3.398529094 0.05296225071 0.5
9751 9757 0 0 0.5
9752 9755 2.979093822 0.02291287847 0.5
9752 9756 2.979093822 0.02291287847 0.5
9755 9757 0 0 0.5
9756 9757 0 0 0.5
9759 9762 3.398529094 0.05296225071 0.5
9759 9767 0 0 0.5
9759 9770 3.422718218 0.05454356057 0.5
9759 9781 3.398529094 0.05296225071 0.5
9759 9784 0 0 0.5
9760 9763 3.328062499 0.05454356057 0.5
9760 9765 2.979093822 0.02291287847 0.5
9760 9766 2.979093822 0.02291287847 0.5
9760 9771 3.422718218 0.05454356057 0.5
9760 9778 3.422718218 0.05454356057 0.5
9760 9780 3.422718218 0.05454356057 0.5
9761 9764 0 0 0.5
9761 9770 3.422718218 0.05454356057 0.5
9761 9779 3.422718218 0.05454356057 0.5
9762 9769 3.398529094 0.05296225071 0.5
9763 9767 0 0 0.5
9764 9765 0 0 0.5
9764 9766 0 0 0.5
9765 9767 0 0 0.5
9766 9767 0 0 0.5
9767 9769 0 0 0.5
9769 9772 3.398529094 0.05296225071 0.5
9769 9776 0 0 0.5
9769 9779 3.422718218 0.05454356057 0.5
9770 9773 3.328062499 0.05454356057 0.5
9770 9774 2.979093822 0.02291287847 0.5
9770 9775 2.979093822 0.02291287847 0.5
9770 9780 3.422718218 0.05454356057 0.5
9771 9779 3.422718218 0.05454356057 0.5
9771 9962 3.398529094 0.05296225071 0.5
9772 9778 3.398529094 0.05296225071 0.5
9772 9961 3.398529094 0.05296225071 0.5
9772 9963 2.958039892 0.02224859546 0.5
9772 9964 2.958039892 0.02224859546 0.5
9773 9776 0 0 0.5
9773 9960 3.328062499 0.05454356057 0.5
9773 9965 0 0 0.5
9774 9776 0 0 0.5
9774 9962 2.958039892 0.02224859546 0.5
9775 9776 0 0 0.5
9775 9962 2.958039892 0.02224859546 0.5
9776 9778 0 0 0.5
9778 9781 3.398529094 0.05296225071 0.5
9778 9784 0 0 0.5
9779 9782 2.979093822 0.02291287847 0.5
9779 9783 2.979093822 0.02291287847 0.5
9782 9784 0 0 0.5
9783 9784 0 0 0.5
9786 9789 3.398529094 0.05296225071 0.5
9786 9793 0 0 0.5
9786 9796 3.422718218 0.05454356057 0.5
9786 9808 3.398529094 0.05296225071 0.5
9786 9813 0 0 0.5
9787 9790 3.328062499 0.05454356057 0.5
9787 9791 2.979093822 0.02291287847 0.5
9787 9792 2.979093822 0.02291287847 0.5
9787 9797 3.422718218 0.05454356057 0.5
9787 9805 3.422718218 0.05454356057 0.5
9787 9807 3.422718218 0.05454356057 0.5
9788 9796 3.422718218 0.05454356057 0.5
9788 9806 3.422718218 0.05454356057 0.5
9788 12250 3.398529094 0.05296225071 0.5
9789 9795 3.398529094 0.05296225071 0.5
9789 12249 3.398529094 0.05296225071 0.5
9789 12251 2.958039892 0.02224859546 0.5
9789 12252 2.958039892 0.02224859546 0.5
9790 9793 0 0 0.5
9790 12248 3.328062499 0.05454356057 0.5
9790 12253 0 0 0.5
9791 9793 0 0 0.5
9791 12250 2.958039892 0.02224859546 0.5
9792 9793 0 0 0.5
9792 12250 2.958039892 0.02224859546 0.5
9793 9795 0 0 0.5
9795 9798 3.398529094 0.05296225071 0.5
9795 9803 0 0 0.5
9795 9806 3.422718218 0.05454356057 0.5
9796 9799 3.328062499 0.05454356057 0.5
9796 9801 2.979093822 0.02291287847 0.5
9796 9802 2.979093822 0.02291287847 0.5
9796 9807 3.422718218 0.05454356057 0.5
9797 9800 0 0 0.5
9797 9806 3.422718218 0.05454356057 0.5
9798 9805 3.398529094 0.05296225071 0.5
9799 9803 0 0 0.5
9800 9801 0 0 0.5
9800 9802 0 0 0.5
9801 9803 0 0 0.5
9802 9803 0 0 0.5
9803 9805 0 0 0.5
9805 9808 3.398529094 0.05296225071 0.5
9805 9813 0 0 0.5
9806 9809 3.328062499 0.05454356057 0.5
9806 9811 2.979093822 0.02291287847 0.5
9806 9812 2.979093822 0.02291287847 0.5
9807 9810 0 0 0.5
9809 9813 0 0 0.5
9810 9811 0 0 0.5
9810 9812 0 0 0.5
9811 9813 0 0 0.5
9812 9813 0 0 0.5
9815 9818 3.398529094 0.05296225071 0.5
9815 9822 0 0 0.5
9815 9825 3.422718218 0.05454356057 0.5
9815 9836 3.398529094 0.05296225071 0.5
9815 9839 0 0 0.5
9816 9819 3.328062499 0.05454356057 0.5
9816 9820 2.979093822 0.02291287847 0.5
9816 9821 2.979093822 0.02291287847 0.5
9816 9826 3.422718218 0.05454356057 0.5
9816 9833 3.422718218 0.05454356057 0.5
9816 9835 3.422718218 0.05454356057 0.5
9817 9825 3.422718218 0.05454356057 0.5
9817 9834 3.422718218 0.05454356057 0.5
9817 9921 3.398529094 0.05296225071 0.5
9818 9824 3.398529094 0.05296225071 0.5
9818 9920 3.398529094 0.05296225071 0.5
9818 9922 2.958039892 0.02224859546 0.5
9818 9923 2.958039892 0.02224859546 0.5
9819 9822 0 0 0.5
9819 9919 3.328062499 0.05454356057 0.5
9819 9924 0 0 0.5
9820 9822 0 0 0.5
9820 9921 2.958039892 0.02224859546 0.5
9821 9822 0 0 0.5
9821 9921 2.958039892 0.02224859546 0.5
9822 9824 0 0 0.5
9824 9827 3.398529094 0.05296225071 0.5
9824 9831 0 0 0.5
9824 9834 3.422718218 0.05454356057 0.5
9825 9828 3.328062499 0.05454356057 0.5
9825 9829 2.979093822 0.02291287847 0.5
9825 9830 2.979093822 0.02291287847 0.5
9825 9835 3.422718218 0.05454356057 0.5
9826 9834 3.422718218 0.05454356057 0.5
9826 11898 3.398529094 0.05296225071 0.5
9827 9833 3.398529094 0.05296225071 0.5
9827 11897 3.398529094 0.05296225071 0.5
9827 11899 2.958039892 0.02224859546 0.5
9827 11900 2.958039892 0.02224859546 0.5
9828 9831 0 0 0.5
9828 11896 3.328062499 0.05454356057 0.5
9828 11901 0 0 0.5
9829 9831 0 0 0.5
9829 11898 2.958039892 0.02224859546 0.5
9830 9831 0 0 0.5
9830 11898 2.958039892 0.02224859546 0.5
9831 9833 0 0 0.5
9833 9836 3.398529094 0.05296225071 0.5
9833 9839 0 0 0.5
9834 9837 2.979093822 0.02291287847 0.5
9834 9838 2.979093822 0.02291287847 0.5
9837 9839 0 0 0.5
9838 9839 0 0 0.5
9841 9844 3.398529094 0.05296225071 0.5
9841 9848 0 0 0.5
9841 9851 3.422718218 0.05454356057 0.5
9841 9861 3.398529094 0.05296225071 0.5
9841 9865 0 0 0.5
9842 9845 3.328062499 0.05454356057 0.5
9842 9846 2.979093822 0.02291287847 0.5
9842 9847 2.979093822 0.02291287847 0.5
9842 9852 3.422718218 0.05454356057 0.5
9842 9858 3.422718218 0.05454356057 0.5
9842 9860 3.422718218 0.05454356057 0.5
9843 9851 3.422718218 0.05454356057 0.5
9843 9859 3.422718218 0.05454356057 0.5
9843 12562 3.398529094 0.05296225071 0.5
9844 9850 3.398529094 0.05296225071 0.5
9844 12561 3.398529094 0.05296225071 0.5
9844 12563 2.958039892 0.02224859546 0.5
9844 12564 2.958039892 0.02224859546 0.5
9845 9848 0 0 0.5
9845 12560 3.328062499 0.05454356057 0.5
9845 12565 0 0 0.5
9846 9848 0 0 0.5
9846 12562 2.958039892 0.02224859546 0.5
9847 9848 0 0 0.5
9847 12562 2.958039892 0.02224859546 0.5
9848 9850 0 0 0.5
9850 9853 3.398529094 0.05296225071 0.5
9850 9856 0 0 0.5
9850 9859 3.422718218 0.05454356057 0.5
9851 9854 2.979093822 0.02291287847 0.5
9851 9855 2.979093822 0.02291287847 0.5
9851 9860 3.422718218 0.05454356057 0.5
9852 9859 3.422718218 0.05454356057 0.5
9853 9858 3.398529094 0.05296225071 0.5
9854 9856 0 0 0.5
9855 9856 0 0 0.5
9856 9858 0 0 0.5
9858 9861 3.398529094 0.05296225071 0.5
9858 9865 0 0 0.5
9859 9862 3.328062499 0.05454356057 0.5
9859 9863 2.979093822 0.02291287847 0.5
9859 9864 2.979093822 0.02291287847 0.5
9860 11288 3.398529094 0.05296225071 0.5
9861 11287 3.398529094 0.05296225071 0.5
9861 11289 2.958039892 0.02224859546 0.5
9861 11290 2.958039892 0.02224859546 0.5
9862 9865 0 0 0.5
9862 11286 3.328062499 0.05454356057 0.5
9862 11291 0 0 0.5
9863 9865 0 0 0.5
9863 11288 2.958039892 0.02224859546 0.5
9864 9865 0 0 0.5
9864 11288 2.958039892 0.02224859546 0.5
9867 9870 3.398529094 0.05296225071 0.5
9867 9873 0 0 0.5
9867 9876 3.422718218 0.05454356057 0.5
9867 9888 3.398529094 0.05296225071 0.5
9867 9891 0 0 0.5
9868 9871 2.979093822 0.02291287847 0.5
9868 9872 2.979093822 0.02291287847 0.5
9868 9877 3.422718218 0.05454356057 0.5
9868 9885 3.422718218 0.05454356057 0.5
9868 9887 3.422718218 0.05454356057 0.5
9869 9876 3.422718218 0.05454356057 0.5
9869 9886 3.422718218 0.05454356057 0.5
9870 9875 3.398529094 0.05296225071 0.5
9871 9873 0 0 0.5
9872 9873 0 0 0.5
9873 9875 0 0 0.5
9875 9878 3.398529094 0.05296225071 0.5
9875 9883 0 0 0.5
9875 9886 3.422718218 0.05454356057 0.5
9876 9879 3.328062499 0.05454356057 0.5
9876 9881 2.979093822 0.02291287847 0.5
9876 9882 2.979093822 0.02291287847 0.5
9876 9887 3.422718218 0.05454356057 0.5
9877 9880 0 0 0.5
9877 9886 3.422718218 0.05454356057 0.5
9878 9885 3.398529094 0.05296225071 0.5
9879 9883 0 0 0.5
9880 9881 0 0 0.5
9880 9882 0 0 0.5
9881 9883 0 0 0.5
9882 9883 0 0 0.5
9883 9885 0 0 0.5
9885 9888 3.398529094 0.05296225071 0.5
9885 9891 0 0 0.5
9886 9889 2.979093822 0.02291287847 0.5
9886 9890 2.979093822 0.02291287847 0.5
9889 9891 0 0 0.5
9890 9891 0 0 0.5
9893 9896 3.398529094 0.05296225071 0.5
9893 9899 0 0 0.5
9893 9902 3.422718218 0.05454356057 0.5
9893 9912 3.398529094 0.05296225071 0.5
9893 9916 0 0 0.5
9894 9897 2.979093822 0.02291287847 0.5
9894 9898 2.979093822 0.02291287847 0.5
9894 9903 3.422718218 0.05454356057 0.5
9894 9909 3.422718218 0.05454356057 0.5
9894 9911 3.422718218 0.05454356057 0.5
9895 9902 3.422718218 0.05454356057 0.5
9895 9910 3.422718218 0.05454356057 0.5
9896 9901 3.398529094 0.05296225071 0.5
9897 9899 0 0 0.5
9898 9899 0 0 0.5
9899 9901 0 0 0.5
9901 9904 3.398529094 0.05296225071 0.5
9901 9907 0 0 0.5
9901 9910 3.422718218 0.05454356057 0.5
9902 9905 2.979093822 0.02291287847 0.5
9902 9906 2.979093822 0.02291287847 0.5
9902 9911 3.422718218 0.05454356057 0.5
9903 9910 3.422718218 0.05454356057 0.5
9904 9909 3.398529094 0.05296225071 0.5
9905 9907 0 0 0.5
9906 9907 0 0 0.5
9907 9909 0 0 0.5
9909 9912 3.398529094 0.05296225071 0.5
9909 9916 0 0 0.5
9910 9913 3.328062499 0.05454356057 0.5
9910 9914 2.979093822 0.02291287847 0.5
9910 9915 2.979093822 0.02291287847 0.5
9911 12224 3.398529094 0.05296225071 0.5
9912 12223 3.398529094 0.05296225071 0.5
9912 12225 2.958039892 0.02224859546 0.5
9912 12226 2.958039892 0.02224859546 0.5
9913 9916 0 0 0.5
9913 12222 3.328062499 0.05454356057 0.5
9913 12227 0 0 0.5
9914 9916 0 0 0.5
9914 12224 2.958039892 0.02224859546 0.5
9915 9916 0 0 0.5
9915 12224 2.958039892 0.02224859546 0.5
9918 9921 3.398529094 0.05296225071 0.5
9918 9924 0 0 0.5
9918 9927 3.422718218 0.05454356057 0.5
9918 9937 3.398529094 0.05296225071 0.5
9918 9941 0 0 0.5
9919 9922 2.979093822 0.02291287847 0.5
9919 9923 2.979093822 0.02291287847 0.5
9919 9928 3.422718218 0.05454356057 0.5
9919 9934 3.422718218 0.05454356057 0.5
9919 9936 3.422718218 0.05454356057 0.5
9920 9927 3.422718218 0.05454356057 0.5
9920 9935 3.422718218 0.05454356057 0.5
9921 9926 3.398529094 0.05296225071 0.5
9922 9924 0 0 0.5
9923 9924 0 0 0.5
9924 9926 0 0 0.5
9926 9929 3.398529094 0.05296225071 0.5
9926 9932 0 0 0.5
9926 9935 3.422718218 0.05454356057 0.5
9927 9930 2.979093822 0.02291287847 0.5
9927 9931 2.979093822 0.02291287847 0.5
9927 9936 3.422718218 0.05454356057 0.5
9928 9935 3.422718218 0.05454356057 0.5
9929 9934 3.398529094 0.05296225071 0.5
9930 9932 0 0 0.5
9931 9932 0 0 0.5
9932 9934 0 0 0.5
9934 9937 3.398529094 0.05296225071 0.5
9934 9941 0 0 0.5
9935 9938 3.328062499 0.05454356057 0.5
9935 9939 2.979093822 0.02291287847 0.5
9935 9940 2.979093822 0.02291287847 0.5
9936 12828 3.398529094 0.05296225071 0.5
9937 12827 3.398529094 0.05296225071 0.5
9937 12829 2.958039892 0.02224859546 0.5
9937 12830 2.958039892 0.02224859546 0.5
9938 9941 0 0 0.5
9938 12826 3.328062499 0.05454356057 0.5
9938 12831 0 0 0.5
9939 9941 0 0 0.5
9939 12828 2.958039892 0.02224859546 0.5
9940 9941 0 0 0.5
9940 12828 2.958039892 0.02224859546 0.5
9943 9946 3.398529094 0.05296225071 0.5
9943 9949 0 0 0.5
9943 9952 3.422718218 0.05454356057 0.5
9943 9962 3.398529094 0.05296225071 0.5
9943 9965 0 0 0.5
9944 9947 2.979093822 0.02291287847 0.5
9944 9948 2.979093822 0.02291287847 0.5
9944 9953 3.422718218 0.05454356057 0.5
9944 9959 3.422718218 0.05454356057 0.5
9944 9961 3.422718218 0.05454356057 0.5
9945 9952 3.422718218 0.05454356057 0.5
9945 9960 3.422718218 0.05454356057 0.5
9946 9951 3.398529094 0.05296225071 0.5
9947 9949 0 0 0.5
9948 9949 0 0 0.5
9949 9951 0 0 0.5
9951 9954 3.398529094 0.05296225071 0.5
9951 9957 0 0 0.5
9951 9960 3.422718218 0.05454356057 0.5
9952 9955 2.979093822 0.02291287847 0.5
9952 9956 2.979093822 0.02291287847 0.5
9952 9961 3.422718218 0.05454356057 0.5
9953 9960 3.422718218 0.05454356057 0.5
9954 9959 3.398529094 0.05296225071 0.5
9955 9957 0 0 0.5
9956 9957 0 0 0.5
9957 9959 0 0 0.5
9959 9962 3.398529094 0.05296225071 0.5
9959 9965 0 0 0.5
9960 9963 2.979093822 0.02291287847 0.5
9960 9964 2.979093822 0.02291287847 0.5
9963 9965 0 0 0.5
9964 9965 0 0 0.5
9967 9970 3.398529094 0.05296225071 0.5
9967 9973 0 0 0.5
9967 9976 3.422718218 0.05454356057 0.5
9967 9986 3.398529094 0.05296225071 0.5
9967 9990 0 0 0.5
9968 9971 2.979093822 0.02291287847 0.5
9968 9972 2.979093822 0.02291287847 0.5
9968 9977 3.422718218 0.05454356057 0.5
9968 9983 3.422718218 0.05454356057 0.5
9968 9985 3.422718218 0.05454356057 0.5
9969 9976 3.422718218 0.05454356057 0.5
9969 9984 3.422718218 0.05454356057 0.5
9970 9975 3.398529094 0.05296225071 0.5
9971 9973 0 0 0.5
9972 9973 0 0 0.5
9973 9975 0 0 0.5
9975 9978 3.398529094 0.05296225071 0.5
9975 9981 0 0 0.5
9975 9984 3.422718218 0.05454356057 0.5
9976 9979 2.979093822 0.02291287847 0.5
9976 9980 2.979093822 0.02291287847 0.5
9976 9985 3.422718218 0.05454356057 0.5
9977 9984 3.422718218 0.05454356057 0.5
9978 9983 3.398529094 0.05296225071 0.5
9979 9981 0 0 0.5
9980 9981 0 0 0.5
9981 9983 0 0 0.5
9983 9986 3.398529094 0.05296225071 0.5
9983 9990 0 0 0.5
9984 9987 3.328062499 0.05454356057 0.5
9984 9988 2.979093822 0.02291287847 0.5
9984 9989 2.979093822 0.02291287847 0.5
9985 10860 3.398529094 0.05296225071 0.5
9986 10859 3.398529094 0.05296225071 0.5
9986 10861 2.958039892 0.02224859546 0.5
9986 10862 2.958039892 0.02224859546 0.5
9987 9990 0 0 0.5
9987 10858 3.328062499 0.05454356057 0.5
9987 10863 0 0 0.5
9988 9990 0 0 0.5
9988 10860 2.958039892 0.02224859546 0.5
9989 9990 0 0 0.5
9989 10860 2.958039892 0.02224859546 0.5
9992 9995 3.398529094 0.05296225071 0.5
9992 9998 0 0 0.5
9992 10001 3.422718218 0.05454356057 0.5
9992 10012 3.398529094 0.05296225071 0.5
9992 10015 0 0 0.5
9993 9996 2.979093822 0.02291287847 0.5
9993 9997 2.979093822 0.02291287847 0.5
9993 10002 3.422718218 0.05454356057 0.5
9993 10009 3.422718218 0.05454356057 0.5
9993 10011 3.422718218 0.05454356057 0.5
9994 10001 3.422718218 0.05454356057 0.5
9994 10010 3.422718218 0.05454356057 0.5
9995 10000 3.398529094 0.05296225071 0.5
9996 9998 0 0 0.5
9997 9998 0 0 0.5
9998 10000 0 0 0.5
10000 10003 3.398529094 0.05296225071 0.5
10000 10007 0 0 0.5
10000 10010 3.422718218 0.05454356057 0.5
10001 10004 3.328062499 0.05454356057 0.5
10001 10005 2.979093822 0.02291287847 0.5
10001 10006 2.979093822 0.02291287847 0.5
10001 10011 3.422718218 0.05454356057 0.5
10002 10010 3.422718218 0.05454356057 0.5
10002 11368 3.398529094 0.05296225071 0.5
10003 10009 3.398529094 0.05296225071 0.5
10003 11367 3.398529094 0.05296225071 0.5
10003 11369 2.958039892 0.02224859546 0.5
10003 11370 2.958039892 0.02224859546 0.5
10004 10007 0 0 0.5
10004 11366 3.328062499 0.05454356057 0.5
10004 11371 0 0 0.5
10005 10007 0 0 0.5
10005 11368 2.958039892 0.02224859546 0.5
10006 10007 0 0 0.5
10006 11368 2.958039892 0.02224859546 0.5
10007 10009 0 0 0.5
10009 10012 3.398529094 0.05296225071 0.5
10009 10015 0 0 0.5
10010 10013 2.979093822 0.02291287847 0.5
10010 10014 2.979093822 0.02291287847 0.5
10013 10015 0 0 0.5
10014 10015 0 0 0.5
10017 10020 3.398529094 0.05296225071 0.5
10017 10023 0 0 0.5
10017 10026 3.422718218 0.05454356057 0.5
10017 10036 3.398529094 0.05296225071 0.5
10017 10040 0 0 0.5
10018 10021 2.979093822 0.02291287847 0.5
10018 10022 2.979093822 0.02291287847 0.5
10018 10027 3.422718218 0.05454356057 0.5
10018 10033 3.422718218 0.05454356057 0.5
10018 10035 3.422718218 0.05454356057 0.5
10019 10026 3.422718218 0.05454356057 0.5
10019 10034 3.422718218 0.05454356057 0.5
10020 10025 3.398529094 0.05296225071 0.5
10021 10023 0 0 0.5
10022 10023 0 0 0.5
10023 10025 0 0 0.5
10025 10028 3.398529094 0.05296225071 0.5
10025 10031 0 0 0.5
10025 10034 3.422718218 0.05454356057 0.5
10026 10029 2.979093822 0.02291287847 0.5
10026 10030 2.979093822 0.02291287847 0.5
10026 10035 3.422718218 0.05454356057 0.5
10027 10034 3.422718218 0.05454356057 0.5
10028 10033 3.398529094 0.05296225071 0.5
10029 10031 0 0 0.5
10030 10031 0 0 0.5
10031 10033 0 0 0.5
10033 10036 3.398529094 0.05296225071 0.5
10033 10040 0 0 0.5
10034 10037 3.328062499 0.05454356057 0.5
10034 10038 2.979093822 0.02291287847 0.5
10034 10039 2.979093822 0.02291287847 0.5
10035 12846 3.398529094 0.05296225071 0.5
10036 12845 3.398529094 0.05296225071 0.5
10036 12847 2.958039892 0.02224859546 0.5
10036 12848 2.958039892 0.02224859546 0.5
10037 10040 0 0 0.5
10037 12844 3.328062499 0.05454356057 0.5
10037 12849 0 0 0.5
10038 10040 0 0 0.5
10038 12846 2.958039892 0.02224859546 0.5
10039 10040 0 0 0.5
10039 12846 2.958039892 0.02224859546 0.5
10042 10045 3.398529094 0.05296225071 0.5
10042 10048 0 0 0.5
10042 10051 3.422718218 0.05454356057 0.5
10042 10061 3.398529094 0.05296225071 0.5
10042 10064 0 0 0.5
10043 10046 2.979093822 0.02291287847 0.5
10043 10047 2.979093822 0.02291287847 0.5
10043 10052 3.422718218 0.05454356057 0.5
10043 10058 3.422718218 0.05454356057 0.5
10043 10060 3.422718218 0.05454356057 0.5
10044 10051 3.422718218 0.05454356057 0.5
10044 10059 3.422718218 0.05454356057 0.5
10045 10050 3.398529094 0.05296225071 0.5
10046 10048 0 0 0.5
10047 10048 0 0 0.5
10048 10050 0 0 0.5
10050 10053 3.398529094 0.05296225071 0.5
10050 10056 0 0 0.5
10050 10059 3.422718218 0.05454356057 0.5
10051 10054 2.979093822 0.02291287847 0.5
10051 10055 2.979093822 0.02291287847 0.5
10051 10060 3.422718218 0.05454356057 0.5
10052 10059 3.422718218 0.05454356057 0.5
10053 10058 3.398529094 0.05296225071 0.5
10054 10056 0 0 0.5
10055 10056 0 0 0.5
10056 10058 0 0 0.5
10058 10061 3.398529094 0.05296225071 0.5
10058 10064 0 0 0.5
10059 10062 2.979093822 0.02291287847 0.5
10059 10063 2.979093822 0.02291287847 0.5
10062 10064 0 0 0.5
10063 10064 0 0 0.5
10066 10069 3.398529094 0.05296225071 0.5
10066 10073 0 0 0.5
10066 10076 3.422718218 0.05454356057 0.5
10066 10086 3.398529094 0.05296225071 0.5
10066 10089 0 0 0.5
10067 10070 3.328062499 0.05454356057 0.5
10067 10071 2.979093822 0.02291287847 0.5
10067 10072 2.979093822 0.02291287847 0.5
10067 10077 3.422718218 0.05454356057 0.5
10067 10083 3.422718218 0.05454356057 0.5
10067 10085 3.422718218 0.05454356057 0.5
10068 10076 3.422718218 0.05454356057 0.5
10068 10084 3.422718218 0.05454356057 0.5
10068 10175 3.398529094 0.05296225071 0.5
10069 10075 3.398529094 0.05296225071 0.5
10069 10174 3.398529094 0.05296225071 0.5
10069 10176 2.958039892 0.02224859546 0.5
10069 10177 2.958039892 0.02224859546 0.5
10070 10073 0 0 0.5
10070 10173 3.328062499 0.05454356057 0.5
10070 10178 0 0 0.5
10071 10073 0 0 0.5
10071 10175 2.958039892 0.02224859546 0.5
10072 10073 0 0 0.5
10072 10175 2.958039892 0.02224859546 0.5
10073 10075 0 0 0.5
10075 10078 3.398529094 0.05296225071 0.5
10075 10081 0 0 0.5
10075 10084 3.422718218 0.05454356057 0.5
10076 10079 2.979093822 0.02291287847 0.5
10076 10080 2.979093822 0.02291287847 0.5
10076 10085 3.422718218 0.05454356057 0.5
10077 10084 3.422718218 0.05454356057 0.5
10078 10083 3.398529094 0.05296225071 0.5
10079 10081 0 0 0.5
10080 10081 0 0 0.5
10081 10083 0 0 0.5
10083 10086 3.398529094 0.05296225071 0.5
10083 10089 0 0 0.5
10084 10087 2.979093822 0.02291287847 0.5
10084 10088 2.979093822 0.02291287847 0.5
10087 10089 0 0 0.5
10088 10089 0 0 0.5
10091 10094 3.398529094 0.05296225071 0.5
10091 10097 0 0 0.5
10091 10100 3.422718218 0.05454356057 0.5
10091 10110 3.398529094 0.05296225071 0.5
10091 10113 0 0 0.5
10092 10095 2.979093822 0.02291287847 0.5
10092 10096 2.979093822 0.02291287847 0.5
10092 10101 3.422718218 0.05454356057 0.5
10092 10107 3.422718218 0.05454356057 0.5
10092 10109 3.422718218 0.05454356057 0.5
10093 10100 3.422718218 0.05454356057 0.5
10093 10108 3.422718218 0.05454356057 0.5
10094 10099 3.398529094 0.05296225071 0.5
10095 10097 0 0 0.5
10096 10097 0 0 0.5
10097 10099 0 0 0.5
10099 10102 3.398529094 0.05296225071 0.5
10099 10105 0 0 0.5
10099 10108 3.422718218 0.05454356057 0.5
10100 10103 2.979093822 0.02291287847 0.5
10100 10104 2.979093822 0.02291287847 0.5
10100 10109 3.422718218 0.05454356057 0.5
10101 10108 3.422718218 0.05454356057 0.5
10102 10107 3.398529094 0.05296225071 0.5
10103 10105 0 0 0.5
10104 10105 0 0 0.5
10105 10107 0 0 0.5
10107 10110 3.398529094 0.05296225071 0.5
10107 10113 0 0 0.5
10108 10111 2.979093822 0.02291287847 0.5
10108 10112 2.979093822 0.02291287847 0.5
10111 10113 0 0 0.5
10112 10113 0 0 0.5
10115 10118 3.398529094 0.05296225071 0.5
10115 10122 0 0 0.5
10115 10125 3.422718218 0.05454356057 0.5
10115 10135 3.398529094 0.05296225071 0.5
10115 10138 0 0 0.5
10116 10119 3.328062499 0.05454356057 0.5
10116 10120 2.979093822 0.02291287847 0.5
10116 10121 2.979093822 0.02291287847 0.5
10116 10126 3.422718218 0.05454356057 0.5
10116 10132 3.422718218 0.05454356057 0.5
10116 10134 3.422718218 0.05454356057 0.5
10117 10125 3.422718218 0.05454356057 0.5
10117 10133 3.422718218 0.05454356057 0.5
10117 10651 3.398529094 0.05296225071 0.5
10118 10124 3.398529094 0.05296225071 0.5
10118 10650 3.398529094 0.05296225071 0.5
10118 10652 2.958039892 0.02224859546 0.5
10118 10653 2.958039892 0.02224859546 0.5
10119 10122 0 0 0.5
10119 10649 3.328062499 0.05454356057 0.5
10119 10654 0 0 0.5
10120 10122 0 0 0.5
10120 10651 2.958039892 0.02224859546 0.5
10121 10122 0 0 0.5
10121 10651 2.958039892 0.02224859546 0.5
10122 10124 0 0 0.5
10124 10127 3.398529094 0.05296225071 0.5
10124 10130 0 0 0.5
10124 10133 3.422718218 0.05454356057 0.5
10125 10128 2.979093822 0.02291287847 0.5
10125 10129 2.979093822 0.02291287847 0.5
10125 10134 3.422718218 0.05454356057 0.5
10126 10133 3.422718218 0.05454356057 0.5
10127 10132 3.398529094 0.05296225071 0.5
10128 10130 0 0 0.5
10129 10130 0 0 0.5
10130 10132 0 0 0.5
10132 10135 3.398529094 0.05296225071 0.5
10132 10138 0 0 0.5
10133 10136 2.979093822 0.02291287847 0.5
10133 10137 2.979093822 0.02291287847 0.5
10136 10138 0 0 0.5
10137 10138 0 0 0.5
10140 10143 3.398529094 0.05296225071 0.5
10140 10146 0 0 0.5
10140 10149 3.422718218 0.05454356057 0.5
10140 10159 3.398529094 0.05296225071 0.5
10140 10162 0 0 0.5
10141 10144 2.979093822 0.02291287847 0.5
10141 10145 2.979093822 0.02291287847 0.5
10141 10150 3.422718218 0.05454356057 0.5
10141 10156 3.422718218 0.05454356057 0.5
10141 10158 3.422718218 0.05454356057 0.5
10142 10149 3.422718218 0.05454356057 0.5
10142 10157 3.422718218 0.05454356057 0.5
10143 10148 3.398529094 0.05296225071 0.5
10144 10146 0 0 0.5
10145 10146 0 0 0.5
10146 10148 0 0 0.5
10148 10151 3.398529094 0.05296225071 0.5
10148 10154 0 0 0.5
10148 10157 3.422718218 0.05454356057 0.5
10149 10152 2.979093822 0.02291287847 0.5
10149 10153 2.979093822 0.02291287847 0.5
10149 10158 3.422718218 0.05454356057 0.5
10150 10157 3.422718218 0.05454356057 0.5
10151 10156 3.398529094 0.05296225071 0.5
10152 10154 0 0 0.5
10153 10154 0 0 0.5
10154 10156 0 0 0.5
10156 10159 3.398529094 0.05296225071 0.5
10156 10162 0 0 0.5
10157 10160 2.979093822 0.02291287847 0.5
10157 10161 2.979093822 0.02291287847 0.5
10160 10162 0 0 0.5
10161 10162 0 0 0.5
10164 10167 3.398529094 0.05296225071 0.5
10164 10170 0 0 0.5
10164 10173 3.422718218 0.05454356057 0.5
10164 10183 3.398529094 0.05296225071 0.5
10164 10186 0 0 0.5
10165 10168 2.979093822 0.02291287847 0.5
10165 10169 2.979093822 0.02291287847 0.5
10165 10174 3.422718218 0.05454356057 0.5
10165 10180 3.422718218 0.05454356057 0.5
10165 10182 3.422718218 0.05454356057 0.5
10166 10173 3.422718218 0.05454356057 0.5
10166 10181 3.422718218 0.05454356057 0.5
10167 10172 3.398529094 0.05296225071 0.5
10168 10170 0 0 0.5
10169 10170 0 0 0.5
10170 10172 0 0 0.5
10172 10175 3.398529094 0.05296225071 0.5
10172 10178 0 0 0.5
10172 10181 3.422718218 0.05454356057 0.5
10173 10176 2.979093822 0.02291287847 0.5
10173 10177 2.979093822 0.02291287847 0.5
10173 10182 3.422718218 0.05454356057 0.5
10174 10181 3.422718218 0.05454356057 0.5
10175 10180 3.398529094 0.05296225071 0.5
10176 10178 0 0 0.5
10177 10178 0 0 0.5
10178 10180 0 0 0.5
10180 10183 3.398529094 0.05296225071 0.5
10180 10186 0 0 0.5
10181 10184 2.979093822 0.02291287847 0.5
10181 10185 2.979093822 0.02291287847 0.5
10184 10186 0 0 0.5
10185 10186 0 0 0.5
10188 10191 3.398529094 0.05296225071 0.5
10188 10194 0 0 0.5
10188 10197 3.422718218 0.05454356057 0.5
10188 10209 3.398529094 0.05296225071 0.5
10188 10212 0 0 0.5
10189 10192 2.979093822 0.02291287847 0.5
10189 10193 2.979093822 0.02291287847 0.5
10189 10198 3.422718218 0.05454356057 0.5
10189 10206 3.422718218 0.05454356057 0.5
10189 10208 3.422718218 0.05454356057 0.5
10190 10197 3.422718218 0.05454356057 0.5
10190 10207 3.422718218 0.05454356057 0.5
10191 10196 3.398529094 0.05296225071 0.5
10192 10194 0 0 0.5
10193 10194 0 0 0.5
10194 10196 0 0 0.5
10196 10199 3.398529094 0.05296225071 0.5
10196 10204 0 0 0.5
10196 10207 3.422718218 0.05454356057 0.5
10197 10200 3.328062499 0.05454356057 0.5
10197 10202 2.979093822 0.02291287847 0.5
10197 10203 2.979093822 0.02291287847 0.5
10197 10208 3.422718218 0.05454356057 0.5
10198 10201 0 0 0.5
10198 10207 3.422718218 0.05454356057 0.5
10199 10206 3.398529094 0.05296225071 0.5
10200 10204 0 0 0.5
10201 10202 0 0 0.5
10201 10203 0 0 0.5
10202 10204 0 0 0.5
10203 10204 0 0 0.5
10204 10206 0 0 0.5
10206 10209 3.398529094 0.05296225071 0.5
10206 10212 0 0 0.5
10207 10210 2.979093822 0.02291287847 0.5
10207 10211 2.979093822 0.02291287847 0.5
10210 10212 0 0 0.5
10211 10212 0 0 0.5
10214 10217 3.398529094 0.05296225071 0.5
10214 10220 0 0 0.5
10214 10223 3.422718218 0.05454356057 0.5
10214 10235 3.398529094 0.05296225071 0.5
10214 10238 0 0 0.5
10215 10218 2.979093822 0.02291287847 0.5
10215 10219 2.979093822 0.02291287847 0.5
10215 10224 3.422718218 0.05454356057 0.5
10215 10232 3.422718218 0.05454356057 0.5
10215 10234 3.422718218 0.05454356057 0.5
10216 10223 3.422718218 0.05454356057 0.5
10216 10233 3.422718218 0.05454356057 0.5
10217 10222 3.398529094 0.05296225071 0.5
10218 10220 0 0 0.5
10219 10220 0 0 0.5
10220 10222 0 0 0.5
10222 10225 3.398529094 0.05296225071 0.5
10222 10230 0 0 0.5
10222 10233 3.422718218 0.05454356057 0.5
10223 10226 3.328062499 0.05454356057 0.5
10223 10228 2.979093822 0.02291287847 0.5
10223 10229 2.979093822 0.02291287847 0.5
10223 10234 3.422718218 0.05454356057 0.5
10224 10227 0 0 0.5
10224 10233 3.422718218 0.05454356057 0.5
10225 10232 3.398529094 0.05296225071 0.5
10226 10230 0 0 0.5
10227 10228 0 0 0.5
10227 10229 0 0 0.5
10228 10230 0 0 0.5
10229 10230 0 0 0.5
10230 10232 0 0 0.5
10232 10235 3.398529094 0.05296225071 0.5
10232 10238 0 0 0.5
10233 10236 2.979093822 0.02291287847 0.5
10233 10237 2.979093822 0.02291287847 0.5
10236 10238 0 0 0.5
10237 10238 0 0 0.5
10240 10243 3.398529094 0.05296225071 0.5
10240 10246 0 0 0.5
10240 10249 3.422718218 0.05454356057 0.5
10240 10260 3.398529094 0.05296225071 0.5
10240 10263 0 0 0.5
10241 10244 2.979093822 0.02291287847 0.5
10241 10245 2.979093822 0.02291287847 0.5
10241 10250 3.422718218 0.05454356057 0.5
10241 10257 3.422718218 0.05454356057 0.5
10241 10259 3.422718218 0.05454356057 0.5
10242 10249 3.422718218 0.05454356057 0.5
10242 10258 3.422718218 0.05454356057 0.5
10243 10248 3.398529094 0.05296225071 0.5
10244 10246 0 0 0.5
10245 10246 0 0 0.5
10246 10248 0 0 0.5
10248 10251 3.398529094 0.05296225071 0.5
10248 10255 0 0 0.5
10248 10258 3.422718218 0.05454356057 0.5
10249 10252 3.328062499 0.05454356057 0.5
10249 10253 2.979093822 0.02291287847 0.5
10249 10254 2.979093822 0.02291287847 0.5
10249 10259 3.422718218 0.05454356057 0.5
10250 10258 3.422718218 0.05454356057 0.5
10250 10549 3.398529094 0.05296225071 0.5
10251 10257 3.398529094 0.05296225071 0.5
10251 10548 3.398529094 0.05296225071 0.5
10251 10550 2.958039892 0.02224859546 0.5
10251 10551 2.958039892 0.02224859546 0.5
10252 10255 0 0 0.5
10252 10547 3.328062499 0.05454356057 0.5
10252 10552 0 0 0.5
10253 10255 0 0 0.5
10253 10549 2.958039892 0.02224859546 0.5
10254 10255 0 0 0.5
10254 10549 2.958039892 0.02224859546 0.5
10255 10257 0 0 0.5
10257 10260 3.398529094 0.05296225071 0.5
10257 10263 0 0 0.5
10258 10261 2.979093822 0.02291287847 0.5
10258 10262 2.979093822 0.02291287847 0.5
10261 10263 0 0 0.5
10262 10263 0 0 0.5
10265 10268 3.398529094 0.05296225071 0.5
10265 10271 0 0 0.5
10265 10274 3.422718218 0.05454356057 0.5
10265 10284 3.398529094 0.05296225071 0.5
10265 10287 0 0 0.5
10266 10269 2.979093822 0.02291287847 0.5
10266 10270 2.979093822 0.02291287847 0.5
10266 10275 3.422718218 0.05454356057 0.5
10266 10281 3.422718218 0.05454356057 0.5
10266 10283 3.422718218 0.05454356057 0.5
10267 10274 3.422718218 0.05454356057 0.5
10267 10282 3.422718218 0.05454356057 0.5
10268 10273 3.398529094 0.05296225071 0.5
10269 10271 0 0 0.5
10270 10271 0 0 0.5
10271 10273 0 0 0.5
10273 10276 3.398529094 0.05296225071 0.5
10273 10279 0 0 0.5
10273 10282 3.422718218 0.05454356057 0.5
10274 10277 2.979093822 0.02291287847 0.5
10274 10278 2.979093822 0.02291287847 0.5
10274 10283 3.422718218 0.05454356057 0.5
10275 10282 3.422718218 0.05454356057 0.5
10276 10281 3.398529094 0.05296225071 0.5
10277 10279 0 0 0.5
10278 10279 0 0 0.5
10279 10281 0 0 0.5
10281 10284 3.398529094 0.05296225071 0.5
10281 10287 0 0 0.5
10282 10285 2.979093822 0.02291287847 0.5
10282 10286 2.979093822 0.02291287847 0.5
10285 10287 0 0 0.5
10286 10287 0 0 0.5
10289 10292 3.398529094 0.05296225071 0.5
10289 10295 0 0 0.5
10289 10298 3.422718218 0.05454356057 0.5
10289 10308 3.398529094 0.05296225071 0.5
10289 10312 0 0 0.5
10290 10293 2.979093822 0.02291287847 0.5
10290 10294 2.979093822 0.02291287847 0.5
10290 10299 3.422718218 0.05454356057 0.5
10290 10305 3.422718218 0.05454356057 0.5
10290 10307 3.422718218 0.05454356057 0.5
10291 10298 3.422718218 0.05454356057 0.5
10291 10306 3.422718218 0.05454356057 0.5
10292 10297 3.398529094 0.05296225071 0.5
10293 10295 0 0 0.5
10294 10295 0 0 0.5
10295 10297 0 0 0.5
10297 10300 3.398529094 0.05296225071 0.5
10297 10303 0 0 0.5
10297 10306 3.422718218 0.05454356057 0.5
10298 10301 2.979093822 0.02291287847 0.5
10298 10302 2.979093822 0.02291287847 0.5
10298 10307 3.422718218 0.05454356057 0.5
10299 10306 3.422718218 0.05454356057 0.5
10300 10305 3.398529094 0.05296225071 0.5
10301 10303 0 0 0.5
10302 10303 0 0 0.5
10303 10305 0 0 0.5
10305 10308 3.398529094 0.05296225071 0.5
10305 10312 0 0 0.5
10306 10309 3.328062499 0.05454356057 0.5
10306 10310 2.979093822 0.02291287847 0.5
10306 10311 2.979093822 0.02291287847 0.5
10307 12033 3.398529094 0.05296225071 0.5
10308 12032 3.398529094 0.05296225071 0.5
10308 12034 2.958039892 0.02224859546 0.5
10308 12035 2.958039892 0.02224859546 0.5
10309 10312 0 0 0.5
10309 12031 3.328062499 0.05454356057 0.5
10309 12036 0 0 0.5
10310 10312 0 0 0.5
10310 12033 2.958039892 0.02224859546 0.5
10311 10312 0 0 0.5
10311 12033 2.958039892 0.02224859546 0.5
10314 10317 3.398529094 0.05296225071 0.5
10314 10320 0 0 0.5
10314 10323 3.422718218 0.05454356057 0.5
10314 10333 3.398529094 0.05296225071 0.5
10314 10336 0 0 0.5
10315 10318 2.979093822 0.02291287847 0.5
10315 10319 2.979093822 0.02291287847 0.5
10315 10324 3.422718218 0.05454356057 0.5
10315 10330 3.422718218 0.05454356057 0.5
10315 10332 3.422718218 0.05454356057 0.5
10316 10323 3.422718218 0.05454356057 0.5
10316 10331 3.422718218 0.05454356057 0.5
10317 10322 3.398529094 0.05296225071 0.5
10318 10320 0 0 0.5
10319 10320 0 0 0.5
10320 10322 0 0 0.5
10322 10325 3.398529094 0.05296225071 0.5
10322 10328 0 0 0.5
10322 10331 3.422718218 0.05454356057 0.5
10323 10326 2.979093822 0.02291287847 0.5
10323 10327 2.979093822 0.02291287847 0.5
10323 10332 3.422718218 0.05454356057 0.5
10324 10331 3.422718218 0.05454356057 0.5
10325 10330 3.398529094 0.05296225071 0.5
10326 10328 0 0 0.5
10327 10328 0 0 0.5
10328 10330 0 0 0.5
10330 10333 3.398529094 0.05296225071 0.5
10330 10336 0 0 0.5
10331 10334 2.979093822 0.02291287847 0.5
10331 10335 2.979093822 0.02291287847 0.5
10334 10336 0 0 0.5
10335 10336 0 0 0.5
10338 10341 3.398529094 0.05296225071 0.5
10338 10344 0 0 0.5
10338 10347 3.422718218 0.05454356057 0.5
10338 10357 3.398529094 0.05296225071 0.5
10338 10361 0 0 0.5
10339 10342 2.979093822 0.02291287847 0.5
10339 10343 2.979093822 0.02291287847 0.5
10339 10348 3.422718218 0.05454356057 0.5
10339 10354 3.422718218 0.05454356057 0.5
10339 10356 3.422718218 0.05454356057 0.5
10340 10347 3.422718218 0.05454356057 0.5
10340 10355 3.422718218 0.05454356057 0.5
10341 10346 3.398529094 0.05296225071 0.5
10342 10344 0 0 0.5
10343 10344 0 0 0.5
10344 10346 0 0 0.5
10346 10349 3.398529094 0.05296225071 0.5
10346 10352 0 0 0.5
10346 10355 3.422718218 0.05454356057 0.5
10347 10350 2.979093822 0.02291287847 0.5
10347 10351 2.979093822 0.02291287847 0.5
10347 10356 3.422718218 0.05454356057 0.5
10348 10355 3.422718218 0.05454356057 0.5
10349 10354 3.398529094 0.05296225071 0.5
10350 10352 0 0 0.5
10351 10352 0 0 0.5
10352 10354 0 0 0.5
10354 10357 3.398529094 0.05296225071 0.5
10354 10361 0 0 0.5
10355 10358 3.328062499 0.05454356057 0.5
10355 10359 2.979093822 0.02291287847 0.5
10355 10360 2.979093822 0.02291287847 0.5
10356 10484 3.398529094 0.05296225071 0.5
10357 10483 3.398529094 0.05296225071 0.5
10357 10485 2.958039892 0.02224859546 0.5
10357 10486 2.958039892 0.02224859546 0.5
10358 10361 0 0 0.5
10358 10482 3.328062499 0.05454356057 0.5
10358 10487 0 0 0.5
10359 10361 0 0 0.5
10359 10484 2.958039892 0.02224859546 0.5
10360 10361 0 0 0.5
10360 10484 2.958039892 0.02224859546 0.5
10363 10366 3.398529094 0.05296225071 0.5
10363 10369 0 0 0.5
10363 10372 3.422718218 0.05454356057 0.5
10363 10382 3.398529094 0.05296225071 0.5
10363 10386 0 0 0.5
10364 10367 2.979093822 0.02291287847 0.5
10364 10368 2.979093822 0.02291287847 0.5
10364 10373 3.422718218 0.05454356057 0.5
10364 10379 3.422718218 0.05454356057 0.5
10364 10381 3.422718218 0.05454356057 0.5
10365 10372 3.422718218 0.05454356057 0.5
10365 10380 3.422718218 0.05454356057 0.5
10366 10371 3.398529094 0.05296225071 0.5
10367 10369 0 0 0.5
10368 10369 0 0 0.5
10369 10371 0 0 0.5
10371 10374 3.398529094 0.05296225071 0.5
10371 10377 0 0 0.5
10371 10380 3.422718218 0.05454356057 0.5
10372 10375 2.979093822 0.02291287847 0.5
10372 10376 2.979093822 0.02291287847 0.5
10372 10381 3.422718218 0.05454356057 0.5
10373 10380 3.422718218 0.05454356057 0.5
10374 10379 3.398529094 0.05296225071 0.5
10375 10377 0 0 0.5
10376 10377 0 0 0.5
10377 10379 0 0 0.5
10379 10382 3.398529094 0.05296225071 0.5
10379 10386 0 0 0.5
10380 10383 3.328062499 0.05454356057 0.5
10380 10384 2.979093822 0.02291287847 0.5
10380 10385 2.979093822 0.02291287847 0.5
10381 12362 3.398529094 0.05296225071 0.5
10382 12361 3.398529094 0.05296225071 0.5
10382 12363 2.958039892 0.02224859546 0.5
10382 12364 2.958039892 0.02224859546 0.5
10383 10386 0 0 0.5
10383 12360 3.328062499 0.05454356057 0.5
10383 12365 0 0 0.5
10384 10386 0 0 0.5
10384 12362 2.958039892 0.02224859546 0.5
10385 10386 0 0 0.5
10385 12362 2.958039892 0.02224859546 0.5
10388 10391 3.398529094 0.05296225071 0.5
10388 10394 0 0 0.5
10388 10397 3.422718218 0.05454356057 0.5
10388 10409 3.398529094 0.05296225071 0.5
10388 10412 0 0 0.5
10389 10392 2.979093822 0.02291287847 0.5
10389 10393 2.979093822 0.02291287847 0.5
10389 10398 3.422718218 0.05454356057 0.5
10389 10406 3.422718218 0.05454356057 0.5
10389 10408 3.422718218 0.05454356057 0.5
10390 10397 3.422718218 0.05454356057 0.5
10390 10407 3.422718218 0.05454356057 0.5
10391 10396 3.398529094 0.05296225071 0.5
10392 10394 0 0 0.5
10393 10394 0 0 0.5
10394 10396 0 0 0.5
10396 10399 3.398529094 0.05296225071 0.5
10396 10404 0 0 0.5
10396 10407 3.422718218 0.05454356057 0.5
10397 10400 3.328062499 0.05454356057 0.5
10397 10402 2.979093822 0.02291287847 0.5
10397 10403 2.979093822 0.02291287847 0.5
10397 10408 3.422718218 0.05454356057 0.5
10398 10401 0 0 0.5
10398 10407 3.422718218 0.05454356057 0.5
10399 10406 3.398529094 0.05296225071 0.5
10400 10404 0 0 0.5
10401 10402 0 0 0.5
10401 10403 0 0 0.5
10402 10404 0 0 0.5
10403 10404 0 0 0.5
10404 10406 0 0 0.5
10406 10409 3.398529094 0.05296225071 0.5
10406 10412 0 0 0.5
10407 10410 2.979093822 0.02291287847 0.5
10407 10411 2.979093822 0.02291287847 0.5
10410 10412 0 0 0.5
10411 10412 0 0 0.5
10414 10417 3.398529094 0.05296225071 0.5
10414 10420 0 0 0.5
10414 10423 3.422718218 0.05454356057 0.5
10414 10433 3.398529094 0.05296225071 0.5
10414 10437 0 0 0.5
10415 10418 2.979093822 0.02291287847 0.5
10415 10419 2.979093822 0.02291287847 0.5
10415 10424 3.422718218 0.05454356057 0.5
10415 10430 3.422718218 0.05454356057 0.5
10415 10432 3.422718218 0.05454356057 0.5
10416 10423 3.422718218 0.05454356057 0.5
10416 10431 3.422718218 0.05454356057 0.5
10417 10422 3.398529094 0.05296225071 0.5
10418 10420 0 0 0.5
10419 10420 0 0 0.5
10420 10422 0 0 0.5
10422 10425 3.398529094 0.05296225071 0.5
10422 10428 0 0 0.5
10422 10431 3.422718218 0.05454356057 0.5
10423 10426 2.979093822 0.02291287847 0.5
10423 10427 2.979093822 0.02291287847 0.5
10423 10432 3.422718218 0.05454356057 0.5
10424 10431 3.422718218 0.05454356057 0.5
10425 10430 3.398529094 0.05296225071 0.5
10426 10428 0 0 0.5
10427 10428 0 0 0.5
10428 10430 0 0 0.5
10430 10433 3.398529094 0.05296225071 0.5
10430 10437 0 0 0.5
10431 10434 3.328062499 0.05454356057 0.5
10431 10435 2.979093822 0.02291287847 0.5
10431 10436 2.979093822 0.02291287847 0.5
10432 10826 3.398529094 0.05296225071 0.5
10433 10825 3.398529094 0.05296225071 0.5
10433 10827 2.958039892 0.02224859546 0.5
10433 10828 2.958039892 0.02224859546 0.5
10434 10437 0 0 0.5
10434 10824 3.328062499 0.05454356057 0.5
10434 10829 0 0 0.5
10435 10437 0 0 0.5
10435 10826 2.958039892 0.02224859546 0.5
10436 10437 0 0 0.5
10436 10826 2.958039892 0.02224859546 0.5
10439 10442 3.398529094 0.05296225071 0.5
10439 10447 0 0 0.5
10439 10450 3.422718218 0.05454356057 0.5
10439 10460 3.398529094 0.05296225071 0.5
10439 10463 0 0 0.5
10440 10443 3.328062499 0.05454356057 0.5
10440 10445 2.979093822 0.02291287847 0.5
10440 10446 2.979093822 0.02291287847 0.5
10440 10451 3.422718218 0.05454356057 0.5
10440 10457 3.422718218 0.05454356057 0.5
10440 10459 3.422718218 0.05454356057 0.5
10441 10444 0 0 0.5
10441 10450 3.422718218 0.05454356057 0.5
10441 10458 3.422718218 0.05454356057 0.5
10442 10449 3.398529094 0.05296225071 0.5
10443 10447 0 0 0.5
10444 10445 0 0 0.5
10444 10446 0 0 0.5
10445 10447 0 0 0.5
10446 10447 0 0 0.5
10447 10449 0 0 0.5
10449 10452 3.398529094 0.05296225071 0.5
10449 10455 0 0 0.5
10449 10458 3.422718218 0.05454356057 0.5
10450 10453 2.979093822 0.02291287847 0.5
10450 10454 2.979093822 0.02291287847 0.5
10450 10459 3.422718218 0.05454356057 0.5
10451 10458 3.422718218 0.05454356057 0.5
10452 10457 3.398529094 0.05296225071 0.5
10453 10455 0 0 0.5
10454 10455 0 0 0.5
10455 10457 0 0 0.5
10457 10460 3.398529094 0.05296225071 0.5
10457 10463 0 0 0.5
10458 10461 2.979093822 0.02291287847 0.5
10458 10462 2.979093822 0.02291287847 0.5
10461 10463 0 0 0.5
10462 10463 0 0 0.5
10465 10468 3.398529094 0.05296225071 0.5
10465 10471 0 0 0.5
10465 10474 3.422718218 0.05454356057 0.5
10465 10484 3.398529094 0.05296225071 0.5
10465 10487 0 0 0.5
10466 10469 2.979093822 0.02291287847 0.5
10466 10470 2.979093822 0.02291287847 0.5
10466 10475 3.422718218 0.05454356057 0.5
10466 10481 3.422718218 0.05454356057 0.5
10466 10483 3.422718218 0.05454356057 0.5
10467 10474 3.422718218 0.05454356057 0.5
10467 10482 3.422718218 0.05454356057 0.5
10468 10473 3.398529094 0.05296225071 0.5
10469 10471 0 0 0.5
10470 10471 0 0 0.5
10471 10473 0 0 0.5
10473 10476 3.398529094 0.05296225071 0.5
10473 10479 0 0 0.5
10473 10482 3.422718218 0.05454356057 0.5
10474 10477 2.979093822 0.02291287847 0.5
10474 10478 2.979093822 0.02291287847 0.5
10474 10483 3.422718218 0.05454356057 0.5
10475 10482 3.422718218 0.05454356057 0.5
10476 10481 3.398529094 0.05296225071 0.5
10477 10479 0 0 0.5
10478 10479 0 0 0.5
10479 10481 0 0 0.5
10481 10484 3.398529094 0.05296225071 0.5
10481 10487 0 0 0.5
10482 10485 2.979093822 0.02291287847 0.5
10482 10486 2.979093822 0.02291287847 0.5
10485 10487 0 0 0.5
10486 10487 0 0 0.5
10489 10492 3.398529094 0.05296225071 0.5
10489 10495 0 0 0.5
10489 10498 3.422718218 0.05454356057 0.5
10489 10508 3.398529094 0.05296225071 0.5
10489 10511 0 0 0.5
10490 10493 2.979093822 0.02291287847 0.5
10490 10494 2.979093822 0.02291287847 0.5
10490 10499 3.422718218 0.05454356057 0.5
10490 10505 3.422718218 0.05454356057 0.5
10490 10507 3.422718218 0.05454356057 0.5
10491 10498 3.422718218 0.05454356057 0.5
10491 10506 3.422718218 0.05454356057 0.5
10492 10497 3.398529094 0.05296225071 0.5
10493 10495 0 0 0.5
10494 10495 0 0 0.5
10495 10497 0 0 0.5
10497 10500 3.398529094 0.05296225071 0.5
10497 10503 0 0 0.5
10497 10506 3.422718218 0.05454356057 0.5
10498 10501 2.979093822 0.02291287847 0.5
10498 10502 2.979093822 0.02291287847 0.5
10498 10507 3.422718218 0.05454356057 0.5
10499 10506 3.422718218 0.05454356057 0.5
10500 10505 3.398529094 0.05296225071 0.5
10501 10503 0 0 0.5
10502 10503 0 0 0.5
10503 10505 0 0 0.5
10505 10508 3.398529094 0.05296225071 0.5
10505 10511 0 0 0.5
10506 10509 2.979093822 0.02291287847 0.5
10506 10510 2.979093822 0.02291287847 0.5
10509 10511 0 0 0.5
10510 10511 0 0 0.5
10513 10516 3.398529094 0.05296225071 0.5
10513 10519 0 0 0.5
10513 10522 3.422718218 0.05454356057 0.5
10513 10533 3.398529094 0.05296225071 0.5
10513 10536 0 0 0.5
10514 10517 2.979093822 0.02291287847 0.5
10514 10518 2.979093822 0.02291287847 0.5
10514 10523 3.422718218 0.05454356057 0.5
10514 10530 3.422718218 0.05454356057 0.5
10514 10532 3.422718218 0.05454356057 0.5
10515 10522 3.422718218 0.05454356057 0.5
10515 10531 3.422718218 0.05454356057 0.5
10516 10521 3.398529094 0.05296225071 0.5
10517 10519 0 0 0.5
10518 10519 0 0 0.5
10519 10521 0 0 0.5
10521 10524 3.398529094 0.05296225071 0.5
10521 10528 0 0 0.5
10521 10531 3.422718218 0.05454356057 0.5
10522 10525 3.328062499 0.05454356057 0.5
10522 10526 2.979093822 0.02291287847 0.5
10522 10527 2.979093822 0.02291287847 0.5
10522 10532 3.422718218 0.05454356057 0.5
10523 10531 3.422718218 0.05454356057 0.5
10523 10625 3.398529094 0.05296225071 0.5
10524 10530 3.398529094 0.05296225071 0.5
10524 10624 3.398529094 0.05296225071 0.5
10524 10626 2.958039892 0.02224859546 0.5
10524 10627 2.958039892 0.02224859546 0.5
10525 10528 0 0 0.5
10525 10623 3.328062499 0.05454356057 0.5
10525 10628 0 0 0.5
10526 10528 0 0 0.5
10526 10625 2.958039892 0.02224859546 0.5
10527 10528 0 0 0.5
10527 10625 2.958039892 0.02224859546 0.5
10528 10530 0 0 0.5
10530 10533 3.398529094 0.05296225071 0.5
10530 10536 0 0 0.5
10531 10534 2.979093822 0.02291287847 0.5
10531 10535 2.979093822 0.02291287847 0.5
10534 10536 0 0 0.5
10535 10536 0 0 0.5
10538 10541 3.398529094 0.05296225071 0.5
10538 10544 0 0 0.5
10538 10547 3.422718218 0.05454356057 0.5
10538 10557 3.398529094 0.05296225071 0.5
10538 10562 0 0 0.5
10539 10542 2.979093822 0.02291287847 0.5
10539 10543 2.979093822 0.02291287847 0.5
10539 10548 3.422718218 0.05454356057 0.5
10539 10554 3.422718218 0.05454356057 0.5
10539 10556 3.422718218 0.05454356057 0.5
10540 10547 3.422718218 0.05454356057 0.5
10540 10555 3.422718218 0.05454356057 0.5
10541 10546 3.398529094 0.05296225071 0.5
10542 10544 0 0 0.5
10543 10544 0 0 0.5
10544 10546 0 0 0.5
10546 10549 3.398529094 0.05296225071 0.5
10546 10552 0 0 0.5
10546 10555 3.422718218 0.05454356057 0.5
10547 10550 2.979093822 0.02291287847 0.5
10547 10551 2.979093822 0.02291287847 0.5
10547 10556 3.422718218 0.05454356057 0.5
10548 10555 3.422718218 0.05454356057 0.5
10549 10554 3.398529094 0.05296225071 0.5
10550 10552 0 0 0.5
10551 10552 0 0 0.5
10552 10554 0 0 0.5
10554 10557 3.398529094 0.05296225071 0.5
10554 10562 0 0 0.5
10555 10558 3.328062499 0.05454356057 0.5
10555 10560 2.979093822 0.02291287847 0.5
10555 10561 2.979093822 0.02291287847 0.5
10556 10559 0 0 0.5
10558 10562 0 0 0.5
10559 10560 0 0 0.5
10559 10561 0 0 0.5
10560 10562 0 0 0.5
10561 10562 0 0 0.5
10564 10567 3.398529094 0.05296225071 0.5
10564 10572 0 0 0.5
10564 10575 3.422718218 0.05454356057 0.5
10564 10585 3.398529094 0.05296225071 0.5
10564 10588 0 0 0.5
10565 10568 3.328062499 0.05454356057 0.5
10565 10570 2.979093822 0.02291287847 0.5
10565 10571 2.979093822 0.02291287847 0.5
10565 10576 3.422718218 0.05454356057 0.5
10565 10582 3.422718218 0.05454356057 0.5
10565 10584 3.422718218 0.05454356057 0.5
10566 10569 0 0 0.5
10566 10575 3.422718218 0.05454356057 0.5
10566 10583 3.422718218 0.05454356057 0.5
10567 10574 3.398529094 0.05296225071 0.5
10568 10572 0 0 0.5
10569 10570 0 0 0.5
10569 10571 0 0 0.5
10570 10572 0 0 0.5
10571 10572 0 0 0.5
10572 10574 0 0 0.5
10574 10577 3.398529094 0.05296225071 0.5
10574 10580 0 0 0.5
10574 10583 3.422718218 0.05454356057 0.5
10575 10578 2.979093822 0.02291287847 0.5
10575 10579 2.979093822 0.02291287847 0.5
10575 10584 3.422718218 0.05454356057 0.5
10576 10583 3.422718218 0.05454356057 0.5
10577 10582 3.398529094 0.05296225071 0.5
10578 10580 0 0 0.5
10579 10580 0 0 0.5
10580 10582 0 0 0.5
10582 10585 3.398529094 0.05296225071 0.5
10582 10588 0 0 0.5
10583 10586 2.979093822 0.02291287847 0.5
10583 10587 2.979093822 0.02291287847 0.5
10586 10588 0 0 0.5
10587 10588 0 0 0.5
10590 10593 3.398529094 0.05296225071 0.5
10590 10596 0 0 0.5
10590 10599 3.422718218 0.05454356057 0.5
10590 10609 3.398529094 0.05296225071 0.5
10590 10612 0 0 0.5
10591 10594 2.979093822 0.02291287847 0.5
10591 10595 2.979093822 0.02291287847 0.5
10591 10600 3.422718218 0.05454356057 0.5
10591 10606 3.422718218 0.05454356057 0.5
10591 10608 3.422718218 0.05454356057 0.5
10592 10599 3.422718218 0.05454356057 0.5
10592 10607 3.422718218 0.05454356057 0.5
10593 10598 3.398529094 0.05296225071 0.5
10594 10596 0 0 0.5
10595 10596 0 0 0.5
10596 10598 0 0 0.5
10598 10601 3.398529094 0.05296225071 0.5
10598 10604 0 0 0.5
10598 10607 3.422718218 0.05454356057 0.5
10599 10602 2.979093822 0.02291287847 0.5
10599 10603 2.979093822 0.02291287847 0.5
10599 10608 3.422718218 0.05454356057 0.5
10600 10607 3.422718218 0.05454356057 0.5
10601 10606 3.398529094 0.05296225071 0.5
10602 10604 0 0 0.5
10603 10604 0 0 0.5
10604 10606 0 0 0.5
10606 10609 3.398529094 0.05296225071 0.5
10606 10612 0 0 0.5
10607 10610 2.979093822 0.02291287847 0.5
10607 10611 2.979093822 0.02291287847 0.5
10610 10612 0 0 0.5
10611 10612 0 0 0.5
10614 10617 3.398529094 0.05296225071 0.5
10614 10620 0 0 0.5
10614 10623 3.422718218 0.05454356057 0.5
10614 10633 3.398529094 0.05296225071 0.5
10614 10638 0 0 0.5
10615 10618 2.979093822 0.02291287847 0.5
10615 10619 2.979093822 0.02291287847 0.5
10615 10624 3.422718218 0.05454356057 0.5
10615 10630 3.422718218 0.05454356057 0.5
10615 10632 3.422718218 0.05454356057 0.5
10616 10623 3.422718218 0.05454356057 0.5
10616 10631 3.422718218 0.05454356057 0.5
10617 10622 3.398529094 0.05296225071 0.5
10618 10620 0 0 0.5
10619 10620 0 0 0.5
10620 10622 0 0 0.5
10622 10625 3.398529094 0.05296225071 0.5
10622 10628 0 0 0.5
10622 10631 3.422718218 0.05454356057 0.5
10623 10626 2.979093822 0.02291287847 0.5
10623 10627 2.979093822 0.02291287847 0.5
10623 10632 3.422718218 0.05454356057 0.5
10624 10631 3.422718218 0.05454356057 0.5
10625 10630 3.398529094 0.05296225071 0.5
10626 10628 0 0 0.5
10627 10628 0 0 0.5
10628 10630 0 0 0.5
10630 10633 3.398529094 0.05296225071 0.5
10630 10638 0 0 0.5
10631 10634 3.328062499 0.05454356057 0.5
10631 10636 2.979093822 0.02291287847 0.5
10631 10637 2.979093822 0.02291287847 0.5
10632 10635 0 0 0.5
10634 10638 0 0 0.5
10635 10636 0 0 0.5
10635 10637 0 0 0.5
10636 10638 0 0 0.5
10637 10638 0 0 0.5
10640 10643 3.398529094 0.05296225071 0.5
10640 10646 0 0 0.5
10640 10649 3.422718218 0.05454356057 0.5
10640 10659 3.398529094 0.05296225071 0.5
10640 10662 0 0 0.5
10641 10644 2.979093822 0.02291287847 0.5
10641 10645 2.979093822 0.02291287847 0.5
10641 10650 3.422718218 0.05454356057 0.5
10641 10656 3.422718218 0.05454356057 0.5
10641 10658 3.422718218 0.05454356057 0.5
10642 10649 3.422718218 0.05454356057 0.5
10642 10657 3.422718218 0.05454356057 0.5
10643 10648 3.398529094 0.05296225071 0.5
10644 10646 0 0 0.5
10645 10646 0 0 0.5
10646 10648 0 0 0.5
10648 10651 3.398529094 0.05296225071 0.5
10648 10654 0 0 0.5
10648 10657 3.422718218 0.05454356057 0.5
10649 10652 2.979093822 0.02291287847 0.5
10649 10653 2.979093822 0.02291287847 0.5
10649 10658 3.422718218 0.05454356057 0.5
10650 10657 3.422718218 0.05454356057 0.5
10651 10656 3.398529094 0.05296225071 0.5
10652 10654 0 0 0.5
10653 10654 0 0 0.5
10654 10656 0 0 0.5
10656 10659 3.398529094 0.05296225071 0.5
10656 10662 0 0 0.5
10657 10660 2.979093822 0.02291287847 0.5
10657 10661 2.979093822 0.02291287847 0.5
10660 10662 0 0 0.5
10661 10662 0 0 0.5
10664 10667 3.398529094 0.05296225071 0.5
10664 10670 0 0 0.5
10664 10673 3.422718218 0.05454356057 0.5
10664 10684 3.398529094 0.05296225071 0.5
10664 10689 0 0 0.5
10665 10668 2.979093822 0.02291287847 0.5
10665 10669 2.979093822 0.02291287847 0.5
10665 10674 3.422718218 0.05454356057 0.5
10665 10681 3.422718218 0.05454356057 0.5
10665 10683 3.422718218 0.05454356057 0.5
10666 10673 3.422718218 0.05454356057 0.5
10666 10682 3.422718218 0.05454356057 0.5
10667 10672 3.398529094 0.05296225071 0.5
10668 10670 0 0 0.5
10669 10670 0 0 0.5
10670 10672 0 0 0.5
10672 10675 3.398529094 0.05296225071 0.5
10672 10679 0 0 0.5
10672 10682 3.422718218 0.05454356057 0.5
10673 10676 3.328062499 0.05454356057 0.5
10673 10677 2.979093822 0.02291287847 0.5
10673 10678 2.979093822 0.02291287847 0.5
10673 10683 3.422718218 0.05454356057 0.5
10674 10682 3.422718218 0.05454356057 0.5
10674 10877 3.398529094 0.05296225071 0.5
10675 10681 3.398529094 0.05296225071 0.5
10675 10876 3.398529094 0.05296225071 0.5
10675 10878 2.958039892 0.02224859546 0.5
10675 10879 2.958039892 0.02224859546 0.5
10676 10679 0 0 0.5
10676 10875 3.328062499 0.05454356057 0.5
10676 10880 0 0 0.5
10677 10679 0 0 0.5
10677 10877 2.958039892 0.02224859546 0.5
10678 10679 0 0 0.5
10678 10877 2.958039892 0.02224859546 0.5
10679 10681 0 0 0.5
10681 10684 3.398529094 0.05296225071 0.5
10681 10689 0 0 0.5
10682 10685 3.328062499 0.05454356057 0.5
10682 10687 2.979093822 0.02291287847 0.5
10682 10688 2.979093822 0.02291287847 0.5
10683 10686 0 0 0.5
10685 10689 0 0 0.5
10686 10687 0 0 0.5
10686 10688 0 0 0.5
10687 10689 0 0 0.5
10688 10689 0 0 0.5
10691 10694 3.398529094 0.05296225071 0.5
10691 10698 0 0 0.5
10691 10701 3.422718218 0.05454356057 0.5
10691 10711 3.398529094 0.05296225071 0.5
10691 10714 0 0 0.5
10692 10695 3.328062499 0.05454356057 0.5
10692 10696 2.979093822 0.02291287847 0.5
10692 10697 2.979093822 0.02291287847 0.5
10692 10702 3.422718218 0.05454356057 0.5
10692 10708 3.422718218 0.05454356057 0.5
10692 10710 3.422718218 0.05454356057 0.5
10693 10701 3.422718218 0.05454356057 0.5
10693 10709 3.422718218 0.05454356057 0.5
10693 11483 3.398529094 0.05296225071 0.5
10694 10700 3.398529094 0.05296225071 0.5
10694 11482 3.398529094 0.05296225071 0.5
10694 11484 2.958039892 0.02224859546 0.5
10694 11485 2.958039892 0.02224859546 0.5
10695 10698 0 0 0.5
10695 11481 3.328062499 0.05454356057 0.5
10695 11486 0 0 0.5
10696 10698 0 0 0.5
10696 11483 2.958039892 0.02224859546 0.5
10697 10698 0 0 0.5
10697 11483 2.958039892 0.02224859546 0.5
10698 10700 0 0 0.5
10700 10703 3.398529094 0.05296225071 0.5
10700 10706 0 0 0.5
10700 10709 3.422718218 0.05454356057 0.5
10701 10704 2.979093822 0.02291287847 0.5
10701 10705 2.979093822 0.02291287847 0.5
10701 10710 3.422718218 0.05454356057 0.5
10702 10709 3.422718218 0.05454356057 0.5
10703 10708 3.398529094 0.05296225071 0.5
10704 10706 0 0 0.5
10705 10706 0 0 0.5
10706 10708 0 0 0.5
10708 10711 3.398529094 0.05296225071 0.5
10708 10714 0 0 0.5
10709 10712 2.979093822 0.02291287847 0.5
10709 10713 2.979093822 0.02291287847 0.5
10712 10714 0 0 0.5
10713 10714 0 0 0.5
10716 10719 3.398529094 0.05296225071 0.5
10716 10722 0 0 0.5
10716 10725 3.422718218 0.05454356057 0.5
10716 10736 3.398529094 0.05296225071 0.5
10716 10739 0 0 0.5
10717 10720 2.979093822 0.02291287847 0.5
10717 10721 2.979093822 0.02291287847 0.5
10717 10726 3.422718218 0.05454356057 0.5
10717 10733 3.422718218 0.05454356057 0.5
10717 10735 3.422718218 0.05454356057 0.5
10718 10725 3.422718218 0.05454356057 0.5
10718 10734 3.422718218 0.05454356057 0.5
10719 10724 3.398529094 0.05296225071 0.5
10720 10722 0 0 0.5
10721 10722 0 0 0.5
10722 10724 0 0 0.5
10724 10727 3.398529094 0.05296225071 0.5
10724 10731 0 0 0.5
10724 10734 3.422718218 0.05454356057 0.5
10725 10728 3.328062499 0.05454356057 0.5
10725 10729 2.979093822 0.02291287847 0.5
10725 10730 2.979093822 0.02291287847 0.5
10725 10735 3.422718218 0.05454356057 0.5
10726 10734 3.422718218 0.05454356057 0.5
10726 11409 3.398529094 0.05296225071 0.5
10727 10733 3.398529094 0.05296225071 0.5
10727 11408 3.398529094 0.05296225071 0.5
10727 11410 2.958039892 0.02224859546 0.5
10727 11411 2.958039892 0.02224859546 0.5
10728 10731 0 0 0.5
10728 11407 3.328062499 0.05454356057 0.5
10728 11412 0 0 0.5
10729 10731 0 0 0.5
10729 11409 2.958039892 0.02224859546 0.5
10730 10731 0 0 0.5
10730 11409 2.958039892 0.02224859546 0.5
10731 10733 0 0 0.5
10733 10736 3.398529094 0.05296225071 0.5
10733 10739 0 0 0.5
10734 10737 2.979093822 0.02291287847 0.5
10734 10738 2.979093822 0.02291287847 0.5
10737 10739 0 0 0.5
10738 10739 0 0 0.5
10741 10744 3.398529094 0.05296225071 0.5
10741 10747 0 0 0.5
10741 10750 3.422718218 0.05454356057 0.5
10741 10760 3.398529094 0.05296225071 0.5
10741 10763 0 0 0.5
10742 10745 2.979093822 0.02291287847 0.5
10742 10746 2.979093822 0.02291287847 0.5
10742 10751 3.422718218 0.05454356057 0.5
10742 10757 3.422718218 0.05454356057 0.5
10742 10759 3.422718218 0.05454356057 0.5
10743 10750 3.422718218 0.05454356057 0.5
10743 10758 3.422718218 0.05454356057 0.5
10744 10749 3.398529094 0.05296225071 0.5
10745 10747 0 0 0.5
10746 10747 0 0 0.5
10747 10749 0 0 0.5
10749 10752 3.398529094 0.05296225071 0.5
10749 10755 0 0 0.5
10749 10758 3.422718218 0.05454356057 0.5
10750 10753 2.979093822 0.02291287847 0.5
10750 10754 2.979093822 0.02291287847 0.5
10750 10759 3.422718218 0.05454356057 0.5
10751 10758 3.422718218 0.05454356057 0.5
10752 10757 3.398529094 0.05296225071 0.5
10753 10755 0 0 0.5
10754 10755 0 0 0.5
10755 10757 0 0 0.5
10757 10760 3.398529094 0.05296225071 0.5
10757 10763 0 0 0.5
10758 10761 2.979093822 0.02291287847 0.5
10758 10762 2.979093822 0.02291287847 0.5
10761 10763 0 0 0.5
10762 10763 0 0 0.5
10765 10768 3.398529094 0.05296225071 0.5
10765 10771 0 0 0.5
10765 10774 3.422718218 0.05454356057 0.5
10765 10784 3.398529094 0.05296225071 0.5
10765 10787 0 0 0.5
10766 10769 2.979093822 0.02291287847 0.5
10766 10770 2.979093822 0.02291287847 0.5
10766 10775 3.422718218 0.05454356057 0.5
10766 10781 3.422718218 0.05454356057 0.5
10766 10783 3.422718218 0.05454356057 0.5
10767 10774 3.422718218 0.05454356057 0.5
10767 10782 3.422718218 0.05454356057 0.5
10768 10773 3.398529094 0.05296225071 0.5
10769 10771 0 0 0.5
10770 10771 0 0 0.5
10771 10773 0 0 0.5
10773 10776 3.398529094 0.05296225071 0.5
10773 10779 0 0 0.5
10773 10782 3.422718218 0.05454356057 0.5
10774 10777 2.979093822 0.02291287847 0.5
10774 10778 2.979093822 0.02291287847 0.5
10774 10783 3.422718218 0.05454356057 0.5
10775 10782 3.422718218 0.05454356057 0.5
10776 10781 3.398529094 0.05296225071 0.5
10777 10779 0 0 0.5
10778 10779 0 0 0.5
10779 10781 0 0 0.5
10781 10784 3.398529094 0.05296225071 0.5
10781 10787 0 0 0.5
10782 10785 2.979093822 0.02291287847 0.5
10782 10786 2.979093822 0.02291287847 0.5
10785 10787 0 0 0.5
10786 10787 0 0 0.5
10789 10792 3.398529094 0.05296225071 0.5
10789 10795 0 0 0.5
10789 10798 3.422718218 0.05454356057 0.5
10789 10808 3.398529094 0.05296225071 0.5
10789 10812 0 0 0.5
10790 10793 2.979093822 0.02291287847 0.5
10790 10794 2.979093822 0.02291287847 0.5
10790 10799 3.422718218 0.05454356057 0.5
10790 10805 3.422718218 0.05454356057 0.5
10790 10807 3.422718218 0.05454356057 0.5
10791 10798 3.422718218 0.05454356057 0.5
10791 10806 3.422718218 0.05454356057 0.5
10792 10797 3.398529094 0.05296225071 0.5
10793 10795 0 0 0.5
10794 10795 0 0 0.5
10795 10797 0 0 0.5
10797 10800 3.398529094 0.05296225071 0.5
10797 10803 0 0 0.5
10797 10806 3.422718218 0.05454356057 0.5
10798 10801 2.979093822 0.02291287847 0.5
10798 10802 2.979093822 0.02291287847 0.5
10798 10807 3.422718218 0.05454356057 0.5
10799 10806 3.422718218 0.05454356057 0.5
10800 10805 3.398529094 0.05296225071 0.5
10801 10803 0 0 0.5
10802 10803 0 0 0.5
10803 10805 0 0 0.5
10805 10808 3.398529094 0.05296225071 0.5
10805 10812 0 0 0.5
10806 10809 3.328062499 0.05454356057 0.5
10806 10810 2.979093822 0.02291287847 0.5
10806 10811 2.979093822 0.02291287847 0.5
10807 12748 3.398529094 0.05296225071 0.5
10808 12747 3.398529094 0.05296225071 0.5
10808 12749 2.958039892 0.02224859546 0.5
10808 12750 2.958039892 0.02224859546 0.5
10809 10812 0 0 0.5
10809 12746 3.328062499 0.05454356057 0.5
10809 12751 0 0 0.5
10810 10812 0 0 0.5
10810 12748 2.958039892 0.02224859546 0.5
10811 10812 0 0 0.5
10811 12748 2.958039892 0.02224859546 0.5
10814 10817 3.398529094 0.05296225071 0.5
10814 10821 0 0 0.5
10814 10824 3.422718218 0.05454356057 0.5
10814 10834 3.398529094 0.05296225071 0.5
10814 10837 0 0 0.5
10815 10818 3.328062499 0.05454356057 0.5
10815 10819 2.979093822 0.02291287847 0.5
10815 10820 2.979093822 0.02291287847 0.5
10815 10825 3.422718218 0.05454356057 0.5
10815 10831 3.422718218 0.05454356057 0.5
10815 10833 3.422718218 0.05454356057 0.5
10816 10824 3.422718218 0.05454356057 0.5
10816 10832 3.422718218 0.05454356057 0.5
10816 10852 3.398529094 0.05296225071 0.5
10817 10823 3.398529094 0.05296225071 0.5
10817 10851 3.398529094 0.05296225071 0.5
10817 10853 2.958039892 0.02224859546 0.5
10817 10854 2.958039892 0.02224859546 0.5
10818 10821 0 0 0.5
10818 10850 3.328062499 0.05454356057 0.5
10818 10855 0 0 0.5
10819 10821 0 0 0.5
10819 10852 2.958039892 0.02224859546 0.5
10820 10821 0 0 0.5
10820 10852 2.958039892 0.02224859546 0.5
10821 10823 0 0 0.5
10823 10826 3.398529094 0.05296225071 0.5
10823 10829 0 0 0.5
10823 10832 3.422718218 0.05454356057 0.5
10824 10827 2.979093822 0.02291287847 0.5
10824 10828 2.979093822 0.02291287847 0.5
10824 10833 3.422718218 0.05454356057 0.5
10825 10832 3.422718218 0.05454356057 0.5
10826 10831 3.398529094 0.05296225071 0.5
10827 10829 0 0 0.5
10828 10829 0 0 0.5
10829 10831 0 0 0.5
10831 10834 3.398529094 0.05296225071 0.5
10831 10837 0 0 0.5
10832 10835 2.979093822 0.02291287847 0.5
10832 10836 2.979093822 0.02291287847 0.5
10835 10837 0 0 0.5
10836 10837 0 0 0.5
10839 10842 3.398529094 0.05296225071 0.5
10839 10847 0 0 0.5
10839 10850 3.422718218 0.05454356057 0.5
10839 10860 3.398529094 0.05296225071 0.5
10839 10863 0 0 0.5
10840 10843 3.328062499 0.05454356057 0.5
10840 10845 2.979093822 0.02291287847 0.5
10840 10846 2.979093822 0.02291287847 0.5
10840 10851 3.422718218 0.05454356057 0.5
10840 10857 3.422718218 0.05454356057 0.5
10840 10859 3.422718218 0.05454356057 0.5
10841 10844 0 0 0.5
10841 10850 3.422718218 0.05454356057 0.5
10841 10858 3.422718218 0.05454356057 0.5
10842 10849 3.398529094 0.05296225071 0.5
10843 10847 0 0 0.5
10844 10845 0 0 0.5
10844 10846 0 0 0.5
10845 10847 0 0 0.5
10846 10847 0 0 0.5
10847 10849 0 0 0.5
10849 10852 3.398529094 0.05296225071 0.5
10849 10855 0 0 0.5
10849 10858 3.422718218 0.05454356057 0.5
10850 10853 2.979093822 0.02291287847 0.5
10850 10854 2.979093822 0.02291287847 0.5
10850 10859 3.422718218 0.05454356057 0.5
10851 10858 3.422718218 0.05454356057 0.5
10852 10857 3.398529094 0.05296225071 0.5
10853 10855 0 0 0.5
10854 10855 0 0 0.5
10855 10857 0 0 0.5
10857 10860 3.398529094 0.05296225071 0.5
10857 10863 0 0 0.5
10858 10861 2.979093822 0.02291287847 0.5
10858 10862 2.979093822 0.02291287847 0.5
10861 10863 0 0 0.5
10862 10863 0 0 0.5
10865 10868 3.398529094 0.05296225071 0.5
10865 10872 0 0 0.5
10865 10875 3.422718218 0.05454356057 0.5
10865 10885 3.398529094 0.05296225071 0.5
10865 10890 0 0 0.5
10866 10869 3.328062499 0.05454356057 0.5
10866 10870 2.979093822 0.02291287847 0.5
10866 10871 2.979093822 0.02291287847 0.5
10866 10876 3.422718218 0.05454356057 0.5
10866 10882 3.422718218 0.05454356057 0.5
10866 10884 3.422718218 0.05454356057 0.5
10867 10875 3.422718218 0.05454356057 0.5
10867 10883 3.422718218 0.05454356057 0.5
10867 12812 3.398529094 0.05296225071 0.5
10868 10874 3.398529094 0.05296225071 0.5
10868 12811 3.398529094 0.05296225071 0.5
10868 12813 2.958039892 0.02224859546 0.5
10868 12814 2.958039892 0.02224859546 0.5
10869 10872 0 0 0.5
10869 12810 3.328062499 0.05454356057 0.5
10869 12815 0 0 0.5
10870 10872 0 0 0.5
10870 12812 2.958039892 0.02224859546 0.5
10871 10872 0 0 0.5
10871 12812 2.958039892 0.02224859546 0.5
10872 10874 0 0 0.5
10874 10877 3.398529094 0.05296225071 0.5
10874 10880 0 0 0.5
10874 10883 3.422718218 0.05454356057 0.5
10875 10878 2.979093822 0.02291287847 0.5
10875 10879 2.979093822 0.02291287847 0.5
10875 10884 3.422718218 0.05454356057 0.5
10876 10883 3.422718218 0.05454356057 0.5
10877 10882 3.398529094 0.05296225071 0.5
10878 10880 0 0 0.5
10879 10880 0 0 0.5
10880 10882 0 0 0.5
10882 10885 3.398529094 0.05296225071 0.5
10882 10890 0 0 0.5
10883 10886 3.328062499 0.05454356057 0.5
10883 10888 2.979093822 0.02291287847 0.5
10883 10889 2.979093822 0.02291287847 0.5
10884 10887 0 0 0.5
10886 10890 0 0 0.5
10887 10888 0 0 0.5
10887 10889 0 0 0.5
10888 10890 0 0 0.5
10889 10890 0 0 0.5
10892 10895 3.398529094 0.05296225071 0.5
10892 10898 0 0 0.5
10892 10901 3.422718218 0.05454356057 0.5
10892 10911 3.398529094 0.05296225071 0.5
10892 10914 0 0 0.5
10893 10896 2.979093822 0.02291287847 0.5
10893 10897 2.979093822 0.02291287847 0.5
10893 10902 3.422718218 0.05454356057 0.5
10893 10908 3.422718218 0.05454356057 0.5
10893 10910 3.422718218 0.05454356057 0.5
10894 10901 3.422718218 0.05454356057 0.5
10894 10909 3.422718218 0.05454356057 0.5
10895 10900 3.398529094 0.05296225071 0.5
10896 10898 0 0 0.5
10897 10898 0 0 0.5
10898 10900 0 0 0.5
10900 10903 3.398529094 0.05296225071 0.5
10900 10906 0 0 0.5
10900 10909 3.422718218 0.05454356057 0.5
10901 10904 2.979093822 0.02291287847 0.5
10901 10905 2.979093822 0.02291287847 0.5
10901 10910 3.422718218 0.05454356057 0.5
10902 10909 3.422718218 0.05454356057 0.5
10903 10908 3.398529094 0.05296225071 0.5
10904 10906 0 0 0.5
10905 10906 0 0 0.5
10906 10908 0 0 0.5
10908 10911 3.398529094 0.05296225071 0.5
10908 10914 0 0 0.5
10909 10912 2.979093822 0.02291287847 0.5
10909 10913 2.979093822 0.02291287847 0.5
10912 10914 0 0 0.5
10913 10914 0 0 0.5
10916 10919 3.398529094 0.05296225071 0.5
10916 10922 0 0 0.5
10916 10925 3.422718218 0.05454356057 0.5
10916 10935 3.398529094 0.05296225071 0.5
10916 10938 0 0 0.5
10917 10920 2.979093822 0.02291287847 0.5
10917 10921 2.979093822 0.02291287847 0.5
10917 10926 3.422718218 0.05454356057 0.5
10917 10932 3.422718218 0.05454356057 0.5
10917 10934 3.422718218 0.05454356057 0.5
10918 10925 3.422718218 0.05454356057 0.5
10918 10933 3.422718218 0.05454356057 0.5
10919 10924 3.398529094 0.05296225071 0.5
10920 10922 0 0 0.5
10921 10922 0 0 0.5
10922 10924 0 0 0.5
10924 10927 3.398529094 0.05296225071 0.5
10924 10930 0 0 0.5
10924 10933 3.422718218 0.05454356057 0.5
10925 10928 2.979093822 0.02291287847 0.5
10925 10929 2.979093822 0.02291287847 0.5
10925 10934 3.422718218 0.05454356057 0.5
10926 10933 3.422718218 0.05454356057 0.5
10927 10932 3.398529094 0.05296225071 0.5
10928 10930 0 0 0.5
10929 10930 0 0 0.5
10930 10932 0 0 0.5
10932 10935 3.398529094 0.05296225071 0.5
10932 10938 0 0 0.5
10933 10936 2.979093822 0.02291287847 0.5
10933 10937 2.979093822 0.02291287847 0.5
10936 10938 0 0 0.5
10937 10938 0 0 0.5
10940 10943 3.398529094 0.05296225071 0.5
10940 10947 0 0 0.5
10940 10950 3.422718218 0.05454356057 0.5
10940 10962 3.398529094 0.05296225071 0.5
10940 10965 0 0 0.5
10941 10944 3.328062499 0.05454356057 0.5
10941 10945 2.979093822 0.02291287847 0.5
10941 10946 2.979093822 0.02291287847 0.5
10941 10951 3.422718218 0.05454356057 0.5
10941 10959 3.422718218 0.05454356057 0.5
10941 10961 3.422718218 0.05454356057 0.5
10942 10950 3.422718218 0.05454356057 0.5
10942 10960 3.422718218 0.05454356057 0.5
10942 11192 3.398529094 0.05296225071 0.5
10943 10949 3.398529094 0.05296225071 0.5
10943 11191 3.398529094 0.05296225071 0.5
10943 11193 2.958039892 0.02224859546 0.5
10943 11194 2.958039892 0.02224859546 0.5
10944 10947 0 0 0.5
10944 11190 3.328062499 0.05454356057 0.5
10944 11195 0 0 0.5
10945 10947 0 0 0.5
10945 11192 2.958039892 0.02224859546 0.5
10946 10947 0 0 0.5
10946 11192 2.958039892 0.02224859546 0.5
10947 10949 0 0 0.5
10949 10952 3.398529094 0.05296225071 0.5
10949 10957 0 0 0.5
10949 10960 3.422718218 0.05454356057 0.5
10950 10953 3.328062499 0.05454356057 0.5
10950 10955 2.979093822 0.02291287847 0.5
10950 10956 2.979093822 0.02291287847 0.5
10950 10961 3.422718218 0.05454356057 0.5
10951 10954 0 0 0.5
10951 10960 3.422718218 0.05454356057 0.5
10952 10959 3.398529094 0.05296225071 0.5
10953 10957 0 0 0.5
10954 10955 0 0 0.5
10954 10956 0 0 0.5
10955 10957 0 0 0.5
10956 10957 0 0 0.5
10957 10959 0 0 0.5
10959 10962 3.398529094 0.05296225071 0.5
10959 10965 0 0 0.5
10960 10963 2.979093822 0.02291287847 0.5
10960 10964 2.979093822 0.02291287847 0.5
10963 10965 0 0 0.5
10964 10965 0 0 0.5
10967 10970 3.398529094 0.05296225071 0.5
10967 10973 0 0 0.5
10967 10976 3.422718218 0.05454356057 0.5
10967 10986 3.398529094 0.05296225071 0.5
10967 10989 0 0 0.5
10968 10971 2.979093822 0.02291287847 0.5
10968 10972 2.979093822 0.02291287847 0.5
10968 10977 3.422718218 0.05454356057 0.5
10968 10983 3.422718218 0.05454356057 0.5
10968 10985 3.422718218 0.05454356057 0.5
10969 10976 3.422718218 0.05454356057 0.5
10969 10984 3.422718218 0.05454356057 0.5
10970 10975 3.398529094 0.05296225071 0.5
10971 10973 0 0 0.5
10972 10973 0 0 0.5
10973 10975 0 0 0.5
10975 10978 3.398529094 0.05296225071 0.5
10975 10981 0 0 0.5
10975 10984 3.422718218 0.05454356057 0.5
10976 10979 2.979093822 0.02291287847 0.5
10976 10980 2.979093822 0.02291287847 0.5
10976 10985 3.422718218 0.05454356057 0.5
10977 10984 3.422718218 0.05454356057 0.5
10978 10983 3.398529094 0.05296225071 0.5
10979 10981 0 0 0.5
10980 10981 0 0 0.5
10981 10983 0 0 0.5
10983 10986 3.398529094 0.05296225071 0.5
10983 10989 0 0 0.5
10984 10987 2.979093822 0.02291287847 0.5
10984 10988 2.979093822 0.02291287847 0.5
10987 10989 0 0 0.5
10988 10989 0 0 0.5
10991 10994 3.398529094 0.05296225071 0.5
10991 10997 0 0 0.5
10991 11000 3.422718218 0.05454356057 0.5
10991 11010 3.398529094 0.05296225071 0.5
10991 11014 0 0 0.5
10992 10995 2.979093822 0.02291287847 0.5
10992 10996 2.979093822 0.02291287847 0.5
10992 11001 3.422718218 0.05454356057 0.5
10992 11007 3.422718218 0.05454356057 0.5
10992 11009 3.422718218 0.05454356057 0.5
10993 11000 3.422718218 0.05454356057 0.5
10993 11008 3.422718218 0.05454356057 0.5
10994 10999 3.398529094 0.05296225071 0.5
10995 10997 0 0 0.5
10996 10997 0 0 0.5
10997 10999 0 0 0.5
10999 11002 3.398529094 0.05296225071 0.5
10999 11005 0 0 0.5
10999 11008 3.422718218 0.05454356057 0.5
11000 11003 2.979093822 0.02291287847 0.5
11000 11004 2.979093822 0.02291287847 0.5
11000 11009 3.422718218 0.05454356057 0.5
11001 11008 3.422718218 0.05454356057 0.5
11002 11007 3.398529094 0.05296225071 0.5
11003 11005 0 0 0.5
11004 11005 0 0 0.5
11005 11007 0 0 0.5
11007 11010 3.398529094 0.05296225071 0.5
11007 11014 0 0 0.5
11008 11011 3.328062499 0.05454356057 0.5
11008 11012 2.979093822 0.02291287847 0.5
11008 11013 2.979093822 0.02291287847 0.5
11009 12618 3.398529094 0.05296225071 0.5
11010 12617 3.398529094 0.05296225071 0.5
11010 12619 2.958039892 0.02224859546 0.5
11010 12620 2.958039892 0.02224859546 0.5
11011 11014 0 0 0.5
11011 12616 3.328062499 0.05454356057 0.5
11011 12621 0 0 0.5
11012 11014 0 0 0.5
11012 12618 2.958039892 0.02224859546 0.5
11013 11014 0 0 0.5
11013 12618 2.958039892 0.02224859546 0.5
11016 11019 3.398529094 0.05296225071 0.5
11016 11022 0 0 0.5
11016 11025 3.422718218 0.05454356057 0.5
11016 11036 3.398529094 0.05296225071 0.5
11016 11039 0 0 0.5
11017 11020 2.979093822 0.02291287847 0.5
11017 11021 2.979093822 0.02291287847 0.5
11017 11026 3.422718218 0.05454356057 0.5
11017 11033 3.422718218 0.05454356057 0.5
11017 11035 3.422718218 0.05454356057 0.5
11018 11025 3.422718218 0.05454356057 0.5
11018 11034 3.422718218 0.05454356057 0.5
11019 11024 3.398529094 0.05296225071 0.5
11020 11022 0 0 0.5
11021 11022 0 0 0.5
11022 11024 0 0 0.5
11024 11027 3.398529094 0.05296225071 0.5
11024 11031 0 0 0.5
11024 11034 3.422718218 0.05454356057 0.5
11025 11028 3.328062499 0.05454356057 0.5
11025 11029 2.979093822 0.02291287847 0.5
11025 11030 2.979093822 0.02291287847 0.5
11025 11035 3.422718218 0.05454356057 0.5
11026 11034 3.422718218 0.05454356057 0.5
11026 12155 3.398529094 0.05296225071 0.5
11027 11033 3.398529094 0.05296225071 0.5
11027 12154 3.398529094 0.05296225071 0.5
11027 12156 2.958039892 0.02224859546 0.5
11027 12157 2.958039892 0.02224859546 0.5
11028 11031 0 0 0.5
11028 12153 3.328062499 0.05454356057 0.5
11028 12158 0 0 0.5
11029 11031 0 0 0.5
11029 12155 2.958039892 0.02224859546 0.5
11030 11031 0 0 0.5
11030 12155 2.958039892 0.02224859546 0.5
11031 11033 0 0 0.5
11033 11036 3.398529094 0.05296225071 0.5
11033 11039 0 0 0.5
11034 11037 2.979093822 0.02291287847 0.5
11034 11038 2.979093822 0.02291287847 0.5
11037 11039 0 0 0.5
11038 11039 0 0 0.5
11041 11044 3.398529094 0.05296225071 0.5
11041 11047 0 0 0.5
11041 11050 3.422718218 0.05454356057 0.5
11041 11060 3.398529094 0.05296225071 0.5
11041 11063 0 0 0.5
11042 11045 2.979093822 0.02291287847 0.5
11042 11046 2.979093822 0.02291287847 0.5
11042 11051 3.422718218 0.05454356057 0.5
11042 11057 3.422718218 0.05454356057 0.5
11042 11059 3.422718218 0.05454356057 0.5
11043 11050 3.422718218 0.05454356057 0.5
11043 11058 3.422718218 0.05454356057 0.5
11044 11049 3.398529094 0.05296225071 0.5
11045 11047 0 0 0.5
11046 11047 0 0 0.5
11047 11049 0 0 0.5
11049 11052 3.398529094 0.05296225071 0.5
11049 11055 0 0 0.5
11049 11058 3.422718218 0.05454356057 0.5
11050 11053 2.979093822 0.02291287847 0.5
11050 11054 2.979093822 0.02291287847 0.5
11050 11059 3.422718218 0.05454356057 0.5
11051 11058 3.422718218 0.05454356057 0.5
11052 11057 3.398529094 0.05296225071 0.5
11053 11055 0 0 0.5
11054 11055 0 0 0.5
11055 11057 0 0 0.5
11057 11060 3.398529094 0.05296225071 0.5
11057 11063 0 0 0.5
11058 11061 2.979093822 0.02291287847 0.5
11058 11062 2.979093822 0.02291287847 0.5
11061 11063 0 0 0.5
11062 11063 0 0 0.5
11065 11068 3.398529094 0.05296225071 0.5
11065 11071 0 0 0.5
11065 11074 3.422718218 0.05454356057 0.5
11065 11084 3.398529094 0.05296225071 0.5
11065 11087 0 0 0.5
11066 11069 2.979093822 0.02291287847 0.5
11066 11070 2.979093822 0.02291287847 0.5
11066 11075 3.422718218 0.05454356057 0.5
11066 11081 3.422718218 0.05454356057 0.5
11066 11083 3.422718218 0.05454356057 0.5
11067 11074 3.422718218 0.05454356057 0.5
11067 11082 3.422718218 0.05454356057 0.5
11068 11073 3.398529094 0.05296225071 0.5
11069 11071 0 0 0.5
11070 11071 0 0 0.5
11071 11073 0 0 0.5
11073 11076 3.398529094 0.05296225071 0.5
11073 11079 0 0 0.5
11073 11082 3.422718218 0.05454356057 0.5
11074 11077 2.979093822 0.02291287847 0.5
11074 11078 2.979093822 0.02291287847 0.5
11074 11083 3.422718218 0.05454356057 0.5
11075 11082 3.422718218 0.05454356057 0.5
11076 11081 3.398529094 0.05296225071 0.5
11077 11079 0 0 0.5
11078 11079 0 0 0.5
11079 11081 0 0 0.5
11081 11084 3.398529094 0.05296225071 0.5
11081 11087 0 0 0.5
11082 11085 2.979093822 0.02291287847 0.5
11082 11086 2.979093822 0.02291287847 0.5
11085 11087 0 0 0.5
11086 11087 0 0 0.5
11089 11092 3.398529094 0.05296225071 0.5
11089 11095 0 0 0.5
11089 11098 3.422718218 0.05454356057 0.5
11089 11108 3.398529094 0.05296225071 0.5
11089 11111 0 0 0.5
11090 11093 2.979093822 0.02291287847 0.5
11090 11094 2.979093822 0.02291287847 0.5
11090 11099 3.422718218 0.05454356057 0.5
11090 11105 3.422718218 0.05454356057 0.5
11090 11107 3.422718218 0.05454356057 0.5
11091 11098 3.422718218 0.05454356057 0.5
11091 11106 3.422718218 0.05454356057 0.5
11092 11097 3.398529094 0.05296225071 0.5
11093 11095 0 0 0.5
11094 11095 0 0 0.5
11095 11097 0 0 0.5
11097 11100 3.398529094 0.05296225071 0.5
11097 11103 0 0 0.5
11097 11106 3.422718218 0.05454356057 0.5
11098 11101 2.979093822 0.02291287847 0.5
11098 11102 2.979093822 0.02291287847 0.5
11098 11107 3.422718218 0.05454356057 0.5
11099 11106 3.422718218 0.05454356057 0.5
11100 11105 3.398529094 0.05296225071 0.5
11101 11103 0 0 0.5
11102 11103 0 0 0.5
11103 11105 0 0 0.5
11105 11108 3.398529094 0.05296225071 0.5
11105 11111 0 0 0.5
11106 11109 2.979093822 0.02291287847 0.5
11106 11110 2.979093822 0.02291287847 0.5
11109 11111 0 0 0.5
11110 11111 0 0 0.5
11113 11116 3.398529094 0.05296225071 0.5
11113 11119 0 0 0.5
11113 11122 3.422718218 0.05454356057 0.5
11113 11132 3.398529094 0.05296225071 0.5
11113 11136 0 0 0.5
11114 11117 2.979093822 0.02291287847 0.5
11114 11118 2.979093822 0.02291287847 0.5
11114 11123 3.422718218 0.05454356057 0.5
11114 11129 3.422718218 0.05454356057 0.5
11114 11131 3.422718218 0.05454356057 0.5
11115 11122 3.422718218 0.05454356057 0.5
11115 11130 3.422718218 0.05454356057 0.5
11116 11121 3.398529094 0.05296225071 0.5
11117 11119 0 0 0.5
11118 11119 0 0 0.5
11119 11121 0 0 0.5
11121 11124 3.398529094 0.05296225071 0.5
11121 11127 0 0 0.5
11121 11130 3.422718218 0.05454356057 0.5
11122 11125 2.979093822 0.02291287847 0.5
11122 11126 2.979093822 0.02291287847 0.5
11122 11131 3.422718218 0.05454356057 0.5
11123 11130 3.422718218 0.05454356057 0.5
11124 11129 3.398529094 0.05296225071 0.5
11125 11127 0 0 0.5
11126 11127 0 0 0.5
11127 11129 0 0 0.5
11129 11132 3.398529094 0.05296225071 0.5
11129 11136 0 0 0.5
11130 11133 3.328062499 0.05454356057 0.5
11130 11134 2.979093822 0.02291287847 0.5
11130 11135 2.979093822 0.02291287847 0.5
11131 11141 3.398529094 0.05296225071 0.5
11132 11140 3.398529094 0.05296225071 0.5
11132 11142 2.958039892 0.02224859546 0.5
11132 11143 2.958039892 0.02224859546 0.5
11133 11136 0 0 0.5
11133 11139 3.328062499 0.05454356057 0.5
11133 11144 0 0 0.5
11134 11136 0 0 0.5
11134 11141 2.958039892 0.02224859546 0.5
11135 11136 0 0 0.5
11135 11141 2.958039892 0.02224859546 0.5
11138 11141 3.398529094 0.05296225071 0.5
11138 11144 0 0 0.5
11138 11147 3.422718218 0.05454356057 0.5
11138 11158 3.398529094 0.05296225071 0.5
11138 11161 0 0 0.5
11139 11142 2.979093822 0.02291287847 0.5
11139 11143 2.979093822 0.02291287847 0.5
11139 11148 3.422718218 0.05454356057 0.5
11139 11155 3.422718218 0.05454356057 0.5
11139 11157 3.422718218 0.05454356057 0.5
11140 11147 3.422718218 0.05454356057 0.5
11140 11156 3.422718218 0.05454356057 0.5
11141 11146 3.398529094 0.05296225071 0.5
11142 11144 0 0 0.5
11143 11144 0 0 0.5
11144 11146 0 0 0.5
11146 11149 3.398529094 0.05296225071 0.5
11146 11153 0 0 0.5
11146 11156 3.422718218 0.05454356057 0.5
11147 11150 3.328062499 0.05454356057 0.5
11147 11151 2.979093822 0.02291287847 0.5
11147 11152 2.979093822 0.02291287847 0.5
11147 11157 3.422718218 0.05454356057 0.5
11148 11156 3.422718218 0.05454356057 0.5
11148 12460 3.398529094 0.05296225071 0.5
11149 11155 3.398529094 0.05296225071 0.5
11149 12459 3.398529094 0.05296225071 0.5
11149 12461 2.958039892 0.02224859546 0.5
11149 12462 2.958039892 0.02224859546 0.5
11150 11153 0 0 0.5
11150 12458 3.328062499 0.05454356057 0.5
11150 12463 0 0 0.5
11151 11153 0 0 0.5
11151 12460 2.958039892 0.02224859546 0.5
11152 11153 0 0 0.5
11152 12460 2.958039892 0.02224859546 0.5
11153 11155 0 0 0.5
11155 11158 3.398529094 0.05296225071 0.5
11155 11161 0 0 0.5
11156 11159 2.979093822 0.02291287847 0.5
11156 11160 2.979093822 0.02291287847 0.5
11159 11161 0 0 0.5
11160 11161 0 0 0.5
11163 11166 3.398529094 0.05296225071 0.5
11163 11169 0 0 0.5
11163 11172 3.422718218 0.05454356057 0.5
11163 11184 3.398529094 0.05296225071 0.5
11163 11187 0 0 0.5
11164 11167 2.979093822 0.02291287847 0.5
11164 11168 2.979093822 0.02291287847 0.5
11164 11173 3.422718218 0.05454356057 0.5
11164 11181 3.422718218 0.05454356057 0.5
11164 11183 3.422718218 0.05454356057 0.5
11165 11172 3.422718218 0.05454356057 0.5
11165 11182 3.422718218 0.05454356057 0.5
11166 11171 3.398529094 0.05296225071 0.5
11167 11169 0 0 0.5
11168 11169 0 0 0.5
11169 11171 0 0 0.5
11171 11174 3.398529094 0.05296225071 0.5
11171 11179 0 0 0.5
11171 11182 3.422718218 0.05454356057 0.5
11172 11175 3.328062499 0.05454356057 0.5
11172 11177 2.979093822 0.02291287847 0.5
11172 11178 2.979093822 0.02291287847 0.5
11172 11183 3.422718218 0.05454356057 0.5
11173 11176 0 0 0.5
11173 11182 3.422718218 0.05454356057 0.5
11174 11181 3.398529094 0.05296225071 0.5
11175 11179 0 0 0.5
11176 11177 0 0 0.5
11176 11178 0 0 0.5
11177 11179 0 0 0.5
11178 11179 0 0 0.5
11179 11181 0 0 0.5
11181 11184 3.398529094 0.05296225071 0.5
11181 11187 0 0 0.5
11182 11185 2.979093822 0.02291287847 0.5
11182 11186 2.979093822 0.02291287847 0.5
11185 11187 0 0 0.5
11186 11187 0 0 0.5
11189 11192 3.398529094 0.05296225071 0.5
11189 11195 0 0 0.5
11189 11198 3.422718218 0.05454356057 0.5
11189 11210 3.398529094 0.05296225071 0.5
11189 11215 0 0 0.5
11190 11193 2.979093822 0.02291287847 0.5
11190 11194 2.979093822 0.02291287847 0.5
11190 11199 3.422718218 0.05454356057 0.5
11190 11207 3.422718218 0.05454356057 0.5
11190 11209 3.422718218 0.05454356057 0.5
11191 11198 3.422718218 0.05454356057 0.5
11191 11208 3.422718218 0.05454356057 0.5
11192 11197 3.398529094 0.05296225071 0.5
11193 11195 0 0 0.5
11194 11195 0 0 0.5
11195 11197 0 0 0.5
11197 11200 3.398529094 0.05296225071 0.5
11197 11205 0 0 0.5
11197 11208 3.422718218 0.05454356057 0.5
11198 11201 3.328062499 0.05454356057 0.5
11198 11203 2.979093822 0.02291287847 0.5
11198 11204 2.979093822 0.02291287847 0.5
11198 11209 3.422718218 0.05454356057 0.5
11199 11202 0 0 0.5
11199 11208 3.422718218 0.05454356057 0.5
11200 11207 3.398529094 0.05296225071 0.5
11201 11205 0 0 0.5
11202 11203 0 0 0.5
11202 11204 0 0 0.5
11203 11205 0 0 0.5
11204 11205 0 0 0.5
11205 11207 0 0 0.5
11207 11210 3.398529094 0.05296225071 0.5
11207 11215 0 0 0.5
11208 11211 3.328062499 0.05454356057 0.5
11208 11213 2.979093822 0.02291287847 0.5
11208 11214 2.979093822 0.02291287847 0.5
11209 11212 0 0 0.5
11211 11215 0 0 0.5
11212 11213 0 0 0.5
11212 11214 0 0 0.5
11213 11215 0 0 0.5
11214 11215 0 0 0.5
11217 11220 3.398529094 0.05296225071 0.5
11217 11223 0 0 0.5
11217 11226 3.422718218 0.05454356057 0.5
11217 11237 3.398529094 0.05296225071 0.5
11217 11242 0 0 0.5
11218 11221 2.979093822 0.02291287847 0.5
11218 11222 2.979093822 0.02291287847 0.5
11218 11227 3.422718218 0.05454356057 0.5
11218 11234 3.422718218 0.05454356057 0.5
11218 11236 3.422718218 0.05454356057 0.5
11219 11226 3.422718218 0.05454356057 0.5
11219 11235 3.422718218 0.05454356057 0.5
11220 11225 3.398529094 0.05296225071 0.5
11221 11223 0 0 0.5
11222 11223 0 0 0.5
11223 11225 0 0 0.5
11225 11228 3.398529094 0.05296225071 0.5
11225 11232 0 0 0.5
11225 11235 3.422718218 0.05454356057 0.5
11226 11229 3.328062499 0.05454356057 0.5
11226 11230 2.979093822 0.02291287847 0.5
11226 11231 2.979093822 0.02291287847 0.5
11226 11236 3.422718218 0.05454356057 0.5
11227 11235 3.422718218 0.05454356057 0.5
11227 12658 3.398529094 0.05296225071 0.5
11228 11234 3.398529094 0.05296225071 0.5
11228 12657 3.398529094 0.05296225071 0.5
11228 12659 2.958039892 0.02224859546 0.5
11228 12660 2.958039892 0.02224859546 0.5
11229 11232 0 0 0.5
11229 12656 3.328062499 0.05454356057 0.5
11229 12661 0 0 0.5
11230 11232 0 0 0.5
11230 12658 2.958039892 0.02224859546 0.5
11231 11232 0 0 0.5
11231 12658 2.958039892 0.02224859546 0.5
11232 11234 0 0 0.5
11234 11237 3.398529094 0.05296225071 0.5
11234 11242 0 0 0.5
11235 11238 3.328062499 0.05454356057 0.5
11235 11240 2.979093822 0.02291287847 0.5
11235 11241 2.979093822 0.02291287847 0.5
11236 11239 0 0 0.5
11238 11242 0 0 0.5
11239 11240 0 0 0.5
11239 11241 0 0 0.5
11240 11242 0 0 0.5
11241 11242 0 0 0.5
11244 11247 3.398529094 0.05296225071 0.5
11244 11250 0 0 0.5
11244 11253 3.422718218 0.05454356057 0.5
11244 11263 3.398529094 0.05296225071 0.5
11244 11266 0 0 0.5
11245 11248 2.979093822 0.02291287847 0.5
11245 11249 2.979093822 0.02291287847 0.5
11245 11254 3.422718218 0.05454356057 0.5
11245 11260 3.422718218 0.05454356057 0.5
11245 11262 3.422718218 0.05454356057 0.5
11246 11253 3.422718218 0.05454356057 0.5
11246 11261 3.422718218 0.05454356057 0.5
11247 11252 3.398529094 0.05296225071 0.5
11248 11250 0 0 0.5
11249 11250 0 0 0.5
11250 11252 0 0 0.5
11252 11255 3.398529094 0.05296225071 0.5
11252 11258 0 0 0.5
11252 11261 3.422718218 0.05454356057 0.5
11253 11256 2.979093822 0.02291287847 0.5
11253 11257 2.979093822 0.02291287847 0.5
11253 11262 3.422718218 0.05454356057 0.5
11254 11261 3.422718218 0.05454356057 0.5
11255 11260 3.398529094 0.05296225071 0.5
11256 11258 0 0 0.5
11257 11258 0 0 0.5
11258 11260 0 0 0.5
11260 11263 3.398529094 0.05296225071 0.5
11260 11266 0 0 0.5
11261 11264 2.979093822 0.02291287847 0.5
11261 11265 2.979093822 0.02291287847 0.5
11264 11266 0 0 0.5
11265 11266 0 0 0.5
11268 11271 3.398529094 0.05296225071 0.5
11268 11274 0 0 0.5
11268 11277 3.422718218 0.05454356057 0.5
11268 11288 3.398529094 0.05296225071 0.5
11268 11291 0 0 0.5
11269 11272 2.979093822 0.02291287847 0.5
11269 11273 2.979093822 0.02291287847 0.5
11269 11278 3.422718218 0.05454356057 0.5
11269 11285 3.422718218 0.05454356057 0.5
11269 11287 3.422718218 0.05454356057 0.5
11270 11277 3.422718218 0.05454356057 0.5
11270 11286 3.422718218 0.05454356057 0.5
11271 11276 3.398529094 0.05296225071 0.5
11272 11274 0 0 0.5
11273 11274 0 0 0.5
11274 11276 0 0 0.5
11276 11279 3.398529094 0.05296225071 0.5
11276 11283 0 0 0.5
11276 11286 3.422718218 0.05454356057 0.5
11277 11280 3.328062499 0.05454356057 0.5
11277 11281 2.979093822 0.02291287847 0.5
11277 11282 2.979093822 0.02291287847 0.5
11277 11287 3.422718218 0.05454356057 0.5
11278 11286 3.422718218 0.05454356057 0.5
11278 12428 3.398529094 0.05296225071 0.5
11279 11285 3.398529094 0.05296225071 0.5
11279 12427 3.398529094 0.05296225071 0.5
11279 12429 2.958039892 0.02224859546 0.5
11279 12430 2.958039892 0.02224859546 0.5
11280 11283 0 0 0.5
11280 12426 3.328062499 0.05454356057 0.5
11280 12431 0 0 0.5
11281 11283 0 0 0.5
11281 12428 2.958039892 0.02224859546 0.5
11282 11283 0 0 0.5
11282 12428 2.958039892 0.02224859546 0.5
11283 11285 0 0 0.5
11285 11288 3.398529094 0.05296225071 0.5
11285 11291 0 0 0.5
11286 11289 2.979093822 0.02291287847 0.5
11286 11290 2.979093822 0.02291287847 0.5
11289 11291 0 0 0.5
11290 11291 0 0 0.5
11293 11296 3.398529094 0.05296225071 0.5
11293 11299 0 0 0.5
11293 11302 3.422718218 0.05454356057 0.5
11293 11312 3.398529094 0.05296225071 0.5
11293 11315 0 0 0.5
11294 11297 2.979093822 0.02291287847 0.5
11294 11298 2.979093822 0.02291287847 0.5
11294 11303 3.422718218 0.05454356057 0.5
11294 11309 3.422718218 0.05454356057 0.5
11294 11311 3.422718218 0.05454356057 0.5
11295 11302 3.422718218 0.05454356057 0.5
11295 11310 3.422718218 0.05454356057 0.5
11296 11301 3.398529094 0.05296225071 0.5
11297 11299 0 0 0.5
11298 11299 0 0 0.5
11299 11301 0 0 0.5
11301 11304 3.398529094 0.05296225071 0.5
11301 11307 0 0 0.5
11301 11310 3.422718218 0.05454356057 0.5
11302 11305 2.979093822 0.02291287847 0.5
11302 11306 2.979093822 0.02291287847 0.5
11302 11311 3.422718218 0.05454356057 0.5
11303 11310 3.422718218 0.05454356057 0.5
11304 11309 3.398529094 0.05296225071 0.5
11305 11307 0 0 0.5
11306 11307 0 0 0.5
11307 11309 0 0 0.5
11309 11312 3.398529094 0.05296225071 0.5
11309 11315 0 0 0.5
11310 11313 2.979093822 0.02291287847 0.5
11310 11314 2.979093822 0.02291287847 0.5
11313 11315 0 0 0.5
11314 11315 0 0 0.5
11317 11320 3.398529094 0.05296225071 0.5
11317 11323 0 0 0.5
11317 11326 3.422718218 0.05454356057 0.5
11317 11336 3.398529094 0.05296225071 0.5
11317 11339 0 0 0.5
11318 11321 2.979093822 0.02291287847 0.5
11318 11322 2.979093822 0.02291287847 0.5
11318 11327 3.422718218 0.05454356057 0.5
11318 11333 3.422718218 0.05454356057 0.5
11318 11335 3.422718218 0.05454356057 0.5
11319 11326 3.422718218 0.05454356057 0.5
11319 11334 3.422718218 0.05454356057 0.5
11320 11325 3.398529094 0.05296225071 0.5
11321 11323 0 0 0.5
11322 11323 0 0 0.5
11323 11325 0 0 0.5
11325 11328 3.398529094 0.05296225071 0.5
11325 11331 0 0 0.5
11325 11334 3.422718218 0.05454356057 0.5
11326 11329 2.979093822 0.02291287847 0.5
11326 11330 2.979093822 0.02291287847 0.5
11326 11335 3.422718218 0.05454356057 0.5
11327 11334 3.422718218 0.05454356057 0.5
11328 11333 3.398529094 0.05296225071 0.5
11329 11331 0 0 0.5
11330 11331 0 0 0.5
11331 11333 0 0 0.5
11333 11336 3.398529094 0.05296225071 0.5
11333 11339 0 0 0.5
11334 11337 2.979093822 0.02291287847 0.5
11334 11338 2.979093822 0.02291287847 0.5
11337 11339 0 0 0.5
11338 11339 0 0 0.5
11341 11344 3.398529094 0.05296225071 0.5
11341 11347 0 0 0.5
11341 11350 3.422718218 0.05454356057 0.5
11341 11360 3.398529094 0.05296225071 0.5
11341 11363 0 0 0.5
11342 11345 2.979093822 0.02291287847 0.5
11342 11346 2.979093822 0.02291287847 0.5
11342 11351 3.422718218 0.05454356057 0.5
11342 11357 3.422718218 0.05454356057 0.5
11342 11359 3.422718218 0.05454356057 0.5
11343 11350 3.422718218 0.05454356057 0.5
11343 11358 3.422718218 0.05454356057 0.5
11344 11349 3.398529094 0.05296225071 0.5
11345 11347 0 0 0.5
11346 11347 0 0 0.5
11347 11349 0 0 0.5
11349 11352 3.398529094 0.05296225071 0.5
11349 11355 0 0 0.5
11349 11358 3.422718218 0.05454356057 0.5
11350 11353 2.979093822 0.02291287847 0.5
11350 11354 2.979093822 0.02291287847 0.5
11350 11359 3.422718218 0.05454356057 0.5
11351 11358 3.422718218 0.05454356057 0.5
11352 11357 3.398529094 0.05296225071 0.5
11353 11355 0 0 0.5
11354 11355 0 0 0.5
11355 11357 0 0 0.5
11357 11360 3.398529094 0.05296225071 0.5
11357 11363 0 0 0.5
11358 11361 2.979093822 0.02291287847 0.5
11358 11362 2.979093822 0.02291287847 0.5
11361 11363 0 0 0.5
11362 11363 0 0 0.5
11365 11368 3.398529094 0.05296225071 0.5
11365 11371 0 0 0.5
11365 11374 3.422718218 0.05454356057 0.5
11365 11384 3.398529094 0.05296225071 0.5
11365 11387 0 0 0.5
11366 11369 2.979093822 0.02291287847 0.5
11366 11370 2.979093822 0.02291287847 0.5
11366 11375 3.422718218 0.05454356057 0.5
11366 11381 3.422718218 0.05454356057 0.5
11366 11383 3.422718218 0.05454356057 0.5
11367 11374 3.422718218 0.05454356057 0.5
11367 11382 3.422718218 0.05454356057 0.5
11368 11373 3.398529094 0.05296225071 0.5
11369 11371 0 0 0.5
11370 11371 0 0 0.5
11371 11373 0 0 0.5
11373 11376 3.398529094 0.05296225071 0.5
11373 11379 0 0 0.5
11373 11382 3.422718218 0.05454356057 0.5
11374 11377 2.979093822 0.02291287847 0.5
11374 11378 2.979093822 0.02291287847 0.5
11374 11383 3.422718218 0.05454356057 0.5
11375 11382 3.422718218 0.05454356057 0.5
11376 11381 3.398529094 0.05296225071 0.5
11377 11379 0 0 0.5
11378 11379 0 0 0.5
11379 11381 0 0 0.5
11381 11384 3.398529094 0.05296225071 0.5
11381 11387 0 0 0.5
11382 11385 2.979093822 0.02291287847 0.5
11382 11386 2.979093822 0.02291287847 0.5
11385 11387 0 0 0.5
11386 11387 0 0 0.5
11389 11392 3.398529094 0.05296225071 0.5
11389 11395 0 0 0.5
11389 11398 3.422718218 0.05454356057 0.5
11389 11409 3.398529094 0.05296225071 0.5
11389 11412 0 0 0.5
11390 11393 2.979093822 0.02291287847 0.5
11390 11394 2.979093822 0.02291287847 0.5
11390 11399 3.422718218 0.05454356057 0.5
11390 11406 3.422718218 0.05454356057 0.5
11390 11408 3.422718218 0.05454356057 0.5
11391 11398 3.422718218 0.05454356057 0.5
11391 11407 3.422718218 0.05454356057 0.5
11392 11397 3.398529094 0.05296225071 0.5
11393 11395 0 0 0.5
11394 11395 0 0 0.5
11395 11397 0 0 0.5
11397 11400 3.398529094 0.05296225071 0.5
11397 11404 0 0 0.5
11397 11407 3.422718218 0.05454356057 0.5
11398 11401 3.328062499 0.05454356057 0.5
11398 11402 2.979093822 0.02291287847 0.5
11398 11403 2.979093822 0.02291287847 0.5
11398 11408 3.422718218 0.05454356057 0.5
11399 11407 3.422718218 0.05454356057 0.5
11399 11841 3.398529094 0.05296225071 0.5
11400 11406 3.398529094 0.05296225071 0.5
11400 11840 3.398529094 0.05296225071 0.5
11400 11842 2.958039892 0.02224859546 0.5
11400 11843 2.958039892 0.02224859546 0.5
11401 11404 0 0 0.5
11401 11839 3.328062499 0.05454356057 0.5
11401 11844 0 0 0.5
11402 11404 0 0 0.5
11402 11841 2.958039892 0.02224859546 0.5
11403 11404 0 0 0.5
11403 11841 2.958039892 0.02224859546 0.5
11404 11406 0 0 0.5
11406 11409 3.398529094 0.05296225071 0.5
11406 11412 0 0 0.5
11407 11410 2.979093822 0.02291287847 0.5
11407 11411 2.979093822 0.02291287847 0.5
11410 11412 0 0 0.5
11411 11412 0 0 0.5
11414 11417 3.398529094 0.05296225071 0.5
11414 11420 0 0 0.5
11414 11423 3.422718218 0.05454356057 0.5
11414 11433 3.398529094 0.05296225071 0.5
11414 11436 0 0 0.5
11415 11418 2.979093822 0.02291287847 0.5
11415 11419 2.979093822 0.02291287847 0.5
11415 11424 3.422718218 0.05454356057 0.5
11415 11430 3.422718218 0.05454356057 0.5
11415 11432 3.422718218 0.05454356057 0.5
11416 11423 3.422718218 0.05454356057 0.5
11416 11431 3.422718218 0.05454356057 0.5
11417 11422 3.398529094 0.05296225071 0.5
11418 11420 0 0 0.5
11419 11420 0 0 0.5
11420 11422 0 0 0.5
11422 11425 3.398529094 0.05296225071 0.5
11422 11428 0 0 0.5
11422 11431 3.422718218 0.05454356057 0.5
11423 11426 2.979093822 0.02291287847 0.5
11423 11427 2.979093822 0.02291287847 0.5
11423 11432 3.422718218 0.05454356057 0.5
11424 11431 3.422718218 0.05454356057 0.5
11425 11430 3.398529094 0.05296225071 0.5
11426 11428 0 0 0.5
11427 11428 0 0 0.5
11428 11430 0 0 0.5
11430 11433 3.398529094 0.05296225071 0.5
11430 11436 0 0 0.5
11431 11434 2.979093822 0.02291287847 0.5
11431 11435 2.979093822 0.02291287847 0.5
11434 11436 0 0 0.5
11435 11436 0 0 0.5
11438 11441 3.398529094 0.05296225071 0.5
11438 11444 0 0 0.5
11438 11447 3.422718218 0.05454356057 0.5
11438 11457 3.398529094 0.05296225071 0.5
11438 11460 0 0 0.5
11439 11442 2.979093822 0.02291287847 0.5
11439 11443 2.979093822 0.02291287847 0.5
11439 11448 3.422718218 0.05454356057 0.5
11439 11454 3.422718218 0.05454356057 0.5
11439 11456 3.422718218 0.05454356057 0.5
11440 11447 3.422718218 0.05454356057 0.5
11440 11455 3.422718218 0.05454356057 0.5
11441 11446 3.398529094 0.05296225071 0.5
11442 11444 0 0 0.5
11443 11444 0 0 0.5
11444 11446 0 0 0.5
11446 11449 3.398529094 0.05296225071 0.5
11446 11452 0 0 0.5
11446 11455 3.422718218 0.05454356057 0.5
11447 11450 2.979093822 0.02291287847 0.5
11447 11451 2.979093822 0.02291287847 0.5
11447 11456 3.422718218 0.05454356057 0.5
11448 11455 3.422718218 0.05454356057 0.5
11449 11454 3.398529094 0.05296225071 0.5
11450 11452 0 0 0.5
11451 11452 0 0 0.5
11452 11454 0 0 0.5
11454 11457 3.398529094 0.05296225071 0.5
11454 11460 0 0 0.5
11455 11458 2.979093822 0.02291287847 0.5
11455 11459 2.979093822 0.02291287847 0.5
11458 11460 0 0 0.5
11459 11460 0 0 0.5
11462 11465 3.398529094 0.05296225071 0.5
11462 11468 0 0 0.5
11462 11471 3.422718218 0.05454356057 0.5
11462 11483 3.398529094 0.05296225071 0.5
11462 11486 0 0 0.5
11463 11466 2.979093822 0.02291287847 0.5
11463 11467 2.979093822 0.02291287847 0.5
11463 11472 3.422718218 0.05454356057 0.5
11463 11480 3.422718218 0.05454356057 0.5
11463 11482 3.422718218 0.05454356057 0.5
11464 11471 3.422718218 0.05454356057 0.5
11464 11481 3.422718218 0.05454356057 0.5
11465 11470 3.398529094 0.05296225071 0.5
11466 11468 0 0 0.5
11467 11468 0 0 0.5
11468 11470 0 0 0.5
11470 11473 3.398529094 0.05296225071 0.5
11470 11478 0 0 0.5
11470 11481 3.422718218 0.05454356057 0.5
11471 11474 3.328062499 0.05454356057 0.5
11471 11476 2.979093822 0.02291287847 0.5
11471 11477 2.979093822 0.02291287847 0.5
11471 11482 3.422718218 0.05454356057 0.5
11472 11475 0 0 0.5
11472 11481 3.422718218 0.05454356057 0.5
11473 11480 3.398529094 0.05296225071 0.5
11474 11478 0 0 0.5
11475 11476 0 0 0.5
11475 11477 0 0 0.5
11476 11478 0 0 0.5
11477 11478 0 0 0.5
11478 11480 0 0 0.5
11480 11483 3.398529094 0.05296225071 0.5
11480 11486 0 0 0.5
11481 11484 2.979093822 0.02291287847 0.5
11481 11485 2.979093822 0.02291287847 0.5
11484 11486 0 0 0.5
11485 11486 0 0 0.5
11488 11491 3.398529094 0.05296225071 0.5
11488 11494 0 0 0.5
11488 11497 3.422718218 0.05454356057 0.5
11488 11507 3.398529094 0.05296225071 0.5
11488 11510 0 0 0.5
11489 11492 2.979093822 0.02291287847 0.5
11489 11493 2.979093822 0.02291287847 0.5
11489 11498 3.422718218 0.05454356057 0.5
11489 11504 3.422718218 0.05454356057 0.5
11489 11506 3.422718218 0.05454356057 0.5
11490 11497 3.422718218 0.05454356057 0.5
11490 11505 3.422718218 0.05454356057 0.5
11491 11496 3.398529094 0.05296225071 0.5
11492 11494 0 0 0.5
11493 11494 0 0 0.5
11494 11496 0 0 0.5
11496 11499 3.398529094 0.05296225071 0.5
11496 11502 0 0 0.5
11496 11505 3.422718218 0.05454356057 0.5
11497 11500 2.979093822 0.02291287847 0.5
11497 11501 2.979093822 0.02291287847 0.5
11497 11506 3.422718218 0.05454356057 0.5
11498 11505 3.422718218 0.05454356057 0.5
11499 11504 3.398529094 0.05296225071 0.5
11500 11502 0 0 0.5
11501 11502 0 0 0.5
11502 11504 0 0 0.5
11504 11507 3.398529094 0.05296225071 0.5
11504 11510 0 0 0.5
11505 11508 2.979093822 0.02291287847 0.5
11505 11509 2.979093822 0.02291287847 0.5
11508 11510 0 0 0.5
11509 11510 0 0 0.5
11512 11515 3.398529094 0.05296225071 0.5
11512 11518 0 0 0.5
11512 11521 3.422718218 0.05454356057 0.5
11512 11533 3.398529094 0.05296225071 0.5
11512 11538 0 0 0.5
11513 11516 2.979093822 0.02291287847 0.5
11513 11517 2.979093822 0.02291287847 0.5
11513 11522 3.422718218 0.05454356057 0.5
11513 11530 3.422718218 0.05454356057 0.5
11513 11532 3.422718218 0.05454356057 0.5
11514 11521 3.422718218 0.05454356057 0.5
11514 11531 3.422718218 0.05454356057 0.5
11515 11520 3.398529094 0.05296225071 0.5
11516 11518 0 0 0.5
11517 11518 0 0 0.5
11518 11520 0 0 0.5
11520 11523 3.398529094 0.05296225071 0.5
11520 11528 0 0 0.5
11520 11531 3.422718218 0.05454356057 0.5
11521 11524 3.328062499 0.05454356057 0.5
11521 11526 2.979093822 0.02291287847 0.5
11521 11527 2.979093822 0.02291287847 0.5
11521 11532 3.422718218 0.05454356057 0.5
11522 11525 0 0 0.5
11522 11531 3.422718218 0.05454356057 0.5
11523 11530 3.398529094 0.05296225071 0.5
11524 11528 0 0 0.5
11525 11526 0 0 0.5
11525 11527 0 0 0.5
11526 11528 0 0 0.5
11527 11528 0 0 0.5
11528 11530 0 0 0.5
11530 11533 3.398529094 0.05296225071 0.5
11530 11538 0 0 0.5
11531 11534 3.328062499 0.05454356057 0.5
11531 11536 2.979093822 0.02291287847 0.5
11531 11537 2.979093822 0.02291287847 0.5
11532 11535 0 0 0.5
11534 11538 0 0 0.5
11535 11536 0 0 0.5
11535 11537 0 0 0.5
11536 11538 0 0 0.5
11537 11538 0 0 0.5
11540 11543 3.398529094 0.05296225071 0.5
11540 11546 0 0 0.5
11540 11549 3.422718218 0.05454356057 0.5
11540 11559 3.398529094 0.05296225071 0.5
11540 11563 0 0 0.5
11541 11544 2.979093822 0.02291287847 0.5
11541 11545 2.979093822 0.02291287847 0.5
11541 11550 3.422718218 0.05454356057 0.5
11541 11556 3.422718218 0.05454356057 0.5
11541 11558 3.422718218 0.05454356057 0.5
11542 11549 3.422718218 0.05454356057 0.5
11542 11557 3.422718218 0.05454356057 0.5
11543 11548 3.398529094 0.05296225071 0.5
11544 11546 0 0 0.5
11545 11546 0 0 0.5
11546 11548 0 0 0.5
11548 11551 3.398529094 0.05296225071 0.5
11548 11554 0 0 0.5
11548 11557 3.422718218 0.05454356057 0.5
11549 11552 2.979093822 0.02291287847 0.5
11549 11553 2.979093822 0.02291287847 0.5
11549 11558 3.422718218 0.05454356057 0.5
11550 11557 3.422718218 0.05454356057 0.5
11551 11556 3.398529094 0.05296225071 0.5
11552 11554 0 0 0.5
11553 11554 0 0 0.5
11554 11556 0 0 0.5
11556 11559 3.398529094 0.05296225071 0.5
11556 11563 0 0 0.5
11557 11560 3.328062499 0.05454356057 0.5
11557 11561 2.979093822 0.02291287847 0.5
11557 11562 2.979093822 0.02291287847 0.5
11558 12258 3.398529094 0.05296225071 0.5
11559 12257 3.398529094 0.05296225071 0.5
11559 12259 2.958039892 0.02224859546 0.5
11559 12260 2.958039892 0.02224859546 0.5
11560 11563 0 0 0.5
11560 12256 3.328062499 0.05454356057 0.5
11560 12261 0 0 0.5
11561 11563 0 0 0.5
11561 12258 2.958039892 0.02224859546 0.5
11562 11563 0 0 0.5
11562 12258 2.958039892 0.02224859546 0.5
11565 11568 3.398529094 0.05296225071 0.5
11565 11571 0 0 0.5
11565 11574 3.422718218 0.05454356057 0.5
11565 11584 3.398529094 0.05296225071 0.5
11565 11587 0 0 0.5
11566 11569 2.979093822 0.02291287847 0.5
11566 11570 2.979093822 0.02291287847 0.5
11566 11575 3.422718218 0.05454356057 0.5
11566 11581 3.422718218 0.05454356057 0.5
11566 11583 3.422718218 0.05454356057 0.5
11567 11574 3.422718218 0.05454356057 0.5
11567 11582 3.422718218 0.05454356057 0.5
11568 11573 3.398529094 0.05296225071 0.5
11569 11571 0 0 0.5
11570 11571 0 0 0.5
11571 11573 0 0 0.5
11573 11576 3.398529094 0.05296225071 0.5
11573 11579 0 0 0.5
11573 11582 3.422718218 0.05454356057 0.5
11574 11577 2.979093822 0.02291287847 0.5
11574 11578 2.979093822 0.02291287847 0.5
11574 11583 3.422718218 0.05454356057 0.5
11575 11582 3.422718218 0.05454356057 0.5
11576 11581 3.398529094 0.05296225071 0.5
11577 11579 0 0 0.5
11578 11579 0 0 0.5
11579 11581 0 0 0.5
11581 11584 3.398529094 0.05296225071 0.5
11581 11587 0 0 0.5
11582 11585 2.979093822 0.02291287847 0.5
11582 11586 2.979093822 0.02291287847 0.5
11585 11587 0 0 0.5
11586 11587 0 0 0.5
11589 11592 3.398529094 0.05296225071 0.5
11589 11595 0 0 0.5
11589 11598 3.422718218 0.05454356057 0.5
11589 11610 3.398529094 0.05296225071 0.5
11589 11613 0 0 0.5
11590 11593 2.979093822 0.02291287847 0.5
11590 11594 2.979093822 0.02291287847 0.5
11590 11599 3.422718218 0.05454356057 0.5
11590 11607 3.422718218 0.05454356057 0.5
11590 11609 3.422718218 0.05454356057 0.5
11591 11598 3.422718218 0.05454356057 0.5
11591 11608 3.422718218 0.05454356057 0.5
11592 11597 3.398529094 0.05296225071 0.5
11593 11595 0 0 0.5
11594 11595 0 0 0.5
11595 11597 0 0 0.5
11597 11600 3.398529094 0.05296225071 0.5
11597 11605 0 0 0.5
11597 11608 3.422718218 0.05454356057 0.5
11598 11601 3.328062499 0.05454356057 0.5
11598 11603 2.979093822 0.02291287847 0.5
11598 11604 2.979093822 0.02291287847 0.5
11598 11609 3.422718218 0.05454356057 0.5
11599 11602 0 0 0.5
11599 11608 3.422718218 0.05454356057 0.5
11600 11607 3.398529094 0.05296225071 0.5
11601 11605 0 0 0.5
11602 11603 0 0 0.5
11602 11604 0 0 0.5
11603 11605 0 0 0.5
11604 11605 0 0 0.5
11605 11607 0 0 0.5
11607 11610 3.398529094 0.05296225071 0.5
11607 11613 0 0 0.5
11608 11611 2.979093822 0.02291287847 0.5
11608 11612 2.979093822 0.02291287847 0.5
11611 11613 0 0 0.5
11612 11613 0 0 0.5
11615 11618 3.398529094 0.05296225071 0.5
11615 11621 0 0 0.5
11615 11624 3.422718218 0.05454356057 0.5
11615 11634 3.398529094 0.05296225071 0.5
11615 11637 0 0 0.5
11616 11619 2.979093822 0.02291287847 0.5
11616 11620 2.979093822 0.02291287847 0.5
11616 11625 3.422718218 0.05454356057 0.5
11616 11631 3.422718218 0.05454356057 0.5
11616 11633 3.422718218 0.05454356057 0.5
11617 11624 3.422718218 0.05454356057 0.5
11617 11632 3.422718218 0.05454356057 0.5
11618 11623 3.398529094 0.05296225071 0.5
11619 11621 0 0 0.5
11620 11621 0 0 0.5
11621 11623 0 0 0.5
11623 11626 3.398529094 0.05296225071 0.5
11623 11629 0 0 0.5
11623 11632 3.422718218 0.05454356057 0.5
11624 11627 2.979093822 0.02291287847 0.5
11624 11628 2.979093822 0.02291287847 0.5
11624 11633 3.422718218 0.05454356057 0.5
11625 11632 3.422718218 0.05454356057 0.5
11626 11631 3.398529094 0.05296225071 0.5
11627 11629 0 0 0.5
11628 11629 0 0 0.5
11629 11631 0 0 0.5
11631 11634 3.398529094 0.05296225071 0.5
11631 11637 0 0 0.5
11632 11635 2.979093822 0.02291287847 0.5
11632 11636 2.979093822 0.02291287847 0.5
11635 11637 0 0 0.5
11636 11637 0 0 0.5
11639 11642 3.398529094 0.05296225071 0.5
11639 11645 0 0 0.5
11639 11648 3.422718218 0.05454356057 0.5
11639 11658 3.398529094 0.05296225071 0.5
11639 11661 0 0 0.5
11640 11643 2.979093822 0.02291287847 0.5
11640 11644 2.979093822 0.02291287847 0.5
11640 11649 3.422718218 0.05454356057 0.5
11640 11655 3.422718218 0.05454356057 0.5
11640 11657 3.422718218 0.05454356057 0.5
11641 11648 3.422718218 0.05454356057 0.5
11641 11656 3.422718218 0.05454356057 0.5
11642 11647 3.398529094 0.05296225071 0.5
11643 11645 0 0 0.5
11644 11645 0 0 0.5
11645 11647 0 0 0.5
11647 11650 3.398529094 0.05296225071 0.5
11647 11653 0 0 0.5
11647 11656 3.422718218 0.05454356057 0.5
11648 11651 2.979093822 0.02291287847 0.5
11648 11652 2.979093822 0.02291287847 0.5
11648 11657 3.422718218 0.05454356057 0.5
11649 11656 3.422718218 0.05454356057 0.5
11650 11655 3.398529094 0.05296225071 0.5
11651 11653 0 0 0.5
11652 11653 0 0 0.5
11653 11655 0 0 0.5
11655 11658 3.398529094 0.05296225071 0.5
11655 11661 0 0 0.5
11656 11659 2.979093822 0.02291287847 0.5
11656 11660 2.979093822 0.02291287847 0.5
11659 11661 0 0 0.5
11660 11661 0 0 0.5
11663 11666 3.398529094 0.05296225071 0.5
11663 11671 0 0 0.5
11663 11674 3.422718218 0.05454356057 0.5
11663 11686 3.398529094 0.05296225071 0.5
11663 11689 0 0 0.5
11664 11667 3.328062499 0.05454356057 0.5
11664 11669 2.979093822 0.02291287847 0.5
11664 11670 2.979093822 0.02291287847 0.5
11664 11675 3.422718218 0.05454356057 0.5
11664 11683 3.422718218 0.05454356057 0.5
11664 11685 3.422718218 0.05454356057 0.5
11665 11668 0 0 0.5
11665 11674 3.422718218 0.05454356057 0.5
11665 11684 3.422718218 0.05454356057 0.5
11666 11673 3.398529094 0.05296225071 0.5
11667 11671 0 0 0.5
11668 11669 0 0 0.5
11668 11670 0 0 0.5
11669 11671 0 0 0.5
11670 11671 0 0 0.5
11671 11673 0 0 0.5
11673 11676 3.398529094 0.05296225071 0.5
11673 11681 0 0 0.5
11673 11684 3.422718218 0.05454356057 0.5
11674 11677 3.328062499 0.05454356057 0.5
11674 11679 2.979093822 0.02291287847 0.5
11674 11680 2.979093822 0.02291287847 0.5
11674 11685 3.422718218 0.05454356057 0.5
11675 11678 0 0 0.5
11675 11684 3.422718218 0.05454356057 0.5
11676 11683 3.398529094 0.05296225071 0.5
11677 11681 0 0 0.5
11678 11679 0 0 0.5
11678 11680 0 0 0.5
11679 11681 0 0 0.5
11680 11681 0 0 0.5
11681 11683 0 0 0.5
11683 11686 3.398529094 0.05296225071 0.5
11683 11689 0 0 0.5
11684 11687 2.979093822 0.02291287847 0.5
11684 11688 2.979093822 0.02291287847 0.5
11687 11689 0 0 0.5
11688 11689 0 0 0.5
11691 11694 3.398529094 0.05296225071 0.5
11691 11697 0 0 0.5
11691 11700 3.422718218 0.05454356057 0.5
11691 11710 3.398529094 0.05296225071 0.5
11691 11714 0 0 0.5
11692 11695 2.979093822 0.02291287847 0.5
11692 11696 2.979093822 0.02291287847 0.5
11692 11701 3.422718218 0.05454356057 0.5
11692 11707 3.422718218 0.05454356057 0.5
11692 11709 3.422718218 0.05454356057 0.5
11693 11700 3.422718218 0.05454356057 0.5
11693 11708 3.422718218 0.05454356057 0.5
11694 11699 3.398529094 0.05296225071 0.5
11695 11697 0 0 0.5
11696 11697 0 0 0.5
11697 11699 0 0 0.5
11699 11702 3.398529094 0.05296225071 0.5
11699 11705 0 0 0.5
11699 11708 3.422718218 0.05454356057 0.5
11700 11703 2.979093822 0.02291287847 0.5
11700 11704 2.979093822 0.02291287847 0.5
11700 11709 3.422718218 0.05454356057 0.5
11701 11708 3.422718218 0.05454356057 0.5
11702 11707 3.398529094 0.05296225071 0.5
11703 11705 0 0 0.5
11704 11705 0 0 0.5
11705 11707 0 0 0.5
11707 11710 3.398529094 0.05296225071 0.5
11707 11714 0 0 0.5
11708 11711 3.328062499 0.05454356057 0.5
11708 11712 2.979093822 0.02291287847 0.5
11708 11713 2.979093822 0.02291287847 0.5
11709 12764 3.398529094 0.05296225071 0.5
11710 12763 3.398529094 0.05296225071 0.5
11710 12765 2.958039892 0.02224859546 0.5
11710 12766 2.958039892 0.02224859546 0.5
11711 11714 0 0 0.5
11711 12762 3.328062499 0.05454356057 0.5
11711 12767 0 0 0.5
11712 11714 0 0 0.5
11712 12764 2.958039892 0.02224859546 0.5
11713 11714 0 0 0.5
11713 12764 2.958039892 0.02224859546 0.5
11716 11719 3.398529094 0.05296225071 0.5
11716 11722 0 0 0.5
11716 11725 3.422718218 0.05454356057 0.5
11716 11735 3.398529094 0.05296225071 0.5
11716 11738 0 0 0.5
11717 11720 2.979093822 0.02291287847 0.5
11717 11721 2.979093822 0.02291287847 0.5
11717 11726 3.422718218 0.05454356057 0.5
11717 11732 3.422718218 0.05454356057 0.5
11717 11734 3.422718218 0.05454356057 0.5
11718 11725 3.422718218 0.05454356057 0.5
11718 11733 3.422718218 0.05454356057 0.5
11719 11724 3.398529094 0.05296225071 0.5
11720 11722 0 0 0.5
11721 11722 0 0 0.5
11722 11724 0 0 0.5
11724 11727 3.398529094 0.05296225071 0.5
11724 11730 0 0 0.5
11724 11733 3.422718218 0.05454356057 0.5
11725 11728 2.979093822 0.02291287847 0.5
11725 11729 2.979093822 0.02291287847 0.5
11725 11734 3.422718218 0.05454356057 0.5
11726 11733 3.422718218 0.05454356057 0.5
11727 11732 3.398529094 0.05296225071 0.5
11728 11730 0 0 0.5
11729 11730 0 0 0.5
11730 11732 0 0 0.5
11732 11735 3.398529094 0.05296225071 0.5
11732 11738 0 0 0.5
11733 11736 2.979093822 0.02291287847 0.5
11733 11737 2.979093822 0.02291287847 0.5
11736 11738 0 0 0.5
11737 11738 0 0 0.5
11740 11743 3.398529094 0.05296225071 0.5
11740 11746 0 0 0.5
11740 11749 3.422718218 0.05454356057 0.5
11740 11759 3.398529094 0.05296225071 0.5
11740 11762 0 0 0.5
11741 11744 2.979093822 0.02291287847 0.5
11741 11745 2.979093822 0.02291287847 0.5
11741 11750 3.422718218 0.05454356057 0.5
11741 11756 3.422718218 0.05454356057 0.5
11741 11758 3.422718218 0.05454356057 0.5
11742 11749 3.422718218 0.05454356057 0.5
11742 11757 3.422718218 0.05454356057 0.5
11743 11748 3.398529094 0.05296225071 0.5
11744 11746 0 0 0.5
11745 11746 0 0 0.5
11746 11748 0 0 0.5
11748 11751 3.398529094 0.05296225071 0.5
11748 11754 0 0 0.5
11748 11757 3.422718218 0.05454356057 0.5
11749 11752 2.979093822 0.02291287847 0.5
11749 11753 2.979093822 0.02291287847 0.5
11749 11758 3.422718218 0.05454356057 0.5
11750 11757 3.422718218 0.05454356057 0.5
11751 11756 3.398529094 0.05296225071 0.5
11752 11754 0 0 0.5
11753 11754 0 0 0.5
11754 11756 0 0 0.5
11756 11759 3.398529094 0.05296225071 0.5
11756 11762 0 0 0.5
11757 11760 2.979093822 0.02291287847 0.5
11757 11761 2.979093822 0.02291287847 0.5
11760 11762 0 0 0.5
11761 11762 0 0 0.5
11764 11767 3.398529094 0.05296225071 0.5
11764 11770 0 0 0.5
11764 11773 3.422718218 0.05454356057 0.5
11764 11783 3.398529094 0.05296225071 0.5
11764 11786 0 0 0.5
11765 11768 2.979093822 0.02291287847 0.5
11765 11769 2.979093822 0.02291287847 0.5
11765 11774 3.422718218 0.05454356057 0.5
11765 11780 3.422718218 0.05454356057 0.5
11765 11782 3.422718218 0.05454356057 0.5
11766 11773 3.422718218 0.05454356057 0.5
11766 11781 3.422718218 0.05454356057 0.5
11767 11772 3.398529094 0.05296225071 0.5
11768 11770 0 0 0.5
11769 11770 0 0 0.5
11770 11772 0 0 0.5
11772 11775 3.398529094 0.05296225071 0.5
11772 11778 0 0 0.5
11772 11781 3.422718218 0.05454356057 0.5
11773 11776 2.979093822 0.02291287847 0.5
11773 11777 2.979093822 0.02291287847 0.5
11773 11782 3.422718218 0.05454356057 0.5
11774 11781 3.422718218 0.05454356057 0.5
11775 11780 3.398529094 0.05296225071 0.5
11776 11778 0 0 0.5
11777 11778 0 0 0.5
11778 11780 0 0 0.5
11780 11783 3.398529094 0.05296225071 0.5
11780 11786 0 0 0.5
11781 11784 2.979093822 0.02291287847 0.5
11781 11785 2.979093822 0.02291287847 0.5
11784 11786 0 0 0.5
11785 11786 0 0 0.5
11788 11791 3.398529094 0.05296225071 0.5
11788 11795 0 0 0.5
11788 11798 3.422718218 0.05454356057 0.5
11788 11808 3.398529094 0.05296225071 0.5
11788 11811 0 0 0.5
11789 11792 3.328062499 0.05454356057 0.5
11789 11793 2.979093822 0.02291287847 0.5
11789 11794 2.979093822 0.02291287847 0.5
11789 11799 3.422718218 0.05454356057 0.5
11789 11805 3.422718218 0.05454356057 0.5
11789 11807 3.422718218 0.05454356057 0.5
11790 11798 3.422718218 0.05454356057 0.5
11790 11806 3.422718218 0.05454356057 0.5
11790 12147 3.398529094 0.05296225071 0.5
11791 11797 3.398529094 0.05296225071 0.5
11791 12146 3.398529094 0.05296225071 0.5
11791 12148 2.958039892 0.02224859546 0.5
11791 12149 2.958039892 0.02224859546 0.5
11792 11795 0 0 0.5
11792 12145 3.328062499 0.05454356057 0.5
11792 12150 0 0 0.5
11793 11795 0 0 0.5
11793 12147 2.958039892 0.02224859546 0.5
11794 11795 0 0 0.5
11794 12147 2.958039892 0.02224859546 0.5
11795 11797 0 0 0.5
11797 11800 3.398529094 0.05296225071 0.5
11797 11803 0 0 0.5
11797 11806 3.422718218 0.05454356057 0.5
11798 11801 2.979093822 0.02291287847 0.5
11798 11802 2.979093822 0.02291287847 0.5
11798 11807 3.422718218 0.05454356057 0.5
11799 11806 3.422718218 0.05454356057 0.5
11800 11805 3.398529094 0.05296225071 0.5
11801 11803 0 0 0.5
11802 11803 0 0 0.5
11803 11805 0 0 0.5
11805 11808 3.398529094 0.05296225071 0.5
11805 11811 0 0 0.5
11806 11809 2.979093822 0.02291287847 0.5
11806 11810 2.979093822 0.02291287847 0.5
11809 11811 0 0 0.5
11810 11811 0 0 0.5
11813 11816 3.398529094 0.05296225071 0.5
11813 11819 0 0 0.5
11813 11822 3.422718218 0.05454356057 0.5
11813 11832 3.398529094 0.05296225071 0.5
11813 11836 0 0 0.5
11814 11817 2.979093822 0.02291287847 0.5
11814 11818 2.979093822 0.02291287847 0.5
11814 11823 3.422718218 0.05454356057 0.5
11814 11829 3.422718218 0.05454356057 0.5
11814 11831 3.422718218 0.05454356057 0.5
11815 11822 3.422718218 0.05454356057 0.5
11815 11830 3.422718218 0.05454356057 0.5
11816 11821 3.398529094 0.05296225071 0.5
11817 11819 0 0 0.5
11818 11819 0 0 0.5
11819 11821 0 0 0.5
11821 11824 3.398529094 0.05296225071 0.5
11821 11827 0 0 0.5
11821 11830 3.422718218 0.05454356057 0.5
11822 11825 2.979093822 0.02291287847 0.5
11822 11826 2.979093822 0.02291287847 0.5
11822 11831 3.422718218 0.05454356057 0.5
11823 11830 3.422718218 0.05454356057 0.5
11824 11829 3.398529094 0.05296225071 0.5
11825 11827 0 0 0.5
11826 11827 0 0 0.5
11827 11829 0 0 0.5
11829 11832 3.398529094 0.05296225071 0.5
11829 11836 0 0 0.5
11830 11833 3.328062499 0.05454356057 0.5
11830 11834 2.979093822 0.02291287847 0.5
11830 11835 2.979093822 0.02291287847 0.5
11831 12378 3.398529094 0.05296225071 0.5
11832 12377 3.398529094 0.05296225071 0.5
11832 12379 2.958039892 0.02224859546 0.5
11832 12380 2.958039892 0.02224859546 0.5
11833 11836 0 0 0.5
11833 12376 3.328062499 0.05454356057 0.5
11833 12381 0 0 0.5
11834 11836 0 0 0.5
11834 12378 2.958039892 0.02224859546 0.5
11835 11836 0 0 0.5
11835 12378 2.958039892 0.02224859546 0.5
11838 11841 3.398529094 0.05296225071 0.5
11838 11844 0 0 0.5
11838 11847 3.422718218 0.05454356057 0.5
11838 11857 3.398529094 0.05296225071 0.5
11838 11861 0 0 0.5
11839 11842 2.979093822 0.02291287847 0.5
11839 11843 2.979093822 0.02291287847 0.5
11839 11848 3.422718218 0.05454356057 0.5
11839 11854 3.422718218 0.05454356057 0.5
11839 11856 3.422718218 0.05454356057 0.5
11840 11847 3.422718218 0.05454356057 0.5
11840 11855 3.422718218 0.05454356057 0.5
11841 11846 3.398529094 0.05296225071 0.5
11842 11844 0 0 0.5
11843 11844 0 0 0.5
11844 11846 0 0 0.5
11846 11849 3.398529094 0.05296225071 0.5
11846 11852 0 0 0.5
11846 11855 3.422718218 0.05454356057 0.5
11847 11850 2.979093822 0.02291287847 0.5
11847 11851 2.979093822 0.02291287847 0.5
11847 11856 3.422718218 0.05454356057 0.5
11848 11855 3.422718218 0.05454356057 0.5
11849 11854 3.398529094 0.05296225071 0.5
11850 11852 0 0 0.5
11851 11852 0 0 0.5
11852 11854 0 0 0.5
11854 11857 3.398529094 0.05296225071 0.5
11854 11861 0 0 0.5
11855 11858 3.328062499 0.05454356057 0.5
11855 11859 2.979093822 0.02291287847 0.5
11855 11860 2.979093822 0.02291287847 0.5
11856 12017 3.398529094 0.05296225071 0.5
11857 12016 3.398529094 0.05296225071 0.5
11857 12018 2.958039892 0.02224859546 0.5
11857 12019 2.958039892 0.02224859546 0.5
11858 11861 0 0 0.5
11858 12015 3.328062499 0.05454356057 0.5
11858 12020 0 0 0.5
11859 11861 0 0 0.5
11859 12017 2.958039892 0.02224859546 0.5
11860 11861 0 0 0.5
11860 12017 2.958039892 0.02224859546 0.5
11863 11866 3.398529094 0.05296225071 0.5
11863 11869 0 0 0.5
11863 11872 3.422718218 0.05454356057 0.5
11863 11882 3.398529094 0.05296225071 0.5
11863 11885 0 0 0.5
11864 11867 2.979093822 0.02291287847 0.5
11864 11868 2.979093822 0.02291287847 0.5
11864 11873 3.422718218 0.05454356057 0.5
11864 11879 3.422718218 0.05454356057 0.5
11864 11881 3.422718218 0.05454356057 0.5
11865 11872 3.422718218 0.05454356057 0.5
11865 11880 3.422718218 0.05454356057 0.5
11866 11871 3.398529094 0.05296225071 0.5
11867 11869 0 0 0.5
11868 11869 0 0 0.5
11869 11871 0 0 0.5
11871 11874 3.398529094 0.05296225071 0.5
11871 11877 0 0 0.5
11871 11880 3.422718218 0.05454356057 0.5
11872 11875 2.979093822 0.02291287847 0.5
11872 11876 2.979093822 0.02291287847 0.5
11872 11881 3.422718218 0.05454356057 0.5
11873 11880 3.422718218 0.05454356057 0.5
11874 11879 3.398529094 0.05296225071 0.5
11875 11877 0 0 0.5
11876 11877 0 0 0.5
11877 11879 0 0 0.5
11879 11882 3.398529094 0.05296225071 0.5
11879 11885 0 0 0.5
11880 11883 2.979093822 0.02291287847 0.5
11880 11884 2.979093822 0.02291287847 0.5
11883 11885 0 0 0.5
11884 11885 0 0 0.5
11887 11890 3.398529094 0.05296225071 0.5
11887 11893 0 0 0.5
11887 11896 3.422718218 0.05454356057 0.5
11887 11906 3.398529094 0.05296225071 0.5
11887 11910 0 0 0.5
11888 11891 2.979093822 0.02291287847 0.5
11888 11892 2.979093822 0.02291287847 0.5
11888 11897 3.422718218 0.05454356057 0.5
11888 11903 3.422718218 0.05454356057 0.5
11888 11905 3.422718218 0.05454356057 0.5
11889 11896 3.422718218 0.05454356057 0.5
11889 11904 3.422718218 0.05454356057 0.5
11890 11895 3.398529094 0.05296225071 0.5
11891 11893 0 0 0.5
11892 11893 0 0 0.5
11893 11895 0 0 0.5
11895 11898 3.398529094 0.05296225071 0.5
11895 11901 0 0 0.5
11895 11904 3.422718218 0.05454356057 0.5
11896 11899 2.979093822 0.02291287847 0.5
11896 11900 2.979093822 0.02291287847 0.5
11896 11905 3.422718218 0.05454356057 0.5
11897 11904 3.422718218 0.05454356057 0.5
11898 11903 3.398529094 0.05296225071 0.5
11899 11901 0 0 0.5
11900 11901 0 0 0.5
11901 11903 0 0 0.5
11903 11906 3.398529094 0.05296225071 0.5
11903 11910 0 0 0.5
11904 11907 3.328062499 0.05454356057 0.5
11904 11908 2.979093822 0.02291287847 0.5
11904 11909 2.979093822 0.02291287847 0.5
11905 12972 3.398529094 0.05296225071 0.5
11906 12971 3.398529094 0.05296225071 0.5
11906 12973 2.958039892 0.02224859546 0.5
11906 12974 2.958039892 0.02224859546 0.5
11907 11910 0 0 0.5
11907 12970 3.328062499 0.05454356057 0.5
11907 12975 0 0 0.5
11908 11910 0 0 0.5
11908 12972 2.958039892 0.02224859546 0.5
11909 11910 0 0 0.5
11909 12972 2.958039892 0.02224859546 0.5
11912 11915 3.398529094 0.05296225071 0.5
11912 11918 0 0 0.5
11912 11921 3.422718218 0.05454356057 0.5
11912 11931 3.398529094 0.05296225071 0.5
11912 11935 0 0 0.5
11913 11916 2.979093822 0.02291287847 0.5
11913 11917 2.979093822 0.02291287847 0.5
11913 11922 3.422718218 0.05454356057 0.5
11913 11928 3.422718218 0.05454356057 0.5
11913 11930 3.422718218 0.05454356057 0.5
11914 11921 3.422718218 0.05454356057 0.5
11914 11929 3.422718218 0.05454356057 0.5
11915 11920 3.398529094 0.05296225071 0.5
11916 11918 0 0 0.5
11917 11918 0 0 0.5
11918 11920 0 0 0.5
11920 11923 3.398529094 0.05296225071 0.5
11920 11926 0 0 0.5
11920 11929 3.422718218 0.05454356057 0.5
11921 11924 2.979093822 0.02291287847 0.5
11921 11925 2.979093822 0.02291287847 0.5
11921 11930 3.422718218 0.05454356057 0.5
11922 11929 3.422718218 0.05454356057 0.5
11923 11928 3.398529094 0.05296225071 0.5
11924 11926 0 0 0.5
11925 11926 0 0 0.5
11926 11928 0 0 0.5
11928 11931 3.398529094 0.05296225071 0.5
11928 11935 0 0 0.5
11929 11932 3.328062499 0.05454356057 0.5
11929 11933 2.979093822 0.02291287847 0.5
11929 11934 2.979093822 0.02291287847 0.5
11930 12528 3.398529094 0.05296225071 0.5
11931 12527 3.398529094 0.05296225071 0.5
11931 12529 2.958039892 0.02224859546 0.5
11931 12530 2.958039892 0.02224859546 0.5
11932 11935 0 0 0.5
11932 12526 3.328062499 0.05454356057 0.5
11932 12531 0 0 0.5
11933 11935 0 0 0.5
11933 12528 2.958039892 0.02224859546 0.5
11934 11935 0 0 0.5
11934 12528 2.958039892 0.02224859546 0.5
11937 11940 3.398529094 0.05296225071 0.5
11937 11943 0 0 0.5
11937 11946 3.422718218 0.05454356057 0.5
11937 11956 3.398529094 0.05296225071 0.5
11937 11959 0 0 0.5
11938 11941 2.979093822 0.02291287847 0.5
11938 11942 2.979093822 0.02291287847 0.5
11938 11947 3.422718218 0.05454356057 0.5
11938 11953 3.422718218 0.05454356057 0.5
11938 11955 3.422718218 0.05454356057 0.5
11939 11946 3.422718218 0.05454356057 0.5
11939 11954 3.422718218 0.05454356057 0.5
11940 11945 3.398529094 0.05296225071 0.5
11941 11943 0 0 0.5
11942 11943 0 0 0.5
11943 11945 0 0 0.5
11945 11948 3.398529094 0.05296225071 0.5
11945 11951 0 0 0.5
11945 11954 3.422718218 0.05454356057 0.5
11946 11949 2.979093822 0.02291287847 0.5
11946 11950 2.979093822 0.02291287847 0.5
11946 11955 3.422718218 0.05454356057 0.5
11947 11954 3.422718218 0.05454356057 0.5
11948 11953 3.398529094 0.05296225071 0.5
11949 11951 0 0 0.5
11950 11951 0 0 0.5
11951 11953 0 0 0.5
11953 11956 3.398529094 0.05296225071 0.5
11953 11959 0 0 0.5
11954 11957 2.979093822 0.02291287847 0.5
11954 11958 2.979093822 0.02291287847 0.5
11957 11959 0 0 0.5
11958 11959 0 0 0.5
11961 11964 3.398529094 0.05296225071 0.5
11961 11967 0 0 0.5
11961 11970 3.422718218 0.05454356057 0.5
11961 11981 3.398529094 0.05296225071 0.5
11961 11984 0 0 0.5
11962 11965 2.979093822 0.02291287847 0.5
11962 11966 2.979093822 0.02291287847 0.5
11962 11971 3.422718218 0.05454356057 0.5
11962 11978 3.422718218 0.05454356057 0.5
11962 11980 3.422718218 0.05454356057 0.5
11963 11970 3.422718218 0.05454356057 0.5
11963 11979 3.422718218 0.05454356057 0.5
11964 11969 3.398529094 0.05296225071 0.5
11965 11967 0 0 0.5
11966 11967 0 0 0.5
11967 11969 0 0 0.5
11969 11972 3.398529094 0.05296225071 0.5
11969 11976 0 0 0.5
11969 11979 3.422718218 0.05454356057 0.5
11970 11973 3.328062499 0.05454356057 0.5
11970 11974 2.979093822 0.02291287847 0.5
11970 11975 2.979093822 0.02291287847 0.5
11970 11980 3.422718218 0.05454356057 0.5
11971 11979 3.422718218 0.05454356057 0.5
11971 12232 3.398529094 0.05296225071 0.5
11972 11978 3.398529094 0.05296225071 0.5
11972 12231 3.398529094 0.05296225071 0.5
11972 12233 2.958039892 0.02224859546 0.5
11972 12234 2.958039892 0.02224859546 0.5
11973 11976 0 0 0.5
11973 12230 3.328062499 0.05454356057 0.5
11973 12235 0 0 0.5
11974 11976 0 0 0.5
11974 12232 2.958039892 0.02224859546 0.5
11975 11976 0 0 0.5
11975 12232 2.958039892 0.02224859546 0.5
11976 11978 0 0 0.5
11978 11981 3.398529094 0.05296225071 0.5
11978 11984 0 0 0.5
11979 11982 2.979093822 0.02291287847 0.5
11979 11983 2.979093822 0.02291287847 0.5
11982 11984 0 0 0.5
11983 11984 0 0 0.5
11986 11989 3.398529094 0.05296225071 0.5
11986 11994 0 0 0.5
11986 11997 3.422718218 0.05454356057 0.5
11986 12007 3.398529094 0.05296225071 0.5
11986 12012 0 0 0.5
11987 11990 3.328062499 0.05454356057 0.5
11987 11992 2.979093822 0.02291287847 0.5
11987 11993 2.979093822 0.02291287847 0.5
11987 11998 3.422718218 0.05454356057 0.5
11987 12004 3.422718218 0.05454356057 0.5
11987 12006 3.422718218 0.05454356057 0.5
11988 11991 0 0 0.5
11988 11997 3.422718218 0.05454356057 0.5
11988 12005 3.422718218 0.05454356057 0.5
11989 11996 3.398529094 0.05296225071 0.5
11990 11994 0 0 0.5
11991 11992 0 0 0.5
11991 11993 0 0 0.5
11992 11994 0 0 0.5
11993 11994 0 0 0.5
11994 11996 0 0 0.5
11996 11999 3.398529094 0.05296225071 0.5
11996 12002 0 0 0.5
11996 12005 3.422718218 0.05454356057 0.5
11997 12000 2.979093822 0.02291287847 0.5
11997 12001 2.979093822 0.02291287847 0.5
11997 12006 3.422718218 0.05454356057 0.5
11998 12005 3.422718218 0.05454356057 0.5
11999 12004 3.398529094 0.05296225071 0.5
12000 12002 0 0 0.5
12001 12002 0 0 0.5
12002 12004 0 0 0.5
12004 12007 3.398529094 0.05296225071 0.5
12004 12012 0 0 0.5
12005 12008 3.328062499 0.05454356057 0.5
12005 12010 2.979093822 0.02291287847 0.5
12005 12011 2.979093822 0.02291287847 0.5
12006 12009 0 0 0.5
12008 12012 0 0 0.5
12009 12010 0 0 0.5
12009 12011 0 0 0.5
12010 12012 0 0 0.5
12011 12012 0 0 0.5
12014 12017 3.398529094 0.05296225071 0.5
12014 12020 0 0 0.5
12014 12023 3.422718218 0.05454356057 0.5
12014 12033 3.398529094 0.05296225071 0.5
12014 12036 0 0 0.5
12015 12018 2.979093822 0.02291287847 0.5
12015 12019 2.979093822 0.02291287847 0.5
12015 12024 3.422718218 0.05454356057 0.5
12015 12030 3.422718218 0.05454356057 0.5
12015 12032 3.422718218 0.05454356057 0.5
12016 12023 3.422718218 0.05454356057 0.5
12016 12031 3.422718218 0.05454356057 0.5
12017 12022 3.398529094 0.05296225071 0.5
12018 12020 0 0 0.5
12019 12020 0 0 0.5
12020 12022 0 0 0.5
12022 12025 3.398529094 0.05296225071 0.5
12022 12028 0 0 0.5
12022 12031 3.422718218 0.05454356057 0.5
12023 12026 2.979093822 0.02291287847 0.5
12023 12027 2.979093822 0.02291287847 0.5
12023 12032 3.422718218 0.05454356057 0.5
12024 12031 3.422718218 0.05454356057 0.5
12025 12030 3.398529094 0.05296225071 0.5
12026 12028 0 0 0.5
12027 12028 0 0 0.5
12028 12030 0 0 0.5
12030 12033 3.398529094 0.05296225071 0.5
12030 12036 0 0 0.5
12031 12034 2.979093822 0.02291287847 0.5
12031 12035 2.979093822 0.02291287847 0.5
12034 12036 0 0 0.5
12035 12036 0 0 0.5
12038 12041 3.398529094 0.05296225071 0.5
12038 12044 0 0 0.5
12038 12047 3.422718218 0.05454356057 0.5
12038 12057 3.398529094 0.05296225071 0.5
12038 12060 0 0 0.5
12039 12042 2.979093822 0.02291287847 0.5
12039 12043 2.979093822 0.02291287847 0.5
12039 12048 3.422718218 0.05454356057 0.5
12039 12054 3.422718218 0.05454356057 0.5
12039 12056 3.422718218 0.05454356057 0.5
12040 12047 3.422718218 0.05454356057 0.5
12040 12055 3.422718218 0.05454356057 0.5
12041 12046 3.398529094 0.05296225071 0.5
12042 12044 0 0 0.5
12043 12044 0 0 0.5
12044 12046 0 0 0.5
12046 12049 3.398529094 0.05296225071 0.5
12046 12052 0 0 0.5
12046 12055 3.422718218 0.05454356057 0.5
12047 12050 2.979093822 0.02291287847 0.5
12047 12051 2.979093822 0.02291287847 0.5
12047 12056 3.422718218 0.05454356057 0.5
12048 12055 3.422718218 0.05454356057 0.5
12049 12054 3.398529094 0.05296225071 0.5
12050 12052 0 0 0.5
12051 12052 0 0 0.5
12052 12054 0 0 0.5
12054 12057 3.398529094 0.05296225071 0.5
12054 12060 0 0 0.5
12055 12058 2.979093822 0.02291287847 0.5
12055 12059 2.979093822 0.02291287847 0.5
12058 12060 0 0 0.5
12059 12060 0 0 0.5
12062 12065 3.398529094 0.05296225071 0.5
12062 12070 0 0 0.5
12062 12073 3.422718218 0.05454356057 0.5
12062 12083 3.398529094 0.05296225071 0.5
12062 12086 0 0 0.5
12063 12066 3.328062499 0.05454356057 0.5
12063 12068 2.979093822 0.02291287847 0.5
12063 12069 2.979093822 0.02291287847 0.5
12063 12074 3.422718218 0.05454356057 0.5
12063 12080 3.422718218 0.05454356057 0.5
12063 12082 3.422718218 0.05454356057 0.5
12064 12067 0 0 0.5
12064 12073 3.422718218 0.05454356057 0.5
12064 12081 3.422718218 0.05454356057 0.5
12065 12072 3.398529094 0.05296225071 0.5
12066 12070 0 0 0.5
12067 12068 0 0 0.5
12067 12069 0 0 0.5
12068 12070 0 0 0.5
12069 12070 0 0 0.5
12070 12072 0 0 0.5
12072 12075 3.398529094 0.05296225071 0.5
12072 12078 0 0 0.5
12072 12081 3.422718218 0.05454356057 0.5
12073 12076 2.979093822 0.02291287847 0.5
12073 12077 2.979093822 0.02291287847 0.5
12073 12082 3.422718218 0.05454356057 0.5
12074 12081 3.422718218 0.05454356057 0.5
12075 12080 3.398529094 0.05296225071 0.5
12076 12078 0 0 0.5
12077 12078 0 0 0.5
12078 12080 0 0 0.5
12080 12083 3.398529094 0.05296225071 0.5
12080 12086 0 0 0.5
12081 12084 2.979093822 0.02291287847 0.5
12081 12085 2.979093822 0.02291287847 0.5
12084 12086 0 0 0.5
12085 12086 0 0 0.5
12088 12091 3.398529094 0.05296225071 0.5
12088 12094 0 0 0.5
12088 12097 3.422718218 0.05454356057 0.5
12088 12107 3.398529094 0.05296225071 0.5
12088 12110 0 0 0.5
12089 12092 2.979093822 0.02291287847 0.5
12089 12093 2.979093822 0.02291287847 0.5
12089 12098 3.422718218 0.05454356057 0.5
12089 12104 3.422718218 0.05454356057 0.5
12089 12106 3.422718218 0.05454356057 0.5
12090 12097 3.422718218 0.05454356057 0.5
12090 12105 3.422718218 0.05454356057 0.5
12091 12096 3.398529094 0.05296225071 0.5
12092 12094 0 0 0.5
12093 12094 0 0 0.5
12094 12096 0 0 0.5
12096 12099 3.398529094 0.05296225071 0.5
12096 12102 0 0 0.5
12096 12105 3.422718218 0.05454356057 0.5
12097 12100 2.979093822 0.02291287847 0.5
12097 12101 2.979093822 0.02291287847 0.5
12097 12106 3.422718218 0.05454356057 0.5
12098 12105 3.422718218 0.05454356057 0.5
12099 12104 3.398529094 0.05296225071 0.5
12100 12102 0 0 0.5
12101 12102 0 0 0.5
12102 12104 0 0 0.5
12104 12107 3.398529094 0.05296225071 0.5
12104 12110 0 0 0.5
12105 12108 2.979093822 0.02291287847 0.5
12105 12109 2.979093822 0.02291287847 0.5
12108 12110 0 0 0.5
12109 12110 0 0 0.5
12112 12115 3.398529094 0.05296225071 0.5
12112 12118 0 0 0.5
12112 12121 3.422718218 0.05454356057 0.5
12112 12131 3.398529094 0.05296225071 0.5
12112 12134 0 0 0.5
12113 12116 2.979093822 0.02291287847 0.5
12113 12117 2.979093822 0.02291287847 0.5
12113 12122 3.422718218 0.05454356057 0.5
12113 12128 3.422718218 0.05454356057 0.5
12113 12130 3.422718218 0.05454356057 0.5
12114 12121 3.422718218 0.05454356057 0.5
12114 12129 3.422718218 0.05454356057 0.5
12115 12120 3.398529094 0.05296225071 0.5
12116 12118 0 0 0.5
12117 12118 0 0 0.5
12118 12120 0 0 0.5
12120 12123 3.398529094 0.05296225071 0.5
12120 12126 0 0 0.5
12120 12129 3.422718218 0.05454356057 0.5
12121 12124 2.979093822 0.02291287847 0.5
12121 12125 2.979093822 0.02291287847 0.5
12121 12130 3.422718218 0.05454356057 0.5
12122 12129 3.422718218 0.05454356057 0.5
12123 12128 3.398529094 0.05296225071 0.5
12124 12126 0 0 0.5
12125 12126 0 0 0.5
12126 12128 0 0 0.5
12128 12131 3.398529094 0.05296225071 0.5
12128 12134 0 0 0.5
12129 12132 2.979093822 0.02291287847 0.5
12129 12133 2.979093822 0.02291287847 0.5
12132 12134 0 0 0.5
12133 12134 0 0 0.5
12136 12139 3.398529094 0.05296225071 0.5
12136 12142 0 0 0.5
12136 12145 3.422718218 0.05454356057 0.5
12136 12155 3.398529094 0.05296225071 0.5
12136 12158 0 0 0.5
12137 12140 2.979093822 0.02291287847 0.5
12137 12141 2.979093822 0.02291287847 0.5
12137 12146 3.422718218 0.05454356057 0.5
12137 12152 3.422718218 0.05454356057 0.5
12137 12154 3.422718218 0.05454356057 0.5
12138 12145 3.422718218 0.05454356057 0.5
12138 12153 3.422718218 0.05454356057 0.5
12139 12144 3.398529094 0.05296225071 0.5
12140 12142 0 0 0.5
12141 12142 0 0 0.5
12142 12144 0 0 0.5
12144 12147 3.398529094 0.05296225071 0.5
12144 12150 0 0 0.5
12144 12153 3.422718218 0.05454356057 0.5
12145 12148 2.979093822 0.02291287847 0.5
12145 12149 2.979093822 0.02291287847 0.5
12145 12154 3.422718218 0.05454356057 0.5
12146 12153 3.422718218 0.05454356057 0.5
12147 12152 3.398529094 0.05296225071 0.5
12148 12150 0 0 0.5
12149 12150 0 0 0.5
12150 12152 0 0 0.5
12152 12155 3.398529094 0.05296225071 0.5
12152 12158 0 0 0.5
12153 12156 2.979093822 0.02291287847 0.5
12153 12157 2.979093822 0.02291287847 0.5
12156 12158 0 0 0.5
12157 12158 0 0 0.5
12160 12163 3.398529094 0.05296225071 0.5
12160 12166 0 0 0.5
12160 12169 3.422718218 0.05454356057 0.5
12160 12179 3.398529094 0.05296225071 0.5
12160 12182 0 0 0.5
12161 12164 2.979093822 0.02291287847 0.5
12161 12165 2.979093822 0.02291287847 0.5
12161 12170 3.422718218 0.05454356057 0.5
12161 12176 3.422718218 0.05454356057 0.5
12161 12178 3.422718218 0.05454356057 0.5
12162 12169 3.422718218 0.05454356057 0.5
12162 12177 3.422718218 0.05454356057 0.5
12163 12168 3.398529094 0.05296225071 0.5
12164 12166 0 0 0.5
12165 12166 0 0 0.5
12166 12168 0 0 0.5
12168 12171 3.398529094 0.05296225071 0.5
12168 12174 0 0 0.5
12168 12177 3.422718218 0.05454356057 0.5
12169 12172 2.979093822 0.02291287847 0.5
12169 12173 2.979093822 0.02291287847 0.5
12169 12178 3.422718218 0.05454356057 0.5
12170 12177 3.422718218 0.05454356057 0.5
12171 12176 3.398529094 0.05296225071 0.5
12172 12174 0 0 0.5
12173 12174 0 0 0.5
12174 12176 0 0 0.5
12176 12179 3.398529094 0.05296225071 0.5
12176 12182 0 0 0.5
12177 12180 2.979093822 0.02291287847 0.5
12177 12181 2.979093822 0.02291287847 0.5
12180 12182 0 0 0.5
12181 12182 0 0 0.5
12184 12187 3.398529094 0.05296225071 0.5
12184 12192 0 0 0.5
12184 12195 3.422718218 0.05454356057 0.5
12184 12206 3.398529094 0.05296225071 0.5
12184 12211 0 0 0.5
12185 12188 3.328062499 0.05454356057 0.5
12185 12190 2.979093822 0.02291287847 0.5
12185 12191 2.979093822 0.02291287847 0.5
12185 12196 3.422718218 0.05454356057 0.5
12185 12203 3.422718218 0.05454356057 0.5
12185 12205 3.422718218 0.05454356057 0.5
12186 12189 0 0 0.5
12186 12195 3.422718218 0.05454356057 0.5
12186 12204 3.422718218 0.05454356057 0.5
12187 12194 3.398529094 0.05296225071 0.5
12188 12192 0 0 0.5
12189 12190 0 0 0.5
12189 12191 0 0 0.5
12190 12192 0 0 0.5
12191 12192 0 0 0.5
12192 12194 0 0 0.5
12194 12197 3.398529094 0.05296225071 0.5
12194 12201 0 0 0.5
12194 12204 3.422718218 0.05454356057 0.5
12195 12198 3.328062499 0.05454356057 0.5
12195 12199 2.979093822 0.02291287847 0.5
12195 12200 2.979093822 0.02291287847 0.5
12195 12205 3.422718218 0.05454356057 0.5
12196 12204 3.422718218 0.05454356057 0.5
12196 12410 3.398529094 0.05296225071 0.5
12197 12203 3.398529094 0.05296225071 0.5
12197 12409 3.398529094 0.05296225071 0.5
12197 12411 2.958039892 0.02224859546 0.5
12197 12412 2.958039892 0.02224859546 0.5
12198 12201 0 0 0.5
12198 12408 3.328062499 0.05454356057 0.5
12198 12413 0 0 0.5
12199 12201 0 0 0.5
12199 12410 2.958039892 0.02224859546 0.5
12200 12201 0 0 0.5
12200 12410 2.958039892 0.02224859546 0.5
12201 12203 0 0 0.5
12203 12206 3.398529094 0.05296225071 0.5
12203 12211 0 0 0.5
12204 12207 3.328062499 0.05454356057 0.5
12204 12209 2.979093822 0.02291287847 0.5
12204 12210 2.979093822 0.02291287847 0.5
12205 12208 0 0 0.5
12207 12211 0 0 0.5
12208 12209 0 0 0.5
12208 12210 0 0 0.5
12209 12211 0 0 0.5
12210 12211 0 0 0.5
12213 12216 3.398529094 0.05296225071 0.5
12213 12219 0 0 0.5
12213 12222 3.422718218 0.05454356057 0.5
12213 12232 3.398529094 0.05296225071 0.5
12213 12235 0 0 0.5
12214 12217 2.979093822 0.02291287847 0.5
12214 12218 2.979093822 0.02291287847 0.5
12214 12223 3.422718218 0.05454356057 0.5
12214 12229 3.422718218 0.05454356057 0.5
12214 12231 3.422718218 0.05454356057 0.5
12215 12222 3.422718218 0.05454356057 0.5
12215 12230 3.422718218 0.05454356057 0.5
12216 12221 3.398529094 0.05296225071 0.5
12217 12219 0 0 0.5
12218 12219 0 0 0.5
12219 12221 0 0 0.5
12221 12224 3.398529094 0.05296225071 0.5
12221 12227 0 0 0.5
12221 12230 3.422718218 0.05454356057 0.5
12222 12225 2.979093822 0.02291287847 0.5
12222 12226 2.979093822 0.02291287847 0.5
12222 12231 3.422718218 0.05454356057 0.5
12223 12230 3.422718218 0.05454356057 0.5
12224 12229 3.398529094 0.05296225071 0.5
12225 12227 0 0 0.5
12226 12227 0 0 0.5
12227 12229 0 0 0.5
12229 12232 3.398529094 0.05296225071 0.5
12229 12235 0 0 0.5
12230 12233 2.979093822 0.02291287847 0.5
12230 12234 2.979093822 0.02291287847 0.5
12233 12235 0 0 0.5
12234 12235 0 0 0.5
12237 12240 3.398529094 0.05296225071 0.5
12237 12245 0 0 0.5
12237 12248 3.422718218 0.05454356057 0.5
12237 12258 3.398529094 0.05296225071 0.5
12237 12261 0 0 0.5
12238 12241 3.328062499 0.05454356057 0.5
12238 12243 2.979093822 0.02291287847 0.5
12238 12244 2.979093822 0.02291287847 0.5
12238 12249 3.422718218 0.05454356057 0.5
12238 12255 3.422718218 0.05454356057 0.5
12238 12257 3.422718218 0.05454356057 0.5
12239 12242 0 0 0.5
12239 12248 3.422718218 0.05454356057 0.5
12239 12256 3.422718218 0.05454356057 0.5
12240 12247 3.398529094 0.05296225071 0.5
12241 12245 0 0 0.5
12242 12243 0 0 0.5
12242 12244 0 0 0.5
12243 12245 0 0 0.5
12244 12245 0 0 0.5
12245 12247 0 0 0.5
12247 12250 3.398529094 0.05296225071 0.5
12247 12253 0 0 0.5
12247 12256 3.422718218 0.05454356057 0.5
12248 12251 2.979093822 0.02291287847 0.5
12248 12252 2.979093822 0.02291287847 0.5
12248 12257 3.422718218 0.05454356057 0.5
12249 12256 3.422718218 0.05454356057 0.5
12250 12255 3.398529094 0.05296225071 0.5
12251 12253 0 0 0.5
12252 12253 0 0 0.5
12253 12255 0 0 0.5
12255 12258 3.398529094 0.05296225071 0.5
12255 12261 0 0 0.5
12256 12259 2.979093822 0.02291287847 0.5
12256 12260 2.979093822 0.02291287847 0.5
12259 12261 0 0 0.5
12260 12261 0 0 0.5
12263 12266 3.398529094 0.05296225071 0.5
12263 12269 0 0 0.5
12263 12272 3.422718218 0.05454356057 0.5
12263 12282 3.398529094 0.05296225071 0.5
12263 12285 0 0 0.5
12264 12267 2.979093822 0.02291287847 0.5
12264 12268 2.979093822 0.02291287847 0.5
12264 12273 3.422718218 0.05454356057 0.5
12264 12279 3.422718218 0.05454356057 0.5
12264 12281 3.422718218 0.05454356057 0.5
12265 12272 3.422718218 0.05454356057 0.5
12265 12280 3.422718218 0.05454356057 0.5
12266 12271 3.398529094 0.05296225071 0.5
12267 12269 0 0 0.5
12268 12269 0 0 0.5
12269 12271 0 0 0.5
12271 12274 3.398529094 0.05296225071 0.5
12271 12277 0 0 0.5
12271 12280 3.422718218 0.05454356057 0.5
12272 12275 2.979093822 0.02291287847 0.5
12272 12276 2.979093822 0.02291287847 0.5
12272 12281 3.422718218 0.05454356057 0.5
12273 12280 3.422718218 0.05454356057 0.5
12274 12279 3.398529094 0.05296225071 0.5
12275 12277 0 0 0.5
12276 12277 0 0 0.5
12277 12279 0 0 0.5
12279 12282 3.398529094 0.05296225071 0.5
12279 12285 0 0 0.5
12280 12283 2.979093822 0.02291287847 0.5
12280 12284 2.979093822 0.02291287847 0.5
12283 12285 0 0 0.5
12284 12285 0 0 0.5
12287 12290 3.398529094 0.05296225071 0.5
12287 12293 0 0 0.5
12287 12296 3.422718218 0.05454356057 0.5
12287 12306 3.398529094 0.05296225071 0.5
12287 12309 0 0 0.5
12288 12291 2.979093822 0.02291287847 0.5
12288 12292 2.979093822 0.02291287847 0.5
12288 12297 3.422718218 0.05454356057 0.5
12288 12303 3.422718218 0.05454356057 0.5
12288 12305 3.422718218 0.05454356057 0.5
12289 12296 3.422718218 0.05454356057 0.5
12289 12304 3.422718218 0.05454356057 0.5
12290 12295 3.398529094 0.05296225071 0.5
12291 12293 0 0 0.5
12292 12293 0 0 0.5
12293 12295 0 0 0.5
12295 12298 3.398529094 0.05296225071 0.5
12295 12301 0 0 0.5
12295 12304 3.422718218 0.05454356057 0.5
12296 12299 2.979093822 0.02291287847 0.5
12296 12300 2.979093822 0.02291287847 0.5
12296 12305 3.422718218 0.05454356057 0.5
12297 12304 3.422718218 0.05454356057 0.5
12298 12303 3.398529094 0.05296225071 0.5
12299 12301 0 0 0.5
12300 12301 0 0 0.5
12301 12303 0 0 0.5
12303 12306 3.398529094 0.05296225071 0.5
12303 12309 0 0 0.5
12304 12307 2.979093822 0.02291287847 0.5
12304 12308 2.979093822 0.02291287847 0.5
12307 12309 0 0 0.5
12308 12309 0 0 0.5
12311 12314 3.398529094 0.05296225071 0.5
12311 12317 0 0 0.5
12311 12320 3.422718218 0.05454356057 0.5
12311 12330 3.398529094 0.05296225071 0.5
12311 12333 0 0 0.5
12312 12315 2.979093822 0.02291287847 0.5
12312 12316 2.979093822 0.02291287847 0.5
12312 12321 3.422718218 0.05454356057 0.5
12312 12327 3.422718218 0.05454356057 0.5
12312 12329 3.422718218 0.05454356057 0.5
12313 12320 3.422718218 0.05454356057 0.5
12313 12328 3.422718218 0.05454356057 0.5
12314 12319 3.398529094 0.05296225071 0.5
12315 12317 0 0 0.5
12316 12317 0 0 0.5
12317 12319 0 0 0.5
12319 12322 3.398529094 0.05296225071 0.5
12319 12325 0 0 0.5
12319 12328 3.422718218 0.05454356057 0.5
12320 12323 2.979093822 0.02291287847 0.5
12320 12324 2.979093822 0.02291287847 0.5
12320 12329 3.422718218 0.05454356057 0.5
12321 12328 3.422718218 0.05454356057 0.5
12322 12327 3.398529094 0.05296225071 0.5
12323 12325 0 0 0.5
12324 12325 0 0 0.5
12325 12327 0 0 0.5
12327 12330 3.398529094 0.05296225071 0.5
12327 12333 0 0 0.5
12328 12331 2.979093822 0.02291287847 0.5
12328 12332 2.979093822 0.02291287847 0.5
12331 12333 0 0 0.5
12332 12333 0 0 0.5
12335 12338 3.398529094 0.05296225071 0.5
12335 12341 0 0 0.5
12335 12344 3.422718218 0.05454356057 0.5
12335 12354 3.398529094 0.05296225071 0.5
12335 12357 0 0 0.5
12336 12339 2.979093822 0.02291287847 0.5
12336 12340 2.979093822 0.02291287847 0.5
12336 12345 3.422718218 0.05454356057 0.5
12336 12351 3.422718218 0.05454356057 0.5
12336 12353 3.422718218 0.05454356057 0.5
12337 12344 3.422718218 0.05454356057 0.5
12337 12352 3.422718218 0.05454356057 0.5
12338 12343 3.398529094 0.05296225071 0.5
12339 12341 0 0 0.5
12340 12341 0 0 0.5
12341 12343 0 0 0.5
12343 12346 3.398529094 0.05296225071 0.5
12343 12349 0 0 0.5
12343 12352 3.422718218 0.05454356057 0.5
12344 12347 2.979093822 0.02291287847 0.5
12344 12348 2.979093822 0.02291287847 0.5
12344 12353 3.422718218 0.05454356057 0.5
12345 12352 3.422718218 0.05454356057 0.5
12346 12351 3.398529094 0.05296225071 0.5
12347 12349 0 0 0.5
12348 12349 0 0 0.5
12349 12351 0 0 0.5
12351 12354 3.398529094 0.05296225071 0.5
12351 12357 0 0 0.5
12352 12355 2.979093822 0.02291287847 0.5
12352 12356 2.979093822 0.02291287847 0.5
12355 12357 0 0 0.5
12356 12357 0 0 0.5
12359 12362 3.398529094 0.05296225071 0.5
12359 12365 0 0 0.5
12359 12368 3.422718218 0.05454356057 0.5
12359 12378 3.398529094 0.05296225071 0.5
12359 12381 0 0 0.5
12360 12363 2.979093822 0.02291287847 0.5
12360 12364 2.979093822 0.02291287847 0.5
12360 12369 3.422718218 0.05454356057 0.5
12360 12375 3.422718218 0.05454356057 0.5
12360 12377 3.422718218 0.05454356057 0.5
12361 12368 3.422718218 0.05454356057 0.5
12361 12376 3.422718218 0.05454356057 0.5
12362 12367 3.398529094 0.05296225071 0.5
12363 12365 0 0 0.5
12364 12365 0 0 0.5
12365 12367 0 0 0.5
12367 12370 3.398529094 0.05296225071 0.5
12367 12373 0 0 0.5
12367 12376 3.422718218 0.05454356057 0.5
12368 12371 2.979093822 0.02291287847 0.5
12368 12372 2.979093822 0.02291287847 0.5
12368 12377 3.422718218 0.05454356057 0.5
12369 12376 3.422718218 0.05454356057 0.5
12370 12375 3.398529094 0.05296225071 0.5
12371 12373 0 0 0.5
12372 12373 0 0 0.5
12373 12375 0 0 0.5
12375 12378 3.398529094 0.05296225071 0.5
12375 12381 0 0 0.5
12376 12379 2.979093822 0.02291287847 0.5
12376 12380 2.979093822 0.02291287847 0.5
12379 12381 0 0 0.5
12380 12381 0 0 0.5
12383 12386 3.398529094 0.05296225071 0.5
12383 12389 0 0 0.5
12383 12392 3.422718218 0.05454356057 0.5
12383 12402 3.398529094 0.05296225071 0.5
12383 12405 0 0 0.5
12384 12387 2.979093822 0.02291287847 0.5
12384 12388 2.979093822 0.02291287847 0.5
12384 12393 3.422718218 0.05454356057 0.5
12384 12399 3.422718218 0.05454356057 0.5
12384 12401 3.422718218 0.05454356057 0.5
12385 12392 3.422718218 0.05454356057 0.5
12385 12400 3.422718218 0.05454356057 0.5
12386 12391 3.398529094 0.05296225071 0.5
12387 12389 0 0 0.5
12388 12389 0 0 0.5
12389 12391 0 0 0.5
12391 12394 3.398529094 0.05296225071 0.5
12391 12397 0 0 0.5
12391 12400 3.422718218 0.05454356057 0.5
12392 12395 2.979093822 0.02291287847 0.5
12392 12396 2.979093822 0.02291287847 0.5
12392 12401 3.422718218 0.05454356057 0.5
12393 12400 3.422718218 0.05454356057 0.5
12394 12399 3.398529094 0.05296225071 0.5
12395 12397 0 0 0.5
12396 12397 0 0 0.5
12397 12399 0 0 0.5
12399 12402 3.398529094 0.05296225071 0.5
12399 12405 0 0 0.5
12400 12403 2.979093822 0.02291287847 0.5
12400 12404 2.979093822 0.02291287847 0.5
12403 12405 0 0 0.5
12404 12405 0 0 0.5
12407 12410 3.398529094 0.05296225071 0.5
12407 12413 0 0 0.5
12407 12416 3.422718218 0.05454356057 0.5
12407 12428 3.398529094 0.05296225071 0.5
12407 12431 0 0 0.5
12408 12411 2.979093822 0.02291287847 0.5
12408 12412 2.979093822 0.02291287847 0.5
12408 12417 3.422718218 0.05454356057 0.5
12408 12425 3.422718218 0.05454356057 0.5
12408 12427 3.422718218 0.05454356057 0.5
12409 12416 3.422718218 0.05454356057 0.5
12409 12426 3.422718218 0.05454356057 0.5
12410 12415 3.398529094 0.05296225071 0.5
12411 12413 0 0 0.5
12412 12413 0 0 0.5
12413 12415 0 0 0.5
12415 12418 3.398529094 0.05296225071 0.5
12415 12423 0 0 0.5
12415 12426 3.422718218 0.05454356057 0.5
12416 12419 3.328062499 0.05454356057 0.5
12416 12421 2.979093822 0.02291287847 0.5
12416 12422 2.979093822 0.02291287847 0.5
12416 12427 3.422718218 0.05454356057 0.5
12417 12420 0 0 0.5
12417 12426 3.422718218 0.05454356057 0.5
12418 12425 3.398529094 0.05296225071 0.5
12419 12423 0 0 0.5
12420 12421 0 0 0.5
12420 12422 0 0 0.5
12421 12423 0 0 0.5
12422 12423 0 0 0.5
12423 12425 0 0 0.5
12425 12428 3.398529094 0.05296225071 0.5
12425 12431 0 0 0.5
12426 12429 2.979093822 0.02291287847 0.5
12426 12430 2.979093822 0.02291287847 0.5
12429 12431 0 0 0.5
12430 12431 0 0 0.5
12433 12436 3.398529094 0.05296225071 0.5
12433 12439 0 0 0.5
12433 12442 3.422718218 0.05454356057 0.5
12433 12452 3.398529094 0.05296225071 0.5
12433 12455 0 0 0.5
12434 12437 2.979093822 0.02291287847 0.5
12434 12438 2.979093822 0.02291287847 0.5
12434 12443 3.422718218 0.05454356057 0.5
12434 12449 3.422718218 0.05454356057 0.5
12434 12451 3.422718218 0.05454356057 0.5
12435 12442 3.422718218 0.05454356057 0.5
12435 12450 3.422718218 0.05454356057 0.5
12436 12441 3.398529094 0.05296225071 0.5
12437 12439 0 0 0.5
12438 12439 0 0 0.5
12439 12441 0 0 0.5
12441 12444 3.398529094 0.05296225071 0.5
12441 12447 0 0 0.5
12441 12450 3.422718218 0.05454356057 0.5
12442 12445 2.979093822 0.02291287847 0.5
12442 12446 2.979093822 0.02291287847 0.5
12442 12451 3.422718218 0.05454356057 0.5
12443 12450 3.422718218 0.05454356057 0.5
12444 12449 3.398529094 0.05296225071 0.5
12445 12447 0 0 0.5
12446 12447 0 0 0.5
12447 12449 0 0 0.5
12449 12452 3.398529094 0.05296225071 0.5
12449 12455 0 0 0.5
12450 12453 2.979093822 0.02291287847 0.5
12450 12454 2.979093822 0.02291287847 0.5
12453 12455 0 0 0.5
12454 12455 0 0 0.5
12457 12460 3.398529094 0.05296225071 0.5
12457 12463 0 0 0.5
12457 12466 3.422718218 0.05454356057 0.5
12457 12476 3.398529094 0.05296225071 0.5
12457 12479 0 0 0.5
12458 12461 2.979093822 0.02291287847 0.5
12458 12462 2.979093822 0.02291287847 0.5
12458 12467 3.422718218 0.05454356057 0.5
12458 12473 3.422718218 0.05454356057 0.5
12458 12475 3.422718218 0.05454356057 0.5
12459 12466 3.422718218 0.05454356057 0.5
12459 12474 3.422718218 0.05454356057 0.5
12460 12465 3.398529094 0.05296225071 0.5
12461 12463 0 0 0.5
12462 12463 0 0 0.5
12463 12465 0 0 0.5
12465 12468 3.398529094 0.05296225071 0.5
12465 12471 0 0 0.5
12465 12474 3.422718218 0.05454356057 0.5
12466 12469 2.979093822 0.02291287847 0.5
12466 12470 2.979093822 0.02291287847 0.5
12466 12475 3.422718218 0.05454356057 0.5
12467 12474 3.422718218 0.05454356057 0.5
12468 12473 3.398529094 0.05296225071 0.5
12469 12471 0 0 0.5
12470 12471 0 0 0.5
12471 12473 0 0 0.5
12473 12476 3.398529094 0.05296225071 0.5
12473 12479 0 0 0.5
12474 12477 2.979093822 0.02291287847 0.5
12474 12478 2.979093822 0.02291287847 0.5
12477 12479 0 0 0.5
12478 12479 0 0 0.5
12481 12484 3.398529094 0.05296225071 0.5
12481 12487 0 0 0.5
12481 12490 3.422718218 0.05454356057 0.5
12481 12502 3.398529094 0.05296225071 0.5
12481 12505 0 0 0.5
12482 12485 2.979093822 0.02291287847 0.5
12482 12486 2.979093822 0.02291287847 0.5
12482 12491 3.422718218 0.05454356057 0.5
12482 12499 3.422718218 0.05454356057 0.5
12482 12501 3.422718218 0.05454356057 0.5
12483 12490 3.422718218 0.05454356057 0.5
12483 12500 3.422718218 0.05454356057 0.5
12484 12489 3.398529094 0.05296225071 0.5
12485 12487 0 0 0.5
12486 12487 0 0 0.5
12487 12489 0 0 0.5
12489 12492 3.398529094 0.05296225071 0.5
12489 12497 0 0 0.5
12489 12500 3.422718218 0.05454356057 0.5
12490 12493 3.328062499 0.05454356057 0.5
12490 12495 2.979093822 0.02291287847 0.5
12490 12496 2.979093822 0.02291287847 0.5
12490 12501 3.422718218 0.05454356057 0.5
12491 12494 0 0 0.5
12491 12500 3.422718218 0.05454356057 0.5
12492 12499 3.398529094 0.05296225071 0.5
12493 12497 0 0 0.5
12494 12495 0 0 0.5
12494 12496 0 0 0.5
12495 12497 0 0 0.5
12496 12497 0 0 0.5
12497 12499 0 0 0.5
12499 12502 3.398529094 0.05296225071 0.5
12499 12505 0 0 0.5
12500 12503 2.979093822 0.02291287847 0.5
12500 12504 2.979093822 0.02291287847 0.5
12503 12505 0 0 0.5
12504 12505 0 0 0.5
12507 12510 3.398529094 0.05296225071 0.5
12507 12513 0 0 0.5
12507 12516 3.422718218 0.05454356057 0.5
12507 12528 3.398529094 0.05296225071 0.5
12507 12531 0 0 0.5
12508 12511 2.979093822 0.02291287847 0.5
12508 12512 2.979093822 0.02291287847 0.5
12508 12517 3.422718218 0.05454356057 0.5
12508 12525 3.422718218 0.05454356057 0.5
12508 12527 3.422718218 0.05454356057 0.5
12509 12516 3.422718218 0.05454356057 0.5
12509 12526 3.422718218 0.05454356057 0.5
12510 12515 3.398529094 0.05296225071 0.5
12511 12513 0 0 0.5
12512 12513 0 0 0.5
12513 12515 0 0 0.5
12515 12518 3.398529094 0.05296225071 0.5
12515 12523 0 0 0.5
12515 12526 3.422718218 0.05454356057 0.5
12516 12519 3.328062499 0.05454356057 0.5
12516 12521 2.979093822 0.02291287847 0.5
12516 12522 2.979093822 0.02291287847 0.5
12516 12527 3.422718218 0.05454356057 0.5
12517 12520 0 0 0.5
12517 12526 3.422718218 0.05454356057 0.5
12518 12525 3.398529094 0.05296225071 0.5
12519 12523 0 0 0.5
12520 12521 0 0 0.5
12520 12522 0 0 0.5
12521 12523 0 0 0.5
12522 12523 0 0 0.5
12523 12525 0 0 0.5
12525 12528 3.398529094 0.05296225071 0.5
12525 12531 0 0 0.5
12526 12529 2.979093822 0.02291287847 0.5
12526 12530 2.979093822 0.02291287847 0.5
12529 12531 0 0 0.5
12530 12531 0 0 0.5
12533 12536 3.398529094 0.05296225071 0.5
12533 12539 0 0 0.5
12533 12542 3.422718218 0.05454356057 0.5
12533 12552 3.398529094 0.05296225071 0.5
12533 12557 0 0 0.5
12534 12537 2.979093822 0.02291287847 0.5
12534 12538 2.979093822 0.02291287847 0.5
12534 12543 3.422718218 0.05454356057 0.5
12534 12549 3.422718218 0.05454356057 0.5
12534 12551 3.422718218 0.05454356057 0.5
12535 12542 3.422718218 0.05454356057 0.5
12535 12550 3.422718218 0.05454356057 0.5
12536 12541 3.398529094 0.05296225071 0.5
12537 12539 0 0 0.5
12538 12539 0 0 0.5
12539 12541 0 0 0.5
12541 12544 3.398529094 0.05296225071 0.5
12541 12547 0 0 0.5
12541 12550 3.422718218 0.05454356057 0.5
12542 12545 2.979093822 0.02291287847 0.5
12542 12546 2.979093822 0.02291287847 0.5
12542 12551 3.422718218 0.05454356057 0.5
12543 12550 3.422718218 0.05454356057 0.5
12544 12549 3.398529094 0.05296225071 0.5
12545 12547 0 0 0.5
12546 12547 0 0 0.5
12547 12549 0 0 0.5
12549 12552 3.398529094 0.05296225071 0.5
12549 12557 0 0 0.5
12550 12553 3.328062499 0.05454356057 0.5
12550 12555 2.979093822 0.02291287847 0.5
12550 12556 2.979093822 0.02291287847 0.5
12551 12554 0 0 0.5
12553 12557 0 0 0.5
12554 12555 0 0 0.5
12554 12556 0 0 0.5
12555 12557 0 0 0.5
12556 12557 0 0 0.5
12559 12562 3.398529094 0.05296225071 0.5
12559 12565 0 0 0.5
12559 12568 3.422718218 0.05454356057 0.5
12559 12578 3.398529094 0.05296225071 0.5
12559 12581 0 0 0.5
12560 12563 2.979093822 0.02291287847 0.5
12560 12564 2.979093822 0.02291287847 0.5
12560 12569 3.422718218 0.05454356057 0.5
12560 12575 3.422718218 0.05454356057 0.5
12560 12577 3.422718218 0.05454356057 0.5
12561 12568 3.422718218 0.05454356057 0.5
12561 12576 3.422718218 0.05454356057 0.5
12562 12567 3.398529094 0.05296225071 0.5
12563 12565 0 0 0.5
12564 12565 0 0 0.5
12565 12567 0 0 0.5
12567 12570 3.398529094 0.05296225071 0.5
12567 12573 0 0 0.5
12567 12576 3.422718218 0.05454356057 0.5
12568 12571 2.979093822 0.02291287847 0.5
12568 12572 2.979093822 0.02291287847 0.5
12568 12577 3.422718218 0.05454356057 0.5
12569 12576 3.422718218 0.05454356057 0.5
12570 12575 3.398529094 0.05296225071 0.5
12571 12573 0 0 0.5
12572 12573 0 0 0.5
12573 12575 0 0 0.5
12575 12578 3.398529094 0.05296225071 0.5
12575 12581 0 0 0.5
12576 12579 2.979093822 0.02291287847 0.5
12576 12580 2.979093822 0.02291287847 0.5
12579 12581 0 0 0.5
12580 12581 0 0 0.5
12583 12586 3.398529094 0.05296225071 0.5
12583 12589 0 0 0.5
12583 12592 3.422718218 0.05454356057 0.5
12583 12602 3.398529094 0.05296225071 0.5
12583 12605 0 0 0.5
12584 12587 2.979093822 0.02291287847 0.5
12584 12588 2.979093822 0.02291287847 0.5
12584 12593 3.422718218 0.05454356057 0.5
12584 12599 3.422718218 0.05454356057 0.5
12584 12601 3.422718218 0.05454356057 0.5
12585 12592 3.422718218 0.05454356057 0.5
12585 12600 3.422718218 0.05454356057 0.5
12586 12591 3.398529094 0.05296225071 0.5
12587 12589 0 0 0.5
12588 12589 0 0 0.5
12589 12591 0 0 0.5
12591 12594 3.398529094 0.05296225071 0.5
12591 12597 0 0 0.5
12591 12600 3.422718218 0.05454356057 0.5
12592 12595 2.979093822 0.02291287847 0.5
12592 12596 2.979093822 0.02291287847 0.5
12592 12601 3.422718218 0.05454356057 0.5
12593 12600 3.422718218 0.05454356057 0.5
12594 12599 3.398529094 0.05296225071 0.5
12595 12597 0 0 0.5
12596 12597 0 0 0.5
12597 12599 0 0 0.5
12599 12602 3.398529094 0.05296225071 0.5
12599 12605 0 0 0.5
12600 12603 2.979093822 0.02291287847 0.5
12600 12604 2.979093822 0.02291287847 0.5
12603 12605 0 0 0.5
12604 12605 0 0 0.5
12607 12610 3.398529094 0.05296225071 0.5
12607 12613 0 0 0.5
12607 12616 3.422718218 0.05454356057 0.5
12607 12626 3.398529094 0.05296225071 0.5
12607 12629 0 0 0.5
12608 12611 2.979093822 0.02291287847 0.5
12608 12612 2.979093822 0.02291287847 0.5
12608 12617 3.422718218 0.05454356057 0.5
12608 12623 3.422718218 0.05454356057 0.5
12608 12625 3.422718218 0.05454356057 0.5
12609 12616 3.422718218 0.05454356057 0.5
12609 12624 3.422718218 0.05454356057 0.5
12610 12615 3.398529094 0.05296225071 0.5
12611 12613 0 0 0.5
12612 12613 0 0 0.5
12613 12615 0 0 0.5
12615 12618 3.398529094 0.05296225071 0.5
12615 12621 0 0 0.5
12615 12624 3.422718218 0.05454356057 0.5
12616 12619 2.979093822 0.02291287847 0.5
12616 12620 2.979093822 0.02291287847 0.5
12616 12625 3.422718218 0.05454356057 0.5
12617 12624 3.422718218 0.05454356057 0.5
12618 12623 3.398529094 0.05296225071 0.5
12619 12621 0 0 0.5
12620 12621 0 0 0.5
12621 12623 0 0 0.5
12623 12626 3.398529094 0.05296225071 0.5
12623 12629 0 0 0.5
12624 12627 2.979093822 0.02291287847 0.5
12624 12628 2.979093822 0.02291287847 0.5
12627 12629 0 0 0.5
12628 12629 0 0 0.5
12631 12634 3.398529094 0.05296225071 0.5
12631 12637 0 0 0.5
12631 12640 3.422718218 0.05454356057 0.5
12631 12650 3.398529094 0.05296225071 0.5
12631 12653 0 0 0.5
12632 12635 2.979093822 0.02291287847 0.5
12632 12636 2.979093822 0.02291287847 0.5
12632 12641 3.422718218 0.05454356057 0.5
12632 12647 3.422718218 0.05454356057 0.5
12632 12649 3.422718218 0.05454356057 0.5
12633 12640 3.422718218 0.05454356057 0.5
12633 12648 3.422718218 0.05454356057 0.5
12634 12639 3.398529094 0.05296225071 0.5
12635 12637 0 0 0.5
12636 12637 0 0 0.5
12637 12639 0 0 0.5
12639 12642 3.398529094 0.05296225071 0.5
12639 12645 0 0 0.5
12639 12648 3.422718218 0.05454356057 0.5
12640 12643 2.979093822 0.02291287847 0.5
12640 12644 2.979093822 0.02291287847 0.5
12640 12649 3.422718218 0.05454356057 0.5
12641 12648 3.422718218 0.05454356057 0.5
12642 12647 3.398529094 0.05296225071 0.5
12643 12645 0 0 0.5
12644 12645 0 0 0.5
12645 12647 0 0 0.5
12647 12650 3.398529094 0.05296225071 0.5
12647 12653 0 0 0.5
12648 12651 2.979093822 0.02291287847 0.5
12648 12652 2.979093822 0.02291287847 0.5
12651 12653 0 0 0.5
12652 12653 0 0 0.5
12655 12658 3.398529094 0.05296225071 0.5
12655 12661 0 0 0.5
12655 12664 3.422718218 0.05454356057 0.5
12655 12674 3.398529094 0.05296225071 0.5
12655 12679 0 0 0.5
12656 12659 2.979093822 0.02291287847 0.5
12656 12660 2.979093822 0.02291287847 0.5
12656 12665 3.422718218 0.05454356057 0.5
12656 12671 3.422718218 0.05454356057 0.5
12656 12673 3.422718218 0.05454356057 0.5
12657 12664 3.422718218 0.05454356057 0.5
12657 12672 3.422718218 0.05454356057 0.5
12658 12663 3.398529094 0.05296225071 0.5
12659 12661 0 0 0.5
12660 12661 0 0 0.5
12661 12663 0 0 0.5
12663 12666 3.398529094 0.05296225071 0.5
12663 12669 0 0 0.5
12663 12672 3.422718218 0.05454356057 0.5
12664 12667 2.979093822 0.02291287847 0.5
12664 12668 2.979093822 0.02291287847 0.5
12664 12673 3.422718218 0.05454356057 0.5
12665 12672 3.422718218 0.05454356057 0.5
12666 12671 3.398529094 0.05296225071 0.5
12667 12669 0 0 0.5
12668 12669 0 0 0.5
12669 12671 0 0 0.5
12671 12674 3.398529094 0.05296225071 0.5
12671 12679 0 0 0.5
12672 12675 3.328062499 0.05454356057 0.5
12672 12677 2.979093822 0.02291287847 0.5
12672 12678 2.979093822 0.02291287847 0.5
12673 12676 0 0 0.5
12675 12679 0 0 0.5
12676 12677 0 0 0.5
12676 12678 0 0 0.5
12677 12679 0 0 0.5
12678 12679 0 0 0.5
12681 12684 3.398529094 0.05296225071 0.5
12681 12687 0 0 0.5
12681 12690 3.422718218 0.05454356057 0.5
12681 12700 3.398529094 0.05296225071 0.5
12681 12703 0 0 0.5
12682 12685 2.979093822 0.02291287847 0.5
12682 12686 2.979093822 0.02291287847 0.5
12682 12691 3.422718218 0.05454356057 0.5
12682 12697 3.422718218 0.05454356057 0.5
12682 12699 3.422718218 0.05454356057 0.5
12683 12690 3.422718218 0.05454356057 0.5
12683 12698 3.422718218 0.05454356057 0.5
12684 12689 3.398529094 0.05296225071 0.5
12685 12687 0 0 0.5
12686 12687 0 0 0.5
12687 12689 0 0 0.5
12689 12692 3.398529094 0.05296225071 0.5
12689 12695 0 0 0.5
12689 12698 3.422718218 0.05454356057 0.5
12690 12693 2.979093822 0.02291287847 0.5
12690 12694 2.979093822 0.02291287847 0.5
12690 12699 3.422718218 0.05454356057 0.5
12691 12698 3.422718218 0.05454356057 0.5
12692 12697 3.398529094 0.05296225071 0.5
12693 12695 0 0 0.5
12694 12695 0 0 0.5
12695 12697 0 0 0.5
12697 12700 3.398529094 0.05296225071 0.5
12697 12703 0 0 0.5
12698 12701 2.979093822 0.02291287847 0.5
12698 12702 2.979093822 0.02291287847 0.5
12701 12703 0 0 0.5
12702 12703 0 0 0.5
12705 12708 3.398529094 0.05296225071 0.5
12705 12711 0 0 0.5
12705 12714 3.422718218 0.05454356057 0.5
12705 12724 3.398529094 0.05296225071 0.5
12705 12727 0 0 0.5
12706 12709 2.979093822 0.02291287847 0.5
12706 12710 2.979093822 0.02291287847 0.5
12706 12715 3.422718218 0.05454356057 0.5
12706 12721 3.422718218 0.05454356057 0.5
12706 12723 3.422718218 0.05454356057 0.5
12707 12714 3.422718218 0.05454356057 0.5
12707 12722 3.422718218 0.05454356057 0.5
12708 12713 3.398529094 0.05296225071 0.5
12709 12711 0 0 0.5
12710 12711 0 0 0.5
12711 12713 0 0 0.5
12713 12716 3.398529094 0.05296225071 0.5
12713 12719 0 0 0.5
12713 12722 3.422718218 0.05454356057 0.5
12714 12717 2.979093822 0.02291287847 0.5
12714 12718 2.979093822 0.02291287847 0.5
12714 12723 3.422718218 0.05454356057 0.5
12715 12722 3.422718218 0.05454356057 0.5
12716 12721 3.398529094 0.05296225071 0.5
12717 12719 0 0 0.5
12718 12719 0 0 0.5
12719 12721 0 0 0.5
12721 12724 3.398529094 0.05296225071 0.5
12721 12727 0 0 0.5
12722 12725 2.979093822 0.02291287847 0.5
12722 12726 2.979093822 0.02291287847 0.5
12725 12727 0 0 0.5
12726 12727 0 0 0.5
12729 12732 3.398529094 0.05296225071 0.5
12729 12735 0 0 0.5
12729 12738 3.422718218 0.05454356057 0.5
12729 12748 3.398529094 0.05296225071 0.5
12729 12751 0 0 0.5
12730 12733 2.979093822 0.02291287847 0.5
12730 12734 2.979093822 0.02291287847 0.5
12730 12739 3.422718218 0.05454356057 0.5
12730 12745 3.422718218 0.05454356057 0.5
12730 12747 3.422718218 0.05454356057 0.5
12731 12738 3.422718218 0.05454356057 0.5
12731 12746 3.422718218 0.05454356057 0.5
12732 12737 3.398529094 0.05296225071 0.5
12733 12735 0 0 0.5
12734 12735 0 0 0.5
12735 12737 0 0 0.5
12737 12740 3.398529094 0.05296225071 0.5
12737 12743 0 0 0.5
12737 12746 3.422718218 0.05454356057 0.5
12738 12741 2.979093822 0.02291287847 0.5
12738 12742 2.979093822 0.02291287847 0.5
12738 12747 3.422718218 0.05454356057 0.5
12739 12746 3.422718218 0.05454356057 0.5
12740 12745 3.398529094 0.05296225071 0.5
12741 12743 0 0 0.5
12742 12743 0 0 0.5
12743 12745 0 0 0.5
12745 12748 3.398529094 0.05296225071 0.5
12745 12751 0 0 0.5
12746 12749 2.979093822 0.02291287847 0.5
12746 12750 2.979093822 0.02291287847 0.5
12749 12751 0 0 0.5
12750 12751 0 0 0.5
12753 12756 3.398529094 0.05296225071 0.5
12753 12759 0 0 0.5
12753 12762 3.422718218 0.05454356057 0.5
12753 12772 3.398529094 0.05296225071 0.5
12753 12775 0 0 0.5
12754 12757 2.979093822 0.02291287847 0.5
12754 12758 2.979093822 0.02291287847 0.5
12754 12763 3.422718218 0.05454356057 0.5
12754 12769 3.422718218 0.05454356057 0.5
12754 12771 3.422718218 0.05454356057 0.5
12755 12762 3.422718218 0.05454356057 0.5
12755 12770 3.422718218 0.05454356057 0.5
12756 12761 3.398529094 0.05296225071 0.5
12757 12759 0 0 0.5
12758 12759 0 0 0.5
12759 12761 0 0 0.5
12761 12764 3.398529094 0.05296225071 0.5
12761 12767 0 0 0.5
12761 12770 3.422718218 0.05454356057 0.5
12762 12765 2.979093822 0.02291287847 0.5
12762 12766 2.979093822 0.02291287847 0.5
12762 12771 3.422718218 0.05454356057 0.5
12763 12770 3.422718218 0.05454356057 0.5
12764 12769 3.398529094 0.05296225071 0.5
12765 12767 0 0 0.5
12766 12767 0 0 0.5
12767 12769 0 0 0.5
12769 12772 3.398529094 0.05296225071 0.5
12769 12775 0 0 0.5
12770 12773 2.979093822 0.02291287847 0.5
12770 12774 2.979093822 0.02291287847 0.5
12773 12775 0 0 0.5
12774 12775 0 0 0.5
12777 12780 3.398529094 0.05296225071 0.5
12777 12783 0 0 0.5
12777 12786 3.422718218 0.05454356057 0.5
12777 12796 3.398529094 0.05296225071 0.5
12777 12799 0 0 0.5
12778 12781 2.979093822 0.02291287847 0.5
12778 12782 2.979093822 0.02291287847 0.5
12778 12787 3.422718218 0.05454356057 0.5
12778 12793 3.422718218 0.05454356057 0.5
12778 12795 3.422718218 0.05454356057 0.5
12779 12786 3.422718218 0.05454356057 0.5
12779 12794 3.422718218 0.05454356057 0.5
12780 12785 3.398529094 0.05296225071 0.5
12781 12783 0 0 0.5
12782 12783 0 0 0.5
12783 12785 0 0 0.5
12785 12788 3.398529094 0.05296225071 0.5
12785 12791 0 0 0.5
12785 12794 3.422718218 0.05454356057 0.5
12786 12789 2.979093822 0.02291287847 0.5
12786 12790 2.979093822 0.02291287847 0.5
12786 12795 3.422718218 0.05454356057 0.5
12787 12794 3.422718218 0.05454356057 0.5
12788 12793 3.398529094 0.05296225071 0.5
12789 12791 0 0 0.5
12790 12791 0 0 0.5
12791 12793 0 0 0.5
12793 12796 3.398529094 0.05296225071 0.5
12793 12799 0 0 0.5
12794 12797 2.979093822 0.02291287847 0.5
12794 12798 2.979093822 0.02291287847 0.5
12797 12799 0 0 0.5
12798 12799 0 0 0.5
12801 12804 3.398529094 0.05296225071 0.5
12801 12807 0 0 0.5
12801 12810 3.422718218 0.05454356057 0.5
12801 12820 3.398529094 0.05296225071 0.5
12801 12823 0 0 0.5
12802 12805 2.979093822 0.02291287847 0.5
12802 12806 2.979093822 0.02291287847 0.5
12802 12811 3.422718218 0.05454356057 0.5
12802 12817 3.422718218 0.05454356057 0.5
12802 12819 3.422718218 0.05454356057 0.5
12803 12810 3.422718218 0.05454356057 0.5
12803 12818 3.422718218 0.05454356057 0.5
12804 12809 3.398529094 0.05296225071 0.5
12805 12807 0 0 0.5
12806 12807 0 0 0.5
12807 12809 0 0 0.5
12809 12812 3.398529094 0.05296225071 0.5
12809 12815 0 0 0.5
12809 12818 3.422718218 0.05454356057 0.5
12810 12813 2.979093822 0.02291287847 0.5
12810 12814 2.979093822 0.02291287847 0.5
12810 12819 3.422718218 0.05454356057 0.5
12811 12818 3.422718218 0.05454356057 0.5
12812 12817 3.398529094 0.05296225071 0.5
12813 12815 0 0 0.5
12814 12815 0 0 0.5
12815 12817 0 0 0.5
12817 12820 3.398529094 0.05296225071 0.5
12817 12823 0 0 0.5
12818 12821 2.979093822 0.02291287847 0.5
12818 12822 2.979093822 0.02291287847 0.5
12821 12823 0 0 0.5
12822 12823 0 0 0.5
12825 12828 3.398529094 0.05296225071 0.5
12825 12831 0 0 0.5
12825 12834 3.422718218 0.05454356057 0.5
12825 12846 3.398529094 0.05296225071 0.5
12825 12849 0 0 0.5
12826 12829 2.979093822 0.02291287847 0.5
12826 12830 2.979093822 0.02291287847 0.5
12826 12835 3.422718218 0.05454356057 0.5
12826 12843 3.422718218 0.05454356057 0.5
12826 12845 3.422718218 0.05454356057 0.5
12827 12834 3.422718218 0.05454356057 0.5
12827 12844 3.422718218 0.05454356057 0.5
12828 12833 3.398529094 0.05296225071 0.5
12829 12831 0 0 0.5
12830 12831 0 0 0.5
12831 12833 0 0 0.5
12833 12836 3.398529094 0.05296225071 0.5
12833 12841 0 0 0.5
12833 12844 3.422718218 0.05454356057 0.5
12834 12837 3.328062499 0.05454356057 0.5
12834 12839 2.979093822 0.02291287847 0.5
12834 12840 2.979093822 0.02291287847 0.5
12834 12845 3.422718218 0.05454356057 0.5
12835 12838 0 0 0.5
12835 12844 3.422718218 0.05454356057 0.5
12836 12843 3.398529094 0.05296225071 0.5
12837 12841 0 0 0.5
12838 12839 0 0 0.5
12838 12840 0 0 0.5
12839 12841 0 0 0.5
12840 12841 0 0 0.5
12841 12843 0 0 0.5
12843 12846 3.398529094 0.05296225071 0.5
12843 12849 0 0 0.5
12844 12847 2.979093822 0.02291287847 0.5
12844 12848 2.979093822 0.02291287847 0.5
12847 12849 0 0 0.5
12848 12849 0 0 0.5
12851 12854 3.398529094 0.05296225071 0.5
12851 12857 0 0 0.5
12851 12860 3.422718218 0.05454356057 0.5
12851 12872 3.398529094 0.05296225071 0.5
12851 12877 0 0 0.5
12852 12855 2.979093822 0.02291287847 0.5
12852 12856 2.979093822 0.02291287847 0.5
12852 12861 3.422718218 0.05454356057 0.5
12852 12869 3.422718218 0.05454356057 0.5
12852 12871 3.422718218 0.05454356057 0.5
12853 12860 3.422718218 0.05454356057 0.5
12853 12870 3.422718218 0.05454356057 0.5
12854 12859 3.398529094 0.05296225071 0.5
12855 12857 0 0 0.5
12856 12857 0 0 0.5
12857 12859 0 0 0.5
12859 12862 3.398529094 0.05296225071 0.5
12859 12867 0 0 0.5
12859 12870 3.422718218 0.05454356057 0.5
12860 12863 3.328062499 0.05454356057 0.5
12860 12865 2.979093822 0.02291287847 0.5
12860 12866 2.979093822 0.02291287847 0.5
12860 12871 3.422718218 0.05454356057 0.5
12861 12864 0 0 0.5
12861 12870 3.422718218 0.05454356057 0.5
12862 12869 3.398529094 0.05296225071 0.5
12863 12867 0 0 0.5
12864 12865 0 0 0.5
12864 12866 0 0 0.5
12865 12867 0 0 0.5
12866 12867 0 0 0.5
12867 12869 0 0 0.5
12869 12872 3.398529094 0.05296225071 0.5
12869 12877 0 0 0.5
12870 12873 3.328062499 0.05454356057 0.5
12870 12875 2.979093822 0.02291287847 0.5
12870 12876 2.979093822 0.02291287847 0.5
12871 12874 0 0 0.5
12873 12877 0 0 0.5
12874 12875 0 0 0.5
12874 12876 0 0 0.5
12875 12877 0 0 0.5
12876 12877 0 0 0.5
12879 12882 3.398529094 0.05296225071 0.5
12879 12885 0 0 0.5
12879 12888 3.422718218 0.05454356057 0.5
12879 12898 3.398529094 0.05296225071 0.5
12879 12901 0 0 0.5
12880 12883 2.979093822 0.02291287847 0.5
12880 12884 2.979093822 0.02291287847 0.5
12880 12889 3.422718218 0.05454356057 0.5
12880 12895 3.422718218 0.05454356057 0.5
12880 12897 3.422718218 0.05454356057 0.5
12881 12888 3.422718218 0.05454356057 0.5
12881 12896 3.422718218 0.05454356057 0.5
12882 12887 3.398529094 0.05296225071 0.5
12883 12885 0 0 0.5
12884 12885 0 0 0.5
12885 12887 0 0 0.5
12887 12890 3.398529094 0.05296225071 0.5
12887 12893 0 0 0.5
12887 12896 3.422718218 0.05454356057 0.5
12888 12891 2.979093822 0.02291287847 0.5
12888 12892 2.979093822 0.02291287847 0.5
12888 12897 3.422718218 0.05454356057 0.5
12889 12896 3.422718218 0.05454356057 0.5
12890 12895 3.398529094 0.05296225071 0.5
12891 12893 0 0 0.5
12892 12893 0 0 0.5
12893 12895 0 0 0.5
12895 12898 3.398529094 0.05296225071 0.5
12895 12901 0 0 0.5
12896 12899 2.979093822 0.02291287847 0.5
12896 12900 2.979093822 0.02291287847 0.5
12899 12901 0 0 0.5
12900 12901 0 0 0.5
12903 12906 3.398529094 0.05296225071 0.5
12903 12911 0 0 0.5
12903 12914 3.422718218 0.05454356057 0.5
12903 12924 3.398529094 0.05296225071 0.5
12903 12927 0 0 0.5
12904 12907 3.328062499 0.05454356057 0.5
12904 12909 2.979093822 0.02291287847 0.5
12904 12910 2.979093822 0.02291287847 0.5
12904 12915 3.422718218 0.05454356057 0.5
12904 12921 3.422718218 0.05454356057 0.5
12904 12923 3.422718218 0.05454356057 0.5
12905 12908 0 0 0.5
12905 12914 3.422718218 0.05454356057 0.5
12905 12922 3.422718218 0.05454356057 0.5
12906 12913 3.398529094 0.05296225071 0.5
12907 12911 0 0 0.5
12908 12909 0 0 0.5
12908 12910 0 0 0.5
12909 12911 0 0 0.5
12910 12911 0 0 0.5
12911 12913 0 0 0.5
12913 12916 3.398529094 0.05296225071 0.5
12913 12919 0 0 0.5
12913 12922 3.422718218 0.05454356057 0.5
12914 12917 2.979093822 0.02291287847 0.5
12914 12918 2.979093822 0.02291287847 0.5
12914 12923 3.422718218 0.05454356057 0.5
12915 12922 3.422718218 0.05454356057 0.5
12916 12921 3.398529094 0.05296225071 0.5
12917 12919 0 0 0.5
12918 12919 0 0 0.5
12919 12921 0 0 0.5
12921 12924 3.398529094 0.05296225071 0.5
12921 12927 0 0 0.5
12922 12925 2.979093822 0.02291287847 0.5
12922 12926 2.979093822 0.02291287847 0.5
12925 12927 0 0 0.5
12926 12927 0 0 0.5
12929 12932 3.398529094 0.05296225071 0.5
12929 12935 0 0 0.5
12929 12938 3.422718218 0.05454356057 0.5
12929 12948 3.398529094 0.05296225071 0.5
12929 12951 0 0 0.5
12930 12933 2.979093822 0.02291287847 0.5
12930 12934 2.979093822 0.02291287847 0.5
12930 12939 3.422718218 0.05454356057 0.5
12930 12945 3.422718218 0.05454356057 0.5
12930 12947 3.422718218 0.05454356057 0.5
12931 12938 3.422718218 0.05454356057 0.5
12931 12946 3.422718218 0.05454356057 0.5
12932 12937 3.398529094 0.05296225071 0.5
12933 12935 0 0 0.5
12934 12935 0 0 0.5
12935 12937 0 0 0.5
12937 12940 3.398529094 0.05296225071 0.5
12937 12943 0 0 0.5
12937 12946 3.422718218 0.05454356057 0.5
12938 12941 2.979093822 0.02291287847 0.5
12938 12942 2.979093822 0.02291287847 0.5
12938 12947 3.422718218 0.05454356057 0.5
12939 12946 3.422718218 0.05454356057 0.5
12940 12945 3.398529094 0.05296225071 0.5
12941 12943 0 0 0.5
12942 12943 0 0 0.5
12943 12945 0 0 0.5
12945 12948 3.398529094 0.05296225071 0.5
12945 12951 0 0 0.5
12946 12949 2.979093822 0.02291287847 0.5
12946 12950 2.979093822 0.02291287847 0.5
12949 12951 0 0 0.5
12950 12951 0 0 0.5
12953 12956 3.398529094 0.05296225071 0.5
12953 12959 0 0 0.5
12953 12962 3.422718218 0.05454356057 0.5
12953 12972 3.398529094 0.05296225071 0.5
12953 12975 0 0 0.5
12954 12957 2.979093822 0.02291287847 0.5
12954 12958 2.979093822 0.02291287847 0.5
12954 12963 3.422718218 0.05454356057 0.5
12954 12969 3.422718218 0.05454356057 0.5
12954 12971 3.422718218 0.05454356057 0.5
12955 12962 3.422718218 0.05454356057 0.5
12955 12970 3.422718218 0.05454356057 0.5
12956 12961 3.398529094 0.05296225071 0.5
12957 12959 0 0 0.5
12958 12959 0 0 0.5
12959 12961 0 0 0.5
12961 12964 3.398529094 0.05296225071 0.5
12961 12967 0 0 0.5
12961 12970 3.422718218 0.05454356057 0.5
12962 12965 2.979093822 0.02291287847 0.5
12962 12966 2.979093822 0.02291287847 0.5
12962 12971 3.422718218 0.05454356057 0.5
12963 12970 3.422718218 0.05454356057 0.5
12964 12969 3.398529094 0.05296225071 0.5
12965 12967 0 0 0.5
12966 12967 0 0 0.5
12967 12969 0 0 0.5
12969 12972 3.398529094 0.05296225071 0.5
12969 12975 0 0 0.5
12970 12973 2.979093822 0.02291287847 0.5
12970 12974 2.979093822 0.02291287847 0.5
12973 12975 0 0 0.5
12974 12975 0 0 0.5
