8910
2 13 2.958039892 0.02224859546 0.5
2 14 2.958039892 0.02224859546 0.5
2 15 3.5 0.033 0.5
3 10 3.5 0.033 0.5
3 11 2.958039892 0.02224859546 0.5
3 12 2.958039892 0.02224859546 0.5
4 6 2.5 0.015 0.5
4 7 2.5 0.015 0.5
4 8 2.5 0.015 0.5
4 10 2.958039892 0.02224859546 0.5
4 11 2.5 0.015 0.5
4 12 2.5 0.015 0.5
5 6 2.5 0.015 0.5
5 7 2.5 0.015 0.5
5 8 2.5 0.015 0.5
5 10 2.958039892 0.02224859546 0.5
5 11 2.5 0.015 0.5
5 12 2.5 0.015 0.5
6 9 2.958039892 0.02224859546 0.5
7 9 2.958039892 0.02224859546 0.5
8 9 2.958039892 0.02224859546 0.5
9 16 3.5 0.033 0.5
9 17 2.958039892 0.02224859546 0.5
9 18 2.958039892 0.02224859546 0.5
10 19 2.958039892 0.02224859546 0.5
10 20 2.958039892 0.02224859546 0.5
10 21 3.5 0.033 0.5
11 13 2.5 0.015 0.5
11 14 2.5 0.015 0.5
11 15 2.958039892 0.02224859546 0.5
12 13 2.5 0.015 0.5
12 14 2.5 0.015 0.5
12 15 2.958039892 0.02224859546 0.5
13 16 2.958039892 0.02224859546 0.5
13 17 2.5 0.015 0.5
13 18 2.5 0.015 0.5
14 16 2.958039892 0.02224859546 0.5
14 17 2.5 0.015 0.5
14 18 2.5 0.015 0.5
15 22 3.5 0.033 0.5
15 23 2.958039892 0.02224859546 0.5
15 24 2.958039892 0.02224859546 0.5
16 25 2.958039892 0.02224859546 0.5
16 26 2.958039892 0.02224859546 0.5
16 27 3.5 0.033 0.5
17 19 2.5 0.015 0.5
17 20 2.5 0.015 0.5
17 21 2.958039892 0.02224859546 0.5
18 19 2.5 0.015 0.5
18 20 2.5 0.015 0.5
18 21 2.958039892 0.02224859546 0.5
19 22 2.958039892 0.02224859546 0.5
19 23 2.5 0.015 0.5
19 24 2.5 0.015 0.5
20 22 2.958039892 0.02224859546 0.5
20 23 2.5 0.015 0.5
20 24 2.5 0.015 0.5
21 28 3.5 0.033 0.5
21 29 2.958039892 0.02224859546 0.5
21 30 2.958039892 0.02224859546 0.5
22 31 2.958039892 0.02224859546 0.5
22 32 2.958039892 0.02224859546 0.5
22 34 3.5 0.033 0.5
23 25 2.5 0.015 0.5
23 26 2.5 0.015 0.5
23 27 2.958039892 0.02224859546 0.5
24 25 2.5 0.015 0.5
24 26 2.5 0.015 0.5
24 27 2.958039892 0.02224859546 0.5
25 28 2.958039892 0.02224859546 0.5
25 29 2.5 0.015 0.5
25 30 2.5 0.015 0.5
26 28 2.958039892 0.02224859546 0.5
26 29 2.5 0.015 0.5
26 30 2.5 0.015 0.5
27 35 3.5 0.033 0.5
27 36 2.958039892 0.02224859546 0.5
27 37 2.958039892 0.02224859546 0.5
28 38 2.958039892 0.02224859546 0.5
28 39 2.958039892 0.02224859546 0.5
28 40 3.5 0.033 0.5
29 31 2.5 0.015 0.5
29 32 2.5 0.015 0.5
29 34 2.958039892 0.02224859546 0.5
30 31 2.5 0.015 0.5
30 32 2.5 0.015 0.5
30 34 2.958039892 0.02224859546 0.5
31 35 2.958039892 0.02224859546 0.5
31 36 2.5 0.015 0.5
31 37 2.5 0.015 0.5
32 35 2.958039892 0.02224859546 0.5
32 36 2.5 0.015 0.5
32 37 2.5 0.015 0.5
34 41 3.5 0.033 0.5
34 42 2.958039892 0.02224859546 0.5
34 43 2.958039892 0.02224859546 0.5
35 44 2.958039892 0.02224859546 0.5
35 45 2.958039892 0.02224859546 0.5
35 46 3.5 0.033 0.5
36 38 2.5 0.015 0.5
36 39 2.5 0.015 0.5
36 40 2.958039892 0.02224859546 0.5
37 38 2.5 0.015 0.5
37 39 2.5 0.015 0.5
37 40 2.958039892 0.02224859546 0.5
38 41 2.958039892 0.02224859546 0.5
38 42 2.5 0.015 0.5
38 43 2.5 0.015 0.5
39 41 2.958039892 0.02224859546 0.5
39 42 2.5 0.015 0.5
39 43 2.5 0.015 0.5
40 47 3.5 0.033 0.5
40 48 2.958039892 0.02224859546 0.5
40 49 2.958039892 0.02224859546 0.5
41 50 2.958039892 0.02224859546 0.5
41 51 2.958039892 0.02224859546 0.5
41 52 3.5 0.033 0.5
42 44 2.5 0.015 0.5
42 45 2.5 0.015 0.5
42 46 2.958039892 0.02224859546 0.5
43 44 2.5 0.015 0.5
43 45 2.5 0.015 0.5
43 46 2.958039892 0.02224859546 0.5
44 47 2.958039892 0.02224859546 0.5
44 48 2.5 0.015 0.5
44 49 2.5 0.015 0.5
45 47 2.958039892 0.02224859546 0.5
45 48 2.5 0.015 0.5
45 49 2.5 0.015 0.5
46 53 3.5 0.033 0.5
46 54 2.958039892 0.02224859546 0.5
46 55 2.958039892 0.02224859546 0.5
47 56 2.958039892 0.02224859546 0.5
47 57 2.958039892 0.02224859546 0.5
47 58 3.5 0.033 0.5
48 50 2.5 0.015 0.5
48 51 2.5 0.015 0.5
48 52 2.958039892 0.02224859546 0.5
49 50 2.5 0.015 0.5
49 51 2.5 0.015 0.5
49 52 2.958039892 0.02224859546 0.5
50 53 2.958039892 0.02224859546 0.5
50 54 2.5 0.015 0.5
50 55 2.5 0.015 0.5
51 53 2.958039892 0.02224859546 0.5
51 54 2.5 0.015 0.5
51 55 2.5 0.015 0.5
52 59 3.5 0.033 0.5
52 60 2.958039892 0.02224859546 0.5
52 61 2.958039892 0.02224859546 0.5
53 62 2.958039892 0.02224859546 0.5
53 63 2.958039892 0.02224859546 0.5
53 65 3.5 0.033 0.5
54 56 2.5 0.015 0.5
54 57 2.5 0.015 0.5
54 58 2.958039892 0.02224859546 0.5
55 56 2.5 0.015 0.5
55 57 2.5 0.015 0.5
55 58 2.958039892 0.02224859546 0.5
56 59 2.958039892 0.02224859546 0.5
56 60 2.5 0.015 0.5
56 61 2.5 0.015 0.5
57 59 2.958039892 0.02224859546 0.5
57 60 2.5 0.015 0.5
57 61 2.5 0.015 0.5
58 66 3.5 0.033 0.5
58 67 2.958039892 0.02224859546 0.5
58 68 2.958039892 0.02224859546 0.5
59 69 2.958039892 0.02224859546 0.5
59 70 2.958039892 0.02224859546 0.5
59 71 3.5 0.033 0.5
60 62 2.5 0.015 0.5
60 63 2.5 0.015 0.5
60 65 2.958039892 0.02224859546 0.5
61 62 2.5 0.015 0.5
61 63 2.5 0.015 0.5
61 65 2.958039892 0.02224859546 0.5
62 66 2.958039892 0.02224859546 0.5
62 67 2.5 0.015 0.5
62 68 2.5 0.015 0.5
63 66 2.958039892 0.02224859546 0.5
63 67 2.5 0.015 0.5
63 68 2.5 0.015 0.5
65 72 3.5 0.033 0.5
65 73 2.958039892 0.02224859546 0.5
65 74 2.958039892 0.02224859546 0.5
66 75 2.958039892 0.02224859546 0.5
66 76 2.958039892 0.02224859546 0.5
66 77 3.5 0.033 0.5
67 69 2.5 0.015 0.5
67 70 2.5 0.015 0.5
67 71 2.958039892 0.02224859546 0.5
68 69 2.5 0.015 0.5
68 70 2.5 0.015 0.5
68 71 2.958039892 0.02224859546 0.5
69 72 2.958039892 0.02224859546 0.5
69 73 2.5 0.015 0.5
69 74 2.5 0.015 0.5
70 72 2.958039892 0.02224859546 0.5
70 73 2.5 0.015 0.5
70 74 2.5 0.015 0.5
71 78 3.5 0.033 0.5
71 79 2.958039892 0.02224859546 0.5
71 80 2.958039892 0.02224859546 0.5
72 81 2.958039892 0.02224859546 0.5
72 82 2.958039892 0.02224859546 0.5
72 83 3.5 0.033 0.5
73 75 2.5 0.015 0.5
73 76 2.5 0.015 0.5
73 77 2.958039892 0.02224859546 0.5
74 75 2.5 0.015 0.5
74 76 2.5 0.015 0.5
74 77 2.958039892 0.02224859546 0.5
75 78 2.958039892 0.02224859546 0.5
75 79 2.5 0.015 0.5
75 80 2.5 0.015 0.5
76 78 2.958039892 0.02224859546 0.5
76 79 2.5 0.015 0.5
76 80 2.5 0.015 0.5
77 84 3.5 0.033 0.5
77 85 2.958039892 0.02224859546 0.5
77 86 2.958039892 0.02224859546 0.5
78 87 2.958039892 0.02224859546 0.5
78 88 2.958039892 0.02224859546 0.5
78 89 3.5 0.033 0.5
79 81 2.5 0.015 0.5
79 82 2.5 0.015 0.5
79 83 2.958039892 0.02224859546 0.5
80 81 2.5 0.015 0.5
80 82 2.5 0.015 0.5
80 83 2.958039892 0.02224859546 0.5
81 84 2.958039892 0.02224859546 0.5
81 85 2.5 0.015 0.5
81 86 2.5 0.015 0.5
82 84 2.958039892 0.02224859546 0.5
82 85 2.5 0.015 0.5
82 86 2.5 0.015 0.5
83 90 3.5 0.033 0.5
83 91 2.958039892 0.02224859546 0.5
83 92 2.958039892 0.02224859546 0.5
84 93 2.958039892 0.02224859546 0.5
84 94 2.958039892 0.02224859546 0.5
84 96 3.5 0.033 0.5
85 87 2.5 0.015 0.5
85 88 2.5 0.015 0.5
85 89 2.958039892 0.02224859546 0.5
86 87 2.5 0.015 0.5
86 88 2.5 0.015 0.5
86 89 2.958039892 0.02224859546 0.5
87 90 2.958039892 0.02224859546 0.5
87 91 2.5 0.015 0.5
87 92 2.5 0.015 0.5
88 90 2.958039892 0.02224859546 0.5
88 91 2.5 0.015 0.5
88 92 2.5 0.015 0.5
89 97 3.5 0.033 0.5
89 98 2.958039892 0.02224859546 0.5
89 99 2.958039892 0.02224859546 0.5
90 100 2.958039892 0.02224859546 0.5
90 101 2.958039892 0.02224859546 0.5
90 102 3.5 0.033 0.5
91 93 2.5 0.015 0.5
91 94 2.5 0.015 0.5
91 96 2.958039892 0.02224859546 0.5
92 93 2.5 0.015 0.5
92 94 2.5 0.015 0.5
92 96 2.958039892 0.02224859546 0.5
93 97 2.958039892 0.02224859546 0.5
93 98 2.5 0.015 0.5
93 99 2.5 0.015 0.5
94 97 2.958039892 0.02224859546 0.5
94 98 2.5 0.015 0.5
94 99 2.5 0.015 0.5
96 103 3.5 0.033 0.5
96 104 2.958039892 0.02224859546 0.5
96 105 2.958039892 0.02224859546 0.5
97 106 2.958039892 0.02224859546 0.5
97 107 2.958039892 0.02224859546 0.5
97 108 3.5 0.033 0.5
98 100 2.5 0.015 0.5
98 101 2.5 0.015 0.5
98 102 2.958039892 0.02224859546 0.5
99 100 2.5 0.015 0.5
99 101 2.5 0.015 0.5
99 102 2.958039892 0.02224859546 0.5
100 103 2.958039892 0.02224859546 0.5
100 104 2.5 0.015 0.5
100 105 2.5 0.015 0.5
101 103 2.958039892 0.02224859546 0.5
101 104 2.5 0.015 0.5
101 105 2.5 0.015 0.5
102 109 3.5 0.033 0.5
102 110 2.958039892 0.02224859546 0.5
102 111 2.958039892 0.02224859546 0.5
103 112 2.958039892 0.02224859546 0.5
103 113 2.958039892 0.02224859546 0.5
103 114 3.5 0.033 0.5
104 106 2.5 0.015 0.5
104 107 2.5 0.015 0.5
104 108 2.958039892 0.02224859546 0.5
105 106 2.5 0.015 0.5
105 107 2.5 0.015 0.5
105 108 2.958039892 0.02224859546 0.5
106 109 2.958039892 0.02224859546 0.5
106 110 2.5 0.015 0.5
106 111 2.5 0.015 0.5
107 109 2.958039892 0.02224859546 0.5
107 110 2.5 0.015 0.5
107 111 2.5 0.015 0.5
108 115 3.5 0.033 0.5
108 116 2.958039892 0.02224859546 0.5
108 117 2.958039892 0.02224859546 0.5
109 118 2.958039892 0.02224859546 0.5
109 119 2.958039892 0.02224859546 0.5
109 120 3.5 0.033 0.5
110 112 2.5 0.015 0.5
110 113 2.5 0.015 0.5
110 114 2.958039892 0.02224859546 0.5
111 112 2.5 0.015 0.5
111 113 2.5 0.015 0.5
111 114 2.958039892 0.02224859546 0.5
112 115 2.958039892 0.02224859546 0.5
112 116 2.5 0.015 0.5
112 117 2.5 0.015 0.5
113 115 2.958039892 0.02224859546 0.5
113 116 2.5 0.015 0.5
113 117 2.5 0.015 0.5
114 121 3.5 0.033 0.5
114 122 2.958039892 0.02224859546 0.5
114 123 2.958039892 0.02224859546 0.5
115 124 2.958039892 0.02224859546 0.5
115 125 2.958039892 0.02224859546 0.5
115 127 3.5 0.033 0.5
116 118 2.5 0.015 0.5
116 119 2.5 0.015 0.5
116 120 2.958039892 0.02224859546 0.5
117 118 2.5 0.015 0.5
117 119 2.5 0.015 0.5
117 120 2.958039892 0.02224859546 0.5
118 121 2.958039892 0.02224859546 0.5
118 122 2.5 0.015 0.5
118 123 2.5 0.015 0.5
119 121 2.958039892 0.02224859546 0.5
119 122 2.5 0.015 0.5
119 123 2.5 0.015 0.5
120 128 3.5 0.033 0.5
120 129 2.958039892 0.02224859546 0.5
120 130 2.958039892 0.02224859546 0.5
121 131 2.958039892 0.02224859546 0.5
121 132 2.958039892 0.02224859546 0.5
121 133 3.5 0.033 0.5
122 124 2.5 0.015 0.5
122 125 2.5 0.015 0.5
122 127 2.958039892 0.02224859546 0.5
123 124 2.5 0.015 0.5
123 125 2.5 0.015 0.5
123 127 2.958039892 0.02224859546 0.5
124 128 2.958039892 0.02224859546 0.5
124 129 2.5 0.015 0.5
124 130 2.5 0.015 0.5
125 128 2.958039892 0.02224859546 0.5
125 129 2.5 0.015 0.5
125 130 2.5 0.015 0.5
127 134 3.5 0.033 0.5
127 135 2.958039892 0.02224859546 0.5
127 136 2.958039892 0.02224859546 0.5
128 137 2.958039892 0.02224859546 0.5
128 138 2.958039892 0.02224859546 0.5
128 139 3.5 0.033 0.5
129 131 2.5 0.015 0.5
129 132 2.5 0.015 0.5
129 133 2.958039892 0.02224859546 0.5
130 131 2.5 0.015 0.5
130 132 2.5 0.015 0.5
130 133 2.958039892 0.02224859546 0.5
131 134 2.958039892 0.02224859546 0.5
131 135 2.5 0.015 0.5
131 136 2.5 0.015 0.5
132 134 2.958039892 0.02224859546 0.5
132 135 2.5 0.015 0.5
132 136 2.5 0.015 0.5
133 140 3.5 0.033 0.5
133 141 2.958039892 0.02224859546 0.5
133 142 2.958039892 0.02224859546 0.5
134 143 2.958039892 0.02224859546 0.5
134 144 2.958039892 0.02224859546 0.5
134 145 3.5 0.033 0.5
135 137 2.5 0.015 0.5
135 138 2.5 0.015 0.5
135 139 2.958039892 0.02224859546 0.5
136 137 2.5 0.015 0.5
136 138 2.5 0.015 0.5
136 139 2.958039892 0.02224859546 0.5
137 140 2.958039892 0.02224859546 0.5
137 141 2.5 0.015 0.5
137 142 2.5 0.015 0.5
138 140 2.958039892 0.02224859546 0.5
138 141 2.5 0.015 0.5
138 142 2.5 0.015 0.5
139 146 3.5 0.033 0.5
139 147 2.958039892 0.02224859546 0.5
139 148 2.958039892 0.02224859546 0.5
140 149 2.958039892 0.02224859546 0.5
140 150 2.958039892 0.02224859546 0.5
140 151 3.5 0.033 0.5
141 143 2.5 0.015 0.5
141 144 2.5 0.015 0.5
141 145 2.958039892 0.02224859546 0.5
142 143 2.5 0.015 0.5
142 144 2.5 0.015 0.5
142 145 2.958039892 0.02224859546 0.5
143 146 2.958039892 0.02224859546 0.5
143 147 2.5 0.015 0.5
143 148 2.5 0.015 0.5
144 146 2.958039892 0.02224859546 0.5
144 147 2.5 0.015 0.5
144 148 2.5 0.015 0.5
145 152 3.5 0.033 0.5
145 153 2.958039892 0.02224859546 0.5
145 154 2.958039892 0.02224859546 0.5
146 155 2.958039892 0.02224859546 0.5
146 156 2.958039892 0.02224859546 0.5
146 158 3.5 0.033 0.5
147 149 2.5 0.015 0.5
147 150 2.5 0.015 0.5
147 151 2.958039892 0.02224859546 0.5
148 149 2.5 0.015 0.5
148 150 2.5 0.015 0.5
148 151 2.958039892 0.02224859546 0.5
149 152 2.958039892 0.02224859546 0.5
149 153 2.5 0.015 0.5
149 154 2.5 0.015 0.5
150 152 2.958039892 0.02224859546 0.5
150 153 2.5 0.015 0.5
150 154 2.5 0.015 0.5
151 159 3.5 0.033 0.5
151 160 2.958039892 0.02224859546 0.5
151 161 2.958039892 0.02224859546 0.5
152 162 2.958039892 0.02224859546 0.5
152 163 2.958039892 0.02224859546 0.5
152 164 3.5 0.033 0.5
153 155 2.5 0.015 0.5
153 156 2.5 0.015 0.5
153 158 2.958039892 0.02224859546 0.5
154 155 2.5 0.015 0.5
154 156 2.5 0.015 0.5
154 158 2.958039892 0.02224859546 0.5
155 159 2.958039892 0.02224859546 0.5
155 160 2.5 0.015 0.5
155 161 2.5 0.015 0.5
156 159 2.958039892 0.02224859546 0.5
156 160 2.5 0.015 0.5
156 161 2.5 0.015 0.5
158 165 3.5 0.033 0.5
158 166 2.958039892 0.02224859546 0.5
158 167 2.958039892 0.02224859546 0.5
159 168 2.958039892 0.02224859546 0.5
159 169 2.958039892 0.02224859546 0.5
159 170 3.5 0.033 0.5
160 162 2.5 0.015 0.5
160 163 2.5 0.015 0.5
160 164 2.958039892 0.02224859546 0.5
161 162 2.5 0.015 0.5
161 163 2.5 0.015 0.5
161 164 2.958039892 0.02224859546 0.5
162 165 2.958039892 0.02224859546 0.5
162 166 2.5 0.015 0.5
162 167 2.5 0.015 0.5
163 165 2.958039892 0.02224859546 0.5
163 166 2.5 0.015 0.5
163 167 2.5 0.015 0.5
164 171 3.5 0.033 0.5
164 172 2.958039892 0.02224859546 0.5
164 173 2.958039892 0.02224859546 0.5
165 174 2.958039892 0.02224859546 0.5
165 175 2.958039892 0.02224859546 0.5
165 176 3.5 0.033 0.5
166 168 2.5 0.015 0.5
166 169 2.5 0.015 0.5
166 170 2.958039892 0.02224859546 0.5
167 168 2.5 0.015 0.5
167 169 2.5 0.015 0.5
167 170 2.958039892 0.02224859546 0.5
168 171 2.958039892 0.02224859546 0.5
168 172 2.5 0.015 0.5
168 173 2.5 0.015 0.5
169 171 2.958039892 0.02224859546 0.5
169 172 2.5 0.015 0.5
169 173 2.5 0.015 0.5
170 177 3.5 0.033 0.5
170 178 2.958039892 0.02224859546 0.5
170 179 2.958039892 0.02224859546 0.5
171 180 2.958039892 0.02224859546 0.5
171 181 2.958039892 0.02224859546 0.5
171 182 3.5 0.033 0.5
172 174 2.5 0.015 0.5
172 175 2.5 0.015 0.5
172 176 2.958039892 0.02224859546 0.5
173 174 2.5 0.015 0.5
173 175 2.5 0.015 0.5
173 176 2.958039892 0.02224859546 0.5
174 177 2.958039892 0.02224859546 0.5
174 178 2.5 0.015 0.5
174 179 2.5 0.015 0.5
175 177 2.958039892 0.02224859546 0.5
175 178 2.5 0.015 0.5
175 179 2.5 0.015 0.5
176 183 3.5 0.033 0.5
176 184 2.958039892 0.02224859546 0.5
176 185 2.958039892 0.02224859546 0.5
177 186 2.958039892 0.02224859546 0.5
177 187 2.958039892 0.02224859546 0.5
177 189 3.5 0.033 0.5
178 180 2.5 0.015 0.5
178 181 2.5 0.015 0.5
178 182 2.958039892 0.02224859546 0.5
179 180 2.5 0.015 0.5
179 181 2.5 0.015 0.5
179 182 2.958039892 0.02224859546 0.5
180 183 2.958039892 0.02224859546 0.5
180 184 2.5 0.015 0.5
180 185 2.5 0.015 0.5
181 183 2.958039892 0.02224859546 0.5
181 184 2.5 0.015 0.5
181 185 2.5 0.015 0.5
182 190 3.5 0.033 0.5
182 191 2.958039892 0.02224859546 0.5
182 192 2.958039892 0.02224859546 0.5
183 193 2.958039892 0.02224859546 0.5
183 194 2.958039892 0.02224859546 0.5
183 195 3.5 0.033 0.5
184 186 2.5 0.015 0.5
184 187 2.5 0.015 0.5
184 189 2.958039892 0.02224859546 0.5
185 186 2.5 0.015 0.5
185 187 2.5 0.015 0.5
185 189 2.958039892 0.02224859546 0.5
186 190 2.958039892 0.02224859546 0.5
186 191 2.5 0.015 0.5
186 192 2.5 0.015 0.5
187 190 2.958039892 0.02224859546 0.5
187 191 2.5 0.015 0.5
187 192 2.5 0.015 0.5
189 196 3.5 0.033 0.5
189 197 2.958039892 0.02224859546 0.5
189 198 2.958039892 0.02224859546 0.5
190 199 2.958039892 0.02224859546 0.5
190 200 2.958039892 0.02224859546 0.5
190 201 3.5 0.033 0.5
191 193 2.5 0.015 0.5
191 194 2.5 0.015 0.5
191 195 2.958039892 0.02224859546 0.5
192 193 2.5 0.015 0.5
192 194 2.5 0.015 0.5
192 195 2.958039892 0.02224859546 0.5
193 196 2.958039892 0.02224859546 0.5
193 197 2.5 0.015 0.5
193 198 2.5 0.015 0.5
194 196 2.958039892 0.02224859546 0.5
194 197 2.5 0.015 0.5
194 198 2.5 0.015 0.5
195 202 3.5 0.033 0.5
195 203 2.958039892 0.02224859546 0.5
195 204 2.958039892 0.02224859546 0.5
196 205 2.958039892 0.02224859546 0.5
196 206 2.958039892 0.02224859546 0.5
196 207 3.5 0.033 0.5
197 199 2.5 0.015 0.5
197 200 2.5 0.015 0.5
197 201 2.958039892 0.02224859546 0.5
198 199 2.5 0.015 0.5
198 200 2.5 0.015 0.5
198 201 2.958039892 0.02224859546 0.5
199 202 2.958039892 0.02224859546 0.5
199 203 2.5 0.015 0.5
199 204 2.5 0.015 0.5
200 202 2.958039892 0.02224859546 0.5
200 203 2.5 0.015 0.5
200 204 2.5 0.015 0.5
201 208 3.5 0.033 0.5
201 209 2.958039892 0.02224859546 0.5
201 210 2.958039892 0.02224859546 0.5
202 211 2.958039892 0.02224859546 0.5
202 212 2.958039892 0.02224859546 0.5
202 213 3.5 0.033 0.5
203 205 2.5 0.015 0.5
203 206 2.5 0.015 0.5
203 207 2.958039892 0.02224859546 0.5
204 205 2.5 0.015 0.5
204 206 2.5 0.015 0.5
204 207 2.958039892 0.02224859546 0.5
205 208 2.958039892 0.02224859546 0.5
205 209 2.5 0.015 0.5
205 210 2.5 0.015 0.5
206 208 2.958039892 0.02224859546 0.5
206 209 2.5 0.015 0.5
206 210 2.5 0.015 0.5
207 214 3.5 0.033 0.5
207 215 2.958039892 0.02224859546 0.5
207 216 2.958039892 0.02224859546 0.5
208 217 2.958039892 0.02224859546 0.5
208 218 2.958039892 0.02224859546 0.5
208 220 3.5 0.033 0.5
209 211 2.5 0.015 0.5
209 212 2.5 0.015 0.5
209 213 2.958039892 0.02224859546 0.5
210 211 2.5 0.015 0.5
210 212 2.5 0.015 0.5
210 213 2.958039892 0.02224859546 0.5
211 214 2.958039892 0.02224859546 0.5
211 215 2.5 0.015 0.5
211 216 2.5 0.015 0.5
212 214 2.958039892 0.02224859546 0.5
212 215 2.5 0.015 0.5
212 216 2.5 0.015 0.5
213 221 3.5 0.033 0.5
213 222 2.958039892 0.02224859546 0.5
213 223 2.958039892 0.02224859546 0.5
214 224 2.958039892 0.02224859546 0.5
214 225 2.958039892 0.02224859546 0.5
214 226 3.5 0.033 0.5
215 217 2.5 0.015 0.5
215 218 2.5 0.015 0.5
215 220 2.958039892 0.02224859546 0.5
216 217 2.5 0.015 0.5
216 218 2.5 0.015 0.5
216 220 2.958039892 0.02224859546 0.5
217 221 2.958039892 0.02224859546 0.5
217 222 2.5 0.015 0.5
217 223 2.5 0.015 0.5
218 221 2.958039892 0.02224859546 0.5
218 222 2.5 0.015 0.5
218 223 2.5 0.015 0.5
220 227 3.5 0.033 0.5
220 228 2.958039892 0.02224859546 0.5
220 229 2.958039892 0.02224859546 0.5
221 230 2.958039892 0.02224859546 0.5
221 231 2.958039892 0.02224859546 0.5
221 232 3.5 0.033 0.5
222 224 2.5 0.015 0.5
222 225 2.5 0.015 0.5
222 226 2.958039892 0.02224859546 0.5
223 224 2.5 0.015 0.5
223 225 2.5 0.015 0.5
223 226 2.958039892 0.02224859546 0.5
224 227 2.958039892 0.02224859546 0.5
224 228 2.5 0.015 0.5
224 229 2.5 0.015 0.5
225 227 2.958039892 0.02224859546 0.5
225 228 2.5 0.015 0.5
225 229 2.5 0.015 0.5
226 233 3.5 0.033 0.5
226 234 2.958039892 0.02224859546 0.5
226 235 2.958039892 0.02224859546 0.5
227 236 2.958039892 0.02224859546 0.5
227 237 2.958039892 0.02224859546 0.5
227 238 3.5 0.033 0.5
228 230 2.5 0.015 0.5
228 231 2.5 0.015 0.5
228 232 2.958039892 0.02224859546 0.5
229 230 2.5 0.015 0.5
229 231 2.5 0.015 0.5
229 232 2.958039892 0.02224859546 0.5
230 233 2.958039892 0.02224859546 0.5
230 234 2.5 0.015 0.5
230 235 2.5 0.015 0.5
231 233 2.958039892 0.02224859546 0.5
231 234 2.5 0.015 0.5
231 235 2.5 0.015 0.5
232 239 3.5 0.033 0.5
232 240 2.958039892 0.02224859546 0.5
232 241 2.958039892 0.02224859546 0.5
233 242 2.958039892 0.02224859546 0.5
233 243 2.958039892 0.02224859546 0.5
233 244 3.5 0.033 0.5
234 236 2.5 0.015 0.5
234 237 2.5 0.015 0.5
234 238 2.958039892 0.02224859546 0.5
235 236 2.5 0.015 0.5
235 237 2.5 0.015 0.5
235 238 2.958039892 0.02224859546 0.5
236 239 2.958039892 0.02224859546 0.5
236 240 2.5 0.015 0.5
236 241 2.5 0.015 0.5
237 239 2.958039892 0.02224859546 0.5
237 240 2.5 0.015 0.5
237 241 2.5 0.015 0.5
238 245 3.5 0.033 0.5
238 246 2.958039892 0.02224859546 0.5
238 247 2.958039892 0.02224859546 0.5
239 248 2.958039892 0.02224859546 0.5
239 249 2.958039892 0.02224859546 0.5
239 251 3.5 0.033 0.5
240 242 2.5 0.015 0.5
240 243 2.5 0.015 0.5
240 244 2.958039892 0.02224859546 0.5
241 242 2.5 0.015 0.5
241 243 2.5 0.015 0.5
241 244 2.958039892 0.02224859546 0.5
242 245 2.958039892 0.02224859546 0.5
242 246 2.5 0.015 0.5
242 247 2.5 0.015 0.5
243 245 2.958039892 0.02224859546 0.5
243 246 2.5 0.015 0.5
243 247 2.5 0.015 0.5
244 252 3.5 0.033 0.5
244 253 2.958039892 0.02224859546 0.5
244 254 2.958039892 0.02224859546 0.5
245 255 2.958039892 0.02224859546 0.5
245 256 2.958039892 0.02224859546 0.5
245 257 3.5 0.033 0.5
246 248 2.5 0.015 0.5
246 249 2.5 0.015 0.5
246 251 2.958039892 0.02224859546 0.5
247 248 2.5 0.015 0.5
247 249 2.5 0.015 0.5
247 251 2.958039892 0.02224859546 0.5
248 252 2.958039892 0.02224859546 0.5
248 253 2.5 0.015 0.5
248 254 2.5 0.015 0.5
249 252 2.958039892 0.02224859546 0.5
249 253 2.5 0.015 0.5
249 254 2.5 0.015 0.5
251 258 3.5 0.033 0.5
251 259 2.958039892 0.02224859546 0.5
251 260 2.958039892 0.02224859546 0.5
252 261 2.958039892 0.02224859546 0.5
252 262 2.958039892 0.02224859546 0.5
252 263 3.5 0.033 0.5
253 255 2.5 0.015 0.5
253 256 2.5 0.015 0.5
253 257 2.958039892 0.02224859546 0.5
254 255 2.5 0.015 0.5
254 256 2.5 0.015 0.5
254 257 2.958039892 0.02224859546 0.5
255 258 2.958039892 0.02224859546 0.5
255 259 2.5 0.015 0.5
255 260 2.5 0.015 0.5
256 258 2.958039892 0.02224859546 0.5
256 259 2.5 0.015 0.5
256 260 2.5 0.015 0.5
257 264 3.5 0.033 0.5
257 265 2.958039892 0.02224859546 0.5
257 266 2.958039892 0.02224859546 0.5
258 267 2.958039892 0.02224859546 0.5
258 268 2.958039892 0.02224859546 0.5
258 269 3.5 0.033 0.5
259 261 2.5 0.015 0.5
259 262 2.5 0.015 0.5
259 263 2.958039892 0.02224859546 0.5
260 261 2.5 0.015 0.5
260 262 2.5 0.015 0.5
260 263 2.958039892 0.02224859546 0.5
261 264 2.958039892 0.02224859546 0.5
261 265 2.5 0.015 0.5
261 266 2.5 0.015 0.5
262 264 2.958039892 0.02224859546 0.5
262 265 2.5 0.015 0.5
262 266 2.5 0.015 0.5
263 270 3.5 0.033 0.5
263 271 2.958039892 0.02224859546 0.5
263 272 2.958039892 0.02224859546 0.5
264 273 2.958039892 0.02224859546 0.5
264 274 2.958039892 0.02224859546 0.5
264 275 3.5 0.033 0.5
265 267 2.5 0.015 0.5
265 268 2.5 0.015 0.5
265 269 2.958039892 0.02224859546 0.5
266 267 2.5 0.015 0.5
266 268 2.5 0.015 0.5
266 269 2.958039892 0.02224859546 0.5
267 270 2.958039892 0.02224859546 0.5
267 271 2.5 0.015 0.5
267 272 2.5 0.015 0.5
268 270 2.958039892 0.02224859546 0.5
268 271 2.5 0.015 0.5
268 272 2.5 0.015 0.5
269 276 3.5 0.033 0.5
269 277 2.958039892 0.02224859546 0.5
269 278 2.958039892 0.02224859546 0.5
270 279 2.958039892 0.02224859546 0.5
270 280 2.958039892 0.02224859546 0.5
270 307 3.5 0.033 0.5
271 273 2.5 0.015 0.5
271 274 2.5 0.015 0.5
271 275 2.958039892 0.02224859546 0.5
272 273 2.5 0.015 0.5
272 274 2.5 0.015 0.5
272 275 2.958039892 0.02224859546 0.5
273 276 2.958039892 0.02224859546 0.5
273 277 2.5 0.015 0.5
273 278 2.5 0.015 0.5
274 276 2.958039892 0.02224859546 0.5
274 277 2.5 0.015 0.5
274 278 2.5 0.015 0.5
275 308 3.5 0.033 0.5
275 309 2.958039892 0.02224859546 0.5
275 310 2.958039892 0.02224859546 0.5
276 301 3.5 0.033 0.5
276 311 2.958039892 0.02224859546 0.5
276 312 2.958039892 0.02224859546 0.5
277 279 2.5 0.015 0.5
277 280 2.5 0.015 0.5
277 307 2.958039892 0.02224859546 0.5
278 279 2.5 0.015 0.5
278 280 2.5 0.015 0.5
278 307 2.958039892 0.02224859546 0.5
279 308 2.958039892 0.02224859546 0.5
279 309 2.5 0.015 0.5
279 310 2.5 0.015 0.5
280 308 2.958039892 0.02224859546 0.5
280 309 2.5 0.015 0.5
280 310 2.5 0.015 0.5
282 291 2.958039892 0.02224859546 0.5
282 292 2.958039892 0.02224859546 0.5
282 296 3.5 0.033 0.5
283 289 3.5 0.033 0.5
283 293 2.958039892 0.02224859546 0.5
283 294 2.958039892 0.02224859546 0.5
284 286 2.5 0.015 0.5
284 287 2.5 0.015 0.5
284 288 2.5 0.015 0.5
284 289 2.958039892 0.02224859546 0.5
284 293 2.5 0.015 0.5
284 294 2.5 0.015 0.5
285 286 2.5 0.015 0.5
285 287 2.5 0.015 0.5
285 288 2.5 0.015 0.5
285 289 2.958039892 0.02224859546 0.5
285 293 2.5 0.015 0.5
285 294 2.5 0.015 0.5
286 290 2.958039892 0.02224859546 0.5
287 290 2.958039892 0.02224859546 0.5
288 290 2.958039892 0.02224859546 0.5
289 297 2.958039892 0.02224859546 0.5
289 298 2.958039892 0.02224859546 0.5
289 302 3.5 0.033 0.5
290 295 3.5 0.033 0.5
290 299 2.958039892 0.02224859546 0.5
290 300 2.958039892 0.02224859546 0.5
291 293 2.5 0.015 0.5
291 294 2.5 0.015 0.5
291 295 2.958039892 0.02224859546 0.5
291 299 2.5 0.015 0.5
291 300 2.5 0.015 0.5
292 293 2.5 0.015 0.5
292 294 2.5 0.015 0.5
292 295 2.958039892 0.02224859546 0.5
292 299 2.5 0.015 0.5
292 300 2.5 0.015 0.5
293 296 2.958039892 0.02224859546 0.5
294 296 2.958039892 0.02224859546 0.5
295 303 2.958039892 0.02224859546 0.5
295 304 2.958039892 0.02224859546 0.5
295 308 3.5 0.033 0.5
296 301 3.5 0.033 0.5
296 305 2.958039892 0.02224859546 0.5
296 306 2.958039892 0.02224859546 0.5
297 299 2.5 0.015 0.5
297 300 2.5 0.015 0.5
297 301 2.958039892 0.02224859546 0.5
297 305 2.5 0.015 0.5
297 306 2.5 0.015 0.5
298 299 2.5 0.015 0.5
298 300 2.5 0.015 0.5
298 301 2.958039892 0.02224859546 0.5
298 305 2.5 0.015 0.5
298 306 2.5 0.015 0.5
299 302 2.958039892 0.02224859546 0.5
300 302 2.958039892 0.02224859546 0.5
301 309 2.958039892 0.02224859546 0.5
301 310 2.958039892 0.02224859546 0.5
302 307 3.5 0.033 0.5
302 311 2.958039892 0.02224859546 0.5
302 312 2.958039892 0.02224859546 0.5
303 305 2.5 0.015 0.5
303 306 2.5 0.015 0.5
303 307 2.958039892 0.02224859546 0.5
303 311 2.5 0.015 0.5
303 312 2.5 0.015 0.5
304 305 2.5 0.015 0.5
304 306 2.5 0.015 0.5
304 307 2.958039892 0.02224859546 0.5
304 311 2.5 0.015 0.5
304 312 2.5 0.015 0.5
305 308 2.958039892 0.02224859546 0.5
306 308 2.958039892 0.02224859546 0.5
309 311 2.5 0.015 0.5
309 312 2.5 0.015 0.5
310 311 2.5 0.015 0.5
310 312 2.5 0.015 0.5
314 325 2.958039892 0.02224859546 0.5
314 326 2.958039892 0.02224859546 0.5
314 327 3.5 0.033 0.5
315 322 3.5 0.033 0.5
315 323 2.958039892 0.02224859546 0.5
315 324 2.958039892 0.02224859546 0.5
316 318 2.5 0.015 0.5
316 319 2.5 0.015 0.5
316 320 2.5 0.015 0.5
316 322 2.958039892 0.02224859546 0.5
316 323 2.5 0.015 0.5
316 324 2.5 0.015 0.5
317 318 2.5 0.015 0.5
317 319 2.5 0.015 0.5
317 320 2.5 0.015 0.5
317 322 2.958039892 0.02224859546 0.5
317 323 2.5 0.015 0.5
317 324 2.5 0.015 0.5
318 321 2.958039892 0.02224859546 0.5
319 321 2.958039892 0.02224859546 0.5
320 321 2.958039892 0.02224859546 0.5
321 328 3.5 0.033 0.5
321 329 2.958039892 0.02224859546 0.5
321 330 2.958039892 0.02224859546 0.5
322 331 2.958039892 0.02224859546 0.5
322 332 2.958039892 0.02224859546 0.5
322 333 3.5 0.033 0.5
323 325 2.5 0.015 0.5
323 326 2.5 0.015 0.5
323 327 2.958039892 0.02224859546 0.5
324 325 2.5 0.015 0.5
324 326 2.5 0.015 0.5
324 327 2.958039892 0.02224859546 0.5
325 328 2.958039892 0.02224859546 0.5
325 329 2.5 0.015 0.5
325 330 2.5 0.015 0.5
326 328 2.958039892 0.02224859546 0.5
326 329 2.5 0.015 0.5
326 330 2.5 0.015 0.5
327 334 3.5 0.033 0.5
327 335 2.958039892 0.02224859546 0.5
327 336 2.958039892 0.02224859546 0.5
328 337 2.958039892 0.02224859546 0.5
328 338 2.958039892 0.02224859546 0.5
328 339 3.5 0.033 0.5
329 331 2.5 0.015 0.5
329 332 2.5 0.015 0.5
329 333 2.958039892 0.02224859546 0.5
330 331 2.5 0.015 0.5
330 332 2.5 0.015 0.5
330 333 2.958039892 0.02224859546 0.5
331 334 2.958039892 0.02224859546 0.5
331 335 2.5 0.015 0.5
331 336 2.5 0.015 0.5
332 334 2.958039892 0.02224859546 0.5
332 335 2.5 0.015 0.5
332 336 2.5 0.015 0.5
333 340 3.5 0.033 0.5
333 341 2.958039892 0.02224859546 0.5
333 342 2.958039892 0.02224859546 0.5
334 343 2.958039892 0.02224859546 0.5
334 344 2.958039892 0.02224859546 0.5
334 346 3.5 0.033 0.5
335 337 2.5 0.015 0.5
335 338 2.5 0.015 0.5
335 339 2.958039892 0.02224859546 0.5
336 337 2.5 0.015 0.5
336 338 2.5 0.015 0.5
336 339 2.958039892 0.02224859546 0.5
337 340 2.958039892 0.02224859546 0.5
337 341 2.5 0.015 0.5
337 342 2.5 0.015 0.5
338 340 2.958039892 0.02224859546 0.5
338 341 2.5 0.015 0.5
338 342 2.5 0.015 0.5
339 347 3.5 0.033 0.5
339 348 2.958039892 0.02224859546 0.5
339 349 2.958039892 0.02224859546 0.5
340 350 2.958039892 0.02224859546 0.5
340 351 2.958039892 0.02224859546 0.5
340 352 3.5 0.033 0.5
341 343 2.5 0.015 0.5
341 344 2.5 0.015 0.5
341 346 2.958039892 0.02224859546 0.5
342 343 2.5 0.015 0.5
342 344 2.5 0.015 0.5
342 346 2.958039892 0.02224859546 0.5
343 347 2.958039892 0.02224859546 0.5
343 348 2.5 0.015 0.5
343 349 2.5 0.015 0.5
344 347 2.958039892 0.02224859546 0.5
344 348 2.5 0.015 0.5
344 349 2.5 0.015 0.5
346 353 3.5 0.033 0.5
346 354 2.958039892 0.02224859546 0.5
346 355 2.958039892 0.02224859546 0.5
347 356 2.958039892 0.02224859546 0.5
347 357 2.958039892 0.02224859546 0.5
347 358 3.5 0.033 0.5
348 350 2.5 0.015 0.5
348 351 2.5 0.015 0.5
348 352 2.958039892 0.02224859546 0.5
349 350 2.5 0.015 0.5
349 351 2.5 0.015 0.5
349 352 2.958039892 0.02224859546 0.5
350 353 2.958039892 0.02224859546 0.5
350 354 2.5 0.015 0.5
350 355 2.5 0.015 0.5
351 353 2.958039892 0.02224859546 0.5
351 354 2.5 0.015 0.5
351 355 2.5 0.015 0.5
352 359 3.5 0.033 0.5
352 360 2.958039892 0.02224859546 0.5
352 361 2.958039892 0.02224859546 0.5
353 362 2.958039892 0.02224859546 0.5
353 363 2.958039892 0.02224859546 0.5
353 364 3.5 0.033 0.5
354 356 2.5 0.015 0.5
354 357 2.5 0.015 0.5
354 358 2.958039892 0.02224859546 0.5
355 356 2.5 0.015 0.5
355 357 2.5 0.015 0.5
355 358 2.958039892 0.02224859546 0.5
356 359 2.958039892 0.02224859546 0.5
356 360 2.5 0.015 0.5
356 361 2.5 0.015 0.5
357 359 2.958039892 0.02224859546 0.5
357 360 2.5 0.015 0.5
357 361 2.5 0.015 0.5
358 365 3.5 0.033 0.5
358 366 2.958039892 0.02224859546 0.5
358 367 2.958039892 0.02224859546 0.5
359 368 2.958039892 0.02224859546 0.5
359 369 2.958039892 0.02224859546 0.5
359 370 3.5 0.033 0.5
360 362 2.5 0.015 0.5
360 363 2.5 0.015 0.5
360 364 2.958039892 0.02224859546 0.5
361 362 2.5 0.015 0.5
361 363 2.5 0.015 0.5
361 364 2.958039892 0.02224859546 0.5
362 365 2.958039892 0.02224859546 0.5
362 366 2.5 0.015 0.5
362 367 2.5 0.015 0.5
363 365 2.958039892 0.02224859546 0.5
363 366 2.5 0.015 0.5
363 367 2.5 0.015 0.5
364 371 3.5 0.033 0.5
364 372 2.958039892 0.02224859546 0.5
364 373 2.958039892 0.02224859546 0.5
365 374 2.958039892 0.02224859546 0.5
365 375 2.958039892 0.02224859546 0.5
365 377 3.5 0.033 0.5
366 368 2.5 0.015 0.5
366 369 2.5 0.015 0.5
366 370 2.958039892 0.02224859546 0.5
367 368 2.5 0.015 0.5
367 369 2.5 0.015 0.5
367 370 2.958039892 0.02224859546 0.5
368 371 2.958039892 0.02224859546 0.5
368 372 2.5 0.015 0.5
368 373 2.5 0.015 0.5
369 371 2.958039892 0.02224859546 0.5
369 372 2.5 0.015 0.5
369 373 2.5 0.015 0.5
370 378 3.5 0.033 0.5
370 379 2.958039892 0.02224859546 0.5
370 380 2.958039892 0.02224859546 0.5
371 381 2.958039892 0.02224859546 0.5
371 382 2.958039892 0.02224859546 0.5
371 383 3.5 0.033 0.5
372 374 2.5 0.015 0.5
372 375 2.5 0.015 0.5
372 377 2.958039892 0.02224859546 0.5
373 374 2.5 0.015 0.5
373 375 2.5 0.015 0.5
373 377 2.958039892 0.02224859546 0.5
374 378 2.958039892 0.02224859546 0.5
374 379 2.5 0.015 0.5
374 380 2.5 0.015 0.5
375 378 2.958039892 0.02224859546 0.5
375 379 2.5 0.015 0.5
375 380 2.5 0.015 0.5
377 384 3.5 0.033 0.5
377 385 2.958039892 0.02224859546 0.5
377 386 2.958039892 0.02224859546 0.5
378 387 2.958039892 0.02224859546 0.5
378 388 2.958039892 0.02224859546 0.5
378 389 3.5 0.033 0.5
379 381 2.5 0.015 0.5
379 382 2.5 0.015 0.5
379 383 2.958039892 0.02224859546 0.5
380 381 2.5 0.015 0.5
380 382 2.5 0.015 0.5
380 383 2.958039892 0.02224859546 0.5
381 384 2.958039892 0.02224859546 0.5
381 385 2.5 0.015 0.5
381 386 2.5 0.015 0.5
382 384 2.958039892 0.02224859546 0.5
382 385 2.5 0.015 0.5
382 386 2.5 0.015 0.5
383 390 3.5 0.033 0.5
383 391 2.958039892 0.02224859546 0.5
383 392 2.958039892 0.02224859546 0.5
384 393 2.958039892 0.02224859546 0.5
384 394 2.958039892 0.02224859546 0.5
384 395 3.5 0.033 0.5
385 387 2.5 0.015 0.5
385 388 2.5 0.015 0.5
385 389 2.958039892 0.02224859546 0.5
386 387 2.5 0.015 0.5
386 388 2.5 0.015 0.5
386 389 2.958039892 0.02224859546 0.5
387 390 2.958039892 0.02224859546 0.5
387 391 2.5 0.015 0.5
387 392 2.5 0.015 0.5
388 390 2.958039892 0.02224859546 0.5
388 391 2.5 0.015 0.5
388 392 2.5 0.015 0.5
389 396 3.5 0.033 0.5
389 397 2.958039892 0.02224859546 0.5
389 398 2.958039892 0.02224859546 0.5
390 399 2.958039892 0.02224859546 0.5
390 400 2.958039892 0.02224859546 0.5
390 401 3.5 0.033 0.5
391 393 2.5 0.015 0.5
391 394 2.5 0.015 0.5
391 395 2.958039892 0.02224859546 0.5
392 393 2.5 0.015 0.5
392 394 2.5 0.015 0.5
392 395 2.958039892 0.02224859546 0.5
393 396 2.958039892 0.02224859546 0.5
393 397 2.5 0.015 0.5
393 398 2.5 0.015 0.5
394 396 2.958039892 0.02224859546 0.5
394 397 2.5 0.015 0.5
394 398 2.5 0.015 0.5
395 402 3.5 0.033 0.5
395 403 2.958039892 0.02224859546 0.5
395 404 2.958039892 0.02224859546 0.5
396 405 2.958039892 0.02224859546 0.5
396 406 2.958039892 0.02224859546 0.5
396 408 3.5 0.033 0.5
397 399 2.5 0.015 0.5
397 400 2.5 0.015 0.5
397 401 2.958039892 0.02224859546 0.5
398 399 2.5 0.015 0.5
398 400 2.5 0.015 0.5
398 401 2.958039892 0.02224859546 0.5
399 402 2.958039892 0.02224859546 0.5
399 403 2.5 0.015 0.5
399 404 2.5 0.015 0.5
400 402 2.958039892 0.02224859546 0.5
400 403 2.5 0.015 0.5
400 404 2.5 0.015 0.5
401 409 3.5 0.033 0.5
401 410 2.958039892 0.02224859546 0.5
401 411 2.958039892 0.02224859546 0.5
402 412 2.958039892 0.02224859546 0.5
402 413 2.958039892 0.02224859546 0.5
402 414 3.5 0.033 0.5
403 405 2.5 0.015 0.5
403 406 2.5 0.015 0.5
403 408 2.958039892 0.02224859546 0.5
404 405 2.5 0.015 0.5
404 406 2.5 0.015 0.5
404 408 2.958039892 0.02224859546 0.5
405 409 2.958039892 0.02224859546 0.5
405 410 2.5 0.015 0.5
405 411 2.5 0.015 0.5
406 409 2.958039892 0.02224859546 0.5
406 410 2.5 0.015 0.5
406 411 2.5 0.015 0.5
408 415 3.5 0.033 0.5
408 416 2.958039892 0.02224859546 0.5
408 417 2.958039892 0.02224859546 0.5
409 418 2.958039892 0.02224859546 0.5
409 419 2.958039892 0.02224859546 0.5
409 420 3.5 0.033 0.5
410 412 2.5 0.015 0.5
410 413 2.5 0.015 0.5
410 414 2.958039892 0.02224859546 0.5
411 412 2.5 0.015 0.5
411 413 2.5 0.015 0.5
411 414 2.958039892 0.02224859546 0.5
412 415 2.958039892 0.02224859546 0.5
412 416 2.5 0.015 0.5
412 417 2.5 0.015 0.5
413 415 2.958039892 0.02224859546 0.5
413 416 2.5 0.015 0.5
413 417 2.5 0.015 0.5
414 421 3.5 0.033 0.5
414 422 2.958039892 0.02224859546 0.5
414 423 2.958039892 0.02224859546 0.5
415 424 2.958039892 0.02224859546 0.5
415 425 2.958039892 0.02224859546 0.5
415 426 3.5 0.033 0.5
416 418 2.5 0.015 0.5
416 419 2.5 0.015 0.5
416 420 2.958039892 0.02224859546 0.5
417 418 2.5 0.015 0.5
417 419 2.5 0.015 0.5
417 420 2.958039892 0.02224859546 0.5
418 421 2.958039892 0.02224859546 0.5
418 422 2.5 0.015 0.5
418 423 2.5 0.015 0.5
419 421 2.958039892 0.02224859546 0.5
419 422 2.5 0.015 0.5
419 423 2.5 0.015 0.5
420 427 3.5 0.033 0.5
420 428 2.958039892 0.02224859546 0.5
420 429 2.958039892 0.02224859546 0.5
421 430 2.958039892 0.02224859546 0.5
421 431 2.958039892 0.02224859546 0.5
421 432 3.5 0.033 0.5
422 424 2.5 0.015 0.5
422 425 2.5 0.015 0.5
422 426 2.958039892 0.02224859546 0.5
423 424 2.5 0.015 0.5
423 425 2.5 0.015 0.5
423 426 2.958039892 0.02224859546 0.5
424 427 2.958039892 0.02224859546 0.5
424 428 2.5 0.015 0.5
424 429 2.5 0.015 0.5
425 427 2.958039892 0.02224859546 0.5
425 428 2.5 0.015 0.5
425 429 2.5 0.015 0.5
426 433 3.5 0.033 0.5
426 434 2.958039892 0.02224859546 0.5
426 435 2.958039892 0.02224859546 0.5
427 436 2.958039892 0.02224859546 0.5
427 437 2.958039892 0.02224859546 0.5
427 439 3.5 0.033 0.5
428 430 2.5 0.015 0.5
428 431 2.5 0.015 0.5
428 432 2.958039892 0.02224859546 0.5
429 430 2.5 0.015 0.5
429 431 2.5 0.015 0.5
429 432 2.958039892 0.02224859546 0.5
430 433 2.958039892 0.02224859546 0.5
430 434 2.5 0.015 0.5
430 435 2.5 0.015 0.5
431 433 2.958039892 0.02224859546 0.5
431 434 2.5 0.015 0.5
431 435 2.5 0.015 0.5
432 440 3.5 0.033 0.5
432 441 2.958039892 0.02224859546 0.5
432 442 2.958039892 0.02224859546 0.5
433 443 2.958039892 0.02224859546 0.5
433 444 2.958039892 0.02224859546 0.5
433 445 3.5 0.033 0.5
434 436 2.5 0.015 0.5
434 437 2.5 0.015 0.5
434 439 2.958039892 0.02224859546 0.5
435 436 2.5 0.015 0.5
435 437 2.5 0.015 0.5
435 439 2.958039892 0.02224859546 0.5
436 440 2.958039892 0.02224859546 0.5
436 441 2.5 0.015 0.5
436 442 2.5 0.015 0.5
437 440 2.958039892 0.02224859546 0.5
437 441 2.5 0.015 0.5
437 442 2.5 0.015 0.5
439 446 3.5 0.033 0.5
439 447 2.958039892 0.02224859546 0.5
439 448 2.958039892 0.02224859546 0.5
440 449 2.958039892 0.02224859546 0.5
440 450 2.958039892 0.02224859546 0.5
440 451 3.5 0.033 0.5
441 443 2.5 0.015 0.5
441 444 2.5 0.015 0.5
441 445 2.958039892 0.02224859546 0.5
442 443 2.5 0.015 0.5
442 444 2.5 0.015 0.5
442 445 2.958039892 0.02224859546 0.5
443 446 2.958039892 0.02224859546 0.5
443 447 2.5 0.015 0.5
443 448 2.5 0.015 0.5
444 446 2.958039892 0.02224859546 0.5
444 447 2.5 0.015 0.5
444 448 2.5 0.015 0.5
445 452 3.5 0.033 0.5
445 453 2.958039892 0.02224859546 0.5
445 454 2.958039892 0.02224859546 0.5
446 455 2.958039892 0.02224859546 0.5
446 456 2.958039892 0.02224859546 0.5
446 457 3.5 0.033 0.5
447 449 2.5 0.015 0.5
447 450 2.5 0.015 0.5
447 451 2.958039892 0.02224859546 0.5
448 449 2.5 0.015 0.5
448 450 2.5 0.015 0.5
448 451 2.958039892 0.02224859546 0.5
449 452 2.958039892 0.02224859546 0.5
449 453 2.5 0.015 0.5
449 454 2.5 0.015 0.5
450 452 2.958039892 0.02224859546 0.5
450 453 2.5 0.015 0.5
450 454 2.5 0.015 0.5
451 458 3.5 0.033 0.5
451 459 2.958039892 0.02224859546 0.5
451 460 2.958039892 0.02224859546 0.5
452 461 2.958039892 0.02224859546 0.5
452 462 2.958039892 0.02224859546 0.5
452 463 3.5 0.033 0.5
453 455 2.5 0.015 0.5
453 456 2.5 0.015 0.5
453 457 2.958039892 0.02224859546 0.5
454 455 2.5 0.015 0.5
454 456 2.5 0.015 0.5
454 457 2.958039892 0.02224859546 0.5
455 458 2.958039892 0.02224859546 0.5
455 459 2.5 0.015 0.5
455 460 2.5 0.015 0.5
456 458 2.958039892 0.02224859546 0.5
456 459 2.5 0.015 0.5
456 460 2.5 0.015 0.5
457 464 3.5 0.033 0.5
457 465 2.958039892 0.02224859546 0.5
457 466 2.958039892 0.02224859546 0.5
458 467 2.958039892 0.02224859546 0.5
458 468 2.958039892 0.02224859546 0.5
458 470 3.5 0.033 0.5
459 461 2.5 0.015 0.5
459 462 2.5 0.015 0.5
459 463 2.958039892 0.02224859546 0.5
460 461 2.5 0.015 0.5
460 462 2.5 0.015 0.5
460 463 2.958039892 0.02224859546 0.5
461 464 2.958039892 0.02224859546 0.5
461 465 2.5 0.015 0.5
461 466 2.5 0.015 0.5
462 464 2.958039892 0.02224859546 0.5
462 465 2.5 0.015 0.5
462 466 2.5 0.015 0.5
463 471 3.5 0.033 0.5
463 472 2.958039892 0.02224859546 0.5
463 473 2.958039892 0.02224859546 0.5
464 474 2.958039892 0.02224859546 0.5
464 475 2.958039892 0.02224859546 0.5
464 476 3.5 0.033 0.5
465 467 2.5 0.015 0.5
465 468 2.5 0.015 0.5
465 470 2.958039892 0.02224859546 0.5
466 467 2.5 0.015 0.5
466 468 2.5 0.015 0.5
466 470 2.958039892 0.02224859546 0.5
467 471 2.958039892 0.02224859546 0.5
467 472 2.5 0.015 0.5
467 473 2.5 0.015 0.5
468 471 2.958039892 0.02224859546 0.5
468 472 2.5 0.015 0.5
468 473 2.5 0.015 0.5
470 477 3.5 0.033 0.5
470 478 2.958039892 0.02224859546 0.5
470 479 2.958039892 0.02224859546 0.5
471 480 2.958039892 0.02224859546 0.5
471 481 2.958039892 0.02224859546 0.5
471 482 3.5 0.033 0.5
472 474 2.5 0.015 0.5
472 475 2.5 0.015 0.5
472 476 2.958039892 0.02224859546 0.5
473 474 2.5 0.015 0.5
473 475 2.5 0.015 0.5
473 476 2.958039892 0.02224859546 0.5
474 477 2.958039892 0.02224859546 0.5
474 478 2.5 0.015 0.5
474 479 2.5 0.015 0.5
475 477 2.958039892 0.02224859546 0.5
475 478 2.5 0.015 0.5
475 479 2.5 0.015 0.5
476 483 3.5 0.033 0.5
476 484 2.958039892 0.02224859546 0.5
476 485 2.958039892 0.02224859546 0.5
477 486 2.958039892 0.02224859546 0.5
477 487 2.958039892 0.02224859546 0.5
477 488 3.5 0.033 0.5
478 480 2.5 0.015 0.5
478 481 2.5 0.015 0.5
478 482 2.958039892 0.02224859546 0.5
479 480 2.5 0.015 0.5
479 481 2.5 0.015 0.5
479 482 2.958039892 0.02224859546 0.5
480 483 2.958039892 0.02224859546 0.5
480 484 2.5 0.015 0.5
480 485 2.5 0.015 0.5
481 483 2.958039892 0.02224859546 0.5
481 484 2.5 0.015 0.5
481 485 2.5 0.015 0.5
482 489 3.5 0.033 0.5
482 490 2.958039892 0.02224859546 0.5
482 491 2.958039892 0.02224859546 0.5
483 492 2.958039892 0.02224859546 0.5
483 493 2.958039892 0.02224859546 0.5
483 494 3.5 0.033 0.5
484 486 2.5 0.015 0.5
484 487 2.5 0.015 0.5
484 488 2.958039892 0.02224859546 0.5
485 486 2.5 0.015 0.5
485 487 2.5 0.015 0.5
485 488 2.958039892 0.02224859546 0.5
486 489 2.958039892 0.02224859546 0.5
486 490 2.5 0.015 0.5
486 491 2.5 0.015 0.5
487 489 2.958039892 0.02224859546 0.5
487 490 2.5 0.015 0.5
487 491 2.5 0.015 0.5
488 495 3.5 0.033 0.5
488 496 2.958039892 0.02224859546 0.5
488 497 2.958039892 0.02224859546 0.5
489 498 2.958039892 0.02224859546 0.5
489 499 2.958039892 0.02224859546 0.5
489 501 3.5 0.033 0.5
490 492 2.5 0.015 0.5
490 493 2.5 0.015 0.5
490 494 2.958039892 0.02224859546 0.5
491 492 2.5 0.015 0.5
491 493 2.5 0.015 0.5
491 494 2.958039892 0.02224859546 0.5
492 495 2.958039892 0.02224859546 0.5
492 496 2.5 0.015 0.5
492 497 2.5 0.015 0.5
493 495 2.958039892 0.02224859546 0.5
493 496 2.5 0.015 0.5
493 497 2.5 0.015 0.5
494 502 3.5 0.033 0.5
494 503 2.958039892 0.02224859546 0.5
494 504 2.958039892 0.02224859546 0.5
495 505 2.958039892 0.02224859546 0.5
495 506 2.958039892 0.02224859546 0.5
495 507 3.5 0.033 0.5
496 498 2.5 0.015 0.5
496 499 2.5 0.015 0.5
496 501 2.958039892 0.02224859546 0.5
497 498 2.5 0.015 0.5
497 499 2.5 0.015 0.5
497 501 2.958039892 0.02224859546 0.5
498 502 2.958039892 0.02224859546 0.5
498 503 2.5 0.015 0.5
498 504 2.5 0.015 0.5
499 502 2.958039892 0.02224859546 0.5
499 503 2.5 0.015 0.5
499 504 2.5 0.015 0.5
501 508 3.5 0.033 0.5
501 509 2.958039892 0.02224859546 0.5
501 510 2.958039892 0.02224859546 0.5
502 511 2.958039892 0.02224859546 0.5
502 512 2.958039892 0.02224859546 0.5
502 513 3.5 0.033 0.5
503 505 2.5 0.015 0.5
503 506 2.5 0.015 0.5
503 507 2.958039892 0.02224859546 0.5
504 505 2.5 0.015 0.5
504 506 2.5 0.015 0.5
504 507 2.958039892 0.02224859546 0.5
505 508 2.958039892 0.02224859546 0.5
505 509 2.5 0.015 0.5
505 510 2.5 0.015 0.5
506 508 2.958039892 0.02224859546 0.5
506 509 2.5 0.015 0.5
506 510 2.5 0.015 0.5
507 514 3.5 0.033 0.5
507 515 2.958039892 0.02224859546 0.5
507 516 2.958039892 0.02224859546 0.5
508 517 2.958039892 0.02224859546 0.5
508 518 2.958039892 0.02224859546 0.5
508 519 3.5 0.033 0.5
509 511 2.5 0.015 0.5
509 512 2.5 0.015 0.5
509 513 2.958039892 0.02224859546 0.5
510 511 2.5 0.015 0.5
510 512 2.5 0.015 0.5
510 513 2.958039892 0.02224859546 0.5
511 514 2.958039892 0.02224859546 0.5
511 515 2.5 0.015 0.5
511 516 2.5 0.015 0.5
512 514 2.958039892 0.02224859546 0.5
512 515 2.5 0.015 0.5
512 516 2.5 0.015 0.5
513 520 3.5 0.033 0.5
513 521 2.958039892 0.02224859546 0.5
513 522 2.958039892 0.02224859546 0.5
514 523 2.958039892 0.02224859546 0.5
514 524 2.958039892 0.02224859546 0.5
514 525 3.5 0.033 0.5
515 517 2.5 0.015 0.5
515 518 2.5 0.015 0.5
515 519 2.958039892 0.02224859546 0.5
516 517 2.5 0.015 0.5
516 518 2.5 0.015 0.5
516 519 2.958039892 0.02224859546 0.5
517 520 2.958039892 0.02224859546 0.5
517 521 2.5 0.015 0.5
517 522 2.5 0.015 0.5
518 520 2.958039892 0.02224859546 0.5
518 521 2.5 0.015 0.5
518 522 2.5 0.015 0.5
519 526 3.5 0.033 0.5
519 527 2.958039892 0.02224859546 0.5
519 528 2.958039892 0.02224859546 0.5
520 529 2.958039892 0.02224859546 0.5
520 530 2.958039892 0.02224859546 0.5
520 532 3.5 0.033 0.5
521 523 2.5 0.015 0.5
521 524 2.5 0.015 0.5
521 525 2.958039892 0.02224859546 0.5
522 523 2.5 0.015 0.5
522 524 2.5 0.015 0.5
522 525 2.958039892 0.02224859546 0.5
523 526 2.958039892 0.02224859546 0.5
523 527 2.5 0.015 0.5
523 528 2.5 0.015 0.5
524 526 2.958039892 0.02224859546 0.5
524 527 2.5 0.015 0.5
524 528 2.5 0.015 0.5
525 533 3.5 0.033 0.5
525 534 2.958039892 0.02224859546 0.5
525 535 2.958039892 0.02224859546 0.5
526 536 2.958039892 0.02224859546 0.5
526 537 2.958039892 0.02224859546 0.5
526 538 3.5 0.033 0.5
527 529 2.5 0.015 0.5
527 530 2.5 0.015 0.5
527 532 2.958039892 0.02224859546 0.5
528 529 2.5 0.015 0.5
528 530 2.5 0.015 0.5
528 532 2.958039892 0.02224859546 0.5
529 533 2.958039892 0.02224859546 0.5
529 534 2.5 0.015 0.5
529 535 2.5 0.015 0.5
530 533 2.958039892 0.02224859546 0.5
530 534 2.5 0.015 0.5
530 535 2.5 0.015 0.5
532 539 3.5 0.033 0.5
532 540 2.958039892 0.02224859546 0.5
532 541 2.958039892 0.02224859546 0.5
533 542 2.958039892 0.02224859546 0.5
533 543 2.958039892 0.02224859546 0.5
533 544 3.5 0.033 0.5
534 536 2.5 0.015 0.5
534 537 2.5 0.015 0.5
534 538 2.958039892 0.02224859546 0.5
535 536 2.5 0.015 0.5
535 537 2.5 0.015 0.5
535 538 2.958039892 0.02224859546 0.5
536 539 2.958039892 0.02224859546 0.5
536 540 2.5 0.015 0.5
536 541 2.5 0.015 0.5
537 539 2.958039892 0.02224859546 0.5
537 540 2.5 0.015 0.5
537 541 2.5 0.015 0.5
538 545 3.5 0.033 0.5
538 546 2.958039892 0.02224859546 0.5
538 547 2.958039892 0.02224859546 0.5
539 548 2.958039892 0.02224859546 0.5
539 549 2.958039892 0.02224859546 0.5
539 550 3.5 0.033 0.5
540 542 2.5 0.015 0.5
540 543 2.5 0.015 0.5
540 544 2.958039892 0.02224859546 0.5
541 542 2.5 0.015 0.5
541 543 2.5 0.015 0.5
541 544 2.958039892 0.02224859546 0.5
542 545 2.958039892 0.02224859546 0.5
542 546 2.5 0.015 0.5
542 547 2.5 0.015 0.5
543 545 2.958039892 0.02224859546 0.5
543 546 2.5 0.015 0.5
543 547 2.5 0.015 0.5
544 551 3.5 0.033 0.5
544 552 2.958039892 0.02224859546 0.5
544 553 2.958039892 0.02224859546 0.5
545 554 2.958039892 0.02224859546 0.5
545 555 2.958039892 0.02224859546 0.5
545 556 3.5 0.033 0.5
546 548 2.5 0.015 0.5
546 549 2.5 0.015 0.5
546 550 2.958039892 0.02224859546 0.5
547 548 2.5 0.015 0.5
547 549 2.5 0.015 0.5
547 550 2.958039892 0.02224859546 0.5
548 551 2.958039892 0.02224859546 0.5
548 552 2.5 0.015 0.5
548 553 2.5 0.015 0.5
549 551 2.958039892 0.02224859546 0.5
549 552 2.5 0.015 0.5
549 553 2.5 0.015 0.5
550 557 3.5 0.033 0.5
550 558 2.958039892 0.02224859546 0.5
550 559 2.958039892 0.02224859546 0.5
551 560 2.958039892 0.02224859546 0.5
551 561 2.958039892 0.02224859546 0.5
551 563 3.5 0.033 0.5
552 554 2.5 0.015 0.5
552 555 2.5 0.015 0.5
552 556 2.958039892 0.02224859546 0.5
553 554 2.5 0.015 0.5
553 555 2.5 0.015 0.5
553 556 2.958039892 0.02224859546 0.5
554 557 2.958039892 0.02224859546 0.5
554 558 2.5 0.015 0.5
554 559 2.5 0.015 0.5
555 557 2.958039892 0.02224859546 0.5
555 558 2.5 0.015 0.5
555 559 2.5 0.015 0.5
556 564 3.5 0.033 0.5
556 565 2.958039892 0.02224859546 0.5
556 566 2.958039892 0.02224859546 0.5
557 567 2.958039892 0.02224859546 0.5
557 568 2.958039892 0.02224859546 0.5
557 569 3.5 0.033 0.5
558 560 2.5 0.015 0.5
558 561 2.5 0.015 0.5
558 563 2.958039892 0.02224859546 0.5
559 560 2.5 0.015 0.5
559 561 2.5 0.015 0.5
559 563 2.958039892 0.02224859546 0.5
560 564 2.958039892 0.02224859546 0.5
560 565 2.5 0.015 0.5
560 566 2.5 0.015 0.5
561 564 2.958039892 0.02224859546 0.5
561 565 2.5 0.015 0.5
561 566 2.5 0.015 0.5
563 570 3.5 0.033 0.5
563 571 2.958039892 0.02224859546 0.5
563 572 2.958039892 0.02224859546 0.5
564 573 2.958039892 0.02224859546 0.5
564 574 2.958039892 0.02224859546 0.5
564 575 3.5 0.033 0.5
565 567 2.5 0.015 0.5
565 568 2.5 0.015 0.5
565 569 2.958039892 0.02224859546 0.5
566 567 2.5 0.015 0.5
566 568 2.5 0.015 0.5
566 569 2.958039892 0.02224859546 0.5
567 570 2.958039892 0.02224859546 0.5
567 571 2.5 0.015 0.5
567 572 2.5 0.015 0.5
568 570 2.958039892 0.02224859546 0.5
568 571 2.5 0.015 0.5
568 572 2.5 0.015 0.5
569 576 3.5 0.033 0.5
569 577 2.958039892 0.02224859546 0.5
569 578 2.958039892 0.02224859546 0.5
570 579 2.958039892 0.02224859546 0.5
570 580 2.958039892 0.02224859546 0.5
570 581 3.5 0.033 0.5
571 573 2.5 0.015 0.5
571 574 2.5 0.015 0.5
571 575 2.958039892 0.02224859546 0.5
572 573 2.5 0.015 0.5
572 574 2.5 0.015 0.5
572 575 2.958039892 0.02224859546 0.5
573 576 2.958039892 0.02224859546 0.5
573 577 2.5 0.015 0.5
573 578 2.5 0.015 0.5
574 576 2.958039892 0.02224859546 0.5
574 577 2.5 0.015 0.5
574 578 2.5 0.015 0.5
575 582 3.5 0.033 0.5
575 583 2.958039892 0.02224859546 0.5
575 584 2.958039892 0.02224859546 0.5
576 585 2.958039892 0.02224859546 0.5
576 586 2.958039892 0.02224859546 0.5
576 587 3.5 0.033 0.5
577 579 2.5 0.015 0.5
577 580 2.5 0.015 0.5
577 581 2.958039892 0.02224859546 0.5
578 579 2.5 0.015 0.5
578 580 2.5 0.015 0.5
578 581 2.958039892 0.02224859546 0.5
579 582 2.958039892 0.02224859546 0.5
579 583 2.5 0.015 0.5
579 584 2.5 0.015 0.5
580 582 2.958039892 0.02224859546 0.5
580 583 2.5 0.015 0.5
580 584 2.5 0.015 0.5
581 588 3.5 0.033 0.5
581 589 2.958039892 0.02224859546 0.5
581 590 2.958039892 0.02224859546 0.5
582 591 2.958039892 0.02224859546 0.5
582 592 2.958039892 0.02224859546 0.5
582 619 3.5 0.033 0.5
583 585 2.5 0.015 0.5
583 586 2.5 0.015 0.5
583 587 2.958039892 0.02224859546 0.5
584 585 2.5 0.015 0.5
584 586 2.5 0.015 0.5
584 587 2.958039892 0.02224859546 0.5
585 588 2.958039892 0.02224859546 0.5
585 589 2.5 0.015 0.5
585 590 2.5 0.015 0.5
586 588 2.958039892 0.02224859546 0.5
586 589 2.5 0.015 0.5
586 590 2.5 0.015 0.5
587 620 3.5 0.033 0.5
587 621 2.958039892 0.02224859546 0.5
587 622 2.958039892 0.02224859546 0.5
588 613 3.5 0.033 0.5
588 623 2.958039892 0.02224859546 0.5
588 624 2.958039892 0.02224859546 0.5
589 591 2.5 0.015 0.5
589 592 2.5 0.015 0.5
589 619 2.958039892 0.02224859546 0.5
590 591 2.5 0.015 0.5
590 592 2.5 0.015 0.5
590 619 2.958039892 0.02224859546 0.5
591 620 2.958039892 0.02224859546 0.5
591 621 2.5 0.015 0.5
591 622 2.5 0.015 0.5
592 620 2.958039892 0.02224859546 0.5
592 621 2.5 0.015 0.5
592 622 2.5 0.015 0.5
594 603 2.958039892 0.02224859546 0.5
594 604 2.958039892 0.02224859546 0.5
594 608 3.5 0.033 0.5
595 601 3.5 0.033 0.5
595 605 2.958039892 0.02224859546 0.5
595 606 2.958039892 0.02224859546 0.5
596 598 2.5 0.015 0.5
596 599 2.5 0.015 0.5
596 600 2.5 0.015 0.5
596 601 2.958039892 0.02224859546 0.5
596 605 2.5 0.015 0.5
596 606 2.5 0.015 0.5
597 598 2.5 0.015 0.5
597 599 2.5 0.015 0.5
597 600 2.5 0.015 0.5
597 601 2.958039892 0.02224859546 0.5
597 605 2.5 0.015 0.5
597 606 2.5 0.015 0.5
598 602 2.958039892 0.02224859546 0.5
599 602 2.958039892 0.02224859546 0.5
600 602 2.958039892 0.02224859546 0.5
601 609 2.958039892 0.02224859546 0.5
601 610 2.958039892 0.02224859546 0.5
601 614 3.5 0.033 0.5
602 607 3.5 0.033 0.5
602 611 2.958039892 0.02224859546 0.5
602 612 2.958039892 0.02224859546 0.5
603 605 2.5 0.015 0.5
603 606 2.5 0.015 0.5
603 607 2.958039892 0.02224859546 0.5
603 611 2.5 0.015 0.5
603 612 2.5 0.015 0.5
604 605 2.5 0.015 0.5
604 606 2.5 0.015 0.5
604 607 2.958039892 0.02224859546 0.5
604 611 2.5 0.015 0.5
604 612 2.5 0.015 0.5
605 608 2.958039892 0.02224859546 0.5
606 608 2.958039892 0.02224859546 0.5
607 615 2.958039892 0.02224859546 0.5
607 616 2.958039892 0.02224859546 0.5
607 620 3.5 0.033 0.5
608 613 3.5 0.033 0.5
608 617 2.958039892 0.02224859546 0.5
608 618 2.958039892 0.02224859546 0.5
609 611 2.5 0.015 0.5
609 612 2.5 0.015 0.5
609 613 2.958039892 0.02224859546 0.5
609 617 2.5 0.015 0.5
609 618 2.5 0.015 0.5
610 611 2.5 0.015 0.5
610 612 2.5 0.015 0.5
610 613 2.958039892 0.02224859546 0.5
610 617 2.5 0.015 0.5
610 618 2.5 0.015 0.5
611 614 2.958039892 0.02224859546 0.5
612 614 2.958039892 0.02224859546 0.5
613 621 2.958039892 0.02224859546 0.5
613 622 2.958039892 0.02224859546 0.5
614 619 3.5 0.033 0.5
614 623 2.958039892 0.02224859546 0.5
614 624 2.958039892 0.02224859546 0.5
615 617 2.5 0.015 0.5
615 618 2.5 0.015 0.5
615 619 2.958039892 0.02224859546 0.5
615 623 2.5 0.015 0.5
615 624 2.5 0.015 0.5
616 617 2.5 0.015 0.5
616 618 2.5 0.015 0.5
616 619 2.958039892 0.02224859546 0.5
616 623 2.5 0.015 0.5
616 624 2.5 0.015 0.5
617 620 2.958039892 0.02224859546 0.5
618 620 2.958039892 0.02224859546 0.5
621 623 2.5 0.015 0.5
621 624 2.5 0.015 0.5
622 623 2.5 0.015 0.5
622 624 2.5 0.015 0.5
626 637 2.958039892 0.02224859546 0.5
626 638 2.958039892 0.02224859546 0.5
626 639 3.5 0.033 0.5
627 634 3.5 0.033 0.5
627 635 2.958039892 0.02224859546 0.5
627 636 2.958039892 0.02224859546 0.5
628 630 2.5 0.015 0.5
628 631 2.5 0.015 0.5
628 632 2.5 0.015 0.5
628 634 2.958039892 0.02224859546 0.5
628 635 2.5 0.015 0.5
628 636 2.5 0.015 0.5
629 630 2.5 0.015 0.5
629 631 2.5 0.015 0.5
629 632 2.5 0.015 0.5
629 634 2.958039892 0.02224859546 0.5
629 635 2.5 0.015 0.5
629 636 2.5 0.015 0.5
630 633 2.958039892 0.02224859546 0.5
631 633 2.958039892 0.02224859546 0.5
632 633 2.958039892 0.02224859546 0.5
633 640 3.5 0.033 0.5
633 641 2.958039892 0.02224859546 0.5
633 642 2.958039892 0.02224859546 0.5
634 643 2.958039892 0.02224859546 0.5
634 644 2.958039892 0.02224859546 0.5
634 645 3.5 0.033 0.5
635 637 2.5 0.015 0.5
635 638 2.5 0.015 0.5
635 639 2.958039892 0.02224859546 0.5
636 637 2.5 0.015 0.5
636 638 2.5 0.015 0.5
636 639 2.958039892 0.02224859546 0.5
637 640 2.958039892 0.02224859546 0.5
637 641 2.5 0.015 0.5
637 642 2.5 0.015 0.5
638 640 2.958039892 0.02224859546 0.5
638 641 2.5 0.015 0.5
638 642 2.5 0.015 0.5
639 646 3.5 0.033 0.5
639 647 2.958039892 0.02224859546 0.5
639 648 2.958039892 0.02224859546 0.5
640 649 2.958039892 0.02224859546 0.5
640 650 2.958039892 0.02224859546 0.5
640 651 3.5 0.033 0.5
641 643 2.5 0.015 0.5
641 644 2.5 0.015 0.5
641 645 2.958039892 0.02224859546 0.5
642 643 2.5 0.015 0.5
642 644 2.5 0.015 0.5
642 645 2.958039892 0.02224859546 0.5
643 646 2.958039892 0.02224859546 0.5
643 647 2.5 0.015 0.5
643 648 2.5 0.015 0.5
644 646 2.958039892 0.02224859546 0.5
644 647 2.5 0.015 0.5
644 648 2.5 0.015 0.5
645 652 3.5 0.033 0.5
645 653 2.958039892 0.02224859546 0.5
645 654 2.958039892 0.02224859546 0.5
646 655 2.958039892 0.02224859546 0.5
646 656 2.958039892 0.02224859546 0.5
646 658 3.5 0.033 0.5
647 649 2.5 0.015 0.5
647 650 2.5 0.015 0.5
647 651 2.958039892 0.02224859546 0.5
648 649 2.5 0.015 0.5
648 650 2.5 0.015 0.5
648 651 2.958039892 0.02224859546 0.5
649 652 2.958039892 0.02224859546 0.5
649 653 2.5 0.015 0.5
649 654 2.5 0.015 0.5
650 652 2.958039892 0.02224859546 0.5
650 653 2.5 0.015 0.5
650 654 2.5 0.015 0.5
651 659 3.5 0.033 0.5
651 660 2.958039892 0.02224859546 0.5
651 661 2.958039892 0.02224859546 0.5
652 662 2.958039892 0.02224859546 0.5
652 663 2.958039892 0.02224859546 0.5
652 664 3.5 0.033 0.5
653 655 2.5 0.015 0.5
653 656 2.5 0.015 0.5
653 658 2.958039892 0.02224859546 0.5
654 655 2.5 0.015 0.5
654 656 2.5 0.015 0.5
654 658 2.958039892 0.02224859546 0.5
655 659 2.958039892 0.02224859546 0.5
655 660 2.5 0.015 0.5
655 661 2.5 0.015 0.5
656 659 2.958039892 0.02224859546 0.5
656 660 2.5 0.015 0.5
656 661 2.5 0.015 0.5
658 665 3.5 0.033 0.5
658 666 2.958039892 0.02224859546 0.5
658 667 2.958039892 0.02224859546 0.5
659 668 2.958039892 0.02224859546 0.5
659 669 2.958039892 0.02224859546 0.5
659 670 3.5 0.033 0.5
660 662 2.5 0.015 0.5
660 663 2.5 0.015 0.5
660 664 2.958039892 0.02224859546 0.5
661 662 2.5 0.015 0.5
661 663 2.5 0.015 0.5
661 664 2.958039892 0.02224859546 0.5
662 665 2.958039892 0.02224859546 0.5
662 666 2.5 0.015 0.5
662 667 2.5 0.015 0.5
663 665 2.958039892 0.02224859546 0.5
663 666 2.5 0.015 0.5
663 667 2.5 0.015 0.5
664 671 3.5 0.033 0.5
664 672 2.958039892 0.02224859546 0.5
664 673 2.958039892 0.02224859546 0.5
665 674 2.958039892 0.02224859546 0.5
665 675 2.958039892 0.02224859546 0.5
665 676 3.5 0.033 0.5
666 668 2.5 0.015 0.5
666 669 2.5 0.015 0.5
666 670 2.958039892 0.02224859546 0.5
667 668 2.5 0.015 0.5
667 669 2.5 0.015 0.5
667 670 2.958039892 0.02224859546 0.5
668 671 2.958039892 0.02224859546 0.5
668 672 2.5 0.015 0.5
668 673 2.5 0.015 0.5
669 671 2.958039892 0.02224859546 0.5
669 672 2.5 0.015 0.5
669 673 2.5 0.015 0.5
670 677 3.5 0.033 0.5
670 678 2.958039892 0.02224859546 0.5
670 679 2.958039892 0.02224859546 0.5
671 680 2.958039892 0.02224859546 0.5
671 681 2.958039892 0.02224859546 0.5
671 682 3.5 0.033 0.5
672 674 2.5 0.015 0.5
672 675 2.5 0.015 0.5
672 676 2.958039892 0.02224859546 0.5
673 674 2.5 0.015 0.5
673 675 2.5 0.015 0.5
673 676 2.958039892 0.02224859546 0.5
674 677 2.958039892 0.02224859546 0.5
674 678 2.5 0.015 0.5
674 679 2.5 0.015 0.5
675 677 2.958039892 0.02224859546 0.5
675 678 2.5 0.015 0.5
675 679 2.5 0.015 0.5
676 683 3.5 0.033 0.5
676 684 2.958039892 0.02224859546 0.5
676 685 2.958039892 0.02224859546 0.5
677 686 2.958039892 0.02224859546 0.5
677 687 2.958039892 0.02224859546 0.5
677 689 3.5 0.033 0.5
678 680 2.5 0.015 0.5
678 681 2.5 0.015 0.5
678 682 2.958039892 0.02224859546 0.5
679 680 2.5 0.015 0.5
679 681 2.5 0.015 0.5
679 682 2.958039892 0.02224859546 0.5
680 683 2.958039892 0.02224859546 0.5
680 684 2.5 0.015 0.5
680 685 2.5 0.015 0.5
681 683 2.958039892 0.02224859546 0.5
681 684 2.5 0.015 0.5
681 685 2.5 0.015 0.5
682 690 3.5 0.033 0.5
682 691 2.958039892 0.02224859546 0.5
682 692 2.958039892 0.02224859546 0.5
683 693 2.958039892 0.02224859546 0.5
683 694 2.958039892 0.02224859546 0.5
683 695 3.5 0.033 0.5
684 686 2.5 0.015 0.5
684 687 2.5 0.015 0.5
684 689 2.958039892 0.02224859546 0.5
685 686 2.5 0.015 0.5
685 687 2.5 0.015 0.5
685 689 2.958039892 0.02224859546 0.5
686 690 2.958039892 0.02224859546 0.5
686 691 2.5 0.015 0.5
686 692 2.5 0.015 0.5
687 690 2.958039892 0.02224859546 0.5
687 691 2.5 0.015 0.5
687 692 2.5 0.015 0.5
689 696 3.5 0.033 0.5
689 697 2.958039892 0.02224859546 0.5
689 698 2.958039892 0.02224859546 0.5
690 699 2.958039892 0.02224859546 0.5
690 700 2.958039892 0.02224859546 0.5
690 701 3.5 0.033 0.5
691 693 2.5 0.015 0.5
691 694 2.5 0.015 0.5
691 695 2.958039892 0.02224859546 0.5
692 693 2.5 0.015 0.5
692 694 2.5 0.015 0.5
692 695 2.958039892 0.02224859546 0.5
693 696 2.958039892 0.02224859546 0.5
693 697 2.5 0.015 0.5
693 698 2.5 0.015 0.5
694 696 2.958039892 0.02224859546 0.5
694 697 2.5 0.015 0.5
694 698 2.5 0.015 0.5
695 702 3.5 0.033 0.5
695 703 2.958039892 0.02224859546 0.5
695 704 2.958039892 0.02224859546 0.5
696 705 2.958039892 0.02224859546 0.5
696 706 2.958039892 0.02224859546 0.5
696 707 3.5 0.033 0.5
697 699 2.5 0.015 0.5
697 700 2.5 0.015 0.5
697 701 2.958039892 0.02224859546 0.5
698 699 2.5 0.015 0.5
698 700 2.5 0.015 0.5
698 701 2.958039892 0.02224859546 0.5
699 702 2.958039892 0.02224859546 0.5
699 703 2.5 0.015 0.5
699 704 2.5 0.015 0.5
700 702 2.958039892 0.02224859546 0.5
700 703 2.5 0.015 0.5
700 704 2.5 0.015 0.5
701 708 3.5 0.033 0.5
701 709 2.958039892 0.02224859546 0.5
701 710 2.958039892 0.02224859546 0.5
702 711 2.958039892 0.02224859546 0.5
702 712 2.958039892 0.02224859546 0.5
702 713 3.5 0.033 0.5
703 705 2.5 0.015 0.5
703 706 2.5 0.015 0.5
703 707 2.958039892 0.02224859546 0.5
704 705 2.5 0.015 0.5
704 706 2.5 0.015 0.5
704 707 2.958039892 0.02224859546 0.5
705 708 2.958039892 0.02224859546 0.5
705 709 2.5 0.015 0.5
705 710 2.5 0.015 0.5
706 708 2.958039892 0.02224859546 0.5
706 709 2.5 0.015 0.5
706 710 2.5 0.015 0.5
707 714 3.5 0.033 0.5
707 715 2.958039892 0.02224859546 0.5
707 716 2.958039892 0.02224859546 0.5
708 717 2.958039892 0.02224859546 0.5
708 718 2.958039892 0.02224859546 0.5
708 720 3.5 0.033 0.5
709 711 2.5 0.015 0.5
709 712 2.5 0.015 0.5
709 713 2.958039892 0.02224859546 0.5
710 711 2.5 0.015 0.5
710 712 2.5 0.015 0.5
710 713 2.958039892 0.02224859546 0.5
711 714 2.958039892 0.02224859546 0.5
711 715 2.5 0.015 0.5
711 716 2.5 0.015 0.5
712 714 2.958039892 0.02224859546 0.5
712 715 2.5 0.015 0.5
712 716 2.5 0.015 0.5
713 721 3.5 0.033 0.5
713 722 2.958039892 0.02224859546 0.5
713 723 2.958039892 0.02224859546 0.5
714 724 2.958039892 0.02224859546 0.5
714 725 2.958039892 0.02224859546 0.5
714 726 3.5 0.033 0.5
715 717 2.5 0.015 0.5
715 718 2.5 0.015 0.5
715 720 2.958039892 0.02224859546 0.5
716 717 2.5 0.015 0.5
716 718 2.5 0.015 0.5
716 720 2.958039892 0.02224859546 0.5
717 721 2.958039892 0.02224859546 0.5
717 722 2.5 0.015 0.5
717 723 2.5 0.015 0.5
718 721 2.958039892 0.02224859546 0.5
718 722 2.5 0.015 0.5
718 723 2.5 0.015 0.5
720 727 3.5 0.033 0.5
720 728 2.958039892 0.02224859546 0.5
720 729 2.958039892 0.02224859546 0.5
721 730 2.958039892 0.02224859546 0.5
721 731 2.958039892 0.02224859546 0.5
721 732 3.5 0.033 0.5
722 724 2.5 0.015 0.5
722 725 2.5 0.015 0.5
722 726 2.958039892 0.02224859546 0.5
723 724 2.5 0.015 0.5
723 725 2.5 0.015 0.5
723 726 2.958039892 0.02224859546 0.5
724 727 2.958039892 0.02224859546 0.5
724 728 2.5 0.015 0.5
724 729 2.5 0.015 0.5
725 727 2.958039892 0.02224859546 0.5
725 728 2.5 0.015 0.5
725 729 2.5 0.015 0.5
726 733 3.5 0.033 0.5
726 734 2.958039892 0.02224859546 0.5
726 735 2.958039892 0.02224859546 0.5
727 736 2.958039892 0.02224859546 0.5
727 737 2.958039892 0.02224859546 0.5
727 738 3.5 0.033 0.5
728 730 2.5 0.015 0.5
728 731 2.5 0.015 0.5
728 732 2.958039892 0.02224859546 0.5
729 730 2.5 0.015 0.5
729 731 2.5 0.015 0.5
729 732 2.958039892 0.02224859546 0.5
730 733 2.958039892 0.02224859546 0.5
730 734 2.5 0.015 0.5
730 735 2.5 0.015 0.5
731 733 2.958039892 0.02224859546 0.5
731 734 2.5 0.015 0.5
731 735 2.5 0.015 0.5
732 739 3.5 0.033 0.5
732 740 2.958039892 0.02224859546 0.5
732 741 2.958039892 0.02224859546 0.5
733 742 2.958039892 0.02224859546 0.5
733 743 2.958039892 0.02224859546 0.5
733 744 3.5 0.033 0.5
734 736 2.5 0.015 0.5
734 737 2.5 0.015 0.5
734 738 2.958039892 0.02224859546 0.5
735 736 2.5 0.015 0.5
735 737 2.5 0.015 0.5
735 738 2.958039892 0.02224859546 0.5
736 739 2.958039892 0.02224859546 0.5
736 740 2.5 0.015 0.5
736 741 2.5 0.015 0.5
737 739 2.958039892 0.02224859546 0.5
737 740 2.5 0.015 0.5
737 741 2.5 0.015 0.5
738 745 3.5 0.033 0.5
738 746 2.958039892 0.02224859546 0.5
738 747 2.958039892 0.02224859546 0.5
739 748 2.958039892 0.02224859546 0.5
739 749 2.958039892 0.02224859546 0.5
739 751 3.5 0.033 0.5
740 742 2.5 0.015 0.5
740 743 2.5 0.015 0.5
740 744 2.958039892 0.02224859546 0.5
741 742 2.5 0.015 0.5
741 743 2.5 0.015 0.5
741 744 2.958039892 0.02224859546 0.5
742 745 2.958039892 0.02224859546 0.5
742 746 2.5 0.015 0.5
742 747 2.5 0.015 0.5
743 745 2.958039892 0.02224859546 0.5
743 746 2.5 0.015 0.5
743 747 2.5 0.015 0.5
744 752 3.5 0.033 0.5
744 753 2.958039892 0.02224859546 0.5
744 754 2.958039892 0.02224859546 0.5
745 755 2.958039892 0.02224859546 0.5
745 756 2.958039892 0.02224859546 0.5
745 757 3.5 0.033 0.5
746 748 2.5 0.015 0.5
746 749 2.5 0.015 0.5
746 751 2.958039892 0.02224859546 0.5
747 748 2.5 0.015 0.5
747 749 2.5 0.015 0.5
747 751 2.958039892 0.02224859546 0.5
748 752 2.958039892 0.02224859546 0.5
748 753 2.5 0.015 0.5
748 754 2.5 0.015 0.5
749 752 2.958039892 0.02224859546 0.5
749 753 2.5 0.015 0.5
749 754 2.5 0.015 0.5
751 758 3.5 0.033 0.5
751 759 2.958039892 0.02224859546 0.5
751 760 2.958039892 0.02224859546 0.5
752 761 2.958039892 0.02224859546 0.5
752 762 2.958039892 0.02224859546 0.5
752 763 3.5 0.033 0.5
753 755 2.5 0.015 0.5
753 756 2.5 0.015 0.5
753 757 2.958039892 0.02224859546 0.5
754 755 2.5 0.015 0.5
754 756 2.5 0.015 0.5
754 757 2.958039892 0.02224859546 0.5
755 758 2.958039892 0.02224859546 0.5
755 759 2.5 0.015 0.5
755 760 2.5 0.015 0.5
756 758 2.958039892 0.02224859546 0.5
756 759 2.5 0.015 0.5
756 760 2.5 0.015 0.5
757 764 3.5 0.033 0.5
757 765 2.958039892 0.02224859546 0.5
757 766 2.958039892 0.02224859546 0.5
758 767 2.958039892 0.02224859546 0.5
758 768 2.958039892 0.02224859546 0.5
758 769 3.5 0.033 0.5
759 761 2.5 0.015 0.5
759 762 2.5 0.015 0.5
759 763 2.958039892 0.02224859546 0.5
760 761 2.5 0.015 0.5
760 762 2.5 0.015 0.5
760 763 2.958039892 0.02224859546 0.5
761 764 2.958039892 0.02224859546 0.5
761 765 2.5 0.015 0.5
761 766 2.5 0.015 0.5
762 764 2.958039892 0.02224859546 0.5
762 765 2.5 0.015 0.5
762 766 2.5 0.015 0.5
763 770 3.5 0.033 0.5
763 771 2.958039892 0.02224859546 0.5
763 772 2.958039892 0.02224859546 0.5
764 773 2.958039892 0.02224859546 0.5
764 774 2.958039892 0.02224859546 0.5
764 775 3.5 0.033 0.5
765 767 2.5 0.015 0.5
765 768 2.5 0.015 0.5
765 769 2.958039892 0.02224859546 0.5
766 767 2.5 0.015 0.5
766 768 2.5 0.015 0.5
766 769 2.958039892 0.02224859546 0.5
767 770 2.958039892 0.02224859546 0.5
767 771 2.5 0.015 0.5
767 772 2.5 0.015 0.5
768 770 2.958039892 0.02224859546 0.5
768 771 2.5 0.015 0.5
768 772 2.5 0.015 0.5
769 776 3.5 0.033 0.5
769 777 2.958039892 0.02224859546 0.5
769 778 2.958039892 0.02224859546 0.5
770 779 2.958039892 0.02224859546 0.5
770 780 2.958039892 0.02224859546 0.5
770 782 3.5 0.033 0.5
771 773 2.5 0.015 0.5
771 774 2.5 0.015 0.5
771 775 2.958039892 0.02224859546 0.5
772 773 2.5 0.015 0.5
772 774 2.5 0.015 0.5
772 775 2.958039892 0.02224859546 0.5
773 776 2.958039892 0.02224859546 0.5
773 777 2.5 0.015 0.5
773 778 2.5 0.015 0.5
774 776 2.958039892 0.02224859546 0.5
774 777 2.5 0.015 0.5
774 778 2.5 0.015 0.5
775 783 3.5 0.033 0.5
775 784 2.958039892 0.02224859546 0.5
775 785 2.958039892 0.02224859546 0.5
776 786 2.958039892 0.02224859546 0.5
776 787 2.958039892 0.02224859546 0.5
776 788 3.5 0.033 0.5
777 779 2.5 0.015 0.5
777 780 2.5 0.015 0.5
777 782 2.958039892 0.02224859546 0.5
778 779 2.5 0.015 0.5
778 780 2.5 0.015 0.5
778 782 2.958039892 0.02224859546 0.5
779 783 2.958039892 0.02224859546 0.5
779 784 2.5 0.015 0.5
779 785 2.5 0.015 0.5
780 783 2.958039892 0.02224859546 0.5
780 784 2.5 0.015 0.5
780 785 2.5 0.015 0.5
782 789 3.5 0.033 0.5
782 790 2.958039892 0.02224859546 0.5
782 791 2.958039892 0.02224859546 0.5
783 792 2.958039892 0.02224859546 0.5
783 793 2.958039892 0.02224859546 0.5
783 794 3.5 0.033 0.5
784 786 2.5 0.015 0.5
784 787 2.5 0.015 0.5
784 788 2.958039892 0.02224859546 0.5
785 786 2.5 0.015 0.5
785 787 2.5 0.015 0.5
785 788 2.958039892 0.02224859546 0.5
786 789 2.958039892 0.02224859546 0.5
786 790 2.5 0.015 0.5
786 791 2.5 0.015 0.5
787 789 2.958039892 0.02224859546 0.5
787 790 2.5 0.015 0.5
787 791 2.5 0.015 0.5
788 795 3.5 0.033 0.5
788 796 2.958039892 0.02224859546 0.5
788 797 2.958039892 0.02224859546 0.5
789 798 2.958039892 0.02224859546 0.5
789 799 2.958039892 0.02224859546 0.5
789 800 3.5 0.033 0.5
790 792 2.5 0.015 0.5
790 793 2.5 0.015 0.5
790 794 2.958039892 0.02224859546 0.5
791 792 2.5 0.015 0.5
791 793 2.5 0.015 0.5
791 794 2.958039892 0.02224859546 0.5
792 795 2.958039892 0.02224859546 0.5
792 796 2.5 0.015 0.5
792 797 2.5 0.015 0.5
793 795 2.958039892 0.02224859546 0.5
793 796 2.5 0.015 0.5
793 797 2.5 0.015 0.5
794 801 3.5 0.033 0.5
794 802 2.958039892 0.02224859546 0.5
794 803 2.958039892 0.02224859546 0.5
795 804 2.958039892 0.02224859546 0.5
795 805 2.958039892 0.02224859546 0.5
795 806 3.5 0.033 0.5
796 798 2.5 0.015 0.5
796 799 2.5 0.015 0.5
796 800 2.958039892 0.02224859546 0.5
797 798 2.5 0.015 0.5
797 799 2.5 0.015 0.5
797 800 2.958039892 0.02224859546 0.5
798 801 2.958039892 0.02224859546 0.5
798 802 2.5 0.015 0.5
798 803 2.5 0.015 0.5
799 801 2.958039892 0.02224859546 0.5
799 802 2.5 0.015 0.5
799 803 2.5 0.015 0.5
800 807 3.5 0.033 0.5
800 808 2.958039892 0.02224859546 0.5
800 809 2.958039892 0.02224859546 0.5
801 810 2.958039892 0.02224859546 0.5
801 811 2.958039892 0.02224859546 0.5
801 813 3.5 0.033 0.5
802 804 2.5 0.015 0.5
802 805 2.5 0.015 0.5
802 806 2.958039892 0.02224859546 0.5
803 804 2.5 0.015 0.5
803 805 2.5 0.015 0.5
803 806 2.958039892 0.02224859546 0.5
804 807 2.958039892 0.02224859546 0.5
804 808 2.5 0.015 0.5
804 809 2.5 0.015 0.5
805 807 2.958039892 0.02224859546 0.5
805 808 2.5 0.015 0.5
805 809 2.5 0.015 0.5
806 814 3.5 0.033 0.5
806 815 2.958039892 0.02224859546 0.5
806 816 2.958039892 0.02224859546 0.5
807 817 2.958039892 0.02224859546 0.5
807 818 2.958039892 0.02224859546 0.5
807 819 3.5 0.033 0.5
808 810 2.5 0.015 0.5
808 811 2.5 0.015 0.5
808 813 2.958039892 0.02224859546 0.5
809 810 2.5 0.015 0.5
809 811 2.5 0.015 0.5
809 813 2.958039892 0.02224859546 0.5
810 814 2.958039892 0.02224859546 0.5
810 815 2.5 0.015 0.5
810 816 2.5 0.015 0.5
811 814 2.958039892 0.02224859546 0.5
811 815 2.5 0.015 0.5
811 816 2.5 0.015 0.5
813 820 3.5 0.033 0.5
813 821 2.958039892 0.02224859546 0.5
813 822 2.958039892 0.02224859546 0.5
814 823 2.958039892 0.02224859546 0.5
814 824 2.958039892 0.02224859546 0.5
814 825 3.5 0.033 0.5
815 817 2.5 0.015 0.5
815 818 2.5 0.015 0.5
815 819 2.958039892 0.02224859546 0.5
816 817 2.5 0.015 0.5
816 818 2.5 0.015 0.5
816 819 2.958039892 0.02224859546 0.5
817 820 2.958039892 0.02224859546 0.5
817 821 2.5 0.015 0.5
817 822 2.5 0.015 0.5
818 820 2.958039892 0.02224859546 0.5
818 821 2.5 0.015 0.5
818 822 2.5 0.015 0.5
819 826 3.5 0.033 0.5
819 827 2.958039892 0.02224859546 0.5
819 828 2.958039892 0.02224859546 0.5
820 829 2.958039892 0.02224859546 0.5
820 830 2.958039892 0.02224859546 0.5
820 831 3.5 0.033 0.5
821 823 2.5 0.015 0.5
821 824 2.5 0.015 0.5
821 825 2.958039892 0.02224859546 0.5
822 823 2.5 0.015 0.5
822 824 2.5 0.015 0.5
822 825 2.958039892 0.02224859546 0.5
823 826 2.958039892 0.02224859546 0.5
823 827 2.5 0.015 0.5
823 828 2.5 0.015 0.5
824 826 2.958039892 0.02224859546 0.5
824 827 2.5 0.015 0.5
824 828 2.5 0.015 0.5
825 832 3.5 0.033 0.5
825 833 2.958039892 0.02224859546 0.5
825 834 2.958039892 0.02224859546 0.5
826 835 2.958039892 0.02224859546 0.5
826 836 2.958039892 0.02224859546 0.5
826 837 3.5 0.033 0.5
827 829 2.5 0.015 0.5
827 830 2.5 0.015 0.5
827 831 2.958039892 0.02224859546 0.5
828 829 2.5 0.015 0.5
828 830 2.5 0.015 0.5
828 831 2.958039892 0.02224859546 0.5
829 832 2.958039892 0.02224859546 0.5
829 833 2.5 0.015 0.5
829 834 2.5 0.015 0.5
830 832 2.958039892 0.02224859546 0.5
830 833 2.5 0.015 0.5
830 834 2.5 0.015 0.5
831 838 3.5 0.033 0.5
831 839 2.958039892 0.02224859546 0.5
831 840 2.958039892 0.02224859546 0.5
832 841 2.958039892 0.02224859546 0.5
832 842 2.958039892 0.02224859546 0.5
832 844 3.5 0.033 0.5
833 835 2.5 0.015 0.5
833 836 2.5 0.015 0.5
833 837 2.958039892 0.02224859546 0.5
834 835 2.5 0.015 0.5
834 836 2.5 0.015 0.5
834 837 2.958039892 0.02224859546 0.5
835 838 2.958039892 0.02224859546 0.5
835 839 2.5 0.015 0.5
835 840 2.5 0.015 0.5
836 838 2.958039892 0.02224859546 0.5
836 839 2.5 0.015 0.5
836 840 2.5 0.015 0.5
837 845 3.5 0.033 0.5
837 846 2.958039892 0.02224859546 0.5
837 847 2.958039892 0.02224859546 0.5
838 848 2.958039892 0.02224859546 0.5
838 849 2.958039892 0.02224859546 0.5
838 850 3.5 0.033 0.5
839 841 2.5 0.015 0.5
839 842 2.5 0.015 0.5
839 844 2.958039892 0.02224859546 0.5
840 841 2.5 0.015 0.5
840 842 2.5 0.015 0.5
840 844 2.958039892 0.02224859546 0.5
841 845 2.958039892 0.02224859546 0.5
841 846 2.5 0.015 0.5
841 847 2.5 0.015 0.5
842 845 2.958039892 0.02224859546 0.5
842 846 2.5 0.015 0.5
842 847 2.5 0.015 0.5
844 851 3.5 0.033 0.5
844 852 2.958039892 0.02224859546 0.5
844 853 2.958039892 0.02224859546 0.5
845 854 2.958039892 0.02224859546 0.5
845 855 2.958039892 0.02224859546 0.5
845 856 3.5 0.033 0.5
846 848 2.5 0.015 0.5
846 849 2.5 0.015 0.5
846 850 2.958039892 0.02224859546 0.5
847 848 2.5 0.015 0.5
847 849 2.5 0.015 0.5
847 850 2.958039892 0.02224859546 0.5
848 851 2.958039892 0.02224859546 0.5
848 852 2.5 0.015 0.5
848 853 2.5 0.015 0.5
849 851 2.958039892 0.02224859546 0.5
849 852 2.5 0.015 0.5
849 853 2.5 0.015 0.5
850 857 3.5 0.033 0.5
850 858 2.958039892 0.02224859546 0.5
850 859 2.958039892 0.02224859546 0.5
851 860 2.958039892 0.02224859546 0.5
851 861 2.958039892 0.02224859546 0.5
851 862 3.5 0.033 0.5
852 854 2.5 0.015 0.5
852 855 2.5 0.015 0.5
852 856 2.958039892 0.02224859546 0.5
853 854 2.5 0.015 0.5
853 855 2.5 0.015 0.5
853 856 2.958039892 0.02224859546 0.5
854 857 2.958039892 0.02224859546 0.5
854 858 2.5 0.015 0.5
854 859 2.5 0.015 0.5
855 857 2.958039892 0.02224859546 0.5
855 858 2.5 0.015 0.5
855 859 2.5 0.015 0.5
856 863 3.5 0.033 0.5
856 864 2.958039892 0.02224859546 0.5
856 865 2.958039892 0.02224859546 0.5
857 866 2.958039892 0.02224859546 0.5
857 867 2.958039892 0.02224859546 0.5
857 868 3.5 0.033 0.5
858 860 2.5 0.015 0.5
858 861 2.5 0.015 0.5
858 862 2.958039892 0.02224859546 0.5
859 860 2.5 0.015 0.5
859 861 2.5 0.015 0.5
859 862 2.958039892 0.02224859546 0.5
860 863 2.958039892 0.02224859546 0.5
860 864 2.5 0.015 0.5
860 865 2.5 0.015 0.5
861 863 2.958039892 0.02224859546 0.5
861 864 2.5 0.015 0.5
861 865 2.5 0.015 0.5
862 869 3.5 0.033 0.5
862 870 2.958039892 0.02224859546 0.5
862 871 2.958039892 0.02224859546 0.5
863 872 2.958039892 0.02224859546 0.5
863 873 2.958039892 0.02224859546 0.5
863 875 3.5 0.033 0.5
864 866 2.5 0.015 0.5
864 867 2.5 0.015 0.5
864 868 2.958039892 0.02224859546 0.5
865 866 2.5 0.015 0.5
865 867 2.5 0.015 0.5
865 868 2.958039892 0.02224859546 0.5
866 869 2.958039892 0.02224859546 0.5
866 870 2.5 0.015 0.5
866 871 2.5 0.015 0.5
867 869 2.958039892 0.02224859546 0.5
867 870 2.5 0.015 0.5
867 871 2.5 0.015 0.5
868 876 3.5 0.033 0.5
868 877 2.958039892 0.02224859546 0.5
868 878 2.958039892 0.02224859546 0.5
869 879 2.958039892 0.02224859546 0.5
869 880 2.958039892 0.02224859546 0.5
869 881 3.5 0.033 0.5
870 872 2.5 0.015 0.5
870 873 2.5 0.015 0.5
870 875 2.958039892 0.02224859546 0.5
871 872 2.5 0.015 0.5
871 873 2.5 0.015 0.5
871 875 2.958039892 0.02224859546 0.5
872 876 2.958039892 0.02224859546 0.5
872 877 2.5 0.015 0.5
872 878 2.5 0.015 0.5
873 876 2.958039892 0.02224859546 0.5
873 877 2.5 0.015 0.5
873 878 2.5 0.015 0.5
875 882 3.5 0.033 0.5
875 883 2.958039892 0.02224859546 0.5
875 884 2.958039892 0.02224859546 0.5
876 885 2.958039892 0.02224859546 0.5
876 886 2.958039892 0.02224859546 0.5
876 887 3.5 0.033 0.5
877 879 2.5 0.015 0.5
877 880 2.5 0.015 0.5
877 881 2.958039892 0.02224859546 0.5
878 879 2.5 0.015 0.5
878 880 2.5 0.015 0.5
878 881 2.958039892 0.02224859546 0.5
879 882 2.958039892 0.02224859546 0.5
879 883 2.5 0.015 0.5
879 884 2.5 0.015 0.5
880 882 2.958039892 0.02224859546 0.5
880 883 2.5 0.015 0.5
880 884 2.5 0.015 0.5
881 888 3.5 0.033 0.5
881 889 2.958039892 0.02224859546 0.5
881 890 2.958039892 0.02224859546 0.5
882 891 2.958039892 0.02224859546 0.5
882 892 2.958039892 0.02224859546 0.5
882 893 3.5 0.033 0.5
883 885 2.5 0.015 0.5
883 886 2.5 0.015 0.5
883 887 2.958039892 0.02224859546 0.5
884 885 2.5 0.015 0.5
884 886 2.5 0.015 0.5
884 887 2.958039892 0.02224859546 0.5
885 888 2.958039892 0.02224859546 0.5
885 889 2.5 0.015 0.5
885 890 2.5 0.015 0.5
886 888 2.958039892 0.02224859546 0.5
886 889 2.5 0.015 0.5
886 890 2.5 0.015 0.5
887 894 3.5 0.033 0.5
887 895 2.958039892 0.02224859546 0.5
887 896 2.958039892 0.02224859546 0.5
888 897 2.958039892 0.02224859546 0.5
888 898 2.958039892 0.02224859546 0.5
888 899 3.5 0.033 0.5
889 891 2.5 0.015 0.5
889 892 2.5 0.015 0.5
889 893 2.958039892 0.02224859546 0.5
890 891 2.5 0.015 0.5
890 892 2.5 0.015 0.5
890 893 2.958039892 0.02224859546 0.5
891 894 2.958039892 0.02224859546 0.5
891 895 2.5 0.015 0.5
891 896 2.5 0.015 0.5
892 894 2.958039892 0.02224859546 0.5
892 895 2.5 0.015 0.5
892 896 2.5 0.015 0.5
893 900 3.5 0.033 0.5
893 901 2.958039892 0.02224859546 0.5
893 902 2.958039892 0.02224859546 0.5
894 903 2.958039892 0.02224859546 0.5
894 904 2.958039892 0.02224859546 0.5
894 931 3.5 0.033 0.5
895 897 2.5 0.015 0.5
895 898 2.5 0.015 0.5
895 899 2.958039892 0.02224859546 0.5
896 897 2.5 0.015 0.5
896 898 2.5 0.015 0.5
896 899 2.958039892 0.02224859546 0.5
897 900 2.958039892 0.02224859546 0.5
897 901 2.5 0.015 0.5
897 902 2.5 0.015 0.5
898 900 2.958039892 0.02224859546 0.5
898 901 2.5 0.015 0.5
898 902 2.5 0.015 0.5
899 932 3.5 0.033 0.5
899 933 2.958039892 0.02224859546 0.5
899 934 2.958039892 0.02224859546 0.5
900 925 3.5 0.033 0.5
900 935 2.958039892 0.02224859546 0.5
900 936 2.958039892 0.02224859546 0.5
901 903 2.5 0.015 0.5
901 904 2.5 0.015 0.5
901 931 2.958039892 0.02224859546 0.5
902 903 2.5 0.015 0.5
902 904 2.5 0.015 0.5
902 931 2.958039892 0.02224859546 0.5
903 932 2.958039892 0.02224859546 0.5
903 933 2.5 0.015 0.5
903 934 2.5 0.015 0.5
904 932 2.958039892 0.02224859546 0.5
904 933 2.5 0.015 0.5
904 934 2.5 0.015 0.5
906 915 2.958039892 0.02224859546 0.5
906 916 2.958039892 0.02224859546 0.5
906 920 3.5 0.033 0.5
907 913 3.5 0.033 0.5
907 917 2.958039892 0.02224859546 0.5
907 918 2.958039892 0.02224859546 0.5
908 910 2.5 0.015 0.5
908 911 2.5 0.015 0.5
908 912 2.5 0.015 0.5
908 913 2.958039892 0.02224859546 0.5
908 917 2.5 0.015 0.5
908 918 2.5 0.015 0.5
909 910 2.5 0.015 0.5
909 911 2.5 0.015 0.5
909 912 2.5 0.015 0.5
909 913 2.958039892 0.02224859546 0.5
909 917 2.5 0.015 0.5
909 918 2.5 0.015 0.5
910 914 2.958039892 0.02224859546 0.5
911 914 2.958039892 0.02224859546 0.5
912 914 2.958039892 0.02224859546 0.5
913 921 2.958039892 0.02224859546 0.5
913 922 2.958039892 0.02224859546 0.5
913 926 3.5 0.033 0.5
914 919 3.5 0.033 0.5
914 923 2.958039892 0.02224859546 0.5
914 924 2.958039892 0.02224859546 0.5
915 917 2.5 0.015 0.5
915 918 2.5 0.015 0.5
915 919 2.958039892 0.02224859546 0.5
915 923 2.5 0.015 0.5
915 924 2.5 0.015 0.5
916 917 2.5 0.015 0.5
916 918 2.5 0.015 0.5
916 919 2.958039892 0.02224859546 0.5
916 923 2.5 0.015 0.5
916 924 2.5 0.015 0.5
917 920 2.958039892 0.02224859546 0.5
918 920 2.958039892 0.02224859546 0.5
919 927 2.958039892 0.02224859546 0.5
919 928 2.958039892 0.02224859546 0.5
919 932 3.5 0.033 0.5
920 925 3.5 0.033 0.5
920 929 2.958039892 0.02224859546 0.5
920 930 2.958039892 0.02224859546 0.5
921 923 2.5 0.015 0.5
921 924 2.5 0.015 0.5
921 925 2.958039892 0.02224859546 0.5
921 929 2.5 0.015 0.5
921 930 2.5 0.015 0.5
922 923 2.5 0.015 0.5
922 924 2.5 0.015 0.5
922 925 2.958039892 0.02224859546 0.5
922 929 2.5 0.015 0.5
922 930 2.5 0.015 0.5
923 926 2.958039892 0.02224859546 0.5
924 926 2.958039892 0.02224859546 0.5
925 933 2.958039892 0.02224859546 0.5
925 934 2.958039892 0.02224859546 0.5
926 931 3.5 0.033 0.5
926 935 2.958039892 0.02224859546 0.5
926 936 2.958039892 0.02224859546 0.5
927 929 2.5 0.015 0.5
927 930 2.5 0.015 0.5
927 931 2.958039892 0.02224859546 0.5
927 935 2.5 0.015 0.5
927 936 2.5 0.015 0.5
928 929 2.5 0.015 0.5
928 930 2.5 0.015 0.5
928 931 2.958039892 0.02224859546 0.5
928 935 2.5 0.015 0.5
928 936 2.5 0.015 0.5
929 932 2.958039892 0.02224859546 0.5
930 932 2.958039892 0.02224859546 0.5
933 935 2.5 0.015 0.5
933 936 2.5 0.015 0.5
934 935 2.5 0.015 0.5
934 936 2.5 0.015 0.5
938 949 2.958039892 0.02224859546 0.5
938 950 2.958039892 0.02224859546 0.5
938 951 3.5 0.033 0.5
939 946 3.5 0.033 0.5
939 947 2.958039892 0.02224859546 0.5
939 948 2.958039892 0.02224859546 0.5
940 942 2.5 0.015 0.5
940 943 2.5 0.015 0.5
940 944 2.5 0.015 0.5
940 946 2.958039892 0.02224859546 0.5
940 947 2.5 0.015 0.5
940 948 2.5 0.015 0.5
941 942 2.5 0.015 0.5
941 943 2.5 0.015 0.5
941 944 2.5 0.015 0.5
941 946 2.958039892 0.02224859546 0.5
941 947 2.5 0.015 0.5
941 948 2.5 0.015 0.5
942 945 2.958039892 0.02224859546 0.5
943 945 2.958039892 0.02224859546 0.5
944 945 2.958039892 0.02224859546 0.5
945 952 3.5 0.033 0.5
945 953 2.958039892 0.02224859546 0.5
945 954 2.958039892 0.02224859546 0.5
946 955 2.958039892 0.02224859546 0.5
946 956 2.958039892 0.02224859546 0.5
946 957 3.5 0.033 0.5
947 949 2.5 0.015 0.5
947 950 2.5 0.015 0.5
947 951 2.958039892 0.02224859546 0.5
948 949 2.5 0.015 0.5
948 950 2.5 0.015 0.5
948 951 2.958039892 0.02224859546 0.5
949 952 2.958039892 0.02224859546 0.5
949 953 2.5 0.015 0.5
949 954 2.5 0.015 0.5
950 952 2.958039892 0.02224859546 0.5
950 953 2.5 0.015 0.5
950 954 2.5 0.015 0.5
951 958 3.5 0.033 0.5
951 959 2.958039892 0.02224859546 0.5
951 960 2.958039892 0.02224859546 0.5
952 961 2.958039892 0.02224859546 0.5
952 962 2.958039892 0.02224859546 0.5
952 963 3.5 0.033 0.5
953 955 2.5 0.015 0.5
953 956 2.5 0.015 0.5
953 957 2.958039892 0.02224859546 0.5
954 955 2.5 0.015 0.5
954 956 2.5 0.015 0.5
954 957 2.958039892 0.02224859546 0.5
955 958 2.958039892 0.02224859546 0.5
955 959 2.5 0.015 0.5
955 960 2.5 0.015 0.5
956 958 2.958039892 0.02224859546 0.5
956 959 2.5 0.015 0.5
956 960 2.5 0.015 0.5
957 964 3.5 0.033 0.5
957 965 2.958039892 0.02224859546 0.5
957 966 2.958039892 0.02224859546 0.5
958 967 2.958039892 0.02224859546 0.5
958 968 2.958039892 0.02224859546 0.5
958 970 3.5 0.033 0.5
959 961 2.5 0.015 0.5
959 962 2.5 0.015 0.5
959 963 2.958039892 0.02224859546 0.5
960 961 2.5 0.015 0.5
960 962 2.5 0.015 0.5
960 963 2.958039892 0.02224859546 0.5
961 964 2.958039892 0.02224859546 0.5
961 965 2.5 0.015 0.5
961 966 2.5 0.015 0.5
962 964 2.958039892 0.02224859546 0.5
962 965 2.5 0.015 0.5
962 966 2.5 0.015 0.5
963 971 3.5 0.033 0.5
963 972 2.958039892 0.02224859546 0.5
963 973 2.958039892 0.02224859546 0.5
964 974 2.958039892 0.02224859546 0.5
964 975 2.958039892 0.02224859546 0.5
964 976 3.5 0.033 0.5
965 967 2.5 0.015 0.5
965 968 2.5 0.015 0.5
965 970 2.958039892 0.02224859546 0.5
966 967 2.5 0.015 0.5
966 968 2.5 0.015 0.5
966 970 2.958039892 0.02224859546 0.5
967 971 2.958039892 0.02224859546 0.5
967 972 2.5 0.015 0.5
967 973 2.5 0.015 0.5
968 971 2.958039892 0.02224859546 0.5
968 972 2.5 0.015 0.5
968 973 2.5 0.015 0.5
970 977 3.5 0.033 0.5
970 978 2.958039892 0.02224859546 0.5
970 979 2.958039892 0.02224859546 0.5
971 980 2.958039892 0.02224859546 0.5
971 981 2.958039892 0.02224859546 0.5
971 982 3.5 0.033 0.5
972 974 2.5 0.015 0.5
972 975 2.5 0.015 0.5
972 976 2.958039892 0.02224859546 0.5
973 974 2.5 0.015 0.5
973 975 2.5 0.015 0.5
973 976 2.958039892 0.02224859546 0.5
974 977 2.958039892 0.02224859546 0.5
974 978 2.5 0.015 0.5
974 979 2.5 0.015 0.5
975 977 2.958039892 0.02224859546 0.5
975 978 2.5 0.015 0.5
975 979 2.5 0.015 0.5
976 983 3.5 0.033 0.5
976 984 2.958039892 0.02224859546 0.5
976 985 2.958039892 0.02224859546 0.5
977 986 2.958039892 0.02224859546 0.5
977 987 2.958039892 0.02224859546 0.5
977 988 3.5 0.033 0.5
978 980 2.5 0.015 0.5
978 981 2.5 0.015 0.5
978 982 2.958039892 0.02224859546 0.5
979 980 2.5 0.015 0.5
979 981 2.5 0.015 0.5
979 982 2.958039892 0.02224859546 0.5
980 983 2.958039892 0.02224859546 0.5
980 984 2.5 0.015 0.5
980 985 2.5 0.015 0.5
981 983 2.958039892 0.02224859546 0.5
981 984 2.5 0.015 0.5
981 985 2.5 0.015 0.5
982 989 3.5 0.033 0.5
982 990 2.958039892 0.02224859546 0.5
982 991 2.958039892 0.02224859546 0.5
983 992 2.958039892 0.02224859546 0.5
983 993 2.958039892 0.02224859546 0.5
983 994 3.5 0.033 0.5
984 986 2.5 0.015 0.5
984 987 2.5 0.015 0.5
984 988 2.958039892 0.02224859546 0.5
985 986 2.5 0.015 0.5
985 987 2.5 0.015 0.5
985 988 2.958039892 0.02224859546 0.5
986 989 2.958039892 0.02224859546 0.5
986 990 2.5 0.015 0.5
986 991 2.5 0.015 0.5
987 989 2.958039892 0.02224859546 0.5
987 990 2.5 0.015 0.5
987 991 2.5 0.015 0.5
988 995 3.5 0.033 0.5
988 996 2.958039892 0.02224859546 0.5
988 997 2.958039892 0.02224859546 0.5
989 998 2.958039892 0.02224859546 0.5
989 999 2.958039892 0.02224859546 0.5
989 1001 3.5 0.033 0.5
990 992 2.5 0.015 0.5
990 993 2.5 0.015 0.5
990 994 2.958039892 0.02224859546 0.5
991 992 2.5 0.015 0.5
991 993 2.5 0.015 0.5
991 994 2.958039892 0.02224859546 0.5
992 995 2.958039892 0.02224859546 0.5
992 996 2.5 0.015 0.5
992 997 2.5 0.015 0.5
993 995 2.958039892 0.02224859546 0.5
993 996 2.5 0.015 0.5
993 997 2.5 0.015 0.5
994 1002 3.5 0.033 0.5
994 1003 2.958039892 0.02224859546 0.5
994 1004 2.958039892 0.02224859546 0.5
995 1005 2.958039892 0.02224859546 0.5
995 1006 2.958039892 0.02224859546 0.5
995 1007 3.5 0.033 0.5
996 998 2.5 0.015 0.5
996 999 2.5 0.015 0.5
996 1001 2.958039892 0.02224859546 0.5
997 998 2.5 0.015 0.5
997 999 2.5 0.015 0.5
997 1001 2.958039892 0.02224859546 0.5
998 1002 2.958039892 0.02224859546 0.5
998 1003 2.5 0.015 0.5
998 1004 2.5 0.015 0.5
999 1002 2.958039892 0.02224859546 0.5
999 1003 2.5 0.015 0.5
999 1004 2.5 0.015 0.5
1001 1008 3.5 0.033 0.5
1001 1009 2.958039892 0.02224859546 0.5
1001 1010 2.958039892 0.02224859546 0.5
1002 1011 2.958039892 0.02224859546 0.5
1002 1012 2.958039892 0.02224859546 0.5
1002 1013 3.5 0.033 0.5
1003 1005 2.5 0.015 0.5
1003 1006 2.5 0.015 0.5
1003 1007 2.958039892 0.02224859546 0.5
1004 1005 2.5 0.015 0.5
1004 1006 2.5 0.015 0.5
1004 1007 2.958039892 0.02224859546 0.5
1005 1008 2.958039892 0.02224859546 0.5
1005 1009 2.5 0.015 0.5
1005 1010 2.5 0.015 0.5
1006 1008 2.958039892 0.02224859546 0.5
1006 1009 2.5 0.015 0.5
1006 1010 2.5 0.015 0.5
1007 1014 3.5 0.033 0.5
1007 1015 2.958039892 0.02224859546 0.5
1007 1016 2.958039892 0.02224859546 0.5
1008 1017 2.958039892 0.02224859546 0.5
1008 1018 2.958039892 0.02224859546 0.5
1008 1019 3.5 0.033 0.5
1009 1011 2.5 0.015 0.5
1009 1012 2.5 0.015 0.5
1009 1013 2.958039892 0.02224859546 0.5
1010 1011 2.5 0.015 0.5
1010 1012 2.5 0.015 0.5
1010 1013 2.958039892 0.02224859546 0.5
1011 1014 2.958039892 0.02224859546 0.5
1011 1015 2.5 0.015 0.5
1011 1016 2.5 0.015 0.5
1012 1014 2.958039892 0.02224859546 0.5
1012 1015 2.5 0.015 0.5
1012 1016 2.5 0.015 0.5
1013 1020 3.5 0.033 0.5
1013 1021 2.958039892 0.02224859546 0.5
1013 1022 2.958039892 0.02224859546 0.5
1014 1023 2.958039892 0.02224859546 0.5
1014 1024 2.958039892 0.02224859546 0.5
1014 1025 3.5 0.033 0.5
1015 1017 2.5 0.015 0.5
1015 1018 2.5 0.015 0.5
1015 1019 2.958039892 0.02224859546 0.5
1016 1017 2.5 0.015 0.5
1016 1018 2.5 0.015 0.5
1016 1019 2.958039892 0.02224859546 0.5
1017 1020 2.958039892 0.02224859546 0.5
1017 1021 2.5 0.015 0.5
1017 1022 2.5 0.015 0.5
1018 1020 2.958039892 0.02224859546 0.5
1018 1021 2.5 0.015 0.5
1018 1022 2.5 0.015 0.5
1019 1026 3.5 0.033 0.5
1019 1027 2.958039892 0.02224859546 0.5
1019 1028 2.958039892 0.02224859546 0.5
1020 1029 2.958039892 0.02224859546 0.5
1020 1030 2.958039892 0.02224859546 0.5
1020 1032 3.5 0.033 0.5
1021 1023 2.5 0.015 0.5
1021 1024 2.5 0.015 0.5
1021 1025 2.958039892 0.02224859546 0.5
1022 1023 2.5 0.015 0.5
1022 1024 2.5 0.015 0.5
1022 1025 2.958039892 0.02224859546 0.5
1023 1026 2.958039892 0.02224859546 0.5
1023 1027 2.5 0.015 0.5
1023 1028 2.5 0.015 0.5
1024 1026 2.958039892 0.02224859546 0.5
1024 1027 2.5 0.015 0.5
1024 1028 2.5 0.015 0.5
1025 1033 3.5 0.033 0.5
1025 1034 2.958039892 0.02224859546 0.5
1025 1035 2.958039892 0.02224859546 0.5
1026 1036 2.958039892 0.02224859546 0.5
1026 1037 2.958039892 0.02224859546 0.5
1026 1038 3.5 0.033 0.5
1027 1029 2.5 0.015 0.5
1027 1030 2.5 0.015 0.5
1027 1032 2.958039892 0.02224859546 0.5
1028 1029 2.5 0.015 0.5
1028 1030 2.5 0.015 0.5
1028 1032 2.958039892 0.02224859546 0.5
1029 1033 2.958039892 0.02224859546 0.5
1029 1034 2.5 0.015 0.5
1029 1035 2.5 0.015 0.5
1030 1033 2.958039892 0.02224859546 0.5
1030 1034 2.5 0.015 0.5
1030 1035 2.5 0.015 0.5
1032 1039 3.5 0.033 0.5
1032 1040 2.958039892 0.02224859546 0.5
1032 1041 2.958039892 0.02224859546 0.5
1033 1042 2.958039892 0.02224859546 0.5
1033 1043 2.958039892 0.02224859546 0.5
1033 1044 3.5 0.033 0.5
1034 1036 2.5 0.015 0.5
1034 1037 2.5 0.015 0.5
1034 1038 2.958039892 0.02224859546 0.5
1035 1036 2.5 0.015 0.5
1035 1037 2.5 0.015 0.5
1035 1038 2.958039892 0.02224859546 0.5
1036 1039 2.958039892 0.02224859546 0.5
1036 1040 2.5 0.015 0.5
1036 1041 2.5 0.015 0.5
1037 1039 2.958039892 0.02224859546 0.5
1037 1040 2.5 0.015 0.5
1037 1041 2.5 0.015 0.5
1038 1045 3.5 0.033 0.5
1038 1046 2.958039892 0.02224859546 0.5
1038 1047 2.958039892 0.02224859546 0.5
1039 1048 2.958039892 0.02224859546 0.5
1039 1049 2.958039892 0.02224859546 0.5
1039 1050 3.5 0.033 0.5
1040 1042 2.5 0.015 0.5
1040 1043 2.5 0.015 0.5
1040 1044 2.958039892 0.02224859546 0.5
1041 1042 2.5 0.015 0.5
1041 1043 2.5 0.015 0.5
1041 1044 2.958039892 0.02224859546 0.5
1042 1045 2.958039892 0.02224859546 0.5
1042 1046 2.5 0.015 0.5
1042 1047 2.5 0.015 0.5
1043 1045 2.958039892 0.02224859546 0.5
1043 1046 2.5 0.015 0.5
1043 1047 2.5 0.015 0.5
1044 1051 3.5 0.033 0.5
1044 1052 2.958039892 0.02224859546 0.5
1044 1053 2.958039892 0.02224859546 0.5
1045 1054 2.958039892 0.02224859546 0.5
1045 1055 2.958039892 0.02224859546 0.5
1045 1056 3.5 0.033 0.5
1046 1048 2.5 0.015 0.5
1046 1049 2.5 0.015 0.5
1046 1050 2.958039892 0.02224859546 0.5
1047 1048 2.5 0.015 0.5
1047 1049 2.5 0.015 0.5
1047 1050 2.958039892 0.02224859546 0.5
1048 1051 2.958039892 0.02224859546 0.5
1048 1052 2.5 0.015 0.5
1048 1053 2.5 0.015 0.5
1049 1051 2.958039892 0.02224859546 0.5
1049 1052 2.5 0.015 0.5
1049 1053 2.5 0.015 0.5
1050 1057 3.5 0.033 0.5
1050 1058 2.958039892 0.02224859546 0.5
1050 1059 2.958039892 0.02224859546 0.5
1051 1060 2.958039892 0.02224859546 0.5
1051 1061 2.958039892 0.02224859546 0.5
1051 1063 3.5 0.033 0.5
1052 1054 2.5 0.015 0.5
1052 1055 2.5 0.015 0.5
1052 1056 2.958039892 0.02224859546 0.5
1053 1054 2.5 0.015 0.5
1053 1055 2.5 0.015 0.5
1053 1056 2.958039892 0.02224859546 0.5
1054 1057 2.958039892 0.02224859546 0.5
1054 1058 2.5 0.015 0.5
1054 1059 2.5 0.015 0.5
1055 1057 2.958039892 0.02224859546 0.5
1055 1058 2.5 0.015 0.5
1055 1059 2.5 0.015 0.5
1056 1064 3.5 0.033 0.5
1056 1065 2.958039892 0.02224859546 0.5
1056 1066 2.958039892 0.02224859546 0.5
1057 1067 2.958039892 0.02224859546 0.5
1057 1068 2.958039892 0.02224859546 0.5
1057 1069 3.5 0.033 0.5
1058 1060 2.5 0.015 0.5
1058 1061 2.5 0.015 0.5
1058 1063 2.958039892 0.02224859546 0.5
1059 1060 2.5 0.015 0.5
1059 1061 2.5 0.015 0.5
1059 1063 2.958039892 0.02224859546 0.5
1060 1064 2.958039892 0.02224859546 0.5
1060 1065 2.5 0.015 0.5
1060 1066 2.5 0.015 0.5
1061 1064 2.958039892 0.02224859546 0.5
1061 1065 2.5 0.015 0.5
1061 1066 2.5 0.015 0.5
1063 1070 3.5 0.033 0.5
1063 1071 2.958039892 0.02224859546 0.5
1063 1072 2.958039892 0.02224859546 0.5
1064 1073 2.958039892 0.02224859546 0.5
1064 1074 2.958039892 0.02224859546 0.5
1064 1075 3.5 0.033 0.5
1065 1067 2.5 0.015 0.5
1065 1068 2.5 0.015 0.5
1065 1069 2.958039892 0.02224859546 0.5
1066 1067 2.5 0.015 0.5
1066 1068 2.5 0.015 0.5
1066 1069 2.958039892 0.02224859546 0.5
1067 1070 2.958039892 0.02224859546 0.5
1067 1071 2.5 0.015 0.5
1067 1072 2.5 0.015 0.5
1068 1070 2.958039892 0.02224859546 0.5
1068 1071 2.5 0.015 0.5
1068 1072 2.5 0.015 0.5
1069 1076 3.5 0.033 0.5
1069 1077 2.958039892 0.02224859546 0.5
1069 1078 2.958039892 0.02224859546 0.5
1070 1079 2.958039892 0.02224859546 0.5
1070 1080 2.958039892 0.02224859546 0.5
1070 1081 3.5 0.033 0.5
1071 1073 2.5 0.015 0.5
1071 1074 2.5 0.015 0.5
1071 1075 2.958039892 0.02224859546 0.5
1072 1073 2.5 0.015 0.5
1072 1074 2.5 0.015 0.5
1072 1075 2.958039892 0.02224859546 0.5
1073 1076 2.958039892 0.02224859546 0.5
1073 1077 2.5 0.015 0.5
1073 1078 2.5 0.015 0.5
1074 1076 2.958039892 0.02224859546 0.5
1074 1077 2.5 0.015 0.5
1074 1078 2.5 0.015 0.5
1075 1082 3.5 0.033 0.5
1075 1083 2.958039892 0.02224859546 0.5
1075 1084 2.958039892 0.02224859546 0.5
1076 1085 2.958039892 0.02224859546 0.5
1076 1086 2.958039892 0.02224859546 0.5
1076 1087 3.5 0.033 0.5
1077 1079 2.5 0.015 0.5
1077 1080 2.5 0.015 0.5
1077 1081 2.958039892 0.02224859546 0.5
1078 1079 2.5 0.015 0.5
1078 1080 2.5 0.015 0.5
1078 1081 2.958039892 0.02224859546 0.5
1079 1082 2.958039892 0.02224859546 0.5
1079 1083 2.5 0.015 0.5
1079 1084 2.5 0.015 0.5
1080 1082 2.958039892 0.02224859546 0.5
1080 1083 2.5 0.015 0.5
1080 1084 2.5 0.015 0.5
1081 1088 3.5 0.033 0.5
1081 1089 2.958039892 0.02224859546 0.5
1081 1090 2.958039892 0.02224859546 0.5
1082 1091 2.958039892 0.02224859546 0.5
1082 1092 2.958039892 0.02224859546 0.5
1082 1094 3.5 0.033 0.5
1083 1085 2.5 0.015 0.5
1083 1086 2.5 0.015 0.5
1083 1087 2.958039892 0.02224859546 0.5
1084 1085 2.5 0.015 0.5
1084 1086 2.5 0.015 0.5
1084 1087 2.958039892 0.02224859546 0.5
1085 1088 2.958039892 0.02224859546 0.5
1085 1089 2.5 0.015 0.5
1085 1090 2.5 0.015 0.5
1086 1088 2.958039892 0.02224859546 0.5
1086 1089 2.5 0.015 0.5
1086 1090 2.5 0.015 0.5
1087 1095 3.5 0.033 0.5
1087 1096 2.958039892 0.02224859546 0.5
1087 1097 2.958039892 0.02224859546 0.5
1088 1098 2.958039892 0.02224859546 0.5
1088 1099 2.958039892 0.02224859546 0.5
1088 1100 3.5 0.033 0.5
1089 1091 2.5 0.015 0.5
1089 1092 2.5 0.015 0.5
1089 1094 2.958039892 0.02224859546 0.5
1090 1091 2.5 0.015 0.5
1090 1092 2.5 0.015 0.5
1090 1094 2.958039892 0.02224859546 0.5
1091 1095 2.958039892 0.02224859546 0.5
1091 1096 2.5 0.015 0.5
1091 1097 2.5 0.015 0.5
1092 1095 2.958039892 0.02224859546 0.5
1092 1096 2.5 0.015 0.5
1092 1097 2.5 0.015 0.5
1094 1101 3.5 0.033 0.5
1094 1102 2.958039892 0.02224859546 0.5
1094 1103 2.958039892 0.02224859546 0.5
1095 1104 2.958039892 0.02224859546 0.5
1095 1105 2.958039892 0.02224859546 0.5
1095 1106 3.5 0.033 0.5
1096 1098 2.5 0.015 0.5
1096 1099 2.5 0.015 0.5
1096 1100 2.958039892 0.02224859546 0.5
1097 1098 2.5 0.015 0.5
1097 1099 2.5 0.015 0.5
1097 1100 2.958039892 0.02224859546 0.5
1098 1101 2.958039892 0.02224859546 0.5
1098 1102 2.5 0.015 0.5
1098 1103 2.5 0.015 0.5
1099 1101 2.958039892 0.02224859546 0.5
1099 1102 2.5 0.015 0.5
1099 1103 2.5 0.015 0.5
1100 1107 3.5 0.033 0.5
1100 1108 2.958039892 0.02224859546 0.5
1100 1109 2.958039892 0.02224859546 0.5
1101 1110 2.958039892 0.02224859546 0.5
1101 1111 2.958039892 0.02224859546 0.5
1101 1112 3.5 0.033 0.5
1102 1104 2.5 0.015 0.5
1102 1105 2.5 0.015 0.5
1102 1106 2.958039892 0.02224859546 0.5
1103 1104 2.5 0.015 0.5
1103 1105 2.5 0.015 0.5
1103 1106 2.958039892 0.02224859546 0.5
1104 1107 2.958039892 0.02224859546 0.5
1104 1108 2.5 0.015 0.5
1104 1109 2.5 0.015 0.5
1105 1107 2.958039892 0.02224859546 0.5
1105 1108 2.5 0.015 0.5
1105 1109 2.5 0.015 0.5
1106 1113 3.5 0.033 0.5
1106 1114 2.958039892 0.02224859546 0.5
1106 1115 2.958039892 0.02224859546 0.5
1107 1116 2.958039892 0.02224859546 0.5
1107 1117 2.958039892 0.02224859546 0.5
1107 1118 3.5 0.033 0.5
1108 1110 2.5 0.015 0.5
1108 1111 2.5 0.015 0.5
1108 1112 2.958039892 0.02224859546 0.5
1109 1110 2.5 0.015 0.5
1109 1111 2.5 0.015 0.5
1109 1112 2.958039892 0.02224859546 0.5
1110 1113 2.958039892 0.02224859546 0.5
1110 1114 2.5 0.015 0.5
1110 1115 2.5 0.015 0.5
1111 1113 2.958039892 0.02224859546 0.5
1111 1114 2.5 0.015 0.5
1111 1115 2.5 0.015 0.5
1112 1119 3.5 0.033 0.5
1112 1120 2.958039892 0.02224859546 0.5
1112 1121 2.958039892 0.02224859546 0.5
1113 1122 2.958039892 0.02224859546 0.5
1113 1123 2.958039892 0.02224859546 0.5
1113 1125 3.5 0.033 0.5
1114 1116 2.5 0.015 0.5
1114 1117 2.5 0.015 0.5
1114 1118 2.958039892 0.02224859546 0.5
1115 1116 2.5 0.015 0.5
1115 1117 2.5 0.015 0.5
1115 1118 2.958039892 0.02224859546 0.5
1116 1119 2.958039892 0.02224859546 0.5
1116 1120 2.5 0.015 0.5
1116 1121 2.5 0.015 0.5
1117 1119 2.958039892 0.02224859546 0.5
1117 1120 2.5 0.015 0.5
1117 1121 2.5 0.015 0.5
1118 1126 3.5 0.033 0.5
1118 1127 2.958039892 0.02224859546 0.5
1118 1128 2.958039892 0.02224859546 0.5
1119 1129 2.958039892 0.02224859546 0.5
1119 1130 2.958039892 0.02224859546 0.5
1119 1131 3.5 0.033 0.5
1120 1122 2.5 0.015 0.5
1120 1123 2.5 0.015 0.5
1120 1125 2.958039892 0.02224859546 0.5
1121 1122 2.5 0.015 0.5
1121 1123 2.5 0.015 0.5
1121 1125 2.958039892 0.02224859546 0.5
1122 1126 2.958039892 0.02224859546 0.5
1122 1127 2.5 0.015 0.5
1122 1128 2.5 0.015 0.5
1123 1126 2.958039892 0.02224859546 0.5
1123 1127 2.5 0.015 0.5
1123 1128 2.5 0.015 0.5
1125 1132 3.5 0.033 0.5
1125 1133 2.958039892 0.02224859546 0.5
1125 1134 2.958039892 0.02224859546 0.5
1126 1135 2.958039892 0.02224859546 0.5
1126 1136 2.958039892 0.02224859546 0.5
1126 1137 3.5 0.033 0.5
1127 1129 2.5 0.015 0.5
1127 1130 2.5 0.015 0.5
1127 1131 2.958039892 0.02224859546 0.5
1128 1129 2.5 0.015 0.5
1128 1130 2.5 0.015 0.5
1128 1131 2.958039892 0.02224859546 0.5
1129 1132 2.958039892 0.02224859546 0.5
1129 1133 2.5 0.015 0.5
1129 1134 2.5 0.015 0.5
1130 1132 2.958039892 0.02224859546 0.5
1130 1133 2.5 0.015 0.5
1130 1134 2.5 0.015 0.5
1131 1138 3.5 0.033 0.5
1131 1139 2.958039892 0.02224859546 0.5
1131 1140 2.958039892 0.02224859546 0.5
1132 1141 2.958039892 0.02224859546 0.5
1132 1142 2.958039892 0.02224859546 0.5
1132 1143 3.5 0.033 0.5
1133 1135 2.5 0.015 0.5
1133 1136 2.5 0.015 0.5
1133 1137 2.958039892 0.02224859546 0.5
1134 1135 2.5 0.015 0.5
1134 1136 2.5 0.015 0.5
1134 1137 2.958039892 0.02224859546 0.5
1135 1138 2.958039892 0.02224859546 0.5
1135 1139 2.5 0.015 0.5
1135 1140 2.5 0.015 0.5
1136 1138 2.958039892 0.02224859546 0.5
1136 1139 2.5 0.015 0.5
1136 1140 2.5 0.015 0.5
1137 1144 3.5 0.033 0.5
1137 1145 2.958039892 0.02224859546 0.5
1137 1146 2.958039892 0.02224859546 0.5
1138 1147 2.958039892 0.02224859546 0.5
1138 1148 2.958039892 0.02224859546 0.5
1138 1149 3.5 0.033 0.5
1139 1141 2.5 0.015 0.5
1139 1142 2.5 0.015 0.5
1139 1143 2.958039892 0.02224859546 0.5
1140 1141 2.5 0.015 0.5
1140 1142 2.5 0.015 0.5
1140 1143 2.958039892 0.02224859546 0.5
1141 1144 2.958039892 0.02224859546 0.5
1141 1145 2.5 0.015 0.5
1141 1146 2.5 0.015 0.5
1142 1144 2.958039892 0.02224859546 0.5
1142 1145 2.5 0.015 0.5
1142 1146 2.5 0.015 0.5
1143 1150 3.5 0.033 0.5
1143 1151 2.958039892 0.02224859546 0.5
1143 1152 2.958039892 0.02224859546 0.5
1144 1153 2.958039892 0.02224859546 0.5
1144 1154 2.958039892 0.02224859546 0.5
1144 1156 3.5 0.033 0.5
1145 1147 2.5 0.015 0.5
1145 1148 2.5 0.015 0.5
1145 1149 2.958039892 0.02224859546 0.5
1146 1147 2.5 0.015 0.5
1146 1148 2.5 0.015 0.5
1146 1149 2.958039892 0.02224859546 0.5
1147 1150 2.958039892 0.02224859546 0.5
1147 1151 2.5 0.015 0.5
1147 1152 2.5 0.015 0.5
1148 1150 2.958039892 0.02224859546 0.5
1148 1151 2.5 0.015 0.5
1148 1152 2.5 0.015 0.5
1149 1157 3.5 0.033 0.5
1149 1158 2.958039892 0.02224859546 0.5
1149 1159 2.958039892 0.02224859546 0.5
1150 1160 2.958039892 0.02224859546 0.5
1150 1161 2.958039892 0.02224859546 0.5
1150 1162 3.5 0.033 0.5
1151 1153 2.5 0.015 0.5
1151 1154 2.5 0.015 0.5
1151 1156 2.958039892 0.02224859546 0.5
1152 1153 2.5 0.015 0.5
1152 1154 2.5 0.015 0.5
1152 1156 2.958039892 0.02224859546 0.5
1153 1157 2.958039892 0.02224859546 0.5
1153 1158 2.5 0.015 0.5
1153 1159 2.5 0.015 0.5
1154 1157 2.958039892 0.02224859546 0.5
1154 1158 2.5 0.015 0.5
1154 1159 2.5 0.015 0.5
1156 1163 3.5 0.033 0.5
1156 1164 2.958039892 0.02224859546 0.5
1156 1165 2.958039892 0.02224859546 0.5
1157 1166 2.958039892 0.02224859546 0.5
1157 1167 2.958039892 0.02224859546 0.5
1157 1168 3.5 0.033 0.5
1158 1160 2.5 0.015 0.5
1158 1161 2.5 0.015 0.5
1158 1162 2.958039892 0.02224859546 0.5
1159 1160 2.5 0.015 0.5
1159 1161 2.5 0.015 0.5
1159 1162 2.958039892 0.02224859546 0.5
1160 1163 2.958039892 0.02224859546 0.5
1160 1164 2.5 0.015 0.5
1160 1165 2.5 0.015 0.5
1161 1163 2.958039892 0.02224859546 0.5
1161 1164 2.5 0.015 0.5
1161 1165 2.5 0.015 0.5
1162 1169 3.5 0.033 0.5
1162 1170 2.958039892 0.02224859546 0.5
1162 1171 2.958039892 0.02224859546 0.5
1163 1172 2.958039892 0.02224859546 0.5
1163 1173 2.958039892 0.02224859546 0.5
1163 1174 3.5 0.033 0.5
1164 1166 2.5 0.015 0.5
1164 1167 2.5 0.015 0.5
1164 1168 2.958039892 0.02224859546 0.5
1165 1166 2.5 0.015 0.5
1165 1167 2.5 0.015 0.5
1165 1168 2.958039892 0.02224859546 0.5
1166 1169 2.958039892 0.02224859546 0.5
1166 1170 2.5 0.015 0.5
1166 1171 2.5 0.015 0.5
1167 1169 2.958039892 0.02224859546 0.5
1167 1170 2.5 0.015 0.5
1167 1171 2.5 0.015 0.5
1168 1175 3.5 0.033 0.5
1168 1176 2.958039892 0.02224859546 0.5
1168 1177 2.958039892 0.02224859546 0.5
1169 1178 2.958039892 0.02224859546 0.5
1169 1179 2.958039892 0.02224859546 0.5
1169 1180 3.5 0.033 0.5
1170 1172 2.5 0.015 0.5
1170 1173 2.5 0.015 0.5
1170 1174 2.958039892 0.02224859546 0.5
1171 1172 2.5 0.015 0.5
1171 1173 2.5 0.015 0.5
1171 1174 2.958039892 0.02224859546 0.5
1172 1175 2.958039892 0.02224859546 0.5
1172 1176 2.5 0.015 0.5
1172 1177 2.5 0.015 0.5
1173 1175 2.958039892 0.02224859546 0.5
1173 1176 2.5 0.015 0.5
1173 1177 2.5 0.015 0.5
1174 1181 3.5 0.033 0.5
1174 1182 2.958039892 0.02224859546 0.5
1174 1183 2.958039892 0.02224859546 0.5
1175 1184 2.958039892 0.02224859546 0.5
1175 1185 2.958039892 0.02224859546 0.5
1175 1187 3.5 0.033 0.5
1176 1178 2.5 0.015 0.5
1176 1179 2.5 0.015 0.5
1176 1180 2.958039892 0.02224859546 0.5
1177 1178 2.5 0.015 0.5
1177 1179 2.5 0.015 0.5
1177 1180 2.958039892 0.02224859546 0.5
1178 1181 2.958039892 0.02224859546 0.5
1178 1182 2.5 0.015 0.5
1178 1183 2.5 0.015 0.5
1179 1181 2.958039892 0.02224859546 0.5
1179 1182 2.5 0.015 0.5
1179 1183 2.5 0.015 0.5
1180 1188 3.5 0.033 0.5
1180 1189 2.958039892 0.02224859546 0.5
1180 1190 2.958039892 0.02224859546 0.5
1181 1191 2.958039892 0.02224859546 0.5
1181 1192 2.958039892 0.02224859546 0.5
1181 1193 3.5 0.033 0.5
1182 1184 2.5 0.015 0.5
1182 1185 2.5 0.015 0.5
1182 1187 2.958039892 0.02224859546 0.5
1183 1184 2.5 0.015 0.5
1183 1185 2.5 0.015 0.5
1183 1187 2.958039892 0.02224859546 0.5
1184 1188 2.958039892 0.02224859546 0.5
1184 1189 2.5 0.015 0.5
1184 1190 2.5 0.015 0.5
1185 1188 2.958039892 0.02224859546 0.5
1185 1189 2.5 0.015 0.5
1185 1190 2.5 0.015 0.5
1187 1194 3.5 0.033 0.5
1187 1195 2.958039892 0.02224859546 0.5
1187 1196 2.958039892 0.02224859546 0.5
1188 1197 2.958039892 0.02224859546 0.5
1188 1198 2.958039892 0.02224859546 0.5
1188 1199 3.5 0.033 0.5
1189 1191 2.5 0.015 0.5
1189 1192 2.5 0.015 0.5
1189 1193 2.958039892 0.02224859546 0.5
1190 1191 2.5 0.015 0.5
1190 1192 2.5 0.015 0.5
1190 1193 2.958039892 0.02224859546 0.5
1191 1194 2.958039892 0.02224859546 0.5
1191 1195 2.5 0.015 0.5
1191 1196 2.5 0.015 0.5
1192 1194 2.958039892 0.02224859546 0.5
1192 1195 2.5 0.015 0.5
1192 1196 2.5 0.015 0.5
1193 1200 3.5 0.033 0.5
1193 1201 2.958039892 0.02224859546 0.5
1193 1202 2.958039892 0.02224859546 0.5
1194 1203 2.958039892 0.02224859546 0.5
1194 1204 2.958039892 0.02224859546 0.5
1194 1205 3.5 0.033 0.5
1195 1197 2.5 0.015 0.5
1195 1198 2.5 0.015 0.5
1195 1199 2.958039892 0.02224859546 0.5
1196 1197 2.5 0.015 0.5
1196 1198 2.5 0.015 0.5
1196 1199 2.958039892 0.02224859546 0.5
1197 1200 2.958039892 0.02224859546 0.5
1197 1201 2.5 0.015 0.5
1197 1202 2.5 0.015 0.5
1198 1200 2.958039892 0.02224859546 0.5
1198 1201 2.5 0.015 0.5
1198 1202 2.5 0.015 0.5
1199 1206 3.5 0.033 0.5
1199 1207 2.958039892 0.02224859546 0.5
1199 1208 2.958039892 0.02224859546 0.5
1200 1209 2.958039892 0.02224859546 0.5
1200 1210 2.958039892 0.02224859546 0.5
1200 1211 3.5 0.033 0.5
1201 1203 2.5 0.015 0.5
1201 1204 2.5 0.015 0.5
1201 1205 2.958039892 0.02224859546 0.5
1202 1203 2.5 0.015 0.5
1202 1204 2.5 0.015 0.5
1202 1205 2.958039892 0.02224859546 0.5
1203 1206 2.958039892 0.02224859546 0.5
1203 1207 2.5 0.015 0.5
1203 1208 2.5 0.015 0.5
1204 1206 2.958039892 0.02224859546 0.5
1204 1207 2.5 0.015 0.5
1204 1208 2.5 0.015 0.5
1205 1212 3.5 0.033 0.5
1205 1213 2.958039892 0.02224859546 0.5
1205 1214 2.958039892 0.02224859546 0.5
1206 1215 2.958039892 0.02224859546 0.5
1206 1216 2.958039892 0.02224859546 0.5
1206 1243 3.5 0.033 0.5
1207 1209 2.5 0.015 0.5
1207 1210 2.5 0.015 0.5
1207 1211 2.958039892 0.02224859546 0.5
1208 1209 2.5 0.015 0.5
1208 1210 2.5 0.015 0.5
1208 1211 2.958039892 0.02224859546 0.5
1209 1212 2.958039892 0.02224859546 0.5
1209 1213 2.5 0.015 0.5
1209 1214 2.5 0.015 0.5
1210 1212 2.958039892 0.02224859546 0.5
1210 1213 2.5 0.015 0.5
1210 1214 2.5 0.015 0.5
1211 1244 3.5 0.033 0.5
1211 1245 2.958039892 0.02224859546 0.5
1211 1246 2.958039892 0.02224859546 0.5
1212 1237 3.5 0.033 0.5
1212 1247 2.958039892 0.02224859546 0.5
1212 1248 2.958039892 0.02224859546 0.5
1213 1215 2.5 0.015 0.5
1213 1216 2.5 0.015 0.5
1213 1243 2.958039892 0.02224859546 0.5
1214 1215 2.5 0.015 0.5
1214 1216 2.5 0.015 0.5
1214 1243 2.958039892 0.02224859546 0.5
1215 1244 2.958039892 0.02224859546 0.5
1215 1245 2.5 0.015 0.5
1215 1246 2.5 0.015 0.5
1216 1244 2.958039892 0.02224859546 0.5
1216 1245 2.5 0.015 0.5
1216 1246 2.5 0.015 0.5
1218 1227 2.958039892 0.02224859546 0.5
1218 1228 2.958039892 0.02224859546 0.5
1218 1232 3.5 0.033 0.5
1219 1225 3.5 0.033 0.5
1219 1229 2.958039892 0.02224859546 0.5
1219 1230 2.958039892 0.02224859546 0.5
1220 1222 2.5 0.015 0.5
1220 1223 2.5 0.015 0.5
1220 1224 2.5 0.015 0.5
1220 1225 2.958039892 0.02224859546 0.5
1220 1229 2.5 0.015 0.5
1220 1230 2.5 0.015 0.5
1221 1222 2.5 0.015 0.5
1221 1223 2.5 0.015 0.5
1221 1224 2.5 0.015 0.5
1221 1225 2.958039892 0.02224859546 0.5
1221 1229 2.5 0.015 0.5
1221 1230 2.5 0.015 0.5
1222 1226 2.958039892 0.02224859546 0.5
1223 1226 2.958039892 0.02224859546 0.5
1224 1226 2.958039892 0.02224859546 0.5
1225 1233 2.958039892 0.02224859546 0.5
1225 1234 2.958039892 0.02224859546 0.5
1225 1238 3.5 0.033 0.5
1226 1231 3.5 0.033 0.5
1226 1235 2.958039892 0.02224859546 0.5
1226 1236 2.958039892 0.02224859546 0.5
1227 1229 2.5 0.015 0.5
1227 1230 2.5 0.015 0.5
1227 1231 2.958039892 0.02224859546 0.5
1227 1235 2.5 0.015 0.5
1227 1236 2.5 0.015 0.5
1228 1229 2.5 0.015 0.5
1228 1230 2.5 0.015 0.5
1228 1231 2.958039892 0.02224859546 0.5
1228 1235 2.5 0.015 0.5
1228 1236 2.5 0.015 0.5
1229 1232 2.958039892 0.02224859546 0.5
1230 1232 2.958039892 0.02224859546 0.5
1231 1239 2.958039892 0.02224859546 0.5
1231 1240 2.958039892 0.02224859546 0.5
1231 1244 3.5 0.033 0.5
1232 1237 3.5 0.033 0.5
1232 1241 2.958039892 0.02224859546 0.5
1232 1242 2.958039892 0.02224859546 0.5
1233 1235 2.5 0.015 0.5
1233 1236 2.5 0.015 0.5
1233 1237 2.958039892 0.02224859546 0.5
1233 1241 2.5 0.015 0.5
1233 1242 2.5 0.015 0.5
1234 1235 2.5 0.015 0.5
1234 1236 2.5 0.015 0.5
1234 1237 2.958039892 0.02224859546 0.5
1234 1241 2.5 0.015 0.5
1234 1242 2.5 0.015 0.5
1235 1238 2.958039892 0.02224859546 0.5
1236 1238 2.958039892 0.02224859546 0.5
1237 1245 2.958039892 0.02224859546 0.5
1237 1246 2.958039892 0.02224859546 0.5
1238 1243 3.5 0.033 0.5
1238 1247 2.958039892 0.02224859546 0.5
1238 1248 2.958039892 0.02224859546 0.5
1239 1241 2.5 0.015 0.5
1239 1242 2.5 0.015 0.5
1239 1243 2.958039892 0.02224859546 0.5
1239 1247 2.5 0.015 0.5
1239 1248 2.5 0.015 0.5
1240 1241 2.5 0.015 0.5
1240 1242 2.5 0.015 0.5
1240 1243 2.958039892 0.02224859546 0.5
1240 1247 2.5 0.015 0.5
1240 1248 2.5 0.015 0.5
1241 1244 2.958039892 0.02224859546 0.5
1242 1244 2.958039892 0.02224859546 0.5
1245 1247 2.5 0.015 0.5
1245 1248 2.5 0.015 0.5
1246 1247 2.5 0.015 0.5
1246 1248 2.5 0.015 0.5
1250 1261 2.958039892 0.02224859546 0.5
1250 1262 2.958039892 0.02224859546 0.5
1250 1263 3.5 0.033 0.5
1251 1258 3.5 0.033 0.5
1251 1259 2.958039892 0.02224859546 0.5
1251 1260 2.958039892 0.02224859546 0.5
1252 1254 2.5 0.015 0.5
1252 1255 2.5 0.015 0.5
1252 1256 2.5 0.015 0.5
1252 1258 2.958039892 0.02224859546 0.5
1252 1259 2.5 0.015 0.5
1252 1260 2.5 0.015 0.5
1253 1254 2.5 0.015 0.5
1253 1255 2.5 0.015 0.5
1253 1256 2.5 0.015 0.5
1253 1258 2.958039892 0.02224859546 0.5
1253 1259 2.5 0.015 0.5
1253 1260 2.5 0.015 0.5
1254 1257 2.958039892 0.02224859546 0.5
1255 1257 2.958039892 0.02224859546 0.5
1256 1257 2.958039892 0.02224859546 0.5
1257 1264 3.5 0.033 0.5
1257 1265 2.958039892 0.02224859546 0.5
1257 1266 2.958039892 0.02224859546 0.5
1258 1267 2.958039892 0.02224859546 0.5
1258 1268 2.958039892 0.02224859546 0.5
1258 1269 3.5 0.033 0.5
1259 1261 2.5 0.015 0.5
1259 1262 2.5 0.015 0.5
1259 1263 2.958039892 0.02224859546 0.5
1260 1261 2.5 0.015 0.5
1260 1262 2.5 0.015 0.5
1260 1263 2.958039892 0.02224859546 0.5
1261 1264 2.958039892 0.02224859546 0.5
1261 1265 2.5 0.015 0.5
1261 1266 2.5 0.015 0.5
1262 1264 2.958039892 0.02224859546 0.5
1262 1265 2.5 0.015 0.5
1262 1266 2.5 0.015 0.5
1263 1270 3.5 0.033 0.5
1263 1271 2.958039892 0.02224859546 0.5
1263 1272 2.958039892 0.02224859546 0.5
1264 1273 2.958039892 0.02224859546 0.5
1264 1274 2.958039892 0.02224859546 0.5
1264 1275 3.5 0.033 0.5
1265 1267 2.5 0.015 0.5
1265 1268 2.5 0.015 0.5
1265 1269 2.958039892 0.02224859546 0.5
1266 1267 2.5 0.015 0.5
1266 1268 2.5 0.015 0.5
1266 1269 2.958039892 0.02224859546 0.5
1267 1270 2.958039892 0.02224859546 0.5
1267 1271 2.5 0.015 0.5
1267 1272 2.5 0.015 0.5
1268 1270 2.958039892 0.02224859546 0.5
1268 1271 2.5 0.015 0.5
1268 1272 2.5 0.015 0.5
1269 1276 3.5 0.033 0.5
1269 1277 2.958039892 0.02224859546 0.5
1269 1278 2.958039892 0.02224859546 0.5
1270 1279 2.958039892 0.02224859546 0.5
1270 1280 2.958039892 0.02224859546 0.5
1270 1282 3.5 0.033 0.5
1271 1273 2.5 0.015 0.5
1271 1274 2.5 0.015 0.5
1271 1275 2.958039892 0.02224859546 0.5
1272 1273 2.5 0.015 0.5
1272 1274 2.5 0.015 0.5
1272 1275 2.958039892 0.02224859546 0.5
1273 1276 2.958039892 0.02224859546 0.5
1273 1277 2.5 0.015 0.5
1273 1278 2.5 0.015 0.5
1274 1276 2.958039892 0.02224859546 0.5
1274 1277 2.5 0.015 0.5
1274 1278 2.5 0.015 0.5
1275 1283 3.5 0.033 0.5
1275 1284 2.958039892 0.02224859546 0.5
1275 1285 2.958039892 0.02224859546 0.5
1276 1286 2.958039892 0.02224859546 0.5
1276 1287 2.958039892 0.02224859546 0.5
1276 1288 3.5 0.033 0.5
1277 1279 2.5 0.015 0.5
1277 1280 2.5 0.015 0.5
1277 1282 2.958039892 0.02224859546 0.5
1278 1279 2.5 0.015 0.5
1278 1280 2.5 0.015 0.5
1278 1282 2.958039892 0.02224859546 0.5
1279 1283 2.958039892 0.02224859546 0.5
1279 1284 2.5 0.015 0.5
1279 1285 2.5 0.015 0.5
1280 1283 2.958039892 0.02224859546 0.5
1280 1284 2.5 0.015 0.5
1280 1285 2.5 0.015 0.5
1282 1289 3.5 0.033 0.5
1282 1290 2.958039892 0.02224859546 0.5
1282 1291 2.958039892 0.02224859546 0.5
1283 1292 2.958039892 0.02224859546 0.5
1283 1293 2.958039892 0.02224859546 0.5
1283 1294 3.5 0.033 0.5
1284 1286 2.5 0.015 0.5
1284 1287 2.5 0.015 0.5
1284 1288 2.958039892 0.02224859546 0.5
1285 1286 2.5 0.015 0.5
1285 1287 2.5 0.015 0.5
1285 1288 2.958039892 0.02224859546 0.5
1286 1289 2.958039892 0.02224859546 0.5
1286 1290 2.5 0.015 0.5
1286 1291 2.5 0.015 0.5
1287 1289 2.958039892 0.02224859546 0.5
1287 1290 2.5 0.015 0.5
1287 1291 2.5 0.015 0.5
1288 1295 3.5 0.033 0.5
1288 1296 2.958039892 0.02224859546 0.5
1288 1297 2.958039892 0.02224859546 0.5
1289 1298 2.958039892 0.02224859546 0.5
1289 1299 2.958039892 0.02224859546 0.5
1289 1300 3.5 0.033 0.5
1290 1292 2.5 0.015 0.5
1290 1293 2.5 0.015 0.5
1290 1294 2.958039892 0.02224859546 0.5
1291 1292 2.5 0.015 0.5
1291 1293 2.5 0.015 0.5
1291 1294 2.958039892 0.02224859546 0.5
1292 1295 2.958039892 0.02224859546 0.5
1292 1296 2.5 0.015 0.5
1292 1297 2.5 0.015 0.5
1293 1295 2.958039892 0.02224859546 0.5
1293 1296 2.5 0.015 0.5
1293 1297 2.5 0.015 0.5
1294 1301 3.5 0.033 0.5
1294 1302 2.958039892 0.02224859546 0.5
1294 1303 2.958039892 0.02224859546 0.5
1295 1304 2.958039892 0.02224859546 0.5
1295 1305 2.958039892 0.02224859546 0.5
1295 1306 3.5 0.033 0.5
1296 1298 2.5 0.015 0.5
1296 1299 2.5 0.015 0.5
1296 1300 2.958039892 0.02224859546 0.5
1297 1298 2.5 0.015 0.5
1297 1299 2.5 0.015 0.5
1297 1300 2.958039892 0.02224859546 0.5
1298 1301 2.958039892 0.02224859546 0.5
1298 1302 2.5 0.015 0.5
1298 1303 2.5 0.015 0.5
1299 1301 2.958039892 0.02224859546 0.5
1299 1302 2.5 0.015 0.5
1299 1303 2.5 0.015 0.5
1300 1307 3.5 0.033 0.5
1300 1308 2.958039892 0.02224859546 0.5
1300 1309 2.958039892 0.02224859546 0.5
1301 1310 2.958039892 0.02224859546 0.5
1301 1311 2.958039892 0.02224859546 0.5
1301 1313 3.5 0.033 0.5
1302 1304 2.5 0.015 0.5
1302 1305 2.5 0.015 0.5
1302 1306 2.958039892 0.02224859546 0.5
1303 1304 2.5 0.015 0.5
1303 1305 2.5 0.015 0.5
1303 1306 2.958039892 0.02224859546 0.5
1304 1307 2.958039892 0.02224859546 0.5
1304 1308 2.5 0.015 0.5
1304 1309 2.5 0.015 0.5
1305 1307 2.958039892 0.02224859546 0.5
1305 1308 2.5 0.015 0.5
1305 1309 2.5 0.015 0.5
1306 1314 3.5 0.033 0.5
1306 1315 2.958039892 0.02224859546 0.5
1306 1316 2.958039892 0.02224859546 0.5
1307 1317 2.958039892 0.02224859546 0.5
1307 1318 2.958039892 0.02224859546 0.5
1307 1319 3.5 0.033 0.5
1308 1310 2.5 0.015 0.5
1308 1311 2.5 0.015 0.5
1308 1313 2.958039892 0.02224859546 0.5
1309 1310 2.5 0.015 0.5
1309 1311 2.5 0.015 0.5
1309 1313 2.958039892 0.02224859546 0.5
1310 1314 2.958039892 0.02224859546 0.5
1310 1315 2.5 0.015 0.5
1310 1316 2.5 0.015 0.5
1311 1314 2.958039892 0.02224859546 0.5
1311 1315 2.5 0.015 0.5
1311 1316 2.5 0.015 0.5
1313 1320 3.5 0.033 0.5
1313 1321 2.958039892 0.02224859546 0.5
1313 1322 2.958039892 0.02224859546 0.5
1314 1323 2.958039892 0.02224859546 0.5
1314 1324 2.958039892 0.02224859546 0.5
1314 1325 3.5 0.033 0.5
1315 1317 2.5 0.015 0.5
1315 1318 2.5 0.015 0.5
1315 1319 2.958039892 0.02224859546 0.5
1316 1317 2.5 0.015 0.5
1316 1318 2.5 0.015 0.5
1316 1319 2.958039892 0.02224859546 0.5
1317 1320 2.958039892 0.02224859546 0.5
1317 1321 2.5 0.015 0.5
1317 1322 2.5 0.015 0.5
1318 1320 2.958039892 0.02224859546 0.5
1318 1321 2.5 0.015 0.5
1318 1322 2.5 0.015 0.5
1319 1326 3.5 0.033 0.5
1319 1327 2.958039892 0.02224859546 0.5
1319 1328 2.958039892 0.02224859546 0.5
1320 1329 2.958039892 0.02224859546 0.5
1320 1330 2.958039892 0.02224859546 0.5
1320 1331 3.5 0.033 0.5
1321 1323 2.5 0.015 0.5
1321 1324 2.5 0.015 0.5
1321 1325 2.958039892 0.02224859546 0.5
1322 1323 2.5 0.015 0.5
1322 1324 2.5 0.015 0.5
1322 1325 2.958039892 0.02224859546 0.5
1323 1326 2.958039892 0.02224859546 0.5
1323 1327 2.5 0.015 0.5
1323 1328 2.5 0.015 0.5
1324 1326 2.958039892 0.02224859546 0.5
1324 1327 2.5 0.015 0.5
1324 1328 2.5 0.015 0.5
1325 1332 3.5 0.033 0.5
1325 1333 2.958039892 0.02224859546 0.5
1325 1334 2.958039892 0.02224859546 0.5
1326 1335 2.958039892 0.02224859546 0.5
1326 1336 2.958039892 0.02224859546 0.5
1326 1337 3.5 0.033 0.5
1327 1329 2.5 0.015 0.5
1327 1330 2.5 0.015 0.5
1327 1331 2.958039892 0.02224859546 0.5
1328 1329 2.5 0.015 0.5
1328 1330 2.5 0.015 0.5
1328 1331 2.958039892 0.02224859546 0.5
1329 1332 2.958039892 0.02224859546 0.5
1329 1333 2.5 0.015 0.5
1329 1334 2.5 0.015 0.5
1330 1332 2.958039892 0.02224859546 0.5
1330 1333 2.5 0.015 0.5
1330 1334 2.5 0.015 0.5
1331 1338 3.5 0.033 0.5
1331 1339 2.958039892 0.02224859546 0.5
1331 1340 2.958039892 0.02224859546 0.5
1332 1341 2.958039892 0.02224859546 0.5
1332 1342 2.958039892 0.02224859546 0.5
1332 1344 3.5 0.033 0.5
1333 1335 2.5 0.015 0.5
1333 1336 2.5 0.015 0.5
1333 1337 2.958039892 0.02224859546 0.5
1334 1335 2.5 0.015 0.5
1334 1336 2.5 0.015 0.5
1334 1337 2.958039892 0.02224859546 0.5
1335 1338 2.958039892 0.02224859546 0.5
1335 1339 2.5 0.015 0.5
1335 1340 2.5 0.015 0.5
1336 1338 2.958039892 0.02224859546 0.5
1336 1339 2.5 0.015 0.5
1336 1340 2.5 0.015 0.5
1337 1345 3.5 0.033 0.5
1337 1346 2.958039892 0.02224859546 0.5
1337 1347 2.958039892 0.02224859546 0.5
1338 1348 2.958039892 0.02224859546 0.5
1338 1349 2.958039892 0.02224859546 0.5
1338 1350 3.5 0.033 0.5
1339 1341 2.5 0.015 0.5
1339 1342 2.5 0.015 0.5
1339 1344 2.958039892 0.02224859546 0.5
1340 1341 2.5 0.015 0.5
1340 1342 2.5 0.015 0.5
1340 1344 2.958039892 0.02224859546 0.5
1341 1345 2.958039892 0.02224859546 0.5
1341 1346 2.5 0.015 0.5
1341 1347 2.5 0.015 0.5
1342 1345 2.958039892 0.02224859546 0.5
1342 1346 2.5 0.015 0.5
1342 1347 2.5 0.015 0.5
1344 1351 3.5 0.033 0.5
1344 1352 2.958039892 0.02224859546 0.5
1344 1353 2.958039892 0.02224859546 0.5
1345 1354 2.958039892 0.02224859546 0.5
1345 1355 2.958039892 0.02224859546 0.5
1345 1356 3.5 0.033 0.5
1346 1348 2.5 0.015 0.5
1346 1349 2.5 0.015 0.5
1346 1350 2.958039892 0.02224859546 0.5
1347 1348 2.5 0.015 0.5
1347 1349 2.5 0.015 0.5
1347 1350 2.958039892 0.02224859546 0.5
1348 1351 2.958039892 0.02224859546 0.5
1348 1352 2.5 0.015 0.5
1348 1353 2.5 0.015 0.5
1349 1351 2.958039892 0.02224859546 0.5
1349 1352 2.5 0.015 0.5
1349 1353 2.5 0.015 0.5
1350 1357 3.5 0.033 0.5
1350 1358 2.958039892 0.02224859546 0.5
1350 1359 2.958039892 0.02224859546 0.5
1351 1360 2.958039892 0.02224859546 0.5
1351 1361 2.958039892 0.02224859546 0.5
1351 1362 3.5 0.033 0.5
1352 1354 2.5 0.015 0.5
1352 1355 2.5 0.015 0.5
1352 1356 2.958039892 0.02224859546 0.5
1353 1354 2.5 0.015 0.5
1353 1355 2.5 0.015 0.5
1353 1356 2.958039892 0.02224859546 0.5
1354 1357 2.958039892 0.02224859546 0.5
1354 1358 2.5 0.015 0.5
1354 1359 2.5 0.015 0.5
1355 1357 2.958039892 0.02224859546 0.5
1355 1358 2.5 0.015 0.5
1355 1359 2.5 0.015 0.5
1356 1363 3.5 0.033 0.5
1356 1364 2.958039892 0.02224859546 0.5
1356 1365 2.958039892 0.02224859546 0.5
1357 1366 2.958039892 0.02224859546 0.5
1357 1367 2.958039892 0.02224859546 0.5
1357 1368 3.5 0.033 0.5
1358 1360 2.5 0.015 0.5
1358 1361 2.5 0.015 0.5
1358 1362 2.958039892 0.02224859546 0.5
1359 1360 2.5 0.015 0.5
1359 1361 2.5 0.015 0.5
1359 1362 2.958039892 0.02224859546 0.5
1360 1363 2.958039892 0.02224859546 0.5
1360 1364 2.5 0.015 0.5
1360 1365 2.5 0.015 0.5
1361 1363 2.958039892 0.02224859546 0.5
1361 1364 2.5 0.015 0.5
1361 1365 2.5 0.015 0.5
1362 1369 3.5 0.033 0.5
1362 1370 2.958039892 0.02224859546 0.5
1362 1371 2.958039892 0.02224859546 0.5
1363 1372 2.958039892 0.02224859546 0.5
1363 1373 2.958039892 0.02224859546 0.5
1363 1375 3.5 0.033 0.5
1364 1366 2.5 0.015 0.5
1364 1367 2.5 0.015 0.5
1364 1368 2.958039892 0.02224859546 0.5
1365 1366 2.5 0.015 0.5
1365 1367 2.5 0.015 0.5
1365 1368 2.958039892 0.02224859546 0.5
1366 1369 2.958039892 0.02224859546 0.5
1366 1370 2.5 0.015 0.5
1366 1371 2.5 0.015 0.5
1367 1369 2.958039892 0.02224859546 0.5
1367 1370 2.5 0.015 0.5
1367 1371 2.5 0.015 0.5
1368 1376 3.5 0.033 0.5
1368 1377 2.958039892 0.02224859546 0.5
1368 1378 2.958039892 0.02224859546 0.5
1369 1379 2.958039892 0.02224859546 0.5
1369 1380 2.958039892 0.02224859546 0.5
1369 1381 3.5 0.033 0.5
1370 1372 2.5 0.015 0.5
1370 1373 2.5 0.015 0.5
1370 1375 2.958039892 0.02224859546 0.5
1371 1372 2.5 0.015 0.5
1371 1373 2.5 0.015 0.5
1371 1375 2.958039892 0.02224859546 0.5
1372 1376 2.958039892 0.02224859546 0.5
1372 1377 2.5 0.015 0.5
1372 1378 2.5 0.015 0.5
1373 1376 2.958039892 0.02224859546 0.5
1373 1377 2.5 0.015 0.5
1373 1378 2.5 0.015 0.5
1375 1382 3.5 0.033 0.5
1375 1383 2.958039892 0.02224859546 0.5
1375 1384 2.958039892 0.02224859546 0.5
1376 1385 2.958039892 0.02224859546 0.5
1376 1386 2.958039892 0.02224859546 0.5
1376 1387 3.5 0.033 0.5
1377 1379 2.5 0.015 0.5
1377 1380 2.5 0.015 0.5
1377 1381 2.958039892 0.02224859546 0.5
1378 1379 2.5 0.015 0.5
1378 1380 2.5 0.015 0.5
1378 1381 2.958039892 0.02224859546 0.5
1379 1382 2.958039892 0.02224859546 0.5
1379 1383 2.5 0.015 0.5
1379 1384 2.5 0.015 0.5
1380 1382 2.958039892 0.02224859546 0.5
1380 1383 2.5 0.015 0.5
1380 1384 2.5 0.015 0.5
1381 1388 3.5 0.033 0.5
1381 1389 2.958039892 0.02224859546 0.5
1381 1390 2.958039892 0.02224859546 0.5
1382 1391 2.958039892 0.02224859546 0.5
1382 1392 2.958039892 0.02224859546 0.5
1382 1393 3.5 0.033 0.5
1383 1385 2.5 0.015 0.5
1383 1386 2.5 0.015 0.5
1383 1387 2.958039892 0.02224859546 0.5
1384 1385 2.5 0.015 0.5
1384 1386 2.5 0.015 0.5
1384 1387 2.958039892 0.02224859546 0.5
1385 1388 2.958039892 0.02224859546 0.5
1385 1389 2.5 0.015 0.5
1385 1390 2.5 0.015 0.5
1386 1388 2.958039892 0.02224859546 0.5
1386 1389 2.5 0.015 0.5
1386 1390 2.5 0.015 0.5
1387 1394 3.5 0.033 0.5
1387 1395 2.958039892 0.02224859546 0.5
1387 1396 2.958039892 0.02224859546 0.5
1388 1397 2.958039892 0.02224859546 0.5
1388 1398 2.958039892 0.02224859546 0.5
1388 1399 3.5 0.033 0.5
1389 1391 2.5 0.015 0.5
1389 1392 2.5 0.015 0.5
1389 1393 2.958039892 0.02224859546 0.5
1390 1391 2.5 0.015 0.5
1390 1392 2.5 0.015 0.5
1390 1393 2.958039892 0.02224859546 0.5
1391 1394 2.958039892 0.02224859546 0.5
1391 1395 2.5 0.015 0.5
1391 1396 2.5 0.015 0.5
1392 1394 2.958039892 0.02224859546 0.5
1392 1395 2.5 0.015 0.5
1392 1396 2.5 0.015 0.5
1393 1400 3.5 0.033 0.5
1393 1401 2.958039892 0.02224859546 0.5
1393 1402 2.958039892 0.02224859546 0.5
1394 1403 2.958039892 0.02224859546 0.5
1394 1404 2.958039892 0.02224859546 0.5
1394 1406 3.5 0.033 0.5
1395 1397 2.5 0.015 0.5
1395 1398 2.5 0.015 0.5
1395 1399 2.958039892 0.02224859546 0.5
1396 1397 2.5 0.015 0.5
1396 1398 2.5 0.015 0.5
1396 1399 2.958039892 0.02224859546 0.5
1397 1400 2.958039892 0.02224859546 0.5
1397 1401 2.5 0.015 0.5
1397 1402 2.5 0.015 0.5
1398 1400 2.958039892 0.02224859546 0.5
1398 1401 2.5 0.015 0.5
1398 1402 2.5 0.015 0.5
1399 1407 3.5 0.033 0.5
1399 1408 2.958039892 0.02224859546 0.5
1399 1409 2.958039892 0.02224859546 0.5
1400 1410 2.958039892 0.02224859546 0.5
1400 1411 2.958039892 0.02224859546 0.5
1400 1412 3.5 0.033 0.5
1401 1403 2.5 0.015 0.5
1401 1404 2.5 0.015 0.5
1401 1406 2.958039892 0.02224859546 0.5
1402 1403 2.5 0.015 0.5
1402 1404 2.5 0.015 0.5
1402 1406 2.958039892 0.02224859546 0.5
1403 1407 2.958039892 0.02224859546 0.5
1403 1408 2.5 0.015 0.5
1403 1409 2.5 0.015 0.5
1404 1407 2.958039892 0.02224859546 0.5
1404 1408 2.5 0.015 0.5
1404 1409 2.5 0.015 0.5
1406 1413 3.5 0.033 0.5
1406 1414 2.958039892 0.02224859546 0.5
1406 1415 2.958039892 0.02224859546 0.5
1407 1416 2.958039892 0.02224859546 0.5
1407 1417 2.958039892 0.02224859546 0.5
1407 1418 3.5 0.033 0.5
1408 1410 2.5 0.015 0.5
1408 1411 2.5 0.015 0.5
1408 1412 2.958039892 0.02224859546 0.5
1409 1410 2.5 0.015 0.5
1409 1411 2.5 0.015 0.5
1409 1412 2.958039892 0.02224859546 0.5
1410 1413 2.958039892 0.02224859546 0.5
1410 1414 2.5 0.015 0.5
1410 1415 2.5 0.015 0.5
1411 1413 2.958039892 0.02224859546 0.5
1411 1414 2.5 0.015 0.5
1411 1415 2.5 0.015 0.5
1412 1419 3.5 0.033 0.5
1412 1420 2.958039892 0.02224859546 0.5
1412 1421 2.958039892 0.02224859546 0.5
1413 1422 2.958039892 0.02224859546 0.5
1413 1423 2.958039892 0.02224859546 0.5
1413 1424 3.5 0.033 0.5
1414 1416 2.5 0.015 0.5
1414 1417 2.5 0.015 0.5
1414 1418 2.958039892 0.02224859546 0.5
1415 1416 2.5 0.015 0.5
1415 1417 2.5 0.015 0.5
1415 1418 2.958039892 0.02224859546 0.5
1416 1419 2.958039892 0.02224859546 0.5
1416 1420 2.5 0.015 0.5
1416 1421 2.5 0.015 0.5
1417 1419 2.958039892 0.02224859546 0.5
1417 1420 2.5 0.015 0.5
1417 1421 2.5 0.015 0.5
1418 1425 3.5 0.033 0.5
1418 1426 2.958039892 0.02224859546 0.5
1418 1427 2.958039892 0.02224859546 0.5
1419 1428 2.958039892 0.02224859546 0.5
1419 1429 2.958039892 0.02224859546 0.5
1419 1430 3.5 0.033 0.5
1420 1422 2.5 0.015 0.5
1420 1423 2.5 0.015 0.5
1420 1424 2.958039892 0.02224859546 0.5
1421 1422 2.5 0.015 0.5
1421 1423 2.5 0.015 0.5
1421 1424 2.958039892 0.02224859546 0.5
1422 1425 2.958039892 0.02224859546 0.5
1422 1426 2.5 0.015 0.5
1422 1427 2.5 0.015 0.5
1423 1425 2.958039892 0.02224859546 0.5
1423 1426 2.5 0.015 0.5
1423 1427 2.5 0.015 0.5
1424 1431 3.5 0.033 0.5
1424 1432 2.958039892 0.02224859546 0.5
1424 1433 2.958039892 0.02224859546 0.5
1425 1434 2.958039892 0.02224859546 0.5
1425 1435 2.958039892 0.02224859546 0.5
1425 1437 3.5 0.033 0.5
1426 1428 2.5 0.015 0.5
1426 1429 2.5 0.015 0.5
1426 1430 2.958039892 0.02224859546 0.5
1427 1428 2.5 0.015 0.5
1427 1429 2.5 0.015 0.5
1427 1430 2.958039892 0.02224859546 0.5
1428 1431 2.958039892 0.02224859546 0.5
1428 1432 2.5 0.015 0.5
1428 1433 2.5 0.015 0.5
1429 1431 2.958039892 0.02224859546 0.5
1429 1432 2.5 0.015 0.5
1429 1433 2.5 0.015 0.5
1430 1438 3.5 0.033 0.5
1430 1439 2.958039892 0.02224859546 0.5
1430 1440 2.958039892 0.02224859546 0.5
1431 1441 2.958039892 0.02224859546 0.5
1431 1442 2.958039892 0.02224859546 0.5
1431 1443 3.5 0.033 0.5
1432 1434 2.5 0.015 0.5
1432 1435 2.5 0.015 0.5
1432 1437 2.958039892 0.02224859546 0.5
1433 1434 2.5 0.015 0.5
1433 1435 2.5 0.015 0.5
1433 1437 2.958039892 0.02224859546 0.5
1434 1438 2.958039892 0.02224859546 0.5
1434 1439 2.5 0.015 0.5
1434 1440 2.5 0.015 0.5
1435 1438 2.958039892 0.02224859546 0.5
1435 1439 2.5 0.015 0.5
1435 1440 2.5 0.015 0.5
1437 1444 3.5 0.033 0.5
1437 1445 2.958039892 0.02224859546 0.5
1437 1446 2.958039892 0.02224859546 0.5
1438 1447 2.958039892 0.02224859546 0.5
1438 1448 2.958039892 0.02224859546 0.5
1438 1449 3.5 0.033 0.5
1439 1441 2.5 0.015 0.5
1439 1442 2.5 0.015 0.5
1439 1443 2.958039892 0.02224859546 0.5
1440 1441 2.5 0.015 0.5
1440 1442 2.5 0.015 0.5
1440 1443 2.958039892 0.02224859546 0.5
1441 1444 2.958039892 0.02224859546 0.5
1441 1445 2.5 0.015 0.5
1441 1446 2.5 0.015 0.5
1442 1444 2.958039892 0.02224859546 0.5
1442 1445 2.5 0.015 0.5
1442 1446 2.5 0.015 0.5
1443 1450 3.5 0.033 0.5
1443 1451 2.958039892 0.02224859546 0.5
1443 1452 2.958039892 0.02224859546 0.5
1444 1453 2.958039892 0.02224859546 0.5
1444 1454 2.958039892 0.02224859546 0.5
1444 1455 3.5 0.033 0.5
1445 1447 2.5 0.015 0.5
1445 1448 2.5 0.015 0.5
1445 1449 2.958039892 0.02224859546 0.5
1446 1447 2.5 0.015 0.5
1446 1448 2.5 0.015 0.5
1446 1449 2.958039892 0.02224859546 0.5
1447 1450 2.958039892 0.02224859546 0.5
1447 1451 2.5 0.015 0.5
1447 1452 2.5 0.015 0.5
1448 1450 2.958039892 0.02224859546 0.5
1448 1451 2.5 0.015 0.5
1448 1452 2.5 0.015 0.5
1449 1456 3.5 0.033 0.5
1449 1457 2.958039892 0.02224859546 0.5
1449 1458 2.958039892 0.02224859546 0.5
1450 1459 2.958039892 0.02224859546 0.5
1450 1460 2.958039892 0.02224859546 0.5
1450 1461 3.5 0.033 0.5
1451 1453 2.5 0.015 0.5
1451 1454 2.5 0.015 0.5
1451 1455 2.958039892 0.02224859546 0.5
1452 1453 2.5 0.015 0.5
1452 1454 2.5 0.015 0.5
1452 1455 2.958039892 0.02224859546 0.5
1453 1456 2.958039892 0.02224859546 0.5
1453 1457 2.5 0.015 0.5
1453 1458 2.5 0.015 0.5
1454 1456 2.958039892 0.02224859546 0.5
1454 1457 2.5 0.015 0.5
1454 1458 2.5 0.015 0.5
1455 1462 3.5 0.033 0.5
1455 1463 2.958039892 0.02224859546 0.5
1455 1464 2.958039892 0.02224859546 0.5
1456 1465 2.958039892 0.02224859546 0.5
1456 1466 2.958039892 0.02224859546 0.5
1456 1468 3.5 0.033 0.5
1457 1459 2.5 0.015 0.5
1457 1460 2.5 0.015 0.5
1457 1461 2.958039892 0.02224859546 0.5
1458 1459 2.5 0.015 0.5
1458 1460 2.5 0.015 0.5
1458 1461 2.958039892 0.02224859546 0.5
1459 1462 2.958039892 0.02224859546 0.5
1459 1463 2.5 0.015 0.5
1459 1464 2.5 0.015 0.5
1460 1462 2.958039892 0.02224859546 0.5
1460 1463 2.5 0.015 0.5
1460 1464 2.5 0.015 0.5
1461 1469 3.5 0.033 0.5
1461 1470 2.958039892 0.02224859546 0.5
1461 1471 2.958039892 0.02224859546 0.5
1462 1472 2.958039892 0.02224859546 0.5
1462 1473 2.958039892 0.02224859546 0.5
1462 1474 3.5 0.033 0.5
1463 1465 2.5 0.015 0.5
1463 1466 2.5 0.015 0.5
1463 1468 2.958039892 0.02224859546 0.5
1464 1465 2.5 0.015 0.5
1464 1466 2.5 0.015 0.5
1464 1468 2.958039892 0.02224859546 0.5
1465 1469 2.958039892 0.02224859546 0.5
1465 1470 2.5 0.015 0.5
1465 1471 2.5 0.015 0.5
1466 1469 2.958039892 0.02224859546 0.5
1466 1470 2.5 0.015 0.5
1466 1471 2.5 0.015 0.5
1468 1475 3.5 0.033 0.5
1468 1476 2.958039892 0.02224859546 0.5
1468 1477 2.958039892 0.02224859546 0.5
1469 1478 2.958039892 0.02224859546 0.5
1469 1479 2.958039892 0.02224859546 0.5
1469 1480 3.5 0.033 0.5
1470 1472 2.5 0.015 0.5
1470 1473 2.5 0.015 0.5
1470 1474 2.958039892 0.02224859546 0.5
1471 1472 2.5 0.015 0.5
1471 1473 2.5 0.015 0.5
1471 1474 2.958039892 0.02224859546 0.5
1472 1475 2.958039892 0.02224859546 0.5
1472 1476 2.5 0.015 0.5
1472 1477 2.5 0.015 0.5
1473 1475 2.958039892 0.02224859546 0.5
1473 1476 2.5 0.015 0.5
1473 1477 2.5 0.015 0.5
1474 1481 3.5 0.033 0.5
1474 1482 2.958039892 0.02224859546 0.5
1474 1483 2.958039892 0.02224859546 0.5
1475 1484 2.958039892 0.02224859546 0.5
1475 1485 2.958039892 0.02224859546 0.5
1475 1486 3.5 0.033 0.5
1476 1478 2.5 0.015 0.5
1476 1479 2.5 0.015 0.5
1476 1480 2.958039892 0.02224859546 0.5
1477 1478 2.5 0.015 0.5
1477 1479 2.5 0.015 0.5
1477 1480 2.958039892 0.02224859546 0.5
1478 1481 2.958039892 0.02224859546 0.5
1478 1482 2.5 0.015 0.5
1478 1483 2.5 0.015 0.5
1479 1481 2.958039892 0.02224859546 0.5
1479 1482 2.5 0.015 0.5
1479 1483 2.5 0.015 0.5
1480 1487 3.5 0.033 0.5
1480 1488 2.958039892 0.02224859546 0.5
1480 1489 2.958039892 0.02224859546 0.5
1481 1490 2.958039892 0.02224859546 0.5
1481 1491 2.958039892 0.02224859546 0.5
1481 1492 3.5 0.033 0.5
1482 1484 2.5 0.015 0.5
1482 1485 2.5 0.015 0.5
1482 1486 2.958039892 0.02224859546 0.5
1483 1484 2.5 0.015 0.5
1483 1485 2.5 0.015 0.5
1483 1486 2.958039892 0.02224859546 0.5
1484 1487 2.958039892 0.02224859546 0.5
1484 1488 2.5 0.015 0.5
1484 1489 2.5 0.015 0.5
1485 1487 2.958039892 0.02224859546 0.5
1485 1488 2.5 0.015 0.5
1485 1489 2.5 0.015 0.5
1486 1493 3.5 0.033 0.5
1486 1494 2.958039892 0.02224859546 0.5
1486 1495 2.958039892 0.02224859546 0.5
1487 1496 2.958039892 0.02224859546 0.5
1487 1497 2.958039892 0.02224859546 0.5
1487 1499 3.5 0.033 0.5
1488 1490 2.5 0.015 0.5
1488 1491 2.5 0.015 0.5
1488 1492 2.958039892 0.02224859546 0.5
1489 1490 2.5 0.015 0.5
1489 1491 2.5 0.015 0.5
1489 1492 2.958039892 0.02224859546 0.5
1490 1493 2.958039892 0.02224859546 0.5
1490 1494 2.5 0.015 0.5
1490 1495 2.5 0.015 0.5
1491 1493 2.958039892 0.02224859546 0.5
1491 1494 2.5 0.015 0.5
1491 1495 2.5 0.015 0.5
1492 1500 3.5 0.033 0.5
1492 1501 2.958039892 0.02224859546 0.5
1492 1502 2.958039892 0.02224859546 0.5
1493 1503 2.958039892 0.02224859546 0.5
1493 1504 2.958039892 0.02224859546 0.5
1493 1505 3.5 0.033 0.5
1494 1496 2.5 0.015 0.5
1494 1497 2.5 0.015 0.5
1494 1499 2.958039892 0.02224859546 0.5
1495 1496 2.5 0.015 0.5
1495 1497 2.5 0.015 0.5
1495 1499 2.958039892 0.02224859546 0.5
1496 1500 2.958039892 0.02224859546 0.5
1496 1501 2.5 0.015 0.5
1496 1502 2.5 0.015 0.5
1497 1500 2.958039892 0.02224859546 0.5
1497 1501 2.5 0.015 0.5
1497 1502 2.5 0.015 0.5
1499 1506 3.5 0.033 0.5
1499 1507 2.958039892 0.02224859546 0.5
1499 1508 2.958039892 0.02224859546 0.5
1500 1509 2.958039892 0.02224859546 0.5
1500 1510 2.958039892 0.02224859546 0.5
1500 1511 3.5 0.033 0.5
1501 1503 2.5 0.015 0.5
1501 1504 2.5 0.015 0.5
1501 1505 2.958039892 0.02224859546 0.5
1502 1503 2.5 0.015 0.5
1502 1504 2.5 0.015 0.5
1502 1505 2.958039892 0.02224859546 0.5
1503 1506 2.958039892 0.02224859546 0.5
1503 1507 2.5 0.015 0.5
1503 1508 2.5 0.015 0.5
1504 1506 2.958039892 0.02224859546 0.5
1504 1507 2.5 0.015 0.5
1504 1508 2.5 0.015 0.5
1505 1512 3.5 0.033 0.5
1505 1513 2.958039892 0.02224859546 0.5
1505 1514 2.958039892 0.02224859546 0.5
1506 1515 2.958039892 0.02224859546 0.5
1506 1516 2.958039892 0.02224859546 0.5
1506 1517 3.5 0.033 0.5
1507 1509 2.5 0.015 0.5
1507 1510 2.5 0.015 0.5
1507 1511 2.958039892 0.02224859546 0.5
1508 1509 2.5 0.015 0.5
1508 1510 2.5 0.015 0.5
1508 1511 2.958039892 0.02224859546 0.5
1509 1512 2.958039892 0.02224859546 0.5
1509 1513 2.5 0.015 0.5
1509 1514 2.5 0.015 0.5
1510 1512 2.958039892 0.02224859546 0.5
1510 1513 2.5 0.015 0.5
1510 1514 2.5 0.015 0.5
1511 1518 3.5 0.033 0.5
1511 1519 2.958039892 0.02224859546 0.5
1511 1520 2.958039892 0.02224859546 0.5
1512 1521 2.958039892 0.02224859546 0.5
1512 1522 2.958039892 0.02224859546 0.5
1512 1523 3.5 0.033 0.5
1513 1515 2.5 0.015 0.5
1513 1516 2.5 0.015 0.5
1513 1517 2.958039892 0.02224859546 0.5
1514 1515 2.5 0.015 0.5
1514 1516 2.5 0.015 0.5
1514 1517 2.958039892 0.02224859546 0.5
1515 1518 2.958039892 0.02224859546 0.5
1515 1519 2.5 0.015 0.5
1515 1520 2.5 0.015 0.5
1516 1518 2.958039892 0.02224859546 0.5
1516 1519 2.5 0.015 0.5
1516 1520 2.5 0.015 0.5
1517 1524 3.5 0.033 0.5
1517 1525 2.958039892 0.02224859546 0.5
1517 1526 2.958039892 0.02224859546 0.5
1518 1527 2.958039892 0.02224859546 0.5
1518 1528 2.958039892 0.02224859546 0.5
1518 1555 3.5 0.033 0.5
1519 1521 2.5 0.015 0.5
1519 1522 2.5 0.015 0.5
1519 1523 2.958039892 0.02224859546 0.5
1520 1521 2.5 0.015 0.5
1520 1522 2.5 0.015 0.5
1520 1523 2.958039892 0.02224859546 0.5
1521 1524 2.958039892 0.02224859546 0.5
1521 1525 2.5 0.015 0.5
1521 1526 2.5 0.015 0.5
1522 1524 2.958039892 0.02224859546 0.5
1522 1525 2.5 0.015 0.5
1522 1526 2.5 0.015 0.5
1523 1556 3.5 0.033 0.5
1523 1557 2.958039892 0.02224859546 0.5
1523 1558 2.958039892 0.02224859546 0.5
1524 1549 3.5 0.033 0.5
1524 1559 2.958039892 0.02224859546 0.5
1524 1560 2.958039892 0.02224859546 0.5
1525 1527 2.5 0.015 0.5
1525 1528 2.5 0.015 0.5
1525 1555 2.958039892 0.02224859546 0.5
1526 1527 2.5 0.015 0.5
1526 1528 2.5 0.015 0.5
1526 1555 2.958039892 0.02224859546 0.5
1527 1556 2.958039892 0.02224859546 0.5
1527 1557 2.5 0.015 0.5
1527 1558 2.5 0.015 0.5
1528 1556 2.958039892 0.02224859546 0.5
1528 1557 2.5 0.015 0.5
1528 1558 2.5 0.015 0.5
1530 1539 2.958039892 0.02224859546 0.5
1530 1540 2.958039892 0.02224859546 0.5
1530 1544 3.5 0.033 0.5
1531 1537 3.5 0.033 0.5
1531 1541 2.958039892 0.02224859546 0.5
1531 1542 2.958039892 0.02224859546 0.5
1532 1534 2.5 0.015 0.5
1532 1535 2.5 0.015 0.5
1532 1536 2.5 0.015 0.5
1532 1537 2.958039892 0.02224859546 0.5
1532 1541 2.5 0.015 0.5
1532 1542 2.5 0.015 0.5
1533 1534 2.5 0.015 0.5
1533 1535 2.5 0.015 0.5
1533 1536 2.5 0.015 0.5
1533 1537 2.958039892 0.02224859546 0.5
1533 1541 2.5 0.015 0.5
1533 1542 2.5 0.015 0.5
1534 1538 2.958039892 0.02224859546 0.5
1535 1538 2.958039892 0.02224859546 0.5
1536 1538 2.958039892 0.02224859546 0.5
1537 1545 2.958039892 0.02224859546 0.5
1537 1546 2.958039892 0.02224859546 0.5
1537 1550 3.5 0.033 0.5
1538 1543 3.5 0.033 0.5
1538 1547 2.958039892 0.02224859546 0.5
1538 1548 2.958039892 0.02224859546 0.5
1539 1541 2.5 0.015 0.5
1539 1542 2.5 0.015 0.5
1539 1543 2.958039892 0.02224859546 0.5
1539 1547 2.5 0.015 0.5
1539 1548 2.5 0.015 0.5
1540 1541 2.5 0.015 0.5
1540 1542 2.5 0.015 0.5
1540 1543 2.958039892 0.02224859546 0.5
1540 1547 2.5 0.015 0.5
1540 1548 2.5 0.015 0.5
1541 1544 2.958039892 0.02224859546 0.5
1542 1544 2.958039892 0.02224859546 0.5
1543 1551 2.958039892 0.02224859546 0.5
1543 1552 2.958039892 0.02224859546 0.5
1543 1556 3.5 0.033 0.5
1544 1549 3.5 0.033 0.5
1544 1553 2.958039892 0.02224859546 0.5
1544 1554 2.958039892 0.02224859546 0.5
1545 1547 2.5 0.015 0.5
1545 1548 2.5 0.015 0.5
1545 1549 2.958039892 0.02224859546 0.5
1545 1553 2.5 0.015 0.5
1545 1554 2.5 0.015 0.5
1546 1547 2.5 0.015 0.5
1546 1548 2.5 0.015 0.5
1546 1549 2.958039892 0.02224859546 0.5
1546 1553 2.5 0.015 0.5
1546 1554 2.5 0.015 0.5
1547 1550 2.958039892 0.02224859546 0.5
1548 1550 2.958039892 0.02224859546 0.5
1549 1557 2.958039892 0.02224859546 0.5
1549 1558 2.958039892 0.02224859546 0.5
1550 1555 3.5 0.033 0.5
1550 1559 2.958039892 0.02224859546 0.5
1550 1560 2.958039892 0.02224859546 0.5
1551 1553 2.5 0.015 0.5
1551 1554 2.5 0.015 0.5
1551 1555 2.958039892 0.02224859546 0.5
1551 1559 2.5 0.015 0.5
1551 1560 2.5 0.015 0.5
1552 1553 2.5 0.015 0.5
1552 1554 2.5 0.015 0.5
1552 1555 2.958039892 0.02224859546 0.5
1552 1559 2.5 0.015 0.5
1552 1560 2.5 0.015 0.5
1553 1556 2.958039892 0.02224859546 0.5
1554 1556 2.958039892 0.02224859546 0.5
1557 1559 2.5 0.015 0.5
1557 1560 2.5 0.015 0.5
1558 1559 2.5 0.015 0.5
1558 1560 2.5 0.015 0.5
1562 1573 2.958039892 0.02224859546 0.5
1562 1574 2.958039892 0.02224859546 0.5
1562 1575 3.5 0.033 0.5
1563 1570 3.5 0.033 0.5
1563 1571 2.958039892 0.02224859546 0.5
1563 1572 2.958039892 0.02224859546 0.5
1564 1566 2.5 0.015 0.5
1564 1567 2.5 0.015 0.5
1564 1568 2.5 0.015 0.5
1564 1570 2.958039892 0.02224859546 0.5
1564 1571 2.5 0.015 0.5
1564 1572 2.5 0.015 0.5
1565 1566 2.5 0.015 0.5
1565 1567 2.5 0.015 0.5
1565 1568 2.5 0.015 0.5
1565 1570 2.958039892 0.02224859546 0.5
1565 1571 2.5 0.015 0.5
1565 1572 2.5 0.015 0.5
1566 1569 2.958039892 0.02224859546 0.5
1567 1569 2.958039892 0.02224859546 0.5
1568 1569 2.958039892 0.02224859546 0.5
1569 1576 3.5 0.033 0.5
1569 1577 2.958039892 0.02224859546 0.5
1569 1578 2.958039892 0.02224859546 0.5
1570 1579 2.958039892 0.02224859546 0.5
1570 1580 2.958039892 0.02224859546 0.5
1570 1581 3.5 0.033 0.5
1571 1573 2.5 0.015 0.5
1571 1574 2.5 0.015 0.5
1571 1575 2.958039892 0.02224859546 0.5
1572 1573 2.5 0.015 0.5
1572 1574 2.5 0.015 0.5
1572 1575 2.958039892 0.02224859546 0.5
1573 1576 2.958039892 0.02224859546 0.5
1573 1577 2.5 0.015 0.5
1573 1578 2.5 0.015 0.5
1574 1576 2.958039892 0.02224859546 0.5
1574 1577 2.5 0.015 0.5
1574 1578 2.5 0.015 0.5
1575 1582 3.5 0.033 0.5
1575 1583 2.958039892 0.02224859546 0.5
1575 1584 2.958039892 0.02224859546 0.5
1576 1585 2.958039892 0.02224859546 0.5
1576 1586 2.958039892 0.02224859546 0.5
1576 1587 3.5 0.033 0.5
1577 1579 2.5 0.015 0.5
1577 1580 2.5 0.015 0.5
1577 1581 2.958039892 0.02224859546 0.5
1578 1579 2.5 0.015 0.5
1578 1580 2.5 0.015 0.5
1578 1581 2.958039892 0.02224859546 0.5
1579 1582 2.958039892 0.02224859546 0.5
1579 1583 2.5 0.015 0.5
1579 1584 2.5 0.015 0.5
1580 1582 2.958039892 0.02224859546 0.5
1580 1583 2.5 0.015 0.5
1580 1584 2.5 0.015 0.5
1581 1588 3.5 0.033 0.5
1581 1589 2.958039892 0.02224859546 0.5
1581 1590 2.958039892 0.02224859546 0.5
1582 1591 2.958039892 0.02224859546 0.5
1582 1592 2.958039892 0.02224859546 0.5
1582 1594 3.5 0.033 0.5
1583 1585 2.5 0.015 0.5
1583 1586 2.5 0.015 0.5
1583 1587 2.958039892 0.02224859546 0.5
1584 1585 2.5 0.015 0.5
1584 1586 2.5 0.015 0.5
1584 1587 2.958039892 0.02224859546 0.5
1585 1588 2.958039892 0.02224859546 0.5
1585 1589 2.5 0.015 0.5
1585 1590 2.5 0.015 0.5
1586 1588 2.958039892 0.02224859546 0.5
1586 1589 2.5 0.015 0.5
1586 1590 2.5 0.015 0.5
1587 1595 3.5 0.033 0.5
1587 1596 2.958039892 0.02224859546 0.5
1587 1597 2.958039892 0.02224859546 0.5
1588 1598 2.958039892 0.02224859546 0.5
1588 1599 2.958039892 0.02224859546 0.5
1588 1600 3.5 0.033 0.5
1589 1591 2.5 0.015 0.5
1589 1592 2.5 0.015 0.5
1589 1594 2.958039892 0.02224859546 0.5
1590 1591 2.5 0.015 0.5
1590 1592 2.5 0.015 0.5
1590 1594 2.958039892 0.02224859546 0.5
1591 1595 2.958039892 0.02224859546 0.5
1591 1596 2.5 0.015 0.5
1591 1597 2.5 0.015 0.5
1592 1595 2.958039892 0.02224859546 0.5
1592 1596 2.5 0.015 0.5
1592 1597 2.5 0.015 0.5
1594 1601 3.5 0.033 0.5
1594 1602 2.958039892 0.02224859546 0.5
1594 1603 2.958039892 0.02224859546 0.5
1595 1604 2.958039892 0.02224859546 0.5
1595 1605 2.958039892 0.02224859546 0.5
1595 1606 3.5 0.033 0.5
1596 1598 2.5 0.015 0.5
1596 1599 2.5 0.015 0.5
1596 1600 2.958039892 0.02224859546 0.5
1597 1598 2.5 0.015 0.5
1597 1599 2.5 0.015 0.5
1597 1600 2.958039892 0.02224859546 0.5
1598 1601 2.958039892 0.02224859546 0.5
1598 1602 2.5 0.015 0.5
1598 1603 2.5 0.015 0.5
1599 1601 2.958039892 0.02224859546 0.5
1599 1602 2.5 0.015 0.5
1599 1603 2.5 0.015 0.5
1600 1607 3.5 0.033 0.5
1600 1608 2.958039892 0.02224859546 0.5
1600 1609 2.958039892 0.02224859546 0.5
1601 1610 2.958039892 0.02224859546 0.5
1601 1611 2.958039892 0.02224859546 0.5
1601 1612 3.5 0.033 0.5
1602 1604 2.5 0.015 0.5
1602 1605 2.5 0.015 0.5
1602 1606 2.958039892 0.02224859546 0.5
1603 1604 2.5 0.015 0.5
1603 1605 2.5 0.015 0.5
1603 1606 2.958039892 0.02224859546 0.5
1604 1607 2.958039892 0.02224859546 0.5
1604 1608 2.5 0.015 0.5
1604 1609 2.5 0.015 0.5
1605 1607 2.958039892 0.02224859546 0.5
1605 1608 2.5 0.015 0.5
1605 1609 2.5 0.015 0.5
1606 1613 3.5 0.033 0.5
1606 1614 2.958039892 0.02224859546 0.5
1606 1615 2.958039892 0.02224859546 0.5
1607 1616 2.958039892 0.02224859546 0.5
1607 1617 2.958039892 0.02224859546 0.5
1607 1618 3.5 0.033 0.5
1608 1610 2.5 0.015 0.5
1608 1611 2.5 0.015 0.5
1608 1612 2.958039892 0.02224859546 0.5
1609 1610 2.5 0.015 0.5
1609 1611 2.5 0.015 0.5
1609 1612 2.958039892 0.02224859546 0.5
1610 1613 2.958039892 0.02224859546 0.5
1610 1614 2.5 0.015 0.5
1610 1615 2.5 0.015 0.5
1611 1613 2.958039892 0.02224859546 0.5
1611 1614 2.5 0.015 0.5
1611 1615 2.5 0.015 0.5
1612 1619 3.5 0.033 0.5
1612 1620 2.958039892 0.02224859546 0.5
1612 1621 2.958039892 0.02224859546 0.5
1613 1622 2.958039892 0.02224859546 0.5
1613 1623 2.958039892 0.02224859546 0.5
1613 1625 3.5 0.033 0.5
1614 1616 2.5 0.015 0.5
1614 1617 2.5 0.015 0.5
1614 1618 2.958039892 0.02224859546 0.5
1615 1616 2.5 0.015 0.5
1615 1617 2.5 0.015 0.5
1615 1618 2.958039892 0.02224859546 0.5
1616 1619 2.958039892 0.02224859546 0.5
1616 1620 2.5 0.015 0.5
1616 1621 2.5 0.015 0.5
1617 1619 2.958039892 0.02224859546 0.5
1617 1620 2.5 0.015 0.5
1617 1621 2.5 0.015 0.5
1618 1626 3.5 0.033 0.5
1618 1627 2.958039892 0.02224859546 0.5
1618 1628 2.958039892 0.02224859546 0.5
1619 1629 2.958039892 0.02224859546 0.5
1619 1630 2.958039892 0.02224859546 0.5
1619 1631 3.5 0.033 0.5
1620 1622 2.5 0.015 0.5
1620 1623 2.5 0.015 0.5
1620 1625 2.958039892 0.02224859546 0.5
1621 1622 2.5 0.015 0.5
1621 1623 2.5 0.015 0.5
1621 1625 2.958039892 0.02224859546 0.5
1622 1626 2.958039892 0.02224859546 0.5
1622 1627 2.5 0.015 0.5
1622 1628 2.5 0.015 0.5
1623 1626 2.958039892 0.02224859546 0.5
1623 1627 2.5 0.015 0.5
1623 1628 2.5 0.015 0.5
1625 1632 3.5 0.033 0.5
1625 1633 2.958039892 0.02224859546 0.5
1625 1634 2.958039892 0.02224859546 0.5
1626 1635 2.958039892 0.02224859546 0.5
1626 1636 2.958039892 0.02224859546 0.5
1626 1637 3.5 0.033 0.5
1627 1629 2.5 0.015 0.5
1627 1630 2.5 0.015 0.5
1627 1631 2.958039892 0.02224859546 0.5
1628 1629 2.5 0.015 0.5
1628 1630 2.5 0.015 0.5
1628 1631 2.958039892 0.02224859546 0.5
1629 1632 2.958039892 0.02224859546 0.5
1629 1633 2.5 0.015 0.5
1629 1634 2.5 0.015 0.5
1630 1632 2.958039892 0.02224859546 0.5
1630 1633 2.5 0.015 0.5
1630 1634 2.5 0.015 0.5
1631 1638 3.5 0.033 0.5
1631 1639 2.958039892 0.02224859546 0.5
1631 1640 2.958039892 0.02224859546 0.5
1632 1641 2.958039892 0.02224859546 0.5
1632 1642 2.958039892 0.02224859546 0.5
1632 1643 3.5 0.033 0.5
1633 1635 2.5 0.015 0.5
1633 1636 2.5 0.015 0.5
1633 1637 2.958039892 0.02224859546 0.5
1634 1635 2.5 0.015 0.5
1634 1636 2.5 0.015 0.5
1634 1637 2.958039892 0.02224859546 0.5
1635 1638 2.958039892 0.02224859546 0.5
1635 1639 2.5 0.015 0.5
1635 1640 2.5 0.015 0.5
1636 1638 2.958039892 0.02224859546 0.5
1636 1639 2.5 0.015 0.5
1636 1640 2.5 0.015 0.5
1637 1644 3.5 0.033 0.5
1637 1645 2.958039892 0.02224859546 0.5
1637 1646 2.958039892 0.02224859546 0.5
1638 1647 2.958039892 0.02224859546 0.5
1638 1648 2.958039892 0.02224859546 0.5
1638 1649 3.5 0.033 0.5
1639 1641 2.5 0.015 0.5
1639 1642 2.5 0.015 0.5
1639 1643 2.958039892 0.02224859546 0.5
1640 1641 2.5 0.015 0.5
1640 1642 2.5 0.015 0.5
1640 1643 2.958039892 0.02224859546 0.5
1641 1644 2.958039892 0.02224859546 0.5
1641 1645 2.5 0.015 0.5
1641 1646 2.5 0.015 0.5
1642 1644 2.958039892 0.02224859546 0.5
1642 1645 2.5 0.015 0.5
1642 1646 2.5 0.015 0.5
1643 1650 3.5 0.033 0.5
1643 1651 2.958039892 0.02224859546 0.5
1643 1652 2.958039892 0.02224859546 0.5
1644 1653 2.958039892 0.02224859546 0.5
1644 1654 2.958039892 0.02224859546 0.5
1644 1656 3.5 0.033 0.5
1645 1647 2.5 0.015 0.5
1645 1648 2.5 0.015 0.5
1645 1649 2.958039892 0.02224859546 0.5
1646 1647 2.5 0.015 0.5
1646 1648 2.5 0.015 0.5
1646 1649 2.958039892 0.02224859546 0.5
1647 1650 2.958039892 0.02224859546 0.5
1647 1651 2.5 0.015 0.5
1647 1652 2.5 0.015 0.5
1648 1650 2.958039892 0.02224859546 0.5
1648 1651 2.5 0.015 0.5
1648 1652 2.5 0.015 0.5
1649 1657 3.5 0.033 0.5
1649 1658 2.958039892 0.02224859546 0.5
1649 1659 2.958039892 0.02224859546 0.5
1650 1660 2.958039892 0.02224859546 0.5
1650 1661 2.958039892 0.02224859546 0.5
1650 1662 3.5 0.033 0.5
1651 1653 2.5 0.015 0.5
1651 1654 2.5 0.015 0.5
1651 1656 2.958039892 0.02224859546 0.5
1652 1653 2.5 0.015 0.5
1652 1654 2.5 0.015 0.5
1652 1656 2.958039892 0.02224859546 0.5
1653 1657 2.958039892 0.02224859546 0.5
1653 1658 2.5 0.015 0.5
1653 1659 2.5 0.015 0.5
1654 1657 2.958039892 0.02224859546 0.5
1654 1658 2.5 0.015 0.5
1654 1659 2.5 0.015 0.5
1656 1663 3.5 0.033 0.5
1656 1664 2.958039892 0.02224859546 0.5
1656 1665 2.958039892 0.02224859546 0.5
1657 1666 2.958039892 0.02224859546 0.5
1657 1667 2.958039892 0.02224859546 0.5
1657 1668 3.5 0.033 0.5
1658 1660 2.5 0.015 0.5
1658 1661 2.5 0.015 0.5
1658 1662 2.958039892 0.02224859546 0.5
1659 1660 2.5 0.015 0.5
1659 1661 2.5 0.015 0.5
1659 1662 2.958039892 0.02224859546 0.5
1660 1663 2.958039892 0.02224859546 0.5
1660 1664 2.5 0.015 0.5
1660 1665 2.5 0.015 0.5
1661 1663 2.958039892 0.02224859546 0.5
1661 1664 2.5 0.015 0.5
1661 1665 2.5 0.015 0.5
1662 1669 3.5 0.033 0.5
1662 1670 2.958039892 0.02224859546 0.5
1662 1671 2.958039892 0.02224859546 0.5
1663 1672 2.958039892 0.02224859546 0.5
1663 1673 2.958039892 0.02224859546 0.5
1663 1674 3.5 0.033 0.5
1664 1666 2.5 0.015 0.5
1664 1667 2.5 0.015 0.5
1664 1668 2.958039892 0.02224859546 0.5
1665 1666 2.5 0.015 0.5
1665 1667 2.5 0.015 0.5
1665 1668 2.958039892 0.02224859546 0.5
1666 1669 2.958039892 0.02224859546 0.5
1666 1670 2.5 0.015 0.5
1666 1671 2.5 0.015 0.5
1667 1669 2.958039892 0.02224859546 0.5
1667 1670 2.5 0.015 0.5
1667 1671 2.5 0.015 0.5
1668 1675 3.5 0.033 0.5
1668 1676 2.958039892 0.02224859546 0.5
1668 1677 2.958039892 0.02224859546 0.5
1669 1678 2.958039892 0.02224859546 0.5
1669 1679 2.958039892 0.02224859546 0.5
1669 1680 3.5 0.033 0.5
1670 1672 2.5 0.015 0.5
1670 1673 2.5 0.015 0.5
1670 1674 2.958039892 0.02224859546 0.5
1671 1672 2.5 0.015 0.5
1671 1673 2.5 0.015 0.5
1671 1674 2.958039892 0.02224859546 0.5
1672 1675 2.958039892 0.02224859546 0.5
1672 1676 2.5 0.015 0.5
1672 1677 2.5 0.015 0.5
1673 1675 2.958039892 0.02224859546 0.5
1673 1676 2.5 0.015 0.5
1673 1677 2.5 0.015 0.5
1674 1681 3.5 0.033 0.5
1674 1682 2.958039892 0.02224859546 0.5
1674 1683 2.958039892 0.02224859546 0.5
1675 1684 2.958039892 0.02224859546 0.5
1675 1685 2.958039892 0.02224859546 0.5
1675 1687 3.5 0.033 0.5
1676 1678 2.5 0.015 0.5
1676 1679 2.5 0.015 0.5
1676 1680 2.958039892 0.02224859546 0.5
1677 1678 2.5 0.015 0.5
1677 1679 2.5 0.015 0.5
1677 1680 2.958039892 0.02224859546 0.5
1678 1681 2.958039892 0.02224859546 0.5
1678 1682 2.5 0.015 0.5
1678 1683 2.5 0.015 0.5
1679 1681 2.958039892 0.02224859546 0.5
1679 1682 2.5 0.015 0.5
1679 1683 2.5 0.015 0.5
1680 1688 3.5 0.033 0.5
1680 1689 2.958039892 0.02224859546 0.5
1680 1690 2.958039892 0.02224859546 0.5
1681 1691 2.958039892 0.02224859546 0.5
1681 1692 2.958039892 0.02224859546 0.5
1681 1693 3.5 0.033 0.5
1682 1684 2.5 0.015 0.5
1682 1685 2.5 0.015 0.5
1682 1687 2.958039892 0.02224859546 0.5
1683 1684 2.5 0.015 0.5
1683 1685 2.5 0.015 0.5
1683 1687 2.958039892 0.02224859546 0.5
1684 1688 2.958039892 0.02224859546 0.5
1684 1689 2.5 0.015 0.5
1684 1690 2.5 0.015 0.5
1685 1688 2.958039892 0.02224859546 0.5
1685 1689 2.5 0.015 0.5
1685 1690 2.5 0.015 0.5
1687 1694 3.5 0.033 0.5
1687 1695 2.958039892 0.02224859546 0.5
1687 1696 2.958039892 0.02224859546 0.5
1688 1697 2.958039892 0.02224859546 0.5
1688 1698 2.958039892 0.02224859546 0.5
1688 1699 3.5 0.033 0.5
1689 1691 2.5 0.015 0.5
1689 1692 2.5 0.015 0.5
1689 1693 2.958039892 0.02224859546 0.5
1690 1691 2.5 0.015 0.5
1690 1692 2.5 0.015 0.5
1690 1693 2.958039892 0.02224859546 0.5
1691 1694 2.958039892 0.02224859546 0.5
1691 1695 2.5 0.015 0.5
1691 1696 2.5 0.015 0.5
1692 1694 2.958039892 0.02224859546 0.5
1692 1695 2.5 0.015 0.5
1692 1696 2.5 0.015 0.5
1693 1700 3.5 0.033 0.5
1693 1701 2.958039892 0.02224859546 0.5
1693 1702 2.958039892 0.02224859546 0.5
1694 1703 2.958039892 0.02224859546 0.5
1694 1704 2.958039892 0.02224859546 0.5
1694 1705 3.5 0.033 0.5
1695 1697 2.5 0.015 0.5
1695 1698 2.5 0.015 0.5
1695 1699 2.958039892 0.02224859546 0.5
1696 1697 2.5 0.015 0.5
1696 1698 2.5 0.015 0.5
1696 1699 2.958039892 0.02224859546 0.5
1697 1700 2.958039892 0.02224859546 0.5
1697 1701 2.5 0.015 0.5
1697 1702 2.5 0.015 0.5
1698 1700 2.958039892 0.02224859546 0.5
1698 1701 2.5 0.015 0.5
1698 1702 2.5 0.015 0.5
1699 1706 3.5 0.033 0.5
1699 1707 2.958039892 0.02224859546 0.5
1699 1708 2.958039892 0.02224859546 0.5
1700 1709 2.958039892 0.02224859546 0.5
1700 1710 2.958039892 0.02224859546 0.5
1700 1711 3.5 0.033 0.5
1701 1703 2.5 0.015 0.5
1701 1704 2.5 0.015 0.5
1701 1705 2.958039892 0.02224859546 0.5
1702 1703 2.5 0.015 0.5
1702 1704 2.5 0.015 0.5
1702 1705 2.958039892 0.02224859546 0.5
1703 1706 2.958039892 0.02224859546 0.5
1703 1707 2.5 0.015 0.5
1703 1708 2.5 0.015 0.5
1704 1706 2.958039892 0.02224859546 0.5
1704 1707 2.5 0.015 0.5
1704 1708 2.5 0.015 0.5
1705 1712 3.5 0.033 0.5
1705 1713 2.958039892 0.02224859546 0.5
1705 1714 2.958039892 0.02224859546 0.5
1706 1715 2.958039892 0.02224859546 0.5
1706 1716 2.958039892 0.02224859546 0.5
1706 1718 3.5 0.033 0.5
1707 1709 2.5 0.015 0.5
1707 1710 2.5 0.015 0.5
1707 1711 2.958039892 0.02224859546 0.5
1708 1709 2.5 0.015 0.5
1708 1710 2.5 0.015 0.5
1708 1711 2.958039892 0.02224859546 0.5
1709 1712 2.958039892 0.02224859546 0.5
1709 1713 2.5 0.015 0.5
1709 1714 2.5 0.015 0.5
1710 1712 2.958039892 0.02224859546 0.5
1710 1713 2.5 0.015 0.5
1710 1714 2.5 0.015 0.5
1711 1719 3.5 0.033 0.5
1711 1720 2.958039892 0.02224859546 0.5
1711 1721 2.958039892 0.02224859546 0.5
1712 1722 2.958039892 0.02224859546 0.5
1712 1723 2.958039892 0.02224859546 0.5
1712 1724 3.5 0.033 0.5
1713 1715 2.5 0.015 0.5
1713 1716 2.5 0.015 0.5
1713 1718 2.958039892 0.02224859546 0.5
1714 1715 2.5 0.015 0.5
1714 1716 2.5 0.015 0.5
1714 1718 2.958039892 0.02224859546 0.5
1715 1719 2.958039892 0.02224859546 0.5
1715 1720 2.5 0.015 0.5
1715 1721 2.5 0.015 0.5
1716 1719 2.958039892 0.02224859546 0.5
1716 1720 2.5 0.015 0.5
1716 1721 2.5 0.015 0.5
1718 1725 3.5 0.033 0.5
1718 1726 2.958039892 0.02224859546 0.5
1718 1727 2.958039892 0.02224859546 0.5
1719 1728 2.958039892 0.02224859546 0.5
1719 1729 2.958039892 0.02224859546 0.5
1719 1730 3.5 0.033 0.5
1720 1722 2.5 0.015 0.5
1720 1723 2.5 0.015 0.5
1720 1724 2.958039892 0.02224859546 0.5
1721 1722 2.5 0.015 0.5
1721 1723 2.5 0.015 0.5
1721 1724 2.958039892 0.02224859546 0.5
1722 1725 2.958039892 0.02224859546 0.5
1722 1726 2.5 0.015 0.5
1722 1727 2.5 0.015 0.5
1723 1725 2.958039892 0.02224859546 0.5
1723 1726 2.5 0.015 0.5
1723 1727 2.5 0.015 0.5
1724 1731 3.5 0.033 0.5
1724 1732 2.958039892 0.02224859546 0.5
1724 1733 2.958039892 0.02224859546 0.5
1725 1734 2.958039892 0.02224859546 0.5
1725 1735 2.958039892 0.02224859546 0.5
1725 1736 3.5 0.033 0.5
1726 1728 2.5 0.015 0.5
1726 1729 2.5 0.015 0.5
1726 1730 2.958039892 0.02224859546 0.5
1727 1728 2.5 0.015 0.5
1727 1729 2.5 0.015 0.5
1727 1730 2.958039892 0.02224859546 0.5
1728 1731 2.958039892 0.02224859546 0.5
1728 1732 2.5 0.015 0.5
1728 1733 2.5 0.015 0.5
1729 1731 2.958039892 0.02224859546 0.5
1729 1732 2.5 0.015 0.5
1729 1733 2.5 0.015 0.5
1730 1737 3.5 0.033 0.5
1730 1738 2.958039892 0.02224859546 0.5
1730 1739 2.958039892 0.02224859546 0.5
1731 1740 2.958039892 0.02224859546 0.5
1731 1741 2.958039892 0.02224859546 0.5
1731 1742 3.5 0.033 0.5
1732 1734 2.5 0.015 0.5
1732 1735 2.5 0.015 0.5
1732 1736 2.958039892 0.02224859546 0.5
1733 1734 2.5 0.015 0.5
1733 1735 2.5 0.015 0.5
1733 1736 2.958039892 0.02224859546 0.5
1734 1737 2.958039892 0.02224859546 0.5
1734 1738 2.5 0.015 0.5
1734 1739 2.5 0.015 0.5
1735 1737 2.958039892 0.02224859546 0.5
1735 1738 2.5 0.015 0.5
1735 1739 2.5 0.015 0.5
1736 1743 3.5 0.033 0.5
1736 1744 2.958039892 0.02224859546 0.5
1736 1745 2.958039892 0.02224859546 0.5
1737 1746 2.958039892 0.02224859546 0.5
1737 1747 2.958039892 0.02224859546 0.5
1737 1749 3.5 0.033 0.5
1738 1740 2.5 0.015 0.5
1738 1741 2.5 0.015 0.5
1738 1742 2.958039892 0.02224859546 0.5
1739 1740 2.5 0.015 0.5
1739 1741 2.5 0.015 0.5
1739 1742 2.958039892 0.02224859546 0.5
1740 1743 2.958039892 0.02224859546 0.5
1740 1744 2.5 0.015 0.5
1740 1745 2.5 0.015 0.5
1741 1743 2.958039892 0.02224859546 0.5
1741 1744 2.5 0.015 0.5
1741 1745 2.5 0.015 0.5
1742 1750 3.5 0.033 0.5
1742 1751 2.958039892 0.02224859546 0.5
1742 1752 2.958039892 0.02224859546 0.5
1743 1753 2.958039892 0.02224859546 0.5
1743 1754 2.958039892 0.02224859546 0.5
1743 1755 3.5 0.033 0.5
1744 1746 2.5 0.015 0.5
1744 1747 2.5 0.015 0.5
1744 1749 2.958039892 0.02224859546 0.5
1745 1746 2.5 0.015 0.5
1745 1747 2.5 0.015 0.5
1745 1749 2.958039892 0.02224859546 0.5
1746 1750 2.958039892 0.02224859546 0.5
1746 1751 2.5 0.015 0.5
1746 1752 2.5 0.015 0.5
1747 1750 2.958039892 0.02224859546 0.5
1747 1751 2.5 0.015 0.5
1747 1752 2.5 0.015 0.5
1749 1756 3.5 0.033 0.5
1749 1757 2.958039892 0.02224859546 0.5
1749 1758 2.958039892 0.02224859546 0.5
1750 1759 2.958039892 0.02224859546 0.5
1750 1760 2.958039892 0.02224859546 0.5
1750 1761 3.5 0.033 0.5
1751 1753 2.5 0.015 0.5
1751 1754 2.5 0.015 0.5
1751 1755 2.958039892 0.02224859546 0.5
1752 1753 2.5 0.015 0.5
1752 1754 2.5 0.015 0.5
1752 1755 2.958039892 0.02224859546 0.5
1753 1756 2.958039892 0.02224859546 0.5
1753 1757 2.5 0.015 0.5
1753 1758 2.5 0.015 0.5
1754 1756 2.958039892 0.02224859546 0.5
1754 1757 2.5 0.015 0.5
1754 1758 2.5 0.015 0.5
1755 1762 3.5 0.033 0.5
1755 1763 2.958039892 0.02224859546 0.5
1755 1764 2.958039892 0.02224859546 0.5
1756 1765 2.958039892 0.02224859546 0.5
1756 1766 2.958039892 0.02224859546 0.5
1756 1767 3.5 0.033 0.5
1757 1759 2.5 0.015 0.5
1757 1760 2.5 0.015 0.5
1757 1761 2.958039892 0.02224859546 0.5
1758 1759 2.5 0.015 0.5
1758 1760 2.5 0.015 0.5
1758 1761 2.958039892 0.02224859546 0.5
1759 1762 2.958039892 0.02224859546 0.5
1759 1763 2.5 0.015 0.5
1759 1764 2.5 0.015 0.5
1760 1762 2.958039892 0.02224859546 0.5
1760 1763 2.5 0.015 0.5
1760 1764 2.5 0.015 0.5
1761 1768 3.5 0.033 0.5
1761 1769 2.958039892 0.02224859546 0.5
1761 1770 2.958039892 0.02224859546 0.5
1762 1771 2.958039892 0.02224859546 0.5
1762 1772 2.958039892 0.02224859546 0.5
1762 1773 3.5 0.033 0.5
1763 1765 2.5 0.015 0.5
1763 1766 2.5 0.015 0.5
1763 1767 2.958039892 0.02224859546 0.5
1764 1765 2.5 0.015 0.5
1764 1766 2.5 0.015 0.5
1764 1767 2.958039892 0.02224859546 0.5
1765 1768 2.958039892 0.02224859546 0.5
1765 1769 2.5 0.015 0.5
1765 1770 2.5 0.015 0.5
1766 1768 2.958039892 0.02224859546 0.5
1766 1769 2.5 0.015 0.5
1766 1770 2.5 0.015 0.5
1767 1774 3.5 0.033 0.5
1767 1775 2.958039892 0.02224859546 0.5
1767 1776 2.958039892 0.02224859546 0.5
1768 1777 2.958039892 0.02224859546 0.5
1768 1778 2.958039892 0.02224859546 0.5
1768 1780 3.5 0.033 0.5
1769 1771 2.5 0.015 0.5
1769 1772 2.5 0.015 0.5
1769 1773 2.958039892 0.02224859546 0.5
1770 1771 2.5 0.015 0.5
1770 1772 2.5 0.015 0.5
1770 1773 2.958039892 0.02224859546 0.5
1771 1774 2.958039892 0.02224859546 0.5
1771 1775 2.5 0.015 0.5
1771 1776 2.5 0.015 0.5
1772 1774 2.958039892 0.02224859546 0.5
1772 1775 2.5 0.015 0.5
1772 1776 2.5 0.015 0.5
1773 1781 3.5 0.033 0.5
1773 1782 2.958039892 0.02224859546 0.5
1773 1783 2.958039892 0.02224859546 0.5
1774 1784 2.958039892 0.02224859546 0.5
1774 1785 2.958039892 0.02224859546 0.5
1774 1786 3.5 0.033 0.5
1775 1777 2.5 0.015 0.5
1775 1778 2.5 0.015 0.5
1775 1780 2.958039892 0.02224859546 0.5
1776 1777 2.5 0.015 0.5
1776 1778 2.5 0.015 0.5
1776 1780 2.958039892 0.02224859546 0.5
1777 1781 2.958039892 0.02224859546 0.5
1777 1782 2.5 0.015 0.5
1777 1783 2.5 0.015 0.5
1778 1781 2.958039892 0.02224859546 0.5
1778 1782 2.5 0.015 0.5
1778 1783 2.5 0.015 0.5
1780 1787 3.5 0.033 0.5
1780 1788 2.958039892 0.02224859546 0.5
1780 1789 2.958039892 0.02224859546 0.5
1781 1790 2.958039892 0.02224859546 0.5
1781 1791 2.958039892 0.02224859546 0.5
1781 1792 3.5 0.033 0.5
1782 1784 2.5 0.015 0.5
1782 1785 2.5 0.015 0.5
1782 1786 2.958039892 0.02224859546 0.5
1783 1784 2.5 0.015 0.5
1783 1785 2.5 0.015 0.5
1783 1786 2.958039892 0.02224859546 0.5
1784 1787 2.958039892 0.02224859546 0.5
1784 1788 2.5 0.015 0.5
1784 1789 2.5 0.015 0.5
1785 1787 2.958039892 0.02224859546 0.5
1785 1788 2.5 0.015 0.5
1785 1789 2.5 0.015 0.5
1786 1793 3.5 0.033 0.5
1786 1794 2.958039892 0.02224859546 0.5
1786 1795 2.958039892 0.02224859546 0.5
1787 1796 2.958039892 0.02224859546 0.5
1787 1797 2.958039892 0.02224859546 0.5
1787 1798 3.5 0.033 0.5
1788 1790 2.5 0.015 0.5
1788 1791 2.5 0.015 0.5
1788 1792 2.958039892 0.02224859546 0.5
1789 1790 2.5 0.015 0.5
1789 1791 2.5 0.015 0.5
1789 1792 2.958039892 0.02224859546 0.5
1790 1793 2.958039892 0.02224859546 0.5
1790 1794 2.5 0.015 0.5
1790 1795 2.5 0.015 0.5
1791 1793 2.958039892 0.02224859546 0.5
1791 1794 2.5 0.015 0.5
1791 1795 2.5 0.015 0.5
1792 1799 3.5 0.033 0.5
1792 1800 2.958039892 0.02224859546 0.5
1792 1801 2.958039892 0.02224859546 0.5
1793 1802 2.958039892 0.02224859546 0.5
1793 1803 2.958039892 0.02224859546 0.5
1793 1804 3.5 0.033 0.5
1794 1796 2.5 0.015 0.5
1794 1797 2.5 0.015 0.5
1794 1798 2.958039892 0.02224859546 0.5
1795 1796 2.5 0.015 0.5
1795 1797 2.5 0.015 0.5
1795 1798 2.958039892 0.02224859546 0.5
1796 1799 2.958039892 0.02224859546 0.5
1796 1800 2.5 0.015 0.5
1796 1801 2.5 0.015 0.5
1797 1799 2.958039892 0.02224859546 0.5
1797 1800 2.5 0.015 0.5
1797 1801 2.5 0.015 0.5
1798 1805 3.5 0.033 0.5
1798 1806 2.958039892 0.02224859546 0.5
1798 1807 2.958039892 0.02224859546 0.5
1799 1808 2.958039892 0.02224859546 0.5
1799 1809 2.958039892 0.02224859546 0.5
1799 1811 3.5 0.033 0.5
1800 1802 2.5 0.015 0.5
1800 1803 2.5 0.015 0.5
1800 1804 2.958039892 0.02224859546 0.5
1801 1802 2.5 0.015 0.5
1801 1803 2.5 0.015 0.5
1801 1804 2.958039892 0.02224859546 0.5
1802 1805 2.958039892 0.02224859546 0.5
1802 1806 2.5 0.015 0.5
1802 1807 2.5 0.015 0.5
1803 1805 2.958039892 0.02224859546 0.5
1803 1806 2.5 0.015 0.5
1803 1807 2.5 0.015 0.5
1804 1812 3.5 0.033 0.5
1804 1813 2.958039892 0.02224859546 0.5
1804 1814 2.958039892 0.02224859546 0.5
1805 1815 2.958039892 0.02224859546 0.5
1805 1816 2.958039892 0.02224859546 0.5
1805 1817 3.5 0.033 0.5
1806 1808 2.5 0.015 0.5
1806 1809 2.5 0.015 0.5
1806 1811 2.958039892 0.02224859546 0.5
1807 1808 2.5 0.015 0.5
1807 1809 2.5 0.015 0.5
1807 1811 2.958039892 0.02224859546 0.5
1808 1812 2.958039892 0.02224859546 0.5
1808 1813 2.5 0.015 0.5
1808 1814 2.5 0.015 0.5
1809 1812 2.958039892 0.02224859546 0.5
1809 1813 2.5 0.015 0.5
1809 1814 2.5 0.015 0.5
1811 1818 3.5 0.033 0.5
1811 1819 2.958039892 0.02224859546 0.5
1811 1820 2.958039892 0.02224859546 0.5
1812 1821 2.958039892 0.02224859546 0.5
1812 1822 2.958039892 0.02224859546 0.5
1812 1823 3.5 0.033 0.5
1813 1815 2.5 0.015 0.5
1813 1816 2.5 0.015 0.5
1813 1817 2.958039892 0.02224859546 0.5
1814 1815 2.5 0.015 0.5
1814 1816 2.5 0.015 0.5
1814 1817 2.958039892 0.02224859546 0.5
1815 1818 2.958039892 0.02224859546 0.5
1815 1819 2.5 0.015 0.5
1815 1820 2.5 0.015 0.5
1816 1818 2.958039892 0.02224859546 0.5
1816 1819 2.5 0.015 0.5
1816 1820 2.5 0.015 0.5
1817 1824 3.5 0.033 0.5
1817 1825 2.958039892 0.02224859546 0.5
1817 1826 2.958039892 0.02224859546 0.5
1818 1827 2.958039892 0.02224859546 0.5
1818 1828 2.958039892 0.02224859546 0.5
1818 1829 3.5 0.033 0.5
1819 1821 2.5 0.015 0.5
1819 1822 2.5 0.015 0.5
1819 1823 2.958039892 0.02224859546 0.5
1820 1821 2.5 0.015 0.5
1820 1822 2.5 0.015 0.5
1820 1823 2.958039892 0.02224859546 0.5
1821 1824 2.958039892 0.02224859546 0.5
1821 1825 2.5 0.015 0.5
1821 1826 2.5 0.015 0.5
1822 1824 2.958039892 0.02224859546 0.5
1822 1825 2.5 0.015 0.5
1822 1826 2.5 0.015 0.5
1823 1830 3.5 0.033 0.5
1823 1831 2.958039892 0.02224859546 0.5
1823 1832 2.958039892 0.02224859546 0.5
1824 1833 2.958039892 0.02224859546 0.5
1824 1834 2.958039892 0.02224859546 0.5
1824 1835 3.5 0.033 0.5
1825 1827 2.5 0.015 0.5
1825 1828 2.5 0.015 0.5
1825 1829 2.958039892 0.02224859546 0.5
1826 1827 2.5 0.015 0.5
1826 1828 2.5 0.015 0.5
1826 1829 2.958039892 0.02224859546 0.5
1827 1830 2.958039892 0.02224859546 0.5
1827 1831 2.5 0.015 0.5
1827 1832 2.5 0.015 0.5
1828 1830 2.958039892 0.02224859546 0.5
1828 1831 2.5 0.015 0.5
1828 1832 2.5 0.015 0.5
1829 1836 3.5 0.033 0.5
1829 1837 2.958039892 0.02224859546 0.5
1829 1838 2.958039892 0.02224859546 0.5
1830 1839 2.958039892 0.02224859546 0.5
1830 1840 2.958039892 0.02224859546 0.5
1830 1867 3.5 0.033 0.5
1831 1833 2.5 0.015 0.5
1831 1834 2.5 0.015 0.5
1831 1835 2.958039892 0.02224859546 0.5
1832 1833 2.5 0.015 0.5
1832 1834 2.5 0.015 0.5
1832 1835 2.958039892 0.02224859546 0.5
1833 1836 2.958039892 0.02224859546 0.5
1833 1837 2.5 0.015 0.5
1833 1838 2.5 0.015 0.5
1834 1836 2.958039892 0.02224859546 0.5
1834 1837 2.5 0.015 0.5
1834 1838 2.5 0.015 0.5
1835 1868 3.5 0.033 0.5
1835 1869 2.958039892 0.02224859546 0.5
1835 1870 2.958039892 0.02224859546 0.5
1836 1861 3.5 0.033 0.5
1836 1871 2.958039892 0.02224859546 0.5
1836 1872 2.958039892 0.02224859546 0.5
1837 1839 2.5 0.015 0.5
1837 1840 2.5 0.015 0.5
1837 1867 2.958039892 0.02224859546 0.5
1838 1839 2.5 0.015 0.5
1838 1840 2.5 0.015 0.5
1838 1867 2.958039892 0.02224859546 0.5
1839 1868 2.958039892 0.02224859546 0.5
1839 1869 2.5 0.015 0.5
1839 1870 2.5 0.015 0.5
1840 1868 2.958039892 0.02224859546 0.5
1840 1869 2.5 0.015 0.5
1840 1870 2.5 0.015 0.5
1842 1851 2.958039892 0.02224859546 0.5
1842 1852 2.958039892 0.02224859546 0.5
1842 1856 3.5 0.033 0.5
1843 1849 3.5 0.033 0.5
1843 1853 2.958039892 0.02224859546 0.5
1843 1854 2.958039892 0.02224859546 0.5
1844 1846 2.5 0.015 0.5
1844 1847 2.5 0.015 0.5
1844 1848 2.5 0.015 0.5
1844 1849 2.958039892 0.02224859546 0.5
1844 1853 2.5 0.015 0.5
1844 1854 2.5 0.015 0.5
1845 1846 2.5 0.015 0.5
1845 1847 2.5 0.015 0.5
1845 1848 2.5 0.015 0.5
1845 1849 2.958039892 0.02224859546 0.5
1845 1853 2.5 0.015 0.5
1845 1854 2.5 0.015 0.5
1846 1850 2.958039892 0.02224859546 0.5
1847 1850 2.958039892 0.02224859546 0.5
1848 1850 2.958039892 0.02224859546 0.5
1849 1857 2.958039892 0.02224859546 0.5
1849 1858 2.958039892 0.02224859546 0.5
1849 1862 3.5 0.033 0.5
1850 1855 3.5 0.033 0.5
1850 1859 2.958039892 0.02224859546 0.5
1850 1860 2.958039892 0.02224859546 0.5
1851 1853 2.5 0.015 0.5
1851 1854 2.5 0.015 0.5
1851 1855 2.958039892 0.02224859546 0.5
1851 1859 2.5 0.015 0.5
1851 1860 2.5 0.015 0.5
1852 1853 2.5 0.015 0.5
1852 1854 2.5 0.015 0.5
1852 1855 2.958039892 0.02224859546 0.5
1852 1859 2.5 0.015 0.5
1852 1860 2.5 0.015 0.5
1853 1856 2.958039892 0.02224859546 0.5
1854 1856 2.958039892 0.02224859546 0.5
1855 1863 2.958039892 0.02224859546 0.5
1855 1864 2.958039892 0.02224859546 0.5
1855 1868 3.5 0.033 0.5
1856 1861 3.5 0.033 0.5
1856 1865 2.958039892 0.02224859546 0.5
1856 1866 2.958039892 0.02224859546 0.5
1857 1859 2.5 0.015 0.5
1857 1860 2.5 0.015 0.5
1857 1861 2.958039892 0.02224859546 0.5
1857 1865 2.5 0.015 0.5
1857 1866 2.5 0.015 0.5
1858 1859 2.5 0.015 0.5
1858 1860 2.5 0.015 0.5
1858 1861 2.958039892 0.02224859546 0.5
1858 1865 2.5 0.015 0.5
1858 1866 2.5 0.015 0.5
1859 1862 2.958039892 0.02224859546 0.5
1860 1862 2.958039892 0.02224859546 0.5
1861 1869 2.958039892 0.02224859546 0.5
1861 1870 2.958039892 0.02224859546 0.5
1862 1867 3.5 0.033 0.5
1862 1871 2.958039892 0.02224859546 0.5
1862 1872 2.958039892 0.02224859546 0.5
1863 1865 2.5 0.015 0.5
1863 1866 2.5 0.015 0.5
1863 1867 2.958039892 0.02224859546 0.5
1863 1871 2.5 0.015 0.5
1863 1872 2.5 0.015 0.5
1864 1865 2.5 0.015 0.5
1864 1866 2.5 0.015 0.5
1864 1867 2.958039892 0.02224859546 0.5
1864 1871 2.5 0.015 0.5
1864 1872 2.5 0.015 0.5
1865 1868 2.958039892 0.02224859546 0.5
1866 1868 2.958039892 0.02224859546 0.5
1869 1871 2.5 0.015 0.5
1869 1872 2.5 0.015 0.5
1870 1871 2.5 0.015 0.5
1870 1872 2.5 0.015 0.5
1874 1885 2.958039892 0.02224859546 0.5
1874 1886 2.958039892 0.02224859546 0.5
1874 1887 3.5 0.033 0.5
1875 1882 3.5 0.033 0.5
1875 1883 2.958039892 0.02224859546 0.5
1875 1884 2.958039892 0.02224859546 0.5
1876 1878 2.5 0.015 0.5
1876 1879 2.5 0.015 0.5
1876 1880 2.5 0.015 0.5
1876 1882 2.958039892 0.02224859546 0.5
1876 1883 2.5 0.015 0.5
1876 1884 2.5 0.015 0.5
1877 1878 2.5 0.015 0.5
1877 1879 2.5 0.015 0.5
1877 1880 2.5 0.015 0.5
1877 1882 2.958039892 0.02224859546 0.5
1877 1883 2.5 0.015 0.5
1877 1884 2.5 0.015 0.5
1878 1881 2.958039892 0.02224859546 0.5
1879 1881 2.958039892 0.02224859546 0.5
1880 1881 2.958039892 0.02224859546 0.5
1881 1888 3.5 0.033 0.5
1881 1889 2.958039892 0.02224859546 0.5
1881 1890 2.958039892 0.02224859546 0.5
1882 1891 2.958039892 0.02224859546 0.5
1882 1892 2.958039892 0.02224859546 0.5
1882 1893 3.5 0.033 0.5
1883 1885 2.5 0.015 0.5
1883 1886 2.5 0.015 0.5
1883 1887 2.958039892 0.02224859546 0.5
1884 1885 2.5 0.015 0.5
1884 1886 2.5 0.015 0.5
1884 1887 2.958039892 0.02224859546 0.5
1885 1888 2.958039892 0.02224859546 0.5
1885 1889 2.5 0.015 0.5
1885 1890 2.5 0.015 0.5
1886 1888 2.958039892 0.02224859546 0.5
1886 1889 2.5 0.015 0.5
1886 1890 2.5 0.015 0.5
1887 1894 3.5 0.033 0.5
1887 1895 2.958039892 0.02224859546 0.5
1887 1896 2.958039892 0.02224859546 0.5
1888 1897 2.958039892 0.02224859546 0.5
1888 1898 2.958039892 0.02224859546 0.5
1888 1899 3.5 0.033 0.5
1889 1891 2.5 0.015 0.5
1889 1892 2.5 0.015 0.5
1889 1893 2.958039892 0.02224859546 0.5
1890 1891 2.5 0.015 0.5
1890 1892 2.5 0.015 0.5
1890 1893 2.958039892 0.02224859546 0.5
1891 1894 2.958039892 0.02224859546 0.5
1891 1895 2.5 0.015 0.5
1891 1896 2.5 0.015 0.5
1892 1894 2.958039892 0.02224859546 0.5
1892 1895 2.5 0.015 0.5
1892 1896 2.5 0.015 0.5
1893 1900 3.5 0.033 0.5
1893 1901 2.958039892 0.02224859546 0.5
1893 1902 2.958039892 0.02224859546 0.5
1894 1903 2.958039892 0.02224859546 0.5
1894 1904 2.958039892 0.02224859546 0.5
1894 1906 3.5 0.033 0.5
1895 1897 2.5 0.015 0.5
1895 1898 2.5 0.015 0.5
1895 1899 2.958039892 0.02224859546 0.5
1896 1897 2.5 0.015 0.5
1896 1898 2.5 0.015 0.5
1896 1899 2.958039892 0.02224859546 0.5
1897 1900 2.958039892 0.02224859546 0.5
1897 1901 2.5 0.015 0.5
1897 1902 2.5 0.015 0.5
1898 1900 2.958039892 0.02224859546 0.5
1898 1901 2.5 0.015 0.5
1898 1902 2.5 0.015 0.5
1899 1907 3.5 0.033 0.5
1899 1908 2.958039892 0.02224859546 0.5
1899 1909 2.958039892 0.02224859546 0.5
1900 1910 2.958039892 0.02224859546 0.5
1900 1911 2.958039892 0.02224859546 0.5
1900 1912 3.5 0.033 0.5
1901 1903 2.5 0.015 0.5
1901 1904 2.5 0.015 0.5
1901 1906 2.958039892 0.02224859546 0.5
1902 1903 2.5 0.015 0.5
1902 1904 2.5 0.015 0.5
1902 1906 2.958039892 0.02224859546 0.5
1903 1907 2.958039892 0.02224859546 0.5
1903 1908 2.5 0.015 0.5
1903 1909 2.5 0.015 0.5
1904 1907 2.958039892 0.02224859546 0.5
1904 1908 2.5 0.015 0.5
1904 1909 2.5 0.015 0.5
1906 1913 3.5 0.033 0.5
1906 1914 2.958039892 0.02224859546 0.5
1906 1915 2.958039892 0.02224859546 0.5
1907 1916 2.958039892 0.02224859546 0.5
1907 1917 2.958039892 0.02224859546 0.5
1907 1918 3.5 0.033 0.5
1908 1910 2.5 0.015 0.5
1908 1911 2.5 0.015 0.5
1908 1912 2.958039892 0.02224859546 0.5
1909 1910 2.5 0.015 0.5
1909 1911 2.5 0.015 0.5
1909 1912 2.958039892 0.02224859546 0.5
1910 1913 2.958039892 0.02224859546 0.5
1910 1914 2.5 0.015 0.5
1910 1915 2.5 0.015 0.5
1911 1913 2.958039892 0.02224859546 0.5
1911 1914 2.5 0.015 0.5
1911 1915 2.5 0.015 0.5
1912 1919 3.5 0.033 0.5
1912 1920 2.958039892 0.02224859546 0.5
1912 1921 2.958039892 0.02224859546 0.5
1913 1922 2.958039892 0.02224859546 0.5
1913 1923 2.958039892 0.02224859546 0.5
1913 1924 3.5 0.033 0.5
1914 1916 2.5 0.015 0.5
1914 1917 2.5 0.015 0.5
1914 1918 2.958039892 0.02224859546 0.5
1915 1916 2.5 0.015 0.5
1915 1917 2.5 0.015 0.5
1915 1918 2.958039892 0.02224859546 0.5
1916 1919 2.958039892 0.02224859546 0.5
1916 1920 2.5 0.015 0.5
1916 1921 2.5 0.015 0.5
1917 1919 2.958039892 0.02224859546 0.5
1917 1920 2.5 0.015 0.5
1917 1921 2.5 0.015 0.5
1918 1925 3.5 0.033 0.5
1918 1926 2.958039892 0.02224859546 0.5
1918 1927 2.958039892 0.02224859546 0.5
1919 1928 2.958039892 0.02224859546 0.5
1919 1929 2.958039892 0.02224859546 0.5
1919 1930 3.5 0.033 0.5
1920 1922 2.5 0.015 0.5
1920 1923 2.5 0.015 0.5
1920 1924 2.958039892 0.02224859546 0.5
1921 1922 2.5 0.015 0.5
1921 1923 2.5 0.015 0.5
1921 1924 2.958039892 0.02224859546 0.5
1922 1925 2.958039892 0.02224859546 0.5
1922 1926 2.5 0.015 0.5
1922 1927 2.5 0.015 0.5
1923 1925 2.958039892 0.02224859546 0.5
1923 1926 2.5 0.015 0.5
1923 1927 2.5 0.015 0.5
1924 1931 3.5 0.033 0.5
1924 1932 2.958039892 0.02224859546 0.5
1924 1933 2.958039892 0.02224859546 0.5
1925 1934 2.958039892 0.02224859546 0.5
1925 1935 2.958039892 0.02224859546 0.5
1925 1937 3.5 0.033 0.5
1926 1928 2.5 0.015 0.5
1926 1929 2.5 0.015 0.5
1926 1930 2.958039892 0.02224859546 0.5
1927 1928 2.5 0.015 0.5
1927 1929 2.5 0.015 0.5
1927 1930 2.958039892 0.02224859546 0.5
1928 1931 2.958039892 0.02224859546 0.5
1928 1932 2.5 0.015 0.5
1928 1933 2.5 0.015 0.5
1929 1931 2.958039892 0.02224859546 0.5
1929 1932 2.5 0.015 0.5
1929 1933 2.5 0.015 0.5
1930 1938 3.5 0.033 0.5
1930 1939 2.958039892 0.02224859546 0.5
1930 1940 2.958039892 0.02224859546 0.5
1931 1941 2.958039892 0.02224859546 0.5
1931 1942 2.958039892 0.02224859546 0.5
1931 1943 3.5 0.033 0.5
1932 1934 2.5 0.015 0.5
1932 1935 2.5 0.015 0.5
1932 1937 2.958039892 0.02224859546 0.5
1933 1934 2.5 0.015 0.5
1933 1935 2.5 0.015 0.5
1933 1937 2.958039892 0.02224859546 0.5
1934 1938 2.958039892 0.02224859546 0.5
1934 1939 2.5 0.015 0.5
1934 1940 2.5 0.015 0.5
1935 1938 2.958039892 0.02224859546 0.5
1935 1939 2.5 0.015 0.5
1935 1940 2.5 0.015 0.5
1937 1944 3.5 0.033 0.5
1937 1945 2.958039892 0.02224859546 0.5
1937 1946 2.958039892 0.02224859546 0.5
1938 1947 2.958039892 0.02224859546 0.5
1938 1948 2.958039892 0.02224859546 0.5
1938 1949 3.5 0.033 0.5
1939 1941 2.5 0.015 0.5
1939 1942 2.5 0.015 0.5
1939 1943 2.958039892 0.02224859546 0.5
1940 1941 2.5 0.015 0.5
1940 1942 2.5 0.015 0.5
1940 1943 2.958039892 0.02224859546 0.5
1941 1944 2.958039892 0.02224859546 0.5
1941 1945 2.5 0.015 0.5
1941 1946 2.5 0.015 0.5
1942 1944 2.958039892 0.02224859546 0.5
1942 1945 2.5 0.015 0.5
1942 1946 2.5 0.015 0.5
1943 1950 3.5 0.033 0.5
1943 1951 2.958039892 0.02224859546 0.5
1943 1952 2.958039892 0.02224859546 0.5
1944 1953 2.958039892 0.02224859546 0.5
1944 1954 2.958039892 0.02224859546 0.5
1944 1955 3.5 0.033 0.5
1945 1947 2.5 0.015 0.5
1945 1948 2.5 0.015 0.5
1945 1949 2.958039892 0.02224859546 0.5
1946 1947 2.5 0.015 0.5
1946 1948 2.5 0.015 0.5
1946 1949 2.958039892 0.02224859546 0.5
1947 1950 2.958039892 0.02224859546 0.5
1947 1951 2.5 0.015 0.5
1947 1952 2.5 0.015 0.5
1948 1950 2.958039892 0.02224859546 0.5
1948 1951 2.5 0.015 0.5
1948 1952 2.5 0.015 0.5
1949 1956 3.5 0.033 0.5
1949 1957 2.958039892 0.02224859546 0.5
1949 1958 2.958039892 0.02224859546 0.5
1950 1959 2.958039892 0.02224859546 0.5
1950 1960 2.958039892 0.02224859546 0.5
1950 1961 3.5 0.033 0.5
1951 1953 2.5 0.015 0.5
1951 1954 2.5 0.015 0.5
1951 1955 2.958039892 0.02224859546 0.5
1952 1953 2.5 0.015 0.5
1952 1954 2.5 0.015 0.5
1952 1955 2.958039892 0.02224859546 0.5
1953 1956 2.958039892 0.02224859546 0.5
1953 1957 2.5 0.015 0.5
1953 1958 2.5 0.015 0.5
1954 1956 2.958039892 0.02224859546 0.5
1954 1957 2.5 0.015 0.5
1954 1958 2.5 0.015 0.5
1955 1962 3.5 0.033 0.5
1955 1963 2.958039892 0.02224859546 0.5
1955 1964 2.958039892 0.02224859546 0.5
1956 1965 2.958039892 0.02224859546 0.5
1956 1966 2.958039892 0.02224859546 0.5
1956 1968 3.5 0.033 0.5
1957 1959 2.5 0.015 0.5
1957 1960 2.5 0.015 0.5
1957 1961 2.958039892 0.02224859546 0.5
1958 1959 2.5 0.015 0.5
1958 1960 2.5 0.015 0.5
1958 1961 2.958039892 0.02224859546 0.5
1959 1962 2.958039892 0.02224859546 0.5
1959 1963 2.5 0.015 0.5
1959 1964 2.5 0.015 0.5
1960 1962 2.958039892 0.02224859546 0.5
1960 1963 2.5 0.015 0.5
1960 1964 2.5 0.015 0.5
1961 1969 3.5 0.033 0.5
1961 1970 2.958039892 0.02224859546 0.5
1961 1971 2.958039892 0.02224859546 0.5
1962 1972 2.958039892 0.02224859546 0.5
1962 1973 2.958039892 0.02224859546 0.5
1962 1974 3.5 0.033 0.5
1963 1965 2.5 0.015 0.5
1963 1966 2.5 0.015 0.5
1963 1968 2.958039892 0.02224859546 0.5
1964 1965 2.5 0.015 0.5
1964 1966 2.5 0.015 0.5
1964 1968 2.958039892 0.02224859546 0.5
1965 1969 2.958039892 0.02224859546 0.5
1965 1970 2.5 0.015 0.5
1965 1971 2.5 0.015 0.5
1966 1969 2.958039892 0.02224859546 0.5
1966 1970 2.5 0.015 0.5
1966 1971 2.5 0.015 0.5
1968 1975 3.5 0.033 0.5
1968 1976 2.958039892 0.02224859546 0.5
1968 1977 2.958039892 0.02224859546 0.5
1969 1978 2.958039892 0.02224859546 0.5
1969 1979 2.958039892 0.02224859546 0.5
1969 1980 3.5 0.033 0.5
1970 1972 2.5 0.015 0.5
1970 1973 2.5 0.015 0.5
1970 1974 2.958039892 0.02224859546 0.5
1971 1972 2.5 0.015 0.5
1971 1973 2.5 0.015 0.5
1971 1974 2.958039892 0.02224859546 0.5
1972 1975 2.958039892 0.02224859546 0.5
1972 1976 2.5 0.015 0.5
1972 1977 2.5 0.015 0.5
1973 1975 2.958039892 0.02224859546 0.5
1973 1976 2.5 0.015 0.5
1973 1977 2.5 0.015 0.5
1974 1981 3.5 0.033 0.5
1974 1982 2.958039892 0.02224859546 0.5
1974 1983 2.958039892 0.02224859546 0.5
1975 1984 2.958039892 0.02224859546 0.5
1975 1985 2.958039892 0.02224859546 0.5
1975 1986 3.5 0.033 0.5
1976 1978 2.5 0.015 0.5
1976 1979 2.5 0.015 0.5
1976 1980 2.958039892 0.02224859546 0.5
1977 1978 2.5 0.015 0.5
1977 1979 2.5 0.015 0.5
1977 1980 2.958039892 0.02224859546 0.5
1978 1981 2.958039892 0.02224859546 0.5
1978 1982 2.5 0.015 0.5
1978 1983 2.5 0.015 0.5
1979 1981 2.958039892 0.02224859546 0.5
1979 1982 2.5 0.015 0.5
1979 1983 2.5 0.015 0.5
1980 1987 3.5 0.033 0.5
1980 1988 2.958039892 0.02224859546 0.5
1980 1989 2.958039892 0.02224859546 0.5
1981 1990 2.958039892 0.02224859546 0.5
1981 1991 2.958039892 0.02224859546 0.5
1981 1992 3.5 0.033 0.5
1982 1984 2.5 0.015 0.5
1982 1985 2.5 0.015 0.5
1982 1986 2.958039892 0.02224859546 0.5
1983 1984 2.5 0.015 0.5
1983 1985 2.5 0.015 0.5
1983 1986 2.958039892 0.02224859546 0.5
1984 1987 2.958039892 0.02224859546 0.5
1984 1988 2.5 0.015 0.5
1984 1989 2.5 0.015 0.5
1985 1987 2.958039892 0.02224859546 0.5
1985 1988 2.5 0.015 0.5
1985 1989 2.5 0.015 0.5
1986 1993 3.5 0.033 0.5
1986 1994 2.958039892 0.02224859546 0.5
1986 1995 2.958039892 0.02224859546 0.5
1987 1996 2.958039892 0.02224859546 0.5
1987 1997 2.958039892 0.02224859546 0.5
1987 1999 3.5 0.033 0.5
1988 1990 2.5 0.015 0.5
1988 1991 2.5 0.015 0.5
1988 1992 2.958039892 0.02224859546 0.5
1989 1990 2.5 0.015 0.5
1989 1991 2.5 0.015 0.5
1989 1992 2.958039892 0.02224859546 0.5
1990 1993 2.958039892 0.02224859546 0.5
1990 1994 2.5 0.015 0.5
1990 1995 2.5 0.015 0.5
1991 1993 2.958039892 0.02224859546 0.5
1991 1994 2.5 0.015 0.5
1991 1995 2.5 0.015 0.5
1992 2000 3.5 0.033 0.5
1992 2001 2.958039892 0.02224859546 0.5
1992 2002 2.958039892 0.02224859546 0.5
1993 2003 2.958039892 0.02224859546 0.5
1993 2004 2.958039892 0.02224859546 0.5
1993 2005 3.5 0.033 0.5
1994 1996 2.5 0.015 0.5
1994 1997 2.5 0.015 0.5
1994 1999 2.958039892 0.02224859546 0.5
1995 1996 2.5 0.015 0.5
1995 1997 2.5 0.015 0.5
1995 1999 2.958039892 0.02224859546 0.5
1996 2000 2.958039892 0.02224859546 0.5
1996 2001 2.5 0.015 0.5
1996 2002 2.5 0.015 0.5
1997 2000 2.958039892 0.02224859546 0.5
1997 2001 2.5 0.015 0.5
1997 2002 2.5 0.015 0.5
1999 2006 3.5 0.033 0.5
1999 2007 2.958039892 0.02224859546 0.5
1999 2008 2.958039892 0.02224859546 0.5
2000 2009 2.958039892 0.02224859546 0.5
2000 2010 2.958039892 0.02224859546 0.5
2000 2011 3.5 0.033 0.5
2001 2003 2.5 0.015 0.5
2001 2004 2.5 0.015 0.5
2001 2005 2.958039892 0.02224859546 0.5
2002 2003 2.5 0.015 0.5
2002 2004 2.5 0.015 0.5
2002 2005 2.958039892 0.02224859546 0.5
2003 2006 2.958039892 0.02224859546 0.5
2003 2007 2.5 0.015 0.5
2003 2008 2.5 0.015 0.5
2004 2006 2.958039892 0.02224859546 0.5
2004 2007 2.5 0.015 0.5
2004 2008 2.5 0.015 0.5
2005 2012 3.5 0.033 0.5
2005 2013 2.958039892 0.02224859546 0.5
2005 2014 2.958039892 0.02224859546 0.5
2006 2015 2.958039892 0.02224859546 0.5
2006 2016 2.958039892 0.02224859546 0.5
2006 2017 3.5 0.033 0.5
2007 2009 2.5 0.015 0.5
2007 2010 2.5 0.015 0.5
2007 2011 2.958039892 0.02224859546 0.5
2008 2009 2.5 0.015 0.5
2008 2010 2.5 0.015 0.5
2008 2011 2.958039892 0.02224859546 0.5
2009 2012 2.958039892 0.02224859546 0.5
2009 2013 2.5 0.015 0.5
2009 2014 2.5 0.015 0.5
2010 2012 2.958039892 0.02224859546 0.5
2010 2013 2.5 0.015 0.5
2010 2014 2.5 0.015 0.5
2011 2018 3.5 0.033 0.5
2011 2019 2.958039892 0.02224859546 0.5
2011 2020 2.958039892 0.02224859546 0.5
2012 2021 2.958039892 0.02224859546 0.5
2012 2022 2.958039892 0.02224859546 0.5
2012 2023 3.5 0.033 0.5
2013 2015 2.5 0.015 0.5
2013 2016 2.5 0.015 0.5
2013 2017 2.958039892 0.02224859546 0.5
2014 2015 2.5 0.015 0.5
2014 2016 2.5 0.015 0.5
2014 2017 2.958039892 0.02224859546 0.5
2015 2018 2.958039892 0.02224859546 0.5
2015 2019 2.5 0.015 0.5
2015 2020 2.5 0.015 0.5
2016 2018 2.958039892 0.02224859546 0.5
2016 2019 2.5 0.015 0.5
2016 2020 2.5 0.015 0.5
2017 2024 3.5 0.033 0.5
2017 2025 2.958039892 0.02224859546 0.5
2017 2026 2.958039892 0.02224859546 0.5
2018 2027 2.958039892 0.02224859546 0.5
2018 2028 2.958039892 0.02224859546 0.5
2018 2030 3.5 0.033 0.5
2019 2021 2.5 0.015 0.5
2019 2022 2.5 0.015 0.5
2019 2023 2.958039892 0.02224859546 0.5
2020 2021 2.5 0.015 0.5
2020 2022 2.5 0.015 0.5
2020 2023 2.958039892 0.02224859546 0.5
2021 2024 2.958039892 0.02224859546 0.5
2021 2025 2.5 0.015 0.5
2021 2026 2.5 0.015 0.5
2022 2024 2.958039892 0.02224859546 0.5
2022 2025 2.5 0.015 0.5
2022 2026 2.5 0.015 0.5
2023 2031 3.5 0.033 0.5
2023 2032 2.958039892 0.02224859546 0.5
2023 2033 2.958039892 0.02224859546 0.5
2024 2034 2.958039892 0.02224859546 0.5
2024 2035 2.958039892 0.02224859546 0.5
2024 2036 3.5 0.033 0.5
2025 2027 2.5 0.015 0.5
2025 2028 2.5 0.015 0.5
2025 2030 2.958039892 0.02224859546 0.5
2026 2027 2.5 0.015 0.5
2026 2028 2.5 0.015 0.5
2026 2030 2.958039892 0.02224859546 0.5
2027 2031 2.958039892 0.02224859546 0.5
2027 2032 2.5 0.015 0.5
2027 2033 2.5 0.015 0.5
2028 2031 2.958039892 0.02224859546 0.5
2028 2032 2.5 0.015 0.5
2028 2033 2.5 0.015 0.5
2030 2037 3.5 0.033 0.5
2030 2038 2.958039892 0.02224859546 0.5
2030 2039 2.958039892 0.02224859546 0.5
2031 2040 2.958039892 0.02224859546 0.5
2031 2041 2.958039892 0.02224859546 0.5
2031 2042 3.5 0.033 0.5
2032 2034 2.5 0.015 0.5
2032 2035 2.5 0.015 0.5
2032 2036 2.958039892 0.02224859546 0.5
2033 2034 2.5 0.015 0.5
2033 2035 2.5 0.015 0.5
2033 2036 2.958039892 0.02224859546 0.5
2034 2037 2.958039892 0.02224859546 0.5
2034 2038 2.5 0.015 0.5
2034 2039 2.5 0.015 0.5
2035 2037 2.958039892 0.02224859546 0.5
2035 2038 2.5 0.015 0.5
2035 2039 2.5 0.015 0.5
2036 2043 3.5 0.033 0.5
2036 2044 2.958039892 0.02224859546 0.5
2036 2045 2.958039892 0.02224859546 0.5
2037 2046 2.958039892 0.02224859546 0.5
2037 2047 2.958039892 0.02224859546 0.5
2037 2048 3.5 0.033 0.5
2038 2040 2.5 0.015 0.5
2038 2041 2.5 0.015 0.5
2038 2042 2.958039892 0.02224859546 0.5
2039 2040 2.5 0.015 0.5
2039 2041 2.5 0.015 0.5
2039 2042 2.958039892 0.02224859546 0.5
2040 2043 2.958039892 0.02224859546 0.5
2040 2044 2.5 0.015 0.5
2040 2045 2.5 0.015 0.5
2041 2043 2.958039892 0.02224859546 0.5
2041 2044 2.5 0.015 0.5
2041 2045 2.5 0.015 0.5
2042 2049 3.5 0.033 0.5
2042 2050 2.958039892 0.02224859546 0.5
2042 2051 2.958039892 0.02224859546 0.5
2043 2052 2.958039892 0.02224859546 0.5
2043 2053 2.958039892 0.02224859546 0.5
2043 2054 3.5 0.033 0.5
2044 2046 2.5 0.015 0.5
2044 2047 2.5 0.015 0.5
2044 2048 2.958039892 0.02224859546 0.5
2045 2046 2.5 0.015 0.5
2045 2047 2.5 0.015 0.5
2045 2048 2.958039892 0.02224859546 0.5
2046 2049 2.958039892 0.02224859546 0.5
2046 2050 2.5 0.015 0.5
2046 2051 2.5 0.015 0.5
2047 2049 2.958039892 0.02224859546 0.5
2047 2050 2.5 0.015 0.5
2047 2051 2.5 0.015 0.5
2048 2055 3.5 0.033 0.5
2048 2056 2.958039892 0.02224859546 0.5
2048 2057 2.958039892 0.02224859546 0.5
2049 2058 2.958039892 0.02224859546 0.5
2049 2059 2.958039892 0.02224859546 0.5
2049 2061 3.5 0.033 0.5
2050 2052 2.5 0.015 0.5
2050 2053 2.5 0.015 0.5
2050 2054 2.958039892 0.02224859546 0.5
2051 2052 2.5 0.015 0.5
2051 2053 2.5 0.015 0.5
2051 2054 2.958039892 0.02224859546 0.5
2052 2055 2.958039892 0.02224859546 0.5
2052 2056 2.5 0.015 0.5
2052 2057 2.5 0.015 0.5
2053 2055 2.958039892 0.02224859546 0.5
2053 2056 2.5 0.015 0.5
2053 2057 2.5 0.015 0.5
2054 2062 3.5 0.033 0.5
2054 2063 2.958039892 0.02224859546 0.5
2054 2064 2.958039892 0.02224859546 0.5
2055 2065 2.958039892 0.02224859546 0.5
2055 2066 2.958039892 0.02224859546 0.5
2055 2067 3.5 0.033 0.5
2056 2058 2.5 0.015 0.5
2056 2059 2.5 0.015 0.5
2056 2061 2.958039892 0.02224859546 0.5
2057 2058 2.5 0.015 0.5
2057 2059 2.5 0.015 0.5
2057 2061 2.958039892 0.02224859546 0.5
2058 2062 2.958039892 0.02224859546 0.5
2058 2063 2.5 0.015 0.5
2058 2064 2.5 0.015 0.5
2059 2062 2.958039892 0.02224859546 0.5
2059 2063 2.5 0.015 0.5
2059 2064 2.5 0.015 0.5
2061 2068 3.5 0.033 0.5
2061 2069 2.958039892 0.02224859546 0.5
2061 2070 2.958039892 0.02224859546 0.5
2062 2071 2.958039892 0.02224859546 0.5
2062 2072 2.958039892 0.02224859546 0.5
2062 2073 3.5 0.033 0.5
2063 2065 2.5 0.015 0.5
2063 2066 2.5 0.015 0.5
2063 2067 2.958039892 0.02224859546 0.5
2064 2065 2.5 0.015 0.5
2064 2066 2.5 0.015 0.5
2064 2067 2.958039892 0.02224859546 0.5
2065 2068 2.958039892 0.02224859546 0.5
2065 2069 2.5 0.015 0.5
2065 2070 2.5 0.015 0.5
2066 2068 2.958039892 0.02224859546 0.5
2066 2069 2.5 0.015 0.5
2066 2070 2.5 0.015 0.5
2067 2074 3.5 0.033 0.5
2067 2075 2.958039892 0.02224859546 0.5
2067 2076 2.958039892 0.02224859546 0.5
2068 2077 2.958039892 0.02224859546 0.5
2068 2078 2.958039892 0.02224859546 0.5
2068 2079 3.5 0.033 0.5
2069 2071 2.5 0.015 0.5
2069 2072 2.5 0.015 0.5
2069 2073 2.958039892 0.02224859546 0.5
2070 2071 2.5 0.015 0.5
2070 2072 2.5 0.015 0.5
2070 2073 2.958039892 0.02224859546 0.5
2071 2074 2.958039892 0.02224859546 0.5
2071 2075 2.5 0.015 0.5
2071 2076 2.5 0.015 0.5
2072 2074 2.958039892 0.02224859546 0.5
2072 2075 2.5 0.015 0.5
2072 2076 2.5 0.015 0.5
2073 2080 3.5 0.033 0.5
2073 2081 2.958039892 0.02224859546 0.5
2073 2082 2.958039892 0.02224859546 0.5
2074 2083 2.958039892 0.02224859546 0.5
2074 2084 2.958039892 0.02224859546 0.5
2074 2085 3.5 0.033 0.5
2075 2077 2.5 0.015 0.5
2075 2078 2.5 0.015 0.5
2075 2079 2.958039892 0.02224859546 0.5
2076 2077 2.5 0.015 0.5
2076 2078 2.5 0.015 0.5
2076 2079 2.958039892 0.02224859546 0.5
2077 2080 2.958039892 0.02224859546 0.5
2077 2081 2.5 0.015 0.5
2077 2082 2.5 0.015 0.5
2078 2080 2.958039892 0.02224859546 0.5
2078 2081 2.5 0.015 0.5
2078 2082 2.5 0.015 0.5
2079 2086 3.5 0.033 0.5
2079 2087 2.958039892 0.02224859546 0.5
2079 2088 2.958039892 0.02224859546 0.5
2080 2089 2.958039892 0.02224859546 0.5
2080 2090 2.958039892 0.02224859546 0.5
2080 2092 3.5 0.033 0.5
2081 2083 2.5 0.015 0.5
2081 2084 2.5 0.015 0.5
2081 2085 2.958039892 0.02224859546 0.5
2082 2083 2.5 0.015 0.5
2082 2084 2.5 0.015 0.5
2082 2085 2.958039892 0.02224859546 0.5
2083 2086 2.958039892 0.02224859546 0.5
2083 2087 2.5 0.015 0.5
2083 2088 2.5 0.015 0.5
2084 2086 2.958039892 0.02224859546 0.5
2084 2087 2.5 0.015 0.5
2084 2088 2.5 0.015 0.5
2085 2093 3.5 0.033 0.5
2085 2094 2.958039892 0.02224859546 0.5
2085 2095 2.958039892 0.02224859546 0.5
2086 2096 2.958039892 0.02224859546 0.5
2086 2097 2.958039892 0.02224859546 0.5
2086 2098 3.5 0.033 0.5
2087 2089 2.5 0.015 0.5
2087 2090 2.5 0.015 0.5
2087 2092 2.958039892 0.02224859546 0.5
2088 2089 2.5 0.015 0.5
2088 2090 2.5 0.015 0.5
2088 2092 2.958039892 0.02224859546 0.5
2089 2093 2.958039892 0.02224859546 0.5
2089 2094 2.5 0.015 0.5
2089 2095 2.5 0.015 0.5
2090 2093 2.958039892 0.02224859546 0.5
2090 2094 2.5 0.015 0.5
2090 2095 2.5 0.015 0.5
2092 2099 3.5 0.033 0.5
2092 2100 2.958039892 0.02224859546 0.5
2092 2101 2.958039892 0.02224859546 0.5
2093 2102 2.958039892 0.02224859546 0.5
2093 2103 2.958039892 0.02224859546 0.5
2093 2104 3.5 0.033 0.5
2094 2096 2.5 0.015 0.5
2094 2097 2.5 0.015 0.5
2094 2098 2.958039892 0.02224859546 0.5
2095 2096 2.5 0.015 0.5
2095 2097 2.5 0.015 0.5
2095 2098 2.958039892 0.02224859546 0.5
2096 2099 2.958039892 0.02224859546 0.5
2096 2100 2.5 0.015 0.5
2096 2101 2.5 0.015 0.5
2097 2099 2.958039892 0.02224859546 0.5
2097 2100 2.5 0.015 0.5
2097 2101 2.5 0.015 0.5
2098 2105 3.5 0.033 0.5
2098 2106 2.958039892 0.02224859546 0.5
2098 2107 2.958039892 0.02224859546 0.5
2099 2108 2.958039892 0.02224859546 0.5
2099 2109 2.958039892 0.02224859546 0.5
2099 2110 3.5 0.033 0.5
2100 2102 2.5 0.015 0.5
2100 2103 2.5 0.015 0.5
2100 2104 2.958039892 0.02224859546 0.5
2101 2102 2.5 0.015 0.5
2101 2103 2.5 0.015 0.5
2101 2104 2.958039892 0.02224859546 0.5
2102 2105 2.958039892 0.02224859546 0.5
2102 2106 2.5 0.015 0.5
2102 2107 2.5 0.015 0.5
2103 2105 2.958039892 0.02224859546 0.5
2103 2106 2.5 0.015 0.5
2103 2107 2.5 0.015 0.5
2104 2111 3.5 0.033 0.5
2104 2112 2.958039892 0.02224859546 0.5
2104 2113 2.958039892 0.02224859546 0.5
2105 2114 2.958039892 0.02224859546 0.5
2105 2115 2.958039892 0.02224859546 0.5
2105 2116 3.5 0.033 0.5
2106 2108 2.5 0.015 0.5
2106 2109 2.5 0.015 0.5
2106 2110 2.958039892 0.02224859546 0.5
2107 2108 2.5 0.015 0.5
2107 2109 2.5 0.015 0.5
2107 2110 2.958039892 0.02224859546 0.5
2108 2111 2.958039892 0.02224859546 0.5
2108 2112 2.5 0.015 0.5
2108 2113 2.5 0.015 0.5
2109 2111 2.958039892 0.02224859546 0.5
2109 2112 2.5 0.015 0.5
2109 2113 2.5 0.015 0.5
2110 2117 3.5 0.033 0.5
2110 2118 2.958039892 0.02224859546 0.5
2110 2119 2.958039892 0.02224859546 0.5
2111 2120 2.958039892 0.02224859546 0.5
2111 2121 2.958039892 0.02224859546 0.5
2111 2123 3.5 0.033 0.5
2112 2114 2.5 0.015 0.5
2112 2115 2.5 0.015 0.5
2112 2116 2.958039892 0.02224859546 0.5
2113 2114 2.5 0.015 0.5
2113 2115 2.5 0.015 0.5
2113 2116 2.958039892 0.02224859546 0.5
2114 2117 2.958039892 0.02224859546 0.5
2114 2118 2.5 0.015 0.5
2114 2119 2.5 0.015 0.5
2115 2117 2.958039892 0.02224859546 0.5
2115 2118 2.5 0.015 0.5
2115 2119 2.5 0.015 0.5
2116 2124 3.5 0.033 0.5
2116 2125 2.958039892 0.02224859546 0.5
2116 2126 2.958039892 0.02224859546 0.5
2117 2127 2.958039892 0.02224859546 0.5
2117 2128 2.958039892 0.02224859546 0.5
2117 2129 3.5 0.033 0.5
2118 2120 2.5 0.015 0.5
2118 2121 2.5 0.015 0.5
2118 2123 2.958039892 0.02224859546 0.5
2119 2120 2.5 0.015 0.5
2119 2121 2.5 0.015 0.5
2119 2123 2.958039892 0.02224859546 0.5
2120 2124 2.958039892 0.02224859546 0.5
2120 2125 2.5 0.015 0.5
2120 2126 2.5 0.015 0.5
2121 2124 2.958039892 0.02224859546 0.5
2121 2125 2.5 0.015 0.5
2121 2126 2.5 0.015 0.5
2123 2130 3.5 0.033 0.5
2123 2131 2.958039892 0.02224859546 0.5
2123 2132 2.958039892 0.02224859546 0.5
2124 2133 2.958039892 0.02224859546 0.5
2124 2134 2.958039892 0.02224859546 0.5
2124 2135 3.5 0.033 0.5
2125 2127 2.5 0.015 0.5
2125 2128 2.5 0.015 0.5
2125 2129 2.958039892 0.02224859546 0.5
2126 2127 2.5 0.015 0.5
2126 2128 2.5 0.015 0.5
2126 2129 2.958039892 0.02224859546 0.5
2127 2130 2.958039892 0.02224859546 0.5
2127 2131 2.5 0.015 0.5
2127 2132 2.5 0.015 0.5
2128 2130 2.958039892 0.02224859546 0.5
2128 2131 2.5 0.015 0.5
2128 2132 2.5 0.015 0.5
2129 2136 3.5 0.033 0.5
2129 2137 2.958039892 0.02224859546 0.5
2129 2138 2.958039892 0.02224859546 0.5
2130 2139 2.958039892 0.02224859546 0.5
2130 2140 2.958039892 0.02224859546 0.5
2130 2141 3.5 0.033 0.5
2131 2133 2.5 0.015 0.5
2131 2134 2.5 0.015 0.5
2131 2135 2.958039892 0.02224859546 0.5
2132 2133 2.5 0.015 0.5
2132 2134 2.5 0.015 0.5
2132 2135 2.958039892 0.02224859546 0.5
2133 2136 2.958039892 0.02224859546 0.5
2133 2137 2.5 0.015 0.5
2133 2138 2.5 0.015 0.5
2134 2136 2.958039892 0.02224859546 0.5
2134 2137 2.5 0.015 0.5
2134 2138 2.5 0.015 0.5
2135 2142 3.5 0.033 0.5
2135 2143 2.958039892 0.02224859546 0.5
2135 2144 2.958039892 0.02224859546 0.5
2136 2145 2.958039892 0.02224859546 0.5
2136 2146 2.958039892 0.02224859546 0.5
2136 2147 3.5 0.033 0.5
2137 2139 2.5 0.015 0.5
2137 2140 2.5 0.015 0.5
2137 2141 2.958039892 0.02224859546 0.5
2138 2139 2.5 0.015 0.5
2138 2140 2.5 0.015 0.5
2138 2141 2.958039892 0.02224859546 0.5
2139 2142 2.958039892 0.02224859546 0.5
2139 2143 2.5 0.015 0.5
2139 2144 2.5 0.015 0.5
2140 2142 2.958039892 0.02224859546 0.5
2140 2143 2.5 0.015 0.5
2140 2144 2.5 0.015 0.5
2141 2148 3.5 0.033 0.5
2141 2149 2.958039892 0.02224859546 0.5
2141 2150 2.958039892 0.02224859546 0.5
2142 2151 2.958039892 0.02224859546 0.5
2142 2152 2.958039892 0.02224859546 0.5
2142 2179 3.5 0.033 0.5
2143 2145 2.5 0.015 0.5
2143 2146 2.5 0.015 0.5
2143 2147 2.958039892 0.02224859546 0.5
2144 2145 2.5 0.015 0.5
2144 2146 2.5 0.015 0.5
2144 2147 2.958039892 0.02224859546 0.5
2145 2148 2.958039892 0.02224859546 0.5
2145 2149 2.5 0.015 0.5
2145 2150 2.5 0.015 0.5
2146 2148 2.958039892 0.02224859546 0.5
2146 2149 2.5 0.015 0.5
2146 2150 2.5 0.015 0.5
2147 2180 3.5 0.033 0.5
2147 2181 2.958039892 0.02224859546 0.5
2147 2182 2.958039892 0.02224859546 0.5
2148 2173 3.5 0.033 0.5
2148 2183 2.958039892 0.02224859546 0.5
2148 2184 2.958039892 0.02224859546 0.5
2149 2151 2.5 0.015 0.5
2149 2152 2.5 0.015 0.5
2149 2179 2.958039892 0.02224859546 0.5
2150 2151 2.5 0.015 0.5
2150 2152 2.5 0.015 0.5
2150 2179 2.958039892 0.02224859546 0.5
2151 2180 2.958039892 0.02224859546 0.5
2151 2181 2.5 0.015 0.5
2151 2182 2.5 0.015 0.5
2152 2180 2.958039892 0.02224859546 0.5
2152 2181 2.5 0.015 0.5
2152 2182 2.5 0.015 0.5
2154 2163 2.958039892 0.02224859546 0.5
2154 2164 2.958039892 0.02224859546 0.5
2154 2168 3.5 0.033 0.5
2155 2161 3.5 0.033 0.5
2155 2165 2.958039892 0.02224859546 0.5
2155 2166 2.958039892 0.02224859546 0.5
2156 2158 2.5 0.015 0.5
2156 2159 2.5 0.015 0.5
2156 2160 2.5 0.015 0.5
2156 2161 2.958039892 0.02224859546 0.5
2156 2165 2.5 0.015 0.5
2156 2166 2.5 0.015 0.5
2157 2158 2.5 0.015 0.5
2157 2159 2.5 0.015 0.5
2157 2160 2.5 0.015 0.5
2157 2161 2.958039892 0.02224859546 0.5
2157 2165 2.5 0.015 0.5
2157 2166 2.5 0.015 0.5
2158 2162 2.958039892 0.02224859546 0.5
2159 2162 2.958039892 0.02224859546 0.5
2160 2162 2.958039892 0.02224859546 0.5
2161 2169 2.958039892 0.02224859546 0.5
2161 2170 2.958039892 0.02224859546 0.5
2161 2174 3.5 0.033 0.5
2162 2167 3.5 0.033 0.5
2162 2171 2.958039892 0.02224859546 0.5
2162 2172 2.958039892 0.02224859546 0.5
2163 2165 2.5 0.015 0.5
2163 2166 2.5 0.015 0.5
2163 2167 2.958039892 0.02224859546 0.5
2163 2171 2.5 0.015 0.5
2163 2172 2.5 0.015 0.5
2164 2165 2.5 0.015 0.5
2164 2166 2.5 0.015 0.5
2164 2167 2.958039892 0.02224859546 0.5
2164 2171 2.5 0.015 0.5
2164 2172 2.5 0.015 0.5
2165 2168 2.958039892 0.02224859546 0.5
2166 2168 2.958039892 0.02224859546 0.5
2167 2175 2.958039892 0.02224859546 0.5
2167 2176 2.958039892 0.02224859546 0.5
2167 2180 3.5 0.033 0.5
2168 2173 3.5 0.033 0.5
2168 2177 2.958039892 0.02224859546 0.5
2168 2178 2.958039892 0.02224859546 0.5
2169 2171 2.5 0.015 0.5
2169 2172 2.5 0.015 0.5
2169 2173 2.958039892 0.02224859546 0.5
2169 2177 2.5 0.015 0.5
2169 2178 2.5 0.015 0.5
2170 2171 2.5 0.015 0.5
2170 2172 2.5 0.015 0.5
2170 2173 2.958039892 0.02224859546 0.5
2170 2177 2.5 0.015 0.5
2170 2178 2.5 0.015 0.5
2171 2174 2.958039892 0.02224859546 0.5
2172 2174 2.958039892 0.02224859546 0.5
2173 2181 2.958039892 0.02224859546 0.5
2173 2182 2.958039892 0.02224859546 0.5
2174 2179 3.5 0.033 0.5
2174 2183 2.958039892 0.02224859546 0.5
2174 2184 2.958039892 0.02224859546 0.5
2175 2177 2.5 0.015 0.5
2175 2178 2.5 0.015 0.5
2175 2179 2.958039892 0.02224859546 0.5
2175 2183 2.5 0.015 0.5
2175 2184 2.5 0.015 0.5
2176 2177 2.5 0.015 0.5
2176 2178 2.5 0.015 0.5
2176 2179 2.958039892 0.02224859546 0.5
2176 2183 2.5 0.015 0.5
2176 2184 2.5 0.015 0.5
2177 2180 2.958039892 0.02224859546 0.5
2178 2180 2.958039892 0.02224859546 0.5
2181 2183 2.5 0.015 0.5
2181 2184 2.5 0.015 0.5
2182 2183 2.5 0.015 0.5
2182 2184 2.5 0.015 0.5
2186 2197 2.958039892 0.02224859546 0.5
2186 2198 2.958039892 0.02224859546 0.5
2186 2199 3.5 0.033 0.5
2187 2194 3.5 0.033 0.5
2187 2195 2.958039892 0.02224859546 0.5
2187 2196 2.958039892 0.02224859546 0.5
2188 2190 2.5 0.015 0.5
2188 2191 2.5 0.015 0.5
2188 2192 2.5 0.015 0.5
2188 2194 2.958039892 0.02224859546 0.5
2188 2195 2.5 0.015 0.5
2188 2196 2.5 0.015 0.5
2189 2190 2.5 0.015 0.5
2189 2191 2.5 0.015 0.5
2189 2192 2.5 0.015 0.5
2189 2194 2.958039892 0.02224859546 0.5
2189 2195 2.5 0.015 0.5
2189 2196 2.5 0.015 0.5
2190 2193 2.958039892 0.02224859546 0.5
2191 2193 2.958039892 0.02224859546 0.5
2192 2193 2.958039892 0.02224859546 0.5
2193 2200 3.5 0.033 0.5
2193 2201 2.958039892 0.02224859546 0.5
2193 2202 2.958039892 0.02224859546 0.5
2194 2203 2.958039892 0.02224859546 0.5
2194 2204 2.958039892 0.02224859546 0.5
2194 2205 3.5 0.033 0.5
2195 2197 2.5 0.015 0.5
2195 2198 2.5 0.015 0.5
2195 2199 2.958039892 0.02224859546 0.5
2196 2197 2.5 0.015 0.5
2196 2198 2.5 0.015 0.5
2196 2199 2.958039892 0.02224859546 0.5
2197 2200 2.958039892 0.02224859546 0.5
2197 2201 2.5 0.015 0.5
2197 2202 2.5 0.015 0.5
2198 2200 2.958039892 0.02224859546 0.5
2198 2201 2.5 0.015 0.5
2198 2202 2.5 0.015 0.5
2199 2206 3.5 0.033 0.5
2199 2207 2.958039892 0.02224859546 0.5
2199 2208 2.958039892 0.02224859546 0.5
2200 2209 2.958039892 0.02224859546 0.5
2200 2210 2.958039892 0.02224859546 0.5
2200 2211 3.5 0.033 0.5
2201 2203 2.5 0.015 0.5
2201 2204 2.5 0.015 0.5
2201 2205 2.958039892 0.02224859546 0.5
2202 2203 2.5 0.015 0.5
2202 2204 2.5 0.015 0.5
2202 2205 2.958039892 0.02224859546 0.5
2203 2206 2.958039892 0.02224859546 0.5
2203 2207 2.5 0.015 0.5
2203 2208 2.5 0.015 0.5
2204 2206 2.958039892 0.02224859546 0.5
2204 2207 2.5 0.015 0.5
2204 2208 2.5 0.015 0.5
2205 2212 3.5 0.033 0.5
2205 2213 2.958039892 0.02224859546 0.5
2205 2214 2.958039892 0.02224859546 0.5
2206 2215 2.958039892 0.02224859546 0.5
2206 2216 2.958039892 0.02224859546 0.5
2206 2218 3.5 0.033 0.5
2207 2209 2.5 0.015 0.5
2207 2210 2.5 0.015 0.5
2207 2211 2.958039892 0.02224859546 0.5
2208 2209 2.5 0.015 0.5
2208 2210 2.5 0.015 0.5
2208 2211 2.958039892 0.02224859546 0.5
2209 2212 2.958039892 0.02224859546 0.5
2209 2213 2.5 0.015 0.5
2209 2214 2.5 0.015 0.5
2210 2212 2.958039892 0.02224859546 0.5
2210 2213 2.5 0.015 0.5
2210 2214 2.5 0.015 0.5
2211 2219 3.5 0.033 0.5
2211 2220 2.958039892 0.02224859546 0.5
2211 2221 2.958039892 0.02224859546 0.5
2212 2222 2.958039892 0.02224859546 0.5
2212 2223 2.958039892 0.02224859546 0.5
2212 2224 3.5 0.033 0.5
2213 2215 2.5 0.015 0.5
2213 2216 2.5 0.015 0.5
2213 2218 2.958039892 0.02224859546 0.5
2214 2215 2.5 0.015 0.5
2214 2216 2.5 0.015 0.5
2214 2218 2.958039892 0.02224859546 0.5
2215 2219 2.958039892 0.02224859546 0.5
2215 2220 2.5 0.015 0.5
2215 2221 2.5 0.015 0.5
2216 2219 2.958039892 0.02224859546 0.5
2216 2220 2.5 0.015 0.5
2216 2221 2.5 0.015 0.5
2218 2225 3.5 0.033 0.5
2218 2226 2.958039892 0.02224859546 0.5
2218 2227 2.958039892 0.02224859546 0.5
2219 2228 2.958039892 0.02224859546 0.5
2219 2229 2.958039892 0.02224859546 0.5
2219 2230 3.5 0.033 0.5
2220 2222 2.5 0.015 0.5
2220 2223 2.5 0.015 0.5
2220 2224 2.958039892 0.02224859546 0.5
2221 2222 2.5 0.015 0.5
2221 2223 2.5 0.015 0.5
2221 2224 2.958039892 0.02224859546 0.5
2222 2225 2.958039892 0.02224859546 0.5
2222 2226 2.5 0.015 0.5
2222 2227 2.5 0.015 0.5
2223 2225 2.958039892 0.02224859546 0.5
2223 2226 2.5 0.015 0.5
2223 2227 2.5 0.015 0.5
2224 2231 3.5 0.033 0.5
2224 2232 2.958039892 0.02224859546 0.5
2224 2233 2.958039892 0.02224859546 0.5
2225 2234 2.958039892 0.02224859546 0.5
2225 2235 2.958039892 0.02224859546 0.5
2225 2236 3.5 0.033 0.5
2226 2228 2.5 0.015 0.5
2226 2229 2.5 0.015 0.5
2226 2230 2.958039892 0.02224859546 0.5
2227 2228 2.5 0.015 0.5
2227 2229 2.5 0.015 0.5
2227 2230 2.958039892 0.02224859546 0.5
2228 2231 2.958039892 0.02224859546 0.5
2228 2232 2.5 0.015 0.5
2228 2233 2.5 0.015 0.5
2229 2231 2.958039892 0.02224859546 0.5
2229 2232 2.5 0.015 0.5
2229 2233 2.5 0.015 0.5
2230 2237 3.5 0.033 0.5
2230 2238 2.958039892 0.02224859546 0.5
2230 2239 2.958039892 0.02224859546 0.5
2231 2240 2.958039892 0.02224859546 0.5
2231 2241 2.958039892 0.02224859546 0.5
2231 2242 3.5 0.033 0.5
2232 2234 2.5 0.015 0.5
2232 2235 2.5 0.015 0.5
2232 2236 2.958039892 0.02224859546 0.5
2233 2234 2.5 0.015 0.5
2233 2235 2.5 0.015 0.5
2233 2236 2.958039892 0.02224859546 0.5
2234 2237 2.958039892 0.02224859546 0.5
2234 2238 2.5 0.015 0.5
2234 2239 2.5 0.015 0.5
2235 2237 2.958039892 0.02224859546 0.5
2235 2238 2.5 0.015 0.5
2235 2239 2.5 0.015 0.5
2236 2243 3.5 0.033 0.5
2236 2244 2.958039892 0.02224859546 0.5
2236 2245 2.958039892 0.02224859546 0.5
2237 2246 2.958039892 0.02224859546 0.5
2237 2247 2.958039892 0.02224859546 0.5
2237 2249 3.5 0.033 0.5
2238 2240 2.5 0.015 0.5
2238 2241 2.5 0.015 0.5
2238 2242 2.958039892 0.02224859546 0.5
2239 2240 2.5 0.015 0.5
2239 2241 2.5 0.015 0.5
2239 2242 2.958039892 0.02224859546 0.5
2240 2243 2.958039892 0.02224859546 0.5
2240 2244 2.5 0.015 0.5
2240 2245 2.5 0.015 0.5
2241 2243 2.958039892 0.02224859546 0.5
2241 2244 2.5 0.015 0.5
2241 2245 2.5 0.015 0.5
2242 2250 3.5 0.033 0.5
2242 2251 2.958039892 0.02224859546 0.5
2242 2252 2.958039892 0.02224859546 0.5
2243 2253 2.958039892 0.02224859546 0.5
2243 2254 2.958039892 0.02224859546 0.5
2243 2255 3.5 0.033 0.5
2244 2246 2.5 0.015 0.5
2244 2247 2.5 0.015 0.5
2244 2249 2.958039892 0.02224859546 0.5
2245 2246 2.5 0.015 0.5
2245 2247 2.5 0.015 0.5
2245 2249 2.958039892 0.02224859546 0.5
2246 2250 2.958039892 0.02224859546 0.5
2246 2251 2.5 0.015 0.5
2246 2252 2.5 0.015 0.5
2247 2250 2.958039892 0.02224859546 0.5
2247 2251 2.5 0.015 0.5
2247 2252 2.5 0.015 0.5
2249 2256 3.5 0.033 0.5
2249 2257 2.958039892 0.02224859546 0.5
2249 2258 2.958039892 0.02224859546 0.5
2250 2259 2.958039892 0.02224859546 0.5
2250 2260 2.958039892 0.02224859546 0.5
2250 2261 3.5 0.033 0.5
2251 2253 2.5 0.015 0.5
2251 2254 2.5 0.015 0.5
2251 2255 2.958039892 0.02224859546 0.5
2252 2253 2.5 0.015 0.5
2252 2254 2.5 0.015 0.5
2252 2255 2.958039892 0.02224859546 0.5
2253 2256 2.958039892 0.02224859546 0.5
2253 2257 2.5 0.015 0.5
2253 2258 2.5 0.015 0.5
2254 2256 2.958039892 0.02224859546 0.5
2254 2257 2.5 0.015 0.5
2254 2258 2.5 0.015 0.5
2255 2262 3.5 0.033 0.5
2255 2263 2.958039892 0.02224859546 0.5
2255 2264 2.958039892 0.02224859546 0.5
2256 2265 2.958039892 0.02224859546 0.5
2256 2266 2.958039892 0.02224859546 0.5
2256 2267 3.5 0.033 0.5
2257 2259 2.5 0.015 0.5
2257 2260 2.5 0.015 0.5
2257 2261 2.958039892 0.02224859546 0.5
2258 2259 2.5 0.015 0.5
2258 2260 2.5 0.015 0.5
2258 2261 2.958039892 0.02224859546 0.5
2259 2262 2.958039892 0.02224859546 0.5
2259 2263 2.5 0.015 0.5
2259 2264 2.5 0.015 0.5
2260 2262 2.958039892 0.02224859546 0.5
2260 2263 2.5 0.015 0.5
2260 2264 2.5 0.015 0.5
2261 2268 3.5 0.033 0.5
2261 2269 2.958039892 0.02224859546 0.5
2261 2270 2.958039892 0.02224859546 0.5
2262 2271 2.958039892 0.02224859546 0.5
2262 2272 2.958039892 0.02224859546 0.5
2262 2273 3.5 0.033 0.5
2263 2265 2.5 0.015 0.5
2263 2266 2.5 0.015 0.5
2263 2267 2.958039892 0.02224859546 0.5
2264 2265 2.5 0.015 0.5
2264 2266 2.5 0.015 0.5
2264 2267 2.958039892 0.02224859546 0.5
2265 2268 2.958039892 0.02224859546 0.5
2265 2269 2.5 0.015 0.5
2265 2270 2.5 0.015 0.5
2266 2268 2.958039892 0.02224859546 0.5
2266 2269 2.5 0.015 0.5
2266 2270 2.5 0.015 0.5
2267 2274 3.5 0.033 0.5
2267 2275 2.958039892 0.02224859546 0.5
2267 2276 2.958039892 0.02224859546 0.5
2268 2277 2.958039892 0.02224859546 0.5
2268 2278 2.958039892 0.02224859546 0.5
2268 2280 3.5 0.033 0.5
2269 2271 2.5 0.015 0.5
2269 2272 2.5 0.015 0.5
2269 2273 2.958039892 0.02224859546 0.5
2270 2271 2.5 0.015 0.5
2270 2272 2.5 0.015 0.5
2270 2273 2.958039892 0.02224859546 0.5
2271 2274 2.958039892 0.02224859546 0.5
2271 2275 2.5 0.015 0.5
2271 2276 2.5 0.015 0.5
2272 2274 2.958039892 0.02224859546 0.5
2272 2275 2.5 0.015 0.5
2272 2276 2.5 0.015 0.5
2273 2281 3.5 0.033 0.5
2273 2282 2.958039892 0.02224859546 0.5
2273 2283 2.958039892 0.02224859546 0.5
2274 2284 2.958039892 0.02224859546 0.5
2274 2285 2.958039892 0.02224859546 0.5
2274 2286 3.5 0.033 0.5
2275 2277 2.5 0.015 0.5
2275 2278 2.5 0.015 0.5
2275 2280 2.958039892 0.02224859546 0.5
2276 2277 2.5 0.015 0.5
2276 2278 2.5 0.015 0.5
2276 2280 2.958039892 0.02224859546 0.5
2277 2281 2.958039892 0.02224859546 0.5
2277 2282 2.5 0.015 0.5
2277 2283 2.5 0.015 0.5
2278 2281 2.958039892 0.02224859546 0.5
2278 2282 2.5 0.015 0.5
2278 2283 2.5 0.015 0.5
2280 2287 3.5 0.033 0.5
2280 2288 2.958039892 0.02224859546 0.5
2280 2289 2.958039892 0.02224859546 0.5
2281 2290 2.958039892 0.02224859546 0.5
2281 2291 2.958039892 0.02224859546 0.5
2281 2292 3.5 0.033 0.5
2282 2284 2.5 0.015 0.5
2282 2285 2.5 0.015 0.5
2282 2286 2.958039892 0.02224859546 0.5
2283 2284 2.5 0.015 0.5
2283 2285 2.5 0.015 0.5
2283 2286 2.958039892 0.02224859546 0.5
2284 2287 2.958039892 0.02224859546 0.5
2284 2288 2.5 0.015 0.5
2284 2289 2.5 0.015 0.5
2285 2287 2.958039892 0.02224859546 0.5
2285 2288 2.5 0.015 0.5
2285 2289 2.5 0.015 0.5
2286 2293 3.5 0.033 0.5
2286 2294 2.958039892 0.02224859546 0.5
2286 2295 2.958039892 0.02224859546 0.5
2287 2296 2.958039892 0.02224859546 0.5
2287 2297 2.958039892 0.02224859546 0.5
2287 2298 3.5 0.033 0.5
2288 2290 2.5 0.015 0.5
2288 2291 2.5 0.015 0.5
2288 2292 2.958039892 0.02224859546 0.5
2289 2290 2.5 0.015 0.5
2289 2291 2.5 0.015 0.5
2289 2292 2.958039892 0.02224859546 0.5
2290 2293 2.958039892 0.02224859546 0.5
2290 2294 2.5 0.015 0.5
2290 2295 2.5 0.015 0.5
2291 2293 2.958039892 0.02224859546 0.5
2291 2294 2.5 0.015 0.5
2291 2295 2.5 0.015 0.5
2292 2299 3.5 0.033 0.5
2292 2300 2.958039892 0.02224859546 0.5
2292 2301 2.958039892 0.02224859546 0.5
2293 2302 2.958039892 0.02224859546 0.5
2293 2303 2.958039892 0.02224859546 0.5
2293 2304 3.5 0.033 0.5
2294 2296 2.5 0.015 0.5
2294 2297 2.5 0.015 0.5
2294 2298 2.958039892 0.02224859546 0.5
2295 2296 2.5 0.015 0.5
2295 2297 2.5 0.015 0.5
2295 2298 2.958039892 0.02224859546 0.5
2296 2299 2.958039892 0.02224859546 0.5
2296 2300 2.5 0.015 0.5
2296 2301 2.5 0.015 0.5
2297 2299 2.958039892 0.02224859546 0.5
2297 2300 2.5 0.015 0.5
2297 2301 2.5 0.015 0.5
2298 2305 3.5 0.033 0.5
2298 2306 2.958039892 0.02224859546 0.5
2298 2307 2.958039892 0.02224859546 0.5
2299 2308 2.958039892 0.02224859546 0.5
2299 2309 2.958039892 0.02224859546 0.5
2299 2311 3.5 0.033 0.5
2300 2302 2.5 0.015 0.5
2300 2303 2.5 0.015 0.5
2300 2304 2.958039892 0.02224859546 0.5
2301 2302 2.5 0.015 0.5
2301 2303 2.5 0.015 0.5
2301 2304 2.958039892 0.02224859546 0.5
2302 2305 2.958039892 0.02224859546 0.5
2302 2306 2.5 0.015 0.5
2302 2307 2.5 0.015 0.5
2303 2305 2.958039892 0.02224859546 0.5
2303 2306 2.5 0.015 0.5
2303 2307 2.5 0.015 0.5
2304 2312 3.5 0.033 0.5
2304 2313 2.958039892 0.02224859546 0.5
2304 2314 2.958039892 0.02224859546 0.5
2305 2315 2.958039892 0.02224859546 0.5
2305 2316 2.958039892 0.02224859546 0.5
2305 2317 3.5 0.033 0.5
2306 2308 2.5 0.015 0.5
2306 2309 2.5 0.015 0.5
2306 2311 2.958039892 0.02224859546 0.5
2307 2308 2.5 0.015 0.5
2307 2309 2.5 0.015 0.5
2307 2311 2.958039892 0.02224859546 0.5
2308 2312 2.958039892 0.02224859546 0.5
2308 2313 2.5 0.015 0.5
2308 2314 2.5 0.015 0.5
2309 2312 2.958039892 0.02224859546 0.5
2309 2313 2.5 0.015 0.5
2309 2314 2.5 0.015 0.5
2311 2318 3.5 0.033 0.5
2311 2319 2.958039892 0.02224859546 0.5
2311 2320 2.958039892 0.02224859546 0.5
2312 2321 2.958039892 0.02224859546 0.5
2312 2322 2.958039892 0.02224859546 0.5
2312 2323 3.5 0.033 0.5
2313 2315 2.5 0.015 0.5
2313 2316 2.5 0.015 0.5
2313 2317 2.958039892 0.02224859546 0.5
2314 2315 2.5 0.015 0.5
2314 2316 2.5 0.015 0.5
2314 2317 2.958039892 0.02224859546 0.5
2315 2318 2.958039892 0.02224859546 0.5
2315 2319 2.5 0.015 0.5
2315 2320 2.5 0.015 0.5
2316 2318 2.958039892 0.02224859546 0.5
2316 2319 2.5 0.015 0.5
2316 2320 2.5 0.015 0.5
2317 2324 3.5 0.033 0.5
2317 2325 2.958039892 0.02224859546 0.5
2317 2326 2.958039892 0.02224859546 0.5
2318 2327 2.958039892 0.02224859546 0.5
2318 2328 2.958039892 0.02224859546 0.5
2318 2329 3.5 0.033 0.5
2319 2321 2.5 0.015 0.5
2319 2322 2.5 0.015 0.5
2319 2323 2.958039892 0.02224859546 0.5
2320 2321 2.5 0.015 0.5
2320 2322 2.5 0.015 0.5
2320 2323 2.958039892 0.02224859546 0.5
2321 2324 2.958039892 0.02224859546 0.5
2321 2325 2.5 0.015 0.5
2321 2326 2.5 0.015 0.5
2322 2324 2.958039892 0.02224859546 0.5
2322 2325 2.5 0.015 0.5
2322 2326 2.5 0.015 0.5
2323 2330 3.5 0.033 0.5
2323 2331 2.958039892 0.02224859546 0.5
2323 2332 2.958039892 0.02224859546 0.5
2324 2333 2.958039892 0.02224859546 0.5
2324 2334 2.958039892 0.02224859546 0.5
2324 2335 3.5 0.033 0.5
2325 2327 2.5 0.015 0.5
2325 2328 2.5 0.015 0.5
2325 2329 2.958039892 0.02224859546 0.5
2326 2327 2.5 0.015 0.5
2326 2328 2.5 0.015 0.5
2326 2329 2.958039892 0.02224859546 0.5
2327 2330 2.958039892 0.02224859546 0.5
2327 2331 2.5 0.015 0.5
2327 2332 2.5 0.015 0.5
2328 2330 2.958039892 0.02224859546 0.5
2328 2331 2.5 0.015 0.5
2328 2332 2.5 0.015 0.5
2329 2336 3.5 0.033 0.5
2329 2337 2.958039892 0.02224859546 0.5
2329 2338 2.958039892 0.02224859546 0.5
2330 2339 2.958039892 0.02224859546 0.5
2330 2340 2.958039892 0.02224859546 0.5
2330 2342 3.5 0.033 0.5
2331 2333 2.5 0.015 0.5
2331 2334 2.5 0.015 0.5
2331 2335 2.958039892 0.02224859546 0.5
2332 2333 2.5 0.015 0.5
2332 2334 2.5 0.015 0.5
2332 2335 2.958039892 0.02224859546 0.5
2333 2336 2.958039892 0.02224859546 0.5
2333 2337 2.5 0.015 0.5
2333 2338 2.5 0.015 0.5
2334 2336 2.958039892 0.02224859546 0.5
2334 2337 2.5 0.015 0.5
2334 2338 2.5 0.015 0.5
2335 2343 3.5 0.033 0.5
2335 2344 2.958039892 0.02224859546 0.5
2335 2345 2.958039892 0.02224859546 0.5
2336 2346 2.958039892 0.02224859546 0.5
2336 2347 2.958039892 0.02224859546 0.5
2336 2348 3.5 0.033 0.5
2337 2339 2.5 0.015 0.5
2337 2340 2.5 0.015 0.5
2337 2342 2.958039892 0.02224859546 0.5
2338 2339 2.5 0.015 0.5
2338 2340 2.5 0.015 0.5
2338 2342 2.958039892 0.02224859546 0.5
2339 2343 2.958039892 0.02224859546 0.5
2339 2344 2.5 0.015 0.5
2339 2345 2.5 0.015 0.5
2340 2343 2.958039892 0.02224859546 0.5
2340 2344 2.5 0.015 0.5
2340 2345 2.5 0.015 0.5
2342 2349 3.5 0.033 0.5
2342 2350 2.958039892 0.02224859546 0.5
2342 2351 2.958039892 0.02224859546 0.5
2343 2352 2.958039892 0.02224859546 0.5
2343 2353 2.958039892 0.02224859546 0.5
2343 2354 3.5 0.033 0.5
2344 2346 2.5 0.015 0.5
2344 2347 2.5 0.015 0.5
2344 2348 2.958039892 0.02224859546 0.5
2345 2346 2.5 0.015 0.5
2345 2347 2.5 0.015 0.5
2345 2348 2.958039892 0.02224859546 0.5
2346 2349 2.958039892 0.02224859546 0.5
2346 2350 2.5 0.015 0.5
2346 2351 2.5 0.015 0.5
2347 2349 2.958039892 0.02224859546 0.5
2347 2350 2.5 0.015 0.5
2347 2351 2.5 0.015 0.5
2348 2355 3.5 0.033 0.5
2348 2356 2.958039892 0.02224859546 0.5
2348 2357 2.958039892 0.02224859546 0.5
2349 2358 2.958039892 0.02224859546 0.5
2349 2359 2.958039892 0.02224859546 0.5
2349 2360 3.5 0.033 0.5
2350 2352 2.5 0.015 0.5
2350 2353 2.5 0.015 0.5
2350 2354 2.958039892 0.02224859546 0.5
2351 2352 2.5 0.015 0.5
2351 2353 2.5 0.015 0.5
2351 2354 2.958039892 0.02224859546 0.5
2352 2355 2.958039892 0.02224859546 0.5
2352 2356 2.5 0.015 0.5
2352 2357 2.5 0.015 0.5
2353 2355 2.958039892 0.02224859546 0.5
2353 2356 2.5 0.015 0.5
2353 2357 2.5 0.015 0.5
2354 2361 3.5 0.033 0.5
2354 2362 2.958039892 0.02224859546 0.5
2354 2363 2.958039892 0.02224859546 0.5
2355 2364 2.958039892 0.02224859546 0.5
2355 2365 2.958039892 0.02224859546 0.5
2355 2366 3.5 0.033 0.5
2356 2358 2.5 0.015 0.5
2356 2359 2.5 0.015 0.5
2356 2360 2.958039892 0.02224859546 0.5
2357 2358 2.5 0.015 0.5
2357 2359 2.5 0.015 0.5
2357 2360 2.958039892 0.02224859546 0.5
2358 2361 2.958039892 0.02224859546 0.5
2358 2362 2.5 0.015 0.5
2358 2363 2.5 0.015 0.5
2359 2361 2.958039892 0.02224859546 0.5
2359 2362 2.5 0.015 0.5
2359 2363 2.5 0.015 0.5
2360 2367 3.5 0.033 0.5
2360 2368 2.958039892 0.02224859546 0.5
2360 2369 2.958039892 0.02224859546 0.5
2361 2370 2.958039892 0.02224859546 0.5
2361 2371 2.958039892 0.02224859546 0.5
2361 2373 3.5 0.033 0.5
2362 2364 2.5 0.015 0.5
2362 2365 2.5 0.015 0.5
2362 2366 2.958039892 0.02224859546 0.5
2363 2364 2.5 0.015 0.5
2363 2365 2.5 0.015 0.5
2363 2366 2.958039892 0.02224859546 0.5
2364 2367 2.958039892 0.02224859546 0.5
2364 2368 2.5 0.015 0.5
2364 2369 2.5 0.015 0.5
2365 2367 2.958039892 0.02224859546 0.5
2365 2368 2.5 0.015 0.5
2365 2369 2.5 0.015 0.5
2366 2374 3.5 0.033 0.5
2366 2375 2.958039892 0.02224859546 0.5
2366 2376 2.958039892 0.02224859546 0.5
2367 2377 2.958039892 0.02224859546 0.5
2367 2378 2.958039892 0.02224859546 0.5
2367 2379 3.5 0.033 0.5
2368 2370 2.5 0.015 0.5
2368 2371 2.5 0.015 0.5
2368 2373 2.958039892 0.02224859546 0.5
2369 2370 2.5 0.015 0.5
2369 2371 2.5 0.015 0.5
2369 2373 2.958039892 0.02224859546 0.5
2370 2374 2.958039892 0.02224859546 0.5
2370 2375 2.5 0.015 0.5
2370 2376 2.5 0.015 0.5
2371 2374 2.958039892 0.02224859546 0.5
2371 2375 2.5 0.015 0.5
2371 2376 2.5 0.015 0.5
2373 2380 3.5 0.033 0.5
2373 2381 2.958039892 0.02224859546 0.5
2373 2382 2.958039892 0.02224859546 0.5
2374 2383 2.958039892 0.02224859546 0.5
2374 2384 2.958039892 0.02224859546 0.5
2374 2385 3.5 0.033 0.5
2375 2377 2.5 0.015 0.5
2375 2378 2.5 0.015 0.5
2375 2379 2.958039892 0.02224859546 0.5
2376 2377 2.5 0.015 0.5
2376 2378 2.5 0.015 0.5
2376 2379 2.958039892 0.02224859546 0.5
2377 2380 2.958039892 0.02224859546 0.5
2377 2381 2.5 0.015 0.5
2377 2382 2.5 0.015 0.5
2378 2380 2.958039892 0.02224859546 0.5
2378 2381 2.5 0.015 0.5
2378 2382 2.5 0.015 0.5
2379 2386 3.5 0.033 0.5
2379 2387 2.958039892 0.02224859546 0.5
2379 2388 2.958039892 0.02224859546 0.5
2380 2389 2.958039892 0.02224859546 0.5
2380 2390 2.958039892 0.02224859546 0.5
2380 2391 3.5 0.033 0.5
2381 2383 2.5 0.015 0.5
2381 2384 2.5 0.015 0.5
2381 2385 2.958039892 0.02224859546 0.5
2382 2383 2.5 0.015 0.5
2382 2384 2.5 0.015 0.5
2382 2385 2.958039892 0.02224859546 0.5
2383 2386 2.958039892 0.02224859546 0.5
2383 2387 2.5 0.015 0.5
2383 2388 2.5 0.015 0.5
2384 2386 2.958039892 0.02224859546 0.5
2384 2387 2.5 0.015 0.5
2384 2388 2.5 0.015 0.5
2385 2392 3.5 0.033 0.5
2385 2393 2.958039892 0.02224859546 0.5
2385 2394 2.958039892 0.02224859546 0.5
2386 2395 2.958039892 0.02224859546 0.5
2386 2396 2.958039892 0.02224859546 0.5
2386 2397 3.5 0.033 0.5
2387 2389 2.5 0.015 0.5
2387 2390 2.5 0.015 0.5
2387 2391 2.958039892 0.02224859546 0.5
2388 2389 2.5 0.015 0.5
2388 2390 2.5 0.015 0.5
2388 2391 2.958039892 0.02224859546 0.5
2389 2392 2.958039892 0.02224859546 0.5
2389 2393 2.5 0.015 0.5
2389 2394 2.5 0.015 0.5
2390 2392 2.958039892 0.02224859546 0.5
2390 2393 2.5 0.015 0.5
2390 2394 2.5 0.015 0.5
2391 2398 3.5 0.033 0.5
2391 2399 2.958039892 0.02224859546 0.5
2391 2400 2.958039892 0.02224859546 0.5
2392 2401 2.958039892 0.02224859546 0.5
2392 2402 2.958039892 0.02224859546 0.5
2392 2404 3.5 0.033 0.5
2393 2395 2.5 0.015 0.5
2393 2396 2.5 0.015 0.5
2393 2397 2.958039892 0.02224859546 0.5
2394 2395 2.5 0.015 0.5
2394 2396 2.5 0.015 0.5
2394 2397 2.958039892 0.02224859546 0.5
2395 2398 2.958039892 0.02224859546 0.5
2395 2399 2.5 0.015 0.5
2395 2400 2.5 0.015 0.5
2396 2398 2.958039892 0.02224859546 0.5
2396 2399 2.5 0.015 0.5
2396 2400 2.5 0.015 0.5
2397 2405 3.5 0.033 0.5
2397 2406 2.958039892 0.02224859546 0.5
2397 2407 2.958039892 0.02224859546 0.5
2398 2408 2.958039892 0.02224859546 0.5
2398 2409 2.958039892 0.02224859546 0.5
2398 2410 3.5 0.033 0.5
2399 2401 2.5 0.015 0.5
2399 2402 2.5 0.015 0.5
2399 2404 2.958039892 0.02224859546 0.5
2400 2401 2.5 0.015 0.5
2400 2402 2.5 0.015 0.5
2400 2404 2.958039892 0.02224859546 0.5
2401 2405 2.958039892 0.02224859546 0.5
2401 2406 2.5 0.015 0.5
2401 2407 2.5 0.015 0.5
2402 2405 2.958039892 0.02224859546 0.5
2402 2406 2.5 0.015 0.5
2402 2407 2.5 0.015 0.5
2404 2411 3.5 0.033 0.5
2404 2412 2.958039892 0.02224859546 0.5
2404 2413 2.958039892 0.02224859546 0.5
2405 2414 2.958039892 0.02224859546 0.5
2405 2415 2.958039892 0.02224859546 0.5
2405 2416 3.5 0.033 0.5
2406 2408 2.5 0.015 0.5
2406 2409 2.5 0.015 0.5
2406 2410 2.958039892 0.02224859546 0.5
2407 2408 2.5 0.015 0.5
2407 2409 2.5 0.015 0.5
2407 2410 2.958039892 0.02224859546 0.5
2408 2411 2.958039892 0.02224859546 0.5
2408 2412 2.5 0.015 0.5
2408 2413 2.5 0.015 0.5
2409 2411 2.958039892 0.02224859546 0.5
2409 2412 2.5 0.015 0.5
2409 2413 2.5 0.015 0.5
2410 2417 3.5 0.033 0.5
2410 2418 2.958039892 0.02224859546 0.5
2410 2419 2.958039892 0.02224859546 0.5
2411 2420 2.958039892 0.02224859546 0.5
2411 2421 2.958039892 0.02224859546 0.5
2411 2422 3.5 0.033 0.5
2412 2414 2.5 0.015 0.5
2412 2415 2.5 0.015 0.5
2412 2416 2.958039892 0.02224859546 0.5
2413 2414 2.5 0.015 0.5
2413 2415 2.5 0.015 0.5
2413 2416 2.958039892 0.02224859546 0.5
2414 2417 2.958039892 0.02224859546 0.5
2414 2418 2.5 0.015 0.5
2414 2419 2.5 0.015 0.5
2415 2417 2.958039892 0.02224859546 0.5
2415 2418 2.5 0.015 0.5
2415 2419 2.5 0.015 0.5
2416 2423 3.5 0.033 0.5
2416 2424 2.958039892 0.02224859546 0.5
2416 2425 2.958039892 0.02224859546 0.5
2417 2426 2.958039892 0.02224859546 0.5
2417 2427 2.958039892 0.02224859546 0.5
2417 2428 3.5 0.033 0.5
2418 2420 2.5 0.015 0.5
2418 2421 2.5 0.015 0.5
2418 2422 2.958039892 0.02224859546 0.5
2419 2420 2.5 0.015 0.5
2419 2421 2.5 0.015 0.5
2419 2422 2.958039892 0.02224859546 0.5
2420 2423 2.958039892 0.02224859546 0.5
2420 2424 2.5 0.015 0.5
2420 2425 2.5 0.015 0.5
2421 2423 2.958039892 0.02224859546 0.5
2421 2424 2.5 0.015 0.5
2421 2425 2.5 0.015 0.5
2422 2429 3.5 0.033 0.5
2422 2430 2.958039892 0.02224859546 0.5
2422 2431 2.958039892 0.02224859546 0.5
2423 2432 2.958039892 0.02224859546 0.5
2423 2433 2.958039892 0.02224859546 0.5
2423 2435 3.5 0.033 0.5
2424 2426 2.5 0.015 0.5
2424 2427 2.5 0.015 0.5
2424 2428 2.958039892 0.02224859546 0.5
2425 2426 2.5 0.015 0.5
2425 2427 2.5 0.015 0.5
2425 2428 2.958039892 0.02224859546 0.5
2426 2429 2.958039892 0.02224859546 0.5
2426 2430 2.5 0.015 0.5
2426 2431 2.5 0.015 0.5
2427 2429 2.958039892 0.02224859546 0.5
2427 2430 2.5 0.015 0.5
2427 2431 2.5 0.015 0.5
2428 2436 3.5 0.033 0.5
2428 2437 2.958039892 0.02224859546 0.5
2428 2438 2.958039892 0.02224859546 0.5
2429 2439 2.958039892 0.02224859546 0.5
2429 2440 2.958039892 0.02224859546 0.5
2429 2441 3.5 0.033 0.5
2430 2432 2.5 0.015 0.5
2430 2433 2.5 0.015 0.5
2430 2435 2.958039892 0.02224859546 0.5
2431 2432 2.5 0.015 0.5
2431 2433 2.5 0.015 0.5
2431 2435 2.958039892 0.02224859546 0.5
2432 2436 2.958039892 0.02224859546 0.5
2432 2437 2.5 0.015 0.5
2432 2438 2.5 0.015 0.5
2433 2436 2.958039892 0.02224859546 0.5
2433 2437 2.5 0.015 0.5
2433 2438 2.5 0.015 0.5
2435 2442 3.5 0.033 0.5
2435 2443 2.958039892 0.02224859546 0.5
2435 2444 2.958039892 0.02224859546 0.5
2436 2445 2.958039892 0.02224859546 0.5
2436 2446 2.958039892 0.02224859546 0.5
2436 2447 3.5 0.033 0.5
2437 2439 2.5 0.015 0.5
2437 2440 2.5 0.015 0.5
2437 2441 2.958039892 0.02224859546 0.5
2438 2439 2.5 0.015 0.5
2438 2440 2.5 0.015 0.5
2438 2441 2.958039892 0.02224859546 0.5
2439 2442 2.958039892 0.02224859546 0.5
2439 2443 2.5 0.015 0.5
2439 2444 2.5 0.015 0.5
2440 2442 2.958039892 0.02224859546 0.5
2440 2443 2.5 0.015 0.5
2440 2444 2.5 0.015 0.5
2441 2448 3.5 0.033 0.5
2441 2449 2.958039892 0.02224859546 0.5
2441 2450 2.958039892 0.02224859546 0.5
2442 2451 2.958039892 0.02224859546 0.5
2442 2452 2.958039892 0.02224859546 0.5
2442 2453 3.5 0.033 0.5
2443 2445 2.5 0.015 0.5
2443 2446 2.5 0.015 0.5
2443 2447 2.958039892 0.02224859546 0.5
2444 2445 2.5 0.015 0.5
2444 2446 2.5 0.015 0.5
2444 2447 2.958039892 0.02224859546 0.5
2445 2448 2.958039892 0.02224859546 0.5
2445 2449 2.5 0.015 0.5
2445 2450 2.5 0.015 0.5
2446 2448 2.958039892 0.02224859546 0.5
2446 2449 2.5 0.015 0.5
2446 2450 2.5 0.015 0.5
2447 2454 3.5 0.033 0.5
2447 2455 2.958039892 0.02224859546 0.5
2447 2456 2.958039892 0.02224859546 0.5
2448 2457 2.958039892 0.02224859546 0.5
2448 2458 2.958039892 0.02224859546 0.5
2448 2459 3.5 0.033 0.5
2449 2451 2.5 0.015 0.5
2449 2452 2.5 0.015 0.5
2449 2453 2.958039892 0.02224859546 0.5
2450 2451 2.5 0.015 0.5
2450 2452 2.5 0.015 0.5
2450 2453 2.958039892 0.02224859546 0.5
2451 2454 2.958039892 0.02224859546 0.5
2451 2455 2.5 0.015 0.5
2451 2456 2.5 0.015 0.5
2452 2454 2.958039892 0.02224859546 0.5
2452 2455 2.5 0.015 0.5
2452 2456 2.5 0.015 0.5
2453 2460 3.5 0.033 0.5
2453 2461 2.958039892 0.02224859546 0.5
2453 2462 2.958039892 0.02224859546 0.5
2454 2463 2.958039892 0.02224859546 0.5
2454 2464 2.958039892 0.02224859546 0.5
2454 2491 3.5 0.033 0.5
2455 2457 2.5 0.015 0.5
2455 2458 2.5 0.015 0.5
2455 2459 2.958039892 0.02224859546 0.5
2456 2457 2.5 0.015 0.5
2456 2458 2.5 0.015 0.5
2456 2459 2.958039892 0.02224859546 0.5
2457 2460 2.958039892 0.02224859546 0.5
2457 2461 2.5 0.015 0.5
2457 2462 2.5 0.015 0.5
2458 2460 2.958039892 0.02224859546 0.5
2458 2461 2.5 0.015 0.5
2458 2462 2.5 0.015 0.5
2459 2492 3.5 0.033 0.5
2459 2493 2.958039892 0.02224859546 0.5
2459 2494 2.958039892 0.02224859546 0.5
2460 2485 3.5 0.033 0.5
2460 2495 2.958039892 0.02224859546 0.5
2460 2496 2.958039892 0.02224859546 0.5
2461 2463 2.5 0.015 0.5
2461 2464 2.5 0.015 0.5
2461 2491 2.958039892 0.02224859546 0.5
2462 2463 2.5 0.015 0.5
2462 2464 2.5 0.015 0.5
2462 2491 2.958039892 0.02224859546 0.5
2463 2492 2.958039892 0.02224859546 0.5
2463 2493 2.5 0.015 0.5
2463 2494 2.5 0.015 0.5
2464 2492 2.958039892 0.02224859546 0.5
2464 2493 2.5 0.015 0.5
2464 2494 2.5 0.015 0.5
2466 2475 2.958039892 0.02224859546 0.5
2466 2476 2.958039892 0.02224859546 0.5
2466 2480 3.5 0.033 0.5
2467 2473 3.5 0.033 0.5
2467 2477 2.958039892 0.02224859546 0.5
2467 2478 2.958039892 0.02224859546 0.5
2468 2470 2.5 0.015 0.5
2468 2471 2.5 0.015 0.5
2468 2472 2.5 0.015 0.5
2468 2473 2.958039892 0.02224859546 0.5
2468 2477 2.5 0.015 0.5
2468 2478 2.5 0.015 0.5
2469 2470 2.5 0.015 0.5
2469 2471 2.5 0.015 0.5
2469 2472 2.5 0.015 0.5
2469 2473 2.958039892 0.02224859546 0.5
2469 2477 2.5 0.015 0.5
2469 2478 2.5 0.015 0.5
2470 2474 2.958039892 0.02224859546 0.5
2471 2474 2.958039892 0.02224859546 0.5
2472 2474 2.958039892 0.02224859546 0.5
2473 2481 2.958039892 0.02224859546 0.5
2473 2482 2.958039892 0.02224859546 0.5
2473 2486 3.5 0.033 0.5
2474 2479 3.5 0.033 0.5
2474 2483 2.958039892 0.02224859546 0.5
2474 2484 2.958039892 0.02224859546 0.5
2475 2477 2.5 0.015 0.5
2475 2478 2.5 0.015 0.5
2475 2479 2.958039892 0.02224859546 0.5
2475 2483 2.5 0.015 0.5
2475 2484 2.5 0.015 0.5
2476 2477 2.5 0.015 0.5
2476 2478 2.5 0.015 0.5
2476 2479 2.958039892 0.02224859546 0.5
2476 2483 2.5 0.015 0.5
2476 2484 2.5 0.015 0.5
2477 2480 2.958039892 0.02224859546 0.5
2478 2480 2.958039892 0.02224859546 0.5
2479 2487 2.958039892 0.02224859546 0.5
2479 2488 2.958039892 0.02224859546 0.5
2479 2492 3.5 0.033 0.5
2480 2485 3.5 0.033 0.5
2480 2489 2.958039892 0.02224859546 0.5
2480 2490 2.958039892 0.02224859546 0.5
2481 2483 2.5 0.015 0.5
2481 2484 2.5 0.015 0.5
2481 2485 2.958039892 0.02224859546 0.5
2481 2489 2.5 0.015 0.5
2481 2490 2.5 0.015 0.5
2482 2483 2.5 0.015 0.5
2482 2484 2.5 0.015 0.5
2482 2485 2.958039892 0.02224859546 0.5
2482 2489 2.5 0.015 0.5
2482 2490 2.5 0.015 0.5
2483 2486 2.958039892 0.02224859546 0.5
2484 2486 2.958039892 0.02224859546 0.5
2485 2493 2.958039892 0.02224859546 0.5
2485 2494 2.958039892 0.02224859546 0.5
2486 2491 3.5 0.033 0.5
2486 2495 2.958039892 0.02224859546 0.5
2486 2496 2.958039892 0.02224859546 0.5
2487 2489 2.5 0.015 0.5
2487 2490 2.5 0.015 0.5
2487 2491 2.958039892 0.02224859546 0.5
2487 2495 2.5 0.015 0.5
2487 2496 2.5 0.015 0.5
2488 2489 2.5 0.015 0.5
2488 2490 2.5 0.015 0.5
2488 2491 2.958039892 0.02224859546 0.5
2488 2495 2.5 0.015 0.5
2488 2496 2.5 0.015 0.5
2489 2492 2.958039892 0.02224859546 0.5
2490 2492 2.958039892 0.02224859546 0.5
2493 2495 2.5 0.015 0.5
2493 2496 2.5 0.015 0.5
2494 2495 2.5 0.015 0.5
2494 2496 2.5 0.015 0.5
2498 2509 2.958039892 0.02224859546 0.5
2498 2510 2.958039892 0.02224859546 0.5
2498 2511 3.5 0.033 0.5
2499 2506 3.5 0.033 0.5
2499 2507 2.958039892 0.02224859546 0.5
2499 2508 2.958039892 0.02224859546 0.5
2500 2502 2.5 0.015 0.5
2500 2503 2.5 0.015 0.5
2500 2504 2.5 0.015 0.5
2500 2506 2.958039892 0.02224859546 0.5
2500 2507 2.5 0.015 0.5
2500 2508 2.5 0.015 0.5
2501 2502 2.5 0.015 0.5
2501 2503 2.5 0.015 0.5
2501 2504 2.5 0.015 0.5
2501 2506 2.958039892 0.02224859546 0.5
2501 2507 2.5 0.015 0.5
2501 2508 2.5 0.015 0.5
2502 2505 2.958039892 0.02224859546 0.5
2503 2505 2.958039892 0.02224859546 0.5
2504 2505 2.958039892 0.02224859546 0.5
2505 2512 3.5 0.033 0.5
2505 2513 2.958039892 0.02224859546 0.5
2505 2514 2.958039892 0.02224859546 0.5
2506 2515 2.958039892 0.02224859546 0.5
2506 2516 2.958039892 0.02224859546 0.5
2506 2517 3.5 0.033 0.5
2507 2509 2.5 0.015 0.5
2507 2510 2.5 0.015 0.5
2507 2511 2.958039892 0.02224859546 0.5
2508 2509 2.5 0.015 0.5
2508 2510 2.5 0.015 0.5
2508 2511 2.958039892 0.02224859546 0.5
2509 2512 2.958039892 0.02224859546 0.5
2509 2513 2.5 0.015 0.5
2509 2514 2.5 0.015 0.5
2510 2512 2.958039892 0.02224859546 0.5
2510 2513 2.5 0.015 0.5
2510 2514 2.5 0.015 0.5
2511 2518 3.5 0.033 0.5
2511 2519 2.958039892 0.02224859546 0.5
2511 2520 2.958039892 0.02224859546 0.5
2512 2521 2.958039892 0.02224859546 0.5
2512 2522 2.958039892 0.02224859546 0.5
2512 2523 3.5 0.033 0.5
2513 2515 2.5 0.015 0.5
2513 2516 2.5 0.015 0.5
2513 2517 2.958039892 0.02224859546 0.5
2514 2515 2.5 0.015 0.5
2514 2516 2.5 0.015 0.5
2514 2517 2.958039892 0.02224859546 0.5
2515 2518 2.958039892 0.02224859546 0.5
2515 2519 2.5 0.015 0.5
2515 2520 2.5 0.015 0.5
2516 2518 2.958039892 0.02224859546 0.5
2516 2519 2.5 0.015 0.5
2516 2520 2.5 0.015 0.5
2517 2524 3.5 0.033 0.5
2517 2525 2.958039892 0.02224859546 0.5
2517 2526 2.958039892 0.02224859546 0.5
2518 2527 2.958039892 0.02224859546 0.5
2518 2528 2.958039892 0.02224859546 0.5
2518 2530 3.5 0.033 0.5
2519 2521 2.5 0.015 0.5
2519 2522 2.5 0.015 0.5
2519 2523 2.958039892 0.02224859546 0.5
2520 2521 2.5 0.015 0.5
2520 2522 2.5 0.015 0.5
2520 2523 2.958039892 0.02224859546 0.5
2521 2524 2.958039892 0.02224859546 0.5
2521 2525 2.5 0.015 0.5
2521 2526 2.5 0.015 0.5
2522 2524 2.958039892 0.02224859546 0.5
2522 2525 2.5 0.015 0.5
2522 2526 2.5 0.015 0.5
2523 2531 3.5 0.033 0.5
2523 2532 2.958039892 0.02224859546 0.5
2523 2533 2.958039892 0.02224859546 0.5
2524 2534 2.958039892 0.02224859546 0.5
2524 2535 2.958039892 0.02224859546 0.5
2524 2536 3.5 0.033 0.5
2525 2527 2.5 0.015 0.5
2525 2528 2.5 0.015 0.5
2525 2530 2.958039892 0.02224859546 0.5
2526 2527 2.5 0.015 0.5
2526 2528 2.5 0.015 0.5
2526 2530 2.958039892 0.02224859546 0.5
2527 2531 2.958039892 0.02224859546 0.5
2527 2532 2.5 0.015 0.5
2527 2533 2.5 0.015 0.5
2528 2531 2.958039892 0.02224859546 0.5
2528 2532 2.5 0.015 0.5
2528 2533 2.5 0.015 0.5
2530 2537 3.5 0.033 0.5
2530 2538 2.958039892 0.02224859546 0.5
2530 2539 2.958039892 0.02224859546 0.5
2531 2540 2.958039892 0.02224859546 0.5
2531 2541 2.958039892 0.02224859546 0.5
2531 2542 3.5 0.033 0.5
2532 2534 2.5 0.015 0.5
2532 2535 2.5 0.015 0.5
2532 2536 2.958039892 0.02224859546 0.5
2533 2534 2.5 0.015 0.5
2533 2535 2.5 0.015 0.5
2533 2536 2.958039892 0.02224859546 0.5
2534 2537 2.958039892 0.02224859546 0.5
2534 2538 2.5 0.015 0.5
2534 2539 2.5 0.015 0.5
2535 2537 2.958039892 0.02224859546 0.5
2535 2538 2.5 0.015 0.5
2535 2539 2.5 0.015 0.5
2536 2543 3.5 0.033 0.5
2536 2544 2.958039892 0.02224859546 0.5
2536 2545 2.958039892 0.02224859546 0.5
2537 2546 2.958039892 0.02224859546 0.5
2537 2547 2.958039892 0.02224859546 0.5
2537 2548 3.5 0.033 0.5
2538 2540 2.5 0.015 0.5
2538 2541 2.5 0.015 0.5
2538 2542 2.958039892 0.02224859546 0.5
2539 2540 2.5 0.015 0.5
2539 2541 2.5 0.015 0.5
2539 2542 2.958039892 0.02224859546 0.5
2540 2543 2.958039892 0.02224859546 0.5
2540 2544 2.5 0.015 0.5
2540 2545 2.5 0.015 0.5
2541 2543 2.958039892 0.02224859546 0.5
2541 2544 2.5 0.015 0.5
2541 2545 2.5 0.015 0.5
2542 2549 3.5 0.033 0.5
2542 2550 2.958039892 0.02224859546 0.5
2542 2551 2.958039892 0.02224859546 0.5
2543 2552 2.958039892 0.02224859546 0.5
2543 2553 2.958039892 0.02224859546 0.5
2543 2554 3.5 0.033 0.5
2544 2546 2.5 0.015 0.5
2544 2547 2.5 0.015 0.5
2544 2548 2.958039892 0.02224859546 0.5
2545 2546 2.5 0.015 0.5
2545 2547 2.5 0.015 0.5
2545 2548 2.958039892 0.02224859546 0.5
2546 2549 2.958039892 0.02224859546 0.5
2546 2550 2.5 0.015 0.5
2546 2551 2.5 0.015 0.5
2547 2549 2.958039892 0.02224859546 0.5
2547 2550 2.5 0.015 0.5
2547 2551 2.5 0.015 0.5
2548 2555 3.5 0.033 0.5
2548 2556 2.958039892 0.02224859546 0.5
2548 2557 2.958039892 0.02224859546 0.5
2549 2558 2.958039892 0.02224859546 0.5
2549 2559 2.958039892 0.02224859546 0.5
2549 2561 3.5 0.033 0.5
2550 2552 2.5 0.015 0.5
2550 2553 2.5 0.015 0.5
2550 2554 2.958039892 0.02224859546 0.5
2551 2552 2.5 0.015 0.5
2551 2553 2.5 0.015 0.5
2551 2554 2.958039892 0.02224859546 0.5
2552 2555 2.958039892 0.02224859546 0.5
2552 2556 2.5 0.015 0.5
2552 2557 2.5 0.015 0.5
2553 2555 2.958039892 0.02224859546 0.5
2553 2556 2.5 0.015 0.5
2553 2557 2.5 0.015 0.5
2554 2562 3.5 0.033 0.5
2554 2563 2.958039892 0.02224859546 0.5
2554 2564 2.958039892 0.02224859546 0.5
2555 2565 2.958039892 0.02224859546 0.5
2555 2566 2.958039892 0.02224859546 0.5
2555 2567 3.5 0.033 0.5
2556 2558 2.5 0.015 0.5
2556 2559 2.5 0.015 0.5
2556 2561 2.958039892 0.02224859546 0.5
2557 2558 2.5 0.015 0.5
2557 2559 2.5 0.015 0.5
2557 2561 2.958039892 0.02224859546 0.5
2558 2562 2.958039892 0.02224859546 0.5
2558 2563 2.5 0.015 0.5
2558 2564 2.5 0.015 0.5
2559 2562 2.958039892 0.02224859546 0.5
2559 2563 2.5 0.015 0.5
2559 2564 2.5 0.015 0.5
2561 2568 3.5 0.033 0.5
2561 2569 2.958039892 0.02224859546 0.5
2561 2570 2.958039892 0.02224859546 0.5
2562 2571 2.958039892 0.02224859546 0.5
2562 2572 2.958039892 0.02224859546 0.5
2562 2573 3.5 0.033 0.5
2563 2565 2.5 0.015 0.5
2563 2566 2.5 0.015 0.5
2563 2567 2.958039892 0.02224859546 0.5
2564 2565 2.5 0.015 0.5
2564 2566 2.5 0.015 0.5
2564 2567 2.958039892 0.02224859546 0.5
2565 2568 2.958039892 0.02224859546 0.5
2565 2569 2.5 0.015 0.5
2565 2570 2.5 0.015 0.5
2566 2568 2.958039892 0.02224859546 0.5
2566 2569 2.5 0.015 0.5
2566 2570 2.5 0.015 0.5
2567 2574 3.5 0.033 0.5
2567 2575 2.958039892 0.02224859546 0.5
2567 2576 2.958039892 0.02224859546 0.5
2568 2577 2.958039892 0.02224859546 0.5
2568 2578 2.958039892 0.02224859546 0.5
2568 2579 3.5 0.033 0.5
2569 2571 2.5 0.015 0.5
2569 2572 2.5 0.015 0.5
2569 2573 2.958039892 0.02224859546 0.5
2570 2571 2.5 0.015 0.5
2570 2572 2.5 0.015 0.5
2570 2573 2.958039892 0.02224859546 0.5
2571 2574 2.958039892 0.02224859546 0.5
2571 2575 2.5 0.015 0.5
2571 2576 2.5 0.015 0.5
2572 2574 2.958039892 0.02224859546 0.5
2572 2575 2.5 0.015 0.5
2572 2576 2.5 0.015 0.5
2573 2580 3.5 0.033 0.5
2573 2581 2.958039892 0.02224859546 0.5
2573 2582 2.958039892 0.02224859546 0.5
2574 2583 2.958039892 0.02224859546 0.5
2574 2584 2.958039892 0.02224859546 0.5
2574 2585 3.5 0.033 0.5
2575 2577 2.5 0.015 0.5
2575 2578 2.5 0.015 0.5
2575 2579 2.958039892 0.02224859546 0.5
2576 2577 2.5 0.015 0.5
2576 2578 2.5 0.015 0.5
2576 2579 2.958039892 0.02224859546 0.5
2577 2580 2.958039892 0.02224859546 0.5
2577 2581 2.5 0.015 0.5
2577 2582 2.5 0.015 0.5
2578 2580 2.958039892 0.02224859546 0.5
2578 2581 2.5 0.015 0.5
2578 2582 2.5 0.015 0.5
2579 2586 3.5 0.033 0.5
2579 2587 2.958039892 0.02224859546 0.5
2579 2588 2.958039892 0.02224859546 0.5
2580 2589 2.958039892 0.02224859546 0.5
2580 2590 2.958039892 0.02224859546 0.5
2580 2592 3.5 0.033 0.5
2581 2583 2.5 0.015 0.5
2581 2584 2.5 0.015 0.5
2581 2585 2.958039892 0.02224859546 0.5
2582 2583 2.5 0.015 0.5
2582 2584 2.5 0.015 0.5
2582 2585 2.958039892 0.02224859546 0.5
2583 2586 2.958039892 0.02224859546 0.5
2583 2587 2.5 0.015 0.5
2583 2588 2.5 0.015 0.5
2584 2586 2.958039892 0.02224859546 0.5
2584 2587 2.5 0.015 0.5
2584 2588 2.5 0.015 0.5
2585 2593 3.5 0.033 0.5
2585 2594 2.958039892 0.02224859546 0.5
2585 2595 2.958039892 0.02224859546 0.5
2586 2596 2.958039892 0.02224859546 0.5
2586 2597 2.958039892 0.02224859546 0.5
2586 2598 3.5 0.033 0.5
2587 2589 2.5 0.015 0.5
2587 2590 2.5 0.015 0.5
2587 2592 2.958039892 0.02224859546 0.5
2588 2589 2.5 0.015 0.5
2588 2590 2.5 0.015 0.5
2588 2592 2.958039892 0.02224859546 0.5
2589 2593 2.958039892 0.02224859546 0.5
2589 2594 2.5 0.015 0.5
2589 2595 2.5 0.015 0.5
2590 2593 2.958039892 0.02224859546 0.5
2590 2594 2.5 0.015 0.5
2590 2595 2.5 0.015 0.5
2592 2599 3.5 0.033 0.5
2592 2600 2.958039892 0.02224859546 0.5
2592 2601 2.958039892 0.02224859546 0.5
2593 2602 2.958039892 0.02224859546 0.5
2593 2603 2.958039892 0.02224859546 0.5
2593 2604 3.5 0.033 0.5
2594 2596 2.5 0.015 0.5
2594 2597 2.5 0.015 0.5
2594 2598 2.958039892 0.02224859546 0.5
2595 2596 2.5 0.015 0.5
2595 2597 2.5 0.015 0.5
2595 2598 2.958039892 0.02224859546 0.5
2596 2599 2.958039892 0.02224859546 0.5
2596 2600 2.5 0.015 0.5
2596 2601 2.5 0.015 0.5
2597 2599 2.958039892 0.02224859546 0.5
2597 2600 2.5 0.015 0.5
2597 2601 2.5 0.015 0.5
2598 2605 3.5 0.033 0.5
2598 2606 2.958039892 0.02224859546 0.5
2598 2607 2.958039892 0.02224859546 0.5
2599 2608 2.958039892 0.02224859546 0.5
2599 2609 2.958039892 0.02224859546 0.5
2599 2610 3.5 0.033 0.5
2600 2602 2.5 0.015 0.5
2600 2603 2.5 0.015 0.5
2600 2604 2.958039892 0.02224859546 0.5
2601 2602 2.5 0.015 0.5
2601 2603 2.5 0.015 0.5
2601 2604 2.958039892 0.02224859546 0.5
2602 2605 2.958039892 0.02224859546 0.5
2602 2606 2.5 0.015 0.5
2602 2607 2.5 0.015 0.5
2603 2605 2.958039892 0.02224859546 0.5
2603 2606 2.5 0.015 0.5
2603 2607 2.5 0.015 0.5
2604 2611 3.5 0.033 0.5
2604 2612 2.958039892 0.02224859546 0.5
2604 2613 2.958039892 0.02224859546 0.5
2605 2614 2.958039892 0.02224859546 0.5
2605 2615 2.958039892 0.02224859546 0.5
2605 2616 3.5 0.033 0.5
2606 2608 2.5 0.015 0.5
2606 2609 2.5 0.015 0.5
2606 2610 2.958039892 0.02224859546 0.5
2607 2608 2.5 0.015 0.5
2607 2609 2.5 0.015 0.5
2607 2610 2.958039892 0.02224859546 0.5
2608 2611 2.958039892 0.02224859546 0.5
2608 2612 2.5 0.015 0.5
2608 2613 2.5 0.015 0.5
2609 2611 2.958039892 0.02224859546 0.5
2609 2612 2.5 0.015 0.5
2609 2613 2.5 0.015 0.5
2610 2617 3.5 0.033 0.5
2610 2618 2.958039892 0.02224859546 0.5
2610 2619 2.958039892 0.02224859546 0.5
2611 2620 2.958039892 0.02224859546 0.5
2611 2621 2.958039892 0.02224859546 0.5
2611 2623 3.5 0.033 0.5
2612 2614 2.5 0.015 0.5
2612 2615 2.5 0.015 0.5
2612 2616 2.958039892 0.02224859546 0.5
2613 2614 2.5 0.015 0.5
2613 2615 2.5 0.015 0.5
2613 2616 2.958039892 0.02224859546 0.5
2614 2617 2.958039892 0.02224859546 0.5
2614 2618 2.5 0.015 0.5
2614 2619 2.5 0.015 0.5
2615 2617 2.958039892 0.02224859546 0.5
2615 2618 2.5 0.015 0.5
2615 2619 2.5 0.015 0.5
2616 2624 3.5 0.033 0.5
2616 2625 2.958039892 0.02224859546 0.5
2616 2626 2.958039892 0.02224859546 0.5
2617 2627 2.958039892 0.02224859546 0.5
2617 2628 2.958039892 0.02224859546 0.5
2617 2629 3.5 0.033 0.5
2618 2620 2.5 0.015 0.5
2618 2621 2.5 0.015 0.5
2618 2623 2.958039892 0.02224859546 0.5
2619 2620 2.5 0.015 0.5
2619 2621 2.5 0.015 0.5
2619 2623 2.958039892 0.02224859546 0.5
2620 2624 2.958039892 0.02224859546 0.5
2620 2625 2.5 0.015 0.5
2620 2626 2.5 0.015 0.5
2621 2624 2.958039892 0.02224859546 0.5
2621 2625 2.5 0.015 0.5
2621 2626 2.5 0.015 0.5
2623 2630 3.5 0.033 0.5
2623 2631 2.958039892 0.02224859546 0.5
2623 2632 2.958039892 0.02224859546 0.5
2624 2633 2.958039892 0.02224859546 0.5
2624 2634 2.958039892 0.02224859546 0.5
2624 2635 3.5 0.033 0.5
2625 2627 2.5 0.015 0.5
2625 2628 2.5 0.015 0.5
2625 2629 2.958039892 0.02224859546 0.5
2626 2627 2.5 0.015 0.5
2626 2628 2.5 0.015 0.5
2626 2629 2.958039892 0.02224859546 0.5
2627 2630 2.958039892 0.02224859546 0.5
2627 2631 2.5 0.015 0.5
2627 2632 2.5 0.015 0.5
2628 2630 2.958039892 0.02224859546 0.5
2628 2631 2.5 0.015 0.5
2628 2632 2.5 0.015 0.5
2629 2636 3.5 0.033 0.5
2629 2637 2.958039892 0.02224859546 0.5
2629 2638 2.958039892 0.02224859546 0.5
2630 2639 2.958039892 0.02224859546 0.5
2630 2640 2.958039892 0.02224859546 0.5
2630 2641 3.5 0.033 0.5
2631 2633 2.5 0.015 0.5
2631 2634 2.5 0.015 0.5
2631 2635 2.958039892 0.02224859546 0.5
2632 2633 2.5 0.015 0.5
2632 2634 2.5 0.015 0.5
2632 2635 2.958039892 0.02224859546 0.5
2633 2636 2.958039892 0.02224859546 0.5
2633 2637 2.5 0.015 0.5
2633 2638 2.5 0.015 0.5
2634 2636 2.958039892 0.02224859546 0.5
2634 2637 2.5 0.015 0.5
2634 2638 2.5 0.015 0.5
2635 2642 3.5 0.033 0.5
2635 2643 2.958039892 0.02224859546 0.5
2635 2644 2.958039892 0.02224859546 0.5
2636 2645 2.958039892 0.02224859546 0.5
2636 2646 2.958039892 0.02224859546 0.5
2636 2647 3.5 0.033 0.5
2637 2639 2.5 0.015 0.5
2637 2640 2.5 0.015 0.5
2637 2641 2.958039892 0.02224859546 0.5
2638 2639 2.5 0.015 0.5
2638 2640 2.5 0.015 0.5
2638 2641 2.958039892 0.02224859546 0.5
2639 2642 2.958039892 0.02224859546 0.5
2639 2643 2.5 0.015 0.5
2639 2644 2.5 0.015 0.5
2640 2642 2.958039892 0.02224859546 0.5
2640 2643 2.5 0.015 0.5
2640 2644 2.5 0.015 0.5
2641 2648 3.5 0.033 0.5
2641 2649 2.958039892 0.02224859546 0.5
2641 2650 2.958039892 0.02224859546 0.5
2642 2651 2.958039892 0.02224859546 0.5
2642 2652 2.958039892 0.02224859546 0.5
2642 2654 3.5 0.033 0.5
2643 2645 2.5 0.015 0.5
2643 2646 2.5 0.015 0.5
2643 2647 2.958039892 0.02224859546 0.5
2644 2645 2.5 0.015 0.5
2644 2646 2.5 0.015 0.5
2644 2647 2.958039892 0.02224859546 0.5
2645 2648 2.958039892 0.02224859546 0.5
2645 2649 2.5 0.015 0.5
2645 2650 2.5 0.015 0.5
2646 2648 2.958039892 0.02224859546 0.5
2646 2649 2.5 0.015 0.5
2646 2650 2.5 0.015 0.5
2647 2655 3.5 0.033 0.5
2647 2656 2.958039892 0.02224859546 0.5
2647 2657 2.958039892 0.02224859546 0.5
2648 2658 2.958039892 0.02224859546 0.5
2648 2659 2.958039892 0.02224859546 0.5
2648 2660 3.5 0.033 0.5
2649 2651 2.5 0.015 0.5
2649 2652 2.5 0.015 0.5
2649 2654 2.958039892 0.02224859546 0.5
2650 2651 2.5 0.015 0.5
2650 2652 2.5 0.015 0.5
2650 2654 2.958039892 0.02224859546 0.5
2651 2655 2.958039892 0.02224859546 0.5
2651 2656 2.5 0.015 0.5
2651 2657 2.5 0.015 0.5
2652 2655 2.958039892 0.02224859546 0.5
2652 2656 2.5 0.015 0.5
2652 2657 2.5 0.015 0.5
2654 2661 3.5 0.033 0.5
2654 2662 2.958039892 0.02224859546 0.5
2654 2663 2.958039892 0.02224859546 0.5
2655 2664 2.958039892 0.02224859546 0.5
2655 2665 2.958039892 0.02224859546 0.5
2655 2666 3.5 0.033 0.5
2656 2658 2.5 0.015 0.5
2656 2659 2.5 0.015 0.5
2656 2660 2.958039892 0.02224859546 0.5
2657 2658 2.5 0.015 0.5
2657 2659 2.5 0.015 0.5
2657 2660 2.958039892 0.02224859546 0.5
2658 2661 2.958039892 0.02224859546 0.5
2658 2662 2.5 0.015 0.5
2658 2663 2.5 0.015 0.5
2659 2661 2.958039892 0.02224859546 0.5
2659 2662 2.5 0.015 0.5
2659 2663 2.5 0.015 0.5
2660 2667 3.5 0.033 0.5
2660 2668 2.958039892 0.02224859546 0.5
2660 2669 2.958039892 0.02224859546 0.5
2661 2670 2.958039892 0.02224859546 0.5
2661 2671 2.958039892 0.02224859546 0.5
2661 2672 3.5 0.033 0.5
2662 2664 2.5 0.015 0.5
2662 2665 2.5 0.015 0.5
2662 2666 2.958039892 0.02224859546 0.5
2663 2664 2.5 0.015 0.5
2663 2665 2.5 0.015 0.5
2663 2666 2.958039892 0.02224859546 0.5
2664 2667 2.958039892 0.02224859546 0.5
2664 2668 2.5 0.015 0.5
2664 2669 2.5 0.015 0.5
2665 2667 2.958039892 0.02224859546 0.5
2665 2668 2.5 0.015 0.5
2665 2669 2.5 0.015 0.5
2666 2673 3.5 0.033 0.5
2666 2674 2.958039892 0.02224859546 0.5
2666 2675 2.958039892 0.02224859546 0.5
2667 2676 2.958039892 0.02224859546 0.5
2667 2677 2.958039892 0.02224859546 0.5
2667 2678 3.5 0.033 0.5
2668 2670 2.5 0.015 0.5
2668 2671 2.5 0.015 0.5
2668 2672 2.958039892 0.02224859546 0.5
2669 2670 2.5 0.015 0.5
2669 2671 2.5 0.015 0.5
2669 2672 2.958039892 0.02224859546 0.5
2670 2673 2.958039892 0.02224859546 0.5
2670 2674 2.5 0.015 0.5
2670 2675 2.5 0.015 0.5
2671 2673 2.958039892 0.02224859546 0.5
2671 2674 2.5 0.015 0.5
2671 2675 2.5 0.015 0.5
2672 2679 3.5 0.033 0.5
2672 2680 2.958039892 0.02224859546 0.5
2672 2681 2.958039892 0.02224859546 0.5
2673 2682 2.958039892 0.02224859546 0.5
2673 2683 2.958039892 0.02224859546 0.5
2673 2685 3.5 0.033 0.5
2674 2676 2.5 0.015 0.5
2674 2677 2.5 0.015 0.5
2674 2678 2.958039892 0.02224859546 0.5
2675 2676 2.5 0.015 0.5
2675 2677 2.5 0.015 0.5
2675 2678 2.958039892 0.02224859546 0.5
2676 2679 2.958039892 0.02224859546 0.5
2676 2680 2.5 0.015 0.5
2676 2681 2.5 0.015 0.5
2677 2679 2.958039892 0.02224859546 0.5
2677 2680 2.5 0.015 0.5
2677 2681 2.5 0.015 0.5
2678 2686 3.5 0.033 0.5
2678 2687 2.958039892 0.02224859546 0.5
2678 2688 2.958039892 0.02224859546 0.5
2679 2689 2.958039892 0.02224859546 0.5
2679 2690 2.958039892 0.02224859546 0.5
2679 2691 3.5 0.033 0.5
2680 2682 2.5 0.015 0.5
2680 2683 2.5 0.015 0.5
2680 2685 2.958039892 0.02224859546 0.5
2681 2682 2.5 0.015 0.5
2681 2683 2.5 0.015 0.5
2681 2685 2.958039892 0.02224859546 0.5
2682 2686 2.958039892 0.02224859546 0.5
2682 2687 2.5 0.015 0.5
2682 2688 2.5 0.015 0.5
2683 2686 2.958039892 0.02224859546 0.5
2683 2687 2.5 0.015 0.5
2683 2688 2.5 0.015 0.5
2685 2692 3.5 0.033 0.5
2685 2693 2.958039892 0.02224859546 0.5
2685 2694 2.958039892 0.02224859546 0.5
2686 2695 2.958039892 0.02224859546 0.5
2686 2696 2.958039892 0.02224859546 0.5
2686 2697 3.5 0.033 0.5
2687 2689 2.5 0.015 0.5
2687 2690 2.5 0.015 0.5
2687 2691 2.958039892 0.02224859546 0.5
2688 2689 2.5 0.015 0.5
2688 2690 2.5 0.015 0.5
2688 2691 2.958039892 0.02224859546 0.5
2689 2692 2.958039892 0.02224859546 0.5
2689 2693 2.5 0.015 0.5
2689 2694 2.5 0.015 0.5
2690 2692 2.958039892 0.02224859546 0.5
2690 2693 2.5 0.015 0.5
2690 2694 2.5 0.015 0.5
2691 2698 3.5 0.033 0.5
2691 2699 2.958039892 0.02224859546 0.5
2691 2700 2.958039892 0.02224859546 0.5
2692 2701 2.958039892 0.02224859546 0.5
2692 2702 2.958039892 0.02224859546 0.5
2692 2703 3.5 0.033 0.5
2693 2695 2.5 0.015 0.5
2693 2696 2.5 0.015 0.5
2693 2697 2.958039892 0.02224859546 0.5
2694 2695 2.5 0.015 0.5
2694 2696 2.5 0.015 0.5
2694 2697 2.958039892 0.02224859546 0.5
2695 2698 2.958039892 0.02224859546 0.5
2695 2699 2.5 0.015 0.5
2695 2700 2.5 0.015 0.5
2696 2698 2.958039892 0.02224859546 0.5
2696 2699 2.5 0.015 0.5
2696 2700 2.5 0.015 0.5
2697 2704 3.5 0.033 0.5
2697 2705 2.958039892 0.02224859546 0.5
2697 2706 2.958039892 0.02224859546 0.5
2698 2707 2.958039892 0.02224859546 0.5
2698 2708 2.958039892 0.02224859546 0.5
2698 2709 3.5 0.033 0.5
2699 2701 2.5 0.015 0.5
2699 2702 2.5 0.015 0.5
2699 2703 2.958039892 0.02224859546 0.5
2700 2701 2.5 0.015 0.5
2700 2702 2.5 0.015 0.5
2700 2703 2.958039892 0.02224859546 0.5
2701 2704 2.958039892 0.02224859546 0.5
2701 2705 2.5 0.015 0.5
2701 2706 2.5 0.015 0.5
2702 2704 2.958039892 0.02224859546 0.5
2702 2705 2.5 0.015 0.5
2702 2706 2.5 0.015 0.5
2703 2710 3.5 0.033 0.5
2703 2711 2.958039892 0.02224859546 0.5
2703 2712 2.958039892 0.02224859546 0.5
2704 2713 2.958039892 0.02224859546 0.5
2704 2714 2.958039892 0.02224859546 0.5
2704 2716 3.5 0.033 0.5
2705 2707 2.5 0.015 0.5
2705 2708 2.5 0.015 0.5
2705 2709 2.958039892 0.02224859546 0.5
2706 2707 2.5 0.015 0.5
2706 2708 2.5 0.015 0.5
2706 2709 2.958039892 0.02224859546 0.5
2707 2710 2.958039892 0.02224859546 0.5
2707 2711 2.5 0.015 0.5
2707 2712 2.5 0.015 0.5
2708 2710 2.958039892 0.02224859546 0.5
2708 2711 2.5 0.015 0.5
2708 2712 2.5 0.015 0.5
2709 2717 3.5 0.033 0.5
2709 2718 2.958039892 0.02224859546 0.5
2709 2719 2.958039892 0.02224859546 0.5
2710 2720 2.958039892 0.02224859546 0.5
2710 2721 2.958039892 0.02224859546 0.5
2710 2722 3.5 0.033 0.5
2711 2713 2.5 0.015 0.5
2711 2714 2.5 0.015 0.5
2711 2716 2.958039892 0.02224859546 0.5
2712 2713 2.5 0.015 0.5
2712 2714 2.5 0.015 0.5
2712 2716 2.958039892 0.02224859546 0.5
2713 2717 2.958039892 0.02224859546 0.5
2713 2718 2.5 0.015 0.5
2713 2719 2.5 0.015 0.5
2714 2717 2.958039892 0.02224859546 0.5
2714 2718 2.5 0.015 0.5
2714 2719 2.5 0.015 0.5
2716 2723 3.5 0.033 0.5
2716 2724 2.958039892 0.02224859546 0.5
2716 2725 2.958039892 0.02224859546 0.5
2717 2726 2.958039892 0.02224859546 0.5
2717 2727 2.958039892 0.02224859546 0.5
2717 2728 3.5 0.033 0.5
2718 2720 2.5 0.015 0.5
2718 2721 2.5 0.015 0.5
2718 2722 2.958039892 0.02224859546 0.5
2719 2720 2.5 0.015 0.5
2719 2721 2.5 0.015 0.5
2719 2722 2.958039892 0.02224859546 0.5
2720 2723 2.958039892 0.02224859546 0.5
2720 2724 2.5 0.015 0.5
2720 2725 2.5 0.015 0.5
2721 2723 2.958039892 0.02224859546 0.5
2721 2724 2.5 0.015 0.5
2721 2725 2.5 0.015 0.5
2722 2729 3.5 0.033 0.5
2722 2730 2.958039892 0.02224859546 0.5
2722 2731 2.958039892 0.02224859546 0.5
2723 2732 2.958039892 0.02224859546 0.5
2723 2733 2.958039892 0.02224859546 0.5
2723 2734 3.5 0.033 0.5
2724 2726 2.5 0.015 0.5
2724 2727 2.5 0.015 0.5
2724 2728 2.958039892 0.02224859546 0.5
2725 2726 2.5 0.015 0.5
2725 2727 2.5 0.015 0.5
2725 2728 2.958039892 0.02224859546 0.5
2726 2729 2.958039892 0.02224859546 0.5
2726 2730 2.5 0.015 0.5
2726 2731 2.5 0.015 0.5
2727 2729 2.958039892 0.02224859546 0.5
2727 2730 2.5 0.015 0.5
2727 2731 2.5 0.015 0.5
2728 2735 3.5 0.033 0.5
2728 2736 2.958039892 0.02224859546 0.5
2728 2737 2.958039892 0.02224859546 0.5
2729 2738 2.958039892 0.02224859546 0.5
2729 2739 2.958039892 0.02224859546 0.5
2729 2740 3.5 0.033 0.5
2730 2732 2.5 0.015 0.5
2730 2733 2.5 0.015 0.5
2730 2734 2.958039892 0.02224859546 0.5
2731 2732 2.5 0.015 0.5
2731 2733 2.5 0.015 0.5
2731 2734 2.958039892 0.02224859546 0.5
2732 2735 2.958039892 0.02224859546 0.5
2732 2736 2.5 0.015 0.5
2732 2737 2.5 0.015 0.5
2733 2735 2.958039892 0.02224859546 0.5
2733 2736 2.5 0.015 0.5
2733 2737 2.5 0.015 0.5
2734 2741 3.5 0.033 0.5
2734 2742 2.958039892 0.02224859546 0.5
2734 2743 2.958039892 0.02224859546 0.5
2735 2744 2.958039892 0.02224859546 0.5
2735 2745 2.958039892 0.02224859546 0.5
2735 2747 3.5 0.033 0.5
2736 2738 2.5 0.015 0.5
2736 2739 2.5 0.015 0.5
2736 2740 2.958039892 0.02224859546 0.5
2737 2738 2.5 0.015 0.5
2737 2739 2.5 0.015 0.5
2737 2740 2.958039892 0.02224859546 0.5
2738 2741 2.958039892 0.02224859546 0.5
2738 2742 2.5 0.015 0.5
2738 2743 2.5 0.015 0.5
2739 2741 2.958039892 0.02224859546 0.5
2739 2742 2.5 0.015 0.5
2739 2743 2.5 0.015 0.5
2740 2748 3.5 0.033 0.5
2740 2749 2.958039892 0.02224859546 0.5
2740 2750 2.958039892 0.02224859546 0.5
2741 2751 2.958039892 0.02224859546 0.5
2741 2752 2.958039892 0.02224859546 0.5
2741 2753 3.5 0.033 0.5
2742 2744 2.5 0.015 0.5
2742 2745 2.5 0.015 0.5
2742 2747 2.958039892 0.02224859546 0.5
2743 2744 2.5 0.015 0.5
2743 2745 2.5 0.015 0.5
2743 2747 2.958039892 0.02224859546 0.5
2744 2748 2.958039892 0.02224859546 0.5
2744 2749 2.5 0.015 0.5
2744 2750 2.5 0.015 0.5
2745 2748 2.958039892 0.02224859546 0.5
2745 2749 2.5 0.015 0.5
2745 2750 2.5 0.015 0.5
2747 2754 3.5 0.033 0.5
2747 2755 2.958039892 0.02224859546 0.5
2747 2756 2.958039892 0.02224859546 0.5
2748 2757 2.958039892 0.02224859546 0.5
2748 2758 2.958039892 0.02224859546 0.5
2748 2759 3.5 0.033 0.5
2749 2751 2.5 0.015 0.5
2749 2752 2.5 0.015 0.5
2749 2753 2.958039892 0.02224859546 0.5
2750 2751 2.5 0.015 0.5
2750 2752 2.5 0.015 0.5
2750 2753 2.958039892 0.02224859546 0.5
2751 2754 2.958039892 0.02224859546 0.5
2751 2755 2.5 0.015 0.5
2751 2756 2.5 0.015 0.5
2752 2754 2.958039892 0.02224859546 0.5
2752 2755 2.5 0.015 0.5
2752 2756 2.5 0.015 0.5
2753 2760 3.5 0.033 0.5
2753 2761 2.958039892 0.02224859546 0.5
2753 2762 2.958039892 0.02224859546 0.5
2754 2763 2.958039892 0.02224859546 0.5
2754 2764 2.958039892 0.02224859546 0.5
2754 2765 3.5 0.033 0.5
2755 2757 2.5 0.015 0.5
2755 2758 2.5 0.015 0.5
2755 2759 2.958039892 0.02224859546 0.5
2756 2757 2.5 0.015 0.5
2756 2758 2.5 0.015 0.5
2756 2759 2.958039892 0.02224859546 0.5
2757 2760 2.958039892 0.02224859546 0.5
2757 2761 2.5 0.015 0.5
2757 2762 2.5 0.015 0.5
2758 2760 2.958039892 0.02224859546 0.5
2758 2761 2.5 0.015 0.5
2758 2762 2.5 0.015 0.5
2759 2766 3.5 0.033 0.5
2759 2767 2.958039892 0.02224859546 0.5
2759 2768 2.958039892 0.02224859546 0.5
2760 2769 2.958039892 0.02224859546 0.5
2760 2770 2.958039892 0.02224859546 0.5
2760 2771 3.5 0.033 0.5
2761 2763 2.5 0.015 0.5
2761 2764 2.5 0.015 0.5
2761 2765 2.958039892 0.02224859546 0.5
2762 2763 2.5 0.015 0.5
2762 2764 2.5 0.015 0.5
2762 2765 2.958039892 0.02224859546 0.5
2763 2766 2.958039892 0.02224859546 0.5
2763 2767 2.5 0.015 0.5
2763 2768 2.5 0.015 0.5
2764 2766 2.958039892 0.02224859546 0.5
2764 2767 2.5 0.015 0.5
2764 2768 2.5 0.015 0.5
2765 2772 3.5 0.033 0.5
2765 2773 2.958039892 0.02224859546 0.5
2765 2774 2.958039892 0.02224859546 0.5
2766 2775 2.958039892 0.02224859546 0.5
2766 2776 2.958039892 0.02224859546 0.5
2766 2803 3.5 0.033 0.5
2767 2769 2.5 0.015 0.5
2767 2770 2.5 0.015 0.5
2767 2771 2.958039892 0.02224859546 0.5
2768 2769 2.5 0.015 0.5
2768 2770 2.5 0.015 0.5
2768 2771 2.958039892 0.02224859546 0.5
2769 2772 2.958039892 0.02224859546 0.5
2769 2773 2.5 0.015 0.5
2769 2774 2.5 0.015 0.5
2770 2772 2.958039892 0.02224859546 0.5
2770 2773 2.5 0.015 0.5
2770 2774 2.5 0.015 0.5
2771 2804 3.5 0.033 0.5
2771 2805 2.958039892 0.02224859546 0.5
2771 2806 2.958039892 0.02224859546 0.5
2772 2797 3.5 0.033 0.5
2772 2807 2.958039892 0.02224859546 0.5
2772 2808 2.958039892 0.02224859546 0.5
2773 2775 2.5 0.015 0.5
2773 2776 2.5 0.015 0.5
2773 2803 2.958039892 0.02224859546 0.5
2774 2775 2.5 0.015 0.5
2774 2776 2.5 0.015 0.5
2774 2803 2.958039892 0.02224859546 0.5
2775 2804 2.958039892 0.02224859546 0.5
2775 2805 2.5 0.015 0.5
2775 2806 2.5 0.015 0.5
2776 2804 2.958039892 0.02224859546 0.5
2776 2805 2.5 0.015 0.5
2776 2806 2.5 0.015 0.5
2778 2787 2.958039892 0.02224859546 0.5
2778 2788 2.958039892 0.02224859546 0.5
2778 2792 3.5 0.033 0.5
2779 2785 3.5 0.033 0.5
2779 2789 2.958039892 0.02224859546 0.5
2779 2790 2.958039892 0.02224859546 0.5
2780 2782 2.5 0.015 0.5
2780 2783 2.5 0.015 0.5
2780 2784 2.5 0.015 0.5
2780 2785 2.958039892 0.02224859546 0.5
2780 2789 2.5 0.015 0.5
2780 2790 2.5 0.015 0.5
2781 2782 2.5 0.015 0.5
2781 2783 2.5 0.015 0.5
2781 2784 2.5 0.015 0.5
2781 2785 2.958039892 0.02224859546 0.5
2781 2789 2.5 0.015 0.5
2781 2790 2.5 0.015 0.5
2782 2786 2.958039892 0.02224859546 0.5
2783 2786 2.958039892 0.02224859546 0.5
2784 2786 2.958039892 0.02224859546 0.5
2785 2793 2.958039892 0.02224859546 0.5
2785 2794 2.958039892 0.02224859546 0.5
2785 2798 3.5 0.033 0.5
2786 2791 3.5 0.033 0.5
2786 2795 2.958039892 0.02224859546 0.5
2786 2796 2.958039892 0.02224859546 0.5
2787 2789 2.5 0.015 0.5
2787 2790 2.5 0.015 0.5
2787 2791 2.958039892 0.02224859546 0.5
2787 2795 2.5 0.015 0.5
2787 2796 2.5 0.015 0.5
2788 2789 2.5 0.015 0.5
2788 2790 2.5 0.015 0.5
2788 2791 2.958039892 0.02224859546 0.5
2788 2795 2.5 0.015 0.5
2788 2796 2.5 0.015 0.5
2789 2792 2.958039892 0.02224859546 0.5
2790 2792 2.958039892 0.02224859546 0.5
2791 2799 2.958039892 0.02224859546 0.5
2791 2800 2.958039892 0.02224859546 0.5
2791 2804 3.5 0.033 0.5
2792 2797 3.5 0.033 0.5
2792 2801 2.958039892 0.02224859546 0.5
2792 2802 2.958039892 0.02224859546 0.5
2793 2795 2.5 0.015 0.5
2793 2796 2.5 0.015 0.5
2793 2797 2.958039892 0.02224859546 0.5
2793 2801 2.5 0.015 0.5
2793 2802 2.5 0.015 0.5
2794 2795 2.5 0.015 0.5
2794 2796 2.5 0.015 0.5
2794 2797 2.958039892 0.02224859546 0.5
2794 2801 2.5 0.015 0.5
2794 2802 2.5 0.015 0.5
2795 2798 2.958039892 0.02224859546 0.5
2796 2798 2.958039892 0.02224859546 0.5
2797 2805 2.958039892 0.02224859546 0.5
2797 2806 2.958039892 0.02224859546 0.5
2798 2803 3.5 0.033 0.5
2798 2807 2.958039892 0.02224859546 0.5
2798 2808 2.958039892 0.02224859546 0.5
2799 2801 2.5 0.015 0.5
2799 2802 2.5 0.015 0.5
2799 2803 2.958039892 0.02224859546 0.5
2799 2807 2.5 0.015 0.5
2799 2808 2.5 0.015 0.5
2800 2801 2.5 0.015 0.5
2800 2802 2.5 0.015 0.5
2800 2803 2.958039892 0.02224859546 0.5
2800 2807 2.5 0.015 0.5
2800 2808 2.5 0.015 0.5
2801 2804 2.958039892 0.02224859546 0.5
2802 2804 2.958039892 0.02224859546 0.5
2805 2807 2.5 0.015 0.5
2805 2808 2.5 0.015 0.5
2806 2807 2.5 0.015 0.5
2806 2808 2.5 0.015 0.5
2810 2821 2.958039892 0.02224859546 0.5
2810 2822 2.958039892 0.02224859546 0.5
2810 2823 3.5 0.033 0.5
2811 2818 3.5 0.033 0.5
2811 2819 2.958039892 0.02224859546 0.5
2811 2820 2.958039892 0.02224859546 0.5
2812 2814 2.5 0.015 0.5
2812 2815 2.5 0.015 0.5
2812 2816 2.5 0.015 0.5
2812 2818 2.958039892 0.02224859546 0.5
2812 2819 2.5 0.015 0.5
2812 2820 2.5 0.015 0.5
2813 2814 2.5 0.015 0.5
2813 2815 2.5 0.015 0.5
2813 2816 2.5 0.015 0.5
2813 2818 2.958039892 0.02224859546 0.5
2813 2819 2.5 0.015 0.5
2813 2820 2.5 0.015 0.5
2814 2817 2.958039892 0.02224859546 0.5
2815 2817 2.958039892 0.02224859546 0.5
2816 2817 2.958039892 0.02224859546 0.5
2817 2824 3.5 0.033 0.5
2817 2825 2.958039892 0.02224859546 0.5
2817 2826 2.958039892 0.02224859546 0.5
2818 2827 2.958039892 0.02224859546 0.5
2818 2828 2.958039892 0.02224859546 0.5
2818 2829 3.5 0.033 0.5
2819 2821 2.5 0.015 0.5
2819 2822 2.5 0.015 0.5
2819 2823 2.958039892 0.02224859546 0.5
2820 2821 2.5 0.015 0.5
2820 2822 2.5 0.015 0.5
2820 2823 2.958039892 0.02224859546 0.5
2821 2824 2.958039892 0.02224859546 0.5
2821 2825 2.5 0.015 0.5
2821 2826 2.5 0.015 0.5
2822 2824 2.958039892 0.02224859546 0.5
2822 2825 2.5 0.015 0.5
2822 2826 2.5 0.015 0.5
2823 2830 3.5 0.033 0.5
2823 2831 2.958039892 0.02224859546 0.5
2823 2832 2.958039892 0.02224859546 0.5
2824 2833 2.958039892 0.02224859546 0.5
2824 2834 2.958039892 0.02224859546 0.5
2824 2835 3.5 0.033 0.5
2825 2827 2.5 0.015 0.5
2825 2828 2.5 0.015 0.5
2825 2829 2.958039892 0.02224859546 0.5
2826 2827 2.5 0.015 0.5
2826 2828 2.5 0.015 0.5
2826 2829 2.958039892 0.02224859546 0.5
2827 2830 2.958039892 0.02224859546 0.5
2827 2831 2.5 0.015 0.5
2827 2832 2.5 0.015 0.5
2828 2830 2.958039892 0.02224859546 0.5
2828 2831 2.5 0.015 0.5
2828 2832 2.5 0.015 0.5
2829 2836 3.5 0.033 0.5
2829 2837 2.958039892 0.02224859546 0.5
2829 2838 2.958039892 0.02224859546 0.5
2830 2839 2.958039892 0.02224859546 0.5
2830 2840 2.958039892 0.02224859546 0.5
2830 2842 3.5 0.033 0.5
2831 2833 2.5 0.015 0.5
2831 2834 2.5 0.015 0.5
2831 2835 2.958039892 0.02224859546 0.5
2832 2833 2.5 0.015 0.5
2832 2834 2.5 0.015 0.5
2832 2835 2.958039892 0.02224859546 0.5
2833 2836 2.958039892 0.02224859546 0.5
2833 2837 2.5 0.015 0.5
2833 2838 2.5 0.015 0.5
2834 2836 2.958039892 0.02224859546 0.5
2834 2837 2.5 0.015 0.5
2834 2838 2.5 0.015 0.5
2835 2843 3.5 0.033 0.5
2835 2844 2.958039892 0.02224859546 0.5
2835 2845 2.958039892 0.02224859546 0.5
2836 2846 2.958039892 0.02224859546 0.5
2836 2847 2.958039892 0.02224859546 0.5
2836 2848 3.5 0.033 0.5
2837 2839 2.5 0.015 0.5
2837 2840 2.5 0.015 0.5
2837 2842 2.958039892 0.02224859546 0.5
2838 2839 2.5 0.015 0.5
2838 2840 2.5 0.015 0.5
2838 2842 2.958039892 0.02224859546 0.5
2839 2843 2.958039892 0.02224859546 0.5
2839 2844 2.5 0.015 0.5
2839 2845 2.5 0.015 0.5
2840 2843 2.958039892 0.02224859546 0.5
2840 2844 2.5 0.015 0.5
2840 2845 2.5 0.015 0.5
2842 2849 3.5 0.033 0.5
2842 2850 2.958039892 0.02224859546 0.5
2842 2851 2.958039892 0.02224859546 0.5
2843 2852 2.958039892 0.02224859546 0.5
2843 2853 2.958039892 0.02224859546 0.5
2843 2854 3.5 0.033 0.5
2844 2846 2.5 0.015 0.5
2844 2847 2.5 0.015 0.5
2844 2848 2.958039892 0.02224859546 0.5
2845 2846 2.5 0.015 0.5
2845 2847 2.5 0.015 0.5
2845 2848 2.958039892 0.02224859546 0.5
2846 2849 2.958039892 0.02224859546 0.5
2846 2850 2.5 0.015 0.5
2846 2851 2.5 0.015 0.5
2847 2849 2.958039892 0.02224859546 0.5
2847 2850 2.5 0.015 0.5
2847 2851 2.5 0.015 0.5
2848 2855 3.5 0.033 0.5
2848 2856 2.958039892 0.02224859546 0.5
2848 2857 2.958039892 0.02224859546 0.5
2849 2858 2.958039892 0.02224859546 0.5
2849 2859 2.958039892 0.02224859546 0.5
2849 2860 3.5 0.033 0.5
2850 2852 2.5 0.015 0.5
2850 2853 2.5 0.015 0.5
2850 2854 2.958039892 0.02224859546 0.5
2851 2852 2.5 0.015 0.5
2851 2853 2.5 0.015 0.5
2851 2854 2.958039892 0.02224859546 0.5
2852 2855 2.958039892 0.02224859546 0.5
2852 2856 2.5 0.015 0.5
2852 2857 2.5 0.015 0.5
2853 2855 2.958039892 0.02224859546 0.5
2853 2856 2.5 0.015 0.5
2853 2857 2.5 0.015 0.5
2854 2861 3.5 0.033 0.5
2854 2862 2.958039892 0.02224859546 0.5
2854 2863 2.958039892 0.02224859546 0.5
2855 2864 2.958039892 0.02224859546 0.5
2855 2865 2.958039892 0.02224859546 0.5
2855 2866 3.5 0.033 0.5
2856 2858 2.5 0.015 0.5
2856 2859 2.5 0.015 0.5
2856 2860 2.958039892 0.02224859546 0.5
2857 2858 2.5 0.015 0.5
2857 2859 2.5 0.015 0.5
2857 2860 2.958039892 0.02224859546 0.5
2858 2861 2.958039892 0.02224859546 0.5
2858 2862 2.5 0.015 0.5
2858 2863 2.5 0.015 0.5
2859 2861 2.958039892 0.02224859546 0.5
2859 2862 2.5 0.015 0.5
2859 2863 2.5 0.015 0.5
2860 2867 3.5 0.033 0.5
2860 2868 2.958039892 0.02224859546 0.5
2860 2869 2.958039892 0.02224859546 0.5
2861 2870 2.958039892 0.02224859546 0.5
2861 2871 2.958039892 0.02224859546 0.5
2861 2873 3.5 0.033 0.5
2862 2864 2.5 0.015 0.5
2862 2865 2.5 0.015 0.5
2862 2866 2.958039892 0.02224859546 0.5
2863 2864 2.5 0.015 0.5
2863 2865 2.5 0.015 0.5
2863 2866 2.958039892 0.02224859546 0.5
2864 2867 2.958039892 0.02224859546 0.5
2864 2868 2.5 0.015 0.5
2864 2869 2.5 0.015 0.5
2865 2867 2.958039892 0.02224859546 0.5
2865 2868 2.5 0.015 0.5
2865 2869 2.5 0.015 0.5
2866 2874 3.5 0.033 0.5
2866 2875 2.958039892 0.02224859546 0.5
2866 2876 2.958039892 0.02224859546 0.5
2867 2877 2.958039892 0.02224859546 0.5
2867 2878 2.958039892 0.02224859546 0.5
2867 2879 3.5 0.033 0.5
2868 2870 2.5 0.015 0.5
2868 2871 2.5 0.015 0.5
2868 2873 2.958039892 0.02224859546 0.5
2869 2870 2.5 0.015 0.5
2869 2871 2.5 0.015 0.5
2869 2873 2.958039892 0.02224859546 0.5
2870 2874 2.958039892 0.02224859546 0.5
2870 2875 2.5 0.015 0.5
2870 2876 2.5 0.015 0.5
2871 2874 2.958039892 0.02224859546 0.5
2871 2875 2.5 0.015 0.5
2871 2876 2.5 0.015 0.5
2873 2880 3.5 0.033 0.5
2873 2881 2.958039892 0.02224859546 0.5
2873 2882 2.958039892 0.02224859546 0.5
2874 2883 2.958039892 0.02224859546 0.5
2874 2884 2.958039892 0.02224859546 0.5
2874 2885 3.5 0.033 0.5
2875 2877 2.5 0.015 0.5
2875 2878 2.5 0.015 0.5
2875 2879 2.958039892 0.02224859546 0.5
2876 2877 2.5 0.015 0.5
2876 2878 2.5 0.015 0.5
2876 2879 2.958039892 0.02224859546 0.5
2877 2880 2.958039892 0.02224859546 0.5
2877 2881 2.5 0.015 0.5
2877 2882 2.5 0.015 0.5
2878 2880 2.958039892 0.02224859546 0.5
2878 2881 2.5 0.015 0.5
2878 2882 2.5 0.015 0.5
2879 2886 3.5 0.033 0.5
2879 2887 2.958039892 0.02224859546 0.5
2879 2888 2.958039892 0.02224859546 0.5
2880 2889 2.958039892 0.02224859546 0.5
2880 2890 2.958039892 0.02224859546 0.5
2880 2891 3.5 0.033 0.5
2881 2883 2.5 0.015 0.5
2881 2884 2.5 0.015 0.5
2881 2885 2.958039892 0.02224859546 0.5
2882 2883 2.5 0.015 0.5
2882 2884 2.5 0.015 0.5
2882 2885 2.958039892 0.02224859546 0.5
2883 2886 2.958039892 0.02224859546 0.5
2883 2887 2.5 0.015 0.5
2883 2888 2.5 0.015 0.5
2884 2886 2.958039892 0.02224859546 0.5
2884 2887 2.5 0.015 0.5
2884 2888 2.5 0.015 0.5
2885 2892 3.5 0.033 0.5
2885 2893 2.958039892 0.02224859546 0.5
2885 2894 2.958039892 0.02224859546 0.5
2886 2895 2.958039892 0.02224859546 0.5
2886 2896 2.958039892 0.02224859546 0.5
2886 2897 3.5 0.033 0.5
2887 2889 2.5 0.015 0.5
2887 2890 2.5 0.015 0.5
2887 2891 2.958039892 0.02224859546 0.5
2888 2889 2.5 0.015 0.5
2888 2890 2.5 0.015 0.5
2888 2891 2.958039892 0.02224859546 0.5
2889 2892 2.958039892 0.02224859546 0.5
2889 2893 2.5 0.015 0.5
2889 2894 2.5 0.015 0.5
2890 2892 2.958039892 0.02224859546 0.5
2890 2893 2.5 0.015 0.5
2890 2894 2.5 0.015 0.5
2891 2898 3.5 0.033 0.5
2891 2899 2.958039892 0.02224859546 0.5
2891 2900 2.958039892 0.02224859546 0.5
2892 2901 2.958039892 0.02224859546 0.5
2892 2902 2.958039892 0.02224859546 0.5
2892 2904 3.5 0.033 0.5
2893 2895 2.5 0.015 0.5
2893 2896 2.5 0.015 0.5
2893 2897 2.958039892 0.02224859546 0.5
2894 2895 2.5 0.015 0.5
2894 2896 2.5 0.015 0.5
2894 2897 2.958039892 0.02224859546 0.5
2895 2898 2.958039892 0.02224859546 0.5
2895 2899 2.5 0.015 0.5
2895 2900 2.5 0.015 0.5
2896 2898 2.958039892 0.02224859546 0.5
2896 2899 2.5 0.015 0.5
2896 2900 2.5 0.015 0.5
2897 2905 3.5 0.033 0.5
2897 2906 2.958039892 0.02224859546 0.5
2897 2907 2.958039892 0.02224859546 0.5
2898 2908 2.958039892 0.02224859546 0.5
2898 2909 2.958039892 0.02224859546 0.5
2898 2910 3.5 0.033 0.5
2899 2901 2.5 0.015 0.5
2899 2902 2.5 0.015 0.5
2899 2904 2.958039892 0.02224859546 0.5
2900 2901 2.5 0.015 0.5
2900 2902 2.5 0.015 0.5
2900 2904 2.958039892 0.02224859546 0.5
2901 2905 2.958039892 0.02224859546 0.5
2901 2906 2.5 0.015 0.5
2901 2907 2.5 0.015 0.5
2902 2905 2.958039892 0.02224859546 0.5
2902 2906 2.5 0.015 0.5
2902 2907 2.5 0.015 0.5
2904 2911 3.5 0.033 0.5
2904 2912 2.958039892 0.02224859546 0.5
2904 2913 2.958039892 0.02224859546 0.5
2905 2914 2.958039892 0.02224859546 0.5
2905 2915 2.958039892 0.02224859546 0.5
2905 2916 3.5 0.033 0.5
2906 2908 2.5 0.015 0.5
2906 2909 2.5 0.015 0.5
2906 2910 2.958039892 0.02224859546 0.5
2907 2908 2.5 0.015 0.5
2907 2909 2.5 0.015 0.5
2907 2910 2.958039892 0.02224859546 0.5
2908 2911 2.958039892 0.02224859546 0.5
2908 2912 2.5 0.015 0.5
2908 2913 2.5 0.015 0.5
2909 2911 2.958039892 0.02224859546 0.5
2909 2912 2.5 0.015 0.5
2909 2913 2.5 0.015 0.5
2910 2917 3.5 0.033 0.5
2910 2918 2.958039892 0.02224859546 0.5
2910 2919 2.958039892 0.02224859546 0.5
2911 2920 2.958039892 0.02224859546 0.5
2911 2921 2.958039892 0.02224859546 0.5
2911 2922 3.5 0.033 0.5
2912 2914 2.5 0.015 0.5
2912 2915 2.5 0.015 0.5
2912 2916 2.958039892 0.02224859546 0.5
2913 2914 2.5 0.015 0.5
2913 2915 2.5 0.015 0.5
2913 2916 2.958039892 0.02224859546 0.5
2914 2917 2.958039892 0.02224859546 0.5
2914 2918 2.5 0.015 0.5
2914 2919 2.5 0.015 0.5
2915 2917 2.958039892 0.02224859546 0.5
2915 2918 2.5 0.015 0.5
2915 2919 2.5 0.015 0.5
2916 2923 3.5 0.033 0.5
2916 2924 2.958039892 0.02224859546 0.5
2916 2925 2.958039892 0.02224859546 0.5
2917 2926 2.958039892 0.02224859546 0.5
2917 2927 2.958039892 0.02224859546 0.5
2917 2928 3.5 0.033 0.5
2918 2920 2.5 0.015 0.5
2918 2921 2.5 0.015 0.5
2918 2922 2.958039892 0.02224859546 0.5
2919 2920 2.5 0.015 0.5
2919 2921 2.5 0.015 0.5
2919 2922 2.958039892 0.02224859546 0.5
2920 2923 2.958039892 0.02224859546 0.5
2920 2924 2.5 0.015 0.5
2920 2925 2.5 0.015 0.5
2921 2923 2.958039892 0.02224859546 0.5
2921 2924 2.5 0.015 0.5
2921 2925 2.5 0.015 0.5
2922 2929 3.5 0.033 0.5
2922 2930 2.958039892 0.02224859546 0.5
2922 2931 2.958039892 0.02224859546 0.5
2923 2932 2.958039892 0.02224859546 0.5
2923 2933 2.958039892 0.02224859546 0.5
2923 2935 3.5 0.033 0.5
2924 2926 2.5 0.015 0.5
2924 2927 2.5 0.015 0.5
2924 2928 2.958039892 0.02224859546 0.5
2925 2926 2.5 0.015 0.5
2925 2927 2.5 0.015 0.5
2925 2928 2.958039892 0.02224859546 0.5
2926 2929 2.958039892 0.02224859546 0.5
2926 2930 2.5 0.015 0.5
2926 2931 2.5 0.015 0.5
2927 2929 2.958039892 0.02224859546 0.5
2927 2930 2.5 0.015 0.5
2927 2931 2.5 0.015 0.5
2928 2936 3.5 0.033 0.5
2928 2937 2.958039892 0.02224859546 0.5
2928 2938 2.958039892 0.02224859546 0.5
2929 2939 2.958039892 0.02224859546 0.5
2929 2940 2.958039892 0.02224859546 0.5
2929 2941 3.5 0.033 0.5
2930 2932 2.5 0.015 0.5
2930 2933 2.5 0.015 0.5
2930 2935 2.958039892 0.02224859546 0.5
2931 2932 2.5 0.015 0.5
2931 2933 2.5 0.015 0.5
2931 2935 2.958039892 0.02224859546 0.5
2932 2936 2.958039892 0.02224859546 0.5
2932 2937 2.5 0.015 0.5
2932 2938 2.5 0.015 0.5
2933 2936 2.958039892 0.02224859546 0.5
2933 2937 2.5 0.015 0.5
2933 2938 2.5 0.015 0.5
2935 2942 3.5 0.033 0.5
2935 2943 2.958039892 0.02224859546 0.5
2935 2944 2.958039892 0.02224859546 0.5
2936 2945 2.958039892 0.02224859546 0.5
2936 2946 2.958039892 0.02224859546 0.5
2936 2947 3.5 0.033 0.5
2937 2939 2.5 0.015 0.5
2937 2940 2.5 0.015 0.5
2937 2941 2.958039892 0.02224859546 0.5
2938 2939 2.5 0.015 0.5
2938 2940 2.5 0.015 0.5
2938 2941 2.958039892 0.02224859546 0.5
2939 2942 2.958039892 0.02224859546 0.5
2939 2943 2.5 0.015 0.5
2939 2944 2.5 0.015 0.5
2940 2942 2.958039892 0.02224859546 0.5
2940 2943 2.5 0.015 0.5
2940 2944 2.5 0.015 0.5
2941 2948 3.5 0.033 0.5
2941 2949 2.958039892 0.02224859546 0.5
2941 2950 2.958039892 0.02224859546 0.5
2942 2951 2.958039892 0.02224859546 0.5
2942 2952 2.958039892 0.02224859546 0.5
2942 2953 3.5 0.033 0.5
2943 2945 2.5 0.015 0.5
2943 2946 2.5 0.015 0.5
2943 2947 2.958039892 0.02224859546 0.5
2944 2945 2.5 0.015 0.5
2944 2946 2.5 0.015 0.5
2944 2947 2.958039892 0.02224859546 0.5
2945 2948 2.958039892 0.02224859546 0.5
2945 2949 2.5 0.015 0.5
2945 2950 2.5 0.015 0.5
2946 2948 2.958039892 0.02224859546 0.5
2946 2949 2.5 0.015 0.5
2946 2950 2.5 0.015 0.5
2947 2954 3.5 0.033 0.5
2947 2955 2.958039892 0.02224859546 0.5
2947 2956 2.958039892 0.02224859546 0.5
2948 2957 2.958039892 0.02224859546 0.5
2948 2958 2.958039892 0.02224859546 0.5
2948 2959 3.5 0.033 0.5
2949 2951 2.5 0.015 0.5
2949 2952 2.5 0.015 0.5
2949 2953 2.958039892 0.02224859546 0.5
2950 2951 2.5 0.015 0.5
2950 2952 2.5 0.015 0.5
2950 2953 2.958039892 0.02224859546 0.5
2951 2954 2.958039892 0.02224859546 0.5
2951 2955 2.5 0.015 0.5
2951 2956 2.5 0.015 0.5
2952 2954 2.958039892 0.02224859546 0.5
2952 2955 2.5 0.015 0.5
2952 2956 2.5 0.015 0.5
2953 2960 3.5 0.033 0.5
2953 2961 2.958039892 0.02224859546 0.5
2953 2962 2.958039892 0.02224859546 0.5
2954 2963 2.958039892 0.02224859546 0.5
2954 2964 2.958039892 0.02224859546 0.5
2954 2966 3.5 0.033 0.5
2955 2957 2.5 0.015 0.5
2955 2958 2.5 0.015 0.5
2955 2959 2.958039892 0.02224859546 0.5
2956 2957 2.5 0.015 0.5
2956 2958 2.5 0.015 0.5
2956 2959 2.958039892 0.02224859546 0.5
2957 2960 2.958039892 0.02224859546 0.5
2957 2961 2.5 0.015 0.5
2957 2962 2.5 0.015 0.5
2958 2960 2.958039892 0.02224859546 0.5
2958 2961 2.5 0.015 0.5
2958 2962 2.5 0.015 0.5
2959 2967 3.5 0.033 0.5
2959 2968 2.958039892 0.02224859546 0.5
2959 2969 2.958039892 0.02224859546 0.5
2960 2970 2.958039892 0.02224859546 0.5
2960 2971 2.958039892 0.02224859546 0.5
2960 2972 3.5 0.033 0.5
2961 2963 2.5 0.015 0.5
2961 2964 2.5 0.015 0.5
2961 2966 2.958039892 0.02224859546 0.5
2962 2963 2.5 0.015 0.5
2962 2964 2.5 0.015 0.5
2962 2966 2.958039892 0.02224859546 0.5
2963 2967 2.958039892 0.02224859546 0.5
2963 2968 2.5 0.015 0.5
2963 2969 2.5 0.015 0.5
2964 2967 2.958039892 0.02224859546 0.5
2964 2968 2.5 0.015 0.5
2964 2969 2.5 0.015 0.5
2966 2973 3.5 0.033 0.5
2966 2974 2.958039892 0.02224859546 0.5
2966 2975 2.958039892 0.02224859546 0.5
2967 2976 2.958039892 0.02224859546 0.5
2967 2977 2.958039892 0.02224859546 0.5
2967 2978 3.5 0.033 0.5
2968 2970 2.5 0.015 0.5
2968 2971 2.5 0.015 0.5
2968 2972 2.958039892 0.02224859546 0.5
2969 2970 2.5 0.015 0.5
2969 2971 2.5 0.015 0.5
2969 2972 2.958039892 0.02224859546 0.5
2970 2973 2.958039892 0.02224859546 0.5
2970 2974 2.5 0.015 0.5
2970 2975 2.5 0.015 0.5
2971 2973 2.958039892 0.02224859546 0.5
2971 2974 2.5 0.015 0.5
2971 2975 2.5 0.015 0.5
2972 2979 3.5 0.033 0.5
2972 2980 2.958039892 0.02224859546 0.5
2972 2981 2.958039892 0.02224859546 0.5
2973 2982 2.958039892 0.02224859546 0.5
2973 2983 2.958039892 0.02224859546 0.5
2973 2984 3.5 0.033 0.5
2974 2976 2.5 0.015 0.5
2974 2977 2.5 0.015 0.5
2974 2978 2.958039892 0.02224859546 0.5
2975 2976 2.5 0.015 0.5
2975 2977 2.5 0.015 0.5
2975 2978 2.958039892 0.02224859546 0.5
2976 2979 2.958039892 0.02224859546 0.5
2976 2980 2.5 0.015 0.5
2976 2981 2.5 0.015 0.5
2977 2979 2.958039892 0.02224859546 0.5
2977 2980 2.5 0.015 0.5
2977 2981 2.5 0.015 0.5
2978 2985 3.5 0.033 0.5
2978 2986 2.958039892 0.02224859546 0.5
2978 2987 2.958039892 0.02224859546 0.5
2979 2988 2.958039892 0.02224859546 0.5
2979 2989 2.958039892 0.02224859546 0.5
2979 2990 3.5 0.033 0.5
2980 2982 2.5 0.015 0.5
2980 2983 2.5 0.015 0.5
2980 2984 2.958039892 0.02224859546 0.5
2981 2982 2.5 0.015 0.5
2981 2983 2.5 0.015 0.5
2981 2984 2.958039892 0.02224859546 0.5
2982 2985 2.958039892 0.02224859546 0.5
2982 2986 2.5 0.015 0.5
2982 2987 2.5 0.015 0.5
2983 2985 2.958039892 0.02224859546 0.5
2983 2986 2.5 0.015 0.5
2983 2987 2.5 0.015 0.5
2984 2991 3.5 0.033 0.5
2984 2992 2.958039892 0.02224859546 0.5
2984 2993 2.958039892 0.02224859546 0.5
2985 2994 2.958039892 0.02224859546 0.5
2985 2995 2.958039892 0.02224859546 0.5
2985 2997 3.5 0.033 0.5
2986 2988 2.5 0.015 0.5
2986 2989 2.5 0.015 0.5
2986 2990 2.958039892 0.02224859546 0.5
2987 2988 2.5 0.015 0.5
2987 2989 2.5 0.015 0.5
2987 2990 2.958039892 0.02224859546 0.5
2988 2991 2.958039892 0.02224859546 0.5
2988 2992 2.5 0.015 0.5
2988 2993 2.5 0.015 0.5
2989 2991 2.958039892 0.02224859546 0.5
2989 2992 2.5 0.015 0.5
2989 2993 2.5 0.015 0.5
2990 2998 3.5 0.033 0.5
2990 2999 2.958039892 0.02224859546 0.5
2990 3000 2.958039892 0.02224859546 0.5
2991 3001 2.958039892 0.02224859546 0.5
2991 3002 2.958039892 0.02224859546 0.5
2991 3003 3.5 0.033 0.5
2992 2994 2.5 0.015 0.5
2992 2995 2.5 0.015 0.5
2992 2997 2.958039892 0.02224859546 0.5
2993 2994 2.5 0.015 0.5
2993 2995 2.5 0.015 0.5
2993 2997 2.958039892 0.02224859546 0.5
2994 2998 2.958039892 0.02224859546 0.5
2994 2999 2.5 0.015 0.5
2994 3000 2.5 0.015 0.5
2995 2998 2.958039892 0.02224859546 0.5
2995 2999 2.5 0.015 0.5
2995 3000 2.5 0.015 0.5
2997 3004 3.5 0.033 0.5
2997 3005 2.958039892 0.02224859546 0.5
2997 3006 2.958039892 0.02224859546 0.5
2998 3007 2.958039892 0.02224859546 0.5
2998 3008 2.958039892 0.02224859546 0.5
2998 3009 3.5 0.033 0.5
2999 3001 2.5 0.015 0.5
2999 3002 2.5 0.015 0.5
2999 3003 2.958039892 0.02224859546 0.5
3000 3001 2.5 0.015 0.5
3000 3002 2.5 0.015 0.5
3000 3003 2.958039892 0.02224859546 0.5
3001 3004 2.958039892 0.02224859546 0.5
3001 3005 2.5 0.015 0.5
3001 3006 2.5 0.015 0.5
3002 3004 2.958039892 0.02224859546 0.5
3002 3005 2.5 0.015 0.5
3002 3006 2.5 0.015 0.5
3003 3010 3.5 0.033 0.5
3003 3011 2.958039892 0.02224859546 0.5
3003 3012 2.958039892 0.02224859546 0.5
3004 3013 2.958039892 0.02224859546 0.5
3004 3014 2.958039892 0.02224859546 0.5
3004 3015 3.5 0.033 0.5
3005 3007 2.5 0.015 0.5
3005 3008 2.5 0.015 0.5
3005 3009 2.958039892 0.02224859546 0.5
3006 3007 2.5 0.015 0.5
3006 3008 2.5 0.015 0.5
3006 3009 2.958039892 0.02224859546 0.5
3007 3010 2.958039892 0.02224859546 0.5
3007 3011 2.5 0.015 0.5
3007 3012 2.5 0.015 0.5
3008 3010 2.958039892 0.02224859546 0.5
3008 3011 2.5 0.015 0.5
3008 3012 2.5 0.015 0.5
3009 3016 3.5 0.033 0.5
3009 3017 2.958039892 0.02224859546 0.5
3009 3018 2.958039892 0.02224859546 0.5
3010 3019 2.958039892 0.02224859546 0.5
3010 3020 2.958039892 0.02224859546 0.5
3010 3021 3.5 0.033 0.5
3011 3013 2.5 0.015 0.5
3011 3014 2.5 0.015 0.5
3011 3015 2.958039892 0.02224859546 0.5
3012 3013 2.5 0.015 0.5
3012 3014 2.5 0.015 0.5
3012 3015 2.958039892 0.02224859546 0.5
3013 3016 2.958039892 0.02224859546 0.5
3013 3017 2.5 0.015 0.5
3013 3018 2.5 0.015 0.5
3014 3016 2.958039892 0.02224859546 0.5
3014 3017 2.5 0.015 0.5
3014 3018 2.5 0.015 0.5
3015 3022 3.5 0.033 0.5
3015 3023 2.958039892 0.02224859546 0.5
3015 3024 2.958039892 0.02224859546 0.5
3016 3025 2.958039892 0.02224859546 0.5
3016 3026 2.958039892 0.02224859546 0.5
3016 3028 3.5 0.033 0.5
3017 3019 2.5 0.015 0.5
3017 3020 2.5 0.015 0.5
3017 3021 2.958039892 0.02224859546 0.5
3018 3019 2.5 0.015 0.5
3018 3020 2.5 0.015 0.5
3018 3021 2.958039892 0.02224859546 0.5
3019 3022 2.958039892 0.02224859546 0.5
3019 3023 2.5 0.015 0.5
3019 3024 2.5 0.015 0.5
3020 3022 2.958039892 0.02224859546 0.5
3020 3023 2.5 0.015 0.5
3020 3024 2.5 0.015 0.5
3021 3029 3.5 0.033 0.5
3021 3030 2.958039892 0.02224859546 0.5
3021 3031 2.958039892 0.02224859546 0.5
3022 3032 2.958039892 0.02224859546 0.5
3022 3033 2.958039892 0.02224859546 0.5
3022 3034 3.5 0.033 0.5
3023 3025 2.5 0.015 0.5
3023 3026 2.5 0.015 0.5
3023 3028 2.958039892 0.02224859546 0.5
3024 3025 2.5 0.015 0.5
3024 3026 2.5 0.015 0.5
3024 3028 2.958039892 0.02224859546 0.5
3025 3029 2.958039892 0.02224859546 0.5
3025 3030 2.5 0.015 0.5
3025 3031 2.5 0.015 0.5
3026 3029 2.958039892 0.02224859546 0.5
3026 3030 2.5 0.015 0.5
3026 3031 2.5 0.015 0.5
3028 3035 3.5 0.033 0.5
3028 3036 2.958039892 0.02224859546 0.5
3028 3037 2.958039892 0.02224859546 0.5
3029 3038 2.958039892 0.02224859546 0.5
3029 3039 2.958039892 0.02224859546 0.5
3029 3040 3.5 0.033 0.5
3030 3032 2.5 0.015 0.5
3030 3033 2.5 0.015 0.5
3030 3034 2.958039892 0.02224859546 0.5
3031 3032 2.5 0.015 0.5
3031 3033 2.5 0.015 0.5
3031 3034 2.958039892 0.02224859546 0.5
3032 3035 2.958039892 0.02224859546 0.5
3032 3036 2.5 0.015 0.5
3032 3037 2.5 0.015 0.5
3033 3035 2.958039892 0.02224859546 0.5
3033 3036 2.5 0.015 0.5
3033 3037 2.5 0.015 0.5
3034 3041 3.5 0.033 0.5
3034 3042 2.958039892 0.02224859546 0.5
3034 3043 2.958039892 0.02224859546 0.5
3035 3044 2.958039892 0.02224859546 0.5
3035 3045 2.958039892 0.02224859546 0.5
3035 3046 3.5 0.033 0.5
3036 3038 2.5 0.015 0.5
3036 3039 2.5 0.015 0.5
3036 3040 2.958039892 0.02224859546 0.5
3037 3038 2.5 0.015 0.5
3037 3039 2.5 0.015 0.5
3037 3040 2.958039892 0.02224859546 0.5
3038 3041 2.958039892 0.02224859546 0.5
3038 3042 2.5 0.015 0.5
3038 3043 2.5 0.015 0.5
3039 3041 2.958039892 0.02224859546 0.5
3039 3042 2.5 0.015 0.5
3039 3043 2.5 0.015 0.5
3040 3047 3.5 0.033 0.5
3040 3048 2.958039892 0.02224859546 0.5
3040 3049 2.958039892 0.02224859546 0.5
3041 3050 2.958039892 0.02224859546 0.5
3041 3051 2.958039892 0.02224859546 0.5
3041 3052 3.5 0.033 0.5
3042 3044 2.5 0.015 0.5
3042 3045 2.5 0.015 0.5
3042 3046 2.958039892 0.02224859546 0.5
3043 3044 2.5 0.015 0.5
3043 3045 2.5 0.015 0.5
3043 3046 2.958039892 0.02224859546 0.5
3044 3047 2.958039892 0.02224859546 0.5
3044 3048 2.5 0.015 0.5
3044 3049 2.5 0.015 0.5
3045 3047 2.958039892 0.02224859546 0.5
3045 3048 2.5 0.015 0.5
3045 3049 2.5 0.015 0.5
3046 3053 3.5 0.033 0.5
3046 3054 2.958039892 0.02224859546 0.5
3046 3055 2.958039892 0.02224859546 0.5
3047 3056 2.958039892 0.02224859546 0.5
3047 3057 2.958039892 0.02224859546 0.5
3047 3059 3.5 0.033 0.5
3048 3050 2.5 0.015 0.5
3048 3051 2.5 0.015 0.5
3048 3052 2.958039892 0.02224859546 0.5
3049 3050 2.5 0.015 0.5
3049 3051 2.5 0.015 0.5
3049 3052 2.958039892 0.02224859546 0.5
3050 3053 2.958039892 0.02224859546 0.5
3050 3054 2.5 0.015 0.5
3050 3055 2.5 0.015 0.5
3051 3053 2.958039892 0.02224859546 0.5
3051 3054 2.5 0.015 0.5
3051 3055 2.5 0.015 0.5
3052 3060 3.5 0.033 0.5
3052 3061 2.958039892 0.02224859546 0.5
3052 3062 2.958039892 0.02224859546 0.5
3053 3063 2.958039892 0.02224859546 0.5
3053 3064 2.958039892 0.02224859546 0.5
3053 3065 3.5 0.033 0.5
3054 3056 2.5 0.015 0.5
3054 3057 2.5 0.015 0.5
3054 3059 2.958039892 0.02224859546 0.5
3055 3056 2.5 0.015 0.5
3055 3057 2.5 0.015 0.5
3055 3059 2.958039892 0.02224859546 0.5
3056 3060 2.958039892 0.02224859546 0.5
3056 3061 2.5 0.015 0.5
3056 3062 2.5 0.015 0.5
3057 3060 2.958039892 0.02224859546 0.5
3057 3061 2.5 0.015 0.5
3057 3062 2.5 0.015 0.5
3059 3066 3.5 0.033 0.5
3059 3067 2.958039892 0.02224859546 0.5
3059 3068 2.958039892 0.02224859546 0.5
3060 3069 2.958039892 0.02224859546 0.5
3060 3070 2.958039892 0.02224859546 0.5
3060 3071 3.5 0.033 0.5
3061 3063 2.5 0.015 0.5
3061 3064 2.5 0.015 0.5
3061 3065 2.958039892 0.02224859546 0.5
3062 3063 2.5 0.015 0.5
3062 3064 2.5 0.015 0.5
3062 3065 2.958039892 0.02224859546 0.5
3063 3066 2.958039892 0.02224859546 0.5
3063 3067 2.5 0.015 0.5
3063 3068 2.5 0.015 0.5
3064 3066 2.958039892 0.02224859546 0.5
3064 3067 2.5 0.015 0.5
3064 3068 2.5 0.015 0.5
3065 3072 3.5 0.033 0.5
3065 3073 2.958039892 0.02224859546 0.5
3065 3074 2.958039892 0.02224859546 0.5
3066 3075 2.958039892 0.02224859546 0.5
3066 3076 2.958039892 0.02224859546 0.5
3066 3077 3.5 0.033 0.5
3067 3069 2.5 0.015 0.5
3067 3070 2.5 0.015 0.5
3067 3071 2.958039892 0.02224859546 0.5
3068 3069 2.5 0.015 0.5
3068 3070 2.5 0.015 0.5
3068 3071 2.958039892 0.02224859546 0.5
3069 3072 2.958039892 0.02224859546 0.5
3069 3073 2.5 0.015 0.5
3069 3074 2.5 0.015 0.5
3070 3072 2.958039892 0.02224859546 0.5
3070 3073 2.5 0.015 0.5
3070 3074 2.5 0.015 0.5
3071 3078 3.5 0.033 0.5
3071 3079 2.958039892 0.02224859546 0.5
3071 3080 2.958039892 0.02224859546 0.5
3072 3081 2.958039892 0.02224859546 0.5
3072 3082 2.958039892 0.02224859546 0.5
3072 3083 3.5 0.033 0.5
3073 3075 2.5 0.015 0.5
3073 3076 2.5 0.015 0.5
3073 3077 2.958039892 0.02224859546 0.5
3074 3075 2.5 0.015 0.5
3074 3076 2.5 0.015 0.5
3074 3077 2.958039892 0.02224859546 0.5
3075 3078 2.958039892 0.02224859546 0.5
3075 3079 2.5 0.015 0.5
3075 3080 2.5 0.015 0.5
3076 3078 2.958039892 0.02224859546 0.5
3076 3079 2.5 0.015 0.5
3076 3080 2.5 0.015 0.5
3077 3084 3.5 0.033 0.5
3077 3085 2.958039892 0.02224859546 0.5
3077 3086 2.958039892 0.02224859546 0.5
3078 3087 2.958039892 0.02224859546 0.5
3078 3088 2.958039892 0.02224859546 0.5
3078 3115 3.5 0.033 0.5
3079 3081 2.5 0.015 0.5
3079 3082 2.5 0.015 0.5
3079 3083 2.958039892 0.02224859546 0.5
3080 3081 2.5 0.015 0.5
3080 3082 2.5 0.015 0.5
3080 3083 2.958039892 0.02224859546 0.5
3081 3084 2.958039892 0.02224859546 0.5
3081 3085 2.5 0.015 0.5
3081 3086 2.5 0.015 0.5
3082 3084 2.958039892 0.02224859546 0.5
3082 3085 2.5 0.015 0.5
3082 3086 2.5 0.015 0.5
3083 3116 3.5 0.033 0.5
3083 3117 2.958039892 0.02224859546 0.5
3083 3118 2.958039892 0.02224859546 0.5
3084 3109 3.5 0.033 0.5
3084 3119 2.958039892 0.02224859546 0.5
3084 3120 2.958039892 0.02224859546 0.5
3085 3087 2.5 0.015 0.5
3085 3088 2.5 0.015 0.5
3085 3115 2.958039892 0.02224859546 0.5
3086 3087 2.5 0.015 0.5
3086 3088 2.5 0.015 0.5
3086 3115 2.958039892 0.02224859546 0.5
3087 3116 2.958039892 0.02224859546 0.5
3087 3117 2.5 0.015 0.5
3087 3118 2.5 0.015 0.5
3088 3116 2.958039892 0.02224859546 0.5
3088 3117 2.5 0.015 0.5
3088 3118 2.5 0.015 0.5
3090 3099 2.958039892 0.02224859546 0.5
3090 3100 2.958039892 0.02224859546 0.5
3090 3104 3.5 0.033 0.5
3091 3097 3.5 0.033 0.5
3091 3101 2.958039892 0.02224859546 0.5
3091 3102 2.958039892 0.02224859546 0.5
3092 3094 2.5 0.015 0.5
3092 3095 2.5 0.015 0.5
3092 3096 2.5 0.015 0.5
3092 3097 2.958039892 0.02224859546 0.5
3092 3101 2.5 0.015 0.5
3092 3102 2.5 0.015 0.5
3093 3094 2.5 0.015 0.5
3093 3095 2.5 0.015 0.5
3093 3096 2.5 0.015 0.5
3093 3097 2.958039892 0.02224859546 0.5
3093 3101 2.5 0.015 0.5
3093 3102 2.5 0.015 0.5
3094 3098 2.958039892 0.02224859546 0.5
3095 3098 2.958039892 0.02224859546 0.5
3096 3098 2.958039892 0.02224859546 0.5
3097 3105 2.958039892 0.02224859546 0.5
3097 3106 2.958039892 0.02224859546 0.5
3097 3110 3.5 0.033 0.5
3098 3103 3.5 0.033 0.5
3098 3107 2.958039892 0.02224859546 0.5
3098 3108 2.958039892 0.02224859546 0.5
3099 3101 2.5 0.015 0.5
3099 3102 2.5 0.015 0.5
3099 3103 2.958039892 0.02224859546 0.5
3099 3107 2.5 0.015 0.5
3099 3108 2.5 0.015 0.5
3100 3101 2.5 0.015 0.5
3100 3102 2.5 0.015 0.5
3100 3103 2.958039892 0.02224859546 0.5
3100 3107 2.5 0.015 0.5
3100 3108 2.5 0.015 0.5
3101 3104 2.958039892 0.02224859546 0.5
3102 3104 2.958039892 0.02224859546 0.5
3103 3111 2.958039892 0.02224859546 0.5
3103 3112 2.958039892 0.02224859546 0.5
3103 3116 3.5 0.033 0.5
3104 3109 3.5 0.033 0.5
3104 3113 2.958039892 0.02224859546 0.5
3104 3114 2.958039892 0.02224859546 0.5
3105 3107 2.5 0.015 0.5
3105 3108 2.5 0.015 0.5
3105 3109 2.958039892 0.02224859546 0.5
3105 3113 2.5 0.015 0.5
3105 3114 2.5 0.015 0.5
3106 3107 2.5 0.015 0.5
3106 3108 2.5 0.015 0.5
3106 3109 2.958039892 0.02224859546 0.5
3106 3113 2.5 0.015 0.5
3106 3114 2.5 0.015 0.5
3107 3110 2.958039892 0.02224859546 0.5
3108 3110 2.958039892 0.02224859546 0.5
3109 3117 2.958039892 0.02224859546 0.5
3109 3118 2.958039892 0.02224859546 0.5
3110 3115 3.5 0.033 0.5
3110 3119 2.958039892 0.02224859546 0.5
3110 3120 2.958039892 0.02224859546 0.5
3111 3113 2.5 0.015 0.5
3111 3114 2.5 0.015 0.5
3111 3115 2.958039892 0.02224859546 0.5
3111 3119 2.5 0.015 0.5
3111 3120 2.5 0.015 0.5
3112 3113 2.5 0.015 0.5
3112 3114 2.5 0.015 0.5
3112 3115 2.958039892 0.02224859546 0.5
3112 3119 2.5 0.015 0.5
3112 3120 2.5 0.015 0.5
3113 3116 2.958039892 0.02224859546 0.5
3114 3116 2.958039892 0.02224859546 0.5
3117 3119 2.5 0.015 0.5
3117 3120 2.5 0.015 0.5
3118 3119 2.5 0.015 0.5
3118 3120 2.5 0.015 0.5
