16243
7488 7493 3.263434 0.054544
7490 7493 3.241605 0.060622
7489 7494 3.648630 0.042866
7489 7496 3.648630 0.042866
7488 7497 3.263434 0.054544
7490 7497 3.241605 0.060622
7497 7504 3.648630 0.042866
7489 7498 3.012474 0.028062
7500 7504 3.012474 0.028062
7489 7501 3.012474 0.028062
7494 7503 3.263434 0.054544
7496 7503 3.263434 0.054544
7493 7504 3.648630 0.042866
7499 7504 3.012474 0.028062
7494 7505 3.241605 0.060622
7496 7505 3.241605 0.060622
7507 7512 3.263434 0.054544
7509 7512 3.241605 0.060622
7508 7513 3.648630 0.042866
7508 7515 3.648630 0.042866
7507 7516 3.263434 0.054544
7509 7516 3.241605 0.060622
7516 7523 3.648630 0.042866
7508 7517 3.012474 0.028062
7519 7523 3.012474 0.028062
7508 7520 3.012474 0.028062
7513 7522 3.263434 0.054544
7515 7522 3.263434 0.054544
7512 7523 3.648630 0.042866
7518 7523 3.012474 0.028062
7513 7524 3.241605 0.060622
7515 7524 3.241605 0.060622
7526 7531 3.263434 0.054544
7528 7531 3.241605 0.060622
7527 7532 3.648630 0.042866
7527 7534 3.648630 0.042866
7526 7535 3.263434 0.054544
7528 7535 3.241605 0.060622
7535 7542 3.648630 0.042866
7527 7536 3.012474 0.028062
7538 7542 3.012474 0.028062
7527 7539 3.012474 0.028062
7532 7541 3.263434 0.054544
7534 7541 3.263434 0.054544
7531 7542 3.648630 0.042866
7537 7542 3.012474 0.028062
7532 7543 3.241605 0.060622
7534 7543 3.241605 0.060622
7545 7550 3.263434 0.054544
7547 7550 3.241605 0.060622
7546 7551 3.648630 0.042866
7546 7553 3.648630 0.042866
7545 7554 3.263434 0.054544
7547 7554 3.241605 0.060622
7554 7561 3.648630 0.042866
7546 7555 3.012474 0.028062
7557 7561 3.012474 0.028062
7546 7558 3.012474 0.028062
7551 7560 3.263434 0.054544
7553 7560 3.263434 0.054544
7550 7561 3.648630 0.042866
7556 7561 3.012474 0.028062
7551 7562 3.241605 0.060622
7553 7562 3.241605 0.060622
7564 7569 3.263434 0.054544
7566 7569 3.241605 0.060622
7565 7570 3.648630 0.042866
7565 7572 3.648630 0.042866
7564 7573 3.263434 0.054544
7566 7573 3.241605 0.060622
7573 7580 3.648630 0.042866
7565 7574 3.012474 0.028062
7576 7580 3.012474 0.028062
7565 7577 3.012474 0.028062
7570 7579 3.263434 0.054544
7572 7579 3.263434 0.054544
7569 7580 3.648630 0.042866
7575 7580 3.012474 0.028062
7570 7581 3.241605 0.060622
7572 7581 3.241605 0.060622
7586 7588 0.000000 0.000000
7583 7589 3.263434 0.054544
7585 7589 3.241605 0.060622
7584 7590 3.648630 0.042866
7584 7592 3.648630 0.042866
7583 7593 3.263434 0.054544
7585 7593 3.241605 0.060622
7593 7600 3.648630 0.042866
7584 7594 3.012474 0.028062
7596 7600 3.012474 0.028062
7584 7597 3.012474 0.028062
7590 7599 3.263434 0.054544
7592 7599 3.263434 0.054544
7589 7600 3.648630 0.042866
7595 7600 3.012474 0.028062
7590 7601 3.241605 0.060622
7592 7601 3.241605 0.060622
7603 7608 3.263434 0.054544
7605 7608 3.241605 0.060622
7604 7609 3.648630 0.042866
7604 7611 3.648630 0.042866
7603 7612 3.263434 0.054544
7605 7612 3.241605 0.060622
7612 7619 3.648630 0.042866
7604 7613 3.012474 0.028062
7615 7619 3.012474 0.028062
7604 7616 3.012474 0.028062
7609 7618 3.263434 0.054544
7611 7618 3.263434 0.054544
7608 7619 3.648630 0.042866
7614 7619 3.012474 0.028062
7609 7620 3.241605 0.060622
7611 7620 3.241605 0.060622
7622 7627 3.263434 0.054544
7624 7627 3.241605 0.060622
7623 7628 3.648630 0.042866
7623 7630 3.648630 0.042866
7622 7631 3.263434 0.054544
7624 7631 3.241605 0.060622
7631 7638 3.648630 0.042866
7623 7632 3.012474 0.028062
7634 7638 3.012474 0.028062
7623 7635 3.012474 0.028062
7628 7637 3.263434 0.054544
7630 7637 3.263434 0.054544
7627 7638 3.648630 0.042866
7633 7638 3.012474 0.028062
7628 7639 3.241605 0.060622
7630 7639 3.241605 0.060622
7641 7646 3.263434 0.054544
7643 7646 3.241605 0.060622
7642 7647 3.648630 0.042866
7642 7649 3.648630 0.042866
7641 7650 3.263434 0.054544
7643 7650 3.241605 0.060622
7650 7657 3.648630 0.042866
7642 7651 3.012474 0.028062
7653 7657 3.012474 0.028062
7642 7654 3.012474 0.028062
7647 7656 3.263434 0.054544
7649 7656 3.263434 0.054544
7646 7657 3.648630 0.042866
7652 7657 3.012474 0.028062
7647 7658 3.241605 0.060622
7649 7658 3.241605 0.060622
7660 7665 3.263434 0.054544
7662 7665 3.241605 0.060622
7661 7666 3.648630 0.042866
7661 7668 3.648630 0.042866
7660 7669 3.263434 0.054544
7662 7669 3.241605 0.060622
7669 7676 3.648630 0.042866
7661 7670 3.012474 0.028062
7672 7676 3.012474 0.028062
7661 7673 3.012474 0.028062
7666 7675 3.263434 0.054544
7668 7675 3.263434 0.054544
7665 7676 3.648630 0.042866
7671 7676 3.012474 0.028062
7666 7677 3.241605 0.060622
7668 7677 3.241605 0.060622
7679 7684 3.263434 0.054544
7681 7684 3.241605 0.060622
7680 7685 3.648630 0.042866
7680 7687 3.648630 0.042866
7679 7688 3.263434 0.054544
7681 7688 3.241605 0.060622
7688 7695 3.648630 0.042866
7680 7689 3.012474 0.028062
7691 7695 3.012474 0.028062
7680 7692 3.012474 0.028062
7685 7694 3.263434 0.054544
7687 7694 3.263434 0.054544
7684 7695 3.648630 0.042866
7690 7695 3.012474 0.028062
7685 7696 3.241605 0.060622
7687 7696 3.241605 0.060622
7698 7703 3.263434 0.054544
7700 7703 3.241605 0.060622
7699 7704 3.648630 0.042866
7699 7706 3.648630 0.042866
7698 7707 3.263434 0.054544
7700 7707 3.241605 0.060622
7707 7714 3.648630 0.042866
7699 7708 3.012474 0.028062
7710 7714 3.012474 0.028062
7699 7711 3.012474 0.028062
7704 7713 3.263434 0.054544
7706 7713 3.263434 0.054544
7703 7714 3.648630 0.042866
7709 7714 3.012474 0.028062
7704 7715 3.241605 0.060622
7706 7715 3.241605 0.060622
7717 7722 3.263434 0.054544
7719 7722 3.241605 0.060622
7718 7723 3.648630 0.042866
7718 7725 3.648630 0.042866
7717 7726 3.263434 0.054544
7719 7726 3.241605 0.060622
7726 7733 3.648630 0.042866
7718 7727 3.012474 0.028062
7729 7733 3.012474 0.028062
7718 7730 3.012474 0.028062
7723 7732 3.241605 0.060622
7725 7732 3.241605 0.060622
7722 7733 3.648630 0.042866
7728 7733 3.012474 0.028062
7723 7734 3.263434 0.054544
7725 7734 3.263434 0.054544
7724 7735 0.000000 0.000000
7737 7742 3.263434 0.054544
7739 7742 3.241605 0.060622
7738 7743 3.648630 0.042866
7738 7745 3.648630 0.042866
7737 7746 3.263434 0.054544
7739 7746 3.241605 0.060622
7746 7753 3.648630 0.042866
7738 7747 3.012474 0.028062
7749 7753 3.012474 0.028062
7738 7750 3.012474 0.028062
7743 7752 3.263434 0.054544
7745 7752 3.263434 0.054544
7742 7753 3.648630 0.042866
7748 7753 3.012474 0.028062
7743 7754 3.241605 0.060622
7745 7754 3.241605 0.060622
7756 7761 3.263434 0.054544
7758 7761 3.241605 0.060622
7757 7762 3.648630 0.042866
7757 7764 3.648630 0.042866
7756 7765 3.263434 0.054544
7758 7765 3.241605 0.060622
7765 7772 3.648630 0.042866
7757 7766 3.012474 0.028062
7768 7772 3.012474 0.028062
7757 7769 3.012474 0.028062
7762 7771 3.241605 0.060622
7764 7771 3.241605 0.060622
7761 7772 3.648630 0.042866
7767 7772 3.012474 0.028062
7762 7773 3.263434 0.054544
7764 7773 3.263434 0.054544
7763 7774 0.000000 0.000000
7776 7781 3.263434 0.054544
7778 7781 3.241605 0.060622
7777 7782 3.648630 0.042866
7777 7784 3.648630 0.042866
7776 7785 3.263434 0.054544
7778 7785 3.241605 0.060622
7785 7792 3.648630 0.042866
7777 7786 3.012474 0.028062
7788 7792 3.012474 0.028062
7777 7789 3.012474 0.028062
7782 7791 3.263434 0.054544
7784 7791 3.263434 0.054544
7781 7792 3.648630 0.042866
7787 7792 3.012474 0.028062
7782 7793 3.241605 0.060622
7784 7793 3.241605 0.060622
7795 7800 3.263434 0.054544
7797 7800 3.241605 0.060622
7796 7801 3.648630 0.042866
7796 7803 3.648630 0.042866
7795 7804 3.263434 0.054544
7797 7804 3.241605 0.060622
7804 7811 3.648630 0.042866
7796 7805 3.012474 0.028062
7807 7811 3.012474 0.028062
7796 7808 3.012474 0.028062
7801 7810 3.263434 0.054544
7803 7810 3.263434 0.054544
7800 7811 3.648630 0.042866
7806 7811 3.012474 0.028062
7801 7812 3.241605 0.060622
7803 7812 3.241605 0.060622
7814 7819 3.263434 0.054544
7816 7819 3.241605 0.060622
7815 7820 3.648630 0.042866
7815 7822 3.648630 0.042866
7814 7823 3.263434 0.054544
7816 7823 3.241605 0.060622
7823 7830 3.648630 0.042866
7815 7824 3.012474 0.028062
7826 7830 3.012474 0.028062
7815 7827 3.012474 0.028062
7820 7829 3.263434 0.054544
7822 7829 3.263434 0.054544
7819 7830 3.648630 0.042866
7825 7830 3.012474 0.028062
7820 7831 3.241605 0.060622
7822 7831 3.241605 0.060622
7833 7838 3.263434 0.054544
7835 7838 3.241605 0.060622
7834 7839 3.648630 0.042866
7834 7841 3.648630 0.042866
7833 7842 3.263434 0.054544
7835 7842 3.241605 0.060622
7842 7849 3.648630 0.042866
7834 7843 3.012474 0.028062
7845 7849 3.012474 0.028062
7834 7846 3.012474 0.028062
7839 7848 3.263434 0.054544
7841 7848 3.263434 0.054544
7838 7849 3.648630 0.042866
7844 7849 3.012474 0.028062
7839 7850 3.241605 0.060622
7841 7850 3.241605 0.060622
7852 7857 3.263434 0.054544
7854 7857 3.241605 0.060622
7853 7858 3.648630 0.042866
7853 7860 3.648630 0.042866
7852 7861 3.263434 0.054544
7854 7861 3.241605 0.060622
7861 7868 3.648630 0.042866
7853 7862 3.012474 0.028062
7864 7868 3.012474 0.028062
7853 7865 3.012474 0.028062
7858 7867 3.263434 0.054544
7860 7867 3.263434 0.054544
7857 7868 3.648630 0.042866
7863 7868 3.012474 0.028062
7858 7869 3.241605 0.060622
7860 7869 3.241605 0.060622
7871 7876 3.263434 0.054544
7873 7876 3.241605 0.060622
7872 7877 3.648630 0.042866
7872 7879 3.648630 0.042866
7871 7880 3.263434 0.054544
7873 7880 3.241605 0.060622
7880 7887 3.648630 0.042866
7872 7881 3.012474 0.028062
7883 7887 3.012474 0.028062
7872 7884 3.012474 0.028062
7877 7886 3.263434 0.054544
7879 7886 3.263434 0.054544
7876 7887 3.648630 0.042866
7882 7887 3.012474 0.028062
7877 7888 3.241605 0.060622
7879 7888 3.241605 0.060622
7890 7895 3.263434 0.054544
7892 7895 3.241605 0.060622
7891 7896 3.648630 0.042866
7891 7898 3.648630 0.042866
7890 7899 3.263434 0.054544
7892 7899 3.241605 0.060622
7899 7906 3.648630 0.042866
7891 7900 3.012474 0.028062
7902 7906 3.012474 0.028062
7891 7903 3.012474 0.028062
7896 7905 3.263434 0.054544
7898 7905 3.263434 0.054544
7895 7906 3.648630 0.042866
7901 7906 3.012474 0.028062
7896 7907 3.241605 0.060622
7898 7907 3.241605 0.060622
7909 7914 3.263434 0.054544
7911 7914 3.241605 0.060622
7910 7915 3.648630 0.042866
7910 7917 3.648630 0.042866
7909 7918 3.263434 0.054544
7911 7918 3.241605 0.060622
7918 7925 3.648630 0.042866
7910 7919 3.012474 0.028062
7921 7925 3.012474 0.028062
7910 7922 3.012474 0.028062
7915 7924 3.263434 0.054544
7917 7924 3.263434 0.054544
7914 7925 3.648630 0.042866
7920 7925 3.012474 0.028062
7915 7926 3.241605 0.060622
7917 7926 3.241605 0.060622
7928 7933 3.263434 0.054544
7930 7933 3.241605 0.060622
7929 7934 3.648630 0.042866
7929 7936 3.648630 0.042866
7928 7937 3.263434 0.054544
7930 7937 3.241605 0.060622
7937 7944 3.648630 0.042866
7929 7938 3.012474 0.028062
7940 7944 3.012474 0.028062
7929 7941 3.012474 0.028062
7934 7943 3.263434 0.054544
7936 7943 3.263434 0.054544
7933 7944 3.648630 0.042866
7939 7944 3.012474 0.028062
7934 7945 3.241605 0.060622
7936 7945 3.241605 0.060622
7947 7952 3.263434 0.054544
7949 7952 3.241605 0.060622
7948 7953 3.648630 0.042866
7948 7955 3.648630 0.042866
7947 7956 3.263434 0.054544
7949 7956 3.241605 0.060622
7956 7963 3.648630 0.042866
7948 7957 3.012474 0.028062
7959 7963 3.012474 0.028062
7948 7960 3.012474 0.028062
7953 7962 3.263434 0.054544
7955 7962 3.263434 0.054544
7952 7963 3.648630 0.042866
7958 7963 3.012474 0.028062
7953 7964 3.241605 0.060622
7955 7964 3.241605 0.060622
7969 7971 0.000000 0.000000
7966 7972 3.263434 0.054544
7968 7972 3.241605 0.060622
7967 7973 3.648630 0.042866
7967 7975 3.648630 0.042866
7966 7976 3.263434 0.054544
7968 7976 3.241605 0.060622
7976 7983 3.648630 0.042866
7967 7977 3.012474 0.028062
7979 7983 3.012474 0.028062
7967 7980 3.012474 0.028062
7973 7982 3.263434 0.054544
7975 7982 3.263434 0.054544
7972 7983 3.648630 0.042866
7978 7983 3.012474 0.028062
7973 7984 3.241605 0.060622
7975 7984 3.241605 0.060622
7986 7991 3.263434 0.054544
7988 7991 3.241605 0.060622
7987 7992 3.648630 0.042866
7987 7994 3.648630 0.042866
7986 7995 3.263434 0.054544
7988 7995 3.241605 0.060622
7995 8002 3.648630 0.042866
7987 7996 3.012474 0.028062
7998 8002 3.012474 0.028062
7987 7999 3.012474 0.028062
7992 8001 3.263434 0.054544
7994 8001 3.263434 0.054544
7991 8002 3.648630 0.042866
7997 8002 3.012474 0.028062
7992 8003 3.241605 0.060622
7994 8003 3.241605 0.060622
8005 8010 3.263434 0.054544
8007 8010 3.241605 0.060622
8006 8011 3.648630 0.042866
8006 8013 3.648630 0.042866
8005 8014 3.263434 0.054544
8007 8014 3.241605 0.060622
8014 8021 3.648630 0.042866
8006 8015 3.012474 0.028062
8017 8021 3.012474 0.028062
8006 8018 3.012474 0.028062
8011 8020 3.263434 0.054544
8013 8020 3.263434 0.054544
8010 8021 3.648630 0.042866
8016 8021 3.012474 0.028062
8011 8022 3.241605 0.060622
8013 8022 3.241605 0.060622
8024 8029 3.263434 0.054544
8026 8029 3.241605 0.060622
8025 8030 3.648630 0.042866
8025 8032 3.648630 0.042866
8024 8033 3.263434 0.054544
8026 8033 3.241605 0.060622
8033 8040 3.648630 0.042866
8025 8034 3.012474 0.028062
8036 8040 3.012474 0.028062
8025 8037 3.012474 0.028062
8030 8039 3.263434 0.054544
8032 8039 3.263434 0.054544
8029 8040 3.648630 0.042866
8035 8040 3.012474 0.028062
8030 8041 3.241605 0.060622
8032 8041 3.241605 0.060622
8043 8048 3.263434 0.054544
8045 8048 3.241605 0.060622
8044 8049 3.648630 0.042866
8044 8051 3.648630 0.042866
8043 8052 3.263434 0.054544
8045 8052 3.241605 0.060622
8052 8059 3.648630 0.042866
8044 8053 3.012474 0.028062
8055 8059 3.012474 0.028062
8044 8056 3.012474 0.028062
8049 8058 3.263434 0.054544
8051 8058 3.263434 0.054544
8048 8059 3.648630 0.042866
8054 8059 3.012474 0.028062
8049 8060 3.241605 0.060622
8051 8060 3.241605 0.060622
8062 8067 3.263434 0.054544
8064 8067 3.241605 0.060622
8063 8068 3.648630 0.042866
8063 8070 3.648630 0.042866
8062 8071 3.263434 0.054544
8064 8071 3.241605 0.060622
8071 8078 3.648630 0.042866
8063 8072 3.012474 0.028062
8074 8078 3.012474 0.028062
8063 8075 3.012474 0.028062
8068 8077 3.263434 0.054544
8070 8077 3.263434 0.054544
8067 8078 3.648630 0.042866
8073 8078 3.012474 0.028062
8068 8079 3.241605 0.060622
8070 8079 3.241605 0.060622
8081 8086 3.263434 0.054544
8083 8086 3.241605 0.060622
8082 8087 3.648630 0.042866
8082 8089 3.648630 0.042866
8081 8090 3.263434 0.054544
8083 8090 3.241605 0.060622
8090 8097 3.648630 0.042866
8082 8091 3.012474 0.028062
8093 8097 3.012474 0.028062
8082 8094 3.012474 0.028062
8087 8096 3.263434 0.054544
8089 8096 3.263434 0.054544
8086 8097 3.648630 0.042866
8092 8097 3.012474 0.028062
8087 8098 3.241605 0.060622
8089 8098 3.241605 0.060622
8100 8105 3.263434 0.054544
8102 8105 3.241605 0.060622
8101 8106 3.648630 0.042866
8101 8108 3.648630 0.042866
8100 8109 3.263434 0.054544
8102 8109 3.241605 0.060622
8109 8116 3.648630 0.042866
8101 8110 3.012474 0.028062
8112 8116 3.012474 0.028062
8101 8113 3.012474 0.028062
8106 8115 3.241605 0.060622
8108 8115 3.241605 0.060622
8105 8116 3.648630 0.042866
8111 8116 3.012474 0.028062
8106 8117 3.263434 0.054544
8108 8117 3.263434 0.054544
8107 8118 0.000000 0.000000
8120 8125 3.263434 0.054544
8122 8125 3.241605 0.060622
8121 8126 3.648630 0.042866
8121 8128 3.648630 0.042866
8120 8129 3.263434 0.054544
8122 8129 3.241605 0.060622
8129 8136 3.648630 0.042866
8121 8130 3.012474 0.028062
8132 8136 3.012474 0.028062
8121 8133 3.012474 0.028062
8126 8135 3.263434 0.054544
8128 8135 3.263434 0.054544
8125 8136 3.648630 0.042866
8131 8136 3.012474 0.028062
8126 8137 3.241605 0.060622
8128 8137 3.241605 0.060622
8139 8144 3.263434 0.054544
8141 8144 3.241605 0.060622
8140 8145 3.648630 0.042866
8140 8147 3.648630 0.042866
8139 8148 3.263434 0.054544
8141 8148 3.241605 0.060622
8148 8155 3.648630 0.042866
8140 8149 3.012474 0.028062
8151 8155 3.012474 0.028062
8140 8152 3.012474 0.028062
8145 8154 3.263434 0.054544
8147 8154 3.263434 0.054544
8144 8155 3.648630 0.042866
8150 8155 3.012474 0.028062
8145 8156 3.241605 0.060622
8147 8156 3.241605 0.060622
8161 8163 0.000000 0.000000
8158 8164 3.263434 0.054544
8160 8164 3.241605 0.060622
8159 8165 3.648630 0.042866
8159 8167 3.648630 0.042866
8158 8168 3.263434 0.054544
8160 8168 3.241605 0.060622
8168 8175 3.648630 0.042866
8159 8169 3.012474 0.028062
8171 8175 3.012474 0.028062
8159 8172 3.012474 0.028062
8165 8174 3.263434 0.054544
8167 8174 3.263434 0.054544
8164 8175 3.648630 0.042866
8170 8175 3.012474 0.028062
8165 8176 3.241605 0.060622
8167 8176 3.241605 0.060622
8181 8183 0.000000 0.000000
8178 8184 3.263434 0.054544
8180 8184 3.241605 0.060622
8179 8185 3.648630 0.042866
8179 8187 3.648630 0.042866
8178 8188 3.263434 0.054544
8180 8188 3.241605 0.060622
8188 8195 3.648630 0.042866
8179 8189 3.012474 0.028062
8191 8195 3.012474 0.028062
8179 8192 3.012474 0.028062
8185 8194 3.263434 0.054544
8187 8194 3.263434 0.054544
8184 8195 3.648630 0.042866
8190 8195 3.012474 0.028062
8185 8196 3.241605 0.060622
8187 8196 3.241605 0.060622
8198 8203 3.263434 0.054544
8200 8203 3.241605 0.060622
8199 8204 3.648630 0.042866
8199 8206 3.648630 0.042866
8198 8207 3.263434 0.054544
8200 8207 3.241605 0.060622
8207 8214 3.648630 0.042866
8199 8208 3.012474 0.028062
8210 8214 3.012474 0.028062
8199 8211 3.012474 0.028062
8204 8213 3.263434 0.054544
8206 8213 3.263434 0.054544
8203 8214 3.648630 0.042866
8209 8214 3.012474 0.028062
8204 8215 3.241605 0.060622
8206 8215 3.241605 0.060622
8217 8222 3.263434 0.054544
8219 8222 3.241605 0.060622
8218 8223 3.648630 0.042866
8218 8225 3.648630 0.042866
8217 8226 3.263434 0.054544
8219 8226 3.241605 0.060622
8226 8233 3.648630 0.042866
8218 8227 3.012474 0.028062
8229 8233 3.012474 0.028062
8218 8230 3.012474 0.028062
8223 8232 3.263434 0.054544
8225 8232 3.263434 0.054544
8222 8233 3.648630 0.042866
8228 8233 3.012474 0.028062
8223 8234 3.241605 0.060622
8225 8234 3.241605 0.060622
8236 8241 3.263434 0.054544
8238 8241 3.241605 0.060622
8237 8242 3.648630 0.042866
8237 8244 3.648630 0.042866
8236 8245 3.263434 0.054544
8238 8245 3.241605 0.060622
8245 8252 3.648630 0.042866
8237 8246 3.012474 0.028062
8248 8252 3.012474 0.028062
8237 8249 3.012474 0.028062
8242 8251 3.263434 0.054544
8244 8251 3.263434 0.054544
8241 8252 3.648630 0.042866
8247 8252 3.012474 0.028062
8242 8253 3.241605 0.060622
8244 8253 3.241605 0.060622
8255 8260 3.263434 0.054544
8257 8260 3.241605 0.060622
8256 8261 3.648630 0.042866
8256 8263 3.648630 0.042866
8255 8264 3.263434 0.054544
8257 8264 3.241605 0.060622
8264 8271 3.648630 0.042866
8256 8265 3.012474 0.028062
8267 8271 3.012474 0.028062
8256 8268 3.012474 0.028062
8261 8270 3.263434 0.054544
8263 8270 3.263434 0.054544
8260 8271 3.648630 0.042866
8266 8271 3.012474 0.028062
8261 8272 3.241605 0.060622
8263 8272 3.241605 0.060622
8274 8279 3.263434 0.054544
8276 8279 3.241605 0.060622
8275 8280 3.648630 0.042866
8275 8282 3.648630 0.042866
8274 8283 3.263434 0.054544
8276 8283 3.241605 0.060622
8283 8290 3.648630 0.042866
8275 8284 3.012474 0.028062
8286 8290 3.012474 0.028062
8275 8287 3.012474 0.028062
8280 8289 3.263434 0.054544
8282 8289 3.263434 0.054544
8279 8290 3.648630 0.042866
8285 8290 3.012474 0.028062
8280 8291 3.241605 0.060622
8282 8291 3.241605 0.060622
8293 8298 3.263434 0.054544
8295 8298 3.241605 0.060622
8294 8299 3.648630 0.042866
8294 8301 3.648630 0.042866
8293 8302 3.263434 0.054544
8295 8302 3.241605 0.060622
8302 8309 3.648630 0.042866
8294 8303 3.012474 0.028062
8305 8309 3.012474 0.028062
8294 8306 3.012474 0.028062
8299 8308 3.263434 0.054544
8301 8308 3.263434 0.054544
8298 8309 3.648630 0.042866
8304 8309 3.012474 0.028062
8299 8310 3.241605 0.060622
8301 8310 3.241605 0.060622
8312 8317 3.263434 0.054544
8314 8317 3.241605 0.060622
8313 8318 3.648630 0.042866
8313 8320 3.648630 0.042866
8312 8321 3.263434 0.054544
8314 8321 3.241605 0.060622
8321 8328 3.648630 0.042866
8313 8322 3.012474 0.028062
8324 8328 3.012474 0.028062
8313 8325 3.012474 0.028062
8318 8327 3.263434 0.054544
8320 8327 3.263434 0.054544
8317 8328 3.648630 0.042866
8323 8328 3.012474 0.028062
8318 8329 3.241605 0.060622
8320 8329 3.241605 0.060622
8331 8336 3.263434 0.054544
8333 8336 3.241605 0.060622
8332 8337 3.648630 0.042866
8332 8339 3.648630 0.042866
8331 8340 3.263434 0.054544
8333 8340 3.241605 0.060622
8340 8347 3.648630 0.042866
8332 8341 3.012474 0.028062
8343 8347 3.012474 0.028062
8332 8344 3.012474 0.028062
8337 8346 3.263434 0.054544
8339 8346 3.263434 0.054544
8336 8347 3.648630 0.042866
8342 8347 3.012474 0.028062
8337 8348 3.241605 0.060622
8339 8348 3.241605 0.060622
8350 8355 3.263434 0.054544
8352 8355 3.241605 0.060622
8351 8356 3.648630 0.042866
8351 8358 3.648630 0.042866
8350 8359 3.263434 0.054544
8352 8359 3.241605 0.060622
8359 8366 3.648630 0.042866
8351 8360 3.012474 0.028062
8362 8366 3.012474 0.028062
8351 8363 3.012474 0.028062
8356 8365 3.241605 0.060622
8358 8365 3.241605 0.060622
8355 8366 3.648630 0.042866
8361 8366 3.012474 0.028062
8356 8367 3.263434 0.054544
8358 8367 3.263434 0.054544
8357 8368 0.000000 0.000000
8370 8375 3.263434 0.054544
8372 8375 3.241605 0.060622
8371 8376 3.648630 0.042866
8371 8378 3.648630 0.042866
8370 8379 3.263434 0.054544
8372 8379 3.241605 0.060622
8379 8386 3.648630 0.042866
8371 8380 3.012474 0.028062
8382 8386 3.012474 0.028062
8371 8383 3.012474 0.028062
8376 8385 3.263434 0.054544
8378 8385 3.263434 0.054544
8375 8386 3.648630 0.042866
8381 8386 3.012474 0.028062
8376 8387 3.241605 0.060622
8378 8387 3.241605 0.060622
8389 8394 3.263434 0.054544
8391 8394 3.241605 0.060622
8390 8395 3.648630 0.042866
8390 8397 3.648630 0.042866
8389 8398 3.263434 0.054544
8391 8398 3.241605 0.060622
8398 8405 3.648630 0.042866
8390 8399 3.012474 0.028062
8401 8405 3.012474 0.028062
8390 8402 3.012474 0.028062
8395 8404 3.263434 0.054544
8397 8404 3.263434 0.054544
8394 8405 3.648630 0.042866
8400 8405 3.012474 0.028062
8395 8406 3.241605 0.060622
8397 8406 3.241605 0.060622
8408 8413 3.263434 0.054544
8410 8413 3.241605 0.060622
8409 8414 3.648630 0.042866
8409 8416 3.648630 0.042866
8408 8417 3.263434 0.054544
8410 8417 3.241605 0.060622
8417 8424 3.648630 0.042866
8409 8418 3.012474 0.028062
8420 8424 3.012474 0.028062
8409 8421 3.012474 0.028062
8414 8423 3.241605 0.060622
8416 8423 3.241605 0.060622
8413 8424 3.648630 0.042866
8419 8424 3.012474 0.028062
8414 8425 3.263434 0.054544
8416 8425 3.263434 0.054544
8415 8426 0.000000 0.000000
8431 8433 0.000000 0.000000
8428 8434 3.263434 0.054544
8430 8434 3.241605 0.060622
8429 8435 3.648630 0.042866
8429 8437 3.648630 0.042866
8428 8438 3.263434 0.054544
8430 8438 3.241605 0.060622
8438 8445 3.648630 0.042866
8429 8439 3.012474 0.028062
8441 8445 3.012474 0.028062
8429 8442 3.012474 0.028062
8435 8444 3.263434 0.054544
8437 8444 3.263434 0.054544
8434 8445 3.648630 0.042866
8440 8445 3.012474 0.028062
8435 8446 3.241605 0.060622
8437 8446 3.241605 0.060622
8451 8453 0.000000 0.000000
8448 8454 3.263434 0.054544
8450 8454 3.241605 0.060622
8449 8455 3.648630 0.042866
8449 8457 3.648630 0.042866
8448 8458 3.263434 0.054544
8450 8458 3.241605 0.060622
8458 8465 3.648630 0.042866
8449 8459 3.012474 0.028062
8461 8465 3.012474 0.028062
8449 8462 3.012474 0.028062
8455 8464 3.241605 0.060622
8457 8464 3.241605 0.060622
8454 8465 3.648630 0.042866
8460 8465 3.012474 0.028062
8455 8466 3.263434 0.054544
8457 8466 3.263434 0.054544
8456 8467 0.000000 0.000000
8469 8474 3.263434 0.054544
8471 8474 3.241605 0.060622
8470 8475 3.648630 0.042866
8470 8477 3.648630 0.042866
8469 8478 3.263434 0.054544
8471 8478 3.241605 0.060622
8478 8485 3.648630 0.042866
8470 8479 3.012474 0.028062
8481 8485 3.012474 0.028062
8470 8482 3.012474 0.028062
8475 8484 3.263434 0.054544
8477 8484 3.263434 0.054544
8474 8485 3.648630 0.042866
8480 8485 3.012474 0.028062
8475 8486 3.241605 0.060622
8477 8486 3.241605 0.060622
8488 8493 3.263434 0.054544
8490 8493 3.241605 0.060622
8489 8494 3.648630 0.042866
8489 8496 3.648630 0.042866
8488 8497 3.263434 0.054544
8490 8497 3.241605 0.060622
8497 8504 3.648630 0.042866
8489 8498 3.012474 0.028062
8500 8504 3.012474 0.028062
8489 8501 3.012474 0.028062
8494 8503 3.263434 0.054544
8496 8503 3.263434 0.054544
8493 8504 3.648630 0.042866
8499 8504 3.012474 0.028062
8494 8505 3.241605 0.060622
8496 8505 3.241605 0.060622
8507 8512 3.263434 0.054544
8509 8512 3.241605 0.060622
8508 8513 3.648630 0.042866
8508 8515 3.648630 0.042866
8507 8516 3.263434 0.054544
8509 8516 3.241605 0.060622
8516 8523 3.648630 0.042866
8508 8517 3.012474 0.028062
8519 8523 3.012474 0.028062
8508 8520 3.012474 0.028062
8513 8522 3.263434 0.054544
8515 8522 3.263434 0.054544
8512 8523 3.648630 0.042866
8518 8523 3.012474 0.028062
8513 8524 3.241605 0.060622
8515 8524 3.241605 0.060622
8526 8531 3.263434 0.054544
8528 8531 3.241605 0.060622
8527 8532 3.648630 0.042866
8527 8534 3.648630 0.042866
8526 8535 3.263434 0.054544
8528 8535 3.241605 0.060622
8535 8542 3.648630 0.042866
8527 8536 3.012474 0.028062
8538 8542 3.012474 0.028062
8527 8539 3.012474 0.028062
8532 8541 3.263434 0.054544
8534 8541 3.263434 0.054544
8531 8542 3.648630 0.042866
8537 8542 3.012474 0.028062
8532 8543 3.241605 0.060622
8534 8543 3.241605 0.060622
8545 8550 3.263434 0.054544
8547 8550 3.241605 0.060622
8546 8551 3.648630 0.042866
8546 8553 3.648630 0.042866
8545 8554 3.263434 0.054544
8547 8554 3.241605 0.060622
8554 8561 3.648630 0.042866
8546 8555 3.012474 0.028062
8557 8561 3.012474 0.028062
8546 8558 3.012474 0.028062
8551 8560 3.263434 0.054544
8553 8560 3.263434 0.054544
8550 8561 3.648630 0.042866
8556 8561 3.012474 0.028062
8551 8562 3.241605 0.060622
8553 8562 3.241605 0.060622
8564 8569 3.263434 0.054544
8566 8569 3.241605 0.060622
8565 8570 3.648630 0.042866
8565 8572 3.648630 0.042866
8564 8573 3.263434 0.054544
8566 8573 3.241605 0.060622
8573 8580 3.648630 0.042866
8565 8574 3.012474 0.028062
8576 8580 3.012474 0.028062
8565 8577 3.012474 0.028062
8570 8579 3.263434 0.054544
8572 8579 3.263434 0.054544
8569 8580 3.648630 0.042866
8575 8580 3.012474 0.028062
8570 8581 3.241605 0.060622
8572 8581 3.241605 0.060622
8583 8588 3.263434 0.054544
8585 8588 3.241605 0.060622
8584 8589 3.648630 0.042866
8584 8591 3.648630 0.042866
8583 8592 3.263434 0.054544
8585 8592 3.241605 0.060622
8592 8599 3.648630 0.042866
8584 8593 3.012474 0.028062
8595 8599 3.012474 0.028062
8584 8596 3.012474 0.028062
8589 8598 3.263434 0.054544
8591 8598 3.263434 0.054544
8588 8599 3.648630 0.042866
8594 8599 3.012474 0.028062
8589 8600 3.241605 0.060622
8591 8600 3.241605 0.060622
8602 8607 3.263434 0.054544
8604 8607 3.241605 0.060622
8603 8608 3.648630 0.042866
8603 8610 3.648630 0.042866
8602 8611 3.263434 0.054544
8604 8611 3.241605 0.060622
8611 8618 3.648630 0.042866
8603 8612 3.012474 0.028062
8614 8618 3.012474 0.028062
8603 8615 3.012474 0.028062
8608 8617 3.263434 0.054544
8610 8617 3.263434 0.054544
8607 8618 3.648630 0.042866
8613 8618 3.012474 0.028062
8608 8619 3.241605 0.060622
8610 8619 3.241605 0.060622
8621 8626 3.263434 0.054544
8623 8626 3.241605 0.060622
8622 8627 3.648630 0.042866
8622 8629 3.648630 0.042866
8621 8630 3.263434 0.054544
8623 8630 3.241605 0.060622
8630 8637 3.648630 0.042866
8622 8631 3.012474 0.028062
8633 8637 3.012474 0.028062
8622 8634 3.012474 0.028062
8627 8636 3.263434 0.054544
8629 8636 3.263434 0.054544
8626 8637 3.648630 0.042866
8632 8637 3.012474 0.028062
8627 8638 3.241605 0.060622
8629 8638 3.241605 0.060622
8640 8645 3.263434 0.054544
8642 8645 3.241605 0.060622
8641 8646 3.648630 0.042866
8641 8648 3.648630 0.042866
8640 8649 3.263434 0.054544
8642 8649 3.241605 0.060622
8649 8656 3.648630 0.042866
8641 8650 3.012474 0.028062
8652 8656 3.012474 0.028062
8641 8653 3.012474 0.028062
8646 8655 3.263434 0.054544
8648 8655 3.263434 0.054544
8645 8656 3.648630 0.042866
8651 8656 3.012474 0.028062
8646 8657 3.241605 0.060622
8648 8657 3.241605 0.060622
8659 8664 3.263434 0.054544
8661 8664 3.241605 0.060622
8660 8665 3.648630 0.042866
8660 8667 3.648630 0.042866
8659 8668 3.263434 0.054544
8661 8668 3.241605 0.060622
8668 8675 3.648630 0.042866
8660 8669 3.012474 0.028062
8671 8675 3.012474 0.028062
8660 8672 3.012474 0.028062
8665 8674 3.263434 0.054544
8667 8674 3.263434 0.054544
8664 8675 3.648630 0.042866
8670 8675 3.012474 0.028062
8665 8676 3.241605 0.060622
8667 8676 3.241605 0.060622
8681 8683 0.000000 0.000000
8678 8684 3.263434 0.054544
8680 8684 3.241605 0.060622
8679 8685 3.648630 0.042866
8679 8687 3.648630 0.042866
8678 8688 3.263434 0.054544
8680 8688 3.241605 0.060622
8688 8695 3.648630 0.042866
8679 8689 3.012474 0.028062
8691 8695 3.012474 0.028062
8679 8692 3.012474 0.028062
8685 8694 3.241605 0.060622
8687 8694 3.241605 0.060622
8684 8695 3.648630 0.042866
8690 8695 3.012474 0.028062
8685 8696 3.263434 0.054544
8687 8696 3.263434 0.054544
8686 8697 0.000000 0.000000
8699 8704 3.263434 0.054544
8701 8704 3.241605 0.060622
8700 8705 3.648630 0.042866
8700 8707 3.648630 0.042866
8699 8708 3.263434 0.054544
8701 8708 3.241605 0.060622
8708 8715 3.648630 0.042866
8700 8709 3.012474 0.028062
8711 8715 3.012474 0.028062
8700 8712 3.012474 0.028062
8705 8714 3.263434 0.054544
8707 8714 3.263434 0.054544
8704 8715 3.648630 0.042866
8710 8715 3.012474 0.028062
8705 8716 3.241605 0.060622
8707 8716 3.241605 0.060622
8718 8723 3.263434 0.054544
8720 8723 3.241605 0.060622
8719 8724 3.648630 0.042866
8719 8726 3.648630 0.042866
8718 8727 3.263434 0.054544
8720 8727 3.241605 0.060622
8727 8734 3.648630 0.042866
8719 8728 3.012474 0.028062
8730 8734 3.012474 0.028062
8719 8731 3.012474 0.028062
8724 8733 3.263434 0.054544
8726 8733 3.263434 0.054544
8723 8734 3.648630 0.042866
8729 8734 3.012474 0.028062
8724 8735 3.241605 0.060622
8726 8735 3.241605 0.060622
8740 8742 0.000000 0.000000
8737 8743 3.263434 0.054544
8739 8743 3.241605 0.060622
8738 8744 3.648630 0.042866
8738 8746 3.648630 0.042866
8737 8747 3.263434 0.054544
8739 8747 3.241605 0.060622
8747 8754 3.648630 0.042866
8738 8748 3.012474 0.028062
8750 8754 3.012474 0.028062
8738 8751 3.012474 0.028062
8744 8753 3.263434 0.054544
8746 8753 3.263434 0.054544
8743 8754 3.648630 0.042866
8749 8754 3.012474 0.028062
8744 8755 3.241605 0.060622
8746 8755 3.241605 0.060622
8757 8762 3.263434 0.054544
8759 8762 3.241605 0.060622
8758 8763 3.648630 0.042866
8758 8765 3.648630 0.042866
8757 8766 3.263434 0.054544
8759 8766 3.241605 0.060622
8766 8773 3.648630 0.042866
8758 8767 3.012474 0.028062
8769 8773 3.012474 0.028062
8758 8770 3.012474 0.028062
8763 8772 3.263434 0.054544
8765 8772 3.263434 0.054544
8762 8773 3.648630 0.042866
8768 8773 3.012474 0.028062
8763 8774 3.241605 0.060622
8765 8774 3.241605 0.060622
8779 8781 0.000000 0.000000
8776 8782 3.263434 0.054544
8778 8782 3.241605 0.060622
8777 8783 3.648630 0.042866
8777 8785 3.648630 0.042866
8776 8786 3.263434 0.054544
8778 8786 3.241605 0.060622
8786 8793 3.648630 0.042866
8777 8787 3.012474 0.028062
8789 8793 3.012474 0.028062
8777 8790 3.012474 0.028062
8783 8792 3.263434 0.054544
8785 8792 3.263434 0.054544
8782 8793 3.648630 0.042866
8788 8793 3.012474 0.028062
8783 8794 3.241605 0.060622
8785 8794 3.241605 0.060622
8799 8801 0.000000 0.000000
8796 8802 3.263434 0.054544
8798 8802 3.241605 0.060622
8797 8803 3.648630 0.042866
8797 8805 3.648630 0.042866
8796 8806 3.263434 0.054544
8798 8806 3.241605 0.060622
8806 8813 3.648630 0.042866
8797 8807 3.012474 0.028062
8809 8813 3.012474 0.028062
8797 8810 3.012474 0.028062
8803 8812 3.263434 0.054544
8805 8812 3.263434 0.054544
8802 8813 3.648630 0.042866
8808 8813 3.012474 0.028062
8803 8814 3.241605 0.060622
8805 8814 3.241605 0.060622
8816 8821 3.263434 0.054544
8818 8821 3.241605 0.060622
8817 8822 3.648630 0.042866
8817 8824 3.648630 0.042866
8816 8825 3.263434 0.054544
8818 8825 3.241605 0.060622
8825 8832 3.648630 0.042866
8817 8826 3.012474 0.028062
8828 8832 3.012474 0.028062
8817 8829 3.012474 0.028062
8822 8831 3.263434 0.054544
8824 8831 3.263434 0.054544
8821 8832 3.648630 0.042866
8827 8832 3.012474 0.028062
8822 8833 3.241605 0.060622
8824 8833 3.241605 0.060622
8835 8840 3.263434 0.054544
8837 8840 3.241605 0.060622
8836 8841 3.648630 0.042866
8836 8843 3.648630 0.042866
8835 8844 3.263434 0.054544
8837 8844 3.241605 0.060622
8844 8851 3.648630 0.042866
8836 8845 3.012474 0.028062
8847 8851 3.012474 0.028062
8836 8848 3.012474 0.028062
8841 8850 3.241605 0.060622
8843 8850 3.241605 0.060622
8840 8851 3.648630 0.042866
8846 8851 3.012474 0.028062
8841 8852 3.263434 0.054544
8843 8852 3.263434 0.054544
8842 8853 0.000000 0.000000
8855 8860 3.263434 0.054544
8857 8860 3.241605 0.060622
8856 8861 3.648630 0.042866
8856 8863 3.648630 0.042866
8855 8864 3.263434 0.054544
8857 8864 3.241605 0.060622
8864 8871 3.648630 0.042866
8856 8865 3.012474 0.028062
8867 8871 3.012474 0.028062
8856 8868 3.012474 0.028062
8861 8870 3.263434 0.054544
8863 8870 3.263434 0.054544
8860 8871 3.648630 0.042866
8866 8871 3.012474 0.028062
8861 8872 3.241605 0.060622
8863 8872 3.241605 0.060622
8874 8879 3.263434 0.054544
8876 8879 3.241605 0.060622
8875 8880 3.648630 0.042866
8875 8882 3.648630 0.042866
8874 8883 3.263434 0.054544
8876 8883 3.241605 0.060622
8883 8890 3.648630 0.042866
8875 8884 3.012474 0.028062
8886 8890 3.012474 0.028062
8875 8887 3.012474 0.028062
8880 8889 3.263434 0.054544
8882 8889 3.263434 0.054544
8879 8890 3.648630 0.042866
8885 8890 3.012474 0.028062
8880 8891 3.241605 0.060622
8882 8891 3.241605 0.060622
8893 8898 3.263434 0.054544
8895 8898 3.241605 0.060622
8894 8899 3.648630 0.042866
8894 8901 3.648630 0.042866
8893 8902 3.263434 0.054544
8895 8902 3.241605 0.060622
8902 8909 3.648630 0.042866
8894 8903 3.012474 0.028062
8905 8909 3.012474 0.028062
8894 8906 3.012474 0.028062
8899 8908 3.263434 0.054544
8901 8908 3.263434 0.054544
8898 8909 3.648630 0.042866
8904 8909 3.012474 0.028062
8899 8910 3.241605 0.060622
8901 8910 3.241605 0.060622
8915 8917 0.000000 0.000000
8912 8918 3.263434 0.054544
8914 8918 3.241605 0.060622
8913 8919 3.648630 0.042866
8913 8921 3.648630 0.042866
8912 8922 3.263434 0.054544
8914 8922 3.241605 0.060622
8922 8929 3.648630 0.042866
8913 8923 3.012474 0.028062
8925 8929 3.012474 0.028062
8913 8926 3.012474 0.028062
8919 8928 3.241605 0.060622
8921 8928 3.241605 0.060622
8918 8929 3.648630 0.042866
8924 8929 3.012474 0.028062
8919 8930 3.263434 0.054544
8921 8930 3.263434 0.054544
8920 8931 0.000000 0.000000
8933 8938 3.263434 0.054544
8935 8938 3.241605 0.060622
8934 8939 3.648630 0.042866
8934 8941 3.648630 0.042866
8933 8942 3.263434 0.054544
8935 8942 3.241605 0.060622
8942 8949 3.648630 0.042866
8934 8943 3.012474 0.028062
8945 8949 3.012474 0.028062
8934 8946 3.012474 0.028062
8939 8948 3.241605 0.060622
8941 8948 3.241605 0.060622
8938 8949 3.648630 0.042866
8944 8949 3.012474 0.028062
8939 8950 3.263434 0.054544
8941 8950 3.263434 0.054544
8940 8951 0.000000 0.000000
8956 8958 0.000000 0.000000
8953 8959 3.263434 0.054544
8955 8959 3.241605 0.060622
8954 8960 3.648630 0.042866
8954 8962 3.648630 0.042866
8953 8963 3.263434 0.054544
8955 8963 3.241605 0.060622
8963 8970 3.648630 0.042866
8954 8964 3.012474 0.028062
8966 8970 3.012474 0.028062
8954 8967 3.012474 0.028062
8960 8969 3.263434 0.054544
8962 8969 3.263434 0.054544
8959 8970 3.648630 0.042866
8965 8970 3.012474 0.028062
8960 8971 3.241605 0.060622
8962 8971 3.241605 0.060622
8973 8978 3.263434 0.054544
8975 8978 3.241605 0.060622
8974 8979 3.648630 0.042866
8974 8981 3.648630 0.042866
8973 8982 3.263434 0.054544
8975 8982 3.241605 0.060622
8982 8989 3.648630 0.042866
8974 8983 3.012474 0.028062
8985 8989 3.012474 0.028062
8974 8986 3.012474 0.028062
8979 8988 3.263434 0.054544
8981 8988 3.263434 0.054544
8978 8989 3.648630 0.042866
8984 8989 3.012474 0.028062
8979 8990 3.241605 0.060622
8981 8990 3.241605 0.060622
8992 8997 3.263434 0.054544
8994 8997 3.241605 0.060622
8993 8998 3.648630 0.042866
8993 9000 3.648630 0.042866
8992 9001 3.263434 0.054544
8994 9001 3.241605 0.060622
9001 9008 3.648630 0.042866
8993 9002 3.012474 0.028062
9004 9008 3.012474 0.028062
8993 9005 3.012474 0.028062
8998 9007 3.263434 0.054544
9000 9007 3.263434 0.054544
8997 9008 3.648630 0.042866
9003 9008 3.012474 0.028062
8998 9009 3.241605 0.060622
9000 9009 3.241605 0.060622
9011 9016 3.263434 0.054544
9013 9016 3.241605 0.060622
9012 9017 3.648630 0.042866
9012 9019 3.648630 0.042866
9011 9020 3.263434 0.054544
9013 9020 3.241605 0.060622
9020 9027 3.648630 0.042866
9012 9021 3.012474 0.028062
9023 9027 3.012474 0.028062
9012 9024 3.012474 0.028062
9017 9026 3.263434 0.054544
9019 9026 3.263434 0.054544
9016 9027 3.648630 0.042866
9022 9027 3.012474 0.028062
9017 9028 3.241605 0.060622
9019 9028 3.241605 0.060622
9033 9035 0.000000 0.000000
9030 9036 3.263434 0.054544
9032 9036 3.241605 0.060622
9031 9037 3.648630 0.042866
9031 9039 3.648630 0.042866
9030 9040 3.263434 0.054544
9032 9040 3.241605 0.060622
9040 9047 3.648630 0.042866
9031 9041 3.012474 0.028062
9043 9047 3.012474 0.028062
9031 9044 3.012474 0.028062
9037 9046 3.263434 0.054544
9039 9046 3.263434 0.054544
9036 9047 3.648630 0.042866
9042 9047 3.012474 0.028062
9037 9048 3.241605 0.060622
9039 9048 3.241605 0.060622
9050 9055 3.263434 0.054544
9052 9055 3.241605 0.060622
9051 9056 3.648630 0.042866
9051 9058 3.648630 0.042866
9050 9059 3.263434 0.054544
9052 9059 3.241605 0.060622
9059 9066 3.648630 0.042866
9051 9060 3.012474 0.028062
9062 9066 3.012474 0.028062
9051 9063 3.012474 0.028062
9056 9065 3.263434 0.054544
9058 9065 3.263434 0.054544
9055 9066 3.648630 0.042866
9061 9066 3.012474 0.028062
9056 9067 3.241605 0.060622
9058 9067 3.241605 0.060622
9069 9074 3.263434 0.054544
9071 9074 3.241605 0.060622
9070 9075 3.648630 0.042866
9070 9077 3.648630 0.042866
9069 9078 3.263434 0.054544
9071 9078 3.241605 0.060622
9078 9085 3.648630 0.042866
9070 9079 3.012474 0.028062
9081 9085 3.012474 0.028062
9070 9082 3.012474 0.028062
9075 9084 3.263434 0.054544
9077 9084 3.263434 0.054544
9074 9085 3.648630 0.042866
9080 9085 3.012474 0.028062
9075 9086 3.241605 0.060622
9077 9086 3.241605 0.060622
9088 9093 3.263434 0.054544
9090 9093 3.241605 0.060622
9089 9094 3.648630 0.042866
9089 9096 3.648630 0.042866
9088 9097 3.263434 0.054544
9090 9097 3.241605 0.060622
9097 9104 3.648630 0.042866
9089 9098 3.012474 0.028062
9100 9104 3.012474 0.028062
9089 9101 3.012474 0.028062
9094 9103 3.263434 0.054544
9096 9103 3.263434 0.054544
9093 9104 3.648630 0.042866
9099 9104 3.012474 0.028062
9094 9105 3.241605 0.060622
9096 9105 3.241605 0.060622
9110 9112 0.000000 0.000000
9107 9113 3.263434 0.054544
9109 9113 3.241605 0.060622
9108 9114 3.648630 0.042866
9108 9116 3.648630 0.042866
9107 9117 3.263434 0.054544
9109 9117 3.241605 0.060622
9117 9124 3.648630 0.042866
9108 9118 3.012474 0.028062
9120 9124 3.012474 0.028062
9108 9121 3.012474 0.028062
9114 9123 3.263434 0.054544
9116 9123 3.263434 0.054544
9113 9124 3.648630 0.042866
9119 9124 3.012474 0.028062
9114 9125 3.241605 0.060622
9116 9125 3.241605 0.060622
9127 9132 3.263434 0.054544
9129 9132 3.241605 0.060622
9128 9133 3.648630 0.042866
9128 9135 3.648630 0.042866
9127 9136 3.263434 0.054544
9129 9136 3.241605 0.060622
9136 9143 3.648630 0.042866
9128 9137 3.012474 0.028062
9139 9143 3.012474 0.028062
9128 9140 3.012474 0.028062
9133 9142 3.241605 0.060622
9135 9142 3.241605 0.060622
9132 9143 3.648630 0.042866
9138 9143 3.012474 0.028062
9133 9144 3.263434 0.054544
9135 9144 3.263434 0.054544
9134 9145 0.000000 0.000000
9147 9152 3.263434 0.054544
9149 9152 3.241605 0.060622
9148 9153 3.648630 0.042866
9148 9155 3.648630 0.042866
9147 9156 3.263434 0.054544
9149 9156 3.241605 0.060622
9156 9163 3.648630 0.042866
9148 9157 3.012474 0.028062
9159 9163 3.012474 0.028062
9148 9160 3.012474 0.028062
9153 9162 3.263434 0.054544
9155 9162 3.263434 0.054544
9152 9163 3.648630 0.042866
9158 9163 3.012474 0.028062
9153 9164 3.241605 0.060622
9155 9164 3.241605 0.060622
9166 9171 3.263434 0.054544
9168 9171 3.241605 0.060622
9167 9172 3.648630 0.042866
9167 9174 3.648630 0.042866
9166 9175 3.263434 0.054544
9168 9175 3.241605 0.060622
9175 9182 3.648630 0.042866
9167 9176 3.012474 0.028062
9178 9182 3.012474 0.028062
9167 9179 3.012474 0.028062
9172 9181 3.263434 0.054544
9174 9181 3.263434 0.054544
9171 9182 3.648630 0.042866
9177 9182 3.012474 0.028062
9172 9183 3.241605 0.060622
9174 9183 3.241605 0.060622
9188 9190 0.000000 0.000000
9185 9191 3.263434 0.054544
9187 9191 3.241605 0.060622
9186 9192 3.648630 0.042866
9186 9194 3.648630 0.042866
9185 9195 3.263434 0.054544
9187 9195 3.241605 0.060622
9195 9202 3.648630 0.042866
9186 9196 3.012474 0.028062
9198 9202 3.012474 0.028062
9186 9199 3.012474 0.028062
9192 9201 3.263434 0.054544
9194 9201 3.263434 0.054544
9191 9202 3.648630 0.042866
9197 9202 3.012474 0.028062
9192 9203 3.241605 0.060622
9194 9203 3.241605 0.060622
9205 9210 3.263434 0.054544
9207 9210 3.241605 0.060622
9206 9211 3.648630 0.042866
9206 9213 3.648630 0.042866
9205 9214 3.263434 0.054544
9207 9214 3.241605 0.060622
9214 9221 3.648630 0.042866
9206 9215 3.012474 0.028062
9217 9221 3.012474 0.028062
9206 9218 3.012474 0.028062
9211 9220 3.263434 0.054544
9213 9220 3.263434 0.054544
9210 9221 3.648630 0.042866
9216 9221 3.012474 0.028062
9211 9222 3.241605 0.060622
9213 9222 3.241605 0.060622
9224 9229 3.263434 0.054544
9226 9229 3.241605 0.060622
9225 9230 3.648630 0.042866
9225 9232 3.648630 0.042866
9224 9233 3.263434 0.054544
9226 9233 3.241605 0.060622
9233 9240 3.648630 0.042866
9225 9234 3.012474 0.028062
9236 9240 3.012474 0.028062
9225 9237 3.012474 0.028062
9230 9239 3.263434 0.054544
9232 9239 3.263434 0.054544
9229 9240 3.648630 0.042866
9235 9240 3.012474 0.028062
9230 9241 3.241605 0.060622
9232 9241 3.241605 0.060622
9243 9248 3.263434 0.054544
9245 9248 3.241605 0.060622
9244 9249 3.648630 0.042866
9244 9251 3.648630 0.042866
9243 9252 3.263434 0.054544
9245 9252 3.241605 0.060622
9252 9259 3.648630 0.042866
9244 9253 3.012474 0.028062
9255 9259 3.012474 0.028062
9244 9256 3.012474 0.028062
9249 9258 3.263434 0.054544
9251 9258 3.263434 0.054544
9248 9259 3.648630 0.042866
9254 9259 3.012474 0.028062
9249 9260 3.241605 0.060622
9251 9260 3.241605 0.060622
9265 9267 0.000000 0.000000
9262 9268 3.263434 0.054544
9264 9268 3.241605 0.060622
9263 9269 3.648630 0.042866
9263 9271 3.648630 0.042866
9262 9272 3.263434 0.054544
9264 9272 3.241605 0.060622
9272 9279 3.648630 0.042866
9263 9273 3.012474 0.028062
9275 9279 3.012474 0.028062
9263 9276 3.012474 0.028062
9269 9278 3.263434 0.054544
9271 9278 3.263434 0.054544
9268 9279 3.648630 0.042866
9274 9279 3.012474 0.028062
9269 9280 3.241605 0.060622
9271 9280 3.241605 0.060622
9282 9287 3.263434 0.054544
9284 9287 3.241605 0.060622
9283 9288 3.648630 0.042866
9283 9290 3.648630 0.042866
9282 9291 3.263434 0.054544
9284 9291 3.241605 0.060622
9291 9298 3.648630 0.042866
9283 9292 3.012474 0.028062
9294 9298 3.012474 0.028062
9283 9295 3.012474 0.028062
9288 9297 3.263434 0.054544
9290 9297 3.263434 0.054544
9287 9298 3.648630 0.042866
9293 9298 3.012474 0.028062
9288 9299 3.241605 0.060622
9290 9299 3.241605 0.060622
9301 9306 3.263434 0.054544
9303 9306 3.241605 0.060622
9302 9307 3.648630 0.042866
9302 9309 3.648630 0.042866
9301 9310 3.263434 0.054544
9303 9310 3.241605 0.060622
9310 9317 3.648630 0.042866
9302 9311 3.012474 0.028062
9313 9317 3.012474 0.028062
9302 9314 3.012474 0.028062
9307 9316 3.263434 0.054544
9309 9316 3.263434 0.054544
9306 9317 3.648630 0.042866
9312 9317 3.012474 0.028062
9307 9318 3.241605 0.060622
9309 9318 3.241605 0.060622
9320 9325 3.263434 0.054544
9322 9325 3.241605 0.060622
9321 9326 3.648630 0.042866
9321 9328 3.648630 0.042866
9320 9329 3.263434 0.054544
9322 9329 3.241605 0.060622
9329 9336 3.648630 0.042866
9321 9330 3.012474 0.028062
9332 9336 3.012474 0.028062
9321 9333 3.012474 0.028062
9326 9335 3.263434 0.054544
9328 9335 3.263434 0.054544
9325 9336 3.648630 0.042866
9331 9336 3.012474 0.028062
9326 9337 3.241605 0.060622
9328 9337 3.241605 0.060622
9339 9344 3.263434 0.054544
9341 9344 3.241605 0.060622
9340 9345 3.648630 0.042866
9340 9347 3.648630 0.042866
9339 9348 3.263434 0.054544
9341 9348 3.241605 0.060622
9348 9355 3.648630 0.042866
9340 9349 3.012474 0.028062
9351 9355 3.012474 0.028062
9340 9352 3.012474 0.028062
9345 9354 3.263434 0.054544
9347 9354 3.263434 0.054544
9344 9355 3.648630 0.042866
9350 9355 3.012474 0.028062
9345 9356 3.241605 0.060622
9347 9356 3.241605 0.060622
9358 9363 3.263434 0.054544
9360 9363 3.241605 0.060622
9359 9364 3.648630 0.042866
9359 9366 3.648630 0.042866
9358 9367 3.263434 0.054544
9360 9367 3.241605 0.060622
9367 9374 3.648630 0.042866
9359 9368 3.012474 0.028062
9370 9374 3.012474 0.028062
9359 9371 3.012474 0.028062
9364 9373 3.263434 0.054544
9366 9373 3.263434 0.054544
9363 9374 3.648630 0.042866
9369 9374 3.012474 0.028062
9364 9375 3.241605 0.060622
9366 9375 3.241605 0.060622
9377 9382 3.263434 0.054544
9379 9382 3.241605 0.060622
9378 9383 3.648630 0.042866
9378 9385 3.648630 0.042866
9377 9386 3.263434 0.054544
9379 9386 3.241605 0.060622
9386 9393 3.648630 0.042866
9378 9387 3.012474 0.028062
9389 9393 3.012474 0.028062
9378 9390 3.012474 0.028062
9383 9392 3.263434 0.054544
9385 9392 3.263434 0.054544
9382 9393 3.648630 0.042866
9388 9393 3.012474 0.028062
9383 9394 3.241605 0.060622
9385 9394 3.241605 0.060622
9396 9401 3.263434 0.054544
9398 9401 3.241605 0.060622
9397 9402 3.648630 0.042866
9397 9404 3.648630 0.042866
9396 9405 3.263434 0.054544
9398 9405 3.241605 0.060622
9405 9412 3.648630 0.042866
9397 9406 3.012474 0.028062
9408 9412 3.012474 0.028062
9397 9409 3.012474 0.028062
9402 9411 3.263434 0.054544
9404 9411 3.263434 0.054544
9401 9412 3.648630 0.042866
9407 9412 3.012474 0.028062
9402 9413 3.241605 0.060622
9404 9413 3.241605 0.060622
9415 9420 3.263434 0.054544
9417 9420 3.241605 0.060622
9416 9421 3.648630 0.042866
9416 9423 3.648630 0.042866
9415 9424 3.263434 0.054544
9417 9424 3.241605 0.060622
9424 9431 3.648630 0.042866
9416 9425 3.012474 0.028062
9427 9431 3.012474 0.028062
9416 9428 3.012474 0.028062
9421 9430 3.263434 0.054544
9423 9430 3.263434 0.054544
9420 9431 3.648630 0.042866
9426 9431 3.012474 0.028062
9421 9432 3.241605 0.060622
9423 9432 3.241605 0.060622
9434 9439 3.263434 0.054544
9436 9439 3.241605 0.060622
9435 9440 3.648630 0.042866
9435 9442 3.648630 0.042866
9434 9443 3.263434 0.054544
9436 9443 3.241605 0.060622
9443 9450 3.648630 0.042866
9435 9444 3.012474 0.028062
9446 9450 3.012474 0.028062
9435 9447 3.012474 0.028062
9440 9449 3.263434 0.054544
9442 9449 3.263434 0.054544
9439 9450 3.648630 0.042866
9445 9450 3.012474 0.028062
9440 9451 3.241605 0.060622
9442 9451 3.241605 0.060622
9453 9458 3.263434 0.054544
9455 9458 3.241605 0.060622
9454 9459 3.648630 0.042866
9454 9461 3.648630 0.042866
9453 9462 3.263434 0.054544
9455 9462 3.241605 0.060622
9462 9469 3.648630 0.042866
9454 9463 3.012474 0.028062
9465 9469 3.012474 0.028062
9454 9466 3.012474 0.028062
9459 9468 3.241605 0.060622
9461 9468 3.241605 0.060622
9458 9469 3.648630 0.042866
9464 9469 3.012474 0.028062
9459 9470 3.263434 0.054544
9461 9470 3.263434 0.054544
9460 9471 0.000000 0.000000
9473 9478 3.263434 0.054544
9475 9478 3.241605 0.060622
9474 9479 3.648630 0.042866
9474 9481 3.648630 0.042866
9473 9482 3.263434 0.054544
9475 9482 3.241605 0.060622
9482 9489 3.648630 0.042866
9474 9483 3.012474 0.028062
9485 9489 3.012474 0.028062
9474 9486 3.012474 0.028062
9479 9488 3.263434 0.054544
9481 9488 3.263434 0.054544
9478 9489 3.648630 0.042866
9484 9489 3.012474 0.028062
9479 9490 3.241605 0.060622
9481 9490 3.241605 0.060622
9492 9497 3.263434 0.054544
9494 9497 3.241605 0.060622
9493 9498 3.648630 0.042866
9493 9500 3.648630 0.042866
9492 9501 3.263434 0.054544
9494 9501 3.241605 0.060622
9501 9508 3.648630 0.042866
9493 9502 3.012474 0.028062
9504 9508 3.012474 0.028062
9493 9505 3.012474 0.028062
9498 9507 3.241605 0.060622
9500 9507 3.241605 0.060622
9497 9508 3.648630 0.042866
9503 9508 3.012474 0.028062
9498 9509 3.263434 0.054544
9500 9509 3.263434 0.054544
9499 9510 0.000000 0.000000
9512 9517 3.263434 0.054544
9514 9517 3.241605 0.060622
9513 9518 3.648630 0.042866
9513 9520 3.648630 0.042866
9512 9521 3.263434 0.054544
9514 9521 3.241605 0.060622
9521 9528 3.648630 0.042866
9513 9522 3.012474 0.028062
9524 9528 3.012474 0.028062
9513 9525 3.012474 0.028062
9518 9527 3.263434 0.054544
9520 9527 3.263434 0.054544
9517 9528 3.648630 0.042866
9523 9528 3.012474 0.028062
9518 9529 3.241605 0.060622
9520 9529 3.241605 0.060622
9531 9536 3.263434 0.054544
9533 9536 3.241605 0.060622
9532 9537 3.648630 0.042866
9532 9539 3.648630 0.042866
9531 9540 3.263434 0.054544
9533 9540 3.241605 0.060622
9540 9547 3.648630 0.042866
9532 9541 3.012474 0.028062
9543 9547 3.012474 0.028062
9532 9544 3.012474 0.028062
9537 9546 3.263434 0.054544
9539 9546 3.263434 0.054544
9536 9547 3.648630 0.042866
9542 9547 3.012474 0.028062
9537 9548 3.241605 0.060622
9539 9548 3.241605 0.060622
9550 9555 3.263434 0.054544
9552 9555 3.241605 0.060622
9551 9556 3.648630 0.042866
9551 9558 3.648630 0.042866
9550 9559 3.263434 0.054544
9552 9559 3.241605 0.060622
9559 9566 3.648630 0.042866
9551 9560 3.012474 0.028062
9562 9566 3.012474 0.028062
9551 9563 3.012474 0.028062
9556 9565 3.263434 0.054544
9558 9565 3.263434 0.054544
9555 9566 3.648630 0.042866
9561 9566 3.012474 0.028062
9556 9567 3.241605 0.060622
9558 9567 3.241605 0.060622
9572 9574 0.000000 0.000000
9569 9575 3.263434 0.054544
9571 9575 3.241605 0.060622
9570 9576 3.648630 0.042866
9570 9578 3.648630 0.042866
9569 9579 3.263434 0.054544
9571 9579 3.241605 0.060622
9579 9586 3.648630 0.042866
9570 9580 3.012474 0.028062
9582 9586 3.012474 0.028062
9570 9583 3.012474 0.028062
9576 9585 3.263434 0.054544
9578 9585 3.263434 0.054544
9575 9586 3.648630 0.042866
9581 9586 3.012474 0.028062
9576 9587 3.241605 0.060622
9578 9587 3.241605 0.060622
9589 9594 3.263434 0.054544
9591 9594 3.241605 0.060622
9590 9595 3.648630 0.042866
9590 9597 3.648630 0.042866
9589 9598 3.263434 0.054544
9591 9598 3.241605 0.060622
9598 9605 3.648630 0.042866
9590 9599 3.012474 0.028062
9601 9605 3.012474 0.028062
9590 9602 3.012474 0.028062
9595 9604 3.263434 0.054544
9597 9604 3.263434 0.054544
9594 9605 3.648630 0.042866
9600 9605 3.012474 0.028062
9595 9606 3.241605 0.060622
9597 9606 3.241605 0.060622
9608 9613 3.263434 0.054544
9610 9613 3.241605 0.060622
9609 9614 3.648630 0.042866
9609 9616 3.648630 0.042866
9608 9617 3.263434 0.054544
9610 9617 3.241605 0.060622
9617 9624 3.648630 0.042866
9609 9618 3.012474 0.028062
9620 9624 3.012474 0.028062
9609 9621 3.012474 0.028062
9614 9623 3.263434 0.054544
9616 9623 3.263434 0.054544
9613 9624 3.648630 0.042866
9619 9624 3.012474 0.028062
9614 9625 3.241605 0.060622
9616 9625 3.241605 0.060622
9627 9632 3.263434 0.054544
9629 9632 3.241605 0.060622
9628 9633 3.648630 0.042866
9628 9635 3.648630 0.042866
9627 9636 3.263434 0.054544
9629 9636 3.241605 0.060622
9636 9643 3.648630 0.042866
9628 9637 3.012474 0.028062
9639 9643 3.012474 0.028062
9628 9640 3.012474 0.028062
9633 9642 3.263434 0.054544
9635 9642 3.263434 0.054544
9632 9643 3.648630 0.042866
9638 9643 3.012474 0.028062
9633 9644 3.241605 0.060622
9635 9644 3.241605 0.060622
9646 9651 3.263434 0.054544
9648 9651 3.241605 0.060622
9647 9652 3.648630 0.042866
9647 9654 3.648630 0.042866
9646 9655 3.263434 0.054544
9648 9655 3.241605 0.060622
9655 9662 3.648630 0.042866
9647 9656 3.012474 0.028062
9658 9662 3.012474 0.028062
9647 9659 3.012474 0.028062
9652 9661 3.263434 0.054544
9654 9661 3.263434 0.054544
9651 9662 3.648630 0.042866
9657 9662 3.012474 0.028062
9652 9663 3.241605 0.060622
9654 9663 3.241605 0.060622
9665 9670 3.263434 0.054544
9667 9670 3.241605 0.060622
9666 9671 3.648630 0.042866
9666 9673 3.648630 0.042866
9665 9674 3.263434 0.054544
9667 9674 3.241605 0.060622
9674 9681 3.648630 0.042866
9666 9675 3.012474 0.028062
9677 9681 3.012474 0.028062
9666 9678 3.012474 0.028062
9671 9680 3.263434 0.054544
9673 9680 3.263434 0.054544
9670 9681 3.648630 0.042866
9676 9681 3.012474 0.028062
9671 9682 3.241605 0.060622
9673 9682 3.241605 0.060622
9687 9689 0.000000 0.000000
9684 9690 3.263434 0.054544
9686 9690 3.241605 0.060622
9685 9691 3.648630 0.042866
9685 9693 3.648630 0.042866
9684 9694 3.263434 0.054544
9686 9694 3.241605 0.060622
9694 9701 3.648630 0.042866
9685 9695 3.012474 0.028062
9697 9701 3.012474 0.028062
9685 9698 3.012474 0.028062
9691 9700 3.263434 0.054544
9693 9700 3.263434 0.054544
9690 9701 3.648630 0.042866
9696 9701 3.012474 0.028062
9691 9702 3.241605 0.060622
9693 9702 3.241605 0.060622
9704 9709 3.263434 0.054544
9706 9709 3.241605 0.060622
9705 9710 3.648630 0.042866
9705 9712 3.648630 0.042866
9704 9713 3.263434 0.054544
9706 9713 3.241605 0.060622
9713 9720 3.648630 0.042866
9705 9714 3.012474 0.028062
9716 9720 3.012474 0.028062
9705 9717 3.012474 0.028062
9710 9719 3.263434 0.054544
9712 9719 3.263434 0.054544
9709 9720 3.648630 0.042866
9715 9720 3.012474 0.028062
9710 9721 3.241605 0.060622
9712 9721 3.241605 0.060622
9723 9728 3.263434 0.054544
9725 9728 3.241605 0.060622
9724 9729 3.648630 0.042866
9724 9731 3.648630 0.042866
9723 9732 3.263434 0.054544
9725 9732 3.241605 0.060622
9732 9739 3.648630 0.042866
9724 9733 3.012474 0.028062
9735 9739 3.012474 0.028062
9724 9736 3.012474 0.028062
9729 9738 3.241605 0.060622
9731 9738 3.241605 0.060622
9728 9739 3.648630 0.042866
9734 9739 3.012474 0.028062
9729 9740 3.263434 0.054544
9731 9740 3.263434 0.054544
9730 9741 0.000000 0.000000
9743 9748 3.263434 0.054544
9745 9748 3.241605 0.060622
9744 9749 3.648630 0.042866
9744 9751 3.648630 0.042866
9743 9752 3.263434 0.054544
9745 9752 3.241605 0.060622
9752 9759 3.648630 0.042866
9744 9753 3.012474 0.028062
9755 9759 3.012474 0.028062
9744 9756 3.012474 0.028062
9749 9758 3.263434 0.054544
9751 9758 3.263434 0.054544
9748 9759 3.648630 0.042866
9754 9759 3.012474 0.028062
9749 9760 3.241605 0.060622
9751 9760 3.241605 0.060622
9762 9767 3.263434 0.054544
9764 9767 3.241605 0.060622
9763 9768 3.648630 0.042866
9763 9770 3.648630 0.042866
9762 9771 3.263434 0.054544
9764 9771 3.241605 0.060622
9771 9778 3.648630 0.042866
9763 9772 3.012474 0.028062
9774 9778 3.012474 0.028062
9763 9775 3.012474 0.028062
9768 9777 3.241605 0.060622
9770 9777 3.241605 0.060622
9767 9778 3.648630 0.042866
9773 9778 3.012474 0.028062
9768 9779 3.263434 0.054544
9770 9779 3.263434 0.054544
9769 9780 0.000000 0.000000
9785 9787 0.000000 0.000000
9782 9788 3.263434 0.054544
9784 9788 3.241605 0.060622
9783 9789 3.648630 0.042866
9783 9791 3.648630 0.042866
9782 9792 3.263434 0.054544
9784 9792 3.241605 0.060622
9792 9799 3.648630 0.042866
9783 9793 3.012474 0.028062
9795 9799 3.012474 0.028062
9783 9796 3.012474 0.028062
9789 9798 3.241605 0.060622
9791 9798 3.241605 0.060622
9788 9799 3.648630 0.042866
9794 9799 3.012474 0.028062
9789 9800 3.263434 0.054544
9791 9800 3.263434 0.054544
9790 9801 0.000000 0.000000
9803 9808 3.263434 0.054544
9805 9808 3.241605 0.060622
9804 9809 3.648630 0.042866
9804 9811 3.648630 0.042866
9803 9812 3.263434 0.054544
9805 9812 3.241605 0.060622
9812 9819 3.648630 0.042866
9804 9813 3.012474 0.028062
9815 9819 3.012474 0.028062
9804 9816 3.012474 0.028062
9809 9818 3.263434 0.054544
9811 9818 3.263434 0.054544
9808 9819 3.648630 0.042866
9814 9819 3.012474 0.028062
9809 9820 3.241605 0.060622
9811 9820 3.241605 0.060622
9822 9827 3.263434 0.054544
9824 9827 3.241605 0.060622
9823 9828 3.648630 0.042866
9823 9830 3.648630 0.042866
9822 9831 3.263434 0.054544
9824 9831 3.241605 0.060622
9831 9838 3.648630 0.042866
9823 9832 3.012474 0.028062
9834 9838 3.012474 0.028062
9823 9835 3.012474 0.028062
9828 9837 3.263434 0.054544
9830 9837 3.263434 0.054544
9827 9838 3.648630 0.042866
9833 9838 3.012474 0.028062
9828 9839 3.241605 0.060622
9830 9839 3.241605 0.060622
9841 9846 3.263434 0.054544
9843 9846 3.241605 0.060622
9842 9847 3.648630 0.042866
9842 9849 3.648630 0.042866
9841 9850 3.263434 0.054544
9843 9850 3.241605 0.060622
9850 9857 3.648630 0.042866
9842 9851 3.012474 0.028062
9853 9857 3.012474 0.028062
9842 9854 3.012474 0.028062
9847 9856 3.263434 0.054544
9849 9856 3.263434 0.054544
9846 9857 3.648630 0.042866
9852 9857 3.012474 0.028062
9847 9858 3.241605 0.060622
9849 9858 3.241605 0.060622
9860 9865 3.263434 0.054544
9862 9865 3.241605 0.060622
9861 9866 3.648630 0.042866
9861 9868 3.648630 0.042866
9860 9869 3.263434 0.054544
9862 9869 3.241605 0.060622
9869 9876 3.648630 0.042866
9861 9870 3.012474 0.028062
9872 9876 3.012474 0.028062
9861 9873 3.012474 0.028062
9866 9875 3.263434 0.054544
9868 9875 3.263434 0.054544
9865 9876 3.648630 0.042866
9871 9876 3.012474 0.028062
9866 9877 3.241605 0.060622
9868 9877 3.241605 0.060622
9879 9884 3.263434 0.054544
9881 9884 3.241605 0.060622
9880 9885 3.648630 0.042866
9880 9887 3.648630 0.042866
9879 9888 3.263434 0.054544
9881 9888 3.241605 0.060622
9888 9895 3.648630 0.042866
9880 9889 3.012474 0.028062
9891 9895 3.012474 0.028062
9880 9892 3.012474 0.028062
9885 9894 3.263434 0.054544
9887 9894 3.263434 0.054544
9884 9895 3.648630 0.042866
9890 9895 3.012474 0.028062
9885 9896 3.241605 0.060622
9887 9896 3.241605 0.060622
9898 9903 3.263434 0.054544
9900 9903 3.241605 0.060622
9899 9904 3.648630 0.042866
9899 9906 3.648630 0.042866
9898 9907 3.263434 0.054544
9900 9907 3.241605 0.060622
9907 9914 3.648630 0.042866
9899 9908 3.012474 0.028062
9910 9914 3.012474 0.028062
9899 9911 3.012474 0.028062
9904 9913 3.263434 0.054544
9906 9913 3.263434 0.054544
9903 9914 3.648630 0.042866
9909 9914 3.012474 0.028062
9904 9915 3.241605 0.060622
9906 9915 3.241605 0.060622
9917 9922 3.263434 0.054544
9919 9922 3.241605 0.060622
9918 9923 3.648630 0.042866
9918 9925 3.648630 0.042866
9917 9926 3.263434 0.054544
9919 9926 3.241605 0.060622
9926 9933 3.648630 0.042866
9918 9927 3.012474 0.028062
9929 9933 3.012474 0.028062
9918 9930 3.012474 0.028062
9923 9932 3.263434 0.054544
9925 9932 3.263434 0.054544
9922 9933 3.648630 0.042866
9928 9933 3.012474 0.028062
9923 9934 3.241605 0.060622
9925 9934 3.241605 0.060622
9936 9941 3.263434 0.054544
9938 9941 3.241605 0.060622
9937 9942 3.648630 0.042866
9937 9944 3.648630 0.042866
9936 9945 3.263434 0.054544
9938 9945 3.241605 0.060622
9945 9952 3.648630 0.042866
9937 9946 3.012474 0.028062
9948 9952 3.012474 0.028062
9937 9949 3.012474 0.028062
9942 9951 3.263434 0.054544
9944 9951 3.263434 0.054544
9941 9952 3.648630 0.042866
9947 9952 3.012474 0.028062
9942 9953 3.241605 0.060622
9944 9953 3.241605 0.060622
9955 9960 3.263434 0.054544
9957 9960 3.241605 0.060622
9956 9961 3.648630 0.042866
9956 9963 3.648630 0.042866
9955 9964 3.263434 0.054544
9957 9964 3.241605 0.060622
9964 9971 3.648630 0.042866
9956 9965 3.012474 0.028062
9967 9971 3.012474 0.028062
9956 9968 3.012474 0.028062
9961 9970 3.241605 0.060622
9963 9970 3.241605 0.060622
9960 9971 3.648630 0.042866
9966 9971 3.012474 0.028062
9961 9972 3.263434 0.054544
9963 9972 3.263434 0.054544
9962 9973 0.000000 0.000000
9975 9980 3.263434 0.054544
9977 9980 3.241605 0.060622
9976 9981 3.648630 0.042866
9976 9983 3.648630 0.042866
9975 9984 3.263434 0.054544
9977 9984 3.241605 0.060622
9984 9991 3.648630 0.042866
9976 9985 3.012474 0.028062
9987 9991 3.012474 0.028062
9976 9988 3.012474 0.028062
9981 9990 3.263434 0.054544
9983 9990 3.263434 0.054544
9980 9991 3.648630 0.042866
9986 9991 3.012474 0.028062
9981 9992 3.241605 0.060622
9983 9992 3.241605 0.060622
9994 9999 3.263434 0.054544
9996 9999 3.241605 0.060622
9995 10000 3.648630 0.042866
9995 10002 3.648630 0.042866
9994 10003 3.263434 0.054544
9996 10003 3.241605 0.060622
10003 10010 3.648630 0.042866
9995 10004 3.012474 0.028062
10006 10010 3.012474 0.028062
9995 10007 3.012474 0.028062
10000 10009 3.263434 0.054544
10002 10009 3.263434 0.054544
9999 10010 3.648630 0.042866
10005 10010 3.012474 0.028062
10000 10011 3.241605 0.060622
10002 10011 3.241605 0.060622
10013 10018 3.263434 0.054544
10015 10018 3.241605 0.060622
10014 10019 3.648630 0.042866
10014 10021 3.648630 0.042866
10013 10022 3.263434 0.054544
10015 10022 3.241605 0.060622
10022 10029 3.648630 0.042866
10014 10023 3.012474 0.028062
10025 10029 3.012474 0.028062
10014 10026 3.012474 0.028062
10019 10028 3.263434 0.054544
10021 10028 3.263434 0.054544
10018 10029 3.648630 0.042866
10024 10029 3.012474 0.028062
10019 10030 3.241605 0.060622
10021 10030 3.241605 0.060622
10035 10037 0.000000 0.000000
10032 10038 3.263434 0.054544
10034 10038 3.241605 0.060622
10033 10039 3.648630 0.042866
10033 10041 3.648630 0.042866
10032 10042 3.263434 0.054544
10034 10042 3.241605 0.060622
10042 10049 3.648630 0.042866
10033 10043 3.012474 0.028062
10045 10049 3.012474 0.028062
10033 10046 3.012474 0.028062
10039 10048 3.263434 0.054544
10041 10048 3.263434 0.054544
10038 10049 3.648630 0.042866
10044 10049 3.012474 0.028062
10039 10050 3.241605 0.060622
10041 10050 3.241605 0.060622
10052 10057 3.263434 0.054544
10054 10057 3.241605 0.060622
10053 10058 3.648630 0.042866
10053 10060 3.648630 0.042866
10052 10061 3.263434 0.054544
10054 10061 3.241605 0.060622
10061 10068 3.648630 0.042866
10053 10062 3.012474 0.028062
10064 10068 3.012474 0.028062
10053 10065 3.012474 0.028062
10058 10067 3.263434 0.054544
10060 10067 3.263434 0.054544
10057 10068 3.648630 0.042866
10063 10068 3.012474 0.028062
10058 10069 3.241605 0.060622
10060 10069 3.241605 0.060622
10071 10076 3.263434 0.054544
10073 10076 3.241605 0.060622
10072 10077 3.648630 0.042866
10072 10079 3.648630 0.042866
10071 10080 3.263434 0.054544
10073 10080 3.241605 0.060622
10080 10087 3.648630 0.042866
10072 10081 3.012474 0.028062
10083 10087 3.012474 0.028062
10072 10084 3.012474 0.028062
10077 10086 3.241605 0.060622
10079 10086 3.241605 0.060622
10076 10087 3.648630 0.042866
10082 10087 3.012474 0.028062
10077 10088 3.263434 0.054544
10079 10088 3.263434 0.054544
10078 10089 0.000000 0.000000
10091 10096 3.263434 0.054544
10093 10096 3.241605 0.060622
10092 10097 3.648630 0.042866
10092 10099 3.648630 0.042866
10091 10100 3.263434 0.054544
10093 10100 3.241605 0.060622
10100 10107 3.648630 0.042866
10092 10101 3.012474 0.028062
10103 10107 3.012474 0.028062
10092 10104 3.012474 0.028062
10097 10106 3.263434 0.054544
10099 10106 3.263434 0.054544
10096 10107 3.648630 0.042866
10102 10107 3.012474 0.028062
10097 10108 3.241605 0.060622
10099 10108 3.241605 0.060622
10110 10115 3.263434 0.054544
10112 10115 3.241605 0.060622
10111 10116 3.648630 0.042866
10111 10118 3.648630 0.042866
10110 10119 3.263434 0.054544
10112 10119 3.241605 0.060622
10119 10126 3.648630 0.042866
10111 10120 3.012474 0.028062
10122 10126 3.012474 0.028062
10111 10123 3.012474 0.028062
10116 10125 3.263434 0.054544
10118 10125 3.263434 0.054544
10115 10126 3.648630 0.042866
10121 10126 3.012474 0.028062
10116 10127 3.241605 0.060622
10118 10127 3.241605 0.060622
10129 10134 3.263434 0.054544
10131 10134 3.241605 0.060622
10130 10135 3.648630 0.042866
10130 10137 3.648630 0.042866
10129 10138 3.263434 0.054544
10131 10138 3.241605 0.060622
10138 10145 3.648630 0.042866
10130 10139 3.012474 0.028062
10141 10145 3.012474 0.028062
10130 10142 3.012474 0.028062
10135 10144 3.263434 0.054544
10137 10144 3.263434 0.054544
10134 10145 3.648630 0.042866
10140 10145 3.012474 0.028062
10135 10146 3.241605 0.060622
10137 10146 3.241605 0.060622
10148 10153 3.263434 0.054544
10150 10153 3.241605 0.060622
10149 10154 3.648630 0.042866
10149 10156 3.648630 0.042866
10148 10157 3.263434 0.054544
10150 10157 3.241605 0.060622
10157 10164 3.648630 0.042866
10149 10158 3.012474 0.028062
10160 10164 3.012474 0.028062
10149 10161 3.012474 0.028062
10154 10163 3.263434 0.054544
10156 10163 3.263434 0.054544
10153 10164 3.648630 0.042866
10159 10164 3.012474 0.028062
10154 10165 3.241605 0.060622
10156 10165 3.241605 0.060622
10167 10172 3.263434 0.054544
10169 10172 3.241605 0.060622
10168 10173 3.648630 0.042866
10168 10175 3.648630 0.042866
10167 10176 3.263434 0.054544
10169 10176 3.241605 0.060622
10176 10183 3.648630 0.042866
10168 10177 3.012474 0.028062
10179 10183 3.012474 0.028062
10168 10180 3.012474 0.028062
10173 10182 3.263434 0.054544
10175 10182 3.263434 0.054544
10172 10183 3.648630 0.042866
10178 10183 3.012474 0.028062
10173 10184 3.241605 0.060622
10175 10184 3.241605 0.060622
10186 10191 3.263434 0.054544
10188 10191 3.241605 0.060622
10187 10192 3.648630 0.042866
10187 10194 3.648630 0.042866
10186 10195 3.263434 0.054544
10188 10195 3.241605 0.060622
10195 10202 3.648630 0.042866
10187 10196 3.012474 0.028062
10198 10202 3.012474 0.028062
10187 10199 3.012474 0.028062
10192 10201 3.263434 0.054544
10194 10201 3.263434 0.054544
10191 10202 3.648630 0.042866
10197 10202 3.012474 0.028062
10192 10203 3.241605 0.060622
10194 10203 3.241605 0.060622
10208 10210 0.000000 0.000000
10205 10211 3.263434 0.054544
10207 10211 3.241605 0.060622
10206 10212 3.648630 0.042866
10206 10214 3.648630 0.042866
10205 10215 3.263434 0.054544
10207 10215 3.241605 0.060622
10215 10222 3.648630 0.042866
10206 10216 3.012474 0.028062
10218 10222 3.012474 0.028062
10206 10219 3.012474 0.028062
10212 10221 3.241605 0.060622
10214 10221 3.241605 0.060622
10211 10222 3.648630 0.042866
10217 10222 3.012474 0.028062
10212 10223 3.263434 0.054544
10214 10223 3.263434 0.054544
10213 10224 0.000000 0.000000
10229 10231 0.000000 0.000000
10226 10232 3.263434 0.054544
10228 10232 3.241605 0.060622
10227 10233 3.648630 0.042866
10227 10235 3.648630 0.042866
10226 10236 3.263434 0.054544
10228 10236 3.241605 0.060622
10236 10243 3.648630 0.042866
10227 10237 3.012474 0.028062
10239 10243 3.012474 0.028062
10227 10240 3.012474 0.028062
10233 10242 3.241605 0.060622
10235 10242 3.241605 0.060622
10232 10243 3.648630 0.042866
10238 10243 3.012474 0.028062
10233 10244 3.263434 0.054544
10235 10244 3.263434 0.054544
10234 10245 0.000000 0.000000
10247 10252 3.263434 0.054544
10249 10252 3.241605 0.060622
10248 10253 3.648630 0.042866
10248 10255 3.648630 0.042866
10247 10256 3.263434 0.054544
10249 10256 3.241605 0.060622
10256 10263 3.648630 0.042866
10248 10257 3.012474 0.028062
10259 10263 3.012474 0.028062
10248 10260 3.012474 0.028062
10253 10262 3.241605 0.060622
10255 10262 3.241605 0.060622
10252 10263 3.648630 0.042866
10258 10263 3.012474 0.028062
10253 10264 3.263434 0.054544
10255 10264 3.263434 0.054544
10254 10265 0.000000 0.000000
10267 10272 3.263434 0.054544
10269 10272 3.241605 0.060622
10268 10273 3.648630 0.042866
10268 10275 3.648630 0.042866
10267 10276 3.263434 0.054544
10269 10276 3.241605 0.060622
10276 10283 3.648630 0.042866
10268 10277 3.012474 0.028062
10279 10283 3.012474 0.028062
10268 10280 3.012474 0.028062
10273 10282 3.263434 0.054544
10275 10282 3.263434 0.054544
10272 10283 3.648630 0.042866
10278 10283 3.012474 0.028062
10273 10284 3.241605 0.060622
10275 10284 3.241605 0.060622
10289 10291 0.000000 0.000000
10286 10292 3.263434 0.054544
10288 10292 3.241605 0.060622
10287 10293 3.648630 0.042866
10287 10295 3.648630 0.042866
10286 10296 3.263434 0.054544
10288 10296 3.241605 0.060622
10296 10303 3.648630 0.042866
10287 10297 3.012474 0.028062
10299 10303 3.012474 0.028062
10287 10300 3.012474 0.028062
10293 10302 3.263434 0.054544
10295 10302 3.263434 0.054544
10292 10303 3.648630 0.042866
10298 10303 3.012474 0.028062
10293 10304 3.241605 0.060622
10295 10304 3.241605 0.060622
10306 10311 3.263434 0.054544
10308 10311 3.241605 0.060622
10307 10312 3.648630 0.042866
10307 10314 3.648630 0.042866
10306 10315 3.263434 0.054544
10308 10315 3.241605 0.060622
10315 10322 3.648630 0.042866
10307 10316 3.012474 0.028062
10318 10322 3.012474 0.028062
10307 10319 3.012474 0.028062
10312 10321 3.263434 0.054544
10314 10321 3.263434 0.054544
10311 10322 3.648630 0.042866
10317 10322 3.012474 0.028062
10312 10323 3.241605 0.060622
10314 10323 3.241605 0.060622
10325 10330 3.263434 0.054544
10327 10330 3.241605 0.060622
10326 10331 3.648630 0.042866
10326 10333 3.648630 0.042866
10325 10334 3.263434 0.054544
10327 10334 3.241605 0.060622
10334 10341 3.648630 0.042866
10326 10335 3.012474 0.028062
10337 10341 3.012474 0.028062
10326 10338 3.012474 0.028062
10331 10340 3.263434 0.054544
10333 10340 3.263434 0.054544
10330 10341 3.648630 0.042866
10336 10341 3.012474 0.028062
10331 10342 3.241605 0.060622
10333 10342 3.241605 0.060622
10344 10349 3.263434 0.054544
10346 10349 3.241605 0.060622
10345 10350 3.648630 0.042866
10345 10352 3.648630 0.042866
10344 10353 3.263434 0.054544
10346 10353 3.241605 0.060622
10353 10360 3.648630 0.042866
10345 10354 3.012474 0.028062
10356 10360 3.012474 0.028062
10345 10357 3.012474 0.028062
10350 10359 3.263434 0.054544
10352 10359 3.263434 0.054544
10349 10360 3.648630 0.042866
10355 10360 3.012474 0.028062
10350 10361 3.241605 0.060622
10352 10361 3.241605 0.060622
10363 10368 3.263434 0.054544
10365 10368 3.241605 0.060622
10364 10369 3.648630 0.042866
10364 10371 3.648630 0.042866
10363 10372 3.263434 0.054544
10365 10372 3.241605 0.060622
10372 10379 3.648630 0.042866
10364 10373 3.012474 0.028062
10375 10379 3.012474 0.028062
10364 10376 3.012474 0.028062
10369 10378 3.263434 0.054544
10371 10378 3.263434 0.054544
10368 10379 3.648630 0.042866
10374 10379 3.012474 0.028062
10369 10380 3.241605 0.060622
10371 10380 3.241605 0.060622
10382 10387 3.263434 0.054544
10384 10387 3.241605 0.060622
10383 10388 3.648630 0.042866
10383 10390 3.648630 0.042866
10382 10391 3.263434 0.054544
10384 10391 3.241605 0.060622
10391 10398 3.648630 0.042866
10383 10392 3.012474 0.028062
10394 10398 3.012474 0.028062
10383 10395 3.012474 0.028062
10388 10397 3.263434 0.054544
10390 10397 3.263434 0.054544
10387 10398 3.648630 0.042866
10393 10398 3.012474 0.028062
10388 10399 3.241605 0.060622
10390 10399 3.241605 0.060622
10401 10406 3.263434 0.054544
10403 10406 3.241605 0.060622
10402 10407 3.648630 0.042866
10402 10409 3.648630 0.042866
10401 10410 3.263434 0.054544
10403 10410 3.241605 0.060622
10410 10417 3.648630 0.042866
10402 10411 3.012474 0.028062
10413 10417 3.012474 0.028062
10402 10414 3.012474 0.028062
10407 10416 3.263434 0.054544
10409 10416 3.263434 0.054544
10406 10417 3.648630 0.042866
10412 10417 3.012474 0.028062
10407 10418 3.241605 0.060622
10409 10418 3.241605 0.060622
10420 10425 3.263434 0.054544
10422 10425 3.241605 0.060622
10421 10426 3.648630 0.042866
10421 10428 3.648630 0.042866
10420 10429 3.263434 0.054544
10422 10429 3.241605 0.060622
10429 10436 3.648630 0.042866
10421 10430 3.012474 0.028062
10432 10436 3.012474 0.028062
10421 10433 3.012474 0.028062
10426 10435 3.263434 0.054544
10428 10435 3.263434 0.054544
10425 10436 3.648630 0.042866
10431 10436 3.012474 0.028062
10426 10437 3.241605 0.060622
10428 10437 3.241605 0.060622
10439 10444 3.263434 0.054544
10441 10444 3.241605 0.060622
10440 10445 3.648630 0.042866
10440 10447 3.648630 0.042866
10439 10448 3.263434 0.054544
10441 10448 3.241605 0.060622
10448 10455 3.648630 0.042866
10440 10449 3.012474 0.028062
10451 10455 3.012474 0.028062
10440 10452 3.012474 0.028062
10445 10454 3.263434 0.054544
10447 10454 3.263434 0.054544
10444 10455 3.648630 0.042866
10450 10455 3.012474 0.028062
10445 10456 3.241605 0.060622
10447 10456 3.241605 0.060622
10458 10463 3.263434 0.054544
10460 10463 3.241605 0.060622
10459 10464 3.648630 0.042866
10459 10466 3.648630 0.042866
10458 10467 3.263434 0.054544
10460 10467 3.241605 0.060622
10467 10474 3.648630 0.042866
10459 10468 3.012474 0.028062
10470 10474 3.012474 0.028062
10459 10471 3.012474 0.028062
10464 10473 3.263434 0.054544
10466 10473 3.263434 0.054544
10463 10474 3.648630 0.042866
10469 10474 3.012474 0.028062
10464 10475 3.241605 0.060622
10466 10475 3.241605 0.060622
10477 10482 3.263434 0.054544
10479 10482 3.241605 0.060622
10478 10483 3.648630 0.042866
10478 10485 3.648630 0.042866
10477 10486 3.263434 0.054544
10479 10486 3.241605 0.060622
10486 10493 3.648630 0.042866
10478 10487 3.012474 0.028062
10489 10493 3.012474 0.028062
10478 10490 3.012474 0.028062
10483 10492 3.263434 0.054544
10485 10492 3.263434 0.054544
10482 10493 3.648630 0.042866
10488 10493 3.012474 0.028062
10483 10494 3.241605 0.060622
10485 10494 3.241605 0.060622
10496 10501 3.263434 0.054544
10498 10501 3.241605 0.060622
10497 10502 3.648630 0.042866
10497 10504 3.648630 0.042866
10496 10505 3.263434 0.054544
10498 10505 3.241605 0.060622
10505 10512 3.648630 0.042866
10497 10506 3.012474 0.028062
10508 10512 3.012474 0.028062
10497 10509 3.012474 0.028062
10502 10511 3.263434 0.054544
10504 10511 3.263434 0.054544
10501 10512 3.648630 0.042866
10507 10512 3.012474 0.028062
10502 10513 3.241605 0.060622
10504 10513 3.241605 0.060622
10515 10520 3.263434 0.054544
10517 10520 3.241605 0.060622
10516 10521 3.648630 0.042866
10516 10523 3.648630 0.042866
10515 10524 3.263434 0.054544
10517 10524 3.241605 0.060622
10524 10531 3.648630 0.042866
10516 10525 3.012474 0.028062
10527 10531 3.012474 0.028062
10516 10528 3.012474 0.028062
10521 10530 3.263434 0.054544
10523 10530 3.263434 0.054544
10520 10531 3.648630 0.042866
10526 10531 3.012474 0.028062
10521 10532 3.241605 0.060622
10523 10532 3.241605 0.060622
10534 10539 3.263434 0.054544
10536 10539 3.241605 0.060622
10535 10540 3.648630 0.042866
10535 10542 3.648630 0.042866
10534 10543 3.263434 0.054544
10536 10543 3.241605 0.060622
10543 10550 3.648630 0.042866
10535 10544 3.012474 0.028062
10546 10550 3.012474 0.028062
10535 10547 3.012474 0.028062
10540 10549 3.263434 0.054544
10542 10549 3.263434 0.054544
10539 10550 3.648630 0.042866
10545 10550 3.012474 0.028062
10540 10551 3.241605 0.060622
10542 10551 3.241605 0.060622
10553 10558 3.263434 0.054544
10555 10558 3.241605 0.060622
10554 10559 3.648630 0.042866
10554 10561 3.648630 0.042866
10553 10562 3.263434 0.054544
10555 10562 3.241605 0.060622
10562 10569 3.648630 0.042866
10554 10563 3.012474 0.028062
10565 10569 3.012474 0.028062
10554 10566 3.012474 0.028062
10559 10568 3.263434 0.054544
10561 10568 3.263434 0.054544
10558 10569 3.648630 0.042866
10564 10569 3.012474 0.028062
10559 10570 3.241605 0.060622
10561 10570 3.241605 0.060622
10575 10577 0.000000 0.000000
10572 10578 3.263434 0.054544
10574 10578 3.241605 0.060622
10573 10579 3.648630 0.042866
10573 10581 3.648630 0.042866
10572 10582 3.263434 0.054544
10574 10582 3.241605 0.060622
10582 10589 3.648630 0.042866
10573 10583 3.012474 0.028062
10585 10589 3.012474 0.028062
10573 10586 3.012474 0.028062
10579 10588 3.241605 0.060622
10581 10588 3.241605 0.060622
10578 10589 3.648630 0.042866
10584 10589 3.012474 0.028062
10579 10590 3.263434 0.054544
10581 10590 3.263434 0.054544
10580 10591 0.000000 0.000000
10593 10598 3.263434 0.054544
10595 10598 3.241605 0.060622
10594 10599 3.648630 0.042866
10594 10601 3.648630 0.042866
10593 10602 3.263434 0.054544
10595 10602 3.241605 0.060622
10602 10609 3.648630 0.042866
10594 10603 3.012474 0.028062
10605 10609 3.012474 0.028062
10594 10606 3.012474 0.028062
10599 10608 3.263434 0.054544
10601 10608 3.263434 0.054544
10598 10609 3.648630 0.042866
10604 10609 3.012474 0.028062
10599 10610 3.241605 0.060622
10601 10610 3.241605 0.060622
10615 10617 0.000000 0.000000
10612 10618 3.263434 0.054544
10614 10618 3.241605 0.060622
10613 10619 3.648630 0.042866
10613 10621 3.648630 0.042866
10612 10622 3.263434 0.054544
10614 10622 3.241605 0.060622
10622 10629 3.648630 0.042866
10613 10623 3.012474 0.028062
10625 10629 3.012474 0.028062
10613 10626 3.012474 0.028062
10619 10628 3.263434 0.054544
10621 10628 3.263434 0.054544
10618 10629 3.648630 0.042866
10624 10629 3.012474 0.028062
10619 10630 3.241605 0.060622
10621 10630 3.241605 0.060622
10632 10637 3.263434 0.054544
10634 10637 3.241605 0.060622
10633 10638 3.648630 0.042866
10633 10640 3.648630 0.042866
10632 10641 3.263434 0.054544
10634 10641 3.241605 0.060622
10641 10648 3.648630 0.042866
10633 10642 3.012474 0.028062
10644 10648 3.012474 0.028062
10633 10645 3.012474 0.028062
10638 10647 3.263434 0.054544
10640 10647 3.263434 0.054544
10637 10648 3.648630 0.042866
10643 10648 3.012474 0.028062
10638 10649 3.241605 0.060622
10640 10649 3.241605 0.060622
10651 10656 3.263434 0.054544
10653 10656 3.241605 0.060622
10652 10657 3.648630 0.042866
10652 10659 3.648630 0.042866
10651 10660 3.263434 0.054544
10653 10660 3.241605 0.060622
10660 10667 3.648630 0.042866
10652 10661 3.012474 0.028062
10663 10667 3.012474 0.028062
10652 10664 3.012474 0.028062
10657 10666 3.263434 0.054544
10659 10666 3.263434 0.054544
10656 10667 3.648630 0.042866
10662 10667 3.012474 0.028062
10657 10668 3.241605 0.060622
10659 10668 3.241605 0.060622
10670 10675 3.263434 0.054544
10672 10675 3.241605 0.060622
10671 10676 3.648630 0.042866
10671 10678 3.648630 0.042866
10670 10679 3.263434 0.054544
10672 10679 3.241605 0.060622
10679 10686 3.648630 0.042866
10671 10680 3.012474 0.028062
10682 10686 3.012474 0.028062
10671 10683 3.012474 0.028062
10676 10685 3.263434 0.054544
10678 10685 3.263434 0.054544
10675 10686 3.648630 0.042866
10681 10686 3.012474 0.028062
10676 10687 3.241605 0.060622
10678 10687 3.241605 0.060622
10689 10694 3.263434 0.054544
10691 10694 3.241605 0.060622
10690 10695 3.648630 0.042866
10690 10697 3.648630 0.042866
10689 10698 3.263434 0.054544
10691 10698 3.241605 0.060622
10698 10705 3.648630 0.042866
10690 10699 3.012474 0.028062
10701 10705 3.012474 0.028062
10690 10702 3.012474 0.028062
10695 10704 3.263434 0.054544
10697 10704 3.263434 0.054544
10694 10705 3.648630 0.042866
10700 10705 3.012474 0.028062
10695 10706 3.241605 0.060622
10697 10706 3.241605 0.060622
10711 10713 0.000000 0.000000
10708 10714 3.263434 0.054544
10710 10714 3.241605 0.060622
10709 10715 3.648630 0.042866
10709 10717 3.648630 0.042866
10708 10718 3.263434 0.054544
10710 10718 3.241605 0.060622
10718 10725 3.648630 0.042866
10709 10719 3.012474 0.028062
10721 10725 3.012474 0.028062
10709 10722 3.012474 0.028062
10715 10724 3.263434 0.054544
10717 10724 3.263434 0.054544
10714 10725 3.648630 0.042866
10720 10725 3.012474 0.028062
10715 10726 3.241605 0.060622
10717 10726 3.241605 0.060622
10728 10733 3.263434 0.054544
10730 10733 3.241605 0.060622
10729 10734 3.648630 0.042866
10729 10736 3.648630 0.042866
10728 10737 3.263434 0.054544
10730 10737 3.241605 0.060622
10737 10744 3.648630 0.042866
10729 10738 3.012474 0.028062
10740 10744 3.012474 0.028062
10729 10741 3.012474 0.028062
10734 10743 3.263434 0.054544
10736 10743 3.263434 0.054544
10733 10744 3.648630 0.042866
10739 10744 3.012474 0.028062
10734 10745 3.241605 0.060622
10736 10745 3.241605 0.060622
10747 10752 3.263434 0.054544
10749 10752 3.241605 0.060622
10748 10753 3.648630 0.042866
10748 10755 3.648630 0.042866
10747 10756 3.263434 0.054544
10749 10756 3.241605 0.060622
10756 10763 3.648630 0.042866
10748 10757 3.012474 0.028062
10759 10763 3.012474 0.028062
10748 10760 3.012474 0.028062
10753 10762 3.263434 0.054544
10755 10762 3.263434 0.054544
10752 10763 3.648630 0.042866
10758 10763 3.012474 0.028062
10753 10764 3.241605 0.060622
10755 10764 3.241605 0.060622
10766 10771 3.263434 0.054544
10768 10771 3.241605 0.060622
10767 10772 3.648630 0.042866
10767 10774 3.648630 0.042866
10766 10775 3.263434 0.054544
10768 10775 3.241605 0.060622
10775 10782 3.648630 0.042866
10767 10776 3.012474 0.028062
10778 10782 3.012474 0.028062
10767 10779 3.012474 0.028062
10772 10781 3.263434 0.054544
10774 10781 3.263434 0.054544
10771 10782 3.648630 0.042866
10777 10782 3.012474 0.028062
10772 10783 3.241605 0.060622
10774 10783 3.241605 0.060622
10785 10790 3.263434 0.054544
10787 10790 3.241605 0.060622
10786 10791 3.648630 0.042866
10786 10793 3.648630 0.042866
10785 10794 3.263434 0.054544
10787 10794 3.241605 0.060622
10794 10801 3.648630 0.042866
10786 10795 3.012474 0.028062
10797 10801 3.012474 0.028062
10786 10798 3.012474 0.028062
10791 10800 3.241605 0.060622
10793 10800 3.241605 0.060622
10790 10801 3.648630 0.042866
10796 10801 3.012474 0.028062
10791 10802 3.263434 0.054544
10793 10802 3.263434 0.054544
10792 10803 0.000000 0.000000
10805 10810 3.263434 0.054544
10807 10810 3.241605 0.060622
10806 10811 3.648630 0.042866
10806 10813 3.648630 0.042866
10805 10814 3.263434 0.054544
10807 10814 3.241605 0.060622
10814 10821 3.648630 0.042866
10806 10815 3.012474 0.028062
10817 10821 3.012474 0.028062
10806 10818 3.012474 0.028062
10811 10820 3.263434 0.054544
10813 10820 3.263434 0.054544
10810 10821 3.648630 0.042866
10816 10821 3.012474 0.028062
10811 10822 3.241605 0.060622
10813 10822 3.241605 0.060622
10824 10829 3.263434 0.054544
10826 10829 3.241605 0.060622
10825 10830 3.648630 0.042866
10825 10832 3.648630 0.042866
10824 10833 3.263434 0.054544
10826 10833 3.241605 0.060622
10833 10840 3.648630 0.042866
10825 10834 3.012474 0.028062
10836 10840 3.012474 0.028062
10825 10837 3.012474 0.028062
10830 10839 3.263434 0.054544
10832 10839 3.263434 0.054544
10829 10840 3.648630 0.042866
10835 10840 3.012474 0.028062
10830 10841 3.241605 0.060622
10832 10841 3.241605 0.060622
10843 10848 3.263434 0.054544
10845 10848 3.241605 0.060622
10844 10849 3.648630 0.042866
10844 10851 3.648630 0.042866
10843 10852 3.263434 0.054544
10845 10852 3.241605 0.060622
10852 10859 3.648630 0.042866
10844 10853 3.012474 0.028062
10855 10859 3.012474 0.028062
10844 10856 3.012474 0.028062
10849 10858 3.241605 0.060622
10851 10858 3.241605 0.060622
10848 10859 3.648630 0.042866
10854 10859 3.012474 0.028062
10849 10860 3.263434 0.054544
10851 10860 3.263434 0.054544
10850 10861 0.000000 0.000000
10863 10868 3.263434 0.054544
10865 10868 3.241605 0.060622
10864 10869 3.648630 0.042866
10864 10871 3.648630 0.042866
10863 10872 3.263434 0.054544
10865 10872 3.241605 0.060622
10872 10879 3.648630 0.042866
10864 10873 3.012474 0.028062
10875 10879 3.012474 0.028062
10864 10876 3.012474 0.028062
10869 10878 3.263434 0.054544
10871 10878 3.263434 0.054544
10868 10879 3.648630 0.042866
10874 10879 3.012474 0.028062
10869 10880 3.241605 0.060622
10871 10880 3.241605 0.060622
10885 10887 0.000000 0.000000
10882 10888 3.263434 0.054544
10884 10888 3.241605 0.060622
10883 10889 3.648630 0.042866
10883 10891 3.648630 0.042866
10882 10892 3.263434 0.054544
10884 10892 3.241605 0.060622
10892 10899 3.648630 0.042866
10883 10893 3.012474 0.028062
10895 10899 3.012474 0.028062
10883 10896 3.012474 0.028062
10889 10898 3.263434 0.054544
10891 10898 3.263434 0.054544
10888 10899 3.648630 0.042866
10894 10899 3.012474 0.028062
10889 10900 3.241605 0.060622
10891 10900 3.241605 0.060622
10902 10907 3.263434 0.054544
10904 10907 3.241605 0.060622
10903 10908 3.648630 0.042866
10903 10910 3.648630 0.042866
10902 10911 3.263434 0.054544
10904 10911 3.241605 0.060622
10911 10918 3.648630 0.042866
10903 10912 3.012474 0.028062
10914 10918 3.012474 0.028062
10903 10915 3.012474 0.028062
10908 10917 3.263434 0.054544
10910 10917 3.263434 0.054544
10907 10918 3.648630 0.042866
10913 10918 3.012474 0.028062
10908 10919 3.241605 0.060622
10910 10919 3.241605 0.060622
10921 10926 3.263434 0.054544
10923 10926 3.241605 0.060622
10922 10927 3.648630 0.042866
10922 10929 3.648630 0.042866
10921 10930 3.263434 0.054544
10923 10930 3.241605 0.060622
10930 10937 3.648630 0.042866
10922 10931 3.012474 0.028062
10933 10937 3.012474 0.028062
10922 10934 3.012474 0.028062
10927 10936 3.263434 0.054544
10929 10936 3.263434 0.054544
10926 10937 3.648630 0.042866
10932 10937 3.012474 0.028062
10927 10938 3.241605 0.060622
10929 10938 3.241605 0.060622
10943 10945 0.000000 0.000000
10940 10946 3.263434 0.054544
10942 10946 3.241605 0.060622
10941 10947 3.648630 0.042866
10941 10949 3.648630 0.042866
10940 10950 3.263434 0.054544
10942 10950 3.241605 0.060622
10950 10957 3.648630 0.042866
10941 10951 3.012474 0.028062
10953 10957 3.012474 0.028062
10941 10954 3.012474 0.028062
10947 10956 3.263434 0.054544
10949 10956 3.263434 0.054544
10946 10957 3.648630 0.042866
10952 10957 3.012474 0.028062
10947 10958 3.241605 0.060622
10949 10958 3.241605 0.060622
10960 10965 3.263434 0.054544
10962 10965 3.241605 0.060622
10961 10966 3.648630 0.042866
10961 10968 3.648630 0.042866
10960 10969 3.263434 0.054544
10962 10969 3.241605 0.060622
10969 10976 3.648630 0.042866
10961 10970 3.012474 0.028062
10972 10976 3.012474 0.028062
10961 10973 3.012474 0.028062
10966 10975 3.263434 0.054544
10968 10975 3.263434 0.054544
10965 10976 3.648630 0.042866
10971 10976 3.012474 0.028062
10966 10977 3.241605 0.060622
10968 10977 3.241605 0.060622
10979 10984 3.263434 0.054544
10981 10984 3.241605 0.060622
10980 10985 3.648630 0.042866
10980 10987 3.648630 0.042866
10979 10988 3.263434 0.054544
10981 10988 3.241605 0.060622
10988 10995 3.648630 0.042866
10980 10989 3.012474 0.028062
10991 10995 3.012474 0.028062
10980 10992 3.012474 0.028062
10985 10994 3.241605 0.060622
10987 10994 3.241605 0.060622
10984 10995 3.648630 0.042866
10990 10995 3.012474 0.028062
10985 10996 3.263434 0.054544
10987 10996 3.263434 0.054544
10986 10997 0.000000 0.000000
11002 11004 0.000000 0.000000
10999 11005 3.263434 0.054544
11001 11005 3.241605 0.060622
11000 11006 3.648630 0.042866
11000 11008 3.648630 0.042866
10999 11009 3.263434 0.054544
11001 11009 3.241605 0.060622
11009 11016 3.648630 0.042866
11000 11010 3.012474 0.028062
11012 11016 3.012474 0.028062
11000 11013 3.012474 0.028062
11006 11015 3.263434 0.054544
11008 11015 3.263434 0.054544
11005 11016 3.648630 0.042866
11011 11016 3.012474 0.028062
11006 11017 3.241605 0.060622
11008 11017 3.241605 0.060622
11019 11024 3.263434 0.054544
11021 11024 3.241605 0.060622
11020 11025 3.648630 0.042866
11020 11027 3.648630 0.042866
11019 11028 3.263434 0.054544
11021 11028 3.241605 0.060622
11028 11035 3.648630 0.042866
11020 11029 3.012474 0.028062
11031 11035 3.012474 0.028062
11020 11032 3.012474 0.028062
11025 11034 3.263434 0.054544
11027 11034 3.263434 0.054544
11024 11035 3.648630 0.042866
11030 11035 3.012474 0.028062
11025 11036 3.241605 0.060622
11027 11036 3.241605 0.060622
11038 11043 3.263434 0.054544
11040 11043 3.241605 0.060622
11039 11044 3.648630 0.042866
11039 11046 3.648630 0.042866
11038 11047 3.263434 0.054544
11040 11047 3.241605 0.060622
11047 11054 3.648630 0.042866
11039 11048 3.012474 0.028062
11050 11054 3.012474 0.028062
11039 11051 3.012474 0.028062
11044 11053 3.263434 0.054544
11046 11053 3.263434 0.054544
11043 11054 3.648630 0.042866
11049 11054 3.012474 0.028062
11044 11055 3.241605 0.060622
11046 11055 3.241605 0.060622
11057 11062 3.263434 0.054544
11059 11062 3.241605 0.060622
11058 11063 3.648630 0.042866
11058 11065 3.648630 0.042866
11057 11066 3.263434 0.054544
11059 11066 3.241605 0.060622
11066 11073 3.648630 0.042866
11058 11067 3.012474 0.028062
11069 11073 3.012474 0.028062
11058 11070 3.012474 0.028062
11063 11072 3.263434 0.054544
11065 11072 3.263434 0.054544
11062 11073 3.648630 0.042866
11068 11073 3.012474 0.028062
11063 11074 3.241605 0.060622
11065 11074 3.241605 0.060622
11076 11081 3.263434 0.054544
11078 11081 3.241605 0.060622
11077 11082 3.648630 0.042866
11077 11084 3.648630 0.042866
11076 11085 3.263434 0.054544
11078 11085 3.241605 0.060622
11085 11092 3.648630 0.042866
11077 11086 3.012474 0.028062
11088 11092 3.012474 0.028062
11077 11089 3.012474 0.028062
11082 11091 3.263434 0.054544
11084 11091 3.263434 0.054544
11081 11092 3.648630 0.042866
11087 11092 3.012474 0.028062
11082 11093 3.241605 0.060622
11084 11093 3.241605 0.060622
11095 11100 3.263434 0.054544
11097 11100 3.241605 0.060622
11096 11101 3.648630 0.042866
11096 11103 3.648630 0.042866
11095 11104 3.263434 0.054544
11097 11104 3.241605 0.060622
11104 11111 3.648630 0.042866
11096 11105 3.012474 0.028062
11107 11111 3.012474 0.028062
11096 11108 3.012474 0.028062
11101 11110 3.263434 0.054544
11103 11110 3.263434 0.054544
11100 11111 3.648630 0.042866
11106 11111 3.012474 0.028062
11101 11112 3.241605 0.060622
11103 11112 3.241605 0.060622
11114 11119 3.263434 0.054544
11116 11119 3.241605 0.060622
11115 11120 3.648630 0.042866
11115 11122 3.648630 0.042866
11114 11123 3.263434 0.054544
11116 11123 3.241605 0.060622
11123 11130 3.648630 0.042866
11115 11124 3.012474 0.028062
11126 11130 3.012474 0.028062
11115 11127 3.012474 0.028062
11120 11129 3.263434 0.054544
11122 11129 3.263434 0.054544
11119 11130 3.648630 0.042866
11125 11130 3.012474 0.028062
11120 11131 3.241605 0.060622
11122 11131 3.241605 0.060622
11133 11138 3.263434 0.054544
11135 11138 3.241605 0.060622
11134 11139 3.648630 0.042866
11134 11141 3.648630 0.042866
11133 11142 3.263434 0.054544
11135 11142 3.241605 0.060622
11142 11149 3.648630 0.042866
11134 11143 3.012474 0.028062
11145 11149 3.012474 0.028062
11134 11146 3.012474 0.028062
11139 11148 3.263434 0.054544
11141 11148 3.263434 0.054544
11138 11149 3.648630 0.042866
11144 11149 3.012474 0.028062
11139 11150 3.241605 0.060622
11141 11150 3.241605 0.060622
11152 11157 3.263434 0.054544
11154 11157 3.241605 0.060622
11153 11158 3.648630 0.042866
11153 11160 3.648630 0.042866
11152 11161 3.263434 0.054544
11154 11161 3.241605 0.060622
11161 11168 3.648630 0.042866
11153 11162 3.012474 0.028062
11164 11168 3.012474 0.028062
11153 11165 3.012474 0.028062
11158 11167 3.263434 0.054544
11160 11167 3.263434 0.054544
11157 11168 3.648630 0.042866
11163 11168 3.012474 0.028062
11158 11169 3.241605 0.060622
11160 11169 3.241605 0.060622
11171 11176 3.263434 0.054544
11173 11176 3.241605 0.060622
11172 11177 3.648630 0.042866
11172 11179 3.648630 0.042866
11171 11180 3.263434 0.054544
11173 11180 3.241605 0.060622
11180 11187 3.648630 0.042866
11172 11181 3.012474 0.028062
11183 11187 3.012474 0.028062
11172 11184 3.012474 0.028062
11177 11186 3.241605 0.060622
11179 11186 3.241605 0.060622
11176 11187 3.648630 0.042866
11182 11187 3.012474 0.028062
11177 11188 3.263434 0.054544
11179 11188 3.263434 0.054544
11178 11189 0.000000 0.000000
11191 11196 3.263434 0.054544
11193 11196 3.241605 0.060622
11192 11197 3.648630 0.042866
11192 11199 3.648630 0.042866
11191 11200 3.263434 0.054544
11193 11200 3.241605 0.060622
11200 11207 3.648630 0.042866
11192 11201 3.012474 0.028062
11203 11207 3.012474 0.028062
11192 11204 3.012474 0.028062
11197 11206 3.263434 0.054544
11199 11206 3.263434 0.054544
11196 11207 3.648630 0.042866
11202 11207 3.012474 0.028062
11197 11208 3.241605 0.060622
11199 11208 3.241605 0.060622
11210 11215 3.263434 0.054544
11212 11215 3.241605 0.060622
11211 11216 3.648630 0.042866
11211 11218 3.648630 0.042866
11210 11219 3.263434 0.054544
11212 11219 3.241605 0.060622
11219 11226 3.648630 0.042866
11211 11220 3.012474 0.028062
11222 11226 3.012474 0.028062
11211 11223 3.012474 0.028062
11216 11225 3.241605 0.060622
11218 11225 3.241605 0.060622
11215 11226 3.648630 0.042866
11221 11226 3.012474 0.028062
11216 11227 3.263434 0.054544
11218 11227 3.263434 0.054544
11217 11228 0.000000 0.000000
11230 11235 3.263434 0.054544
11232 11235 3.241605 0.060622
11231 11236 3.648630 0.042866
11231 11238 3.648630 0.042866
11230 11239 3.263434 0.054544
11232 11239 3.241605 0.060622
11239 11246 3.648630 0.042866
11231 11240 3.012474 0.028062
11242 11246 3.012474 0.028062
11231 11243 3.012474 0.028062
11236 11245 3.263434 0.054544
11238 11245 3.263434 0.054544
11235 11246 3.648630 0.042866
11241 11246 3.012474 0.028062
11236 11247 3.241605 0.060622
11238 11247 3.241605 0.060622
11249 11254 3.263434 0.054544
11251 11254 3.241605 0.060622
11250 11255 3.648630 0.042866
11250 11257 3.648630 0.042866
11249 11258 3.263434 0.054544
11251 11258 3.241605 0.060622
11258 11265 3.648630 0.042866
11250 11259 3.012474 0.028062
11261 11265 3.012474 0.028062
11250 11262 3.012474 0.028062
11255 11264 3.263434 0.054544
11257 11264 3.263434 0.054544
11254 11265 3.648630 0.042866
11260 11265 3.012474 0.028062
11255 11266 3.241605 0.060622
11257 11266 3.241605 0.060622
11271 11273 0.000000 0.000000
11268 11274 3.263434 0.054544
11270 11274 3.241605 0.060622
11269 11275 3.648630 0.042866
11269 11277 3.648630 0.042866
11268 11278 3.263434 0.054544
11270 11278 3.241605 0.060622
11278 11285 3.648630 0.042866
11269 11279 3.012474 0.028062
11281 11285 3.012474 0.028062
11269 11282 3.012474 0.028062
11275 11284 3.263434 0.054544
11277 11284 3.263434 0.054544
11274 11285 3.648630 0.042866
11280 11285 3.012474 0.028062
11275 11286 3.241605 0.060622
11277 11286 3.241605 0.060622
11288 11293 3.263434 0.054544
11290 11293 3.241605 0.060622
11289 11294 3.648630 0.042866
11289 11296 3.648630 0.042866
11288 11297 3.263434 0.054544
11290 11297 3.241605 0.060622
11297 11304 3.648630 0.042866
11289 11298 3.012474 0.028062
11300 11304 3.012474 0.028062
11289 11301 3.012474 0.028062
11294 11303 3.263434 0.054544
11296 11303 3.263434 0.054544
11293 11304 3.648630 0.042866
11299 11304 3.012474 0.028062
11294 11305 3.241605 0.060622
11296 11305 3.241605 0.060622
11307 11312 3.263434 0.054544
11309 11312 3.241605 0.060622
11308 11313 3.648630 0.042866
11308 11315 3.648630 0.042866
11307 11316 3.263434 0.054544
11309 11316 3.241605 0.060622
11316 11323 3.648630 0.042866
11308 11317 3.012474 0.028062
11319 11323 3.012474 0.028062
11308 11320 3.012474 0.028062
11313 11322 3.263434 0.054544
11315 11322 3.263434 0.054544
11312 11323 3.648630 0.042866
11318 11323 3.012474 0.028062
11313 11324 3.241605 0.060622
11315 11324 3.241605 0.060622
11326 11331 3.263434 0.054544
11328 11331 3.241605 0.060622
11327 11332 3.648630 0.042866
11327 11334 3.648630 0.042866
11326 11335 3.263434 0.054544
11328 11335 3.241605 0.060622
11335 11342 3.648630 0.042866
11327 11336 3.012474 0.028062
11338 11342 3.012474 0.028062
11327 11339 3.012474 0.028062
11332 11341 3.241605 0.060622
11334 11341 3.241605 0.060622
11331 11342 3.648630 0.042866
11337 11342 3.012474 0.028062
11332 11343 3.263434 0.054544
11334 11343 3.263434 0.054544
11333 11344 0.000000 0.000000
11346 11351 3.263434 0.054544
11348 11351 3.241605 0.060622
11347 11352 3.648630 0.042866
11347 11354 3.648630 0.042866
11346 11355 3.263434 0.054544
11348 11355 3.241605 0.060622
11355 11362 3.648630 0.042866
11347 11356 3.012474 0.028062
11358 11362 3.012474 0.028062
11347 11359 3.012474 0.028062
11352 11361 3.263434 0.054544
11354 11361 3.263434 0.054544
11351 11362 3.648630 0.042866
11357 11362 3.012474 0.028062
11352 11363 3.241605 0.060622
11354 11363 3.241605 0.060622
11365 11370 3.263434 0.054544
11367 11370 3.241605 0.060622
11366 11371 3.648630 0.042866
11366 11373 3.648630 0.042866
11365 11374 3.263434 0.054544
11367 11374 3.241605 0.060622
11374 11381 3.648630 0.042866
11366 11375 3.012474 0.028062
11377 11381 3.012474 0.028062
11366 11378 3.012474 0.028062
11371 11380 3.263434 0.054544
11373 11380 3.263434 0.054544
11370 11381 3.648630 0.042866
11376 11381 3.012474 0.028062
11371 11382 3.241605 0.060622
11373 11382 3.241605 0.060622
11384 11389 3.263434 0.054544
11386 11389 3.241605 0.060622
11385 11390 3.648630 0.042866
11385 11392 3.648630 0.042866
11384 11393 3.263434 0.054544
11386 11393 3.241605 0.060622
11393 11400 3.648630 0.042866
11385 11394 3.012474 0.028062
11396 11400 3.012474 0.028062
11385 11397 3.012474 0.028062
11390 11399 3.263434 0.054544
11392 11399 3.263434 0.054544
11389 11400 3.648630 0.042866
11395 11400 3.012474 0.028062
11390 11401 3.241605 0.060622
11392 11401 3.241605 0.060622
11403 11408 3.263434 0.054544
11405 11408 3.241605 0.060622
11404 11409 3.648630 0.042866
11404 11411 3.648630 0.042866
11403 11412 3.263434 0.054544
11405 11412 3.241605 0.060622
11412 11419 3.648630 0.042866
11404 11413 3.012474 0.028062
11415 11419 3.012474 0.028062
11404 11416 3.012474 0.028062
11409 11418 3.263434 0.054544
11411 11418 3.263434 0.054544
11408 11419 3.648630 0.042866
11414 11419 3.012474 0.028062
11409 11420 3.241605 0.060622
11411 11420 3.241605 0.060622
11422 11427 3.263434 0.054544
11424 11427 3.241605 0.060622
11423 11428 3.648630 0.042866
11423 11430 3.648630 0.042866
11422 11431 3.263434 0.054544
11424 11431 3.241605 0.060622
11431 11438 3.648630 0.042866
11423 11432 3.012474 0.028062
11434 11438 3.012474 0.028062
11423 11435 3.012474 0.028062
11428 11437 3.263434 0.054544
11430 11437 3.263434 0.054544
11427 11438 3.648630 0.042866
11433 11438 3.012474 0.028062
11428 11439 3.241605 0.060622
11430 11439 3.241605 0.060622
11441 11446 3.263434 0.054544
11443 11446 3.241605 0.060622
11442 11447 3.648630 0.042866
11442 11449 3.648630 0.042866
11441 11450 3.263434 0.054544
11443 11450 3.241605 0.060622
11450 11457 3.648630 0.042866
11442 11451 3.012474 0.028062
11453 11457 3.012474 0.028062
11442 11454 3.012474 0.028062
11447 11456 3.263434 0.054544
11449 11456 3.263434 0.054544
11446 11457 3.648630 0.042866
11452 11457 3.012474 0.028062
11447 11458 3.241605 0.060622
11449 11458 3.241605 0.060622
11460 11465 3.263434 0.054544
11462 11465 3.241605 0.060622
11461 11466 3.648630 0.042866
11461 11468 3.648630 0.042866
11460 11469 3.263434 0.054544
11462 11469 3.241605 0.060622
11469 11476 3.648630 0.042866
11461 11470 3.012474 0.028062
11472 11476 3.012474 0.028062
11461 11473 3.012474 0.028062
11466 11475 3.263434 0.054544
11468 11475 3.263434 0.054544
11465 11476 3.648630 0.042866
11471 11476 3.012474 0.028062
11466 11477 3.241605 0.060622
11468 11477 3.241605 0.060622
11479 11484 3.263434 0.054544
11481 11484 3.241605 0.060622
11480 11485 3.648630 0.042866
11480 11487 3.648630 0.042866
11479 11488 3.263434 0.054544
11481 11488 3.241605 0.060622
11488 11495 3.648630 0.042866
11480 11489 3.012474 0.028062
11491 11495 3.012474 0.028062
11480 11492 3.012474 0.028062
11485 11494 3.263434 0.054544
11487 11494 3.263434 0.054544
11484 11495 3.648630 0.042866
11490 11495 3.012474 0.028062
11485 11496 3.241605 0.060622
11487 11496 3.241605 0.060622
11498 11503 3.263434 0.054544
11500 11503 3.241605 0.060622
11499 11504 3.648630 0.042866
11499 11506 3.648630 0.042866
11498 11507 3.263434 0.054544
11500 11507 3.241605 0.060622
11507 11514 3.648630 0.042866
11499 11508 3.012474 0.028062
11510 11514 3.012474 0.028062
11499 11511 3.012474 0.028062
11504 11513 3.263434 0.054544
11506 11513 3.263434 0.054544
11503 11514 3.648630 0.042866
11509 11514 3.012474 0.028062
11504 11515 3.241605 0.060622
11506 11515 3.241605 0.060622
11517 11522 3.263434 0.054544
11519 11522 3.241605 0.060622
11518 11523 3.648630 0.042866
11518 11525 3.648630 0.042866
11517 11526 3.263434 0.054544
11519 11526 3.241605 0.060622
11526 11533 3.648630 0.042866
11518 11527 3.012474 0.028062
11529 11533 3.012474 0.028062
11518 11530 3.012474 0.028062
11523 11532 3.263434 0.054544
11525 11532 3.263434 0.054544
11522 11533 3.648630 0.042866
11528 11533 3.012474 0.028062
11523 11534 3.241605 0.060622
11525 11534 3.241605 0.060622
11536 11541 3.263434 0.054544
11538 11541 3.241605 0.060622
11537 11542 3.648630 0.042866
11537 11544 3.648630 0.042866
11536 11545 3.263434 0.054544
11538 11545 3.241605 0.060622
11545 11552 3.648630 0.042866
11537 11546 3.012474 0.028062
11548 11552 3.012474 0.028062
11537 11549 3.012474 0.028062
11542 11551 3.263434 0.054544
11544 11551 3.263434 0.054544
11541 11552 3.648630 0.042866
11547 11552 3.012474 0.028062
11542 11553 3.241605 0.060622
11544 11553 3.241605 0.060622
11555 11560 3.263434 0.054544
11557 11560 3.241605 0.060622
11556 11561 3.648630 0.042866
11556 11563 3.648630 0.042866
11555 11564 3.263434 0.054544
11557 11564 3.241605 0.060622
11564 11571 3.648630 0.042866
11556 11565 3.012474 0.028062
11567 11571 3.012474 0.028062
11556 11568 3.012474 0.028062
11561 11570 3.263434 0.054544
11563 11570 3.263434 0.054544
11560 11571 3.648630 0.042866
11566 11571 3.012474 0.028062
11561 11572 3.241605 0.060622
11563 11572 3.241605 0.060622
11574 11579 3.263434 0.054544
11576 11579 3.241605 0.060622
11575 11580 3.648630 0.042866
11575 11582 3.648630 0.042866
11574 11583 3.263434 0.054544
11576 11583 3.241605 0.060622
11583 11590 3.648630 0.042866
11575 11584 3.012474 0.028062
11586 11590 3.012474 0.028062
11575 11587 3.012474 0.028062
11580 11589 3.263434 0.054544
11582 11589 3.263434 0.054544
11579 11590 3.648630 0.042866
11585 11590 3.012474 0.028062
11580 11591 3.241605 0.060622
11582 11591 3.241605 0.060622
11593 11598 3.263434 0.054544
11595 11598 3.241605 0.060622
11594 11599 3.648630 0.042866
11594 11601 3.648630 0.042866
11593 11602 3.263434 0.054544
11595 11602 3.241605 0.060622
11602 11609 3.648630 0.042866
11594 11603 3.012474 0.028062
11605 11609 3.012474 0.028062
11594 11606 3.012474 0.028062
11599 11608 3.263434 0.054544
11601 11608 3.263434 0.054544
11598 11609 3.648630 0.042866
11604 11609 3.012474 0.028062
11599 11610 3.241605 0.060622
11601 11610 3.241605 0.060622
11612 11617 3.263434 0.054544
11614 11617 3.241605 0.060622
11613 11618 3.648630 0.042866
11613 11620 3.648630 0.042866
11612 11621 3.263434 0.054544
11614 11621 3.241605 0.060622
11621 11628 3.648630 0.042866
11613 11622 3.012474 0.028062
11624 11628 3.012474 0.028062
11613 11625 3.012474 0.028062
11618 11627 3.263434 0.054544
11620 11627 3.263434 0.054544
11617 11628 3.648630 0.042866
11623 11628 3.012474 0.028062
11618 11629 3.241605 0.060622
11620 11629 3.241605 0.060622
11631 11636 3.263434 0.054544
11633 11636 3.241605 0.060622
11632 11637 3.648630 0.042866
11632 11639 3.648630 0.042866
11631 11640 3.263434 0.054544
11633 11640 3.241605 0.060622
11640 11647 3.648630 0.042866
11632 11641 3.012474 0.028062
11643 11647 3.012474 0.028062
11632 11644 3.012474 0.028062
11637 11646 3.263434 0.054544
11639 11646 3.263434 0.054544
11636 11647 3.648630 0.042866
11642 11647 3.012474 0.028062
11637 11648 3.241605 0.060622
11639 11648 3.241605 0.060622
11653 11655 0.000000 0.000000
11650 11656 3.263434 0.054544
11652 11656 3.241605 0.060622
11651 11657 3.648630 0.042866
11651 11659 3.648630 0.042866
11650 11660 3.263434 0.054544
11652 11660 3.241605 0.060622
11660 11667 3.648630 0.042866
11651 11661 3.012474 0.028062
11663 11667 3.012474 0.028062
11651 11664 3.012474 0.028062
11657 11666 3.263434 0.054544
11659 11666 3.263434 0.054544
11656 11667 3.648630 0.042866
11662 11667 3.012474 0.028062
11657 11668 3.241605 0.060622
11659 11668 3.241605 0.060622
11670 11675 3.263434 0.054544
11672 11675 3.241605 0.060622
11671 11676 3.648630 0.042866
11671 11678 3.648630 0.042866
11670 11679 3.263434 0.054544
11672 11679 3.241605 0.060622
11679 11686 3.648630 0.042866
11671 11680 3.012474 0.028062
11682 11686 3.012474 0.028062
11671 11683 3.012474 0.028062
11676 11685 3.263434 0.054544
11678 11685 3.263434 0.054544
11675 11686 3.648630 0.042866
11681 11686 3.012474 0.028062
11676 11687 3.241605 0.060622
11678 11687 3.241605 0.060622
11689 11694 3.263434 0.054544
11691 11694 3.241605 0.060622
11690 11695 3.648630 0.042866
11690 11697 3.648630 0.042866
11689 11698 3.263434 0.054544
11691 11698 3.241605 0.060622
11698 11705 3.648630 0.042866
11690 11699 3.012474 0.028062
11701 11705 3.012474 0.028062
11690 11702 3.012474 0.028062
11695 11704 3.263434 0.054544
11697 11704 3.263434 0.054544
11694 11705 3.648630 0.042866
11700 11705 3.012474 0.028062
11695 11706 3.241605 0.060622
11697 11706 3.241605 0.060622
11708 11713 3.263434 0.054544
11710 11713 3.241605 0.060622
11709 11714 3.648630 0.042866
11709 11716 3.648630 0.042866
11708 11717 3.263434 0.054544
11710 11717 3.241605 0.060622
11717 11724 3.648630 0.042866
11709 11718 3.012474 0.028062
11720 11724 3.012474 0.028062
11709 11721 3.012474 0.028062
11714 11723 3.263434 0.054544
11716 11723 3.263434 0.054544
11713 11724 3.648630 0.042866
11719 11724 3.012474 0.028062
11714 11725 3.241605 0.060622
11716 11725 3.241605 0.060622
11727 11732 3.263434 0.054544
11729 11732 3.241605 0.060622
11728 11733 3.648630 0.042866
11728 11735 3.648630 0.042866
11727 11736 3.263434 0.054544
11729 11736 3.241605 0.060622
11736 11743 3.648630 0.042866
11728 11737 3.012474 0.028062
11739 11743 3.012474 0.028062
11728 11740 3.012474 0.028062
11733 11742 3.263434 0.054544
11735 11742 3.263434 0.054544
11732 11743 3.648630 0.042866
11738 11743 3.012474 0.028062
11733 11744 3.241605 0.060622
11735 11744 3.241605 0.060622
11746 11751 3.263434 0.054544
11748 11751 3.241605 0.060622
11747 11752 3.648630 0.042866
11747 11754 3.648630 0.042866
11746 11755 3.263434 0.054544
11748 11755 3.241605 0.060622
11755 11762 3.648630 0.042866
11747 11756 3.012474 0.028062
11758 11762 3.012474 0.028062
11747 11759 3.012474 0.028062
11752 11761 3.263434 0.054544
11754 11761 3.263434 0.054544
11751 11762 3.648630 0.042866
11757 11762 3.012474 0.028062
11752 11763 3.241605 0.060622
11754 11763 3.241605 0.060622
11765 11770 3.263434 0.054544
11767 11770 3.241605 0.060622
11766 11771 3.648630 0.042866
11766 11773 3.648630 0.042866
11765 11774 3.263434 0.054544
11767 11774 3.241605 0.060622
11774 11781 3.648630 0.042866
11766 11775 3.012474 0.028062
11777 11781 3.012474 0.028062
11766 11778 3.012474 0.028062
11771 11780 3.241605 0.060622
11773 11780 3.241605 0.060622
11770 11781 3.648630 0.042866
11776 11781 3.012474 0.028062
11771 11782 3.263434 0.054544
11773 11782 3.263434 0.054544
11772 11783 0.000000 0.000000
11785 11790 3.263434 0.054544
11787 11790 3.241605 0.060622
11786 11791 3.648630 0.042866
11786 11793 3.648630 0.042866
11785 11794 3.263434 0.054544
11787 11794 3.241605 0.060622
11794 11801 3.648630 0.042866
11786 11795 3.012474 0.028062
11797 11801 3.012474 0.028062
11786 11798 3.012474 0.028062
11791 11800 3.263434 0.054544
11793 11800 3.263434 0.054544
11790 11801 3.648630 0.042866
11796 11801 3.012474 0.028062
11791 11802 3.241605 0.060622
11793 11802 3.241605 0.060622
11804 11809 3.263434 0.054544
11806 11809 3.241605 0.060622
11805 11810 3.648630 0.042866
11805 11812 3.648630 0.042866
11804 11813 3.263434 0.054544
11806 11813 3.241605 0.060622
11813 11820 3.648630 0.042866
11805 11814 3.012474 0.028062
11816 11820 3.012474 0.028062
11805 11817 3.012474 0.028062
11810 11819 3.263434 0.054544
11812 11819 3.263434 0.054544
11809 11820 3.648630 0.042866
11815 11820 3.012474 0.028062
11810 11821 3.241605 0.060622
11812 11821 3.241605 0.060622
11823 11828 3.263434 0.054544
11825 11828 3.241605 0.060622
11824 11829 3.648630 0.042866
11824 11831 3.648630 0.042866
11823 11832 3.263434 0.054544
11825 11832 3.241605 0.060622
11832 11839 3.648630 0.042866
11824 11833 3.012474 0.028062
11835 11839 3.012474 0.028062
11824 11836 3.012474 0.028062
11829 11838 3.263434 0.054544
11831 11838 3.263434 0.054544
11828 11839 3.648630 0.042866
11834 11839 3.012474 0.028062
11829 11840 3.241605 0.060622
11831 11840 3.241605 0.060622
11842 11847 3.263434 0.054544
11844 11847 3.241605 0.060622
11843 11848 3.648630 0.042866
11843 11850 3.648630 0.042866
11842 11851 3.263434 0.054544
11844 11851 3.241605 0.060622
11851 11858 3.648630 0.042866
11843 11852 3.012474 0.028062
11854 11858 3.012474 0.028062
11843 11855 3.012474 0.028062
11848 11857 3.263434 0.054544
11850 11857 3.263434 0.054544
11847 11858 3.648630 0.042866
11853 11858 3.012474 0.028062
11848 11859 3.241605 0.060622
11850 11859 3.241605 0.060622
11861 11866 3.263434 0.054544
11863 11866 3.241605 0.060622
11862 11867 3.648630 0.042866
11862 11869 3.648630 0.042866
11861 11870 3.263434 0.054544
11863 11870 3.241605 0.060622
11870 11877 3.648630 0.042866
11862 11871 3.012474 0.028062
11873 11877 3.012474 0.028062
11862 11874 3.012474 0.028062
11867 11876 3.263434 0.054544
11869 11876 3.263434 0.054544
11866 11877 3.648630 0.042866
11872 11877 3.012474 0.028062
11867 11878 3.241605 0.060622
11869 11878 3.241605 0.060622
11880 11885 3.263434 0.054544
11882 11885 3.241605 0.060622
11881 11886 3.648630 0.042866
11881 11888 3.648630 0.042866
11880 11889 3.263434 0.054544
11882 11889 3.241605 0.060622
11889 11896 3.648630 0.042866
11881 11890 3.012474 0.028062
11892 11896 3.012474 0.028062
11881 11893 3.012474 0.028062
11886 11895 3.263434 0.054544
11888 11895 3.263434 0.054544
11885 11896 3.648630 0.042866
11891 11896 3.012474 0.028062
11886 11897 3.241605 0.060622
11888 11897 3.241605 0.060622
11899 11904 3.263434 0.054544
11901 11904 3.241605 0.060622
11900 11905 3.648630 0.042866
11900 11907 3.648630 0.042866
11899 11908 3.263434 0.054544
11901 11908 3.241605 0.060622
11908 11915 3.648630 0.042866
11900 11909 3.012474 0.028062
11911 11915 3.012474 0.028062
11900 11912 3.012474 0.028062
11905 11914 3.263434 0.054544
11907 11914 3.263434 0.054544
11904 11915 3.648630 0.042866
11910 11915 3.012474 0.028062
11905 11916 3.241605 0.060622
11907 11916 3.241605 0.060622
11918 11923 3.263434 0.054544
11920 11923 3.241605 0.060622
11919 11924 3.648630 0.042866
11919 11926 3.648630 0.042866
11918 11927 3.263434 0.054544
11920 11927 3.241605 0.060622
11927 11934 3.648630 0.042866
11919 11928 3.012474 0.028062
11930 11934 3.012474 0.028062
11919 11931 3.012474 0.028062
11924 11933 3.263434 0.054544
11926 11933 3.263434 0.054544
11923 11934 3.648630 0.042866
11929 11934 3.012474 0.028062
11924 11935 3.241605 0.060622
11926 11935 3.241605 0.060622
11937 11942 3.263434 0.054544
11939 11942 3.241605 0.060622
11938 11943 3.648630 0.042866
11938 11945 3.648630 0.042866
11937 11946 3.263434 0.054544
11939 11946 3.241605 0.060622
11946 11953 3.648630 0.042866
11938 11947 3.012474 0.028062
11949 11953 3.012474 0.028062
11938 11950 3.012474 0.028062
11943 11952 3.241605 0.060622
11945 11952 3.241605 0.060622
11942 11953 3.648630 0.042866
11948 11953 3.012474 0.028062
11943 11954 3.263434 0.054544
11945 11954 3.263434 0.054544
11944 11955 0.000000 0.000000
11960 11962 0.000000 0.000000
11957 11963 3.263434 0.054544
11959 11963 3.241605 0.060622
11958 11964 3.648630 0.042866
11958 11966 3.648630 0.042866
11957 11967 3.263434 0.054544
11959 11967 3.241605 0.060622
11967 11974 3.648630 0.042866
11958 11968 3.012474 0.028062
11970 11974 3.012474 0.028062
11958 11971 3.012474 0.028062
11964 11973 3.263434 0.054544
11966 11973 3.263434 0.054544
11963 11974 3.648630 0.042866
11969 11974 3.012474 0.028062
11964 11975 3.241605 0.060622
11966 11975 3.241605 0.060622
11977 11982 3.263434 0.054544
11979 11982 3.241605 0.060622
11978 11983 3.648630 0.042866
11978 11985 3.648630 0.042866
11977 11986 3.263434 0.054544
11979 11986 3.241605 0.060622
11986 11993 3.648630 0.042866
11978 11987 3.012474 0.028062
11989 11993 3.012474 0.028062
11978 11990 3.012474 0.028062
11983 11992 3.263434 0.054544
11985 11992 3.263434 0.054544
11982 11993 3.648630 0.042866
11988 11993 3.012474 0.028062
11983 11994 3.241605 0.060622
11985 11994 3.241605 0.060622
11996 12001 3.263434 0.054544
11998 12001 3.241605 0.060622
11997 12002 3.648630 0.042866
11997 12004 3.648630 0.042866
11996 12005 3.263434 0.054544
11998 12005 3.241605 0.060622
12005 12012 3.648630 0.042866
11997 12006 3.012474 0.028062
12008 12012 3.012474 0.028062
11997 12009 3.012474 0.028062
12002 12011 3.263434 0.054544
12004 12011 3.263434 0.054544
12001 12012 3.648630 0.042866
12007 12012 3.012474 0.028062
12002 12013 3.241605 0.060622
12004 12013 3.241605 0.060622
12015 12020 3.263434 0.054544
12017 12020 3.241605 0.060622
12016 12021 3.648630 0.042866
12016 12023 3.648630 0.042866
12015 12024 3.263434 0.054544
12017 12024 3.241605 0.060622
12024 12031 3.648630 0.042866
12016 12025 3.012474 0.028062
12027 12031 3.012474 0.028062
12016 12028 3.012474 0.028062
12021 12030 3.263434 0.054544
12023 12030 3.263434 0.054544
12020 12031 3.648630 0.042866
12026 12031 3.012474 0.028062
12021 12032 3.241605 0.060622
12023 12032 3.241605 0.060622
12034 12039 3.263434 0.054544
12036 12039 3.241605 0.060622
12035 12040 3.648630 0.042866
12035 12042 3.648630 0.042866
12034 12043 3.263434 0.054544
12036 12043 3.241605 0.060622
12043 12050 3.648630 0.042866
12035 12044 3.012474 0.028062
12046 12050 3.012474 0.028062
12035 12047 3.012474 0.028062
12040 12049 3.263434 0.054544
12042 12049 3.263434 0.054544
12039 12050 3.648630 0.042866
12045 12050 3.012474 0.028062
12040 12051 3.241605 0.060622
12042 12051 3.241605 0.060622
12056 12058 0.000000 0.000000
12053 12059 3.263434 0.054544
12055 12059 3.241605 0.060622
12054 12060 3.648630 0.042866
12054 12062 3.648630 0.042866
12053 12063 3.263434 0.054544
12055 12063 3.241605 0.060622
12063 12070 3.648630 0.042866
12054 12064 3.012474 0.028062
12066 12070 3.012474 0.028062
12054 12067 3.012474 0.028062
12060 12069 3.263434 0.054544
12062 12069 3.263434 0.054544
12059 12070 3.648630 0.042866
12065 12070 3.012474 0.028062
12060 12071 3.241605 0.060622
12062 12071 3.241605 0.060622
12076 12078 0.000000 0.000000
12073 12079 3.263434 0.054544
12075 12079 3.241605 0.060622
12074 12080 3.648630 0.042866
12074 12082 3.648630 0.042866
12073 12083 3.263434 0.054544
12075 12083 3.241605 0.060622
12083 12090 3.648630 0.042866
12074 12084 3.012474 0.028062
12086 12090 3.012474 0.028062
12074 12087 3.012474 0.028062
12080 12089 3.263434 0.054544
12082 12089 3.263434 0.054544
12079 12090 3.648630 0.042866
12085 12090 3.012474 0.028062
12080 12091 3.241605 0.060622
12082 12091 3.241605 0.060622
12093 12098 3.263434 0.054544
12095 12098 3.241605 0.060622
12094 12099 3.648630 0.042866
12094 12101 3.648630 0.042866
12093 12102 3.263434 0.054544
12095 12102 3.241605 0.060622
12102 12109 3.648630 0.042866
12094 12103 3.012474 0.028062
12105 12109 3.012474 0.028062
12094 12106 3.012474 0.028062
12099 12108 3.263434 0.054544
12101 12108 3.263434 0.054544
12098 12109 3.648630 0.042866
12104 12109 3.012474 0.028062
12099 12110 3.241605 0.060622
12101 12110 3.241605 0.060622
12112 12117 3.263434 0.054544
12114 12117 3.241605 0.060622
12113 12118 3.648630 0.042866
12113 12120 3.648630 0.042866
12112 12121 3.263434 0.054544
12114 12121 3.241605 0.060622
12121 12128 3.648630 0.042866
12113 12122 3.012474 0.028062
12124 12128 3.012474 0.028062
12113 12125 3.012474 0.028062
12118 12127 3.263434 0.054544
12120 12127 3.263434 0.054544
12117 12128 3.648630 0.042866
12123 12128 3.012474 0.028062
12118 12129 3.241605 0.060622
12120 12129 3.241605 0.060622
12131 12136 3.263434 0.054544
12133 12136 3.241605 0.060622
12132 12137 3.648630 0.042866
12132 12139 3.648630 0.042866
12131 12140 3.263434 0.054544
12133 12140 3.241605 0.060622
12140 12147 3.648630 0.042866
12132 12141 3.012474 0.028062
12143 12147 3.012474 0.028062
12132 12144 3.012474 0.028062
12137 12146 3.263434 0.054544
12139 12146 3.263434 0.054544
12136 12147 3.648630 0.042866
12142 12147 3.012474 0.028062
12137 12148 3.241605 0.060622
12139 12148 3.241605 0.060622
12150 12155 3.263434 0.054544
12152 12155 3.241605 0.060622
12151 12156 3.648630 0.042866
12151 12158 3.648630 0.042866
12150 12159 3.263434 0.054544
12152 12159 3.241605 0.060622
12159 12166 3.648630 0.042866
12151 12160 3.012474 0.028062
12162 12166 3.012474 0.028062
12151 12163 3.012474 0.028062
12156 12165 3.263434 0.054544
12158 12165 3.263434 0.054544
12155 12166 3.648630 0.042866
12161 12166 3.012474 0.028062
12156 12167 3.241605 0.060622
12158 12167 3.241605 0.060622
12169 12174 3.263434 0.054544
12171 12174 3.241605 0.060622
12170 12175 3.648630 0.042866
12170 12177 3.648630 0.042866
12169 12178 3.263434 0.054544
12171 12178 3.241605 0.060622
12178 12185 3.648630 0.042866
12170 12179 3.012474 0.028062
12181 12185 3.012474 0.028062
12170 12182 3.012474 0.028062
12175 12184 3.263434 0.054544
12177 12184 3.263434 0.054544
12174 12185 3.648630 0.042866
12180 12185 3.012474 0.028062
12175 12186 3.241605 0.060622
12177 12186 3.241605 0.060622
12188 12193 3.263434 0.054544
12190 12193 3.241605 0.060622
12189 12194 3.648630 0.042866
12189 12196 3.648630 0.042866
12188 12197 3.263434 0.054544
12190 12197 3.241605 0.060622
12197 12204 3.648630 0.042866
12189 12198 3.012474 0.028062
12200 12204 3.012474 0.028062
12189 12201 3.012474 0.028062
12194 12203 3.263434 0.054544
12196 12203 3.263434 0.054544
12193 12204 3.648630 0.042866
12199 12204 3.012474 0.028062
12194 12205 3.241605 0.060622
12196 12205 3.241605 0.060622
12207 12212 3.263434 0.054544
12209 12212 3.241605 0.060622
12208 12213 3.648630 0.042866
12208 12215 3.648630 0.042866
12207 12216 3.263434 0.054544
12209 12216 3.241605 0.060622
12216 12223 3.648630 0.042866
12208 12217 3.012474 0.028062
12219 12223 3.012474 0.028062
12208 12220 3.012474 0.028062
12213 12222 3.263434 0.054544
12215 12222 3.263434 0.054544
12212 12223 3.648630 0.042866
12218 12223 3.012474 0.028062
12213 12224 3.241605 0.060622
12215 12224 3.241605 0.060622
12226 12231 3.263434 0.054544
12228 12231 3.241605 0.060622
12227 12232 3.648630 0.042866
12227 12234 3.648630 0.042866
12226 12235 3.263434 0.054544
12228 12235 3.241605 0.060622
12235 12242 3.648630 0.042866
12227 12236 3.012474 0.028062
12238 12242 3.012474 0.028062
12227 12239 3.012474 0.028062
12232 12241 3.263434 0.054544
12234 12241 3.263434 0.054544
12231 12242 3.648630 0.042866
12237 12242 3.012474 0.028062
12232 12243 3.241605 0.060622
12234 12243 3.241605 0.060622
12245 12250 3.263434 0.054544
12247 12250 3.241605 0.060622
12246 12251 3.648630 0.042866
12246 12253 3.648630 0.042866
12245 12254 3.263434 0.054544
12247 12254 3.241605 0.060622
12254 12261 3.648630 0.042866
12246 12255 3.012474 0.028062
12257 12261 3.012474 0.028062
12246 12258 3.012474 0.028062
12251 12260 3.263434 0.054544
12253 12260 3.263434 0.054544
12250 12261 3.648630 0.042866
12256 12261 3.012474 0.028062
12251 12262 3.241605 0.060622
12253 12262 3.241605 0.060622
12264 12269 3.263434 0.054544
12266 12269 3.241605 0.060622
12265 12270 3.648630 0.042866
12265 12272 3.648630 0.042866
12264 12273 3.263434 0.054544
12266 12273 3.241605 0.060622
12273 12280 3.648630 0.042866
12265 12274 3.012474 0.028062
12276 12280 3.012474 0.028062
12265 12277 3.012474 0.028062
12270 12279 3.263434 0.054544
12272 12279 3.263434 0.054544
12269 12280 3.648630 0.042866
12275 12280 3.012474 0.028062
12270 12281 3.241605 0.060622
12272 12281 3.241605 0.060622
12283 12288 3.263434 0.054544
12285 12288 3.241605 0.060622
12284 12289 3.648630 0.042866
12284 12291 3.648630 0.042866
12283 12292 3.263434 0.054544
12285 12292 3.241605 0.060622
12292 12299 3.648630 0.042866
12284 12293 3.012474 0.028062
12295 12299 3.012474 0.028062
12284 12296 3.012474 0.028062
12289 12298 3.263434 0.054544
12291 12298 3.263434 0.054544
12288 12299 3.648630 0.042866
12294 12299 3.012474 0.028062
12289 12300 3.241605 0.060622
12291 12300 3.241605 0.060622
12302 12307 3.263434 0.054544
12304 12307 3.241605 0.060622
12303 12308 3.648630 0.042866
12303 12310 3.648630 0.042866
12302 12311 3.263434 0.054544
12304 12311 3.241605 0.060622
12311 12318 3.648630 0.042866
12303 12312 3.012474 0.028062
12314 12318 3.012474 0.028062
12303 12315 3.012474 0.028062
12308 12317 3.263434 0.054544
12310 12317 3.263434 0.054544
12307 12318 3.648630 0.042866
12313 12318 3.012474 0.028062
12308 12319 3.241605 0.060622
12310 12319 3.241605 0.060622
12321 12326 3.263434 0.054544
12323 12326 3.241605 0.060622
12322 12327 3.648630 0.042866
12322 12329 3.648630 0.042866
12321 12330 3.263434 0.054544
12323 12330 3.241605 0.060622
12330 12337 3.648630 0.042866
12322 12331 3.012474 0.028062
12333 12337 3.012474 0.028062
12322 12334 3.012474 0.028062
12327 12336 3.263434 0.054544
12329 12336 3.263434 0.054544
12326 12337 3.648630 0.042866
12332 12337 3.012474 0.028062
12327 12338 3.241605 0.060622
12329 12338 3.241605 0.060622
12340 12345 3.263434 0.054544
12342 12345 3.241605 0.060622
12341 12346 3.648630 0.042866
12341 12348 3.648630 0.042866
12340 12349 3.263434 0.054544
12342 12349 3.241605 0.060622
12349 12356 3.648630 0.042866
12341 12350 3.012474 0.028062
12352 12356 3.012474 0.028062
12341 12353 3.012474 0.028062
12346 12355 3.263434 0.054544
12348 12355 3.263434 0.054544
12345 12356 3.648630 0.042866
12351 12356 3.012474 0.028062
12346 12357 3.241605 0.060622
12348 12357 3.241605 0.060622
12359 12364 3.263434 0.054544
12361 12364 3.241605 0.060622
12360 12365 3.648630 0.042866
12360 12367 3.648630 0.042866
12359 12368 3.263434 0.054544
12361 12368 3.241605 0.060622
12368 12375 3.648630 0.042866
12360 12369 3.012474 0.028062
12371 12375 3.012474 0.028062
12360 12372 3.012474 0.028062
12365 12374 3.263434 0.054544
12367 12374 3.263434 0.054544
12364 12375 3.648630 0.042866
12370 12375 3.012474 0.028062
12365 12376 3.241605 0.060622
12367 12376 3.241605 0.060622
12378 12383 3.263434 0.054544
12380 12383 3.241605 0.060622
12379 12384 3.648630 0.042866
12379 12386 3.648630 0.042866
12378 12387 3.263434 0.054544
12380 12387 3.241605 0.060622
12387 12394 3.648630 0.042866
12379 12388 3.012474 0.028062
12390 12394 3.012474 0.028062
12379 12391 3.012474 0.028062
12384 12393 3.263434 0.054544
12386 12393 3.263434 0.054544
12383 12394 3.648630 0.042866
12389 12394 3.012474 0.028062
12384 12395 3.241605 0.060622
12386 12395 3.241605 0.060622
12397 12402 3.263434 0.054544
12399 12402 3.241605 0.060622
12398 12403 3.648630 0.042866
12398 12405 3.648630 0.042866
12397 12406 3.263434 0.054544
12399 12406 3.241605 0.060622
12406 12413 3.648630 0.042866
12398 12407 3.012474 0.028062
12409 12413 3.012474 0.028062
12398 12410 3.012474 0.028062
12403 12412 3.263434 0.054544
12405 12412 3.263434 0.054544
12402 12413 3.648630 0.042866
12408 12413 3.012474 0.028062
12403 12414 3.241605 0.060622
12405 12414 3.241605 0.060622
12416 12421 3.263434 0.054544
12418 12421 3.241605 0.060622
12417 12422 3.648630 0.042866
12417 12424 3.648630 0.042866
12416 12425 3.263434 0.054544
12418 12425 3.241605 0.060622
12425 12432 3.648630 0.042866
12417 12426 3.012474 0.028062
12428 12432 3.012474 0.028062
12417 12429 3.012474 0.028062
12422 12431 3.263434 0.054544
12424 12431 3.263434 0.054544
12421 12432 3.648630 0.042866
12427 12432 3.012474 0.028062
12422 12433 3.241605 0.060622
12424 12433 3.241605 0.060622
12435 12440 3.263434 0.054544
12437 12440 3.241605 0.060622
12436 12441 3.648630 0.042866
12436 12443 3.648630 0.042866
12435 12444 3.263434 0.054544
12437 12444 3.241605 0.060622
12444 12451 3.648630 0.042866
12436 12445 3.012474 0.028062
12447 12451 3.012474 0.028062
12436 12448 3.012474 0.028062
12441 12450 3.263434 0.054544
12443 12450 3.263434 0.054544
12440 12451 3.648630 0.042866
12446 12451 3.012474 0.028062
12441 12452 3.241605 0.060622
12443 12452 3.241605 0.060622
12454 12459 3.263434 0.054544
12456 12459 3.241605 0.060622
12455 12460 3.648630 0.042866
12455 12462 3.648630 0.042866
12454 12463 3.263434 0.054544
12456 12463 3.241605 0.060622
12463 12470 3.648630 0.042866
12455 12464 3.012474 0.028062
12466 12470 3.012474 0.028062
12455 12467 3.012474 0.028062
12460 12469 3.263434 0.054544
12462 12469 3.263434 0.054544
12459 12470 3.648630 0.042866
12465 12470 3.012474 0.028062
12460 12471 3.241605 0.060622
12462 12471 3.241605 0.060622
12473 12478 3.263434 0.054544
12475 12478 3.241605 0.060622
12474 12479 3.648630 0.042866
12474 12481 3.648630 0.042866
12473 12482 3.263434 0.054544
12475 12482 3.241605 0.060622
12482 12489 3.648630 0.042866
12474 12483 3.012474 0.028062
12485 12489 3.012474 0.028062
12474 12486 3.012474 0.028062
12479 12488 3.263434 0.054544
12481 12488 3.263434 0.054544
12478 12489 3.648630 0.042866
12484 12489 3.012474 0.028062
12479 12490 3.241605 0.060622
12481 12490 3.241605 0.060622
12492 12497 3.263434 0.054544
12494 12497 3.241605 0.060622
12493 12498 3.648630 0.042866
12493 12500 3.648630 0.042866
12492 12501 3.263434 0.054544
12494 12501 3.241605 0.060622
12501 12508 3.648630 0.042866
12493 12502 3.012474 0.028062
12504 12508 3.012474 0.028062
12493 12505 3.012474 0.028062
12498 12507 3.263434 0.054544
12500 12507 3.263434 0.054544
12497 12508 3.648630 0.042866
12503 12508 3.012474 0.028062
12498 12509 3.241605 0.060622
12500 12509 3.241605 0.060622
12511 12516 3.263434 0.054544
12513 12516 3.241605 0.060622
12512 12517 3.648630 0.042866
12512 12519 3.648630 0.042866
12511 12520 3.263434 0.054544
12513 12520 3.241605 0.060622
12520 12527 3.648630 0.042866
12512 12521 3.012474 0.028062
12523 12527 3.012474 0.028062
12512 12524 3.012474 0.028062
12517 12526 3.263434 0.054544
12519 12526 3.263434 0.054544
12516 12527 3.648630 0.042866
12522 12527 3.012474 0.028062
12517 12528 3.241605 0.060622
12519 12528 3.241605 0.060622
12530 12535 3.263434 0.054544
12532 12535 3.241605 0.060622
12531 12536 3.648630 0.042866
12531 12538 3.648630 0.042866
12530 12539 3.263434 0.054544
12532 12539 3.241605 0.060622
12539 12546 3.648630 0.042866
12531 12540 3.012474 0.028062
12542 12546 3.012474 0.028062
12531 12543 3.012474 0.028062
12536 12545 3.263434 0.054544
12538 12545 3.263434 0.054544
12535 12546 3.648630 0.042866
12541 12546 3.012474 0.028062
12536 12547 3.241605 0.060622
12538 12547 3.241605 0.060622
12549 12554 3.263434 0.054544
12551 12554 3.241605 0.060622
12550 12555 3.648630 0.042866
12550 12557 3.648630 0.042866
12549 12558 3.263434 0.054544
12551 12558 3.241605 0.060622
12558 12565 3.648630 0.042866
12550 12559 3.012474 0.028062
12561 12565 3.012474 0.028062
12550 12562 3.012474 0.028062
12555 12564 3.263434 0.054544
12557 12564 3.263434 0.054544
12554 12565 3.648630 0.042866
12560 12565 3.012474 0.028062
12555 12566 3.241605 0.060622
12557 12566 3.241605 0.060622
12568 12573 3.263434 0.054544
12570 12573 3.241605 0.060622
12569 12574 3.648630 0.042866
12569 12576 3.648630 0.042866
12568 12577 3.263434 0.054544
12570 12577 3.241605 0.060622
12577 12584 3.648630 0.042866
12569 12578 3.012474 0.028062
12580 12584 3.012474 0.028062
12569 12581 3.012474 0.028062
12574 12583 3.263434 0.054544
12576 12583 3.263434 0.054544
12573 12584 3.648630 0.042866
12579 12584 3.012474 0.028062
12574 12585 3.241605 0.060622
12576 12585 3.241605 0.060622
12587 12592 3.263434 0.054544
12589 12592 3.241605 0.060622
12588 12593 3.648630 0.042866
12588 12595 3.648630 0.042866
12587 12596 3.263434 0.054544
12589 12596 3.241605 0.060622
12596 12603 3.648630 0.042866
12588 12597 3.012474 0.028062
12599 12603 3.012474 0.028062
12588 12600 3.012474 0.028062
12593 12602 3.263434 0.054544
12595 12602 3.263434 0.054544
12592 12603 3.648630 0.042866
12598 12603 3.012474 0.028062
12593 12604 3.241605 0.060622
12595 12604 3.241605 0.060622
12606 12611 3.263434 0.054544
12608 12611 3.241605 0.060622
12607 12612 3.648630 0.042866
12607 12614 3.648630 0.042866
12606 12615 3.263434 0.054544
12608 12615 3.241605 0.060622
12615 12622 3.648630 0.042866
12607 12616 3.012474 0.028062
12618 12622 3.012474 0.028062
12607 12619 3.012474 0.028062
12612 12621 3.263434 0.054544
12614 12621 3.263434 0.054544
12611 12622 3.648630 0.042866
12617 12622 3.012474 0.028062
12612 12623 3.241605 0.060622
12614 12623 3.241605 0.060622
12628 12630 0.000000 0.000000
12625 12631 3.263434 0.054544
12627 12631 3.241605 0.060622
12626 12632 3.648630 0.042866
12626 12634 3.648630 0.042866
12625 12635 3.263434 0.054544
12627 12635 3.241605 0.060622
12635 12642 3.648630 0.042866
12626 12636 3.012474 0.028062
12638 12642 3.012474 0.028062
12626 12639 3.012474 0.028062
12632 12641 3.241605 0.060622
12634 12641 3.241605 0.060622
12631 12642 3.648630 0.042866
12637 12642 3.012474 0.028062
12632 12643 3.263434 0.054544
12634 12643 3.263434 0.054544
12633 12644 0.000000 0.000000
12646 12651 3.263434 0.054544
12648 12651 3.241605 0.060622
12647 12652 3.648630 0.042866
12647 12654 3.648630 0.042866
12646 12655 3.263434 0.054544
12648 12655 3.241605 0.060622
12655 12662 3.648630 0.042866
12647 12656 3.012474 0.028062
12658 12662 3.012474 0.028062
12647 12659 3.012474 0.028062
12652 12661 3.263434 0.054544
12654 12661 3.263434 0.054544
12651 12662 3.648630 0.042866
12657 12662 3.012474 0.028062
12652 12663 3.241605 0.060622
12654 12663 3.241605 0.060622
12665 12670 3.263434 0.054544
12667 12670 3.241605 0.060622
12666 12671 3.648630 0.042866
12666 12673 3.648630 0.042866
12665 12674 3.263434 0.054544
12667 12674 3.241605 0.060622
12674 12681 3.648630 0.042866
12666 12675 3.012474 0.028062
12677 12681 3.012474 0.028062
12666 12678 3.012474 0.028062
12671 12680 3.263434 0.054544
12673 12680 3.263434 0.054544
12670 12681 3.648630 0.042866
12676 12681 3.012474 0.028062
12671 12682 3.241605 0.060622
12673 12682 3.241605 0.060622
12684 12689 3.263434 0.054544
12686 12689 3.241605 0.060622
12685 12690 3.648630 0.042866
12685 12692 3.648630 0.042866
12684 12693 3.263434 0.054544
12686 12693 3.241605 0.060622
12693 12700 3.648630 0.042866
12685 12694 3.012474 0.028062
12696 12700 3.012474 0.028062
12685 12697 3.012474 0.028062
12690 12699 3.241605 0.060622
12692 12699 3.241605 0.060622
12689 12700 3.648630 0.042866
12695 12700 3.012474 0.028062
12690 12701 3.263434 0.054544
12692 12701 3.263434 0.054544
12691 12702 0.000000 0.000000
12704 12709 3.263434 0.054544
12706 12709 3.241605 0.060622
12705 12710 3.648630 0.042866
12705 12712 3.648630 0.042866
12704 12713 3.263434 0.054544
12706 12713 3.241605 0.060622
12713 12720 3.648630 0.042866
12705 12714 3.012474 0.028062
12716 12720 3.012474 0.028062
12705 12717 3.012474 0.028062
12710 12719 3.263434 0.054544
12712 12719 3.263434 0.054544
12709 12720 3.648630 0.042866
12715 12720 3.012474 0.028062
12710 12721 3.241605 0.060622
12712 12721 3.241605 0.060622
12723 12728 3.263434 0.054544
12725 12728 3.241605 0.060622
12724 12729 3.648630 0.042866
12724 12731 3.648630 0.042866
12723 12732 3.263434 0.054544
12725 12732 3.241605 0.060622
12732 12739 3.648630 0.042866
12724 12733 3.012474 0.028062
12735 12739 3.012474 0.028062
12724 12736 3.012474 0.028062
12729 12738 3.241605 0.060622
12731 12738 3.241605 0.060622
12728 12739 3.648630 0.042866
12734 12739 3.012474 0.028062
12729 12740 3.263434 0.054544
12731 12740 3.263434 0.054544
12730 12741 0.000000 0.000000
12743 12748 3.263434 0.054544
12745 12748 3.241605 0.060622
12744 12749 3.648630 0.042866
12744 12751 3.648630 0.042866
12743 12752 3.263434 0.054544
12745 12752 3.241605 0.060622
12752 12759 3.648630 0.042866
12744 12753 3.012474 0.028062
12755 12759 3.012474 0.028062
12744 12756 3.012474 0.028062
12749 12758 3.263434 0.054544
12751 12758 3.263434 0.054544
12748 12759 3.648630 0.042866
12754 12759 3.012474 0.028062
12749 12760 3.241605 0.060622
12751 12760 3.241605 0.060622
12762 12767 3.263434 0.054544
12764 12767 3.241605 0.060622
12763 12768 3.648630 0.042866
12763 12770 3.648630 0.042866
12762 12771 3.263434 0.054544
12764 12771 3.241605 0.060622
12771 12778 3.648630 0.042866
12763 12772 3.012474 0.028062
12774 12778 3.012474 0.028062
12763 12775 3.012474 0.028062
12768 12777 3.263434 0.054544
12770 12777 3.263434 0.054544
12767 12778 3.648630 0.042866
12773 12778 3.012474 0.028062
12768 12779 3.241605 0.060622
12770 12779 3.241605 0.060622
12781 12786 3.263434 0.054544
12783 12786 3.241605 0.060622
12782 12787 3.648630 0.042866
12782 12789 3.648630 0.042866
12781 12790 3.263434 0.054544
12783 12790 3.241605 0.060622
12790 12797 3.648630 0.042866
12782 12791 3.012474 0.028062
12793 12797 3.012474 0.028062
12782 12794 3.012474 0.028062
12787 12796 3.263434 0.054544
12789 12796 3.263434 0.054544
12786 12797 3.648630 0.042866
12792 12797 3.012474 0.028062
12787 12798 3.241605 0.060622
12789 12798 3.241605 0.060622
12800 12805 3.263434 0.054544
12802 12805 3.241605 0.060622
12801 12806 3.648630 0.042866
12801 12808 3.648630 0.042866
12800 12809 3.263434 0.054544
12802 12809 3.241605 0.060622
12809 12816 3.648630 0.042866
12801 12810 3.012474 0.028062
12812 12816 3.012474 0.028062
12801 12813 3.012474 0.028062
12806 12815 3.263434 0.054544
12808 12815 3.263434 0.054544
12805 12816 3.648630 0.042866
12811 12816 3.012474 0.028062
12806 12817 3.241605 0.060622
12808 12817 3.241605 0.060622
12819 12824 3.263434 0.054544
12821 12824 3.241605 0.060622
12820 12825 3.648630 0.042866
12820 12827 3.648630 0.042866
12819 12828 3.263434 0.054544
12821 12828 3.241605 0.060622
12828 12835 3.648630 0.042866
12820 12829 3.012474 0.028062
12831 12835 3.012474 0.028062
12820 12832 3.012474 0.028062
12825 12834 3.263434 0.054544
12827 12834 3.263434 0.054544
12824 12835 3.648630 0.042866
12830 12835 3.012474 0.028062
12825 12836 3.241605 0.060622
12827 12836 3.241605 0.060622
12838 12843 3.263434 0.054544
12840 12843 3.241605 0.060622
12839 12844 3.648630 0.042866
12839 12846 3.648630 0.042866
12838 12847 3.263434 0.054544
12840 12847 3.241605 0.060622
12847 12854 3.648630 0.042866
12839 12848 3.012474 0.028062
12850 12854 3.012474 0.028062
12839 12851 3.012474 0.028062
12844 12853 3.241605 0.060622
12846 12853 3.241605 0.060622
12843 12854 3.648630 0.042866
12849 12854 3.012474 0.028062
12844 12855 3.263434 0.054544
12846 12855 3.263434 0.054544
12845 12856 0.000000 0.000000
12858 12863 3.263434 0.054544
12860 12863 3.241605 0.060622
12859 12864 3.648630 0.042866
12859 12866 3.648630 0.042866
12858 12867 3.263434 0.054544
12860 12867 3.241605 0.060622
12867 12874 3.648630 0.042866
12859 12868 3.012474 0.028062
12870 12874 3.012474 0.028062
12859 12871 3.012474 0.028062
12864 12873 3.241605 0.060622
12866 12873 3.241605 0.060622
12863 12874 3.648630 0.042866
12869 12874 3.012474 0.028062
12864 12875 3.263434 0.054544
12866 12875 3.263434 0.054544
12865 12876 0.000000 0.000000
12878 12883 3.263434 0.054544
12880 12883 3.241605 0.060622
12879 12884 3.648630 0.042866
12879 12886 3.648630 0.042866
12878 12887 3.263434 0.054544
12880 12887 3.241605 0.060622
12887 12894 3.648630 0.042866
12879 12888 3.012474 0.028062
12890 12894 3.012474 0.028062
12879 12891 3.012474 0.028062
12884 12893 3.263434 0.054544
12886 12893 3.263434 0.054544
12883 12894 3.648630 0.042866
12889 12894 3.012474 0.028062
12884 12895 3.241605 0.060622
12886 12895 3.241605 0.060622
12897 12902 3.263434 0.054544
12899 12902 3.241605 0.060622
12898 12903 3.648630 0.042866
12898 12905 3.648630 0.042866
12897 12906 3.263434 0.054544
12899 12906 3.241605 0.060622
12906 12913 3.648630 0.042866
12898 12907 3.012474 0.028062
12909 12913 3.012474 0.028062
12898 12910 3.012474 0.028062
12903 12912 3.263434 0.054544
12905 12912 3.263434 0.054544
12902 12913 3.648630 0.042866
12908 12913 3.012474 0.028062
12903 12914 3.241605 0.060622
12905 12914 3.241605 0.060622
12916 12921 3.263434 0.054544
12918 12921 3.241605 0.060622
12917 12922 3.648630 0.042866
12917 12924 3.648630 0.042866
12916 12925 3.263434 0.054544
12918 12925 3.241605 0.060622
12925 12932 3.648630 0.042866
12917 12926 3.012474 0.028062
12928 12932 3.012474 0.028062
12917 12929 3.012474 0.028062
12922 12931 3.263434 0.054544
12924 12931 3.263434 0.054544
12921 12932 3.648630 0.042866
12927 12932 3.012474 0.028062
12922 12933 3.241605 0.060622
12924 12933 3.241605 0.060622
12935 12940 3.263434 0.054544
12937 12940 3.241605 0.060622
12936 12941 3.648630 0.042866
12936 12943 3.648630 0.042866
12935 12944 3.263434 0.054544
12937 12944 3.241605 0.060622
12944 12951 3.648630 0.042866
12936 12945 3.012474 0.028062
12947 12951 3.012474 0.028062
12936 12948 3.012474 0.028062
12941 12950 3.263434 0.054544
12943 12950 3.263434 0.054544
12940 12951 3.648630 0.042866
12946 12951 3.012474 0.028062
12941 12952 3.241605 0.060622
12943 12952 3.241605 0.060622
12954 12959 3.263434 0.054544
12956 12959 3.241605 0.060622
12955 12960 3.648630 0.042866
12955 12962 3.648630 0.042866
12954 12963 3.263434 0.054544
12956 12963 3.241605 0.060622
12963 12970 3.648630 0.042866
12955 12964 3.012474 0.028062
12966 12970 3.012474 0.028062
12955 12967 3.012474 0.028062
12960 12969 3.263434 0.054544
12962 12969 3.263434 0.054544
12959 12970 3.648630 0.042866
12965 12970 3.012474 0.028062
12960 12971 3.241605 0.060622
12962 12971 3.241605 0.060622
12973 12978 3.263434 0.054544
12975 12978 3.241605 0.060622
12974 12979 3.648630 0.042866
12974 12981 3.648630 0.042866
12973 12982 3.263434 0.054544
12975 12982 3.241605 0.060622
12982 12989 3.648630 0.042866
12974 12983 3.012474 0.028062
12985 12989 3.012474 0.028062
12974 12986 3.012474 0.028062
12979 12988 3.263434 0.054544
12981 12988 3.263434 0.054544
12978 12989 3.648630 0.042866
12984 12989 3.012474 0.028062
12979 12990 3.241605 0.060622
12981 12990 3.241605 0.060622
12992 12997 3.263434 0.054544
12994 12997 3.241605 0.060622
12993 12998 3.648630 0.042866
12993 13000 3.648630 0.042866
12992 13001 3.263434 0.054544
12994 13001 3.241605 0.060622
13001 13008 3.648630 0.042866
12993 13002 3.012474 0.028062
13004 13008 3.012474 0.028062
12993 13005 3.012474 0.028062
12998 13007 3.241605 0.060622
13000 13007 3.241605 0.060622
12997 13008 3.648630 0.042866
13003 13008 3.012474 0.028062
12998 13009 3.263434 0.054544
13000 13009 3.263434 0.054544
12999 13010 0.000000 0.000000
13012 13017 3.263434 0.054544
13014 13017 3.241605 0.060622
13013 13018 3.648630 0.042866
13013 13020 3.648630 0.042866
13012 13021 3.263434 0.054544
13014 13021 3.241605 0.060622
13021 13028 3.648630 0.042866
13013 13022 3.012474 0.028062
13024 13028 3.012474 0.028062
13013 13025 3.012474 0.028062
13018 13027 3.263434 0.054544
13020 13027 3.263434 0.054544
13017 13028 3.648630 0.042866
13023 13028 3.012474 0.028062
13018 13029 3.241605 0.060622
13020 13029 3.241605 0.060622
13031 13036 3.263434 0.054544
13033 13036 3.241605 0.060622
13032 13037 3.648630 0.042866
13032 13039 3.648630 0.042866
13031 13040 3.263434 0.054544
13033 13040 3.241605 0.060622
13040 13047 3.648630 0.042866
13032 13041 3.012474 0.028062
13043 13047 3.012474 0.028062
13032 13044 3.012474 0.028062
13037 13046 3.263434 0.054544
13039 13046 3.263434 0.054544
13036 13047 3.648630 0.042866
13042 13047 3.012474 0.028062
13037 13048 3.241605 0.060622
13039 13048 3.241605 0.060622
13050 13055 3.263434 0.054544
13052 13055 3.241605 0.060622
13051 13056 3.648630 0.042866
13051 13058 3.648630 0.042866
13050 13059 3.263434 0.054544
13052 13059 3.241605 0.060622
13059 13066 3.648630 0.042866
13051 13060 3.012474 0.028062
13062 13066 3.012474 0.028062
13051 13063 3.012474 0.028062
13056 13065 3.263434 0.054544
13058 13065 3.263434 0.054544
13055 13066 3.648630 0.042866
13061 13066 3.012474 0.028062
13056 13067 3.241605 0.060622
13058 13067 3.241605 0.060622
13072 13074 0.000000 0.000000
13069 13075 3.263434 0.054544
13071 13075 3.241605 0.060622
13070 13076 3.648630 0.042866
13070 13078 3.648630 0.042866
13069 13079 3.263434 0.054544
13071 13079 3.241605 0.060622
13079 13086 3.648630 0.042866
13070 13080 3.012474 0.028062
13082 13086 3.012474 0.028062
13070 13083 3.012474 0.028062
13076 13085 3.241605 0.060622
13078 13085 3.241605 0.060622
13075 13086 3.648630 0.042866
13081 13086 3.012474 0.028062
13076 13087 3.263434 0.054544
13078 13087 3.263434 0.054544
13077 13088 0.000000 0.000000
13090 13095 3.263434 0.054544
13092 13095 3.241605 0.060622
13091 13096 3.648630 0.042866
13091 13098 3.648630 0.042866
13090 13099 3.263434 0.054544
13092 13099 3.241605 0.060622
13099 13106 3.648630 0.042866
13091 13100 3.012474 0.028062
13102 13106 3.012474 0.028062
13091 13103 3.012474 0.028062
13096 13105 3.263434 0.054544
13098 13105 3.263434 0.054544
13095 13106 3.648630 0.042866
13101 13106 3.012474 0.028062
13096 13107 3.241605 0.060622
13098 13107 3.241605 0.060622
13109 13114 3.263434 0.054544
13111 13114 3.241605 0.060622
13110 13115 3.648630 0.042866
13110 13117 3.648630 0.042866
13109 13118 3.263434 0.054544
13111 13118 3.241605 0.060622
13118 13125 3.648630 0.042866
13110 13119 3.012474 0.028062
13121 13125 3.012474 0.028062
13110 13122 3.012474 0.028062
13115 13124 3.263434 0.054544
13117 13124 3.263434 0.054544
13114 13125 3.648630 0.042866
13120 13125 3.012474 0.028062
13115 13126 3.241605 0.060622
13117 13126 3.241605 0.060622
13128 13133 3.263434 0.054544
13130 13133 3.241605 0.060622
13129 13134 3.648630 0.042866
13129 13136 3.648630 0.042866
13128 13137 3.263434 0.054544
13130 13137 3.241605 0.060622
13137 13144 3.648630 0.042866
13129 13138 3.012474 0.028062
13140 13144 3.012474 0.028062
13129 13141 3.012474 0.028062
13134 13143 3.263434 0.054544
13136 13143 3.263434 0.054544
13133 13144 3.648630 0.042866
13139 13144 3.012474 0.028062
13134 13145 3.241605 0.060622
13136 13145 3.241605 0.060622
13147 13152 3.263434 0.054544
13149 13152 3.241605 0.060622
13148 13153 3.648630 0.042866
13148 13155 3.648630 0.042866
13147 13156 3.263434 0.054544
13149 13156 3.241605 0.060622
13156 13163 3.648630 0.042866
13148 13157 3.012474 0.028062
13159 13163 3.012474 0.028062
13148 13160 3.012474 0.028062
13153 13162 3.263434 0.054544
13155 13162 3.263434 0.054544
13152 13163 3.648630 0.042866
13158 13163 3.012474 0.028062
13153 13164 3.241605 0.060622
13155 13164 3.241605 0.060622
13169 13171 0.000000 0.000000
13166 13172 3.263434 0.054544
13168 13172 3.241605 0.060622
13167 13173 3.648630 0.042866
13167 13175 3.648630 0.042866
13166 13176 3.263434 0.054544
13168 13176 3.241605 0.060622
13176 13183 3.648630 0.042866
13167 13177 3.012474 0.028062
13179 13183 3.012474 0.028062
13167 13180 3.012474 0.028062
13173 13182 3.263434 0.054544
13175 13182 3.263434 0.054544
13172 13183 3.648630 0.042866
13178 13183 3.012474 0.028062
13173 13184 3.241605 0.060622
13175 13184 3.241605 0.060622
13186 13191 3.263434 0.054544
13188 13191 3.241605 0.060622
13187 13192 3.648630 0.042866
13187 13194 3.648630 0.042866
13186 13195 3.263434 0.054544
13188 13195 3.241605 0.060622
13195 13202 3.648630 0.042866
13187 13196 3.012474 0.028062
13198 13202 3.012474 0.028062
13187 13199 3.012474 0.028062
13192 13201 3.241605 0.060622
13194 13201 3.241605 0.060622
13191 13202 3.648630 0.042866
13197 13202 3.012474 0.028062
13192 13203 3.263434 0.054544
13194 13203 3.263434 0.054544
13193 13204 0.000000 0.000000
13209 13211 0.000000 0.000000
13206 13212 3.263434 0.054544
13208 13212 3.241605 0.060622
13207 13213 3.648630 0.042866
13207 13215 3.648630 0.042866
13206 13216 3.263434 0.054544
13208 13216 3.241605 0.060622
13216 13223 3.648630 0.042866
13207 13217 3.012474 0.028062
13219 13223 3.012474 0.028062
13207 13220 3.012474 0.028062
13213 13222 3.263434 0.054544
13215 13222 3.263434 0.054544
13212 13223 3.648630 0.042866
13218 13223 3.012474 0.028062
13213 13224 3.241605 0.060622
13215 13224 3.241605 0.060622
13226 13231 3.263434 0.054544
13228 13231 3.241605 0.060622
13227 13232 3.648630 0.042866
13227 13234 3.648630 0.042866
13226 13235 3.263434 0.054544
13228 13235 3.241605 0.060622
13235 13242 3.648630 0.042866
13227 13236 3.012474 0.028062
13238 13242 3.012474 0.028062
13227 13239 3.012474 0.028062
13232 13241 3.263434 0.054544
13234 13241 3.263434 0.054544
13231 13242 3.648630 0.042866
13237 13242 3.012474 0.028062
13232 13243 3.241605 0.060622
13234 13243 3.241605 0.060622
13245 13250 3.263434 0.054544
13247 13250 3.241605 0.060622
13246 13251 3.648630 0.042866
13246 13253 3.648630 0.042866
13245 13254 3.263434 0.054544
13247 13254 3.241605 0.060622
13254 13261 3.648630 0.042866
13246 13255 3.012474 0.028062
13257 13261 3.012474 0.028062
13246 13258 3.012474 0.028062
13251 13260 3.241605 0.060622
13253 13260 3.241605 0.060622
13250 13261 3.648630 0.042866
13256 13261 3.012474 0.028062
13251 13262 3.263434 0.054544
13253 13262 3.263434 0.054544
13252 13263 0.000000 0.000000
13265 13270 3.263434 0.054544
13267 13270 3.241605 0.060622
13266 13271 3.648630 0.042866
13266 13273 3.648630 0.042866
13265 13274 3.263434 0.054544
13267 13274 3.241605 0.060622
13274 13281 3.648630 0.042866
13266 13275 3.012474 0.028062
13277 13281 3.012474 0.028062
13266 13278 3.012474 0.028062
13271 13280 3.263434 0.054544
13273 13280 3.263434 0.054544
13270 13281 3.648630 0.042866
13276 13281 3.012474 0.028062
13271 13282 3.241605 0.060622
13273 13282 3.241605 0.060622
13284 13289 3.263434 0.054544
13286 13289 3.241605 0.060622
13285 13290 3.648630 0.042866
13285 13292 3.648630 0.042866
13284 13293 3.263434 0.054544
13286 13293 3.241605 0.060622
13293 13300 3.648630 0.042866
13285 13294 3.012474 0.028062
13296 13300 3.012474 0.028062
13285 13297 3.012474 0.028062
13290 13299 3.263434 0.054544
13292 13299 3.263434 0.054544
13289 13300 3.648630 0.042866
13295 13300 3.012474 0.028062
13290 13301 3.241605 0.060622
13292 13301 3.241605 0.060622
13306 13308 0.000000 0.000000
13303 13309 3.263434 0.054544
13305 13309 3.241605 0.060622
13304 13310 3.648630 0.042866
13304 13312 3.648630 0.042866
13303 13313 3.263434 0.054544
13305 13313 3.241605 0.060622
13313 13320 3.648630 0.042866
13304 13314 3.012474 0.028062
13316 13320 3.012474 0.028062
13304 13317 3.012474 0.028062
13310 13319 3.263434 0.054544
13312 13319 3.263434 0.054544
13309 13320 3.648630 0.042866
13315 13320 3.012474 0.028062
13310 13321 3.241605 0.060622
13312 13321 3.241605 0.060622
13323 13328 3.263434 0.054544
13325 13328 3.241605 0.060622
13324 13329 3.648630 0.042866
13324 13331 3.648630 0.042866
13323 13332 3.263434 0.054544
13325 13332 3.241605 0.060622
13332 13339 3.648630 0.042866
13324 13333 3.012474 0.028062
13335 13339 3.012474 0.028062
13324 13336 3.012474 0.028062
13329 13338 3.263434 0.054544
13331 13338 3.263434 0.054544
13328 13339 3.648630 0.042866
13334 13339 3.012474 0.028062
13329 13340 3.241605 0.060622
13331 13340 3.241605 0.060622
13342 13347 3.263434 0.054544
13344 13347 3.241605 0.060622
13343 13348 3.648630 0.042866
13343 13350 3.648630 0.042866
13342 13351 3.263434 0.054544
13344 13351 3.241605 0.060622
13351 13358 3.648630 0.042866
13343 13352 3.012474 0.028062
13354 13358 3.012474 0.028062
13343 13355 3.012474 0.028062
13348 13357 3.263434 0.054544
13350 13357 3.263434 0.054544
13347 13358 3.648630 0.042866
13353 13358 3.012474 0.028062
13348 13359 3.241605 0.060622
13350 13359 3.241605 0.060622
13361 13366 3.263434 0.054544
13363 13366 3.241605 0.060622
13362 13367 3.648630 0.042866
13362 13369 3.648630 0.042866
13361 13370 3.263434 0.054544
13363 13370 3.241605 0.060622
13370 13377 3.648630 0.042866
13362 13371 3.012474 0.028062
13373 13377 3.012474 0.028062
13362 13374 3.012474 0.028062
13367 13376 3.263434 0.054544
13369 13376 3.263434 0.054544
13366 13377 3.648630 0.042866
13372 13377 3.012474 0.028062
13367 13378 3.241605 0.060622
13369 13378 3.241605 0.060622
13380 13385 3.263434 0.054544
13382 13385 3.241605 0.060622
13381 13386 3.648630 0.042866
13381 13388 3.648630 0.042866
13380 13389 3.263434 0.054544
13382 13389 3.241605 0.060622
13389 13396 3.648630 0.042866
13381 13390 3.012474 0.028062
13392 13396 3.012474 0.028062
13381 13393 3.012474 0.028062
13386 13395 3.263434 0.054544
13388 13395 3.263434 0.054544
13385 13396 3.648630 0.042866
13391 13396 3.012474 0.028062
13386 13397 3.241605 0.060622
13388 13397 3.241605 0.060622
13399 13404 3.263434 0.054544
13401 13404 3.241605 0.060622
13400 13405 3.648630 0.042866
13400 13407 3.648630 0.042866
13399 13408 3.263434 0.054544
13401 13408 3.241605 0.060622
13408 13415 3.648630 0.042866
13400 13409 3.012474 0.028062
13411 13415 3.012474 0.028062
13400 13412 3.012474 0.028062
13405 13414 3.241605 0.060622
13407 13414 3.241605 0.060622
13404 13415 3.648630 0.042866
13410 13415 3.012474 0.028062
13405 13416 3.263434 0.054544
13407 13416 3.263434 0.054544
13406 13417 0.000000 0.000000
13419 13424 3.263434 0.054544
13421 13424 3.241605 0.060622
13420 13425 3.648630 0.042866
13420 13427 3.648630 0.042866
13419 13428 3.263434 0.054544
13421 13428 3.241605 0.060622
13428 13435 3.648630 0.042866
13420 13429 3.012474 0.028062
13431 13435 3.012474 0.028062
13420 13432 3.012474 0.028062
13425 13434 3.241605 0.060622
13427 13434 3.241605 0.060622
13424 13435 3.648630 0.042866
13430 13435 3.012474 0.028062
13425 13436 3.263434 0.054544
13427 13436 3.263434 0.054544
13426 13437 0.000000 0.000000
13439 13444 3.263434 0.054544
13441 13444 3.241605 0.060622
13440 13445 3.648630 0.042866
13440 13447 3.648630 0.042866
13439 13448 3.263434 0.054544
13441 13448 3.241605 0.060622
13448 13455 3.648630 0.042866
13440 13449 3.012474 0.028062
13451 13455 3.012474 0.028062
13440 13452 3.012474 0.028062
13445 13454 3.263434 0.054544
13447 13454 3.263434 0.054544
13444 13455 3.648630 0.042866
13450 13455 3.012474 0.028062
13445 13456 3.241605 0.060622
13447 13456 3.241605 0.060622
13461 13463 0.000000 0.000000
13458 13464 3.263434 0.054544
13460 13464 3.241605 0.060622
13459 13465 3.648630 0.042866
13459 13467 3.648630 0.042866
13458 13468 3.263434 0.054544
13460 13468 3.241605 0.060622
13468 13475 3.648630 0.042866
13459 13469 3.012474 0.028062
13471 13475 3.012474 0.028062
13459 13472 3.012474 0.028062
13465 13474 3.263434 0.054544
13467 13474 3.263434 0.054544
13464 13475 3.648630 0.042866
13470 13475 3.012474 0.028062
13465 13476 3.241605 0.060622
13467 13476 3.241605 0.060622
13478 13483 3.263434 0.054544
13480 13483 3.241605 0.060622
13479 13484 3.648630 0.042866
13479 13486 3.648630 0.042866
13478 13487 3.263434 0.054544
13480 13487 3.241605 0.060622
13487 13494 3.648630 0.042866
13479 13488 3.012474 0.028062
13490 13494 3.012474 0.028062
13479 13491 3.012474 0.028062
13484 13493 3.263434 0.054544
13486 13493 3.263434 0.054544
13483 13494 3.648630 0.042866
13489 13494 3.012474 0.028062
13484 13495 3.241605 0.060622
13486 13495 3.241605 0.060622
13497 13502 3.263434 0.054544
13499 13502 3.241605 0.060622
13498 13503 3.648630 0.042866
13498 13505 3.648630 0.042866
13497 13506 3.263434 0.054544
13499 13506 3.241605 0.060622
13506 13513 3.648630 0.042866
13498 13507 3.012474 0.028062
13509 13513 3.012474 0.028062
13498 13510 3.012474 0.028062
13503 13512 3.263434 0.054544
13505 13512 3.263434 0.054544
13502 13513 3.648630 0.042866
13508 13513 3.012474 0.028062
13503 13514 3.241605 0.060622
13505 13514 3.241605 0.060622
13519 13521 0.000000 0.000000
13516 13522 3.263434 0.054544
13518 13522 3.241605 0.060622
13517 13523 3.648630 0.042866
13517 13525 3.648630 0.042866
13516 13526 3.263434 0.054544
13518 13526 3.241605 0.060622
13526 13533 3.648630 0.042866
13517 13527 3.012474 0.028062
13529 13533 3.012474 0.028062
13517 13530 3.012474 0.028062
13523 13532 3.263434 0.054544
13525 13532 3.263434 0.054544
13522 13533 3.648630 0.042866
13528 13533 3.012474 0.028062
13523 13534 3.241605 0.060622
13525 13534 3.241605 0.060622
13536 13541 3.263434 0.054544
13538 13541 3.241605 0.060622
13537 13542 3.648630 0.042866
13537 13544 3.648630 0.042866
13536 13545 3.263434 0.054544
13538 13545 3.241605 0.060622
13545 13552 3.648630 0.042866
13537 13546 3.012474 0.028062
13548 13552 3.012474 0.028062
13537 13549 3.012474 0.028062
13542 13551 3.263434 0.054544
13544 13551 3.263434 0.054544
13541 13552 3.648630 0.042866
13547 13552 3.012474 0.028062
13542 13553 3.241605 0.060622
13544 13553 3.241605 0.060622
13555 13560 3.263434 0.054544
13557 13560 3.241605 0.060622
13556 13561 3.648630 0.042866
13556 13563 3.648630 0.042866
13555 13564 3.263434 0.054544
13557 13564 3.241605 0.060622
13564 13571 3.648630 0.042866
13556 13565 3.012474 0.028062
13567 13571 3.012474 0.028062
13556 13568 3.012474 0.028062
13561 13570 3.263434 0.054544
13563 13570 3.263434 0.054544
13560 13571 3.648630 0.042866
13566 13571 3.012474 0.028062
13561 13572 3.241605 0.060622
13563 13572 3.241605 0.060622
13574 13579 3.263434 0.054544
13576 13579 3.241605 0.060622
13575 13580 3.648630 0.042866
13575 13582 3.648630 0.042866
13574 13583 3.263434 0.054544
13576 13583 3.241605 0.060622
13583 13590 3.648630 0.042866
13575 13584 3.012474 0.028062
13586 13590 3.012474 0.028062
13575 13587 3.012474 0.028062
13580 13589 3.263434 0.054544
13582 13589 3.263434 0.054544
13579 13590 3.648630 0.042866
13585 13590 3.012474 0.028062
13580 13591 3.241605 0.060622
13582 13591 3.241605 0.060622
13593 13598 3.263434 0.054544
13595 13598 3.241605 0.060622
13594 13599 3.648630 0.042866
13594 13601 3.648630 0.042866
13593 13602 3.263434 0.054544
13595 13602 3.241605 0.060622
13602 13609 3.648630 0.042866
13594 13603 3.012474 0.028062
13605 13609 3.012474 0.028062
13594 13606 3.012474 0.028062
13599 13608 3.241605 0.060622
13601 13608 3.241605 0.060622
13598 13609 3.648630 0.042866
13604 13609 3.012474 0.028062
13599 13610 3.263434 0.054544
13601 13610 3.263434 0.054544
13600 13611 0.000000 0.000000
13613 13618 3.263434 0.054544
13615 13618 3.241605 0.060622
13614 13619 3.648630 0.042866
13614 13621 3.648630 0.042866
13613 13622 3.263434 0.054544
13615 13622 3.241605 0.060622
13622 13629 3.648630 0.042866
13614 13623 3.012474 0.028062
13625 13629 3.012474 0.028062
13614 13626 3.012474 0.028062
13619 13628 3.263434 0.054544
13621 13628 3.263434 0.054544
13618 13629 3.648630 0.042866
13624 13629 3.012474 0.028062
13619 13630 3.241605 0.060622
13621 13630 3.241605 0.060622
13632 13637 3.263434 0.054544
13634 13637 3.241605 0.060622
13633 13638 3.648630 0.042866
13633 13640 3.648630 0.042866
13632 13641 3.263434 0.054544
13634 13641 3.241605 0.060622
13641 13648 3.648630 0.042866
13633 13642 3.012474 0.028062
13644 13648 3.012474 0.028062
13633 13645 3.012474 0.028062
13638 13647 3.263434 0.054544
13640 13647 3.263434 0.054544
13637 13648 3.648630 0.042866
13643 13648 3.012474 0.028062
13638 13649 3.241605 0.060622
13640 13649 3.241605 0.060622
13651 13656 3.263434 0.054544
13653 13656 3.241605 0.060622
13652 13657 3.648630 0.042866
13652 13659 3.648630 0.042866
13651 13660 3.263434 0.054544
13653 13660 3.241605 0.060622
13660 13667 3.648630 0.042866
13652 13661 3.012474 0.028062
13663 13667 3.012474 0.028062
13652 13664 3.012474 0.028062
13657 13666 3.263434 0.054544
13659 13666 3.263434 0.054544
13656 13667 3.648630 0.042866
13662 13667 3.012474 0.028062
13657 13668 3.241605 0.060622
13659 13668 3.241605 0.060622
13673 13675 0.000000 0.000000
13670 13676 3.263434 0.054544
13672 13676 3.241605 0.060622
13671 13677 3.648630 0.042866
13671 13679 3.648630 0.042866
13670 13680 3.263434 0.054544
13672 13680 3.241605 0.060622
13680 13687 3.648630 0.042866
13671 13681 3.012474 0.028062
13683 13687 3.012474 0.028062
13671 13684 3.012474 0.028062
13677 13686 3.263434 0.054544
13679 13686 3.263434 0.054544
13676 13687 3.648630 0.042866
13682 13687 3.012474 0.028062
13677 13688 3.241605 0.060622
13679 13688 3.241605 0.060622
13690 13695 3.263434 0.054544
13692 13695 3.241605 0.060622
13691 13696 3.648630 0.042866
13691 13698 3.648630 0.042866
13690 13699 3.263434 0.054544
13692 13699 3.241605 0.060622
13699 13706 3.648630 0.042866
13691 13700 3.012474 0.028062
13702 13706 3.012474 0.028062
13691 13703 3.012474 0.028062
13696 13705 3.263434 0.054544
13698 13705 3.263434 0.054544
13695 13706 3.648630 0.042866
13701 13706 3.012474 0.028062
13696 13707 3.241605 0.060622
13698 13707 3.241605 0.060622
13709 13714 3.263434 0.054544
13711 13714 3.241605 0.060622
13710 13715 3.648630 0.042866
13710 13717 3.648630 0.042866
13709 13718 3.263434 0.054544
13711 13718 3.241605 0.060622
13718 13725 3.648630 0.042866
13710 13719 3.012474 0.028062
13721 13725 3.012474 0.028062
13710 13722 3.012474 0.028062
13715 13724 3.263434 0.054544
13717 13724 3.263434 0.054544
13714 13725 3.648630 0.042866
13720 13725 3.012474 0.028062
13715 13726 3.241605 0.060622
13717 13726 3.241605 0.060622
13728 13733 3.263434 0.054544
13730 13733 3.241605 0.060622
13729 13734 3.648630 0.042866
13729 13736 3.648630 0.042866
13728 13737 3.263434 0.054544
13730 13737 3.241605 0.060622
13737 13744 3.648630 0.042866
13729 13738 3.012474 0.028062
13740 13744 3.012474 0.028062
13729 13741 3.012474 0.028062
13734 13743 3.263434 0.054544
13736 13743 3.263434 0.054544
13733 13744 3.648630 0.042866
13739 13744 3.012474 0.028062
13734 13745 3.241605 0.060622
13736 13745 3.241605 0.060622
13747 13752 3.263434 0.054544
13749 13752 3.241605 0.060622
13748 13753 3.648630 0.042866
13748 13755 3.648630 0.042866
13747 13756 3.263434 0.054544
13749 13756 3.241605 0.060622
13756 13763 3.648630 0.042866
13748 13757 3.012474 0.028062
13759 13763 3.012474 0.028062
13748 13760 3.012474 0.028062
13753 13762 3.263434 0.054544
13755 13762 3.263434 0.054544
13752 13763 3.648630 0.042866
13758 13763 3.012474 0.028062
13753 13764 3.241605 0.060622
13755 13764 3.241605 0.060622
13766 13771 3.263434 0.054544
13768 13771 3.241605 0.060622
13767 13772 3.648630 0.042866
13767 13774 3.648630 0.042866
13766 13775 3.263434 0.054544
13768 13775 3.241605 0.060622
13775 13782 3.648630 0.042866
13767 13776 3.012474 0.028062
13778 13782 3.012474 0.028062
13767 13779 3.012474 0.028062
13772 13781 3.263434 0.054544
13774 13781 3.263434 0.054544
13771 13782 3.648630 0.042866
13777 13782 3.012474 0.028062
13772 13783 3.241605 0.060622
13774 13783 3.241605 0.060622
13788 13790 0.000000 0.000000
13785 13791 3.263434 0.054544
13787 13791 3.241605 0.060622
13786 13792 3.648630 0.042866
13786 13794 3.648630 0.042866
13785 13795 3.263434 0.054544
13787 13795 3.241605 0.060622
13795 13802 3.648630 0.042866
13786 13796 3.012474 0.028062
13798 13802 3.012474 0.028062
13786 13799 3.012474 0.028062
13792 13801 3.263434 0.054544
13794 13801 3.263434 0.054544
13791 13802 3.648630 0.042866
13797 13802 3.012474 0.028062
13792 13803 3.241605 0.060622
13794 13803 3.241605 0.060622
13805 13810 3.263434 0.054544
13807 13810 3.241605 0.060622
13806 13811 3.648630 0.042866
13806 13813 3.648630 0.042866
13805 13814 3.263434 0.054544
13807 13814 3.241605 0.060622
13814 13821 3.648630 0.042866
13806 13815 3.012474 0.028062
13817 13821 3.012474 0.028062
13806 13818 3.012474 0.028062
13811 13820 3.263434 0.054544
13813 13820 3.263434 0.054544
13810 13821 3.648630 0.042866
13816 13821 3.012474 0.028062
13811 13822 3.241605 0.060622
13813 13822 3.241605 0.060622
13824 13829 3.263434 0.054544
13826 13829 3.241605 0.060622
13825 13830 3.648630 0.042866
13825 13832 3.648630 0.042866
13824 13833 3.263434 0.054544
13826 13833 3.241605 0.060622
13833 13840 3.648630 0.042866
13825 13834 3.012474 0.028062
13836 13840 3.012474 0.028062
13825 13837 3.012474 0.028062
13830 13839 3.263434 0.054544
13832 13839 3.263434 0.054544
13829 13840 3.648630 0.042866
13835 13840 3.012474 0.028062
13830 13841 3.241605 0.060622
13832 13841 3.241605 0.060622
13843 13848 3.263434 0.054544
13845 13848 3.241605 0.060622
13844 13849 3.648630 0.042866
13844 13851 3.648630 0.042866
13843 13852 3.263434 0.054544
13845 13852 3.241605 0.060622
13852 13859 3.648630 0.042866
13844 13853 3.012474 0.028062
13855 13859 3.012474 0.028062
13844 13856 3.012474 0.028062
13849 13858 3.263434 0.054544
13851 13858 3.263434 0.054544
13848 13859 3.648630 0.042866
13854 13859 3.012474 0.028062
13849 13860 3.241605 0.060622
13851 13860 3.241605 0.060622
13862 13867 3.263434 0.054544
13864 13867 3.241605 0.060622
13863 13868 3.648630 0.042866
13863 13870 3.648630 0.042866
13862 13871 3.263434 0.054544
13864 13871 3.241605 0.060622
13871 13878 3.648630 0.042866
13863 13872 3.012474 0.028062
13874 13878 3.012474 0.028062
13863 13875 3.012474 0.028062
13868 13877 3.241605 0.060622
13870 13877 3.241605 0.060622
13867 13878 3.648630 0.042866
13873 13878 3.012474 0.028062
13868 13879 3.263434 0.054544
13870 13879 3.263434 0.054544
13869 13880 0.000000 0.000000
13882 13887 3.263434 0.054544
13884 13887 3.241605 0.060622
13883 13888 3.648630 0.042866
13883 13890 3.648630 0.042866
13882 13891 3.263434 0.054544
13884 13891 3.241605 0.060622
13891 13898 3.648630 0.042866
13883 13892 3.012474 0.028062
13894 13898 3.012474 0.028062
13883 13895 3.012474 0.028062
13888 13897 3.263434 0.054544
13890 13897 3.263434 0.054544
13887 13898 3.648630 0.042866
13893 13898 3.012474 0.028062
13888 13899 3.241605 0.060622
13890 13899 3.241605 0.060622
13901 13906 3.263434 0.054544
13903 13906 3.241605 0.060622
13902 13907 3.648630 0.042866
13902 13909 3.648630 0.042866
13901 13910 3.263434 0.054544
13903 13910 3.241605 0.060622
13910 13917 3.648630 0.042866
13902 13911 3.012474 0.028062
13913 13917 3.012474 0.028062
13902 13914 3.012474 0.028062
13907 13916 3.263434 0.054544
13909 13916 3.263434 0.054544
13906 13917 3.648630 0.042866
13912 13917 3.012474 0.028062
13907 13918 3.241605 0.060622
13909 13918 3.241605 0.060622
13920 13925 3.263434 0.054544
13922 13925 3.241605 0.060622
13921 13926 3.648630 0.042866
13921 13928 3.648630 0.042866
13920 13929 3.263434 0.054544
13922 13929 3.241605 0.060622
13929 13936 3.648630 0.042866
13921 13930 3.012474 0.028062
13932 13936 3.012474 0.028062
13921 13933 3.012474 0.028062
13926 13935 3.263434 0.054544
13928 13935 3.263434 0.054544
13925 13936 3.648630 0.042866
13931 13936 3.012474 0.028062
13926 13937 3.241605 0.060622
13928 13937 3.241605 0.060622
13939 13944 3.263434 0.054544
13941 13944 3.241605 0.060622
13940 13945 3.648630 0.042866
13940 13947 3.648630 0.042866
13939 13948 3.263434 0.054544
13941 13948 3.241605 0.060622
13948 13955 3.648630 0.042866
13940 13949 3.012474 0.028062
13951 13955 3.012474 0.028062
13940 13952 3.012474 0.028062
13945 13954 3.263434 0.054544
13947 13954 3.263434 0.054544
13944 13955 3.648630 0.042866
13950 13955 3.012474 0.028062
13945 13956 3.241605 0.060622
13947 13956 3.241605 0.060622
13958 13963 3.263434 0.054544
13960 13963 3.241605 0.060622
13959 13964 3.648630 0.042866
13959 13966 3.648630 0.042866
13958 13967 3.263434 0.054544
13960 13967 3.241605 0.060622
13967 13974 3.648630 0.042866
13959 13968 3.012474 0.028062
13970 13974 3.012474 0.028062
13959 13971 3.012474 0.028062
13964 13973 3.263434 0.054544
13966 13973 3.263434 0.054544
13963 13974 3.648630 0.042866
13969 13974 3.012474 0.028062
13964 13975 3.241605 0.060622
13966 13975 3.241605 0.060622
13980 13982 0.000000 0.000000
13977 13983 3.263434 0.054544
13979 13983 3.241605 0.060622
13978 13984 3.648630 0.042866
13978 13986 3.648630 0.042866
13977 13987 3.263434 0.054544
13979 13987 3.241605 0.060622
13987 13994 3.648630 0.042866
13978 13988 3.012474 0.028062
13990 13994 3.012474 0.028062
13978 13991 3.012474 0.028062
13984 13993 3.263434 0.054544
13986 13993 3.263434 0.054544
13983 13994 3.648630 0.042866
13989 13994 3.012474 0.028062
13984 13995 3.241605 0.060622
13986 13995 3.241605 0.060622
13997 14002 3.263434 0.054544
13999 14002 3.241605 0.060622
13998 14003 3.648630 0.042866
13998 14005 3.648630 0.042866
13997 14006 3.263434 0.054544
13999 14006 3.241605 0.060622
14006 14013 3.648630 0.042866
13998 14007 3.012474 0.028062
14009 14013 3.012474 0.028062
13998 14010 3.012474 0.028062
14003 14012 3.263434 0.054544
14005 14012 3.263434 0.054544
14002 14013 3.648630 0.042866
14008 14013 3.012474 0.028062
14003 14014 3.241605 0.060622
14005 14014 3.241605 0.060622
14016 14021 3.263434 0.054544
14018 14021 3.241605 0.060622
14017 14022 3.648630 0.042866
14017 14024 3.648630 0.042866
14016 14025 3.263434 0.054544
14018 14025 3.241605 0.060622
14025 14032 3.648630 0.042866
14017 14026 3.012474 0.028062
14028 14032 3.012474 0.028062
14017 14029 3.012474 0.028062
14022 14031 3.263434 0.054544
14024 14031 3.263434 0.054544
14021 14032 3.648630 0.042866
14027 14032 3.012474 0.028062
14022 14033 3.241605 0.060622
14024 14033 3.241605 0.060622
14035 14040 3.263434 0.054544
14037 14040 3.241605 0.060622
14036 14041 3.648630 0.042866
14036 14043 3.648630 0.042866
14035 14044 3.263434 0.054544
14037 14044 3.241605 0.060622
14044 14051 3.648630 0.042866
14036 14045 3.012474 0.028062
14047 14051 3.012474 0.028062
14036 14048 3.012474 0.028062
14041 14050 3.263434 0.054544
14043 14050 3.263434 0.054544
14040 14051 3.648630 0.042866
14046 14051 3.012474 0.028062
14041 14052 3.241605 0.060622
14043 14052 3.241605 0.060622
14054 14059 3.263434 0.054544
14056 14059 3.241605 0.060622
14055 14060 3.648630 0.042866
14055 14062 3.648630 0.042866
14054 14063 3.263434 0.054544
14056 14063 3.241605 0.060622
14063 14070 3.648630 0.042866
14055 14064 3.012474 0.028062
14066 14070 3.012474 0.028062
14055 14067 3.012474 0.028062
14060 14069 3.263434 0.054544
14062 14069 3.263434 0.054544
14059 14070 3.648630 0.042866
14065 14070 3.012474 0.028062
14060 14071 3.241605 0.060622
14062 14071 3.241605 0.060622
14073 14078 3.263434 0.054544
14075 14078 3.241605 0.060622
14074 14079 3.648630 0.042866
14074 14081 3.648630 0.042866
14073 14082 3.263434 0.054544
14075 14082 3.241605 0.060622
14082 14089 3.648630 0.042866
14074 14083 3.012474 0.028062
14085 14089 3.012474 0.028062
14074 14086 3.012474 0.028062
14079 14088 3.263434 0.054544
14081 14088 3.263434 0.054544
14078 14089 3.648630 0.042866
14084 14089 3.012474 0.028062
14079 14090 3.241605 0.060622
14081 14090 3.241605 0.060622
14092 14097 3.263434 0.054544
14094 14097 3.241605 0.060622
14093 14098 3.648630 0.042866
14093 14100 3.648630 0.042866
14092 14101 3.263434 0.054544
14094 14101 3.241605 0.060622
14101 14108 3.648630 0.042866
14093 14102 3.012474 0.028062
14104 14108 3.012474 0.028062
14093 14105 3.012474 0.028062
14098 14107 3.263434 0.054544
14100 14107 3.263434 0.054544
14097 14108 3.648630 0.042866
14103 14108 3.012474 0.028062
14098 14109 3.241605 0.060622
14100 14109 3.241605 0.060622
14111 14116 3.263434 0.054544
14113 14116 3.241605 0.060622
14112 14117 3.648630 0.042866
14112 14119 3.648630 0.042866
14111 14120 3.263434 0.054544
14113 14120 3.241605 0.060622
14120 14127 3.648630 0.042866
14112 14121 3.012474 0.028062
14123 14127 3.012474 0.028062
14112 14124 3.012474 0.028062
14117 14126 3.263434 0.054544
14119 14126 3.263434 0.054544
14116 14127 3.648630 0.042866
14122 14127 3.012474 0.028062
14117 14128 3.241605 0.060622
14119 14128 3.241605 0.060622
14130 14135 3.263434 0.054544
14132 14135 3.241605 0.060622
14131 14136 3.648630 0.042866
14131 14138 3.648630 0.042866
14130 14139 3.263434 0.054544
14132 14139 3.241605 0.060622
14139 14146 3.648630 0.042866
14131 14140 3.012474 0.028062
14142 14146 3.012474 0.028062
14131 14143 3.012474 0.028062
14136 14145 3.263434 0.054544
14138 14145 3.263434 0.054544
14135 14146 3.648630 0.042866
14141 14146 3.012474 0.028062
14136 14147 3.241605 0.060622
14138 14147 3.241605 0.060622
14149 14154 3.263434 0.054544
14151 14154 3.241605 0.060622
14150 14155 3.648630 0.042866
14150 14157 3.648630 0.042866
14149 14158 3.263434 0.054544
14151 14158 3.241605 0.060622
14158 14165 3.648630 0.042866
14150 14159 3.012474 0.028062
14161 14165 3.012474 0.028062
14150 14162 3.012474 0.028062
14155 14164 3.263434 0.054544
14157 14164 3.263434 0.054544
14154 14165 3.648630 0.042866
14160 14165 3.012474 0.028062
14155 14166 3.241605 0.060622
14157 14166 3.241605 0.060622
14168 14173 3.263434 0.054544
14170 14173 3.241605 0.060622
14169 14174 3.648630 0.042866
14169 14176 3.648630 0.042866
14168 14177 3.263434 0.054544
14170 14177 3.241605 0.060622
14177 14184 3.648630 0.042866
14169 14178 3.012474 0.028062
14180 14184 3.012474 0.028062
14169 14181 3.012474 0.028062
14174 14183 3.241605 0.060622
14176 14183 3.241605 0.060622
14173 14184 3.648630 0.042866
14179 14184 3.012474 0.028062
14174 14185 3.263434 0.054544
14176 14185 3.263434 0.054544
14175 14186 0.000000 0.000000
14188 14193 3.263434 0.054544
14190 14193 3.241605 0.060622
14189 14194 3.648630 0.042866
14189 14196 3.648630 0.042866
14188 14197 3.263434 0.054544
14190 14197 3.241605 0.060622
14197 14204 3.648630 0.042866
14189 14198 3.012474 0.028062
14200 14204 3.012474 0.028062
14189 14201 3.012474 0.028062
14194 14203 3.263434 0.054544
14196 14203 3.263434 0.054544
14193 14204 3.648630 0.042866
14199 14204 3.012474 0.028062
14194 14205 3.241605 0.060622
14196 14205 3.241605 0.060622
14207 14212 3.263434 0.054544
14209 14212 3.241605 0.060622
14208 14213 3.648630 0.042866
14208 14215 3.648630 0.042866
14207 14216 3.263434 0.054544
14209 14216 3.241605 0.060622
14216 14223 3.648630 0.042866
14208 14217 3.012474 0.028062
14219 14223 3.012474 0.028062
14208 14220 3.012474 0.028062
14213 14222 3.263434 0.054544
14215 14222 3.263434 0.054544
14212 14223 3.648630 0.042866
14218 14223 3.012474 0.028062
14213 14224 3.241605 0.060622
14215 14224 3.241605 0.060622
14226 14231 3.263434 0.054544
14228 14231 3.241605 0.060622
14227 14232 3.648630 0.042866
14227 14234 3.648630 0.042866
14226 14235 3.263434 0.054544
14228 14235 3.241605 0.060622
14235 14242 3.648630 0.042866
14227 14236 3.012474 0.028062
14238 14242 3.012474 0.028062
14227 14239 3.012474 0.028062
14232 14241 3.263434 0.054544
14234 14241 3.263434 0.054544
14231 14242 3.648630 0.042866
14237 14242 3.012474 0.028062
14232 14243 3.241605 0.060622
14234 14243 3.241605 0.060622
14245 14250 3.263434 0.054544
14247 14250 3.241605 0.060622
14246 14251 3.648630 0.042866
14246 14253 3.648630 0.042866
14245 14254 3.263434 0.054544
14247 14254 3.241605 0.060622
14254 14261 3.648630 0.042866
14246 14255 3.012474 0.028062
14257 14261 3.012474 0.028062
14246 14258 3.012474 0.028062
14251 14260 3.241605 0.060622
14253 14260 3.241605 0.060622
14250 14261 3.648630 0.042866
14256 14261 3.012474 0.028062
14251 14262 3.263434 0.054544
14253 14262 3.263434 0.054544
14252 14263 0.000000 0.000000
14268 14270 0.000000 0.000000
14265 14271 3.263434 0.054544
14267 14271 3.241605 0.060622
14266 14272 3.648630 0.042866
14266 14274 3.648630 0.042866
14265 14275 3.263434 0.054544
14267 14275 3.241605 0.060622
14275 14282 3.648630 0.042866
14266 14276 3.012474 0.028062
14278 14282 3.012474 0.028062
14266 14279 3.012474 0.028062
14272 14281 3.263434 0.054544
14274 14281 3.263434 0.054544
14271 14282 3.648630 0.042866
14277 14282 3.012474 0.028062
14272 14283 3.241605 0.060622
14274 14283 3.241605 0.060622
14285 14290 3.263434 0.054544
14287 14290 3.241605 0.060622
14286 14291 3.648630 0.042866
14286 14293 3.648630 0.042866
14285 14294 3.263434 0.054544
14287 14294 3.241605 0.060622
14294 14301 3.648630 0.042866
14286 14295 3.012474 0.028062
14297 14301 3.012474 0.028062
14286 14298 3.012474 0.028062
14291 14300 3.263434 0.054544
14293 14300 3.263434 0.054544
14290 14301 3.648630 0.042866
14296 14301 3.012474 0.028062
14291 14302 3.241605 0.060622
14293 14302 3.241605 0.060622
14307 14309 0.000000 0.000000
14304 14310 3.263434 0.054544
14306 14310 3.241605 0.060622
14305 14311 3.648630 0.042866
14305 14313 3.648630 0.042866
14304 14314 3.263434 0.054544
14306 14314 3.241605 0.060622
14314 14321 3.648630 0.042866
14305 14315 3.012474 0.028062
14317 14321 3.012474 0.028062
14305 14318 3.012474 0.028062
14311 14320 3.263434 0.054544
14313 14320 3.263434 0.054544
14310 14321 3.648630 0.042866
14316 14321 3.012474 0.028062
14311 14322 3.241605 0.060622
14313 14322 3.241605 0.060622
14324 14329 3.263434 0.054544
14326 14329 3.241605 0.060622
14325 14330 3.648630 0.042866
14325 14332 3.648630 0.042866
14324 14333 3.263434 0.054544
14326 14333 3.241605 0.060622
14333 14340 3.648630 0.042866
14325 14334 3.012474 0.028062
14336 14340 3.012474 0.028062
14325 14337 3.012474 0.028062
14330 14339 3.263434 0.054544
14332 14339 3.263434 0.054544
14329 14340 3.648630 0.042866
14335 14340 3.012474 0.028062
14330 14341 3.241605 0.060622
14332 14341 3.241605 0.060622
14343 14348 3.263434 0.054544
14345 14348 3.241605 0.060622
14344 14349 3.648630 0.042866
14344 14351 3.648630 0.042866
14343 14352 3.263434 0.054544
14345 14352 3.241605 0.060622
14352 14359 3.648630 0.042866
14344 14353 3.012474 0.028062
14355 14359 3.012474 0.028062
14344 14356 3.012474 0.028062
14349 14358 3.263434 0.054544
14351 14358 3.263434 0.054544
14348 14359 3.648630 0.042866
14354 14359 3.012474 0.028062
14349 14360 3.241605 0.060622
14351 14360 3.241605 0.060622
14362 14367 3.263434 0.054544
14364 14367 3.241605 0.060622
14363 14368 3.648630 0.042866
14363 14370 3.648630 0.042866
14362 14371 3.263434 0.054544
14364 14371 3.241605 0.060622
14371 14378 3.648630 0.042866
14363 14372 3.012474 0.028062
14374 14378 3.012474 0.028062
14363 14375 3.012474 0.028062
14368 14377 3.263434 0.054544
14370 14377 3.263434 0.054544
14367 14378 3.648630 0.042866
14373 14378 3.012474 0.028062
14368 14379 3.241605 0.060622
14370 14379 3.241605 0.060622
14381 14386 3.263434 0.054544
14383 14386 3.241605 0.060622
14382 14387 3.648630 0.042866
14382 14389 3.648630 0.042866
14381 14390 3.263434 0.054544
14383 14390 3.241605 0.060622
14390 14397 3.648630 0.042866
14382 14391 3.012474 0.028062
14393 14397 3.012474 0.028062
14382 14394 3.012474 0.028062
14387 14396 3.263434 0.054544
14389 14396 3.263434 0.054544
14386 14397 3.648630 0.042866
14392 14397 3.012474 0.028062
14387 14398 3.241605 0.060622
14389 14398 3.241605 0.060622
14400 14405 3.263434 0.054544
14402 14405 3.241605 0.060622
14401 14406 3.648630 0.042866
14401 14408 3.648630 0.042866
14400 14409 3.263434 0.054544
14402 14409 3.241605 0.060622
14409 14416 3.648630 0.042866
14401 14410 3.012474 0.028062
14412 14416 3.012474 0.028062
14401 14413 3.012474 0.028062
14406 14415 3.263434 0.054544
14408 14415 3.263434 0.054544
14405 14416 3.648630 0.042866
14411 14416 3.012474 0.028062
14406 14417 3.241605 0.060622
14408 14417 3.241605 0.060622
14422 14424 0.000000 0.000000
14419 14425 3.263434 0.054544
14421 14425 3.241605 0.060622
14420 14426 3.648630 0.042866
14420 14428 3.648630 0.042866
14419 14429 3.263434 0.054544
14421 14429 3.241605 0.060622
14429 14436 3.648630 0.042866
14420 14430 3.012474 0.028062
14432 14436 3.012474 0.028062
14420 14433 3.012474 0.028062
14426 14435 3.241605 0.060622
14428 14435 3.241605 0.060622
14425 14436 3.648630 0.042866
14431 14436 3.012474 0.028062
14426 14437 3.263434 0.054544
14428 14437 3.263434 0.054544
14427 14438 0.000000 0.000000
14440 14445 3.263434 0.054544
14442 14445 3.241605 0.060622
14441 14446 3.648630 0.042866
14441 14448 3.648630 0.042866
14440 14449 3.263434 0.054544
14442 14449 3.241605 0.060622
14449 14456 3.648630 0.042866
14441 14450 3.012474 0.028062
14452 14456 3.012474 0.028062
14441 14453 3.012474 0.028062
14446 14455 3.263434 0.054544
14448 14455 3.263434 0.054544
14445 14456 3.648630 0.042866
14451 14456 3.012474 0.028062
14446 14457 3.241605 0.060622
14448 14457 3.241605 0.060622
14459 14464 3.263434 0.054544
14461 14464 3.241605 0.060622
14460 14465 3.648630 0.042866
14460 14467 3.648630 0.042866
14459 14468 3.263434 0.054544
14461 14468 3.241605 0.060622
14468 14475 3.648630 0.042866
14460 14469 3.012474 0.028062
14471 14475 3.012474 0.028062
14460 14472 3.012474 0.028062
14465 14474 3.263434 0.054544
14467 14474 3.263434 0.054544
14464 14475 3.648630 0.042866
14470 14475 3.012474 0.028062
14465 14476 3.241605 0.060622
14467 14476 3.241605 0.060622
14478 14483 3.263434 0.054544
14480 14483 3.241605 0.060622
14479 14484 3.648630 0.042866
14479 14486 3.648630 0.042866
14478 14487 3.263434 0.054544
14480 14487 3.241605 0.060622
14487 14494 3.648630 0.042866
14479 14488 3.012474 0.028062
14490 14494 3.012474 0.028062
14479 14491 3.012474 0.028062
14484 14493 3.263434 0.054544
14486 14493 3.263434 0.054544
14483 14494 3.648630 0.042866
14489 14494 3.012474 0.028062
14484 14495 3.241605 0.060622
14486 14495 3.241605 0.060622
14497 14502 3.263434 0.054544
14499 14502 3.241605 0.060622
14498 14503 3.648630 0.042866
14498 14505 3.648630 0.042866
14497 14506 3.263434 0.054544
14499 14506 3.241605 0.060622
14506 14513 3.648630 0.042866
14498 14507 3.012474 0.028062
14509 14513 3.012474 0.028062
14498 14510 3.012474 0.028062
14503 14512 3.263434 0.054544
14505 14512 3.263434 0.054544
14502 14513 3.648630 0.042866
14508 14513 3.012474 0.028062
14503 14514 3.241605 0.060622
14505 14514 3.241605 0.060622
14516 14521 3.263434 0.054544
14518 14521 3.241605 0.060622
14517 14522 3.648630 0.042866
14517 14524 3.648630 0.042866
14516 14525 3.263434 0.054544
14518 14525 3.241605 0.060622
14525 14532 3.648630 0.042866
14517 14526 3.012474 0.028062
14528 14532 3.012474 0.028062
14517 14529 3.012474 0.028062
14522 14531 3.263434 0.054544
14524 14531 3.263434 0.054544
14521 14532 3.648630 0.042866
14527 14532 3.012474 0.028062
14522 14533 3.241605 0.060622
14524 14533 3.241605 0.060622
14535 14540 3.263434 0.054544
14537 14540 3.241605 0.060622
14536 14541 3.648630 0.042866
14536 14543 3.648630 0.042866
14535 14544 3.263434 0.054544
14537 14544 3.241605 0.060622
14544 14551 3.648630 0.042866
14536 14545 3.012474 0.028062
14547 14551 3.012474 0.028062
14536 14548 3.012474 0.028062
14541 14550 3.263434 0.054544
14543 14550 3.263434 0.054544
14540 14551 3.648630 0.042866
14546 14551 3.012474 0.028062
14541 14552 3.241605 0.060622
14543 14552 3.241605 0.060622
14557 14559 0.000000 0.000000
14554 14560 3.263434 0.054544
14556 14560 3.241605 0.060622
14555 14561 3.648630 0.042866
14555 14563 3.648630 0.042866
14554 14564 3.263434 0.054544
14556 14564 3.241605 0.060622
14564 14571 3.648630 0.042866
14555 14565 3.012474 0.028062
14567 14571 3.012474 0.028062
14555 14568 3.012474 0.028062
14561 14570 3.263434 0.054544
14563 14570 3.263434 0.054544
14560 14571 3.648630 0.042866
14566 14571 3.012474 0.028062
14561 14572 3.241605 0.060622
14563 14572 3.241605 0.060622
14574 14579 3.263434 0.054544
14576 14579 3.241605 0.060622
14575 14580 3.648630 0.042866
14575 14582 3.648630 0.042866
14574 14583 3.263434 0.054544
14576 14583 3.241605 0.060622
14583 14590 3.648630 0.042866
14575 14584 3.012474 0.028062
14586 14590 3.012474 0.028062
14575 14587 3.012474 0.028062
14580 14589 3.263434 0.054544
14582 14589 3.263434 0.054544
14579 14590 3.648630 0.042866
14585 14590 3.012474 0.028062
14580 14591 3.241605 0.060622
14582 14591 3.241605 0.060622
14593 14598 3.263434 0.054544
14595 14598 3.241605 0.060622
14594 14599 3.648630 0.042866
14594 14601 3.648630 0.042866
14593 14602 3.263434 0.054544
14595 14602 3.241605 0.060622
14602 14609 3.648630 0.042866
14594 14603 3.012474 0.028062
14605 14609 3.012474 0.028062
14594 14606 3.012474 0.028062
14599 14608 3.241605 0.060622
14601 14608 3.241605 0.060622
14598 14609 3.648630 0.042866
14604 14609 3.012474 0.028062
14599 14610 3.263434 0.054544
14601 14610 3.263434 0.054544
14600 14611 0.000000 0.000000
14616 14618 0.000000 0.000000
14613 14619 3.263434 0.054544
14615 14619 3.241605 0.060622
14614 14620 3.648630 0.042866
14614 14622 3.648630 0.042866
14613 14623 3.263434 0.054544
14615 14623 3.241605 0.060622
14623 14630 3.648630 0.042866
14614 14624 3.012474 0.028062
14626 14630 3.012474 0.028062
14614 14627 3.012474 0.028062
14620 14629 3.241605 0.060622
14622 14629 3.241605 0.060622
14619 14630 3.648630 0.042866
14625 14630 3.012474 0.028062
14620 14631 3.263434 0.054544
14622 14631 3.263434 0.054544
14621 14632 0.000000 0.000000
14634 14639 3.263434 0.054544
14636 14639 3.241605 0.060622
14635 14640 3.648630 0.042866
14635 14642 3.648630 0.042866
14634 14643 3.263434 0.054544
14636 14643 3.241605 0.060622
14643 14650 3.648630 0.042866
14635 14644 3.012474 0.028062
14646 14650 3.012474 0.028062
14635 14647 3.012474 0.028062
14640 14649 3.263434 0.054544
14642 14649 3.263434 0.054544
14639 14650 3.648630 0.042866
14645 14650 3.012474 0.028062
14640 14651 3.241605 0.060622
14642 14651 3.241605 0.060622
14653 14658 3.263434 0.054544
14655 14658 3.241605 0.060622
14654 14659 3.648630 0.042866
14654 14661 3.648630 0.042866
14653 14662 3.263434 0.054544
14655 14662 3.241605 0.060622
14662 14669 3.648630 0.042866
14654 14663 3.012474 0.028062
14665 14669 3.012474 0.028062
14654 14666 3.012474 0.028062
14659 14668 3.263434 0.054544
14661 14668 3.263434 0.054544
14658 14669 3.648630 0.042866
14664 14669 3.012474 0.028062
14659 14670 3.241605 0.060622
14661 14670 3.241605 0.060622
14672 14677 3.263434 0.054544
14674 14677 3.241605 0.060622
14673 14678 3.648630 0.042866
14673 14680 3.648630 0.042866
14672 14681 3.263434 0.054544
14674 14681 3.241605 0.060622
14681 14688 3.648630 0.042866
14673 14682 3.012474 0.028062
14684 14688 3.012474 0.028062
14673 14685 3.012474 0.028062
14678 14687 3.263434 0.054544
14680 14687 3.263434 0.054544
14677 14688 3.648630 0.042866
14683 14688 3.012474 0.028062
14678 14689 3.241605 0.060622
14680 14689 3.241605 0.060622
14691 14696 3.263434 0.054544
14693 14696 3.241605 0.060622
14692 14697 3.648630 0.042866
14692 14699 3.648630 0.042866
14691 14700 3.263434 0.054544
14693 14700 3.241605 0.060622
14700 14707 3.648630 0.042866
14692 14701 3.012474 0.028062
14703 14707 3.012474 0.028062
14692 14704 3.012474 0.028062
14697 14706 3.263434 0.054544
14699 14706 3.263434 0.054544
14696 14707 3.648630 0.042866
14702 14707 3.012474 0.028062
14697 14708 3.241605 0.060622
14699 14708 3.241605 0.060622
14713 14715 0.000000 0.000000
14710 14716 3.263434 0.054544
14712 14716 3.241605 0.060622
14711 14717 3.648630 0.042866
14711 14719 3.648630 0.042866
14710 14720 3.263434 0.054544
14712 14720 3.241605 0.060622
14720 14727 3.648630 0.042866
14711 14721 3.012474 0.028062
14723 14727 3.012474 0.028062
14711 14724 3.012474 0.028062
14717 14726 3.263434 0.054544
14719 14726 3.263434 0.054544
14716 14727 3.648630 0.042866
14722 14727 3.012474 0.028062
14717 14728 3.241605 0.060622
14719 14728 3.241605 0.060622
14730 14735 3.263434 0.054544
14732 14735 3.241605 0.060622
14731 14736 3.648630 0.042866
14731 14738 3.648630 0.042866
14730 14739 3.263434 0.054544
14732 14739 3.241605 0.060622
14739 14746 3.648630 0.042866
14731 14740 3.012474 0.028062
14742 14746 3.012474 0.028062
14731 14743 3.012474 0.028062
14736 14745 3.263434 0.054544
14738 14745 3.263434 0.054544
14735 14746 3.648630 0.042866
14741 14746 3.012474 0.028062
14736 14747 3.241605 0.060622
14738 14747 3.241605 0.060622
14749 14754 3.263434 0.054544
14751 14754 3.241605 0.060622
14750 14755 3.648630 0.042866
14750 14757 3.648630 0.042866
14749 14758 3.263434 0.054544
14751 14758 3.241605 0.060622
14758 14765 3.648630 0.042866
14750 14759 3.012474 0.028062
14761 14765 3.012474 0.028062
14750 14762 3.012474 0.028062
14755 14764 3.263434 0.054544
14757 14764 3.263434 0.054544
14754 14765 3.648630 0.042866
14760 14765 3.012474 0.028062
14755 14766 3.241605 0.060622
14757 14766 3.241605 0.060622
14768 14773 3.263434 0.054544
14770 14773 3.241605 0.060622
14769 14774 3.648630 0.042866
14769 14776 3.648630 0.042866
14768 14777 3.263434 0.054544
14770 14777 3.241605 0.060622
14777 14784 3.648630 0.042866
14769 14778 3.012474 0.028062
14780 14784 3.012474 0.028062
14769 14781 3.012474 0.028062
14774 14783 3.241605 0.060622
14776 14783 3.241605 0.060622
14773 14784 3.648630 0.042866
14779 14784 3.012474 0.028062
14774 14785 3.263434 0.054544
14776 14785 3.263434 0.054544
14775 14786 0.000000 0.000000
14788 14793 3.263434 0.054544
14790 14793 3.241605 0.060622
14789 14794 3.648630 0.042866
14789 14796 3.648630 0.042866
14788 14797 3.263434 0.054544
14790 14797 3.241605 0.060622
14797 14804 3.648630 0.042866
14789 14798 3.012474 0.028062
14800 14804 3.012474 0.028062
14789 14801 3.012474 0.028062
14794 14803 3.263434 0.054544
14796 14803 3.263434 0.054544
14793 14804 3.648630 0.042866
14799 14804 3.012474 0.028062
14794 14805 3.241605 0.060622
14796 14805 3.241605 0.060622
14807 14812 3.263434 0.054544
14809 14812 3.241605 0.060622
14808 14813 3.648630 0.042866
14808 14815 3.648630 0.042866
14807 14816 3.263434 0.054544
14809 14816 3.241605 0.060622
14816 14823 3.648630 0.042866
14808 14817 3.012474 0.028062
14819 14823 3.012474 0.028062
14808 14820 3.012474 0.028062
14813 14822 3.263434 0.054544
14815 14822 3.263434 0.054544
14812 14823 3.648630 0.042866
14818 14823 3.012474 0.028062
14813 14824 3.241605 0.060622
14815 14824 3.241605 0.060622
14826 14831 3.263434 0.054544
14828 14831 3.241605 0.060622
14827 14832 3.648630 0.042866
14827 14834 3.648630 0.042866
14826 14835 3.263434 0.054544
14828 14835 3.241605 0.060622
14835 14842 3.648630 0.042866
14827 14836 3.012474 0.028062
14838 14842 3.012474 0.028062
14827 14839 3.012474 0.028062
14832 14841 3.241605 0.060622
14834 14841 3.241605 0.060622
14831 14842 3.648630 0.042866
14837 14842 3.012474 0.028062
14832 14843 3.263434 0.054544
14834 14843 3.263434 0.054544
14833 14844 0.000000 0.000000
14846 14851 3.263434 0.054544
14848 14851 3.241605 0.060622
14847 14852 3.648630 0.042866
14847 14854 3.648630 0.042866
14846 14855 3.263434 0.054544
14848 14855 3.241605 0.060622
14855 14862 3.648630 0.042866
14847 14856 3.012474 0.028062
14858 14862 3.012474 0.028062
14847 14859 3.012474 0.028062
14852 14861 3.263434 0.054544
14854 14861 3.263434 0.054544
14851 14862 3.648630 0.042866
14857 14862 3.012474 0.028062
14852 14863 3.241605 0.060622
14854 14863 3.241605 0.060622
14865 14870 3.263434 0.054544
14867 14870 3.241605 0.060622
14866 14871 3.648630 0.042866
14866 14873 3.648630 0.042866
14865 14874 3.263434 0.054544
14867 14874 3.241605 0.060622
14874 14881 3.648630 0.042866
14866 14875 3.012474 0.028062
14877 14881 3.012474 0.028062
14866 14878 3.012474 0.028062
14871 14880 3.263434 0.054544
14873 14880 3.263434 0.054544
14870 14881 3.648630 0.042866
14876 14881 3.012474 0.028062
14871 14882 3.241605 0.060622
14873 14882 3.241605 0.060622
14884 14889 3.263434 0.054544
14886 14889 3.241605 0.060622
14885 14890 3.648630 0.042866
14885 14892 3.648630 0.042866
14884 14893 3.263434 0.054544
14886 14893 3.241605 0.060622
14893 14900 3.648630 0.042866
14885 14894 3.012474 0.028062
14896 14900 3.012474 0.028062
14885 14897 3.012474 0.028062
14890 14899 3.263434 0.054544
14892 14899 3.263434 0.054544
14889 14900 3.648630 0.042866
14895 14900 3.012474 0.028062
14890 14901 3.241605 0.060622
14892 14901 3.241605 0.060622
14903 14908 3.263434 0.054544
14905 14908 3.241605 0.060622
14904 14909 3.648630 0.042866
14904 14911 3.648630 0.042866
14903 14912 3.263434 0.054544
14905 14912 3.241605 0.060622
14912 14919 3.648630 0.042866
14904 14913 3.012474 0.028062
14915 14919 3.012474 0.028062
14904 14916 3.012474 0.028062
14909 14918 3.263434 0.054544
14911 14918 3.263434 0.054544
14908 14919 3.648630 0.042866
14914 14919 3.012474 0.028062
14909 14920 3.241605 0.060622
14911 14920 3.241605 0.060622
14922 14927 3.263434 0.054544
14924 14927 3.241605 0.060622
14923 14928 3.648630 0.042866
14923 14930 3.648630 0.042866
14922 14931 3.263434 0.054544
14924 14931 3.241605 0.060622
14931 14938 3.648630 0.042866
14923 14932 3.012474 0.028062
14934 14938 3.012474 0.028062
14923 14935 3.012474 0.028062
14928 14937 3.263434 0.054544
14930 14937 3.263434 0.054544
14927 14938 3.648630 0.042866
14933 14938 3.012474 0.028062
14928 14939 3.241605 0.060622
14930 14939 3.241605 0.060622
14944 14946 0.000000 0.000000
14941 14947 3.263434 0.054544
14943 14947 3.241605 0.060622
14942 14948 3.648630 0.042866
14942 14950 3.648630 0.042866
14941 14951 3.263434 0.054544
14943 14951 3.241605 0.060622
14951 14958 3.648630 0.042866
14942 14952 3.012474 0.028062
14954 14958 3.012474 0.028062
14942 14955 3.012474 0.028062
14948 14957 3.263434 0.054544
14950 14957 3.263434 0.054544
14947 14958 3.648630 0.042866
14953 14958 3.012474 0.028062
14948 14959 3.241605 0.060622
14950 14959 3.241605 0.060622
14964 14966 0.000000 0.000000
14961 14967 3.263434 0.054544
14963 14967 3.241605 0.060622
14962 14968 3.648630 0.042866
14962 14970 3.648630 0.042866
14961 14971 3.263434 0.054544
14963 14971 3.241605 0.060622
14971 14978 3.648630 0.042866
14962 14972 3.012474 0.028062
14974 14978 3.012474 0.028062
14962 14975 3.012474 0.028062
14968 14977 3.263434 0.054544
14970 14977 3.263434 0.054544
14967 14978 3.648630 0.042866
14973 14978 3.012474 0.028062
14968 14979 3.241605 0.060622
14970 14979 3.241605 0.060622
14981 14986 3.263434 0.054544
14983 14986 3.241605 0.060622
14982 14987 3.648630 0.042866
14982 14989 3.648630 0.042866
14981 14990 3.263434 0.054544
14983 14990 3.241605 0.060622
14990 14997 3.648630 0.042866
14982 14991 3.012474 0.028062
14993 14997 3.012474 0.028062
14982 14994 3.012474 0.028062
14987 14996 3.263434 0.054544
14989 14996 3.263434 0.054544
14986 14997 3.648630 0.042866
14992 14997 3.012474 0.028062
14987 14998 3.241605 0.060622
14989 14998 3.241605 0.060622
15000 15005 3.263434 0.054544
15002 15005 3.241605 0.060622
15001 15006 3.648630 0.042866
15001 15008 3.648630 0.042866
15000 15009 3.263434 0.054544
15002 15009 3.241605 0.060622
15009 15016 3.648630 0.042866
15001 15010 3.012474 0.028062
15012 15016 3.012474 0.028062
15001 15013 3.012474 0.028062
15006 15015 3.263434 0.054544
15008 15015 3.263434 0.054544
15005 15016 3.648630 0.042866
15011 15016 3.012474 0.028062
15006 15017 3.241605 0.060622
15008 15017 3.241605 0.060622
15019 15024 3.263434 0.054544
15021 15024 3.241605 0.060622
15020 15025 3.648630 0.042866
15020 15027 3.648630 0.042866
15019 15028 3.263434 0.054544
15021 15028 3.241605 0.060622
15028 15035 3.648630 0.042866
15020 15029 3.012474 0.028062
15031 15035 3.012474 0.028062
15020 15032 3.012474 0.028062
15025 15034 3.263434 0.054544
15027 15034 3.263434 0.054544
15024 15035 3.648630 0.042866
15030 15035 3.012474 0.028062
15025 15036 3.241605 0.060622
15027 15036 3.241605 0.060622
15041 15043 0.000000 0.000000
15038 15044 3.263434 0.054544
15040 15044 3.241605 0.060622
15039 15045 3.648630 0.042866
15039 15047 3.648630 0.042866
15038 15048 3.263434 0.054544
15040 15048 3.241605 0.060622
15048 15055 3.648630 0.042866
15039 15049 3.012474 0.028062
15051 15055 3.012474 0.028062
15039 15052 3.012474 0.028062
15045 15054 3.263434 0.054544
15047 15054 3.263434 0.054544
15044 15055 3.648630 0.042866
15050 15055 3.012474 0.028062
15045 15056 3.241605 0.060622
15047 15056 3.241605 0.060622
15058 15063 3.263434 0.054544
15060 15063 3.241605 0.060622
15059 15064 3.648630 0.042866
15059 15066 3.648630 0.042866
15058 15067 3.263434 0.054544
15060 15067 3.241605 0.060622
15067 15074 3.648630 0.042866
15059 15068 3.012474 0.028062
15070 15074 3.012474 0.028062
15059 15071 3.012474 0.028062
15064 15073 3.263434 0.054544
15066 15073 3.263434 0.054544
15063 15074 3.648630 0.042866
15069 15074 3.012474 0.028062
15064 15075 3.241605 0.060622
15066 15075 3.241605 0.060622
15077 15082 3.263434 0.054544
15079 15082 3.241605 0.060622
15078 15083 3.648630 0.042866
15078 15085 3.648630 0.042866
15077 15086 3.263434 0.054544
15079 15086 3.241605 0.060622
15086 15093 3.648630 0.042866
15078 15087 3.012474 0.028062
15089 15093 3.012474 0.028062
15078 15090 3.012474 0.028062
15083 15092 3.263434 0.054544
15085 15092 3.263434 0.054544
15082 15093 3.648630 0.042866
15088 15093 3.012474 0.028062
15083 15094 3.241605 0.060622
15085 15094 3.241605 0.060622
15096 15101 3.263434 0.054544
15098 15101 3.241605 0.060622
15097 15102 3.648630 0.042866
15097 15104 3.648630 0.042866
15096 15105 3.263434 0.054544
15098 15105 3.241605 0.060622
15105 15112 3.648630 0.042866
15097 15106 3.012474 0.028062
15108 15112 3.012474 0.028062
15097 15109 3.012474 0.028062
15102 15111 3.263434 0.054544
15104 15111 3.263434 0.054544
15101 15112 3.648630 0.042866
15107 15112 3.012474 0.028062
15102 15113 3.241605 0.060622
15104 15113 3.241605 0.060622
15115 15120 3.263434 0.054544
15117 15120 3.241605 0.060622
15116 15121 3.648630 0.042866
15116 15123 3.648630 0.042866
15115 15124 3.263434 0.054544
15117 15124 3.241605 0.060622
15124 15131 3.648630 0.042866
15116 15125 3.012474 0.028062
15127 15131 3.012474 0.028062
15116 15128 3.012474 0.028062
15121 15130 3.263434 0.054544
15123 15130 3.263434 0.054544
15120 15131 3.648630 0.042866
15126 15131 3.012474 0.028062
15121 15132 3.241605 0.060622
15123 15132 3.241605 0.060622
15134 15139 3.263434 0.054544
15136 15139 3.241605 0.060622
15135 15140 3.648630 0.042866
15135 15142 3.648630 0.042866
15134 15143 3.263434 0.054544
15136 15143 3.241605 0.060622
15143 15150 3.648630 0.042866
15135 15144 3.012474 0.028062
15146 15150 3.012474 0.028062
15135 15147 3.012474 0.028062
15140 15149 3.263434 0.054544
15142 15149 3.263434 0.054544
15139 15150 3.648630 0.042866
15145 15150 3.012474 0.028062
15140 15151 3.241605 0.060622
15142 15151 3.241605 0.060622
15153 15158 3.263434 0.054544
15155 15158 3.241605 0.060622
15154 15159 3.648630 0.042866
15154 15161 3.648630 0.042866
15153 15162 3.263434 0.054544
15155 15162 3.241605 0.060622
15162 15169 3.648630 0.042866
15154 15163 3.012474 0.028062
15165 15169 3.012474 0.028062
15154 15166 3.012474 0.028062
15159 15168 3.263434 0.054544
15161 15168 3.263434 0.054544
15158 15169 3.648630 0.042866
15164 15169 3.012474 0.028062
15159 15170 3.241605 0.060622
15161 15170 3.241605 0.060622
15172 15177 3.263434 0.054544
15174 15177 3.241605 0.060622
15173 15178 3.648630 0.042866
15173 15180 3.648630 0.042866
15172 15181 3.263434 0.054544
15174 15181 3.241605 0.060622
15181 15188 3.648630 0.042866
15173 15182 3.012474 0.028062
15184 15188 3.012474 0.028062
15173 15185 3.012474 0.028062
15178 15187 3.263434 0.054544
15180 15187 3.263434 0.054544
15177 15188 3.648630 0.042866
15183 15188 3.012474 0.028062
15178 15189 3.241605 0.060622
15180 15189 3.241605 0.060622
15191 15196 3.263434 0.054544
15193 15196 3.241605 0.060622
15192 15197 3.648630 0.042866
15192 15199 3.648630 0.042866
15191 15200 3.263434 0.054544
15193 15200 3.241605 0.060622
15200 15207 3.648630 0.042866
15192 15201 3.012474 0.028062
15203 15207 3.012474 0.028062
15192 15204 3.012474 0.028062
15197 15206 3.241605 0.060622
15199 15206 3.241605 0.060622
15196 15207 3.648630 0.042866
15202 15207 3.012474 0.028062
15197 15208 3.263434 0.054544
15199 15208 3.263434 0.054544
15198 15209 0.000000 0.000000
15211 15216 3.263434 0.054544
15213 15216 3.241605 0.060622
15212 15217 3.648630 0.042866
15212 15219 3.648630 0.042866
15211 15220 3.263434 0.054544
15213 15220 3.241605 0.060622
15220 15227 3.648630 0.042866
15212 15221 3.012474 0.028062
15223 15227 3.012474 0.028062
15212 15224 3.012474 0.028062
15217 15226 3.263434 0.054544
15219 15226 3.263434 0.054544
15216 15227 3.648630 0.042866
15222 15227 3.012474 0.028062
15217 15228 3.241605 0.060622
15219 15228 3.241605 0.060622
15230 15235 3.263434 0.054544
15232 15235 3.241605 0.060622
15231 15236 3.648630 0.042866
15231 15238 3.648630 0.042866
15230 15239 3.263434 0.054544
15232 15239 3.241605 0.060622
15239 15246 3.648630 0.042866
15231 15240 3.012474 0.028062
15242 15246 3.012474 0.028062
15231 15243 3.012474 0.028062
15236 15245 3.263434 0.054544
15238 15245 3.263434 0.054544
15235 15246 3.648630 0.042866
15241 15246 3.012474 0.028062
15236 15247 3.241605 0.060622
15238 15247 3.241605 0.060622
15249 15254 3.263434 0.054544
15251 15254 3.241605 0.060622
15250 15255 3.648630 0.042866
15250 15257 3.648630 0.042866
15249 15258 3.263434 0.054544
15251 15258 3.241605 0.060622
15258 15265 3.648630 0.042866
15250 15259 3.012474 0.028062
15261 15265 3.012474 0.028062
15250 15262 3.012474 0.028062
15255 15264 3.263434 0.054544
15257 15264 3.263434 0.054544
15254 15265 3.648630 0.042866
15260 15265 3.012474 0.028062
15255 15266 3.241605 0.060622
15257 15266 3.241605 0.060622
15268 15273 3.263434 0.054544
15270 15273 3.241605 0.060622
15269 15274 3.648630 0.042866
15269 15276 3.648630 0.042866
15268 15277 3.263434 0.054544
15270 15277 3.241605 0.060622
15277 15284 3.648630 0.042866
15269 15278 3.012474 0.028062
15280 15284 3.012474 0.028062
15269 15281 3.012474 0.028062
15274 15283 3.263434 0.054544
15276 15283 3.263434 0.054544
15273 15284 3.648630 0.042866
15279 15284 3.012474 0.028062
15274 15285 3.241605 0.060622
15276 15285 3.241605 0.060622
15287 15292 3.263434 0.054544
15289 15292 3.241605 0.060622
15288 15293 3.648630 0.042866
15288 15295 3.648630 0.042866
15287 15296 3.263434 0.054544
15289 15296 3.241605 0.060622
15296 15303 3.648630 0.042866
15288 15297 3.012474 0.028062
15299 15303 3.012474 0.028062
15288 15300 3.012474 0.028062
15293 15302 3.241605 0.060622
15295 15302 3.241605 0.060622
15292 15303 3.648630 0.042866
15298 15303 3.012474 0.028062
15293 15304 3.263434 0.054544
15295 15304 3.263434 0.054544
15294 15305 0.000000 0.000000
15307 15312 3.263434 0.054544
15309 15312 3.241605 0.060622
15308 15313 3.648630 0.042866
15308 15315 3.648630 0.042866
15307 15316 3.263434 0.054544
15309 15316 3.241605 0.060622
15316 15323 3.648630 0.042866
15308 15317 3.012474 0.028062
15319 15323 3.012474 0.028062
15308 15320 3.012474 0.028062
15313 15322 3.263434 0.054544
15315 15322 3.263434 0.054544
15312 15323 3.648630 0.042866
15318 15323 3.012474 0.028062
15313 15324 3.241605 0.060622
15315 15324 3.241605 0.060622
15326 15331 3.263434 0.054544
15328 15331 3.241605 0.060622
15327 15332 3.648630 0.042866
15327 15334 3.648630 0.042866
15326 15335 3.263434 0.054544
15328 15335 3.241605 0.060622
15335 15342 3.648630 0.042866
15327 15336 3.012474 0.028062
15338 15342 3.012474 0.028062
15327 15339 3.012474 0.028062
15332 15341 3.263434 0.054544
15334 15341 3.263434 0.054544
15331 15342 3.648630 0.042866
15337 15342 3.012474 0.028062
15332 15343 3.241605 0.060622
15334 15343 3.241605 0.060622
15345 15350 3.263434 0.054544
15347 15350 3.241605 0.060622
15346 15351 3.648630 0.042866
15346 15353 3.648630 0.042866
15345 15354 3.263434 0.054544
15347 15354 3.241605 0.060622
15354 15361 3.648630 0.042866
15346 15355 3.012474 0.028062
15357 15361 3.012474 0.028062
15346 15358 3.012474 0.028062
15351 15360 3.263434 0.054544
15353 15360 3.263434 0.054544
15350 15361 3.648630 0.042866
15356 15361 3.012474 0.028062
15351 15362 3.241605 0.060622
15353 15362 3.241605 0.060622
15367 15369 0.000000 0.000000
15364 15370 3.263434 0.054544
15366 15370 3.241605 0.060622
15365 15371 3.648630 0.042866
15365 15373 3.648630 0.042866
15364 15374 3.263434 0.054544
15366 15374 3.241605 0.060622
15374 15381 3.648630 0.042866
15365 15375 3.012474 0.028062
15377 15381 3.012474 0.028062
15365 15378 3.012474 0.028062
15371 15380 3.263434 0.054544
15373 15380 3.263434 0.054544
15370 15381 3.648630 0.042866
15376 15381 3.012474 0.028062
15371 15382 3.241605 0.060622
15373 15382 3.241605 0.060622
15384 15389 3.263434 0.054544
15386 15389 3.241605 0.060622
15385 15390 3.648630 0.042866
15385 15392 3.648630 0.042866
15384 15393 3.263434 0.054544
15386 15393 3.241605 0.060622
15393 15400 3.648630 0.042866
15385 15394 3.012474 0.028062
15396 15400 3.012474 0.028062
15385 15397 3.012474 0.028062
15390 15399 3.263434 0.054544
15392 15399 3.263434 0.054544
15389 15400 3.648630 0.042866
15395 15400 3.012474 0.028062
15390 15401 3.241605 0.060622
15392 15401 3.241605 0.060622
15403 15408 3.263434 0.054544
15405 15408 3.241605 0.060622
15404 15409 3.648630 0.042866
15404 15411 3.648630 0.042866
15403 15412 3.263434 0.054544
15405 15412 3.241605 0.060622
15412 15419 3.648630 0.042866
15404 15413 3.012474 0.028062
15415 15419 3.012474 0.028062
15404 15416 3.012474 0.028062
15409 15418 3.263434 0.054544
15411 15418 3.263434 0.054544
15408 15419 3.648630 0.042866
15414 15419 3.012474 0.028062
15409 15420 3.241605 0.060622
15411 15420 3.241605 0.060622
15422 15427 3.263434 0.054544
15424 15427 3.241605 0.060622
15423 15428 3.648630 0.042866
15423 15430 3.648630 0.042866
15422 15431 3.263434 0.054544
15424 15431 3.241605 0.060622
15431 15438 3.648630 0.042866
15423 15432 3.012474 0.028062
15434 15438 3.012474 0.028062
15423 15435 3.012474 0.028062
15428 15437 3.263434 0.054544
15430 15437 3.263434 0.054544
15427 15438 3.648630 0.042866
15433 15438 3.012474 0.028062
15428 15439 3.241605 0.060622
15430 15439 3.241605 0.060622
15441 15446 3.263434 0.054544
15443 15446 3.241605 0.060622
15442 15447 3.648630 0.042866
15442 15449 3.648630 0.042866
15441 15450 3.263434 0.054544
15443 15450 3.241605 0.060622
15450 15457 3.648630 0.042866
15442 15451 3.012474 0.028062
15453 15457 3.012474 0.028062
15442 15454 3.012474 0.028062
15447 15456 3.263434 0.054544
15449 15456 3.263434 0.054544
15446 15457 3.648630 0.042866
15452 15457 3.012474 0.028062
15447 15458 3.241605 0.060622
15449 15458 3.241605 0.060622
15463 15465 0.000000 0.000000
15460 15466 3.263434 0.054544
15462 15466 3.241605 0.060622
15461 15467 3.648630 0.042866
15461 15469 3.648630 0.042866
15460 15470 3.263434 0.054544
15462 15470 3.241605 0.060622
15470 15477 3.648630 0.042866
15461 15471 3.012474 0.028062
15473 15477 3.012474 0.028062
15461 15474 3.012474 0.028062
15467 15476 3.263434 0.054544
15469 15476 3.263434 0.054544
15466 15477 3.648630 0.042866
15472 15477 3.012474 0.028062
15467 15478 3.241605 0.060622
15469 15478 3.241605 0.060622
15480 15485 3.263434 0.054544
15482 15485 3.241605 0.060622
15481 15486 3.648630 0.042866
15481 15488 3.648630 0.042866
15480 15489 3.263434 0.054544
15482 15489 3.241605 0.060622
15489 15496 3.648630 0.042866
15481 15490 3.012474 0.028062
15492 15496 3.012474 0.028062
15481 15493 3.012474 0.028062
15486 15495 3.263434 0.054544
15488 15495 3.263434 0.054544
15485 15496 3.648630 0.042866
15491 15496 3.012474 0.028062
15486 15497 3.241605 0.060622
15488 15497 3.241605 0.060622
15499 15504 3.263434 0.054544
15501 15504 3.241605 0.060622
15500 15505 3.648630 0.042866
15500 15507 3.648630 0.042866
15499 15508 3.263434 0.054544
15501 15508 3.241605 0.060622
15508 15515 3.648630 0.042866
15500 15509 3.012474 0.028062
15511 15515 3.012474 0.028062
15500 15512 3.012474 0.028062
15505 15514 3.263434 0.054544
15507 15514 3.263434 0.054544
15504 15515 3.648630 0.042866
15510 15515 3.012474 0.028062
15505 15516 3.241605 0.060622
15507 15516 3.241605 0.060622
15518 15523 3.263434 0.054544
15520 15523 3.241605 0.060622
15519 15524 3.648630 0.042866
15519 15526 3.648630 0.042866
15518 15527 3.263434 0.054544
15520 15527 3.241605 0.060622
15527 15534 3.648630 0.042866
15519 15528 3.012474 0.028062
15530 15534 3.012474 0.028062
15519 15531 3.012474 0.028062
15524 15533 3.263434 0.054544
15526 15533 3.263434 0.054544
15523 15534 3.648630 0.042866
15529 15534 3.012474 0.028062
15524 15535 3.241605 0.060622
15526 15535 3.241605 0.060622
15540 15542 0.000000 0.000000
15537 15543 3.263434 0.054544
15539 15543 3.241605 0.060622
15538 15544 3.648630 0.042866
15538 15546 3.648630 0.042866
15537 15547 3.263434 0.054544
15539 15547 3.241605 0.060622
15547 15554 3.648630 0.042866
15538 15548 3.012474 0.028062
15550 15554 3.012474 0.028062
15538 15551 3.012474 0.028062
15544 15553 3.263434 0.054544
15546 15553 3.263434 0.054544
15543 15554 3.648630 0.042866
15549 15554 3.012474 0.028062
15544 15555 3.241605 0.060622
15546 15555 3.241605 0.060622
15557 15562 3.263434 0.054544
15559 15562 3.241605 0.060622
15558 15563 3.648630 0.042866
15558 15565 3.648630 0.042866
15557 15566 3.263434 0.054544
15559 15566 3.241605 0.060622
15566 15573 3.648630 0.042866
15558 15567 3.012474 0.028062
15569 15573 3.012474 0.028062
15558 15570 3.012474 0.028062
15563 15572 3.263434 0.054544
15565 15572 3.263434 0.054544
15562 15573 3.648630 0.042866
15568 15573 3.012474 0.028062
15563 15574 3.241605 0.060622
15565 15574 3.241605 0.060622
15576 15581 3.263434 0.054544
15578 15581 3.241605 0.060622
15577 15582 3.648630 0.042866
15577 15584 3.648630 0.042866
15576 15585 3.263434 0.054544
15578 15585 3.241605 0.060622
15585 15592 3.648630 0.042866
15577 15586 3.012474 0.028062
15588 15592 3.012474 0.028062
15577 15589 3.012474 0.028062
15582 15591 3.263434 0.054544
15584 15591 3.263434 0.054544
15581 15592 3.648630 0.042866
15587 15592 3.012474 0.028062
15582 15593 3.241605 0.060622
15584 15593 3.241605 0.060622
15595 15600 3.263434 0.054544
15597 15600 3.241605 0.060622
15596 15601 3.648630 0.042866
15596 15603 3.648630 0.042866
15595 15604 3.263434 0.054544
15597 15604 3.241605 0.060622
15604 15611 3.648630 0.042866
15596 15605 3.012474 0.028062
15607 15611 3.012474 0.028062
15596 15608 3.012474 0.028062
15601 15610 3.263434 0.054544
15603 15610 3.263434 0.054544
15600 15611 3.648630 0.042866
15606 15611 3.012474 0.028062
15601 15612 3.241605 0.060622
15603 15612 3.241605 0.060622
15614 15619 3.263434 0.054544
15616 15619 3.241605 0.060622
15615 15620 3.648630 0.042866
15615 15622 3.648630 0.042866
15614 15623 3.263434 0.054544
15616 15623 3.241605 0.060622
15623 15630 3.648630 0.042866
15615 15624 3.012474 0.028062
15626 15630 3.012474 0.028062
15615 15627 3.012474 0.028062
15620 15629 3.263434 0.054544
15622 15629 3.263434 0.054544
15619 15630 3.648630 0.042866
15625 15630 3.012474 0.028062
15620 15631 3.241605 0.060622
15622 15631 3.241605 0.060622
15633 15638 3.263434 0.054544
15635 15638 3.241605 0.060622
15634 15639 3.648630 0.042866
15634 15641 3.648630 0.042866
15633 15642 3.263434 0.054544
15635 15642 3.241605 0.060622
15642 15649 3.648630 0.042866
15634 15643 3.012474 0.028062
15645 15649 3.012474 0.028062
15634 15646 3.012474 0.028062
15639 15648 3.263434 0.054544
15641 15648 3.263434 0.054544
15638 15649 3.648630 0.042866
15644 15649 3.012474 0.028062
15639 15650 3.241605 0.060622
15641 15650 3.241605 0.060622
15652 15657 3.263434 0.054544
15654 15657 3.241605 0.060622
15653 15658 3.648630 0.042866
15653 15660 3.648630 0.042866
15652 15661 3.263434 0.054544
15654 15661 3.241605 0.060622
15661 15668 3.648630 0.042866
15653 15662 3.012474 0.028062
15664 15668 3.012474 0.028062
15653 15665 3.012474 0.028062
15658 15667 3.263434 0.054544
15660 15667 3.263434 0.054544
15657 15668 3.648630 0.042866
15663 15668 3.012474 0.028062
15658 15669 3.241605 0.060622
15660 15669 3.241605 0.060622
15674 15676 0.000000 0.000000
15671 15677 3.263434 0.054544
15673 15677 3.241605 0.060622
15672 15678 3.648630 0.042866
15672 15680 3.648630 0.042866
15671 15681 3.263434 0.054544
15673 15681 3.241605 0.060622
15681 15688 3.648630 0.042866
15672 15682 3.012474 0.028062
15684 15688 3.012474 0.028062
15672 15685 3.012474 0.028062
15678 15687 3.263434 0.054544
15680 15687 3.263434 0.054544
15677 15688 3.648630 0.042866
15683 15688 3.012474 0.028062
15678 15689 3.241605 0.060622
15680 15689 3.241605 0.060622
15691 15696 3.263434 0.054544
15693 15696 3.241605 0.060622
15692 15697 3.648630 0.042866
15692 15699 3.648630 0.042866
15691 15700 3.263434 0.054544
15693 15700 3.241605 0.060622
15700 15707 3.648630 0.042866
15692 15701 3.012474 0.028062
15703 15707 3.012474 0.028062
15692 15704 3.012474 0.028062
15697 15706 3.263434 0.054544
15699 15706 3.263434 0.054544
15696 15707 3.648630 0.042866
15702 15707 3.012474 0.028062
15697 15708 3.241605 0.060622
15699 15708 3.241605 0.060622
15710 15715 3.263434 0.054544
15712 15715 3.241605 0.060622
15711 15716 3.648630 0.042866
15711 15718 3.648630 0.042866
15710 15719 3.263434 0.054544
15712 15719 3.241605 0.060622
15719 15726 3.648630 0.042866
15711 15720 3.012474 0.028062
15722 15726 3.012474 0.028062
15711 15723 3.012474 0.028062
15716 15725 3.263434 0.054544
15718 15725 3.263434 0.054544
15715 15726 3.648630 0.042866
15721 15726 3.012474 0.028062
15716 15727 3.241605 0.060622
15718 15727 3.241605 0.060622
15729 15734 3.263434 0.054544
15731 15734 3.241605 0.060622
15730 15735 3.648630 0.042866
15730 15737 3.648630 0.042866
15729 15738 3.263434 0.054544
15731 15738 3.241605 0.060622
15738 15745 3.648630 0.042866
15730 15739 3.012474 0.028062
15741 15745 3.012474 0.028062
15730 15742 3.012474 0.028062
15735 15744 3.263434 0.054544
15737 15744 3.263434 0.054544
15734 15745 3.648630 0.042866
15740 15745 3.012474 0.028062
15735 15746 3.241605 0.060622
15737 15746 3.241605 0.060622
15748 15753 3.263434 0.054544
15750 15753 3.241605 0.060622
15749 15754 3.648630 0.042866
15749 15756 3.648630 0.042866
15748 15757 3.263434 0.054544
15750 15757 3.241605 0.060622
15757 15764 3.648630 0.042866
15749 15758 3.012474 0.028062
15760 15764 3.012474 0.028062
15749 15761 3.012474 0.028062
15754 15763 3.263434 0.054544
15756 15763 3.263434 0.054544
15753 15764 3.648630 0.042866
15759 15764 3.012474 0.028062
15754 15765 3.241605 0.060622
15756 15765 3.241605 0.060622
15767 15772 3.263434 0.054544
15769 15772 3.241605 0.060622
15768 15773 3.648630 0.042866
15768 15775 3.648630 0.042866
15767 15776 3.263434 0.054544
15769 15776 3.241605 0.060622
15776 15783 3.648630 0.042866
15768 15777 3.012474 0.028062
15779 15783 3.012474 0.028062
15768 15780 3.012474 0.028062
15773 15782 3.263434 0.054544
15775 15782 3.263434 0.054544
15772 15783 3.648630 0.042866
15778 15783 3.012474 0.028062
15773 15784 3.241605 0.060622
15775 15784 3.241605 0.060622
15786 15791 3.263434 0.054544
15788 15791 3.241605 0.060622
15787 15792 3.648630 0.042866
15787 15794 3.648630 0.042866
15786 15795 3.263434 0.054544
15788 15795 3.241605 0.060622
15795 15802 3.648630 0.042866
15787 15796 3.012474 0.028062
15798 15802 3.012474 0.028062
15787 15799 3.012474 0.028062
15792 15801 3.263434 0.054544
15794 15801 3.263434 0.054544
15791 15802 3.648630 0.042866
15797 15802 3.012474 0.028062
15792 15803 3.241605 0.060622
15794 15803 3.241605 0.060622
15808 15810 0.000000 0.000000
15805 15811 3.263434 0.054544
15807 15811 3.241605 0.060622
15806 15812 3.648630 0.042866
15806 15814 3.648630 0.042866
15805 15815 3.263434 0.054544
15807 15815 3.241605 0.060622
15815 15822 3.648630 0.042866
15806 15816 3.012474 0.028062
15818 15822 3.012474 0.028062
15806 15819 3.012474 0.028062
15812 15821 3.263434 0.054544
15814 15821 3.263434 0.054544
15811 15822 3.648630 0.042866
15817 15822 3.012474 0.028062
15812 15823 3.241605 0.060622
15814 15823 3.241605 0.060622
15825 15830 3.263434 0.054544
15827 15830 3.241605 0.060622
15826 15831 3.648630 0.042866
15826 15833 3.648630 0.042866
15825 15834 3.263434 0.054544
15827 15834 3.241605 0.060622
15834 15841 3.648630 0.042866
15826 15835 3.012474 0.028062
15837 15841 3.012474 0.028062
15826 15838 3.012474 0.028062
15831 15840 3.263434 0.054544
15833 15840 3.263434 0.054544
15830 15841 3.648630 0.042866
15836 15841 3.012474 0.028062
15831 15842 3.241605 0.060622
15833 15842 3.241605 0.060622
15844 15849 3.263434 0.054544
15846 15849 3.241605 0.060622
15845 15850 3.648630 0.042866
15845 15852 3.648630 0.042866
15844 15853 3.263434 0.054544
15846 15853 3.241605 0.060622
15853 15860 3.648630 0.042866
15845 15854 3.012474 0.028062
15856 15860 3.012474 0.028062
15845 15857 3.012474 0.028062
15850 15859 3.241605 0.060622
15852 15859 3.241605 0.060622
15849 15860 3.648630 0.042866
15855 15860 3.012474 0.028062
15850 15861 3.263434 0.054544
15852 15861 3.263434 0.054544
15851 15862 0.000000 0.000000
15864 15869 3.263434 0.054544
15866 15869 3.241605 0.060622
15865 15870 3.648630 0.042866
15865 15872 3.648630 0.042866
15864 15873 3.263434 0.054544
15866 15873 3.241605 0.060622
15873 15880 3.648630 0.042866
15865 15874 3.012474 0.028062
15876 15880 3.012474 0.028062
15865 15877 3.012474 0.028062
15870 15879 3.263434 0.054544
15872 15879 3.263434 0.054544
15869 15880 3.648630 0.042866
15875 15880 3.012474 0.028062
15870 15881 3.241605 0.060622
15872 15881 3.241605 0.060622
15883 15888 3.263434 0.054544
15885 15888 3.241605 0.060622
15884 15889 3.648630 0.042866
15884 15891 3.648630 0.042866
15883 15892 3.263434 0.054544
15885 15892 3.241605 0.060622
15892 15899 3.648630 0.042866
15884 15893 3.012474 0.028062
15895 15899 3.012474 0.028062
15884 15896 3.012474 0.028062
15889 15898 3.263434 0.054544
15891 15898 3.263434 0.054544
15888 15899 3.648630 0.042866
15894 15899 3.012474 0.028062
15889 15900 3.241605 0.060622
15891 15900 3.241605 0.060622
15902 15907 3.263434 0.054544
15904 15907 3.241605 0.060622
15903 15908 3.648630 0.042866
15903 15910 3.648630 0.042866
15902 15911 3.263434 0.054544
15904 15911 3.241605 0.060622
15911 15918 3.648630 0.042866
15903 15912 3.012474 0.028062
15914 15918 3.012474 0.028062
15903 15915 3.012474 0.028062
15908 15917 3.263434 0.054544
15910 15917 3.263434 0.054544
15907 15918 3.648630 0.042866
15913 15918 3.012474 0.028062
15908 15919 3.241605 0.060622
15910 15919 3.241605 0.060622
15921 15926 3.263434 0.054544
15923 15926 3.241605 0.060622
15922 15927 3.648630 0.042866
15922 15929 3.648630 0.042866
15921 15930 3.263434 0.054544
15923 15930 3.241605 0.060622
15930 15937 3.648630 0.042866
15922 15931 3.012474 0.028062
15933 15937 3.012474 0.028062
15922 15934 3.012474 0.028062
15927 15936 3.241605 0.060622
15929 15936 3.241605 0.060622
15926 15937 3.648630 0.042866
15932 15937 3.012474 0.028062
15927 15938 3.263434 0.054544
15929 15938 3.263434 0.054544
15928 15939 0.000000 0.000000
15941 15946 3.263434 0.054544
15943 15946 3.241605 0.060622
15942 15947 3.648630 0.042866
15942 15949 3.648630 0.042866
15941 15950 3.263434 0.054544
15943 15950 3.241605 0.060622
15950 15957 3.648630 0.042866
15942 15951 3.012474 0.028062
15953 15957 3.012474 0.028062
15942 15954 3.012474 0.028062
15947 15956 3.263434 0.054544
15949 15956 3.263434 0.054544
15946 15957 3.648630 0.042866
15952 15957 3.012474 0.028062
15947 15958 3.241605 0.060622
15949 15958 3.241605 0.060622
15960 15965 3.263434 0.054544
15962 15965 3.241605 0.060622
15961 15966 3.648630 0.042866
15961 15968 3.648630 0.042866
15960 15969 3.263434 0.054544
15962 15969 3.241605 0.060622
15969 15976 3.648630 0.042866
15961 15970 3.012474 0.028062
15972 15976 3.012474 0.028062
15961 15973 3.012474 0.028062
15966 15975 3.263434 0.054544
15968 15975 3.263434 0.054544
15965 15976 3.648630 0.042866
15971 15976 3.012474 0.028062
15966 15977 3.241605 0.060622
15968 15977 3.241605 0.060622
15982 15984 0.000000 0.000000
15979 15985 3.263434 0.054544
15981 15985 3.241605 0.060622
15980 15986 3.648630 0.042866
15980 15988 3.648630 0.042866
15979 15989 3.263434 0.054544
15981 15989 3.241605 0.060622
15989 15996 3.648630 0.042866
15980 15990 3.012474 0.028062
15992 15996 3.012474 0.028062
15980 15993 3.012474 0.028062
15986 15995 3.241605 0.060622
15988 15995 3.241605 0.060622
15985 15996 3.648630 0.042866
15991 15996 3.012474 0.028062
15986 15997 3.263434 0.054544
15988 15997 3.263434 0.054544
15987 15998 0.000000 0.000000
16003 16005 0.000000 0.000000
16000 16006 3.263434 0.054544
16002 16006 3.241605 0.060622
16001 16007 3.648630 0.042866
16001 16009 3.648630 0.042866
16000 16010 3.263434 0.054544
16002 16010 3.241605 0.060622
16010 16017 3.648630 0.042866
16001 16011 3.012474 0.028062
16013 16017 3.012474 0.028062
16001 16014 3.012474 0.028062
16007 16016 3.241605 0.060622
16009 16016 3.241605 0.060622
16006 16017 3.648630 0.042866
16012 16017 3.012474 0.028062
16007 16018 3.263434 0.054544
16009 16018 3.263434 0.054544
16008 16019 0.000000 0.000000
16021 16026 3.263434 0.054544
16023 16026 3.241605 0.060622
16022 16027 3.648630 0.042866
16022 16029 3.648630 0.042866
16021 16030 3.263434 0.054544
16023 16030 3.241605 0.060622
16030 16037 3.648630 0.042866
16022 16031 3.012474 0.028062
16033 16037 3.012474 0.028062
16022 16034 3.012474 0.028062
16027 16036 3.263434 0.054544
16029 16036 3.263434 0.054544
16026 16037 3.648630 0.042866
16032 16037 3.012474 0.028062
16027 16038 3.241605 0.060622
16029 16038 3.241605 0.060622
16040 16045 3.263434 0.054544
16042 16045 3.241605 0.060622
16041 16046 3.648630 0.042866
16041 16048 3.648630 0.042866
16040 16049 3.263434 0.054544
16042 16049 3.241605 0.060622
16049 16056 3.648630 0.042866
16041 16050 3.012474 0.028062
16052 16056 3.012474 0.028062
16041 16053 3.012474 0.028062
16046 16055 3.263434 0.054544
16048 16055 3.263434 0.054544
16045 16056 3.648630 0.042866
16051 16056 3.012474 0.028062
16046 16057 3.241605 0.060622
16048 16057 3.241605 0.060622
16059 16064 3.263434 0.054544
16061 16064 3.241605 0.060622
16060 16065 3.648630 0.042866
16060 16067 3.648630 0.042866
16059 16068 3.263434 0.054544
16061 16068 3.241605 0.060622
16068 16075 3.648630 0.042866
16060 16069 3.012474 0.028062
16071 16075 3.012474 0.028062
16060 16072 3.012474 0.028062
16065 16074 3.263434 0.054544
16067 16074 3.263434 0.054544
16064 16075 3.648630 0.042866
16070 16075 3.012474 0.028062
16065 16076 3.241605 0.060622
16067 16076 3.241605 0.060622
16078 16083 3.263434 0.054544
16080 16083 3.241605 0.060622
16079 16084 3.648630 0.042866
16079 16086 3.648630 0.042866
16078 16087 3.263434 0.054544
16080 16087 3.241605 0.060622
16087 16094 3.648630 0.042866
16079 16088 3.012474 0.028062
16090 16094 3.012474 0.028062
16079 16091 3.012474 0.028062
16084 16093 3.263434 0.054544
16086 16093 3.263434 0.054544
16083 16094 3.648630 0.042866
16089 16094 3.012474 0.028062
16084 16095 3.241605 0.060622
16086 16095 3.241605 0.060622
16097 16102 3.263434 0.054544
16099 16102 3.241605 0.060622
16098 16103 3.648630 0.042866
16098 16105 3.648630 0.042866
16097 16106 3.263434 0.054544
16099 16106 3.241605 0.060622
16106 16113 3.648630 0.042866
16098 16107 3.012474 0.028062
16109 16113 3.012474 0.028062
16098 16110 3.012474 0.028062
16103 16112 3.263434 0.054544
16105 16112 3.263434 0.054544
16102 16113 3.648630 0.042866
16108 16113 3.012474 0.028062
16103 16114 3.241605 0.060622
16105 16114 3.241605 0.060622
16119 16121 0.000000 0.000000
16116 16122 3.263434 0.054544
16118 16122 3.241605 0.060622
16117 16123 3.648630 0.042866
16117 16125 3.648630 0.042866
16116 16126 3.263434 0.054544
16118 16126 3.241605 0.060622
16126 16133 3.648630 0.042866
16117 16127 3.012474 0.028062
16129 16133 3.012474 0.028062
16117 16130 3.012474 0.028062
16123 16132 3.263434 0.054544
16125 16132 3.263434 0.054544
16122 16133 3.648630 0.042866
16128 16133 3.012474 0.028062
16123 16134 3.241605 0.060622
16125 16134 3.241605 0.060622
16136 16141 3.263434 0.054544
16138 16141 3.241605 0.060622
16137 16142 3.648630 0.042866
16137 16144 3.648630 0.042866
16136 16145 3.263434 0.054544
16138 16145 3.241605 0.060622
16145 16152 3.648630 0.042866
16137 16146 3.012474 0.028062
16148 16152 3.012474 0.028062
16137 16149 3.012474 0.028062
16142 16151 3.263434 0.054544
16144 16151 3.263434 0.054544
16141 16152 3.648630 0.042866
16147 16152 3.012474 0.028062
16142 16153 3.241605 0.060622
16144 16153 3.241605 0.060622
16158 16160 0.000000 0.000000
16155 16161 3.263434 0.054544
16157 16161 3.241605 0.060622
16156 16162 3.648630 0.042866
16156 16164 3.648630 0.042866
16155 16165 3.263434 0.054544
16157 16165 3.241605 0.060622
16165 16172 3.648630 0.042866
16156 16166 3.012474 0.028062
16168 16172 3.012474 0.028062
16156 16169 3.012474 0.028062
16162 16171 3.263434 0.054544
16164 16171 3.263434 0.054544
16161 16172 3.648630 0.042866
16167 16172 3.012474 0.028062
16162 16173 3.241605 0.060622
16164 16173 3.241605 0.060622
16175 16180 3.263434 0.054544
16177 16180 3.241605 0.060622
16176 16181 3.648630 0.042866
16176 16183 3.648630 0.042866
16175 16184 3.263434 0.054544
16177 16184 3.241605 0.060622
16184 16191 3.648630 0.042866
16176 16185 3.012474 0.028062
16187 16191 3.012474 0.028062
16176 16188 3.012474 0.028062
16181 16190 3.263434 0.054544
16183 16190 3.263434 0.054544
16180 16191 3.648630 0.042866
16186 16191 3.012474 0.028062
16181 16192 3.241605 0.060622
16183 16192 3.241605 0.060622
16194 16199 3.263434 0.054544
16196 16199 3.241605 0.060622
16195 16200 3.648630 0.042866
16195 16202 3.648630 0.042866
16194 16203 3.263434 0.054544
16196 16203 3.241605 0.060622
16203 16210 3.648630 0.042866
16195 16204 3.012474 0.028062
16206 16210 3.012474 0.028062
16195 16207 3.012474 0.028062
16200 16209 3.241605 0.060622
16202 16209 3.241605 0.060622
16199 16210 3.648630 0.042866
16205 16210 3.012474 0.028062
16200 16211 3.263434 0.054544
16202 16211 3.263434 0.054544
16201 16212 0.000000 0.000000
16214 16219 3.263434 0.054544
16216 16219 3.241605 0.060622
16215 16220 3.648630 0.042866
16215 16222 3.648630 0.042866
16214 16223 3.263434 0.054544
16216 16223 3.241605 0.060622
16223 16230 3.648630 0.042866
16215 16224 3.012474 0.028062
16226 16230 3.012474 0.028062
16215 16227 3.012474 0.028062
16220 16229 3.263434 0.054544
16222 16229 3.263434 0.054544
16219 16230 3.648630 0.042866
16225 16230 3.012474 0.028062
16220 16231 3.241605 0.060622
16222 16231 3.241605 0.060622
16233 16238 3.263434 0.054544
16235 16238 3.241605 0.060622
16234 16239 3.648630 0.042866
16234 16241 3.648630 0.042866
16233 16242 3.263434 0.054544
16235 16242 3.241605 0.060622
16242 16249 3.648630 0.042866
16234 16243 3.012474 0.028062
16245 16249 3.012474 0.028062
16234 16246 3.012474 0.028062
16239 16248 3.263434 0.054544
16241 16248 3.263434 0.054544
16238 16249 3.648630 0.042866
16244 16249 3.012474 0.028062
16239 16250 3.241605 0.060622
16241 16250 3.241605 0.060622
16252 16257 3.263434 0.054544
16254 16257 3.241605 0.060622
16253 16258 3.648630 0.042866
16253 16260 3.648630 0.042866
16252 16261 3.263434 0.054544
16254 16261 3.241605 0.060622
16261 16268 3.648630 0.042866
16253 16262 3.012474 0.028062
16264 16268 3.012474 0.028062
16253 16265 3.012474 0.028062
16258 16267 3.263434 0.054544
16260 16267 3.263434 0.054544
16257 16268 3.648630 0.042866
16263 16268 3.012474 0.028062
16258 16269 3.241605 0.060622
16260 16269 3.241605 0.060622
16271 16276 3.263434 0.054544
16273 16276 3.241605 0.060622
16272 16277 3.648630 0.042866
16272 16279 3.648630 0.042866
16271 16280 3.263434 0.054544
16273 16280 3.241605 0.060622
16280 16287 3.648630 0.042866
16272 16281 3.012474 0.028062
16283 16287 3.012474 0.028062
16272 16284 3.012474 0.028062
16277 16286 3.263434 0.054544
16279 16286 3.263434 0.054544
16276 16287 3.648630 0.042866
16282 16287 3.012474 0.028062
16277 16288 3.241605 0.060622
16279 16288 3.241605 0.060622
16293 16295 0.000000 0.000000
16290 16296 3.263434 0.054544
16292 16296 3.241605 0.060622
16291 16297 3.648630 0.042866
16291 16299 3.648630 0.042866
16290 16300 3.263434 0.054544
16292 16300 3.241605 0.060622
16300 16307 3.648630 0.042866
16291 16301 3.012474 0.028062
16303 16307 3.012474 0.028062
16291 16304 3.012474 0.028062
16297 16306 3.263434 0.054544
16299 16306 3.263434 0.054544
16296 16307 3.648630 0.042866
16302 16307 3.012474 0.028062
16297 16308 3.241605 0.060622
16299 16308 3.241605 0.060622
16310 16315 3.263434 0.054544
16312 16315 3.241605 0.060622
16311 16316 3.648630 0.042866
16311 16318 3.648630 0.042866
16310 16319 3.263434 0.054544
16312 16319 3.241605 0.060622
16319 16326 3.648630 0.042866
16311 16320 3.012474 0.028062
16322 16326 3.012474 0.028062
16311 16323 3.012474 0.028062
16316 16325 3.263434 0.054544
16318 16325 3.263434 0.054544
16315 16326 3.648630 0.042866
16321 16326 3.012474 0.028062
16316 16327 3.241605 0.060622
16318 16327 3.241605 0.060622
16329 16334 3.263434 0.054544
16331 16334 3.241605 0.060622
16330 16335 3.648630 0.042866
16330 16337 3.648630 0.042866
16329 16338 3.263434 0.054544
16331 16338 3.241605 0.060622
16338 16345 3.648630 0.042866
16330 16339 3.012474 0.028062
16341 16345 3.012474 0.028062
16330 16342 3.012474 0.028062
16335 16344 3.263434 0.054544
16337 16344 3.263434 0.054544
16334 16345 3.648630 0.042866
16340 16345 3.012474 0.028062
16335 16346 3.241605 0.060622
16337 16346 3.241605 0.060622
16348 16353 3.263434 0.054544
16350 16353 3.241605 0.060622
16349 16354 3.648630 0.042866
16349 16356 3.648630 0.042866
16348 16357 3.263434 0.054544
16350 16357 3.241605 0.060622
16357 16364 3.648630 0.042866
16349 16358 3.012474 0.028062
16360 16364 3.012474 0.028062
16349 16361 3.012474 0.028062
16354 16363 3.263434 0.054544
16356 16363 3.263434 0.054544
16353 16364 3.648630 0.042866
16359 16364 3.012474 0.028062
16354 16365 3.241605 0.060622
16356 16365 3.241605 0.060622
16367 16372 3.263434 0.054544
16369 16372 3.241605 0.060622
16368 16373 3.648630 0.042866
16368 16375 3.648630 0.042866
16367 16376 3.263434 0.054544
16369 16376 3.241605 0.060622
16376 16383 3.648630 0.042866
16368 16377 3.012474 0.028062
16379 16383 3.012474 0.028062
16368 16380 3.012474 0.028062
16373 16382 3.263434 0.054544
16375 16382 3.263434 0.054544
16372 16383 3.648630 0.042866
16378 16383 3.012474 0.028062
16373 16384 3.241605 0.060622
16375 16384 3.241605 0.060622
16386 16391 3.263434 0.054544
16388 16391 3.241605 0.060622
16387 16392 3.648630 0.042866
16387 16394 3.648630 0.042866
16386 16395 3.263434 0.054544
16388 16395 3.241605 0.060622
16395 16402 3.648630 0.042866
16387 16396 3.012474 0.028062
16398 16402 3.012474 0.028062
16387 16399 3.012474 0.028062
16392 16401 3.263434 0.054544
16394 16401 3.263434 0.054544
16391 16402 3.648630 0.042866
16397 16402 3.012474 0.028062
16392 16403 3.241605 0.060622
16394 16403 3.241605 0.060622
16405 16410 3.263434 0.054544
16407 16410 3.241605 0.060622
16406 16411 3.648630 0.042866
16406 16413 3.648630 0.042866
16405 16414 3.263434 0.054544
16407 16414 3.241605 0.060622
16414 16421 3.648630 0.042866
16406 16415 3.012474 0.028062
16417 16421 3.012474 0.028062
16406 16418 3.012474 0.028062
16411 16420 3.263434 0.054544
16413 16420 3.263434 0.054544
16410 16421 3.648630 0.042866
16416 16421 3.012474 0.028062
16411 16422 3.241605 0.060622
16413 16422 3.241605 0.060622
16424 16429 3.263434 0.054544
16426 16429 3.241605 0.060622
16425 16430 3.648630 0.042866
16425 16432 3.648630 0.042866
16424 16433 3.263434 0.054544
16426 16433 3.241605 0.060622
16433 16440 3.648630 0.042866
16425 16434 3.012474 0.028062
16436 16440 3.012474 0.028062
16425 16437 3.012474 0.028062
16430 16439 3.241605 0.060622
16432 16439 3.241605 0.060622
16429 16440 3.648630 0.042866
16435 16440 3.012474 0.028062
16430 16441 3.263434 0.054544
16432 16441 3.263434 0.054544
16431 16442 0.000000 0.000000
16444 16449 3.263434 0.054544
16446 16449 3.241605 0.060622
16445 16450 3.648630 0.042866
16445 16452 3.648630 0.042866
16444 16453 3.263434 0.054544
16446 16453 3.241605 0.060622
16453 16460 3.648630 0.042866
16445 16454 3.012474 0.028062
16456 16460 3.012474 0.028062
16445 16457 3.012474 0.028062
16450 16459 3.241605 0.060622
16452 16459 3.241605 0.060622
16449 16460 3.648630 0.042866
16455 16460 3.012474 0.028062
16450 16461 3.263434 0.054544
16452 16461 3.263434 0.054544
16451 16462 0.000000 0.000000
16464 16469 3.263434 0.054544
16466 16469 3.241605 0.060622
16465 16470 3.648630 0.042866
16465 16472 3.648630 0.042866
16464 16473 3.263434 0.054544
16466 16473 3.241605 0.060622
16473 16480 3.648630 0.042866
16465 16474 3.012474 0.028062
16476 16480 3.012474 0.028062
16465 16477 3.012474 0.028062
16470 16479 3.263434 0.054544
16472 16479 3.263434 0.054544
16469 16480 3.648630 0.042866
16475 16480 3.012474 0.028062
16470 16481 3.241605 0.060622
16472 16481 3.241605 0.060622
16483 16488 3.263434 0.054544
16485 16488 3.241605 0.060622
16484 16489 3.648630 0.042866
16484 16491 3.648630 0.042866
16483 16492 3.263434 0.054544
16485 16492 3.241605 0.060622
16492 16499 3.648630 0.042866
16484 16493 3.012474 0.028062
16495 16499 3.012474 0.028062
16484 16496 3.012474 0.028062
16489 16498 3.263434 0.054544
16491 16498 3.263434 0.054544
16488 16499 3.648630 0.042866
16494 16499 3.012474 0.028062
16489 16500 3.241605 0.060622
16491 16500 3.241605 0.060622
16502 16507 3.263434 0.054544
16504 16507 3.241605 0.060622
16503 16508 3.648630 0.042866
16503 16510 3.648630 0.042866
16502 16511 3.263434 0.054544
16504 16511 3.241605 0.060622
16511 16518 3.648630 0.042866
16503 16512 3.012474 0.028062
16514 16518 3.012474 0.028062
16503 16515 3.012474 0.028062
16508 16517 3.263434 0.054544
16510 16517 3.263434 0.054544
16507 16518 3.648630 0.042866
16513 16518 3.012474 0.028062
16508 16519 3.241605 0.060622
16510 16519 3.241605 0.060622
16521 16526 3.263434 0.054544
16523 16526 3.241605 0.060622
16522 16527 3.648630 0.042866
16522 16529 3.648630 0.042866
16521 16530 3.263434 0.054544
16523 16530 3.241605 0.060622
16530 16537 3.648630 0.042866
16522 16531 3.012474 0.028062
16533 16537 3.012474 0.028062
16522 16534 3.012474 0.028062
16527 16536 3.263434 0.054544
16529 16536 3.263434 0.054544
16526 16537 3.648630 0.042866
16532 16537 3.012474 0.028062
16527 16538 3.241605 0.060622
16529 16538 3.241605 0.060622
16540 16545 3.263434 0.054544
16542 16545 3.241605 0.060622
16541 16546 3.648630 0.042866
16541 16548 3.648630 0.042866
16540 16549 3.263434 0.054544
16542 16549 3.241605 0.060622
16549 16556 3.648630 0.042866
16541 16550 3.012474 0.028062
16552 16556 3.012474 0.028062
16541 16553 3.012474 0.028062
16546 16555 3.263434 0.054544
16548 16555 3.263434 0.054544
16545 16556 3.648630 0.042866
16551 16556 3.012474 0.028062
16546 16557 3.241605 0.060622
16548 16557 3.241605 0.060622
16559 16564 3.263434 0.054544
16561 16564 3.241605 0.060622
16560 16565 3.648630 0.042866
16560 16567 3.648630 0.042866
16559 16568 3.263434 0.054544
16561 16568 3.241605 0.060622
16568 16575 3.648630 0.042866
16560 16569 3.012474 0.028062
16571 16575 3.012474 0.028062
16560 16572 3.012474 0.028062
16565 16574 3.263434 0.054544
16567 16574 3.263434 0.054544
16564 16575 3.648630 0.042866
16570 16575 3.012474 0.028062
16565 16576 3.241605 0.060622
16567 16576 3.241605 0.060622
16578 16583 3.263434 0.054544
16580 16583 3.241605 0.060622
16579 16584 3.648630 0.042866
16579 16586 3.648630 0.042866
16578 16587 3.263434 0.054544
16580 16587 3.241605 0.060622
16587 16594 3.648630 0.042866
16579 16588 3.012474 0.028062
16590 16594 3.012474 0.028062
16579 16591 3.012474 0.028062
16584 16593 3.263434 0.054544
16586 16593 3.263434 0.054544
16583 16594 3.648630 0.042866
16589 16594 3.012474 0.028062
16584 16595 3.241605 0.060622
16586 16595 3.241605 0.060622
16600 16602 0.000000 0.000000
16597 16603 3.263434 0.054544
16599 16603 3.241605 0.060622
16598 16604 3.648630 0.042866
16598 16606 3.648630 0.042866
16597 16607 3.263434 0.054544
16599 16607 3.241605 0.060622
16607 16614 3.648630 0.042866
16598 16608 3.012474 0.028062
16610 16614 3.012474 0.028062
16598 16611 3.012474 0.028062
16604 16613 3.263434 0.054544
16606 16613 3.263434 0.054544
16603 16614 3.648630 0.042866
16609 16614 3.012474 0.028062
16604 16615 3.241605 0.060622
16606 16615 3.241605 0.060622
16617 16622 3.263434 0.054544
16619 16622 3.241605 0.060622
16618 16623 3.648630 0.042866
16618 16625 3.648630 0.042866
16617 16626 3.263434 0.054544
16619 16626 3.241605 0.060622
16626 16633 3.648630 0.042866
16618 16627 3.012474 0.028062
16629 16633 3.012474 0.028062
16618 16630 3.012474 0.028062
16623 16632 3.263434 0.054544
16625 16632 3.263434 0.054544
16622 16633 3.648630 0.042866
16628 16633 3.012474 0.028062
16623 16634 3.241605 0.060622
16625 16634 3.241605 0.060622
16636 16641 3.263434 0.054544
16638 16641 3.241605 0.060622
16637 16642 3.648630 0.042866
16637 16644 3.648630 0.042866
16636 16645 3.263434 0.054544
16638 16645 3.241605 0.060622
16645 16652 3.648630 0.042866
16637 16646 3.012474 0.028062
16648 16652 3.012474 0.028062
16637 16649 3.012474 0.028062
16642 16651 3.263434 0.054544
16644 16651 3.263434 0.054544
16641 16652 3.648630 0.042866
16647 16652 3.012474 0.028062
16642 16653 3.241605 0.060622
16644 16653 3.241605 0.060622
16655 16660 3.263434 0.054544
16657 16660 3.241605 0.060622
16656 16661 3.648630 0.042866
16656 16663 3.648630 0.042866
16655 16664 3.263434 0.054544
16657 16664 3.241605 0.060622
16664 16671 3.648630 0.042866
16656 16665 3.012474 0.028062
16667 16671 3.012474 0.028062
16656 16668 3.012474 0.028062
16661 16670 3.263434 0.054544
16663 16670 3.263434 0.054544
16660 16671 3.648630 0.042866
16666 16671 3.012474 0.028062
16661 16672 3.241605 0.060622
16663 16672 3.241605 0.060622
16674 16679 3.263434 0.054544
16676 16679 3.241605 0.060622
16675 16680 3.648630 0.042866
16675 16682 3.648630 0.042866
16674 16683 3.263434 0.054544
16676 16683 3.241605 0.060622
16683 16690 3.648630 0.042866
16675 16684 3.012474 0.028062
16686 16690 3.012474 0.028062
16675 16687 3.012474 0.028062
16680 16689 3.263434 0.054544
16682 16689 3.263434 0.054544
16679 16690 3.648630 0.042866
16685 16690 3.012474 0.028062
16680 16691 3.241605 0.060622
16682 16691 3.241605 0.060622
16693 16698 3.263434 0.054544
16695 16698 3.241605 0.060622
16694 16699 3.648630 0.042866
16694 16701 3.648630 0.042866
16693 16702 3.263434 0.054544
16695 16702 3.241605 0.060622
16702 16709 3.648630 0.042866
16694 16703 3.012474 0.028062
16705 16709 3.012474 0.028062
16694 16706 3.012474 0.028062
16699 16708 3.263434 0.054544
16701 16708 3.263434 0.054544
16698 16709 3.648630 0.042866
16704 16709 3.012474 0.028062
16699 16710 3.241605 0.060622
16701 16710 3.241605 0.060622
16712 16717 3.263434 0.054544
16714 16717 3.241605 0.060622
16713 16718 3.648630 0.042866
16713 16720 3.648630 0.042866
16712 16721 3.263434 0.054544
16714 16721 3.241605 0.060622
16721 16728 3.648630 0.042866
16713 16722 3.012474 0.028062
16724 16728 3.012474 0.028062
16713 16725 3.012474 0.028062
16718 16727 3.263434 0.054544
16720 16727 3.263434 0.054544
16717 16728 3.648630 0.042866
16723 16728 3.012474 0.028062
16718 16729 3.241605 0.060622
16720 16729 3.241605 0.060622
16734 16736 0.000000 0.000000
16731 16737 3.263434 0.054544
16733 16737 3.241605 0.060622
16732 16738 3.648630 0.042866
16732 16740 3.648630 0.042866
16731 16741 3.263434 0.054544
16733 16741 3.241605 0.060622
16741 16748 3.648630 0.042866
16732 16742 3.012474 0.028062
16744 16748 3.012474 0.028062
16732 16745 3.012474 0.028062
16738 16747 3.263434 0.054544
16740 16747 3.263434 0.054544
16737 16748 3.648630 0.042866
16743 16748 3.012474 0.028062
16738 16749 3.241605 0.060622
16740 16749 3.241605 0.060622
16751 16756 3.263434 0.054544
16753 16756 3.241605 0.060622
16752 16757 3.648630 0.042866
16752 16759 3.648630 0.042866
16751 16760 3.263434 0.054544
16753 16760 3.241605 0.060622
16760 16767 3.648630 0.042866
16752 16761 3.012474 0.028062
16763 16767 3.012474 0.028062
16752 16764 3.012474 0.028062
16757 16766 3.263434 0.054544
16759 16766 3.263434 0.054544
16756 16767 3.648630 0.042866
16762 16767 3.012474 0.028062
16757 16768 3.241605 0.060622
16759 16768 3.241605 0.060622
16770 16775 3.263434 0.054544
16772 16775 3.241605 0.060622
16771 16776 3.648630 0.042866
16771 16778 3.648630 0.042866
16770 16779 3.263434 0.054544
16772 16779 3.241605 0.060622
16779 16786 3.648630 0.042866
16771 16780 3.012474 0.028062
16782 16786 3.012474 0.028062
16771 16783 3.012474 0.028062
16776 16785 3.263434 0.054544
16778 16785 3.263434 0.054544
16775 16786 3.648630 0.042866
16781 16786 3.012474 0.028062
16776 16787 3.241605 0.060622
16778 16787 3.241605 0.060622
16789 16794 3.263434 0.054544
16791 16794 3.241605 0.060622
16790 16795 3.648630 0.042866
16790 16797 3.648630 0.042866
16789 16798 3.263434 0.054544
16791 16798 3.241605 0.060622
16798 16805 3.648630 0.042866
16790 16799 3.012474 0.028062
16801 16805 3.012474 0.028062
16790 16802 3.012474 0.028062
16795 16804 3.263434 0.054544
16797 16804 3.263434 0.054544
16794 16805 3.648630 0.042866
16800 16805 3.012474 0.028062
16795 16806 3.241605 0.060622
16797 16806 3.241605 0.060622
16808 16813 3.263434 0.054544
16810 16813 3.241605 0.060622
16809 16814 3.648630 0.042866
16809 16816 3.648630 0.042866
16808 16817 3.263434 0.054544
16810 16817 3.241605 0.060622
16817 16824 3.648630 0.042866
16809 16818 3.012474 0.028062
16820 16824 3.012474 0.028062
16809 16821 3.012474 0.028062
16814 16823 3.263434 0.054544
16816 16823 3.263434 0.054544
16813 16824 3.648630 0.042866
16819 16824 3.012474 0.028062
16814 16825 3.241605 0.060622
16816 16825 3.241605 0.060622
16827 16832 3.263434 0.054544
16829 16832 3.241605 0.060622
16828 16833 3.648630 0.042866
16828 16835 3.648630 0.042866
16827 16836 3.263434 0.054544
16829 16836 3.241605 0.060622
16836 16843 3.648630 0.042866
16828 16837 3.012474 0.028062
16839 16843 3.012474 0.028062
16828 16840 3.012474 0.028062
16833 16842 3.263434 0.054544
16835 16842 3.263434 0.054544
16832 16843 3.648630 0.042866
16838 16843 3.012474 0.028062
16833 16844 3.241605 0.060622
16835 16844 3.241605 0.060622
16846 16851 3.263434 0.054544
16848 16851 3.241605 0.060622
16847 16852 3.648630 0.042866
16847 16854 3.648630 0.042866
16846 16855 3.263434 0.054544
16848 16855 3.241605 0.060622
16855 16862 3.648630 0.042866
16847 16856 3.012474 0.028062
16858 16862 3.012474 0.028062
16847 16859 3.012474 0.028062
16852 16861 3.263434 0.054544
16854 16861 3.263434 0.054544
16851 16862 3.648630 0.042866
16857 16862 3.012474 0.028062
16852 16863 3.241605 0.060622
16854 16863 3.241605 0.060622
16865 16870 3.263434 0.054544
16867 16870 3.241605 0.060622
16866 16871 3.648630 0.042866
16866 16873 3.648630 0.042866
16865 16874 3.263434 0.054544
16867 16874 3.241605 0.060622
16874 16881 3.648630 0.042866
16866 16875 3.012474 0.028062
16877 16881 3.012474 0.028062
16866 16878 3.012474 0.028062
16871 16880 3.263434 0.054544
16873 16880 3.263434 0.054544
16870 16881 3.648630 0.042866
16876 16881 3.012474 0.028062
16871 16882 3.241605 0.060622
16873 16882 3.241605 0.060622
16884 16889 3.263434 0.054544
16886 16889 3.241605 0.060622
16885 16890 3.648630 0.042866
16885 16892 3.648630 0.042866
16884 16893 3.263434 0.054544
16886 16893 3.241605 0.060622
16893 16900 3.648630 0.042866
16885 16894 3.012474 0.028062
16896 16900 3.012474 0.028062
16885 16897 3.012474 0.028062
16890 16899 3.263434 0.054544
16892 16899 3.263434 0.054544
16889 16900 3.648630 0.042866
16895 16900 3.012474 0.028062
16890 16901 3.241605 0.060622
16892 16901 3.241605 0.060622
16903 16908 3.263434 0.054544
16905 16908 3.241605 0.060622
16904 16909 3.648630 0.042866
16904 16911 3.648630 0.042866
16903 16912 3.263434 0.054544
16905 16912 3.241605 0.060622
16912 16919 3.648630 0.042866
16904 16913 3.012474 0.028062
16915 16919 3.012474 0.028062
16904 16916 3.012474 0.028062
16909 16918 3.263434 0.054544
16911 16918 3.263434 0.054544
16908 16919 3.648630 0.042866
16914 16919 3.012474 0.028062
16909 16920 3.241605 0.060622
16911 16920 3.241605 0.060622
16922 16927 3.263434 0.054544
16924 16927 3.241605 0.060622
16923 16928 3.648630 0.042866
16923 16930 3.648630 0.042866
16922 16931 3.263434 0.054544
16924 16931 3.241605 0.060622
16931 16938 3.648630 0.042866
16923 16932 3.012474 0.028062
16934 16938 3.012474 0.028062
16923 16935 3.012474 0.028062
16928 16937 3.263434 0.054544
16930 16937 3.263434 0.054544
16927 16938 3.648630 0.042866
16933 16938 3.012474 0.028062
16928 16939 3.241605 0.060622
16930 16939 3.241605 0.060622
16941 16946 3.263434 0.054544
16943 16946 3.241605 0.060622
16942 16947 3.648630 0.042866
16942 16949 3.648630 0.042866
16941 16950 3.263434 0.054544
16943 16950 3.241605 0.060622
16950 16957 3.648630 0.042866
16942 16951 3.012474 0.028062
16953 16957 3.012474 0.028062
16942 16954 3.012474 0.028062
16947 16956 3.263434 0.054544
16949 16956 3.263434 0.054544
16946 16957 3.648630 0.042866
16952 16957 3.012474 0.028062
16947 16958 3.241605 0.060622
16949 16958 3.241605 0.060622
16960 16965 3.263434 0.054544
16962 16965 3.241605 0.060622
16961 16966 3.648630 0.042866
16961 16968 3.648630 0.042866
16960 16969 3.263434 0.054544
16962 16969 3.241605 0.060622
16969 16976 3.648630 0.042866
16961 16970 3.012474 0.028062
16972 16976 3.012474 0.028062
16961 16973 3.012474 0.028062
16966 16975 3.263434 0.054544
16968 16975 3.263434 0.054544
16965 16976 3.648630 0.042866
16971 16976 3.012474 0.028062
16966 16977 3.241605 0.060622
16968 16977 3.241605 0.060622
16979 16984 3.263434 0.054544
16981 16984 3.241605 0.060622
16980 16985 3.648630 0.042866
16980 16987 3.648630 0.042866
16979 16988 3.263434 0.054544
16981 16988 3.241605 0.060622
16988 16995 3.648630 0.042866
16980 16989 3.012474 0.028062
16991 16995 3.012474 0.028062
16980 16992 3.012474 0.028062
16985 16994 3.263434 0.054544
16987 16994 3.263434 0.054544
16984 16995 3.648630 0.042866
16990 16995 3.012474 0.028062
16985 16996 3.241605 0.060622
16987 16996 3.241605 0.060622
16998 17003 3.263434 0.054544
17000 17003 3.241605 0.060622
16999 17004 3.648630 0.042866
16999 17006 3.648630 0.042866
16998 17007 3.263434 0.054544
17000 17007 3.241605 0.060622
17007 17014 3.648630 0.042866
16999 17008 3.012474 0.028062
17010 17014 3.012474 0.028062
16999 17011 3.012474 0.028062
17004 17013 3.263434 0.054544
17006 17013 3.263434 0.054544
17003 17014 3.648630 0.042866
17009 17014 3.012474 0.028062
17004 17015 3.241605 0.060622
17006 17015 3.241605 0.060622
17020 17022 0.000000 0.000000
17017 17023 3.263434 0.054544
17019 17023 3.241605 0.060622
17018 17024 3.648630 0.042866
17018 17026 3.648630 0.042866
17017 17027 3.263434 0.054544
17019 17027 3.241605 0.060622
17027 17034 3.648630 0.042866
17018 17028 3.012474 0.028062
17030 17034 3.012474 0.028062
17018 17031 3.012474 0.028062
17024 17033 3.263434 0.054544
17026 17033 3.263434 0.054544
17023 17034 3.648630 0.042866
17029 17034 3.012474 0.028062
17024 17035 3.241605 0.060622
17026 17035 3.241605 0.060622
17037 17042 3.263434 0.054544
17039 17042 3.241605 0.060622
17038 17043 3.648630 0.042866
17038 17045 3.648630 0.042866
17037 17046 3.263434 0.054544
17039 17046 3.241605 0.060622
17046 17053 3.648630 0.042866
17038 17047 3.012474 0.028062
17049 17053 3.012474 0.028062
17038 17050 3.012474 0.028062
17043 17052 3.263434 0.054544
17045 17052 3.263434 0.054544
17042 17053 3.648630 0.042866
17048 17053 3.012474 0.028062
17043 17054 3.241605 0.060622
17045 17054 3.241605 0.060622
17056 17061 3.263434 0.054544
17058 17061 3.241605 0.060622
17057 17062 3.648630 0.042866
17057 17064 3.648630 0.042866
17056 17065 3.263434 0.054544
17058 17065 3.241605 0.060622
17065 17072 3.648630 0.042866
17057 17066 3.012474 0.028062
17068 17072 3.012474 0.028062
17057 17069 3.012474 0.028062
17062 17071 3.263434 0.054544
17064 17071 3.263434 0.054544
17061 17072 3.648630 0.042866
17067 17072 3.012474 0.028062
17062 17073 3.241605 0.060622
17064 17073 3.241605 0.060622
17075 17080 3.263434 0.054544
17077 17080 3.241605 0.060622
17076 17081 3.648630 0.042866
17076 17083 3.648630 0.042866
17075 17084 3.263434 0.054544
17077 17084 3.241605 0.060622
17084 17091 3.648630 0.042866
17076 17085 3.012474 0.028062
17087 17091 3.012474 0.028062
17076 17088 3.012474 0.028062
17081 17090 3.263434 0.054544
17083 17090 3.263434 0.054544
17080 17091 3.648630 0.042866
17086 17091 3.012474 0.028062
17081 17092 3.241605 0.060622
17083 17092 3.241605 0.060622
17094 17099 3.263434 0.054544
17096 17099 3.241605 0.060622
17095 17100 3.648630 0.042866
17095 17102 3.648630 0.042866
17094 17103 3.263434 0.054544
17096 17103 3.241605 0.060622
17103 17110 3.648630 0.042866
17095 17104 3.012474 0.028062
17106 17110 3.012474 0.028062
17095 17107 3.012474 0.028062
17100 17109 3.263434 0.054544
17102 17109 3.263434 0.054544
17099 17110 3.648630 0.042866
17105 17110 3.012474 0.028062
17100 17111 3.241605 0.060622
17102 17111 3.241605 0.060622
17116 17118 0.000000 0.000000
17113 17119 3.263434 0.054544
17115 17119 3.241605 0.060622
17114 17120 3.648630 0.042866
17114 17122 3.648630 0.042866
17113 17123 3.263434 0.054544
17115 17123 3.241605 0.060622
17123 17130 3.648630 0.042866
17114 17124 3.012474 0.028062
17126 17130 3.012474 0.028062
17114 17127 3.012474 0.028062
17120 17129 3.263434 0.054544
17122 17129 3.263434 0.054544
17119 17130 3.648630 0.042866
17125 17130 3.012474 0.028062
17120 17131 3.241605 0.060622
17122 17131 3.241605 0.060622
17133 17138 3.263434 0.054544
17135 17138 3.241605 0.060622
17134 17139 3.648630 0.042866
17134 17141 3.648630 0.042866
17133 17142 3.263434 0.054544
17135 17142 3.241605 0.060622
17142 17149 3.648630 0.042866
17134 17143 3.012474 0.028062
17145 17149 3.012474 0.028062
17134 17146 3.012474 0.028062
17139 17148 3.263434 0.054544
17141 17148 3.263434 0.054544
17138 17149 3.648630 0.042866
17144 17149 3.012474 0.028062
17139 17150 3.241605 0.060622
17141 17150 3.241605 0.060622
17155 17157 0.000000 0.000000
17152 17158 3.263434 0.054544
17154 17158 3.241605 0.060622
17153 17159 3.648630 0.042866
17153 17161 3.648630 0.042866
17152 17162 3.263434 0.054544
17154 17162 3.241605 0.060622
17162 17169 3.648630 0.042866
17153 17163 3.012474 0.028062
17165 17169 3.012474 0.028062
17153 17166 3.012474 0.028062
17159 17168 3.263434 0.054544
17161 17168 3.263434 0.054544
17158 17169 3.648630 0.042866
17164 17169 3.012474 0.028062
17159 17170 3.241605 0.060622
17161 17170 3.241605 0.060622
17172 17177 3.263434 0.054544
17174 17177 3.241605 0.060622
17173 17178 3.648630 0.042866
17173 17180 3.648630 0.042866
17172 17181 3.263434 0.054544
17174 17181 3.241605 0.060622
17181 17188 3.648630 0.042866
17173 17182 3.012474 0.028062
17184 17188 3.012474 0.028062
17173 17185 3.012474 0.028062
17178 17187 3.263434 0.054544
17180 17187 3.263434 0.054544
17177 17188 3.648630 0.042866
17183 17188 3.012474 0.028062
17178 17189 3.241605 0.060622
17180 17189 3.241605 0.060622
17191 17196 3.263434 0.054544
17193 17196 3.241605 0.060622
17192 17197 3.648630 0.042866
17192 17199 3.648630 0.042866
17191 17200 3.263434 0.054544
17193 17200 3.241605 0.060622
17200 17207 3.648630 0.042866
17192 17201 3.012474 0.028062
17203 17207 3.012474 0.028062
17192 17204 3.012474 0.028062
17197 17206 3.263434 0.054544
17199 17206 3.263434 0.054544
17196 17207 3.648630 0.042866
17202 17207 3.012474 0.028062
17197 17208 3.241605 0.060622
17199 17208 3.241605 0.060622
17210 17215 3.263434 0.054544
17212 17215 3.241605 0.060622
17211 17216 3.648630 0.042866
17211 17218 3.648630 0.042866
17210 17219 3.263434 0.054544
17212 17219 3.241605 0.060622
17219 17226 3.648630 0.042866
17211 17220 3.012474 0.028062
17222 17226 3.012474 0.028062
17211 17223 3.012474 0.028062
17216 17225 3.263434 0.054544
17218 17225 3.263434 0.054544
17215 17226 3.648630 0.042866
17221 17226 3.012474 0.028062
17216 17227 3.241605 0.060622
17218 17227 3.241605 0.060622
17229 17234 3.263434 0.054544
17231 17234 3.241605 0.060622
17230 17235 3.648630 0.042866
17230 17237 3.648630 0.042866
17229 17238 3.263434 0.054544
17231 17238 3.241605 0.060622
17238 17245 3.648630 0.042866
17230 17239 3.012474 0.028062
17241 17245 3.012474 0.028062
17230 17242 3.012474 0.028062
17235 17244 3.263434 0.054544
17237 17244 3.263434 0.054544
17234 17245 3.648630 0.042866
17240 17245 3.012474 0.028062
17235 17246 3.241605 0.060622
17237 17246 3.241605 0.060622
17248 17253 3.263434 0.054544
17250 17253 3.241605 0.060622
17249 17254 3.648630 0.042866
17249 17256 3.648630 0.042866
17248 17257 3.263434 0.054544
17250 17257 3.241605 0.060622
17257 17264 3.648630 0.042866
17249 17258 3.012474 0.028062
17260 17264 3.012474 0.028062
17249 17261 3.012474 0.028062
17254 17263 3.263434 0.054544
17256 17263 3.263434 0.054544
17253 17264 3.648630 0.042866
17259 17264 3.012474 0.028062
17254 17265 3.241605 0.060622
17256 17265 3.241605 0.060622
17267 17272 3.263434 0.054544
17269 17272 3.241605 0.060622
17268 17273 3.648630 0.042866
17268 17275 3.648630 0.042866
17267 17276 3.263434 0.054544
17269 17276 3.241605 0.060622
17276 17283 3.648630 0.042866
17268 17277 3.012474 0.028062
17279 17283 3.012474 0.028062
17268 17280 3.012474 0.028062
17273 17282 3.263434 0.054544
17275 17282 3.263434 0.054544
17272 17283 3.648630 0.042866
17278 17283 3.012474 0.028062
17273 17284 3.241605 0.060622
17275 17284 3.241605 0.060622
17286 17291 3.263434 0.054544
17288 17291 3.241605 0.060622
17287 17292 3.648630 0.042866
17287 17294 3.648630 0.042866
17286 17295 3.263434 0.054544
17288 17295 3.241605 0.060622
17295 17302 3.648630 0.042866
17287 17296 3.012474 0.028062
17298 17302 3.012474 0.028062
17287 17299 3.012474 0.028062
17292 17301 3.263434 0.054544
17294 17301 3.263434 0.054544
17291 17302 3.648630 0.042866
17297 17302 3.012474 0.028062
17292 17303 3.241605 0.060622
17294 17303 3.241605 0.060622
17305 17310 3.263434 0.054544
17307 17310 3.241605 0.060622
17306 17311 3.648630 0.042866
17306 17313 3.648630 0.042866
17305 17314 3.263434 0.054544
17307 17314 3.241605 0.060622
17314 17321 3.648630 0.042866
17306 17315 3.012474 0.028062
17317 17321 3.012474 0.028062
17306 17318 3.012474 0.028062
17311 17320 3.241605 0.060622
17313 17320 3.241605 0.060622
17310 17321 3.648630 0.042866
17316 17321 3.012474 0.028062
17311 17322 3.263434 0.054544
17313 17322 3.263434 0.054544
17312 17323 0.000000 0.000000
17325 17330 3.263434 0.054544
17327 17330 3.241605 0.060622
17326 17331 3.648630 0.042866
17326 17333 3.648630 0.042866
17325 17334 3.263434 0.054544
17327 17334 3.241605 0.060622
17334 17341 3.648630 0.042866
17326 17335 3.012474 0.028062
17337 17341 3.012474 0.028062
17326 17338 3.012474 0.028062
17331 17340 3.263434 0.054544
17333 17340 3.263434 0.054544
17330 17341 3.648630 0.042866
17336 17341 3.012474 0.028062
17331 17342 3.241605 0.060622
17333 17342 3.241605 0.060622
17344 17349 3.263434 0.054544
17346 17349 3.241605 0.060622
17345 17350 3.648630 0.042866
17345 17352 3.648630 0.042866
17344 17353 3.263434 0.054544
17346 17353 3.241605 0.060622
17353 17360 3.648630 0.042866
17345 17354 3.012474 0.028062
17356 17360 3.012474 0.028062
17345 17357 3.012474 0.028062
17350 17359 3.263434 0.054544
17352 17359 3.263434 0.054544
17349 17360 3.648630 0.042866
17355 17360 3.012474 0.028062
17350 17361 3.241605 0.060622
17352 17361 3.241605 0.060622
17363 17368 3.263434 0.054544
17365 17368 3.241605 0.060622
17364 17369 3.648630 0.042866
17364 17371 3.648630 0.042866
17363 17372 3.263434 0.054544
17365 17372 3.241605 0.060622
17372 17379 3.648630 0.042866
17364 17373 3.012474 0.028062
17375 17379 3.012474 0.028062
17364 17376 3.012474 0.028062
17369 17378 3.263434 0.054544
17371 17378 3.263434 0.054544
17368 17379 3.648630 0.042866
17374 17379 3.012474 0.028062
17369 17380 3.241605 0.060622
17371 17380 3.241605 0.060622
17382 17387 3.263434 0.054544
17384 17387 3.241605 0.060622
17383 17388 3.648630 0.042866
17383 17390 3.648630 0.042866
17382 17391 3.263434 0.054544
17384 17391 3.241605 0.060622
17391 17398 3.648630 0.042866
17383 17392 3.012474 0.028062
17394 17398 3.012474 0.028062
17383 17395 3.012474 0.028062
17388 17397 3.263434 0.054544
17390 17397 3.263434 0.054544
17387 17398 3.648630 0.042866
17393 17398 3.012474 0.028062
17388 17399 3.241605 0.060622
17390 17399 3.241605 0.060622
17401 17406 3.263434 0.054544
17403 17406 3.241605 0.060622
17402 17407 3.648630 0.042866
17402 17409 3.648630 0.042866
17401 17410 3.263434 0.054544
17403 17410 3.241605 0.060622
17410 17417 3.648630 0.042866
17402 17411 3.012474 0.028062
17413 17417 3.012474 0.028062
17402 17414 3.012474 0.028062
17407 17416 3.263434 0.054544
17409 17416 3.263434 0.054544
17406 17417 3.648630 0.042866
17412 17417 3.012474 0.028062
17407 17418 3.241605 0.060622
17409 17418 3.241605 0.060622
17423 17425 0.000000 0.000000
17420 17426 3.263434 0.054544
17422 17426 3.241605 0.060622
17421 17427 3.648630 0.042866
17421 17429 3.648630 0.042866
17420 17430 3.263434 0.054544
17422 17430 3.241605 0.060622
17430 17437 3.648630 0.042866
17421 17431 3.012474 0.028062
17433 17437 3.012474 0.028062
17421 17434 3.012474 0.028062
17427 17436 3.263434 0.054544
17429 17436 3.263434 0.054544
17426 17437 3.648630 0.042866
17432 17437 3.012474 0.028062
17427 17438 3.241605 0.060622
17429 17438 3.241605 0.060622
17440 17445 3.263434 0.054544
17442 17445 3.241605 0.060622
17441 17446 3.648630 0.042866
17441 17448 3.648630 0.042866
17440 17449 3.263434 0.054544
17442 17449 3.241605 0.060622
17449 17456 3.648630 0.042866
17441 17450 3.012474 0.028062
17452 17456 3.012474 0.028062
17441 17453 3.012474 0.028062
17446 17455 3.241605 0.060622
17448 17455 3.241605 0.060622
17445 17456 3.648630 0.042866
17451 17456 3.012474 0.028062
17446 17457 3.263434 0.054544
17448 17457 3.263434 0.054544
17447 17458 0.000000 0.000000
17460 17465 3.263434 0.054544
17462 17465 3.241605 0.060622
17461 17466 3.648630 0.042866
17461 17468 3.648630 0.042866
17460 17469 3.263434 0.054544
17462 17469 3.241605 0.060622
17469 17476 3.648630 0.042866
17461 17470 3.012474 0.028062
17472 17476 3.012474 0.028062
17461 17473 3.012474 0.028062
17466 17475 3.263434 0.054544
17468 17475 3.263434 0.054544
17465 17476 3.648630 0.042866
17471 17476 3.012474 0.028062
17466 17477 3.241605 0.060622
17468 17477 3.241605 0.060622
17479 17484 3.263434 0.054544
17481 17484 3.241605 0.060622
17480 17485 3.648630 0.042866
17480 17487 3.648630 0.042866
17479 17488 3.263434 0.054544
17481 17488 3.241605 0.060622
17488 17495 3.648630 0.042866
17480 17489 3.012474 0.028062
17491 17495 3.012474 0.028062
17480 17492 3.012474 0.028062
17485 17494 3.263434 0.054544
17487 17494 3.263434 0.054544
17484 17495 3.648630 0.042866
17490 17495 3.012474 0.028062
17485 17496 3.241605 0.060622
17487 17496 3.241605 0.060622
17498 17503 3.263434 0.054544
17500 17503 3.241605 0.060622
17499 17504 3.648630 0.042866
17499 17506 3.648630 0.042866
17498 17507 3.263434 0.054544
17500 17507 3.241605 0.060622
17507 17514 3.648630 0.042866
17499 17508 3.012474 0.028062
17510 17514 3.012474 0.028062
17499 17511 3.012474 0.028062
17504 17513 3.263434 0.054544
17506 17513 3.263434 0.054544
17503 17514 3.648630 0.042866
17509 17514 3.012474 0.028062
17504 17515 3.241605 0.060622
17506 17515 3.241605 0.060622
17517 17522 3.263434 0.054544
17519 17522 3.241605 0.060622
17518 17523 3.648630 0.042866
17518 17525 3.648630 0.042866
17517 17526 3.263434 0.054544
17519 17526 3.241605 0.060622
17526 17533 3.648630 0.042866
17518 17527 3.012474 0.028062
17529 17533 3.012474 0.028062
17518 17530 3.012474 0.028062
17523 17532 3.263434 0.054544
17525 17532 3.263434 0.054544
17522 17533 3.648630 0.042866
17528 17533 3.012474 0.028062
17523 17534 3.241605 0.060622
17525 17534 3.241605 0.060622
17536 17541 3.263434 0.054544
17538 17541 3.241605 0.060622
17537 17542 3.648630 0.042866
17537 17544 3.648630 0.042866
17536 17545 3.263434 0.054544
17538 17545 3.241605 0.060622
17545 17552 3.648630 0.042866
17537 17546 3.012474 0.028062
17548 17552 3.012474 0.028062
17537 17549 3.012474 0.028062
17542 17551 3.263434 0.054544
17544 17551 3.263434 0.054544
17541 17552 3.648630 0.042866
17547 17552 3.012474 0.028062
17542 17553 3.241605 0.060622
17544 17553 3.241605 0.060622
17555 17560 3.263434 0.054544
17557 17560 3.241605 0.060622
17556 17561 3.648630 0.042866
17556 17563 3.648630 0.042866
17555 17564 3.263434 0.054544
17557 17564 3.241605 0.060622
17564 17571 3.648630 0.042866
17556 17565 3.012474 0.028062
17567 17571 3.012474 0.028062
17556 17568 3.012474 0.028062
17561 17570 3.263434 0.054544
17563 17570 3.263434 0.054544
17560 17571 3.648630 0.042866
17566 17571 3.012474 0.028062
17561 17572 3.241605 0.060622
17563 17572 3.241605 0.060622
17574 17579 3.263434 0.054544
17576 17579 3.241605 0.060622
17575 17580 3.648630 0.042866
17575 17582 3.648630 0.042866
17574 17583 3.263434 0.054544
17576 17583 3.241605 0.060622
17583 17590 3.648630 0.042866
17575 17584 3.012474 0.028062
17586 17590 3.012474 0.028062
17575 17587 3.012474 0.028062
17580 17589 3.263434 0.054544
17582 17589 3.263434 0.054544
17579 17590 3.648630 0.042866
17585 17590 3.012474 0.028062
17580 17591 3.241605 0.060622
17582 17591 3.241605 0.060622
17593 17598 3.263434 0.054544
17595 17598 3.241605 0.060622
17594 17599 3.648630 0.042866
17594 17601 3.648630 0.042866
17593 17602 3.263434 0.054544
17595 17602 3.241605 0.060622
17602 17609 3.648630 0.042866
17594 17603 3.012474 0.028062
17605 17609 3.012474 0.028062
17594 17606 3.012474 0.028062
17599 17608 3.263434 0.054544
17601 17608 3.263434 0.054544
17598 17609 3.648630 0.042866
17604 17609 3.012474 0.028062
17599 17610 3.241605 0.060622
17601 17610 3.241605 0.060622
17612 17617 3.263434 0.054544
17614 17617 3.241605 0.060622
17613 17618 3.648630 0.042866
17613 17620 3.648630 0.042866
17612 17621 3.263434 0.054544
17614 17621 3.241605 0.060622
17621 17628 3.648630 0.042866
17613 17622 3.012474 0.028062
17624 17628 3.012474 0.028062
17613 17625 3.012474 0.028062
17618 17627 3.263434 0.054544
17620 17627 3.263434 0.054544
17617 17628 3.648630 0.042866
17623 17628 3.012474 0.028062
17618 17629 3.241605 0.060622
17620 17629 3.241605 0.060622
17631 17636 3.263434 0.054544
17633 17636 3.241605 0.060622
17632 17637 3.648630 0.042866
17632 17639 3.648630 0.042866
17631 17640 3.263434 0.054544
17633 17640 3.241605 0.060622
17640 17647 3.648630 0.042866
17632 17641 3.012474 0.028062
17643 17647 3.012474 0.028062
17632 17644 3.012474 0.028062
17637 17646 3.263434 0.054544
17639 17646 3.263434 0.054544
17636 17647 3.648630 0.042866
17642 17647 3.012474 0.028062
17637 17648 3.241605 0.060622
17639 17648 3.241605 0.060622
17653 17655 0.000000 0.000000
17650 17656 3.263434 0.054544
17652 17656 3.241605 0.060622
17651 17657 3.648630 0.042866
17651 17659 3.648630 0.042866
17650 17660 3.263434 0.054544
17652 17660 3.241605 0.060622
17660 17667 3.648630 0.042866
17651 17661 3.012474 0.028062
17663 17667 3.012474 0.028062
17651 17664 3.012474 0.028062
17657 17666 3.241605 0.060622
17659 17666 3.241605 0.060622
17656 17667 3.648630 0.042866
17662 17667 3.012474 0.028062
17657 17668 3.263434 0.054544
17659 17668 3.263434 0.054544
17658 17669 0.000000 0.000000
17671 17676 3.263434 0.054544
17673 17676 3.241605 0.060622
17672 17677 3.648630 0.042866
17672 17679 3.648630 0.042866
17671 17680 3.263434 0.054544
17673 17680 3.241605 0.060622
17680 17687 3.648630 0.042866
17672 17681 3.012474 0.028062
17683 17687 3.012474 0.028062
17672 17684 3.012474 0.028062
17677 17686 3.263434 0.054544
17679 17686 3.263434 0.054544
17676 17687 3.648630 0.042866
17682 17687 3.012474 0.028062
17677 17688 3.241605 0.060622
17679 17688 3.241605 0.060622
17690 17695 3.263434 0.054544
17692 17695 3.241605 0.060622
17691 17696 3.648630 0.042866
17691 17698 3.648630 0.042866
17690 17699 3.263434 0.054544
17692 17699 3.241605 0.060622
17699 17706 3.648630 0.042866
17691 17700 3.012474 0.028062
17702 17706 3.012474 0.028062
17691 17703 3.012474 0.028062
17696 17705 3.263434 0.054544
17698 17705 3.263434 0.054544
17695 17706 3.648630 0.042866
17701 17706 3.012474 0.028062
17696 17707 3.241605 0.060622
17698 17707 3.241605 0.060622
17709 17714 3.263434 0.054544
17711 17714 3.241605 0.060622
17710 17715 3.648630 0.042866
17710 17717 3.648630 0.042866
17709 17718 3.263434 0.054544
17711 17718 3.241605 0.060622
17718 17725 3.648630 0.042866
17710 17719 3.012474 0.028062
17721 17725 3.012474 0.028062
17710 17722 3.012474 0.028062
17715 17724 3.263434 0.054544
17717 17724 3.263434 0.054544
17714 17725 3.648630 0.042866
17720 17725 3.012474 0.028062
17715 17726 3.241605 0.060622
17717 17726 3.241605 0.060622
17728 17733 3.263434 0.054544
17730 17733 3.241605 0.060622
17729 17734 3.648630 0.042866
17729 17736 3.648630 0.042866
17728 17737 3.263434 0.054544
17730 17737 3.241605 0.060622
17737 17744 3.648630 0.042866
17729 17738 3.012474 0.028062
17740 17744 3.012474 0.028062
17729 17741 3.012474 0.028062
17734 17743 3.263434 0.054544
17736 17743 3.263434 0.054544
17733 17744 3.648630 0.042866
17739 17744 3.012474 0.028062
17734 17745 3.241605 0.060622
17736 17745 3.241605 0.060622
17747 17752 3.263434 0.054544
17749 17752 3.241605 0.060622
17748 17753 3.648630 0.042866
17748 17755 3.648630 0.042866
17747 17756 3.263434 0.054544
17749 17756 3.241605 0.060622
17756 17763 3.648630 0.042866
17748 17757 3.012474 0.028062
17759 17763 3.012474 0.028062
17748 17760 3.012474 0.028062
17753 17762 3.263434 0.054544
17755 17762 3.263434 0.054544
17752 17763 3.648630 0.042866
17758 17763 3.012474 0.028062
17753 17764 3.241605 0.060622
17755 17764 3.241605 0.060622
17766 17771 3.263434 0.054544
17768 17771 3.241605 0.060622
17767 17772 3.648630 0.042866
17767 17774 3.648630 0.042866
17766 17775 3.263434 0.054544
17768 17775 3.241605 0.060622
17775 17782 3.648630 0.042866
17767 17776 3.012474 0.028062
17778 17782 3.012474 0.028062
17767 17779 3.012474 0.028062
17772 17781 3.263434 0.054544
17774 17781 3.263434 0.054544
17771 17782 3.648630 0.042866
17777 17782 3.012474 0.028062
17772 17783 3.241605 0.060622
17774 17783 3.241605 0.060622
17788 17790 0.000000 0.000000
17785 17791 3.263434 0.054544
17787 17791 3.241605 0.060622
17786 17792 3.648630 0.042866
17786 17794 3.648630 0.042866
17785 17795 3.263434 0.054544
17787 17795 3.241605 0.060622
17795 17802 3.648630 0.042866
17786 17796 3.012474 0.028062
17798 17802 3.012474 0.028062
17786 17799 3.012474 0.028062
17792 17801 3.263434 0.054544
17794 17801 3.263434 0.054544
17791 17802 3.648630 0.042866
17797 17802 3.012474 0.028062
17792 17803 3.241605 0.060622
17794 17803 3.241605 0.060622
17805 17810 3.263434 0.054544
17807 17810 3.241605 0.060622
17806 17811 3.648630 0.042866
17806 17813 3.648630 0.042866
17805 17814 3.263434 0.054544
17807 17814 3.241605 0.060622
17814 17821 3.648630 0.042866
17806 17815 3.012474 0.028062
17817 17821 3.012474 0.028062
17806 17818 3.012474 0.028062
17811 17820 3.263434 0.054544
17813 17820 3.263434 0.054544
17810 17821 3.648630 0.042866
17816 17821 3.012474 0.028062
17811 17822 3.241605 0.060622
17813 17822 3.241605 0.060622
17824 17829 3.263434 0.054544
17826 17829 3.241605 0.060622
17825 17830 3.648630 0.042866
17825 17832 3.648630 0.042866
17824 17833 3.263434 0.054544
17826 17833 3.241605 0.060622
17833 17840 3.648630 0.042866
17825 17834 3.012474 0.028062
17836 17840 3.012474 0.028062
17825 17837 3.012474 0.028062
17830 17839 3.263434 0.054544
17832 17839 3.263434 0.054544
17829 17840 3.648630 0.042866
17835 17840 3.012474 0.028062
17830 17841 3.241605 0.060622
17832 17841 3.241605 0.060622
17843 17848 3.263434 0.054544
17845 17848 3.241605 0.060622
17844 17849 3.648630 0.042866
17844 17851 3.648630 0.042866
17843 17852 3.263434 0.054544
17845 17852 3.241605 0.060622
17852 17859 3.648630 0.042866
17844 17853 3.012474 0.028062
17855 17859 3.012474 0.028062
17844 17856 3.012474 0.028062
17849 17858 3.263434 0.054544
17851 17858 3.263434 0.054544
17848 17859 3.648630 0.042866
17854 17859 3.012474 0.028062
17849 17860 3.241605 0.060622
17851 17860 3.241605 0.060622
17865 17867 0.000000 0.000000
17862 17868 3.263434 0.054544
17864 17868 3.241605 0.060622
17863 17869 3.648630 0.042866
17863 17871 3.648630 0.042866
17862 17872 3.263434 0.054544
17864 17872 3.241605 0.060622
17872 17879 3.648630 0.042866
17863 17873 3.012474 0.028062
17875 17879 3.012474 0.028062
17863 17876 3.012474 0.028062
17869 17878 3.263434 0.054544
17871 17878 3.263434 0.054544
17868 17879 3.648630 0.042866
17874 17879 3.012474 0.028062
17869 17880 3.241605 0.060622
17871 17880 3.241605 0.060622
17882 17887 3.263434 0.054544
17884 17887 3.241605 0.060622
17883 17888 3.648630 0.042866
17883 17890 3.648630 0.042866
17882 17891 3.263434 0.054544
17884 17891 3.241605 0.060622
17891 17898 3.648630 0.042866
17883 17892 3.012474 0.028062
17894 17898 3.012474 0.028062
17883 17895 3.012474 0.028062
17888 17897 3.241605 0.060622
17890 17897 3.241605 0.060622
17887 17898 3.648630 0.042866
17893 17898 3.012474 0.028062
17888 17899 3.263434 0.054544
17890 17899 3.263434 0.054544
17889 17900 0.000000 0.000000
17902 17907 3.263434 0.054544
17904 17907 3.241605 0.060622
17903 17908 3.648630 0.042866
17903 17910 3.648630 0.042866
17902 17911 3.263434 0.054544
17904 17911 3.241605 0.060622
17911 17918 3.648630 0.042866
17903 17912 3.012474 0.028062
17914 17918 3.012474 0.028062
17903 17915 3.012474 0.028062
17908 17917 3.263434 0.054544
17910 17917 3.263434 0.054544
17907 17918 3.648630 0.042866
17913 17918 3.012474 0.028062
17908 17919 3.241605 0.060622
17910 17919 3.241605 0.060622
17921 17926 3.263434 0.054544
17923 17926 3.241605 0.060622
17922 17927 3.648630 0.042866
17922 17929 3.648630 0.042866
17921 17930 3.263434 0.054544
17923 17930 3.241605 0.060622
17930 17937 3.648630 0.042866
17922 17931 3.012474 0.028062
17933 17937 3.012474 0.028062
17922 17934 3.012474 0.028062
17927 17936 3.263434 0.054544
17929 17936 3.263434 0.054544
17926 17937 3.648630 0.042866
17932 17937 3.012474 0.028062
17927 17938 3.241605 0.060622
17929 17938 3.241605 0.060622
17940 17945 3.263434 0.054544
17942 17945 3.241605 0.060622
17941 17946 3.648630 0.042866
17941 17948 3.648630 0.042866
17940 17949 3.263434 0.054544
17942 17949 3.241605 0.060622
17949 17956 3.648630 0.042866
17941 17950 3.012474 0.028062
17952 17956 3.012474 0.028062
17941 17953 3.012474 0.028062
17946 17955 3.263434 0.054544
17948 17955 3.263434 0.054544
17945 17956 3.648630 0.042866
17951 17956 3.012474 0.028062
17946 17957 3.241605 0.060622
17948 17957 3.241605 0.060622
17959 17964 3.263434 0.054544
17961 17964 3.241605 0.060622
17960 17965 3.648630 0.042866
17960 17967 3.648630 0.042866
17959 17968 3.263434 0.054544
17961 17968 3.241605 0.060622
17968 17975 3.648630 0.042866
17960 17969 3.012474 0.028062
17971 17975 3.012474 0.028062
17960 17972 3.012474 0.028062
17965 17974 3.263434 0.054544
17967 17974 3.263434 0.054544
17964 17975 3.648630 0.042866
17970 17975 3.012474 0.028062
17965 17976 3.241605 0.060622
17967 17976 3.241605 0.060622
17978 17983 3.263434 0.054544
17980 17983 3.241605 0.060622
17979 17984 3.648630 0.042866
17979 17986 3.648630 0.042866
17978 17987 3.263434 0.054544
17980 17987 3.241605 0.060622
17987 17994 3.648630 0.042866
17979 17988 3.012474 0.028062
17990 17994 3.012474 0.028062
17979 17991 3.012474 0.028062
17984 17993 3.263434 0.054544
17986 17993 3.263434 0.054544
17983 17994 3.648630 0.042866
17989 17994 3.012474 0.028062
17984 17995 3.241605 0.060622
17986 17995 3.241605 0.060622
17997 18002 3.263434 0.054544
17999 18002 3.241605 0.060622
17998 18003 3.648630 0.042866
17998 18005 3.648630 0.042866
17997 18006 3.263434 0.054544
17999 18006 3.241605 0.060622
18006 18013 3.648630 0.042866
17998 18007 3.012474 0.028062
18009 18013 3.012474 0.028062
17998 18010 3.012474 0.028062
18003 18012 3.263434 0.054544
18005 18012 3.263434 0.054544
18002 18013 3.648630 0.042866
18008 18013 3.012474 0.028062
18003 18014 3.241605 0.060622
18005 18014 3.241605 0.060622
18016 18021 3.263434 0.054544
18018 18021 3.241605 0.060622
18017 18022 3.648630 0.042866
18017 18024 3.648630 0.042866
18016 18025 3.263434 0.054544
18018 18025 3.241605 0.060622
18025 18032 3.648630 0.042866
18017 18026 3.012474 0.028062
18028 18032 3.012474 0.028062
18017 18029 3.012474 0.028062
18022 18031 3.263434 0.054544
18024 18031 3.263434 0.054544
18021 18032 3.648630 0.042866
18027 18032 3.012474 0.028062
18022 18033 3.241605 0.060622
18024 18033 3.241605 0.060622
18035 18040 3.263434 0.054544
18037 18040 3.241605 0.060622
18036 18041 3.648630 0.042866
18036 18043 3.648630 0.042866
18035 18044 3.263434 0.054544
18037 18044 3.241605 0.060622
18044 18051 3.648630 0.042866
18036 18045 3.012474 0.028062
18047 18051 3.012474 0.028062
18036 18048 3.012474 0.028062
18041 18050 3.263434 0.054544
18043 18050 3.263434 0.054544
18040 18051 3.648630 0.042866
18046 18051 3.012474 0.028062
18041 18052 3.241605 0.060622
18043 18052 3.241605 0.060622
18054 18059 3.263434 0.054544
18056 18059 3.241605 0.060622
18055 18060 3.648630 0.042866
18055 18062 3.648630 0.042866
18054 18063 3.263434 0.054544
18056 18063 3.241605 0.060622
18063 18070 3.648630 0.042866
18055 18064 3.012474 0.028062
18066 18070 3.012474 0.028062
18055 18067 3.012474 0.028062
18060 18069 3.241605 0.060622
18062 18069 3.241605 0.060622
18059 18070 3.648630 0.042866
18065 18070 3.012474 0.028062
18060 18071 3.263434 0.054544
18062 18071 3.263434 0.054544
18061 18072 0.000000 0.000000
18074 18079 3.263434 0.054544
18076 18079 3.241605 0.060622
18075 18080 3.648630 0.042866
18075 18082 3.648630 0.042866
18074 18083 3.263434 0.054544
18076 18083 3.241605 0.060622
18083 18090 3.648630 0.042866
18075 18084 3.012474 0.028062
18086 18090 3.012474 0.028062
18075 18087 3.012474 0.028062
18080 18089 3.263434 0.054544
18082 18089 3.263434 0.054544
18079 18090 3.648630 0.042866
18085 18090 3.012474 0.028062
18080 18091 3.241605 0.060622
18082 18091 3.241605 0.060622
18093 18098 3.263434 0.054544
18095 18098 3.241605 0.060622
18094 18099 3.648630 0.042866
18094 18101 3.648630 0.042866
18093 18102 3.263434 0.054544
18095 18102 3.241605 0.060622
18102 18109 3.648630 0.042866
18094 18103 3.012474 0.028062
18105 18109 3.012474 0.028062
18094 18106 3.012474 0.028062
18099 18108 3.263434 0.054544
18101 18108 3.263434 0.054544
18098 18109 3.648630 0.042866
18104 18109 3.012474 0.028062
18099 18110 3.241605 0.060622
18101 18110 3.241605 0.060622
18112 18117 3.263434 0.054544
18114 18117 3.241605 0.060622
18113 18118 3.648630 0.042866
18113 18120 3.648630 0.042866
18112 18121 3.263434 0.054544
18114 18121 3.241605 0.060622
18121 18128 3.648630 0.042866
18113 18122 3.012474 0.028062
18124 18128 3.012474 0.028062
18113 18125 3.012474 0.028062
18118 18127 3.263434 0.054544
18120 18127 3.263434 0.054544
18117 18128 3.648630 0.042866
18123 18128 3.012474 0.028062
18118 18129 3.241605 0.060622
18120 18129 3.241605 0.060622
18131 18136 3.263434 0.054544
18133 18136 3.241605 0.060622
18132 18137 3.648630 0.042866
18132 18139 3.648630 0.042866
18131 18140 3.263434 0.054544
18133 18140 3.241605 0.060622
18140 18147 3.648630 0.042866
18132 18141 3.012474 0.028062
18143 18147 3.012474 0.028062
18132 18144 3.012474 0.028062
18137 18146 3.263434 0.054544
18139 18146 3.263434 0.054544
18136 18147 3.648630 0.042866
18142 18147 3.012474 0.028062
18137 18148 3.241605 0.060622
18139 18148 3.241605 0.060622
18150 18155 3.263434 0.054544
18152 18155 3.241605 0.060622
18151 18156 3.648630 0.042866
18151 18158 3.648630 0.042866
18150 18159 3.263434 0.054544
18152 18159 3.241605 0.060622
18159 18166 3.648630 0.042866
18151 18160 3.012474 0.028062
18162 18166 3.012474 0.028062
18151 18163 3.012474 0.028062
18156 18165 3.263434 0.054544
18158 18165 3.263434 0.054544
18155 18166 3.648630 0.042866
18161 18166 3.012474 0.028062
18156 18167 3.241605 0.060622
18158 18167 3.241605 0.060622
18169 18174 3.263434 0.054544
18171 18174 3.241605 0.060622
18170 18175 3.648630 0.042866
18170 18177 3.648630 0.042866
18169 18178 3.263434 0.054544
18171 18178 3.241605 0.060622
18178 18185 3.648630 0.042866
18170 18179 3.012474 0.028062
18181 18185 3.012474 0.028062
18170 18182 3.012474 0.028062
18175 18184 3.263434 0.054544
18177 18184 3.263434 0.054544
18174 18185 3.648630 0.042866
18180 18185 3.012474 0.028062
18175 18186 3.241605 0.060622
18177 18186 3.241605 0.060622
18188 18193 3.263434 0.054544
18190 18193 3.241605 0.060622
18189 18194 3.648630 0.042866
18189 18196 3.648630 0.042866
18188 18197 3.263434 0.054544
18190 18197 3.241605 0.060622
18197 18204 3.648630 0.042866
18189 18198 3.012474 0.028062
18200 18204 3.012474 0.028062
18189 18201 3.012474 0.028062
18194 18203 3.263434 0.054544
18196 18203 3.263434 0.054544
18193 18204 3.648630 0.042866
18199 18204 3.012474 0.028062
18194 18205 3.241605 0.060622
18196 18205 3.241605 0.060622
18207 18212 3.263434 0.054544
18209 18212 3.241605 0.060622
18208 18213 3.648630 0.042866
18208 18215 3.648630 0.042866
18207 18216 3.263434 0.054544
18209 18216 3.241605 0.060622
18216 18223 3.648630 0.042866
18208 18217 3.012474 0.028062
18219 18223 3.012474 0.028062
18208 18220 3.012474 0.028062
18213 18222 3.241605 0.060622
18215 18222 3.241605 0.060622
18212 18223 3.648630 0.042866
18218 18223 3.012474 0.028062
18213 18224 3.263434 0.054544
18215 18224 3.263434 0.054544
18214 18225 0.000000 0.000000
18227 18232 3.263434 0.054544
18229 18232 3.241605 0.060622
18228 18233 3.648630 0.042866
18228 18235 3.648630 0.042866
18227 18236 3.263434 0.054544
18229 18236 3.241605 0.060622
18236 18243 3.648630 0.042866
18228 18237 3.012474 0.028062
18239 18243 3.012474 0.028062
18228 18240 3.012474 0.028062
18233 18242 3.263434 0.054544
18235 18242 3.263434 0.054544
18232 18243 3.648630 0.042866
18238 18243 3.012474 0.028062
18233 18244 3.241605 0.060622
18235 18244 3.241605 0.060622
18246 18251 3.263434 0.054544
18248 18251 3.241605 0.060622
18247 18252 3.648630 0.042866
18247 18254 3.648630 0.042866
18246 18255 3.263434 0.054544
18248 18255 3.241605 0.060622
18255 18262 3.648630 0.042866
18247 18256 3.012474 0.028062
18258 18262 3.012474 0.028062
18247 18259 3.012474 0.028062
18252 18261 3.241605 0.060622
18254 18261 3.241605 0.060622
18251 18262 3.648630 0.042866
18257 18262 3.012474 0.028062
18252 18263 3.263434 0.054544
18254 18263 3.263434 0.054544
18253 18264 0.000000 0.000000
18266 18271 3.263434 0.054544
18268 18271 3.241605 0.060622
18267 18272 3.648630 0.042866
18267 18274 3.648630 0.042866
18266 18275 3.263434 0.054544
18268 18275 3.241605 0.060622
18275 18282 3.648630 0.042866
18267 18276 3.012474 0.028062
18278 18282 3.012474 0.028062
18267 18279 3.012474 0.028062
18272 18281 3.263434 0.054544
18274 18281 3.263434 0.054544
18271 18282 3.648630 0.042866
18277 18282 3.012474 0.028062
18272 18283 3.241605 0.060622
18274 18283 3.241605 0.060622
18285 18290 3.263434 0.054544
18287 18290 3.241605 0.060622
18286 18291 3.648630 0.042866
18286 18293 3.648630 0.042866
18285 18294 3.263434 0.054544
18287 18294 3.241605 0.060622
18294 18301 3.648630 0.042866
18286 18295 3.012474 0.028062
18297 18301 3.012474 0.028062
18286 18298 3.012474 0.028062
18291 18300 3.263434 0.054544
18293 18300 3.263434 0.054544
18290 18301 3.648630 0.042866
18296 18301 3.012474 0.028062
18291 18302 3.241605 0.060622
18293 18302 3.241605 0.060622
18307 18309 0.000000 0.000000
18304 18310 3.263434 0.054544
18306 18310 3.241605 0.060622
18305 18311 3.648630 0.042866
18305 18313 3.648630 0.042866
18304 18314 3.263434 0.054544
18306 18314 3.241605 0.060622
18314 18321 3.648630 0.042866
18305 18315 3.012474 0.028062
18317 18321 3.012474 0.028062
18305 18318 3.012474 0.028062
18311 18320 3.241605 0.060622
18313 18320 3.241605 0.060622
18310 18321 3.648630 0.042866
18316 18321 3.012474 0.028062
18311 18322 3.263434 0.054544
18313 18322 3.263434 0.054544
18312 18323 0.000000 0.000000
18325 18330 3.263434 0.054544
18327 18330 3.241605 0.060622
18326 18331 3.648630 0.042866
18326 18333 3.648630 0.042866
18325 18334 3.263434 0.054544
18327 18334 3.241605 0.060622
18334 18341 3.648630 0.042866
18326 18335 3.012474 0.028062
18337 18341 3.012474 0.028062
18326 18338 3.012474 0.028062
18331 18340 3.263434 0.054544
18333 18340 3.263434 0.054544
18330 18341 3.648630 0.042866
18336 18341 3.012474 0.028062
18331 18342 3.241605 0.060622
18333 18342 3.241605 0.060622
18347 18349 0.000000 0.000000
18344 18350 3.263434 0.054544
18346 18350 3.241605 0.060622
18345 18351 3.648630 0.042866
18345 18353 3.648630 0.042866
18344 18354 3.263434 0.054544
18346 18354 3.241605 0.060622
18354 18361 3.648630 0.042866
18345 18355 3.012474 0.028062
18357 18361 3.012474 0.028062
18345 18358 3.012474 0.028062
18351 18360 3.263434 0.054544
18353 18360 3.263434 0.054544
18350 18361 3.648630 0.042866
18356 18361 3.012474 0.028062
18351 18362 3.241605 0.060622
18353 18362 3.241605 0.060622
18364 18369 3.263434 0.054544
18366 18369 3.241605 0.060622
18365 18370 3.648630 0.042866
18365 18372 3.648630 0.042866
18364 18373 3.263434 0.054544
18366 18373 3.241605 0.060622
18373 18380 3.648630 0.042866
18365 18374 3.012474 0.028062
18376 18380 3.012474 0.028062
18365 18377 3.012474 0.028062
18370 18379 3.263434 0.054544
18372 18379 3.263434 0.054544
18369 18380 3.648630 0.042866
18375 18380 3.012474 0.028062
18370 18381 3.241605 0.060622
18372 18381 3.241605 0.060622
18383 18388 3.263434 0.054544
18385 18388 3.241605 0.060622
18384 18389 3.648630 0.042866
18384 18391 3.648630 0.042866
18383 18392 3.263434 0.054544
18385 18392 3.241605 0.060622
18392 18399 3.648630 0.042866
18384 18393 3.012474 0.028062
18395 18399 3.012474 0.028062
18384 18396 3.012474 0.028062
18389 18398 3.263434 0.054544
18391 18398 3.263434 0.054544
18388 18399 3.648630 0.042866
18394 18399 3.012474 0.028062
18389 18400 3.241605 0.060622
18391 18400 3.241605 0.060622
18402 18407 3.263434 0.054544
18404 18407 3.241605 0.060622
18403 18408 3.648630 0.042866
18403 18410 3.648630 0.042866
18402 18411 3.263434 0.054544
18404 18411 3.241605 0.060622
18411 18418 3.648630 0.042866
18403 18412 3.012474 0.028062
18414 18418 3.012474 0.028062
18403 18415 3.012474 0.028062
18408 18417 3.263434 0.054544
18410 18417 3.263434 0.054544
18407 18418 3.648630 0.042866
18413 18418 3.012474 0.028062
18408 18419 3.241605 0.060622
18410 18419 3.241605 0.060622
18421 18426 3.263434 0.054544
18423 18426 3.241605 0.060622
18422 18427 3.648630 0.042866
18422 18429 3.648630 0.042866
18421 18430 3.263434 0.054544
18423 18430 3.241605 0.060622
18430 18437 3.648630 0.042866
18422 18431 3.012474 0.028062
18433 18437 3.012474 0.028062
18422 18434 3.012474 0.028062
18427 18436 3.241605 0.060622
18429 18436 3.241605 0.060622
18426 18437 3.648630 0.042866
18432 18437 3.012474 0.028062
18427 18438 3.263434 0.054544
18429 18438 3.263434 0.054544
18428 18439 0.000000 0.000000
18441 18446 3.263434 0.054544
18443 18446 3.241605 0.060622
18442 18447 3.648630 0.042866
18442 18449 3.648630 0.042866
18441 18450 3.263434 0.054544
18443 18450 3.241605 0.060622
18450 18457 3.648630 0.042866
18442 18451 3.012474 0.028062
18453 18457 3.012474 0.028062
18442 18454 3.012474 0.028062
18447 18456 3.241605 0.060622
18449 18456 3.241605 0.060622
18446 18457 3.648630 0.042866
18452 18457 3.012474 0.028062
18447 18458 3.263434 0.054544
18449 18458 3.263434 0.054544
18448 18459 0.000000 0.000000
18461 18466 3.263434 0.054544
18463 18466 3.241605 0.060622
18462 18467 3.648630 0.042866
18462 18469 3.648630 0.042866
18461 18470 3.263434 0.054544
18463 18470 3.241605 0.060622
18470 18477 3.648630 0.042866
18462 18471 3.012474 0.028062
18473 18477 3.012474 0.028062
18462 18474 3.012474 0.028062
18467 18476 3.263434 0.054544
18469 18476 3.263434 0.054544
18466 18477 3.648630 0.042866
18472 18477 3.012474 0.028062
18467 18478 3.241605 0.060622
18469 18478 3.241605 0.060622
18480 18485 3.263434 0.054544
18482 18485 3.241605 0.060622
18481 18486 3.648630 0.042866
18481 18488 3.648630 0.042866
18480 18489 3.263434 0.054544
18482 18489 3.241605 0.060622
18489 18496 3.648630 0.042866
18481 18490 3.012474 0.028062
18492 18496 3.012474 0.028062
18481 18493 3.012474 0.028062
18486 18495 3.263434 0.054544
18488 18495 3.263434 0.054544
18485 18496 3.648630 0.042866
18491 18496 3.012474 0.028062
18486 18497 3.241605 0.060622
18488 18497 3.241605 0.060622
18499 18504 3.263434 0.054544
18501 18504 3.241605 0.060622
18500 18505 3.648630 0.042866
18500 18507 3.648630 0.042866
18499 18508 3.263434 0.054544
18501 18508 3.241605 0.060622
18508 18515 3.648630 0.042866
18500 18509 3.012474 0.028062
18511 18515 3.012474 0.028062
18500 18512 3.012474 0.028062
18505 18514 3.263434 0.054544
18507 18514 3.263434 0.054544
18504 18515 3.648630 0.042866
18510 18515 3.012474 0.028062
18505 18516 3.241605 0.060622
18507 18516 3.241605 0.060622
18518 18523 3.263434 0.054544
18520 18523 3.241605 0.060622
18519 18524 3.648630 0.042866
18519 18526 3.648630 0.042866
18518 18527 3.263434 0.054544
18520 18527 3.241605 0.060622
18527 18534 3.648630 0.042866
18519 18528 3.012474 0.028062
18530 18534 3.012474 0.028062
18519 18531 3.012474 0.028062
18524 18533 3.263434 0.054544
18526 18533 3.263434 0.054544
18523 18534 3.648630 0.042866
18529 18534 3.012474 0.028062
18524 18535 3.241605 0.060622
18526 18535 3.241605 0.060622
18537 18542 3.263434 0.054544
18539 18542 3.241605 0.060622
18538 18543 3.648630 0.042866
18538 18545 3.648630 0.042866
18537 18546 3.263434 0.054544
18539 18546 3.241605 0.060622
18546 18553 3.648630 0.042866
18538 18547 3.012474 0.028062
18549 18553 3.012474 0.028062
18538 18550 3.012474 0.028062
18543 18552 3.263434 0.054544
18545 18552 3.263434 0.054544
18542 18553 3.648630 0.042866
18548 18553 3.012474 0.028062
18543 18554 3.241605 0.060622
18545 18554 3.241605 0.060622
18556 18561 3.263434 0.054544
18558 18561 3.241605 0.060622
18557 18562 3.648630 0.042866
18557 18564 3.648630 0.042866
18556 18565 3.263434 0.054544
18558 18565 3.241605 0.060622
18565 18572 3.648630 0.042866
18557 18566 3.012474 0.028062
18568 18572 3.012474 0.028062
18557 18569 3.012474 0.028062
18562 18571 3.263434 0.054544
18564 18571 3.263434 0.054544
18561 18572 3.648630 0.042866
18567 18572 3.012474 0.028062
18562 18573 3.241605 0.060622
18564 18573 3.241605 0.060622
18575 18580 3.263434 0.054544
18577 18580 3.241605 0.060622
18576 18581 3.648630 0.042866
18576 18583 3.648630 0.042866
18575 18584 3.263434 0.054544
18577 18584 3.241605 0.060622
18584 18591 3.648630 0.042866
18576 18585 3.012474 0.028062
18587 18591 3.012474 0.028062
18576 18588 3.012474 0.028062
18581 18590 3.263434 0.054544
18583 18590 3.263434 0.054544
18580 18591 3.648630 0.042866
18586 18591 3.012474 0.028062
18581 18592 3.241605 0.060622
18583 18592 3.241605 0.060622
18594 18599 3.263434 0.054544
18596 18599 3.241605 0.060622
18595 18600 3.648630 0.042866
18595 18602 3.648630 0.042866
18594 18603 3.263434 0.054544
18596 18603 3.241605 0.060622
18603 18610 3.648630 0.042866
18595 18604 3.012474 0.028062
18606 18610 3.012474 0.028062
18595 18607 3.012474 0.028062
18600 18609 3.241605 0.060622
18602 18609 3.241605 0.060622
18599 18610 3.648630 0.042866
18605 18610 3.012474 0.028062
18600 18611 3.263434 0.054544
18602 18611 3.263434 0.054544
18601 18612 0.000000 0.000000
18614 18619 3.263434 0.054544
18616 18619 3.241605 0.060622
18615 18620 3.648630 0.042866
18615 18622 3.648630 0.042866
18614 18623 3.263434 0.054544
18616 18623 3.241605 0.060622
18623 18630 3.648630 0.042866
18615 18624 3.012474 0.028062
18626 18630 3.012474 0.028062
18615 18627 3.012474 0.028062
18620 18629 3.263434 0.054544
18622 18629 3.263434 0.054544
18619 18630 3.648630 0.042866
18625 18630 3.012474 0.028062
18620 18631 3.241605 0.060622
18622 18631 3.241605 0.060622
18633 18638 3.263434 0.054544
18635 18638 3.241605 0.060622
18634 18639 3.648630 0.042866
18634 18641 3.648630 0.042866
18633 18642 3.263434 0.054544
18635 18642 3.241605 0.060622
18642 18649 3.648630 0.042866
18634 18643 3.012474 0.028062
18645 18649 3.012474 0.028062
18634 18646 3.012474 0.028062
18639 18648 3.263434 0.054544
18641 18648 3.263434 0.054544
18638 18649 3.648630 0.042866
18644 18649 3.012474 0.028062
18639 18650 3.241605 0.060622
18641 18650 3.241605 0.060622
18652 18657 3.263434 0.054544
18654 18657 3.241605 0.060622
18653 18658 3.648630 0.042866
18653 18660 3.648630 0.042866
18652 18661 3.263434 0.054544
18654 18661 3.241605 0.060622
18661 18668 3.648630 0.042866
18653 18662 3.012474 0.028062
18664 18668 3.012474 0.028062
18653 18665 3.012474 0.028062
18658 18667 3.263434 0.054544
18660 18667 3.263434 0.054544
18657 18668 3.648630 0.042866
18663 18668 3.012474 0.028062
18658 18669 3.241605 0.060622
18660 18669 3.241605 0.060622
18671 18676 3.263434 0.054544
18673 18676 3.241605 0.060622
18672 18677 3.648630 0.042866
18672 18679 3.648630 0.042866
18671 18680 3.263434 0.054544
18673 18680 3.241605 0.060622
18680 18687 3.648630 0.042866
18672 18681 3.012474 0.028062
18683 18687 3.012474 0.028062
18672 18684 3.012474 0.028062
18677 18686 3.263434 0.054544
18679 18686 3.263434 0.054544
18676 18687 3.648630 0.042866
18682 18687 3.012474 0.028062
18677 18688 3.241605 0.060622
18679 18688 3.241605 0.060622
18690 18695 3.263434 0.054544
18692 18695 3.241605 0.060622
18691 18696 3.648630 0.042866
18691 18698 3.648630 0.042866
18690 18699 3.263434 0.054544
18692 18699 3.241605 0.060622
18699 18706 3.648630 0.042866
18691 18700 3.012474 0.028062
18702 18706 3.012474 0.028062
18691 18703 3.012474 0.028062
18696 18705 3.263434 0.054544
18698 18705 3.263434 0.054544
18695 18706 3.648630 0.042866
18701 18706 3.012474 0.028062
18696 18707 3.241605 0.060622
18698 18707 3.241605 0.060622
18709 18714 3.263434 0.054544
18711 18714 3.241605 0.060622
18710 18715 3.648630 0.042866
18710 18717 3.648630 0.042866
18709 18718 3.263434 0.054544
18711 18718 3.241605 0.060622
18718 18725 3.648630 0.042866
18710 18719 3.012474 0.028062
18721 18725 3.012474 0.028062
18710 18722 3.012474 0.028062
18715 18724 3.263434 0.054544
18717 18724 3.263434 0.054544
18714 18725 3.648630 0.042866
18720 18725 3.012474 0.028062
18715 18726 3.241605 0.060622
18717 18726 3.241605 0.060622
18728 18733 3.263434 0.054544
18730 18733 3.241605 0.060622
18729 18734 3.648630 0.042866
18729 18736 3.648630 0.042866
18728 18737 3.263434 0.054544
18730 18737 3.241605 0.060622
18737 18744 3.648630 0.042866
18729 18738 3.012474 0.028062
18740 18744 3.012474 0.028062
18729 18741 3.012474 0.028062
18734 18743 3.263434 0.054544
18736 18743 3.263434 0.054544
18733 18744 3.648630 0.042866
18739 18744 3.012474 0.028062
18734 18745 3.241605 0.060622
18736 18745 3.241605 0.060622
18747 18752 3.263434 0.054544
18749 18752 3.241605 0.060622
18748 18753 3.648630 0.042866
18748 18755 3.648630 0.042866
18747 18756 3.263434 0.054544
18749 18756 3.241605 0.060622
18756 18763 3.648630 0.042866
18748 18757 3.012474 0.028062
18759 18763 3.012474 0.028062
18748 18760 3.012474 0.028062
18753 18762 3.263434 0.054544
18755 18762 3.263434 0.054544
18752 18763 3.648630 0.042866
18758 18763 3.012474 0.028062
18753 18764 3.241605 0.060622
18755 18764 3.241605 0.060622
18766 18771 3.263434 0.054544
18768 18771 3.241605 0.060622
18767 18772 3.648630 0.042866
18767 18774 3.648630 0.042866
18766 18775 3.263434 0.054544
18768 18775 3.241605 0.060622
18775 18782 3.648630 0.042866
18767 18776 3.012474 0.028062
18778 18782 3.012474 0.028062
18767 18779 3.012474 0.028062
18772 18781 3.263434 0.054544
18774 18781 3.263434 0.054544
18771 18782 3.648630 0.042866
18777 18782 3.012474 0.028062
18772 18783 3.241605 0.060622
18774 18783 3.241605 0.060622
18785 18790 3.263434 0.054544
18787 18790 3.241605 0.060622
18786 18791 3.648630 0.042866
18786 18793 3.648630 0.042866
18785 18794 3.263434 0.054544
18787 18794 3.241605 0.060622
18794 18801 3.648630 0.042866
18786 18795 3.012474 0.028062
18797 18801 3.012474 0.028062
18786 18798 3.012474 0.028062
18791 18800 3.263434 0.054544
18793 18800 3.263434 0.054544
18790 18801 3.648630 0.042866
18796 18801 3.012474 0.028062
18791 18802 3.241605 0.060622
18793 18802 3.241605 0.060622
18804 18809 3.263434 0.054544
18806 18809 3.241605 0.060622
18805 18810 3.648630 0.042866
18805 18812 3.648630 0.042866
18804 18813 3.263434 0.054544
18806 18813 3.241605 0.060622
18813 18820 3.648630 0.042866
18805 18814 3.012474 0.028062
18816 18820 3.012474 0.028062
18805 18817 3.012474 0.028062
18810 18819 3.263434 0.054544
18812 18819 3.263434 0.054544
18809 18820 3.648630 0.042866
18815 18820 3.012474 0.028062
18810 18821 3.241605 0.060622
18812 18821 3.241605 0.060622
18823 18828 3.263434 0.054544
18825 18828 3.241605 0.060622
18824 18829 3.648630 0.042866
18824 18831 3.648630 0.042866
18823 18832 3.263434 0.054544
18825 18832 3.241605 0.060622
18832 18839 3.648630 0.042866
18824 18833 3.012474 0.028062
18835 18839 3.012474 0.028062
18824 18836 3.012474 0.028062
18829 18838 3.263434 0.054544
18831 18838 3.263434 0.054544
18828 18839 3.648630 0.042866
18834 18839 3.012474 0.028062
18829 18840 3.241605 0.060622
18831 18840 3.241605 0.060622
18842 18847 3.263434 0.054544
18844 18847 3.241605 0.060622
18843 18848 3.648630 0.042866
18843 18850 3.648630 0.042866
18842 18851 3.263434 0.054544
18844 18851 3.241605 0.060622
18851 18858 3.648630 0.042866
18843 18852 3.012474 0.028062
18854 18858 3.012474 0.028062
18843 18855 3.012474 0.028062
18848 18857 3.263434 0.054544
18850 18857 3.263434 0.054544
18847 18858 3.648630 0.042866
18853 18858 3.012474 0.028062
18848 18859 3.241605 0.060622
18850 18859 3.241605 0.060622
18861 18866 3.263434 0.054544
18863 18866 3.241605 0.060622
18862 18867 3.648630 0.042866
18862 18869 3.648630 0.042866
18861 18870 3.263434 0.054544
18863 18870 3.241605 0.060622
18870 18877 3.648630 0.042866
18862 18871 3.012474 0.028062
18873 18877 3.012474 0.028062
18862 18874 3.012474 0.028062
18867 18876 3.263434 0.054544
18869 18876 3.263434 0.054544
18866 18877 3.648630 0.042866
18872 18877 3.012474 0.028062
18867 18878 3.241605 0.060622
18869 18878 3.241605 0.060622
18880 18885 3.263434 0.054544
18882 18885 3.241605 0.060622
18881 18886 3.648630 0.042866
18881 18888 3.648630 0.042866
18880 18889 3.263434 0.054544
18882 18889 3.241605 0.060622
18889 18896 3.648630 0.042866
18881 18890 3.012474 0.028062
18892 18896 3.012474 0.028062
18881 18893 3.012474 0.028062
18886 18895 3.241605 0.060622
18888 18895 3.241605 0.060622
18885 18896 3.648630 0.042866
18891 18896 3.012474 0.028062
18886 18897 3.263434 0.054544
18888 18897 3.263434 0.054544
18887 18898 0.000000 0.000000
18900 18905 3.263434 0.054544
18902 18905 3.241605 0.060622
18901 18906 3.648630 0.042866
18901 18908 3.648630 0.042866
18900 18909 3.263434 0.054544
18902 18909 3.241605 0.060622
18909 18916 3.648630 0.042866
18901 18910 3.012474 0.028062
18912 18916 3.012474 0.028062
18901 18913 3.012474 0.028062
18906 18915 3.263434 0.054544
18908 18915 3.263434 0.054544
18905 18916 3.648630 0.042866
18911 18916 3.012474 0.028062
18906 18917 3.241605 0.060622
18908 18917 3.241605 0.060622
18922 18924 0.000000 0.000000
18919 18925 3.263434 0.054544
18921 18925 3.241605 0.060622
18920 18926 3.648630 0.042866
18920 18928 3.648630 0.042866
18919 18929 3.263434 0.054544
18921 18929 3.241605 0.060622
18929 18936 3.648630 0.042866
18920 18930 3.012474 0.028062
18932 18936 3.012474 0.028062
18920 18933 3.012474 0.028062
18926 18935 3.263434 0.054544
18928 18935 3.263434 0.054544
18925 18936 3.648630 0.042866
18931 18936 3.012474 0.028062
18926 18937 3.241605 0.060622
18928 18937 3.241605 0.060622
18939 18944 3.263434 0.054544
18941 18944 3.241605 0.060622
18940 18945 3.648630 0.042866
18940 18947 3.648630 0.042866
18939 18948 3.263434 0.054544
18941 18948 3.241605 0.060622
18948 18955 3.648630 0.042866
18940 18949 3.012474 0.028062
18951 18955 3.012474 0.028062
18940 18952 3.012474 0.028062
18945 18954 3.263434 0.054544
18947 18954 3.263434 0.054544
18944 18955 3.648630 0.042866
18950 18955 3.012474 0.028062
18945 18956 3.241605 0.060622
18947 18956 3.241605 0.060622
18958 18963 3.263434 0.054544
18960 18963 3.241605 0.060622
18959 18964 3.648630 0.042866
18959 18966 3.648630 0.042866
18958 18967 3.263434 0.054544
18960 18967 3.241605 0.060622
18967 18974 3.648630 0.042866
18959 18968 3.012474 0.028062
18970 18974 3.012474 0.028062
18959 18971 3.012474 0.028062
18964 18973 3.263434 0.054544
18966 18973 3.263434 0.054544
18963 18974 3.648630 0.042866
18969 18974 3.012474 0.028062
18964 18975 3.241605 0.060622
18966 18975 3.241605 0.060622
18977 18982 3.263434 0.054544
18979 18982 3.241605 0.060622
18978 18983 3.648630 0.042866
18978 18985 3.648630 0.042866
18977 18986 3.263434 0.054544
18979 18986 3.241605 0.060622
18986 18993 3.648630 0.042866
18978 18987 3.012474 0.028062
18989 18993 3.012474 0.028062
18978 18990 3.012474 0.028062
18983 18992 3.263434 0.054544
18985 18992 3.263434 0.054544
18982 18993 3.648630 0.042866
18988 18993 3.012474 0.028062
18983 18994 3.241605 0.060622
18985 18994 3.241605 0.060622
18996 19001 3.263434 0.054544
18998 19001 3.241605 0.060622
18997 19002 3.648630 0.042866
18997 19004 3.648630 0.042866
18996 19005 3.263434 0.054544
18998 19005 3.241605 0.060622
19005 19012 3.648630 0.042866
18997 19006 3.012474 0.028062
19008 19012 3.012474 0.028062
18997 19009 3.012474 0.028062
19002 19011 3.263434 0.054544
19004 19011 3.263434 0.054544
19001 19012 3.648630 0.042866
19007 19012 3.012474 0.028062
19002 19013 3.241605 0.060622
19004 19013 3.241605 0.060622
19015 19020 3.263434 0.054544
19017 19020 3.241605 0.060622
19016 19021 3.648630 0.042866
19016 19023 3.648630 0.042866
19015 19024 3.263434 0.054544
19017 19024 3.241605 0.060622
19024 19031 3.648630 0.042866
19016 19025 3.012474 0.028062
19027 19031 3.012474 0.028062
19016 19028 3.012474 0.028062
19021 19030 3.241605 0.060622
19023 19030 3.241605 0.060622
19020 19031 3.648630 0.042866
19026 19031 3.012474 0.028062
19021 19032 3.263434 0.054544
19023 19032 3.263434 0.054544
19022 19033 0.000000 0.000000
19035 19040 3.263434 0.054544
19037 19040 3.241605 0.060622
19036 19041 3.648630 0.042866
19036 19043 3.648630 0.042866
19035 19044 3.263434 0.054544
19037 19044 3.241605 0.060622
19044 19051 3.648630 0.042866
19036 19045 3.012474 0.028062
19047 19051 3.012474 0.028062
19036 19048 3.012474 0.028062
19041 19050 3.263434 0.054544
19043 19050 3.263434 0.054544
19040 19051 3.648630 0.042866
19046 19051 3.012474 0.028062
19041 19052 3.241605 0.060622
19043 19052 3.241605 0.060622
19054 19059 3.263434 0.054544
19056 19059 3.241605 0.060622
19055 19060 3.648630 0.042866
19055 19062 3.648630 0.042866
19054 19063 3.263434 0.054544
19056 19063 3.241605 0.060622
19063 19070 3.648630 0.042866
19055 19064 3.012474 0.028062
19066 19070 3.012474 0.028062
19055 19067 3.012474 0.028062
19060 19069 3.263434 0.054544
19062 19069 3.263434 0.054544
19059 19070 3.648630 0.042866
19065 19070 3.012474 0.028062
19060 19071 3.241605 0.060622
19062 19071 3.241605 0.060622
19073 19078 3.263434 0.054544
19075 19078 3.241605 0.060622
19074 19079 3.648630 0.042866
19074 19081 3.648630 0.042866
19073 19082 3.263434 0.054544
19075 19082 3.241605 0.060622
19082 19089 3.648630 0.042866
19074 19083 3.012474 0.028062
19085 19089 3.012474 0.028062
19074 19086 3.012474 0.028062
19079 19088 3.263434 0.054544
19081 19088 3.263434 0.054544
19078 19089 3.648630 0.042866
19084 19089 3.012474 0.028062
19079 19090 3.241605 0.060622
19081 19090 3.241605 0.060622
19092 19097 3.263434 0.054544
19094 19097 3.241605 0.060622
19093 19098 3.648630 0.042866
19093 19100 3.648630 0.042866
19092 19101 3.263434 0.054544
19094 19101 3.241605 0.060622
19101 19108 3.648630 0.042866
19093 19102 3.012474 0.028062
19104 19108 3.012474 0.028062
19093 19105 3.012474 0.028062
19098 19107 3.263434 0.054544
19100 19107 3.263434 0.054544
19097 19108 3.648630 0.042866
19103 19108 3.012474 0.028062
19098 19109 3.241605 0.060622
19100 19109 3.241605 0.060622
19111 19116 3.263434 0.054544
19113 19116 3.241605 0.060622
19112 19117 3.648630 0.042866
19112 19119 3.648630 0.042866
19111 19120 3.263434 0.054544
19113 19120 3.241605 0.060622
19120 19127 3.648630 0.042866
19112 19121 3.012474 0.028062
19123 19127 3.012474 0.028062
19112 19124 3.012474 0.028062
19117 19126 3.263434 0.054544
19119 19126 3.263434 0.054544
19116 19127 3.648630 0.042866
19122 19127 3.012474 0.028062
19117 19128 3.241605 0.060622
19119 19128 3.241605 0.060622
19133 19135 0.000000 0.000000
19130 19136 3.263434 0.054544
19132 19136 3.241605 0.060622
19131 19137 3.648630 0.042866
19131 19139 3.648630 0.042866
19130 19140 3.263434 0.054544
19132 19140 3.241605 0.060622
19140 19147 3.648630 0.042866
19131 19141 3.012474 0.028062
19143 19147 3.012474 0.028062
19131 19144 3.012474 0.028062
19137 19146 3.263434 0.054544
19139 19146 3.263434 0.054544
19136 19147 3.648630 0.042866
19142 19147 3.012474 0.028062
19137 19148 3.241605 0.060622
19139 19148 3.241605 0.060622
19150 19155 3.263434 0.054544
19152 19155 3.241605 0.060622
19151 19156 3.648630 0.042866
19151 19158 3.648630 0.042866
19150 19159 3.263434 0.054544
19152 19159 3.241605 0.060622
19159 19166 3.648630 0.042866
19151 19160 3.012474 0.028062
19162 19166 3.012474 0.028062
19151 19163 3.012474 0.028062
19156 19165 3.263434 0.054544
19158 19165 3.263434 0.054544
19155 19166 3.648630 0.042866
19161 19166 3.012474 0.028062
19156 19167 3.241605 0.060622
19158 19167 3.241605 0.060622
19169 19174 3.263434 0.054544
19171 19174 3.241605 0.060622
19170 19175 3.648630 0.042866
19170 19177 3.648630 0.042866
19169 19178 3.263434 0.054544
19171 19178 3.241605 0.060622
19178 19185 3.648630 0.042866
19170 19179 3.012474 0.028062
19181 19185 3.012474 0.028062
19170 19182 3.012474 0.028062
19175 19184 3.263434 0.054544
19177 19184 3.263434 0.054544
19174 19185 3.648630 0.042866
19180 19185 3.012474 0.028062
19175 19186 3.241605 0.060622
19177 19186 3.241605 0.060622
19188 19193 3.263434 0.054544
19190 19193 3.241605 0.060622
19189 19194 3.648630 0.042866
19189 19196 3.648630 0.042866
19188 19197 3.263434 0.054544
19190 19197 3.241605 0.060622
19197 19204 3.648630 0.042866
19189 19198 3.012474 0.028062
19200 19204 3.012474 0.028062
19189 19201 3.012474 0.028062
19194 19203 3.263434 0.054544
19196 19203 3.263434 0.054544
19193 19204 3.648630 0.042866
19199 19204 3.012474 0.028062
19194 19205 3.241605 0.060622
19196 19205 3.241605 0.060622
19207 19212 3.263434 0.054544
19209 19212 3.241605 0.060622
19208 19213 3.648630 0.042866
19208 19215 3.648630 0.042866
19207 19216 3.263434 0.054544
19209 19216 3.241605 0.060622
19216 19223 3.648630 0.042866
19208 19217 3.012474 0.028062
19219 19223 3.012474 0.028062
19208 19220 3.012474 0.028062
19213 19222 3.241605 0.060622
19215 19222 3.241605 0.060622
19212 19223 3.648630 0.042866
19218 19223 3.012474 0.028062
19213 19224 3.263434 0.054544
19215 19224 3.263434 0.054544
19214 19225 0.000000 0.000000
19227 19232 3.263434 0.054544
19229 19232 3.241605 0.060622
19228 19233 3.648630 0.042866
19228 19235 3.648630 0.042866
19227 19236 3.263434 0.054544
19229 19236 3.241605 0.060622
19236 19243 3.648630 0.042866
19228 19237 3.012474 0.028062
19239 19243 3.012474 0.028062
19228 19240 3.012474 0.028062
19233 19242 3.263434 0.054544
19235 19242 3.263434 0.054544
19232 19243 3.648630 0.042866
19238 19243 3.012474 0.028062
19233 19244 3.241605 0.060622
19235 19244 3.241605 0.060622
19246 19251 3.263434 0.054544
19248 19251 3.241605 0.060622
19247 19252 3.648630 0.042866
19247 19254 3.648630 0.042866
19246 19255 3.263434 0.054544
19248 19255 3.241605 0.060622
19255 19262 3.648630 0.042866
19247 19256 3.012474 0.028062
19258 19262 3.012474 0.028062
19247 19259 3.012474 0.028062
19252 19261 3.263434 0.054544
19254 19261 3.263434 0.054544
19251 19262 3.648630 0.042866
19257 19262 3.012474 0.028062
19252 19263 3.241605 0.060622
19254 19263 3.241605 0.060622
19265 19270 3.263434 0.054544
19267 19270 3.241605 0.060622
19266 19271 3.648630 0.042866
19266 19273 3.648630 0.042866
19265 19274 3.263434 0.054544
19267 19274 3.241605 0.060622
19274 19281 3.648630 0.042866
19266 19275 3.012474 0.028062
19277 19281 3.012474 0.028062
19266 19278 3.012474 0.028062
19271 19280 3.263434 0.054544
19273 19280 3.263434 0.054544
19270 19281 3.648630 0.042866
19276 19281 3.012474 0.028062
19271 19282 3.241605 0.060622
19273 19282 3.241605 0.060622
19284 19289 3.263434 0.054544
19286 19289 3.241605 0.060622
19285 19290 3.648630 0.042866
19285 19292 3.648630 0.042866
19284 19293 3.263434 0.054544
19286 19293 3.241605 0.060622
19293 19300 3.648630 0.042866
19285 19294 3.012474 0.028062
19296 19300 3.012474 0.028062
19285 19297 3.012474 0.028062
19290 19299 3.263434 0.054544
19292 19299 3.263434 0.054544
19289 19300 3.648630 0.042866
19295 19300 3.012474 0.028062
19290 19301 3.241605 0.060622
19292 19301 3.241605 0.060622
19303 19308 3.263434 0.054544
19305 19308 3.241605 0.060622
19304 19309 3.648630 0.042866
19304 19311 3.648630 0.042866
19303 19312 3.263434 0.054544
19305 19312 3.241605 0.060622
19312 19319 3.648630 0.042866
19304 19313 3.012474 0.028062
19315 19319 3.012474 0.028062
19304 19316 3.012474 0.028062
19309 19318 3.263434 0.054544
19311 19318 3.263434 0.054544
19308 19319 3.648630 0.042866
19314 19319 3.012474 0.028062
19309 19320 3.241605 0.060622
19311 19320 3.241605 0.060622
19322 19327 3.263434 0.054544
19324 19327 3.241605 0.060622
19323 19328 3.648630 0.042866
19323 19330 3.648630 0.042866
19322 19331 3.263434 0.054544
19324 19331 3.241605 0.060622
19331 19338 3.648630 0.042866
19323 19332 3.012474 0.028062
19334 19338 3.012474 0.028062
19323 19335 3.012474 0.028062
19328 19337 3.263434 0.054544
19330 19337 3.263434 0.054544
19327 19338 3.648630 0.042866
19333 19338 3.012474 0.028062
19328 19339 3.241605 0.060622
19330 19339 3.241605 0.060622
19341 19346 3.263434 0.054544
19343 19346 3.241605 0.060622
19342 19347 3.648630 0.042866
19342 19349 3.648630 0.042866
19341 19350 3.263434 0.054544
19343 19350 3.241605 0.060622
19350 19357 3.648630 0.042866
19342 19351 3.012474 0.028062
19353 19357 3.012474 0.028062
19342 19354 3.012474 0.028062
19347 19356 3.263434 0.054544
19349 19356 3.263434 0.054544
19346 19357 3.648630 0.042866
19352 19357 3.012474 0.028062
19347 19358 3.241605 0.060622
19349 19358 3.241605 0.060622
19360 19365 3.263434 0.054544
19362 19365 3.241605 0.060622
19361 19366 3.648630 0.042866
19361 19368 3.648630 0.042866
19360 19369 3.263434 0.054544
19362 19369 3.241605 0.060622
19369 19376 3.648630 0.042866
19361 19370 3.012474 0.028062
19372 19376 3.012474 0.028062
19361 19373 3.012474 0.028062
19366 19375 3.241605 0.060622
19368 19375 3.241605 0.060622
19365 19376 3.648630 0.042866
19371 19376 3.012474 0.028062
19366 19377 3.263434 0.054544
19368 19377 3.263434 0.054544
19367 19378 0.000000 0.000000
19380 19385 3.263434 0.054544
19382 19385 3.241605 0.060622
19381 19386 3.648630 0.042866
19381 19388 3.648630 0.042866
19380 19389 3.263434 0.054544
19382 19389 3.241605 0.060622
19389 19396 3.648630 0.042866
19381 19390 3.012474 0.028062
19392 19396 3.012474 0.028062
19381 19393 3.012474 0.028062
19386 19395 3.263434 0.054544
19388 19395 3.263434 0.054544
19385 19396 3.648630 0.042866
19391 19396 3.012474 0.028062
19386 19397 3.241605 0.060622
19388 19397 3.241605 0.060622
19399 19404 3.263434 0.054544
19401 19404 3.241605 0.060622
19400 19405 3.648630 0.042866
19400 19407 3.648630 0.042866
19399 19408 3.263434 0.054544
19401 19408 3.241605 0.060622
19408 19415 3.648630 0.042866
19400 19409 3.012474 0.028062
19411 19415 3.012474 0.028062
19400 19412 3.012474 0.028062
19405 19414 3.263434 0.054544
19407 19414 3.263434 0.054544
19404 19415 3.648630 0.042866
19410 19415 3.012474 0.028062
19405 19416 3.241605 0.060622
19407 19416 3.241605 0.060622
19418 19423 3.263434 0.054544
19420 19423 3.241605 0.060622
19419 19424 3.648630 0.042866
19419 19426 3.648630 0.042866
19418 19427 3.263434 0.054544
19420 19427 3.241605 0.060622
19427 19434 3.648630 0.042866
19419 19428 3.012474 0.028062
19430 19434 3.012474 0.028062
19419 19431 3.012474 0.028062
19424 19433 3.263434 0.054544
19426 19433 3.263434 0.054544
19423 19434 3.648630 0.042866
19429 19434 3.012474 0.028062
19424 19435 3.241605 0.060622
19426 19435 3.241605 0.060622
19437 19442 3.263434 0.054544
19439 19442 3.241605 0.060622
19438 19443 3.648630 0.042866
19438 19445 3.648630 0.042866
19437 19446 3.263434 0.054544
19439 19446 3.241605 0.060622
19446 19453 3.648630 0.042866
19438 19447 3.012474 0.028062
19449 19453 3.012474 0.028062
19438 19450 3.012474 0.028062
19443 19452 3.263434 0.054544
19445 19452 3.263434 0.054544
19442 19453 3.648630 0.042866
19448 19453 3.012474 0.028062
19443 19454 3.241605 0.060622
19445 19454 3.241605 0.060622
19456 19461 3.263434 0.054544
19458 19461 3.241605 0.060622
19457 19462 3.648630 0.042866
19457 19464 3.648630 0.042866
19456 19465 3.263434 0.054544
19458 19465 3.241605 0.060622
19465 19472 3.648630 0.042866
19457 19466 3.012474 0.028062
19468 19472 3.012474 0.028062
19457 19469 3.012474 0.028062
19462 19471 3.263434 0.054544
19464 19471 3.263434 0.054544
19461 19472 3.648630 0.042866
19467 19472 3.012474 0.028062
19462 19473 3.241605 0.060622
19464 19473 3.241605 0.060622
19478 19480 0.000000 0.000000
19475 19481 3.263434 0.054544
19477 19481 3.241605 0.060622
19476 19482 3.648630 0.042866
19476 19484 3.648630 0.042866
19475 19485 3.263434 0.054544
19477 19485 3.241605 0.060622
19485 19492 3.648630 0.042866
19476 19486 3.012474 0.028062
19488 19492 3.012474 0.028062
19476 19489 3.012474 0.028062
19482 19491 3.263434 0.054544
19484 19491 3.263434 0.054544
19481 19492 3.648630 0.042866
19487 19492 3.012474 0.028062
19482 19493 3.241605 0.060622
19484 19493 3.241605 0.060622
19498 19500 0.000000 0.000000
19495 19501 3.263434 0.054544
19497 19501 3.241605 0.060622
19496 19502 3.648630 0.042866
19496 19504 3.648630 0.042866
19495 19505 3.263434 0.054544
19497 19505 3.241605 0.060622
19505 19512 3.648630 0.042866
19496 19506 3.012474 0.028062
19508 19512 3.012474 0.028062
19496 19509 3.012474 0.028062
19502 19511 3.263434 0.054544
19504 19511 3.263434 0.054544
19501 19512 3.648630 0.042866
19507 19512 3.012474 0.028062
19502 19513 3.241605 0.060622
19504 19513 3.241605 0.060622
19515 19520 3.263434 0.054544
19517 19520 3.241605 0.060622
19516 19521 3.648630 0.042866
19516 19523 3.648630 0.042866
19515 19524 3.263434 0.054544
19517 19524 3.241605 0.060622
19524 19531 3.648630 0.042866
19516 19525 3.012474 0.028062
19527 19531 3.012474 0.028062
19516 19528 3.012474 0.028062
19521 19530 3.263434 0.054544
19523 19530 3.263434 0.054544
19520 19531 3.648630 0.042866
19526 19531 3.012474 0.028062
19521 19532 3.241605 0.060622
19523 19532 3.241605 0.060622
19534 19539 3.263434 0.054544
19536 19539 3.241605 0.060622
19535 19540 3.648630 0.042866
19535 19542 3.648630 0.042866
19534 19543 3.263434 0.054544
19536 19543 3.241605 0.060622
19543 19550 3.648630 0.042866
19535 19544 3.012474 0.028062
19546 19550 3.012474 0.028062
19535 19547 3.012474 0.028062
19540 19549 3.263434 0.054544
19542 19549 3.263434 0.054544
19539 19550 3.648630 0.042866
19545 19550 3.012474 0.028062
19540 19551 3.241605 0.060622
19542 19551 3.241605 0.060622
19553 19558 3.263434 0.054544
19555 19558 3.241605 0.060622
19554 19559 3.648630 0.042866
19554 19561 3.648630 0.042866
19553 19562 3.263434 0.054544
19555 19562 3.241605 0.060622
19562 19569 3.648630 0.042866
19554 19563 3.012474 0.028062
19565 19569 3.012474 0.028062
19554 19566 3.012474 0.028062
19559 19568 3.263434 0.054544
19561 19568 3.263434 0.054544
19558 19569 3.648630 0.042866
19564 19569 3.012474 0.028062
19559 19570 3.241605 0.060622
19561 19570 3.241605 0.060622
19572 19577 3.263434 0.054544
19574 19577 3.241605 0.060622
19573 19578 3.648630 0.042866
19573 19580 3.648630 0.042866
19572 19581 3.263434 0.054544
19574 19581 3.241605 0.060622
19581 19588 3.648630 0.042866
19573 19582 3.012474 0.028062
19584 19588 3.012474 0.028062
19573 19585 3.012474 0.028062
19578 19587 3.263434 0.054544
19580 19587 3.263434 0.054544
19577 19588 3.648630 0.042866
19583 19588 3.012474 0.028062
19578 19589 3.241605 0.060622
19580 19589 3.241605 0.060622
19591 19596 3.263434 0.054544
19593 19596 3.241605 0.060622
19592 19597 3.648630 0.042866
19592 19599 3.648630 0.042866
19591 19600 3.263434 0.054544
19593 19600 3.241605 0.060622
19600 19607 3.648630 0.042866
19592 19601 3.012474 0.028062
19603 19607 3.012474 0.028062
19592 19604 3.012474 0.028062
19597 19606 3.263434 0.054544
19599 19606 3.263434 0.054544
19596 19607 3.648630 0.042866
19602 19607 3.012474 0.028062
19597 19608 3.241605 0.060622
19599 19608 3.241605 0.060622
19610 19615 3.263434 0.054544
19612 19615 3.241605 0.060622
19611 19616 3.648630 0.042866
19611 19618 3.648630 0.042866
19610 19619 3.263434 0.054544
19612 19619 3.241605 0.060622
19619 19626 3.648630 0.042866
19611 19620 3.012474 0.028062
19622 19626 3.012474 0.028062
19611 19623 3.012474 0.028062
19616 19625 3.241605 0.060622
19618 19625 3.241605 0.060622
19615 19626 3.648630 0.042866
19621 19626 3.012474 0.028062
19616 19627 3.263434 0.054544
19618 19627 3.263434 0.054544
19617 19628 0.000000 0.000000
19630 19635 3.263434 0.054544
19632 19635 3.241605 0.060622
19631 19636 3.648630 0.042866
19631 19638 3.648630 0.042866
19630 19639 3.263434 0.054544
19632 19639 3.241605 0.060622
19639 19646 3.648630 0.042866
19631 19640 3.012474 0.028062
19642 19646 3.012474 0.028062
19631 19643 3.012474 0.028062
19636 19645 3.263434 0.054544
19638 19645 3.263434 0.054544
19635 19646 3.648630 0.042866
19641 19646 3.012474 0.028062
19636 19647 3.241605 0.060622
19638 19647 3.241605 0.060622
19649 19654 3.263434 0.054544
19651 19654 3.241605 0.060622
19650 19655 3.648630 0.042866
19650 19657 3.648630 0.042866
19649 19658 3.263434 0.054544
19651 19658 3.241605 0.060622
19658 19665 3.648630 0.042866
19650 19659 3.012474 0.028062
19661 19665 3.012474 0.028062
19650 19662 3.012474 0.028062
19655 19664 3.263434 0.054544
19657 19664 3.263434 0.054544
19654 19665 3.648630 0.042866
19660 19665 3.012474 0.028062
19655 19666 3.241605 0.060622
19657 19666 3.241605 0.060622
19668 19673 3.263434 0.054544
19670 19673 3.241605 0.060622
19669 19674 3.648630 0.042866
19669 19676 3.648630 0.042866
19668 19677 3.263434 0.054544
19670 19677 3.241605 0.060622
19677 19684 3.648630 0.042866
19669 19678 3.012474 0.028062
19680 19684 3.012474 0.028062
19669 19681 3.012474 0.028062
19674 19683 3.263434 0.054544
19676 19683 3.263434 0.054544
19673 19684 3.648630 0.042866
19679 19684 3.012474 0.028062
19674 19685 3.241605 0.060622
19676 19685 3.241605 0.060622
19687 19692 3.263434 0.054544
19689 19692 3.241605 0.060622
19688 19693 3.648630 0.042866
19688 19695 3.648630 0.042866
19687 19696 3.263434 0.054544
19689 19696 3.241605 0.060622
19696 19703 3.648630 0.042866
19688 19697 3.012474 0.028062
19699 19703 3.012474 0.028062
19688 19700 3.012474 0.028062
19693 19702 3.263434 0.054544
19695 19702 3.263434 0.054544
19692 19703 3.648630 0.042866
19698 19703 3.012474 0.028062
19693 19704 3.241605 0.060622
19695 19704 3.241605 0.060622
19709 19711 0.000000 0.000000
19706 19712 3.263434 0.054544
19708 19712 3.241605 0.060622
19707 19713 3.648630 0.042866
19707 19715 3.648630 0.042866
19706 19716 3.263434 0.054544
19708 19716 3.241605 0.060622
19716 19723 3.648630 0.042866
19707 19717 3.012474 0.028062
19719 19723 3.012474 0.028062
19707 19720 3.012474 0.028062
19713 19722 3.263434 0.054544
19715 19722 3.263434 0.054544
19712 19723 3.648630 0.042866
19718 19723 3.012474 0.028062
19713 19724 3.241605 0.060622
19715 19724 3.241605 0.060622
19726 19731 3.263434 0.054544
19728 19731 3.241605 0.060622
19727 19732 3.648630 0.042866
19727 19734 3.648630 0.042866
19726 19735 3.263434 0.054544
19728 19735 3.241605 0.060622
19735 19742 3.648630 0.042866
19727 19736 3.012474 0.028062
19738 19742 3.012474 0.028062
19727 19739 3.012474 0.028062
19732 19741 3.263434 0.054544
19734 19741 3.263434 0.054544
19731 19742 3.648630 0.042866
19737 19742 3.012474 0.028062
19732 19743 3.241605 0.060622
19734 19743 3.241605 0.060622
19745 19750 3.263434 0.054544
19747 19750 3.241605 0.060622
19746 19751 3.648630 0.042866
19746 19753 3.648630 0.042866
19745 19754 3.263434 0.054544
19747 19754 3.241605 0.060622
19754 19761 3.648630 0.042866
19746 19755 3.012474 0.028062
19757 19761 3.012474 0.028062
19746 19758 3.012474 0.028062
19751 19760 3.263434 0.054544
19753 19760 3.263434 0.054544
19750 19761 3.648630 0.042866
19756 19761 3.012474 0.028062
19751 19762 3.241605 0.060622
19753 19762 3.241605 0.060622
19764 19769 3.263434 0.054544
19766 19769 3.241605 0.060622
19765 19770 3.648630 0.042866
19765 19772 3.648630 0.042866
19764 19773 3.263434 0.054544
19766 19773 3.241605 0.060622
19773 19780 3.648630 0.042866
19765 19774 3.012474 0.028062
19776 19780 3.012474 0.028062
19765 19777 3.012474 0.028062
19770 19779 3.263434 0.054544
19772 19779 3.263434 0.054544
19769 19780 3.648630 0.042866
19775 19780 3.012474 0.028062
19770 19781 3.241605 0.060622
19772 19781 3.241605 0.060622
19783 19788 3.263434 0.054544
19785 19788 3.241605 0.060622
19784 19789 3.648630 0.042866
19784 19791 3.648630 0.042866
19783 19792 3.263434 0.054544
19785 19792 3.241605 0.060622
19792 19799 3.648630 0.042866
19784 19793 3.012474 0.028062
19795 19799 3.012474 0.028062
19784 19796 3.012474 0.028062
19789 19798 3.241605 0.060622
19791 19798 3.241605 0.060622
19788 19799 3.648630 0.042866
19794 19799 3.012474 0.028062
19789 19800 3.263434 0.054544
19791 19800 3.263434 0.054544
19790 19801 0.000000 0.000000
19803 19808 3.263434 0.054544
19805 19808 3.241605 0.060622
19804 19809 3.648630 0.042866
19804 19811 3.648630 0.042866
19803 19812 3.263434 0.054544
19805 19812 3.241605 0.060622
19812 19819 3.648630 0.042866
19804 19813 3.012474 0.028062
19815 19819 3.012474 0.028062
19804 19816 3.012474 0.028062
19809 19818 3.263434 0.054544
19811 19818 3.263434 0.054544
19808 19819 3.648630 0.042866
19814 19819 3.012474 0.028062
19809 19820 3.241605 0.060622
19811 19820 3.241605 0.060622
19822 19827 3.263434 0.054544
19824 19827 3.241605 0.060622
19823 19828 3.648630 0.042866
19823 19830 3.648630 0.042866
19822 19831 3.263434 0.054544
19824 19831 3.241605 0.060622
19831 19838 3.648630 0.042866
19823 19832 3.012474 0.028062
19834 19838 3.012474 0.028062
19823 19835 3.012474 0.028062
19828 19837 3.263434 0.054544
19830 19837 3.263434 0.054544
19827 19838 3.648630 0.042866
19833 19838 3.012474 0.028062
19828 19839 3.241605 0.060622
19830 19839 3.241605 0.060622
19841 19846 3.263434 0.054544
19843 19846 3.241605 0.060622
19842 19847 3.648630 0.042866
19842 19849 3.648630 0.042866
19841 19850 3.263434 0.054544
19843 19850 3.241605 0.060622
19850 19857 3.648630 0.042866
19842 19851 3.012474 0.028062
19853 19857 3.012474 0.028062
19842 19854 3.012474 0.028062
19847 19856 3.263434 0.054544
19849 19856 3.263434 0.054544
19846 19857 3.648630 0.042866
19852 19857 3.012474 0.028062
19847 19858 3.241605 0.060622
19849 19858 3.241605 0.060622
19860 19865 3.263434 0.054544
19862 19865 3.241605 0.060622
19861 19866 3.648630 0.042866
19861 19868 3.648630 0.042866
19860 19869 3.263434 0.054544
19862 19869 3.241605 0.060622
19869 19876 3.648630 0.042866
19861 19870 3.012474 0.028062
19872 19876 3.012474 0.028062
19861 19873 3.012474 0.028062
19866 19875 3.263434 0.054544
19868 19875 3.263434 0.054544
19865 19876 3.648630 0.042866
19871 19876 3.012474 0.028062
19866 19877 3.241605 0.060622
19868 19877 3.241605 0.060622
19879 19884 3.263434 0.054544
19881 19884 3.241605 0.060622
19880 19885 3.648630 0.042866
19880 19887 3.648630 0.042866
19879 19888 3.263434 0.054544
19881 19888 3.241605 0.060622
19888 19895 3.648630 0.042866
19880 19889 3.012474 0.028062
19891 19895 3.012474 0.028062
19880 19892 3.012474 0.028062
19885 19894 3.241605 0.060622
19887 19894 3.241605 0.060622
19884 19895 3.648630 0.042866
19890 19895 3.012474 0.028062
19885 19896 3.263434 0.054544
19887 19896 3.263434 0.054544
19886 19897 0.000000 0.000000
19899 19904 3.263434 0.054544
19901 19904 3.241605 0.060622
19900 19905 3.648630 0.042866
19900 19907 3.648630 0.042866
19899 19908 3.263434 0.054544
19901 19908 3.241605 0.060622
19908 19915 3.648630 0.042866
19900 19909 3.012474 0.028062
19911 19915 3.012474 0.028062
19900 19912 3.012474 0.028062
19905 19914 3.263434 0.054544
19907 19914 3.263434 0.054544
19904 19915 3.648630 0.042866
19910 19915 3.012474 0.028062
19905 19916 3.241605 0.060622
19907 19916 3.241605 0.060622
19918 19923 3.263434 0.054544
19920 19923 3.241605 0.060622
19919 19924 3.648630 0.042866
19919 19926 3.648630 0.042866
19918 19927 3.263434 0.054544
19920 19927 3.241605 0.060622
19927 19934 3.648630 0.042866
19919 19928 3.012474 0.028062
19930 19934 3.012474 0.028062
19919 19931 3.012474 0.028062
19924 19933 3.263434 0.054544
19926 19933 3.263434 0.054544
19923 19934 3.648630 0.042866
19929 19934 3.012474 0.028062
19924 19935 3.241605 0.060622
19926 19935 3.241605 0.060622
19940 19942 0.000000 0.000000
19937 19943 3.263434 0.054544
19939 19943 3.241605 0.060622
19938 19944 3.648630 0.042866
19938 19946 3.648630 0.042866
19937 19947 3.263434 0.054544
19939 19947 3.241605 0.060622
19947 19954 3.648630 0.042866
19938 19948 3.012474 0.028062
19950 19954 3.012474 0.028062
19938 19951 3.012474 0.028062
19944 19953 3.241605 0.060622
19946 19953 3.241605 0.060622
19943 19954 3.648630 0.042866
19949 19954 3.012474 0.028062
19944 19955 3.263434 0.054544
19946 19955 3.263434 0.054544
19945 19956 0.000000 0.000000
19961 19963 0.000000 0.000000
19958 19964 3.263434 0.054544
19960 19964 3.241605 0.060622
19959 19965 3.648630 0.042866
19959 19967 3.648630 0.042866
19958 19968 3.263434 0.054544
19960 19968 3.241605 0.060622
19968 19975 3.648630 0.042866
19959 19969 3.012474 0.028062
19971 19975 3.012474 0.028062
19959 19972 3.012474 0.028062
19965 19974 3.241605 0.060622
19967 19974 3.241605 0.060622
19964 19975 3.648630 0.042866
19970 19975 3.012474 0.028062
19965 19976 3.263434 0.054544
19967 19976 3.263434 0.054544
19966 19977 0.000000 0.000000
19979 19984 3.263434 0.054544
19981 19984 3.241605 0.060622
19980 19985 3.648630 0.042866
19980 19987 3.648630 0.042866
19979 19988 3.263434 0.054544
19981 19988 3.241605 0.060622
19988 19995 3.648630 0.042866
19980 19989 3.012474 0.028062
19991 19995 3.012474 0.028062
19980 19992 3.012474 0.028062
19985 19994 3.263434 0.054544
19987 19994 3.263434 0.054544
19984 19995 3.648630 0.042866
19990 19995 3.012474 0.028062
19985 19996 3.241605 0.060622
19987 19996 3.241605 0.060622
19998 20003 3.263434 0.054544
20000 20003 3.241605 0.060622
19999 20004 3.648630 0.042866
19999 20006 3.648630 0.042866
19998 20007 3.263434 0.054544
20000 20007 3.241605 0.060622
20007 20014 3.648630 0.042866
19999 20008 3.012474 0.028062
20010 20014 3.012474 0.028062
19999 20011 3.012474 0.028062
20004 20013 3.263434 0.054544
20006 20013 3.263434 0.054544
20003 20014 3.648630 0.042866
20009 20014 3.012474 0.028062
20004 20015 3.241605 0.060622
20006 20015 3.241605 0.060622
20017 20022 3.263434 0.054544
20019 20022 3.241605 0.060622
20018 20023 3.648630 0.042866
20018 20025 3.648630 0.042866
20017 20026 3.263434 0.054544
20019 20026 3.241605 0.060622
20026 20033 3.648630 0.042866
20018 20027 3.012474 0.028062
20029 20033 3.012474 0.028062
20018 20030 3.012474 0.028062
20023 20032 3.263434 0.054544
20025 20032 3.263434 0.054544
20022 20033 3.648630 0.042866
20028 20033 3.012474 0.028062
20023 20034 3.241605 0.060622
20025 20034 3.241605 0.060622
20036 20041 3.263434 0.054544
20038 20041 3.241605 0.060622
20037 20042 3.648630 0.042866
20037 20044 3.648630 0.042866
20036 20045 3.263434 0.054544
20038 20045 3.241605 0.060622
20045 20052 3.648630 0.042866
20037 20046 3.012474 0.028062
20048 20052 3.012474 0.028062
20037 20049 3.012474 0.028062
20042 20051 3.263434 0.054544
20044 20051 3.263434 0.054544
20041 20052 3.648630 0.042866
20047 20052 3.012474 0.028062
20042 20053 3.241605 0.060622
20044 20053 3.241605 0.060622
20055 20060 3.263434 0.054544
20057 20060 3.241605 0.060622
20056 20061 3.648630 0.042866
20056 20063 3.648630 0.042866
20055 20064 3.263434 0.054544
20057 20064 3.241605 0.060622
20064 20071 3.648630 0.042866
20056 20065 3.012474 0.028062
20067 20071 3.012474 0.028062
20056 20068 3.012474 0.028062
20061 20070 3.263434 0.054544
20063 20070 3.263434 0.054544
20060 20071 3.648630 0.042866
20066 20071 3.012474 0.028062
20061 20072 3.241605 0.060622
20063 20072 3.241605 0.060622
20077 20079 0.000000 0.000000
20074 20080 3.263434 0.054544
20076 20080 3.241605 0.060622
20075 20081 3.648630 0.042866
20075 20083 3.648630 0.042866
20074 20084 3.263434 0.054544
20076 20084 3.241605 0.060622
20084 20091 3.648630 0.042866
20075 20085 3.012474 0.028062
20087 20091 3.012474 0.028062
20075 20088 3.012474 0.028062
20081 20090 3.263434 0.054544
20083 20090 3.263434 0.054544
20080 20091 3.648630 0.042866
20086 20091 3.012474 0.028062
20081 20092 3.241605 0.060622
20083 20092 3.241605 0.060622
20094 20099 3.263434 0.054544
20096 20099 3.241605 0.060622
20095 20100 3.648630 0.042866
20095 20102 3.648630 0.042866
20094 20103 3.263434 0.054544
20096 20103 3.241605 0.060622
20103 20110 3.648630 0.042866
20095 20104 3.012474 0.028062
20106 20110 3.012474 0.028062
20095 20107 3.012474 0.028062
20100 20109 3.263434 0.054544
20102 20109 3.263434 0.054544
20099 20110 3.648630 0.042866
20105 20110 3.012474 0.028062
20100 20111 3.241605 0.060622
20102 20111 3.241605 0.060622
20113 20118 3.263434 0.054544
20115 20118 3.241605 0.060622
20114 20119 3.648630 0.042866
20114 20121 3.648630 0.042866
20113 20122 3.263434 0.054544
20115 20122 3.241605 0.060622
20122 20129 3.648630 0.042866
20114 20123 3.012474 0.028062
20125 20129 3.012474 0.028062
20114 20126 3.012474 0.028062
20119 20128 3.263434 0.054544
20121 20128 3.263434 0.054544
20118 20129 3.648630 0.042866
20124 20129 3.012474 0.028062
20119 20130 3.241605 0.060622
20121 20130 3.241605 0.060622
20132 20137 3.263434 0.054544
20134 20137 3.241605 0.060622
20133 20138 3.648630 0.042866
20133 20140 3.648630 0.042866
20132 20141 3.263434 0.054544
20134 20141 3.241605 0.060622
20141 20148 3.648630 0.042866
20133 20142 3.012474 0.028062
20144 20148 3.012474 0.028062
20133 20145 3.012474 0.028062
20138 20147 3.263434 0.054544
20140 20147 3.263434 0.054544
20137 20148 3.648630 0.042866
20143 20148 3.012474 0.028062
20138 20149 3.241605 0.060622
20140 20149 3.241605 0.060622
20154 20156 0.000000 0.000000
20151 20157 3.263434 0.054544
20153 20157 3.241605 0.060622
20152 20158 3.648630 0.042866
20152 20160 3.648630 0.042866
20151 20161 3.263434 0.054544
20153 20161 3.241605 0.060622
20161 20168 3.648630 0.042866
20152 20162 3.012474 0.028062
20164 20168 3.012474 0.028062
20152 20165 3.012474 0.028062
20158 20167 3.263434 0.054544
20160 20167 3.263434 0.054544
20157 20168 3.648630 0.042866
20163 20168 3.012474 0.028062
20158 20169 3.241605 0.060622
20160 20169 3.241605 0.060622
20171 20176 3.263434 0.054544
20173 20176 3.241605 0.060622
20172 20177 3.648630 0.042866
20172 20179 3.648630 0.042866
20171 20180 3.263434 0.054544
20173 20180 3.241605 0.060622
20180 20187 3.648630 0.042866
20172 20181 3.012474 0.028062
20183 20187 3.012474 0.028062
20172 20184 3.012474 0.028062
20177 20186 3.263434 0.054544
20179 20186 3.263434 0.054544
20176 20187 3.648630 0.042866
20182 20187 3.012474 0.028062
20177 20188 3.241605 0.060622
20179 20188 3.241605 0.060622
20190 20195 3.263434 0.054544
20192 20195 3.241605 0.060622
20191 20196 3.648630 0.042866
20191 20198 3.648630 0.042866
20190 20199 3.263434 0.054544
20192 20199 3.241605 0.060622
20199 20206 3.648630 0.042866
20191 20200 3.012474 0.028062
20202 20206 3.012474 0.028062
20191 20203 3.012474 0.028062
20196 20205 3.263434 0.054544
20198 20205 3.263434 0.054544
20195 20206 3.648630 0.042866
20201 20206 3.012474 0.028062
20196 20207 3.241605 0.060622
20198 20207 3.241605 0.060622
20209 20214 3.263434 0.054544
20211 20214 3.241605 0.060622
20210 20215 3.648630 0.042866
20210 20217 3.648630 0.042866
20209 20218 3.263434 0.054544
20211 20218 3.241605 0.060622
20218 20225 3.648630 0.042866
20210 20219 3.012474 0.028062
20221 20225 3.012474 0.028062
20210 20222 3.012474 0.028062
20215 20224 3.241605 0.060622
20217 20224 3.241605 0.060622
20214 20225 3.648630 0.042866
20220 20225 3.012474 0.028062
20215 20226 3.263434 0.054544
20217 20226 3.263434 0.054544
20216 20227 0.000000 0.000000
20232 20234 0.000000 0.000000
20229 20235 3.263434 0.054544
20231 20235 3.241605 0.060622
20230 20236 3.648630 0.042866
20230 20238 3.648630 0.042866
20229 20239 3.263434 0.054544
20231 20239 3.241605 0.060622
20239 20246 3.648630 0.042866
20230 20240 3.012474 0.028062
20242 20246 3.012474 0.028062
20230 20243 3.012474 0.028062
20236 20245 3.263434 0.054544
20238 20245 3.263434 0.054544
20235 20246 3.648630 0.042866
20241 20246 3.012474 0.028062
20236 20247 3.241605 0.060622
20238 20247 3.241605 0.060622
20252 20254 0.000000 0.000000
20249 20255 3.263434 0.054544
20251 20255 3.241605 0.060622
20250 20256 3.648630 0.042866
20250 20258 3.648630 0.042866
20249 20259 3.263434 0.054544
20251 20259 3.241605 0.060622
20259 20266 3.648630 0.042866
20250 20260 3.012474 0.028062
20262 20266 3.012474 0.028062
20250 20263 3.012474 0.028062
20256 20265 3.263434 0.054544
20258 20265 3.263434 0.054544
20255 20266 3.648630 0.042866
20261 20266 3.012474 0.028062
20256 20267 3.241605 0.060622
20258 20267 3.241605 0.060622
20269 20274 3.263434 0.054544
20271 20274 3.241605 0.060622
20270 20275 3.648630 0.042866
20270 20277 3.648630 0.042866
20269 20278 3.263434 0.054544
20271 20278 3.241605 0.060622
20278 20285 3.648630 0.042866
20270 20279 3.012474 0.028062
20281 20285 3.012474 0.028062
20270 20282 3.012474 0.028062
20275 20284 3.263434 0.054544
20277 20284 3.263434 0.054544
20274 20285 3.648630 0.042866
20280 20285 3.012474 0.028062
20275 20286 3.241605 0.060622
20277 20286 3.241605 0.060622
20288 20293 3.263434 0.054544
20290 20293 3.241605 0.060622
20289 20294 3.648630 0.042866
20289 20296 3.648630 0.042866
20288 20297 3.263434 0.054544
20290 20297 3.241605 0.060622
20297 20304 3.648630 0.042866
20289 20298 3.012474 0.028062
20300 20304 3.012474 0.028062
20289 20301 3.012474 0.028062
20294 20303 3.263434 0.054544
20296 20303 3.263434 0.054544
20293 20304 3.648630 0.042866
20299 20304 3.012474 0.028062
20294 20305 3.241605 0.060622
20296 20305 3.241605 0.060622
20307 20312 3.263434 0.054544
20309 20312 3.241605 0.060622
20308 20313 3.648630 0.042866
20308 20315 3.648630 0.042866
20307 20316 3.263434 0.054544
20309 20316 3.241605 0.060622
20316 20323 3.648630 0.042866
20308 20317 3.012474 0.028062
20319 20323 3.012474 0.028062
20308 20320 3.012474 0.028062
20313 20322 3.263434 0.054544
20315 20322 3.263434 0.054544
20312 20323 3.648630 0.042866
20318 20323 3.012474 0.028062
20313 20324 3.241605 0.060622
20315 20324 3.241605 0.060622
20326 20331 3.263434 0.054544
20328 20331 3.241605 0.060622
20327 20332 3.648630 0.042866
20327 20334 3.648630 0.042866
20326 20335 3.263434 0.054544
20328 20335 3.241605 0.060622
20335 20342 3.648630 0.042866
20327 20336 3.012474 0.028062
20338 20342 3.012474 0.028062
20327 20339 3.012474 0.028062
20332 20341 3.263434 0.054544
20334 20341 3.263434 0.054544
20331 20342 3.648630 0.042866
20337 20342 3.012474 0.028062
20332 20343 3.241605 0.060622
20334 20343 3.241605 0.060622
20345 20350 3.263434 0.054544
20347 20350 3.241605 0.060622
20346 20351 3.648630 0.042866
20346 20353 3.648630 0.042866
20345 20354 3.263434 0.054544
20347 20354 3.241605 0.060622
20354 20361 3.648630 0.042866
20346 20355 3.012474 0.028062
20357 20361 3.012474 0.028062
20346 20358 3.012474 0.028062
20351 20360 3.263434 0.054544
20353 20360 3.263434 0.054544
20350 20361 3.648630 0.042866
20356 20361 3.012474 0.028062
20351 20362 3.241605 0.060622
20353 20362 3.241605 0.060622
20364 20369 3.263434 0.054544
20366 20369 3.241605 0.060622
20365 20370 3.648630 0.042866
20365 20372 3.648630 0.042866
20364 20373 3.263434 0.054544
20366 20373 3.241605 0.060622
20373 20380 3.648630 0.042866
20365 20374 3.012474 0.028062
20376 20380 3.012474 0.028062
20365 20377 3.012474 0.028062
20370 20379 3.263434 0.054544
20372 20379 3.263434 0.054544
20369 20380 3.648630 0.042866
20375 20380 3.012474 0.028062
20370 20381 3.241605 0.060622
20372 20381 3.241605 0.060622
20383 20388 3.263434 0.054544
20385 20388 3.241605 0.060622
20384 20389 3.648630 0.042866
20384 20391 3.648630 0.042866
20383 20392 3.263434 0.054544
20385 20392 3.241605 0.060622
20392 20399 3.648630 0.042866
20384 20393 3.012474 0.028062
20395 20399 3.012474 0.028062
20384 20396 3.012474 0.028062
20389 20398 3.263434 0.054544
20391 20398 3.263434 0.054544
20388 20399 3.648630 0.042866
20394 20399 3.012474 0.028062
20389 20400 3.241605 0.060622
20391 20400 3.241605 0.060622
20402 20407 3.263434 0.054544
20404 20407 3.241605 0.060622
20403 20408 3.648630 0.042866
20403 20410 3.648630 0.042866
20402 20411 3.263434 0.054544
20404 20411 3.241605 0.060622
20411 20418 3.648630 0.042866
20403 20412 3.012474 0.028062
20414 20418 3.012474 0.028062
20403 20415 3.012474 0.028062
20408 20417 3.263434 0.054544
20410 20417 3.263434 0.054544
20407 20418 3.648630 0.042866
20413 20418 3.012474 0.028062
20408 20419 3.241605 0.060622
20410 20419 3.241605 0.060622
20421 20426 3.263434 0.054544
20423 20426 3.241605 0.060622
20422 20427 3.648630 0.042866
20422 20429 3.648630 0.042866
20421 20430 3.263434 0.054544
20423 20430 3.241605 0.060622
20430 20437 3.648630 0.042866
20422 20431 3.012474 0.028062
20433 20437 3.012474 0.028062
20422 20434 3.012474 0.028062
20427 20436 3.263434 0.054544
20429 20436 3.263434 0.054544
20426 20437 3.648630 0.042866
20432 20437 3.012474 0.028062
20427 20438 3.241605 0.060622
20429 20438 3.241605 0.060622
20440 20445 3.263434 0.054544
20442 20445 3.241605 0.060622
20441 20446 3.648630 0.042866
20441 20448 3.648630 0.042866
20440 20449 3.263434 0.054544
20442 20449 3.241605 0.060622
20449 20456 3.648630 0.042866
20441 20450 3.012474 0.028062
20452 20456 3.012474 0.028062
20441 20453 3.012474 0.028062
20446 20455 3.263434 0.054544
20448 20455 3.263434 0.054544
20445 20456 3.648630 0.042866
20451 20456 3.012474 0.028062
20446 20457 3.241605 0.060622
20448 20457 3.241605 0.060622
20459 20464 3.263434 0.054544
20461 20464 3.241605 0.060622
20460 20465 3.648630 0.042866
20460 20467 3.648630 0.042866
20459 20468 3.263434 0.054544
20461 20468 3.241605 0.060622
20468 20475 3.648630 0.042866
20460 20469 3.012474 0.028062
20471 20475 3.012474 0.028062
20460 20472 3.012474 0.028062
20465 20474 3.263434 0.054544
20467 20474 3.263434 0.054544
20464 20475 3.648630 0.042866
20470 20475 3.012474 0.028062
20465 20476 3.241605 0.060622
20467 20476 3.241605 0.060622
20478 20483 3.263434 0.054544
20480 20483 3.241605 0.060622
20479 20484 3.648630 0.042866
20479 20486 3.648630 0.042866
20478 20487 3.263434 0.054544
20480 20487 3.241605 0.060622
20487 20494 3.648630 0.042866
20479 20488 3.012474 0.028062
20490 20494 3.012474 0.028062
20479 20491 3.012474 0.028062
20484 20493 3.263434 0.054544
20486 20493 3.263434 0.054544
20483 20494 3.648630 0.042866
20489 20494 3.012474 0.028062
20484 20495 3.241605 0.060622
20486 20495 3.241605 0.060622
20500 20502 0.000000 0.000000
20497 20503 3.263434 0.054544
20499 20503 3.241605 0.060622
20498 20504 3.648630 0.042866
20498 20506 3.648630 0.042866
20497 20507 3.263434 0.054544
20499 20507 3.241605 0.060622
20507 20514 3.648630 0.042866
20498 20508 3.012474 0.028062
20510 20514 3.012474 0.028062
20498 20511 3.012474 0.028062
20504 20513 3.241605 0.060622
20506 20513 3.241605 0.060622
20503 20514 3.648630 0.042866
20509 20514 3.012474 0.028062
20504 20515 3.263434 0.054544
20506 20515 3.263434 0.054544
20505 20516 0.000000 0.000000
20518 20523 3.263434 0.054544
20520 20523 3.241605 0.060622
20519 20524 3.648630 0.042866
20519 20526 3.648630 0.042866
20518 20527 3.263434 0.054544
20520 20527 3.241605 0.060622
20527 20534 3.648630 0.042866
20519 20528 3.012474 0.028062
20530 20534 3.012474 0.028062
20519 20531 3.012474 0.028062
20524 20533 3.263434 0.054544
20526 20533 3.263434 0.054544
20523 20534 3.648630 0.042866
20529 20534 3.012474 0.028062
20524 20535 3.241605 0.060622
20526 20535 3.241605 0.060622
20537 20542 3.263434 0.054544
20539 20542 3.241605 0.060622
20538 20543 3.648630 0.042866
20538 20545 3.648630 0.042866
20537 20546 3.263434 0.054544
20539 20546 3.241605 0.060622
20546 20553 3.648630 0.042866
20538 20547 3.012474 0.028062
20549 20553 3.012474 0.028062
20538 20550 3.012474 0.028062
20543 20552 3.263434 0.054544
20545 20552 3.263434 0.054544
20542 20553 3.648630 0.042866
20548 20553 3.012474 0.028062
20543 20554 3.241605 0.060622
20545 20554 3.241605 0.060622
20556 20561 3.263434 0.054544
20558 20561 3.241605 0.060622
20557 20562 3.648630 0.042866
20557 20564 3.648630 0.042866
20556 20565 3.263434 0.054544
20558 20565 3.241605 0.060622
20565 20572 3.648630 0.042866
20557 20566 3.012474 0.028062
20568 20572 3.012474 0.028062
20557 20569 3.012474 0.028062
20562 20571 3.263434 0.054544
20564 20571 3.263434 0.054544
20561 20572 3.648630 0.042866
20567 20572 3.012474 0.028062
20562 20573 3.241605 0.060622
20564 20573 3.241605 0.060622
20575 20580 3.263434 0.054544
20577 20580 3.241605 0.060622
20576 20581 3.648630 0.042866
20576 20583 3.648630 0.042866
20575 20584 3.263434 0.054544
20577 20584 3.241605 0.060622
20584 20591 3.648630 0.042866
20576 20585 3.012474 0.028062
20587 20591 3.012474 0.028062
20576 20588 3.012474 0.028062
20581 20590 3.263434 0.054544
20583 20590 3.263434 0.054544
20580 20591 3.648630 0.042866
20586 20591 3.012474 0.028062
20581 20592 3.241605 0.060622
20583 20592 3.241605 0.060622
20594 20599 3.263434 0.054544
20596 20599 3.241605 0.060622
20595 20600 3.648630 0.042866
20595 20602 3.648630 0.042866
20594 20603 3.263434 0.054544
20596 20603 3.241605 0.060622
20603 20610 3.648630 0.042866
20595 20604 3.012474 0.028062
20606 20610 3.012474 0.028062
20595 20607 3.012474 0.028062
20600 20609 3.263434 0.054544
20602 20609 3.263434 0.054544
20599 20610 3.648630 0.042866
20605 20610 3.012474 0.028062
20600 20611 3.241605 0.060622
20602 20611 3.241605 0.060622
20613 20618 3.263434 0.054544
20615 20618 3.241605 0.060622
20614 20619 3.648630 0.042866
20614 20621 3.648630 0.042866
20613 20622 3.263434 0.054544
20615 20622 3.241605 0.060622
20622 20629 3.648630 0.042866
20614 20623 3.012474 0.028062
20625 20629 3.012474 0.028062
20614 20626 3.012474 0.028062
20619 20628 3.263434 0.054544
20621 20628 3.263434 0.054544
20618 20629 3.648630 0.042866
20624 20629 3.012474 0.028062
20619 20630 3.241605 0.060622
20621 20630 3.241605 0.060622
20632 20637 3.263434 0.054544
20634 20637 3.241605 0.060622
20633 20638 3.648630 0.042866
20633 20640 3.648630 0.042866
20632 20641 3.263434 0.054544
20634 20641 3.241605 0.060622
20641 20648 3.648630 0.042866
20633 20642 3.012474 0.028062
20644 20648 3.012474 0.028062
20633 20645 3.012474 0.028062
20638 20647 3.263434 0.054544
20640 20647 3.263434 0.054544
20637 20648 3.648630 0.042866
20643 20648 3.012474 0.028062
20638 20649 3.241605 0.060622
20640 20649 3.241605 0.060622
20651 20656 3.263434 0.054544
20653 20656 3.241605 0.060622
20652 20657 3.648630 0.042866
20652 20659 3.648630 0.042866
20651 20660 3.263434 0.054544
20653 20660 3.241605 0.060622
20660 20667 3.648630 0.042866
20652 20661 3.012474 0.028062
20663 20667 3.012474 0.028062
20652 20664 3.012474 0.028062
20657 20666 3.263434 0.054544
20659 20666 3.263434 0.054544
20656 20667 3.648630 0.042866
20662 20667 3.012474 0.028062
20657 20668 3.241605 0.060622
20659 20668 3.241605 0.060622
20670 20675 3.263434 0.054544
20672 20675 3.241605 0.060622
20671 20676 3.648630 0.042866
20671 20678 3.648630 0.042866
20670 20679 3.263434 0.054544
20672 20679 3.241605 0.060622
20679 20686 3.648630 0.042866
20671 20680 3.012474 0.028062
20682 20686 3.012474 0.028062
20671 20683 3.012474 0.028062
20676 20685 3.263434 0.054544
20678 20685 3.263434 0.054544
20675 20686 3.648630 0.042866
20681 20686 3.012474 0.028062
20676 20687 3.241605 0.060622
20678 20687 3.241605 0.060622
20689 20694 3.263434 0.054544
20691 20694 3.241605 0.060622
20690 20695 3.648630 0.042866
20690 20697 3.648630 0.042866
20689 20698 3.263434 0.054544
20691 20698 3.241605 0.060622
20698 20705 3.648630 0.042866
20690 20699 3.012474 0.028062
20701 20705 3.012474 0.028062
20690 20702 3.012474 0.028062
20695 20704 3.263434 0.054544
20697 20704 3.263434 0.054544
20694 20705 3.648630 0.042866
20700 20705 3.012474 0.028062
20695 20706 3.241605 0.060622
20697 20706 3.241605 0.060622
20708 20713 3.263434 0.054544
20710 20713 3.241605 0.060622
20709 20714 3.648630 0.042866
20709 20716 3.648630 0.042866
20708 20717 3.263434 0.054544
20710 20717 3.241605 0.060622
20717 20724 3.648630 0.042866
20709 20718 3.012474 0.028062
20720 20724 3.012474 0.028062
20709 20721 3.012474 0.028062
20714 20723 3.263434 0.054544
20716 20723 3.263434 0.054544
20713 20724 3.648630 0.042866
20719 20724 3.012474 0.028062
20714 20725 3.241605 0.060622
20716 20725 3.241605 0.060622
20727 20732 3.263434 0.054544
20729 20732 3.241605 0.060622
20728 20733 3.648630 0.042866
20728 20735 3.648630 0.042866
20727 20736 3.263434 0.054544
20729 20736 3.241605 0.060622
20736 20743 3.648630 0.042866
20728 20737 3.012474 0.028062
20739 20743 3.012474 0.028062
20728 20740 3.012474 0.028062
20733 20742 3.263434 0.054544
20735 20742 3.263434 0.054544
20732 20743 3.648630 0.042866
20738 20743 3.012474 0.028062
20733 20744 3.241605 0.060622
20735 20744 3.241605 0.060622
20746 20751 3.263434 0.054544
20748 20751 3.241605 0.060622
20747 20752 3.648630 0.042866
20747 20754 3.648630 0.042866
20746 20755 3.263434 0.054544
20748 20755 3.241605 0.060622
20755 20762 3.648630 0.042866
20747 20756 3.012474 0.028062
20758 20762 3.012474 0.028062
20747 20759 3.012474 0.028062
20752 20761 3.263434 0.054544
20754 20761 3.263434 0.054544
20751 20762 3.648630 0.042866
20757 20762 3.012474 0.028062
20752 20763 3.241605 0.060622
20754 20763 3.241605 0.060622
20765 20770 3.263434 0.054544
20767 20770 3.241605 0.060622
20766 20771 3.648630 0.042866
20766 20773 3.648630 0.042866
20765 20774 3.263434 0.054544
20767 20774 3.241605 0.060622
20774 20781 3.648630 0.042866
20766 20775 3.012474 0.028062
20777 20781 3.012474 0.028062
20766 20778 3.012474 0.028062
20771 20780 3.263434 0.054544
20773 20780 3.263434 0.054544
20770 20781 3.648630 0.042866
20776 20781 3.012474 0.028062
20771 20782 3.241605 0.060622
20773 20782 3.241605 0.060622
20787 20789 0.000000 0.000000
20784 20790 3.263434 0.054544
20786 20790 3.241605 0.060622
20785 20791 3.648630 0.042866
20785 20793 3.648630 0.042866
20784 20794 3.263434 0.054544
20786 20794 3.241605 0.060622
20794 20801 3.648630 0.042866
20785 20795 3.012474 0.028062
20797 20801 3.012474 0.028062
20785 20798 3.012474 0.028062
20791 20800 3.263434 0.054544
20793 20800 3.263434 0.054544
20790 20801 3.648630 0.042866
20796 20801 3.012474 0.028062
20791 20802 3.241605 0.060622
20793 20802 3.241605 0.060622
20804 20809 3.263434 0.054544
20806 20809 3.241605 0.060622
20805 20810 3.648630 0.042866
20805 20812 3.648630 0.042866
20804 20813 3.263434 0.054544
20806 20813 3.241605 0.060622
20813 20820 3.648630 0.042866
20805 20814 3.012474 0.028062
20816 20820 3.012474 0.028062
20805 20817 3.012474 0.028062
20810 20819 3.263434 0.054544
20812 20819 3.263434 0.054544
20809 20820 3.648630 0.042866
20815 20820 3.012474 0.028062
20810 20821 3.241605 0.060622
20812 20821 3.241605 0.060622
20823 20828 3.263434 0.054544
20825 20828 3.241605 0.060622
20824 20829 3.648630 0.042866
20824 20831 3.648630 0.042866
20823 20832 3.263434 0.054544
20825 20832 3.241605 0.060622
20832 20839 3.648630 0.042866
20824 20833 3.012474 0.028062
20835 20839 3.012474 0.028062
20824 20836 3.012474 0.028062
20829 20838 3.263434 0.054544
20831 20838 3.263434 0.054544
20828 20839 3.648630 0.042866
20834 20839 3.012474 0.028062
20829 20840 3.241605 0.060622
20831 20840 3.241605 0.060622
20842 20847 3.263434 0.054544
20844 20847 3.241605 0.060622
20843 20848 3.648630 0.042866
20843 20850 3.648630 0.042866
20842 20851 3.263434 0.054544
20844 20851 3.241605 0.060622
20851 20858 3.648630 0.042866
20843 20852 3.012474 0.028062
20854 20858 3.012474 0.028062
20843 20855 3.012474 0.028062
20848 20857 3.263434 0.054544
20850 20857 3.263434 0.054544
20847 20858 3.648630 0.042866
20853 20858 3.012474 0.028062
20848 20859 3.241605 0.060622
20850 20859 3.241605 0.060622
20861 20866 3.263434 0.054544
20863 20866 3.241605 0.060622
20862 20867 3.648630 0.042866
20862 20869 3.648630 0.042866
20861 20870 3.263434 0.054544
20863 20870 3.241605 0.060622
20870 20877 3.648630 0.042866
20862 20871 3.012474 0.028062
20873 20877 3.012474 0.028062
20862 20874 3.012474 0.028062
20867 20876 3.263434 0.054544
20869 20876 3.263434 0.054544
20866 20877 3.648630 0.042866
20872 20877 3.012474 0.028062
20867 20878 3.241605 0.060622
20869 20878 3.241605 0.060622
20880 20885 3.263434 0.054544
20882 20885 3.241605 0.060622
20881 20886 3.648630 0.042866
20881 20888 3.648630 0.042866
20880 20889 3.263434 0.054544
20882 20889 3.241605 0.060622
20889 20896 3.648630 0.042866
20881 20890 3.012474 0.028062
20892 20896 3.012474 0.028062
20881 20893 3.012474 0.028062
20886 20895 3.263434 0.054544
20888 20895 3.263434 0.054544
20885 20896 3.648630 0.042866
20891 20896 3.012474 0.028062
20886 20897 3.241605 0.060622
20888 20897 3.241605 0.060622
20899 20904 3.263434 0.054544
20901 20904 3.241605 0.060622
20900 20905 3.648630 0.042866
20900 20907 3.648630 0.042866
20899 20908 3.263434 0.054544
20901 20908 3.241605 0.060622
20908 20915 3.648630 0.042866
20900 20909 3.012474 0.028062
20911 20915 3.012474 0.028062
20900 20912 3.012474 0.028062
20905 20914 3.263434 0.054544
20907 20914 3.263434 0.054544
20904 20915 3.648630 0.042866
20910 20915 3.012474 0.028062
20905 20916 3.241605 0.060622
20907 20916 3.241605 0.060622
20918 20923 3.263434 0.054544
20920 20923 3.241605 0.060622
20919 20924 3.648630 0.042866
20919 20926 3.648630 0.042866
20918 20927 3.263434 0.054544
20920 20927 3.241605 0.060622
20927 20934 3.648630 0.042866
20919 20928 3.012474 0.028062
20930 20934 3.012474 0.028062
20919 20931 3.012474 0.028062
20924 20933 3.241605 0.060622
20926 20933 3.241605 0.060622
20923 20934 3.648630 0.042866
20929 20934 3.012474 0.028062
20924 20935 3.263434 0.054544
20926 20935 3.263434 0.054544
20925 20936 0.000000 0.000000
20938 20943 3.263434 0.054544
20940 20943 3.241605 0.060622
20939 20944 3.648630 0.042866
20939 20946 3.648630 0.042866
20938 20947 3.263434 0.054544
20940 20947 3.241605 0.060622
20947 20954 3.648630 0.042866
20939 20948 3.012474 0.028062
20950 20954 3.012474 0.028062
20939 20951 3.012474 0.028062
20944 20953 3.263434 0.054544
20946 20953 3.263434 0.054544
20943 20954 3.648630 0.042866
20949 20954 3.012474 0.028062
20944 20955 3.241605 0.060622
20946 20955 3.241605 0.060622
20957 20962 3.263434 0.054544
20959 20962 3.241605 0.060622
20958 20963 3.648630 0.042866
20958 20965 3.648630 0.042866
20957 20966 3.263434 0.054544
20959 20966 3.241605 0.060622
20966 20973 3.648630 0.042866
20958 20967 3.012474 0.028062
20969 20973 3.012474 0.028062
20958 20970 3.012474 0.028062
20963 20972 3.263434 0.054544
20965 20972 3.263434 0.054544
20962 20973 3.648630 0.042866
20968 20973 3.012474 0.028062
20963 20974 3.241605 0.060622
20965 20974 3.241605 0.060622
20979 20981 0.000000 0.000000
20976 20982 3.263434 0.054544
20978 20982 3.241605 0.060622
20977 20983 3.648630 0.042866
20977 20985 3.648630 0.042866
20976 20986 3.263434 0.054544
20978 20986 3.241605 0.060622
20986 20993 3.648630 0.042866
20977 20987 3.012474 0.028062
20989 20993 3.012474 0.028062
20977 20990 3.012474 0.028062
20983 20992 3.263434 0.054544
20985 20992 3.263434 0.054544
20982 20993 3.648630 0.042866
20988 20993 3.012474 0.028062
20983 20994 3.241605 0.060622
20985 20994 3.241605 0.060622
20996 21001 3.263434 0.054544
20998 21001 3.241605 0.060622
20997 21002 3.648630 0.042866
20997 21004 3.648630 0.042866
20996 21005 3.263434 0.054544
20998 21005 3.241605 0.060622
21005 21012 3.648630 0.042866
20997 21006 3.012474 0.028062
21008 21012 3.012474 0.028062
20997 21009 3.012474 0.028062
21002 21011 3.263434 0.054544
21004 21011 3.263434 0.054544
21001 21012 3.648630 0.042866
21007 21012 3.012474 0.028062
21002 21013 3.241605 0.060622
21004 21013 3.241605 0.060622
21015 21020 3.263434 0.054544
21017 21020 3.241605 0.060622
21016 21021 3.648630 0.042866
21016 21023 3.648630 0.042866
21015 21024 3.263434 0.054544
21017 21024 3.241605 0.060622
21024 21031 3.648630 0.042866
21016 21025 3.012474 0.028062
21027 21031 3.012474 0.028062
21016 21028 3.012474 0.028062
21021 21030 3.263434 0.054544
21023 21030 3.263434 0.054544
21020 21031 3.648630 0.042866
21026 21031 3.012474 0.028062
21021 21032 3.241605 0.060622
21023 21032 3.241605 0.060622
21034 21039 3.263434 0.054544
21036 21039 3.241605 0.060622
21035 21040 3.648630 0.042866
21035 21042 3.648630 0.042866
21034 21043 3.263434 0.054544
21036 21043 3.241605 0.060622
21043 21050 3.648630 0.042866
21035 21044 3.012474 0.028062
21046 21050 3.012474 0.028062
21035 21047 3.012474 0.028062
21040 21049 3.263434 0.054544
21042 21049 3.263434 0.054544
21039 21050 3.648630 0.042866
21045 21050 3.012474 0.028062
21040 21051 3.241605 0.060622
21042 21051 3.241605 0.060622
21053 21058 3.263434 0.054544
21055 21058 3.241605 0.060622
21054 21059 3.648630 0.042866
21054 21061 3.648630 0.042866
21053 21062 3.263434 0.054544
21055 21062 3.241605 0.060622
21062 21069 3.648630 0.042866
21054 21063 3.012474 0.028062
21065 21069 3.012474 0.028062
21054 21066 3.012474 0.028062
21059 21068 3.263434 0.054544
21061 21068 3.263434 0.054544
21058 21069 3.648630 0.042866
21064 21069 3.012474 0.028062
21059 21070 3.241605 0.060622
21061 21070 3.241605 0.060622
21072 21077 3.263434 0.054544
21074 21077 3.241605 0.060622
21073 21078 3.648630 0.042866
21073 21080 3.648630 0.042866
21072 21081 3.263434 0.054544
21074 21081 3.241605 0.060622
21081 21088 3.648630 0.042866
21073 21082 3.012474 0.028062
21084 21088 3.012474 0.028062
21073 21085 3.012474 0.028062
21078 21087 3.263434 0.054544
21080 21087 3.263434 0.054544
21077 21088 3.648630 0.042866
21083 21088 3.012474 0.028062
21078 21089 3.241605 0.060622
21080 21089 3.241605 0.060622
21094 21096 0.000000 0.000000
21091 21097 3.263434 0.054544
21093 21097 3.241605 0.060622
21092 21098 3.648630 0.042866
21092 21100 3.648630 0.042866
21091 21101 3.263434 0.054544
21093 21101 3.241605 0.060622
21101 21108 3.648630 0.042866
21092 21102 3.012474 0.028062
21104 21108 3.012474 0.028062
21092 21105 3.012474 0.028062
21098 21107 3.263434 0.054544
21100 21107 3.263434 0.054544
21097 21108 3.648630 0.042866
21103 21108 3.012474 0.028062
21098 21109 3.241605 0.060622
21100 21109 3.241605 0.060622
21114 21116 0.000000 0.000000
21111 21117 3.263434 0.054544
21113 21117 3.241605 0.060622
21112 21118 3.648630 0.042866
21112 21120 3.648630 0.042866
21111 21121 3.263434 0.054544
21113 21121 3.241605 0.060622
21121 21128 3.648630 0.042866
21112 21122 3.012474 0.028062
21124 21128 3.012474 0.028062
21112 21125 3.012474 0.028062
21118 21127 3.241605 0.060622
21120 21127 3.241605 0.060622
21117 21128 3.648630 0.042866
21123 21128 3.012474 0.028062
21118 21129 3.263434 0.054544
21120 21129 3.263434 0.054544
21119 21130 0.000000 0.000000
21132 21137 3.263434 0.054544
21134 21137 3.241605 0.060622
21133 21138 3.648630 0.042866
21133 21140 3.648630 0.042866
21132 21141 3.263434 0.054544
21134 21141 3.241605 0.060622
21141 21148 3.648630 0.042866
21133 21142 3.012474 0.028062
21144 21148 3.012474 0.028062
21133 21145 3.012474 0.028062
21138 21147 3.263434 0.054544
21140 21147 3.263434 0.054544
21137 21148 3.648630 0.042866
21143 21148 3.012474 0.028062
21138 21149 3.241605 0.060622
21140 21149 3.241605 0.060622
21151 21156 3.263434 0.054544
21153 21156 3.241605 0.060622
21152 21157 3.648630 0.042866
21152 21159 3.648630 0.042866
21151 21160 3.263434 0.054544
21153 21160 3.241605 0.060622
21160 21167 3.648630 0.042866
21152 21161 3.012474 0.028062
21163 21167 3.012474 0.028062
21152 21164 3.012474 0.028062
21157 21166 3.263434 0.054544
21159 21166 3.263434 0.054544
21156 21167 3.648630 0.042866
21162 21167 3.012474 0.028062
21157 21168 3.241605 0.060622
21159 21168 3.241605 0.060622
21173 21175 0.000000 0.000000
21170 21176 3.263434 0.054544
21172 21176 3.241605 0.060622
21171 21177 3.648630 0.042866
21171 21179 3.648630 0.042866
21170 21180 3.263434 0.054544
21172 21180 3.241605 0.060622
21180 21187 3.648630 0.042866
21171 21181 3.012474 0.028062
21183 21187 3.012474 0.028062
21171 21184 3.012474 0.028062
21177 21186 3.263434 0.054544
21179 21186 3.263434 0.054544
21176 21187 3.648630 0.042866
21182 21187 3.012474 0.028062
21177 21188 3.241605 0.060622
21179 21188 3.241605 0.060622
21190 21195 3.263434 0.054544
21192 21195 3.241605 0.060622
21191 21196 3.648630 0.042866
21191 21198 3.648630 0.042866
21190 21199 3.263434 0.054544
21192 21199 3.241605 0.060622
21199 21206 3.648630 0.042866
21191 21200 3.012474 0.028062
21202 21206 3.012474 0.028062
21191 21203 3.012474 0.028062
21196 21205 3.263434 0.054544
21198 21205 3.263434 0.054544
21195 21206 3.648630 0.042866
21201 21206 3.012474 0.028062
21196 21207 3.241605 0.060622
21198 21207 3.241605 0.060622
21209 21214 3.263434 0.054544
21211 21214 3.241605 0.060622
21210 21215 3.648630 0.042866
21210 21217 3.648630 0.042866
21209 21218 3.263434 0.054544
21211 21218 3.241605 0.060622
21218 21225 3.648630 0.042866
21210 21219 3.012474 0.028062
21221 21225 3.012474 0.028062
21210 21222 3.012474 0.028062
21215 21224 3.241605 0.060622
21217 21224 3.241605 0.060622
21214 21225 3.648630 0.042866
21220 21225 3.012474 0.028062
21215 21226 3.263434 0.054544
21217 21226 3.263434 0.054544
21216 21227 0.000000 0.000000
21232 21234 0.000000 0.000000
21229 21235 3.263434 0.054544
21231 21235 3.241605 0.060622
21230 21236 3.648630 0.042866
21230 21238 3.648630 0.042866
21229 21239 3.263434 0.054544
21231 21239 3.241605 0.060622
21239 21246 3.648630 0.042866
21230 21240 3.012474 0.028062
21242 21246 3.012474 0.028062
21230 21243 3.012474 0.028062
21236 21245 3.263434 0.054544
21238 21245 3.263434 0.054544
21235 21246 3.648630 0.042866
21241 21246 3.012474 0.028062
21236 21247 3.241605 0.060622
21238 21247 3.241605 0.060622
21249 21254 3.263434 0.054544
21251 21254 3.241605 0.060622
21250 21255 3.648630 0.042866
21250 21257 3.648630 0.042866
21249 21258 3.263434 0.054544
21251 21258 3.241605 0.060622
21258 21265 3.648630 0.042866
21250 21259 3.012474 0.028062
21261 21265 3.012474 0.028062
21250 21262 3.012474 0.028062
21255 21264 3.241605 0.060622
21257 21264 3.241605 0.060622
21254 21265 3.648630 0.042866
21260 21265 3.012474 0.028062
21255 21266 3.263434 0.054544
21257 21266 3.263434 0.054544
21256 21267 0.000000 0.000000
21269 21274 3.263434 0.054544
21271 21274 3.241605 0.060622
21270 21275 3.648630 0.042866
21270 21277 3.648630 0.042866
21269 21278 3.263434 0.054544
21271 21278 3.241605 0.060622
21278 21285 3.648630 0.042866
21270 21279 3.012474 0.028062
21281 21285 3.012474 0.028062
21270 21282 3.012474 0.028062
21275 21284 3.263434 0.054544
21277 21284 3.263434 0.054544
21274 21285 3.648630 0.042866
21280 21285 3.012474 0.028062
21275 21286 3.241605 0.060622
21277 21286 3.241605 0.060622
21288 21293 3.263434 0.054544
21290 21293 3.241605 0.060622
21289 21294 3.648630 0.042866
21289 21296 3.648630 0.042866
21288 21297 3.263434 0.054544
21290 21297 3.241605 0.060622
21297 21304 3.648630 0.042866
21289 21298 3.012474 0.028062
21300 21304 3.012474 0.028062
21289 21301 3.012474 0.028062
21294 21303 3.263434 0.054544
21296 21303 3.263434 0.054544
21293 21304 3.648630 0.042866
21299 21304 3.012474 0.028062
21294 21305 3.241605 0.060622
21296 21305 3.241605 0.060622
21307 21312 3.263434 0.054544
21309 21312 3.241605 0.060622
21308 21313 3.648630 0.042866
21308 21315 3.648630 0.042866
21307 21316 3.263434 0.054544
21309 21316 3.241605 0.060622
21316 21323 3.648630 0.042866
21308 21317 3.012474 0.028062
21319 21323 3.012474 0.028062
21308 21320 3.012474 0.028062
21313 21322 3.263434 0.054544
21315 21322 3.263434 0.054544
21312 21323 3.648630 0.042866
21318 21323 3.012474 0.028062
21313 21324 3.241605 0.060622
21315 21324 3.241605 0.060622
21326 21331 3.263434 0.054544
21328 21331 3.241605 0.060622
21327 21332 3.648630 0.042866
21327 21334 3.648630 0.042866
21326 21335 3.263434 0.054544
21328 21335 3.241605 0.060622
21335 21342 3.648630 0.042866
21327 21336 3.012474 0.028062
21338 21342 3.012474 0.028062
21327 21339 3.012474 0.028062
21332 21341 3.263434 0.054544
21334 21341 3.263434 0.054544
21331 21342 3.648630 0.042866
21337 21342 3.012474 0.028062
21332 21343 3.241605 0.060622
21334 21343 3.241605 0.060622
21345 21350 3.263434 0.054544
21347 21350 3.241605 0.060622
21346 21351 3.648630 0.042866
21346 21353 3.648630 0.042866
21345 21354 3.263434 0.054544
21347 21354 3.241605 0.060622
21354 21361 3.648630 0.042866
21346 21355 3.012474 0.028062
21357 21361 3.012474 0.028062
21346 21358 3.012474 0.028062
21351 21360 3.263434 0.054544
21353 21360 3.263434 0.054544
21350 21361 3.648630 0.042866
21356 21361 3.012474 0.028062
21351 21362 3.241605 0.060622
21353 21362 3.241605 0.060622
21364 21369 3.263434 0.054544
21366 21369 3.241605 0.060622
21365 21370 3.648630 0.042866
21365 21372 3.648630 0.042866
21364 21373 3.263434 0.054544
21366 21373 3.241605 0.060622
21373 21380 3.648630 0.042866
21365 21374 3.012474 0.028062
21376 21380 3.012474 0.028062
21365 21377 3.012474 0.028062
21370 21379 3.263434 0.054544
21372 21379 3.263434 0.054544
21369 21380 3.648630 0.042866
21375 21380 3.012474 0.028062
21370 21381 3.241605 0.060622
21372 21381 3.241605 0.060622
21383 21388 3.263434 0.054544
21385 21388 3.241605 0.060622
21384 21389 3.648630 0.042866
21384 21391 3.648630 0.042866
21383 21392 3.263434 0.054544
21385 21392 3.241605 0.060622
21392 21399 3.648630 0.042866
21384 21393 3.012474 0.028062
21395 21399 3.012474 0.028062
21384 21396 3.012474 0.028062
21389 21398 3.263434 0.054544
21391 21398 3.263434 0.054544
21388 21399 3.648630 0.042866
21394 21399 3.012474 0.028062
21389 21400 3.241605 0.060622
21391 21400 3.241605 0.060622
21402 21407 3.263434 0.054544
21404 21407 3.241605 0.060622
21403 21408 3.648630 0.042866
21403 21410 3.648630 0.042866
21402 21411 3.263434 0.054544
21404 21411 3.241605 0.060622
21411 21418 3.648630 0.042866
21403 21412 3.012474 0.028062
21414 21418 3.012474 0.028062
21403 21415 3.012474 0.028062
21408 21417 3.263434 0.054544
21410 21417 3.263434 0.054544
21407 21418 3.648630 0.042866
21413 21418 3.012474 0.028062
21408 21419 3.241605 0.060622
21410 21419 3.241605 0.060622
21421 21426 3.263434 0.054544
21423 21426 3.241605 0.060622
21422 21427 3.648630 0.042866
21422 21429 3.648630 0.042866
21421 21430 3.263434 0.054544
21423 21430 3.241605 0.060622
21430 21437 3.648630 0.042866
21422 21431 3.012474 0.028062
21433 21437 3.012474 0.028062
21422 21434 3.012474 0.028062
21427 21436 3.263434 0.054544
21429 21436 3.263434 0.054544
21426 21437 3.648630 0.042866
21432 21437 3.012474 0.028062
21427 21438 3.241605 0.060622
21429 21438 3.241605 0.060622
21440 21445 3.263434 0.054544
21442 21445 3.241605 0.060622
21441 21446 3.648630 0.042866
21441 21448 3.648630 0.042866
21440 21449 3.263434 0.054544
21442 21449 3.241605 0.060622
21449 21456 3.648630 0.042866
21441 21450 3.012474 0.028062
21452 21456 3.012474 0.028062
21441 21453 3.012474 0.028062
21446 21455 3.263434 0.054544
21448 21455 3.263434 0.054544
21445 21456 3.648630 0.042866
21451 21456 3.012474 0.028062
21446 21457 3.241605 0.060622
21448 21457 3.241605 0.060622
21459 21464 3.263434 0.054544
21461 21464 3.241605 0.060622
21460 21465 3.648630 0.042866
21460 21467 3.648630 0.042866
21459 21468 3.263434 0.054544
21461 21468 3.241605 0.060622
21468 21475 3.648630 0.042866
21460 21469 3.012474 0.028062
21471 21475 3.012474 0.028062
21460 21472 3.012474 0.028062
21465 21474 3.263434 0.054544
21467 21474 3.263434 0.054544
21464 21475 3.648630 0.042866
21470 21475 3.012474 0.028062
21465 21476 3.241605 0.060622
21467 21476 3.241605 0.060622
21478 21483 3.263434 0.054544
21480 21483 3.241605 0.060622
21479 21484 3.648630 0.042866
21479 21486 3.648630 0.042866
21478 21487 3.263434 0.054544
21480 21487 3.241605 0.060622
21487 21494 3.648630 0.042866
21479 21488 3.012474 0.028062
21490 21494 3.012474 0.028062
21479 21491 3.012474 0.028062
21484 21493 3.263434 0.054544
21486 21493 3.263434 0.054544
21483 21494 3.648630 0.042866
21489 21494 3.012474 0.028062
21484 21495 3.241605 0.060622
21486 21495 3.241605 0.060622
21497 21502 3.263434 0.054544
21499 21502 3.241605 0.060622
21498 21503 3.648630 0.042866
21498 21505 3.648630 0.042866
21497 21506 3.263434 0.054544
21499 21506 3.241605 0.060622
21506 21513 3.648630 0.042866
21498 21507 3.012474 0.028062
21509 21513 3.012474 0.028062
21498 21510 3.012474 0.028062
21503 21512 3.263434 0.054544
21505 21512 3.263434 0.054544
21502 21513 3.648630 0.042866
21508 21513 3.012474 0.028062
21503 21514 3.241605 0.060622
21505 21514 3.241605 0.060622
21519 21521 0.000000 0.000000
21516 21522 3.263434 0.054544
21518 21522 3.241605 0.060622
21517 21523 3.648630 0.042866
21517 21525 3.648630 0.042866
21516 21526 3.263434 0.054544
21518 21526 3.241605 0.060622
21526 21533 3.648630 0.042866
21517 21527 3.012474 0.028062
21529 21533 3.012474 0.028062
21517 21530 3.012474 0.028062
21523 21532 3.263434 0.054544
21525 21532 3.263434 0.054544
21522 21533 3.648630 0.042866
21528 21533 3.012474 0.028062
21523 21534 3.241605 0.060622
21525 21534 3.241605 0.060622
21536 21541 3.263434 0.054544
21538 21541 3.241605 0.060622
21537 21542 3.648630 0.042866
21537 21544 3.648630 0.042866
21536 21545 3.263434 0.054544
21538 21545 3.241605 0.060622
21545 21552 3.648630 0.042866
21537 21546 3.012474 0.028062
21548 21552 3.012474 0.028062
21537 21549 3.012474 0.028062
21542 21551 3.263434 0.054544
21544 21551 3.263434 0.054544
21541 21552 3.648630 0.042866
21547 21552 3.012474 0.028062
21542 21553 3.241605 0.060622
21544 21553 3.241605 0.060622
21555 21560 3.263434 0.054544
21557 21560 3.241605 0.060622
21556 21561 3.648630 0.042866
21556 21563 3.648630 0.042866
21555 21564 3.263434 0.054544
21557 21564 3.241605 0.060622
21564 21571 3.648630 0.042866
21556 21565 3.012474 0.028062
21567 21571 3.012474 0.028062
21556 21568 3.012474 0.028062
21561 21570 3.263434 0.054544
21563 21570 3.263434 0.054544
21560 21571 3.648630 0.042866
21566 21571 3.012474 0.028062
21561 21572 3.241605 0.060622
21563 21572 3.241605 0.060622
21574 21579 3.263434 0.054544
21576 21579 3.241605 0.060622
21575 21580 3.648630 0.042866
21575 21582 3.648630 0.042866
21574 21583 3.263434 0.054544
21576 21583 3.241605 0.060622
21583 21590 3.648630 0.042866
21575 21584 3.012474 0.028062
21586 21590 3.012474 0.028062
21575 21587 3.012474 0.028062
21580 21589 3.263434 0.054544
21582 21589 3.263434 0.054544
21579 21590 3.648630 0.042866
21585 21590 3.012474 0.028062
21580 21591 3.241605 0.060622
21582 21591 3.241605 0.060622
21593 21598 3.263434 0.054544
21595 21598 3.241605 0.060622
21594 21599 3.648630 0.042866
21594 21601 3.648630 0.042866
21593 21602 3.263434 0.054544
21595 21602 3.241605 0.060622
21602 21609 3.648630 0.042866
21594 21603 3.012474 0.028062
21605 21609 3.012474 0.028062
21594 21606 3.012474 0.028062
21599 21608 3.263434 0.054544
21601 21608 3.263434 0.054544
21598 21609 3.648630 0.042866
21604 21609 3.012474 0.028062
21599 21610 3.241605 0.060622
21601 21610 3.241605 0.060622
21612 21617 3.263434 0.054544
21614 21617 3.241605 0.060622
21613 21618 3.648630 0.042866
21613 21620 3.648630 0.042866
21612 21621 3.263434 0.054544
21614 21621 3.241605 0.060622
21621 21628 3.648630 0.042866
21613 21622 3.012474 0.028062
21624 21628 3.012474 0.028062
21613 21625 3.012474 0.028062
21618 21627 3.263434 0.054544
21620 21627 3.263434 0.054544
21617 21628 3.648630 0.042866
21623 21628 3.012474 0.028062
21618 21629 3.241605 0.060622
21620 21629 3.241605 0.060622
21631 21636 3.263434 0.054544
21633 21636 3.241605 0.060622
21632 21637 3.648630 0.042866
21632 21639 3.648630 0.042866
21631 21640 3.263434 0.054544
21633 21640 3.241605 0.060622
21640 21647 3.648630 0.042866
21632 21641 3.012474 0.028062
21643 21647 3.012474 0.028062
21632 21644 3.012474 0.028062
21637 21646 3.263434 0.054544
21639 21646 3.263434 0.054544
21636 21647 3.648630 0.042866
21642 21647 3.012474 0.028062
21637 21648 3.241605 0.060622
21639 21648 3.241605 0.060622
21650 21655 3.263434 0.054544
21652 21655 3.241605 0.060622
21651 21656 3.648630 0.042866
21651 21658 3.648630 0.042866
21650 21659 3.263434 0.054544
21652 21659 3.241605 0.060622
21659 21666 3.648630 0.042866
21651 21660 3.012474 0.028062
21662 21666 3.012474 0.028062
21651 21663 3.012474 0.028062
21656 21665 3.263434 0.054544
21658 21665 3.263434 0.054544
21655 21666 3.648630 0.042866
21661 21666 3.012474 0.028062
21656 21667 3.241605 0.060622
21658 21667 3.241605 0.060622
21669 21674 3.263434 0.054544
21671 21674 3.241605 0.060622
21670 21675 3.648630 0.042866
21670 21677 3.648630 0.042866
21669 21678 3.263434 0.054544
21671 21678 3.241605 0.060622
21678 21685 3.648630 0.042866
21670 21679 3.012474 0.028062
21681 21685 3.012474 0.028062
21670 21682 3.012474 0.028062
21675 21684 3.263434 0.054544
21677 21684 3.263434 0.054544
21674 21685 3.648630 0.042866
21680 21685 3.012474 0.028062
21675 21686 3.241605 0.060622
21677 21686 3.241605 0.060622
21688 21693 3.263434 0.054544
21690 21693 3.241605 0.060622
21689 21694 3.648630 0.042866
21689 21696 3.648630 0.042866
21688 21697 3.263434 0.054544
21690 21697 3.241605 0.060622
21697 21704 3.648630 0.042866
21689 21698 3.012474 0.028062
21700 21704 3.012474 0.028062
21689 21701 3.012474 0.028062
21694 21703 3.263434 0.054544
21696 21703 3.263434 0.054544
21693 21704 3.648630 0.042866
21699 21704 3.012474 0.028062
21694 21705 3.241605 0.060622
21696 21705 3.241605 0.060622
21707 21712 3.263434 0.054544
21709 21712 3.241605 0.060622
21708 21713 3.648630 0.042866
21708 21715 3.648630 0.042866
21707 21716 3.263434 0.054544
21709 21716 3.241605 0.060622
21716 21723 3.648630 0.042866
21708 21717 3.012474 0.028062
21719 21723 3.012474 0.028062
21708 21720 3.012474 0.028062
21713 21722 3.263434 0.054544
21715 21722 3.263434 0.054544
21712 21723 3.648630 0.042866
21718 21723 3.012474 0.028062
21713 21724 3.241605 0.060622
21715 21724 3.241605 0.060622
21726 21731 3.263434 0.054544
21728 21731 3.241605 0.060622
21727 21732 3.648630 0.042866
21727 21734 3.648630 0.042866
21726 21735 3.263434 0.054544
21728 21735 3.241605 0.060622
21735 21742 3.648630 0.042866
21727 21736 3.012474 0.028062
21738 21742 3.012474 0.028062
21727 21739 3.012474 0.028062
21732 21741 3.241605 0.060622
21734 21741 3.241605 0.060622
21731 21742 3.648630 0.042866
21737 21742 3.012474 0.028062
21732 21743 3.263434 0.054544
21734 21743 3.263434 0.054544
21733 21744 0.000000 0.000000
21749 21751 0.000000 0.000000
21746 21752 3.263434 0.054544
21748 21752 3.241605 0.060622
21747 21753 3.648630 0.042866
21747 21755 3.648630 0.042866
21746 21756 3.263434 0.054544
21748 21756 3.241605 0.060622
21756 21763 3.648630 0.042866
21747 21757 3.012474 0.028062
21759 21763 3.012474 0.028062
21747 21760 3.012474 0.028062
21753 21762 3.263434 0.054544
21755 21762 3.263434 0.054544
21752 21763 3.648630 0.042866
21758 21763 3.012474 0.028062
21753 21764 3.241605 0.060622
21755 21764 3.241605 0.060622
21766 21771 3.263434 0.054544
21768 21771 3.241605 0.060622
21767 21772 3.648630 0.042866
21767 21774 3.648630 0.042866
21766 21775 3.263434 0.054544
21768 21775 3.241605 0.060622
21775 21782 3.648630 0.042866
21767 21776 3.012474 0.028062
21778 21782 3.012474 0.028062
21767 21779 3.012474 0.028062
21772 21781 3.263434 0.054544
21774 21781 3.263434 0.054544
21771 21782 3.648630 0.042866
21777 21782 3.012474 0.028062
21772 21783 3.241605 0.060622
21774 21783 3.241605 0.060622
21785 21790 3.263434 0.054544
21787 21790 3.241605 0.060622
21786 21791 3.648630 0.042866
21786 21793 3.648630 0.042866
21785 21794 3.263434 0.054544
21787 21794 3.241605 0.060622
21794 21801 3.648630 0.042866
21786 21795 3.012474 0.028062
21797 21801 3.012474 0.028062
21786 21798 3.012474 0.028062
21791 21800 3.263434 0.054544
21793 21800 3.263434 0.054544
21790 21801 3.648630 0.042866
21796 21801 3.012474 0.028062
21791 21802 3.241605 0.060622
21793 21802 3.241605 0.060622
21804 21809 3.263434 0.054544
21806 21809 3.241605 0.060622
21805 21810 3.648630 0.042866
21805 21812 3.648630 0.042866
21804 21813 3.263434 0.054544
21806 21813 3.241605 0.060622
21813 21820 3.648630 0.042866
21805 21814 3.012474 0.028062
21816 21820 3.012474 0.028062
21805 21817 3.012474 0.028062
21810 21819 3.263434 0.054544
21812 21819 3.263434 0.054544
21809 21820 3.648630 0.042866
21815 21820 3.012474 0.028062
21810 21821 3.241605 0.060622
21812 21821 3.241605 0.060622
21823 21828 3.263434 0.054544
21825 21828 3.241605 0.060622
21824 21829 3.648630 0.042866
21824 21831 3.648630 0.042866
21823 21832 3.263434 0.054544
21825 21832 3.241605 0.060622
21832 21839 3.648630 0.042866
21824 21833 3.012474 0.028062
21835 21839 3.012474 0.028062
21824 21836 3.012474 0.028062
21829 21838 3.263434 0.054544
21831 21838 3.263434 0.054544
21828 21839 3.648630 0.042866
21834 21839 3.012474 0.028062
21829 21840 3.241605 0.060622
21831 21840 3.241605 0.060622
21842 21847 3.263434 0.054544
21844 21847 3.241605 0.060622
21843 21848 3.648630 0.042866
21843 21850 3.648630 0.042866
21842 21851 3.263434 0.054544
21844 21851 3.241605 0.060622
21851 21858 3.648630 0.042866
21843 21852 3.012474 0.028062
21854 21858 3.012474 0.028062
21843 21855 3.012474 0.028062
21848 21857 3.263434 0.054544
21850 21857 3.263434 0.054544
21847 21858 3.648630 0.042866
21853 21858 3.012474 0.028062
21848 21859 3.241605 0.060622
21850 21859 3.241605 0.060622
21864 21866 0.000000 0.000000
21861 21867 3.263434 0.054544
21863 21867 3.241605 0.060622
21862 21868 3.648630 0.042866
21862 21870 3.648630 0.042866
21861 21871 3.263434 0.054544
21863 21871 3.241605 0.060622
21871 21878 3.648630 0.042866
21862 21872 3.012474 0.028062
21874 21878 3.012474 0.028062
21862 21875 3.012474 0.028062
21868 21877 3.263434 0.054544
21870 21877 3.263434 0.054544
21867 21878 3.648630 0.042866
21873 21878 3.012474 0.028062
21868 21879 3.241605 0.060622
21870 21879 3.241605 0.060622
21881 21886 3.263434 0.054544
21883 21886 3.241605 0.060622
21882 21887 3.648630 0.042866
21882 21889 3.648630 0.042866
21881 21890 3.263434 0.054544
21883 21890 3.241605 0.060622
21890 21897 3.648630 0.042866
21882 21891 3.012474 0.028062
21893 21897 3.012474 0.028062
21882 21894 3.012474 0.028062
21887 21896 3.263434 0.054544
21889 21896 3.263434 0.054544
21886 21897 3.648630 0.042866
21892 21897 3.012474 0.028062
21887 21898 3.241605 0.060622
21889 21898 3.241605 0.060622
21903 21905 0.000000 0.000000
21900 21906 3.263434 0.054544
21902 21906 3.241605 0.060622
21901 21907 3.648630 0.042866
21901 21909 3.648630 0.042866
21900 21910 3.263434 0.054544
21902 21910 3.241605 0.060622
21910 21917 3.648630 0.042866
21901 21911 3.012474 0.028062
21913 21917 3.012474 0.028062
21901 21914 3.012474 0.028062
21907 21916 3.263434 0.054544
21909 21916 3.263434 0.054544
21906 21917 3.648630 0.042866
21912 21917 3.012474 0.028062
21907 21918 3.241605 0.060622
21909 21918 3.241605 0.060622
21920 21925 3.263434 0.054544
21922 21925 3.241605 0.060622
21921 21926 3.648630 0.042866
21921 21928 3.648630 0.042866
21920 21929 3.263434 0.054544
21922 21929 3.241605 0.060622
21929 21936 3.648630 0.042866
21921 21930 3.012474 0.028062
21932 21936 3.012474 0.028062
21921 21933 3.012474 0.028062
21926 21935 3.263434 0.054544
21928 21935 3.263434 0.054544
21925 21936 3.648630 0.042866
21931 21936 3.012474 0.028062
21926 21937 3.241605 0.060622
21928 21937 3.241605 0.060622
21939 21944 3.263434 0.054544
21941 21944 3.241605 0.060622
21940 21945 3.648630 0.042866
21940 21947 3.648630 0.042866
21939 21948 3.263434 0.054544
21941 21948 3.241605 0.060622
21948 21955 3.648630 0.042866
21940 21949 3.012474 0.028062
21951 21955 3.012474 0.028062
21940 21952 3.012474 0.028062
21945 21954 3.263434 0.054544
21947 21954 3.263434 0.054544
21944 21955 3.648630 0.042866
21950 21955 3.012474 0.028062
21945 21956 3.241605 0.060622
21947 21956 3.241605 0.060622
21958 21963 3.263434 0.054544
21960 21963 3.241605 0.060622
21959 21964 3.648630 0.042866
21959 21966 3.648630 0.042866
21958 21967 3.263434 0.054544
21960 21967 3.241605 0.060622
21967 21974 3.648630 0.042866
21959 21968 3.012474 0.028062
21970 21974 3.012474 0.028062
21959 21971 3.012474 0.028062
21964 21973 3.263434 0.054544
21966 21973 3.263434 0.054544
21963 21974 3.648630 0.042866
21969 21974 3.012474 0.028062
21964 21975 3.241605 0.060622
21966 21975 3.241605 0.060622
21977 21982 3.263434 0.054544
21979 21982 3.241605 0.060622
21978 21983 3.648630 0.042866
21978 21985 3.648630 0.042866
21977 21986 3.263434 0.054544
21979 21986 3.241605 0.060622
21986 21993 3.648630 0.042866
21978 21987 3.012474 0.028062
21989 21993 3.012474 0.028062
21978 21990 3.012474 0.028062
21983 21992 3.263434 0.054544
21985 21992 3.263434 0.054544
21982 21993 3.648630 0.042866
21988 21993 3.012474 0.028062
21983 21994 3.241605 0.060622
21985 21994 3.241605 0.060622
21996 22001 3.263434 0.054544
21998 22001 3.241605 0.060622
21997 22002 3.648630 0.042866
21997 22004 3.648630 0.042866
21996 22005 3.263434 0.054544
21998 22005 3.241605 0.060622
22005 22012 3.648630 0.042866
21997 22006 3.012474 0.028062
22008 22012 3.012474 0.028062
21997 22009 3.012474 0.028062
22002 22011 3.263434 0.054544
22004 22011 3.263434 0.054544
22001 22012 3.648630 0.042866
22007 22012 3.012474 0.028062
22002 22013 3.241605 0.060622
22004 22013 3.241605 0.060622
22015 22020 3.263434 0.054544
22017 22020 3.241605 0.060622
22016 22021 3.648630 0.042866
22016 22023 3.648630 0.042866
22015 22024 3.263434 0.054544
22017 22024 3.241605 0.060622
22024 22031 3.648630 0.042866
22016 22025 3.012474 0.028062
22027 22031 3.012474 0.028062
22016 22028 3.012474 0.028062
22021 22030 3.263434 0.054544
22023 22030 3.263434 0.054544
22020 22031 3.648630 0.042866
22026 22031 3.012474 0.028062
22021 22032 3.241605 0.060622
22023 22032 3.241605 0.060622
22034 22039 3.263434 0.054544
22036 22039 3.241605 0.060622
22035 22040 3.648630 0.042866
22035 22042 3.648630 0.042866
22034 22043 3.263434 0.054544
22036 22043 3.241605 0.060622
22043 22050 3.648630 0.042866
22035 22044 3.012474 0.028062
22046 22050 3.012474 0.028062
22035 22047 3.012474 0.028062
22040 22049 3.263434 0.054544
22042 22049 3.263434 0.054544
22039 22050 3.648630 0.042866
22045 22050 3.012474 0.028062
22040 22051 3.241605 0.060622
22042 22051 3.241605 0.060622
22053 22058 3.263434 0.054544
22055 22058 3.241605 0.060622
22054 22059 3.648630 0.042866
22054 22061 3.648630 0.042866
22053 22062 3.263434 0.054544
22055 22062 3.241605 0.060622
22062 22069 3.648630 0.042866
22054 22063 3.012474 0.028062
22065 22069 3.012474 0.028062
22054 22066 3.012474 0.028062
22059 22068 3.263434 0.054544
22061 22068 3.263434 0.054544
22058 22069 3.648630 0.042866
22064 22069 3.012474 0.028062
22059 22070 3.241605 0.060622
22061 22070 3.241605 0.060622
22072 22077 3.263434 0.054544
22074 22077 3.241605 0.060622
22073 22078 3.648630 0.042866
22073 22080 3.648630 0.042866
22072 22081 3.263434 0.054544
22074 22081 3.241605 0.060622
22081 22088 3.648630 0.042866
22073 22082 3.012474 0.028062
22084 22088 3.012474 0.028062
22073 22085 3.012474 0.028062
22078 22087 3.241605 0.060622
22080 22087 3.241605 0.060622
22077 22088 3.648630 0.042866
22083 22088 3.012474 0.028062
22078 22089 3.263434 0.054544
22080 22089 3.263434 0.054544
22079 22090 0.000000 0.000000
22092 22097 3.263434 0.054544
22094 22097 3.241605 0.060622
22093 22098 3.648630 0.042866
22093 22100 3.648630 0.042866
22092 22101 3.263434 0.054544
22094 22101 3.241605 0.060622
22101 22108 3.648630 0.042866
22093 22102 3.012474 0.028062
22104 22108 3.012474 0.028062
22093 22105 3.012474 0.028062
22098 22107 3.263434 0.054544
22100 22107 3.263434 0.054544
22097 22108 3.648630 0.042866
22103 22108 3.012474 0.028062
22098 22109 3.241605 0.060622
22100 22109 3.241605 0.060622
22111 22116 3.263434 0.054544
22113 22116 3.241605 0.060622
22112 22117 3.648630 0.042866
22112 22119 3.648630 0.042866
22111 22120 3.263434 0.054544
22113 22120 3.241605 0.060622
22120 22127 3.648630 0.042866
22112 22121 3.012474 0.028062
22123 22127 3.012474 0.028062
22112 22124 3.012474 0.028062
22117 22126 3.241605 0.060622
22119 22126 3.241605 0.060622
22116 22127 3.648630 0.042866
22122 22127 3.012474 0.028062
22117 22128 3.263434 0.054544
22119 22128 3.263434 0.054544
22118 22129 0.000000 0.000000
22131 22136 3.263434 0.054544
22133 22136 3.241605 0.060622
22132 22137 3.648630 0.042866
22132 22139 3.648630 0.042866
22131 22140 3.263434 0.054544
22133 22140 3.241605 0.060622
22140 22147 3.648630 0.042866
22132 22141 3.012474 0.028062
22143 22147 3.012474 0.028062
22132 22144 3.012474 0.028062
22137 22146 3.263434 0.054544
22139 22146 3.263434 0.054544
22136 22147 3.648630 0.042866
22142 22147 3.012474 0.028062
22137 22148 3.241605 0.060622
22139 22148 3.241605 0.060622
22153 22155 0.000000 0.000000
22150 22156 3.263434 0.054544
22152 22156 3.241605 0.060622
22151 22157 3.648630 0.042866
22151 22159 3.648630 0.042866
22150 22160 3.263434 0.054544
22152 22160 3.241605 0.060622
22160 22167 3.648630 0.042866
22151 22161 3.012474 0.028062
22163 22167 3.012474 0.028062
22151 22164 3.012474 0.028062
22157 22166 3.263434 0.054544
22159 22166 3.263434 0.054544
22156 22167 3.648630 0.042866
22162 22167 3.012474 0.028062
22157 22168 3.241605 0.060622
22159 22168 3.241605 0.060622
22170 22175 3.263434 0.054544
22172 22175 3.241605 0.060622
22171 22176 3.648630 0.042866
22171 22178 3.648630 0.042866
22170 22179 3.263434 0.054544
22172 22179 3.241605 0.060622
22179 22186 3.648630 0.042866
22171 22180 3.012474 0.028062
22182 22186 3.012474 0.028062
22171 22183 3.012474 0.028062
22176 22185 3.263434 0.054544
22178 22185 3.263434 0.054544
22175 22186 3.648630 0.042866
22181 22186 3.012474 0.028062
22176 22187 3.241605 0.060622
22178 22187 3.241605 0.060622
22189 22194 3.263434 0.054544
22191 22194 3.241605 0.060622
22190 22195 3.648630 0.042866
22190 22197 3.648630 0.042866
22189 22198 3.263434 0.054544
22191 22198 3.241605 0.060622
22198 22205 3.648630 0.042866
22190 22199 3.012474 0.028062
22201 22205 3.012474 0.028062
22190 22202 3.012474 0.028062
22195 22204 3.263434 0.054544
22197 22204 3.263434 0.054544
22194 22205 3.648630 0.042866
22200 22205 3.012474 0.028062
22195 22206 3.241605 0.060622
22197 22206 3.241605 0.060622
22208 22213 3.263434 0.054544
22210 22213 3.241605 0.060622
22209 22214 3.648630 0.042866
22209 22216 3.648630 0.042866
22208 22217 3.263434 0.054544
22210 22217 3.241605 0.060622
22217 22224 3.648630 0.042866
22209 22218 3.012474 0.028062
22220 22224 3.012474 0.028062
22209 22221 3.012474 0.028062
22214 22223 3.263434 0.054544
22216 22223 3.263434 0.054544
22213 22224 3.648630 0.042866
22219 22224 3.012474 0.028062
22214 22225 3.241605 0.060622
22216 22225 3.241605 0.060622
22227 22232 3.263434 0.054544
22229 22232 3.241605 0.060622
22228 22233 3.648630 0.042866
22228 22235 3.648630 0.042866
22227 22236 3.263434 0.054544
22229 22236 3.241605 0.060622
22236 22243 3.648630 0.042866
22228 22237 3.012474 0.028062
22239 22243 3.012474 0.028062
22228 22240 3.012474 0.028062
22233 22242 3.263434 0.054544
22235 22242 3.263434 0.054544
22232 22243 3.648630 0.042866
22238 22243 3.012474 0.028062
22233 22244 3.241605 0.060622
22235 22244 3.241605 0.060622
22246 22251 3.263434 0.054544
22248 22251 3.241605 0.060622
22247 22252 3.648630 0.042866
22247 22254 3.648630 0.042866
22246 22255 3.263434 0.054544
22248 22255 3.241605 0.060622
22255 22262 3.648630 0.042866
22247 22256 3.012474 0.028062
22258 22262 3.012474 0.028062
22247 22259 3.012474 0.028062
22252 22261 3.241605 0.060622
22254 22261 3.241605 0.060622
22251 22262 3.648630 0.042866
22257 22262 3.012474 0.028062
22252 22263 3.263434 0.054544
22254 22263 3.263434 0.054544
22253 22264 0.000000 0.000000
22266 22271 3.263434 0.054544
22268 22271 3.241605 0.060622
22267 22272 3.648630 0.042866
22267 22274 3.648630 0.042866
22266 22275 3.263434 0.054544
22268 22275 3.241605 0.060622
22275 22282 3.648630 0.042866
22267 22276 3.012474 0.028062
22278 22282 3.012474 0.028062
22267 22279 3.012474 0.028062
22272 22281 3.263434 0.054544
22274 22281 3.263434 0.054544
22271 22282 3.648630 0.042866
22277 22282 3.012474 0.028062
22272 22283 3.241605 0.060622
22274 22283 3.241605 0.060622
22285 22290 3.263434 0.054544
22287 22290 3.241605 0.060622
22286 22291 3.648630 0.042866
22286 22293 3.648630 0.042866
22285 22294 3.263434 0.054544
22287 22294 3.241605 0.060622
22294 22301 3.648630 0.042866
22286 22295 3.012474 0.028062
22297 22301 3.012474 0.028062
22286 22298 3.012474 0.028062
22291 22300 3.263434 0.054544
22293 22300 3.263434 0.054544
22290 22301 3.648630 0.042866
22296 22301 3.012474 0.028062
22291 22302 3.241605 0.060622
22293 22302 3.241605 0.060622
22304 22309 3.263434 0.054544
22306 22309 3.241605 0.060622
22305 22310 3.648630 0.042866
22305 22312 3.648630 0.042866
22304 22313 3.263434 0.054544
22306 22313 3.241605 0.060622
22313 22320 3.648630 0.042866
22305 22314 3.012474 0.028062
22316 22320 3.012474 0.028062
22305 22317 3.012474 0.028062
22310 22319 3.263434 0.054544
22312 22319 3.263434 0.054544
22309 22320 3.648630 0.042866
22315 22320 3.012474 0.028062
22310 22321 3.241605 0.060622
22312 22321 3.241605 0.060622
22323 22328 3.263434 0.054544
22325 22328 3.241605 0.060622
22324 22329 3.648630 0.042866
22324 22331 3.648630 0.042866
22323 22332 3.263434 0.054544
22325 22332 3.241605 0.060622
22332 22339 3.648630 0.042866
22324 22333 3.012474 0.028062
22335 22339 3.012474 0.028062
22324 22336 3.012474 0.028062
22329 22338 3.263434 0.054544
22331 22338 3.263434 0.054544
22328 22339 3.648630 0.042866
22334 22339 3.012474 0.028062
22329 22340 3.241605 0.060622
22331 22340 3.241605 0.060622
22342 22347 3.263434 0.054544
22344 22347 3.241605 0.060622
22343 22348 3.648630 0.042866
22343 22350 3.648630 0.042866
22342 22351 3.263434 0.054544
22344 22351 3.241605 0.060622
22351 22358 3.648630 0.042866
22343 22352 3.012474 0.028062
22354 22358 3.012474 0.028062
22343 22355 3.012474 0.028062
22348 22357 3.263434 0.054544
22350 22357 3.263434 0.054544
22347 22358 3.648630 0.042866
22353 22358 3.012474 0.028062
22348 22359 3.241605 0.060622
22350 22359 3.241605 0.060622
22361 22366 3.263434 0.054544
22363 22366 3.241605 0.060622
22362 22367 3.648630 0.042866
22362 22369 3.648630 0.042866
22361 22370 3.263434 0.054544
22363 22370 3.241605 0.060622
22370 22377 3.648630 0.042866
22362 22371 3.012474 0.028062
22373 22377 3.012474 0.028062
22362 22374 3.012474 0.028062
22367 22376 3.263434 0.054544
22369 22376 3.263434 0.054544
22366 22377 3.648630 0.042866
22372 22377 3.012474 0.028062
22367 22378 3.241605 0.060622
22369 22378 3.241605 0.060622
22380 22385 3.263434 0.054544
22382 22385 3.241605 0.060622
22381 22386 3.648630 0.042866
22381 22388 3.648630 0.042866
22380 22389 3.263434 0.054544
22382 22389 3.241605 0.060622
22389 22396 3.648630 0.042866
22381 22390 3.012474 0.028062
22392 22396 3.012474 0.028062
22381 22393 3.012474 0.028062
22386 22395 3.263434 0.054544
22388 22395 3.263434 0.054544
22385 22396 3.648630 0.042866
22391 22396 3.012474 0.028062
22386 22397 3.241605 0.060622
22388 22397 3.241605 0.060622
22399 22404 3.263434 0.054544
22401 22404 3.241605 0.060622
22400 22405 3.648630 0.042866
22400 22407 3.648630 0.042866
22399 22408 3.263434 0.054544
22401 22408 3.241605 0.060622
22408 22415 3.648630 0.042866
22400 22409 3.012474 0.028062
22411 22415 3.012474 0.028062
22400 22412 3.012474 0.028062
22405 22414 3.263434 0.054544
22407 22414 3.263434 0.054544
22404 22415 3.648630 0.042866
22410 22415 3.012474 0.028062
22405 22416 3.241605 0.060622
22407 22416 3.241605 0.060622
22418 22423 3.263434 0.054544
22420 22423 3.241605 0.060622
22419 22424 3.648630 0.042866
22419 22426 3.648630 0.042866
22418 22427 3.263434 0.054544
22420 22427 3.241605 0.060622
22427 22434 3.648630 0.042866
22419 22428 3.012474 0.028062
22430 22434 3.012474 0.028062
22419 22431 3.012474 0.028062
22424 22433 3.263434 0.054544
22426 22433 3.263434 0.054544
22423 22434 3.648630 0.042866
22429 22434 3.012474 0.028062
22424 22435 3.241605 0.060622
22426 22435 3.241605 0.060622
22440 22442 0.000000 0.000000
22437 22443 3.263434 0.054544
22439 22443 3.241605 0.060622
22438 22444 3.648630 0.042866
22438 22446 3.648630 0.042866
22437 22447 3.263434 0.054544
22439 22447 3.241605 0.060622
22447 22454 3.648630 0.042866
22438 22448 3.012474 0.028062
22450 22454 3.012474 0.028062
22438 22451 3.012474 0.028062
22444 22453 3.263434 0.054544
22446 22453 3.263434 0.054544
22443 22454 3.648630 0.042866
22449 22454 3.012474 0.028062
22444 22455 3.241605 0.060622
22446 22455 3.241605 0.060622
22457 22462 3.263434 0.054544
22459 22462 3.241605 0.060622
22458 22463 3.648630 0.042866
22458 22465 3.648630 0.042866
22457 22466 3.263434 0.054544
22459 22466 3.241605 0.060622
22466 22473 3.648630 0.042866
22458 22467 3.012474 0.028062
22469 22473 3.012474 0.028062
22458 22470 3.012474 0.028062
22463 22472 3.263434 0.054544
22465 22472 3.263434 0.054544
22462 22473 3.648630 0.042866
22468 22473 3.012474 0.028062
22463 22474 3.241605 0.060622
22465 22474 3.241605 0.060622
22476 22481 3.263434 0.054544
22478 22481 3.241605 0.060622
22477 22482 3.648630 0.042866
22477 22484 3.648630 0.042866
22476 22485 3.263434 0.054544
22478 22485 3.241605 0.060622
22485 22492 3.648630 0.042866
22477 22486 3.012474 0.028062
22488 22492 3.012474 0.028062
22477 22489 3.012474 0.028062
22482 22491 3.263434 0.054544
22484 22491 3.263434 0.054544
22481 22492 3.648630 0.042866
22487 22492 3.012474 0.028062
22482 22493 3.241605 0.060622
22484 22493 3.241605 0.060622
22495 22500 3.263434 0.054544
22497 22500 3.241605 0.060622
22496 22501 3.648630 0.042866
22496 22503 3.648630 0.042866
22495 22504 3.263434 0.054544
22497 22504 3.241605 0.060622
22504 22511 3.648630 0.042866
22496 22505 3.012474 0.028062
22507 22511 3.012474 0.028062
22496 22508 3.012474 0.028062
22501 22510 3.263434 0.054544
22503 22510 3.263434 0.054544
22500 22511 3.648630 0.042866
22506 22511 3.012474 0.028062
22501 22512 3.241605 0.060622
22503 22512 3.241605 0.060622
22517 22519 0.000000 0.000000
22514 22520 3.263434 0.054544
22516 22520 3.241605 0.060622
22515 22521 3.648630 0.042866
22515 22523 3.648630 0.042866
22514 22524 3.263434 0.054544
22516 22524 3.241605 0.060622
22524 22531 3.648630 0.042866
22515 22525 3.012474 0.028062
22527 22531 3.012474 0.028062
22515 22528 3.012474 0.028062
22521 22530 3.263434 0.054544
22523 22530 3.263434 0.054544
22520 22531 3.648630 0.042866
22526 22531 3.012474 0.028062
22521 22532 3.241605 0.060622
22523 22532 3.241605 0.060622
22534 22539 3.263434 0.054544
22536 22539 3.241605 0.060622
22535 22540 3.648630 0.042866
22535 22542 3.648630 0.042866
22534 22543 3.263434 0.054544
22536 22543 3.241605 0.060622
22543 22550 3.648630 0.042866
22535 22544 3.012474 0.028062
22546 22550 3.012474 0.028062
22535 22547 3.012474 0.028062
22540 22549 3.263434 0.054544
22542 22549 3.263434 0.054544
22539 22550 3.648630 0.042866
22545 22550 3.012474 0.028062
22540 22551 3.241605 0.060622
22542 22551 3.241605 0.060622
22553 22558 3.263434 0.054544
22555 22558 3.241605 0.060622
22554 22559 3.648630 0.042866
22554 22561 3.648630 0.042866
22553 22562 3.263434 0.054544
22555 22562 3.241605 0.060622
22562 22569 3.648630 0.042866
22554 22563 3.012474 0.028062
22565 22569 3.012474 0.028062
22554 22566 3.012474 0.028062
22559 22568 3.263434 0.054544
22561 22568 3.263434 0.054544
22558 22569 3.648630 0.042866
22564 22569 3.012474 0.028062
22559 22570 3.241605 0.060622
22561 22570 3.241605 0.060622
22572 22577 3.263434 0.054544
22574 22577 3.241605 0.060622
22573 22578 3.648630 0.042866
22573 22580 3.648630 0.042866
22572 22581 3.263434 0.054544
22574 22581 3.241605 0.060622
22581 22588 3.648630 0.042866
22573 22582 3.012474 0.028062
22584 22588 3.012474 0.028062
22573 22585 3.012474 0.028062
22578 22587 3.263434 0.054544
22580 22587 3.263434 0.054544
22577 22588 3.648630 0.042866
22583 22588 3.012474 0.028062
22578 22589 3.241605 0.060622
22580 22589 3.241605 0.060622
22591 22596 3.263434 0.054544
22593 22596 3.241605 0.060622
22592 22597 3.648630 0.042866
22592 22599 3.648630 0.042866
22591 22600 3.263434 0.054544
22593 22600 3.241605 0.060622
22600 22607 3.648630 0.042866
22592 22601 3.012474 0.028062
22603 22607 3.012474 0.028062
22592 22604 3.012474 0.028062
22597 22606 3.263434 0.054544
22599 22606 3.263434 0.054544
22596 22607 3.648630 0.042866
22602 22607 3.012474 0.028062
22597 22608 3.241605 0.060622
22599 22608 3.241605 0.060622
22610 22615 3.263434 0.054544
22612 22615 3.241605 0.060622
22611 22616 3.648630 0.042866
22611 22618 3.648630 0.042866
22610 22619 3.263434 0.054544
22612 22619 3.241605 0.060622
22619 22626 3.648630 0.042866
22611 22620 3.012474 0.028062
22622 22626 3.012474 0.028062
22611 22623 3.012474 0.028062
22616 22625 3.263434 0.054544
22618 22625 3.263434 0.054544
22615 22626 3.648630 0.042866
22621 22626 3.012474 0.028062
22616 22627 3.241605 0.060622
22618 22627 3.241605 0.060622
22632 22634 0.000000 0.000000
22629 22635 3.263434 0.054544
22631 22635 3.241605 0.060622
22630 22636 3.648630 0.042866
22630 22638 3.648630 0.042866
22629 22639 3.263434 0.054544
22631 22639 3.241605 0.060622
22639 22646 3.648630 0.042866
22630 22640 3.012474 0.028062
22642 22646 3.012474 0.028062
22630 22643 3.012474 0.028062
22636 22645 3.263434 0.054544
22638 22645 3.263434 0.054544
22635 22646 3.648630 0.042866
22641 22646 3.012474 0.028062
22636 22647 3.241605 0.060622
22638 22647 3.241605 0.060622
22649 22654 3.263434 0.054544
22651 22654 3.241605 0.060622
22650 22655 3.648630 0.042866
22650 22657 3.648630 0.042866
22649 22658 3.263434 0.054544
22651 22658 3.241605 0.060622
22658 22665 3.648630 0.042866
22650 22659 3.012474 0.028062
22661 22665 3.012474 0.028062
22650 22662 3.012474 0.028062
22655 22664 3.263434 0.054544
22657 22664 3.263434 0.054544
22654 22665 3.648630 0.042866
22660 22665 3.012474 0.028062
22655 22666 3.241605 0.060622
22657 22666 3.241605 0.060622
22668 22673 3.263434 0.054544
22670 22673 3.241605 0.060622
22669 22674 3.648630 0.042866
22669 22676 3.648630 0.042866
22668 22677 3.263434 0.054544
22670 22677 3.241605 0.060622
22677 22684 3.648630 0.042866
22669 22678 3.012474 0.028062
22680 22684 3.012474 0.028062
22669 22681 3.012474 0.028062
22674 22683 3.263434 0.054544
22676 22683 3.263434 0.054544
22673 22684 3.648630 0.042866
22679 22684 3.012474 0.028062
22674 22685 3.241605 0.060622
22676 22685 3.241605 0.060622
22687 22692 3.263434 0.054544
22689 22692 3.241605 0.060622
22688 22693 3.648630 0.042866
22688 22695 3.648630 0.042866
22687 22696 3.263434 0.054544
22689 22696 3.241605 0.060622
22696 22703 3.648630 0.042866
22688 22697 3.012474 0.028062
22699 22703 3.012474 0.028062
22688 22700 3.012474 0.028062
22693 22702 3.263434 0.054544
22695 22702 3.263434 0.054544
22692 22703 3.648630 0.042866
22698 22703 3.012474 0.028062
22693 22704 3.241605 0.060622
22695 22704 3.241605 0.060622
22706 22711 3.263434 0.054544
22708 22711 3.241605 0.060622
22707 22712 3.648630 0.042866
22707 22714 3.648630 0.042866
22706 22715 3.263434 0.054544
22708 22715 3.241605 0.060622
22715 22722 3.648630 0.042866
22707 22716 3.012474 0.028062
22718 22722 3.012474 0.028062
22707 22719 3.012474 0.028062
22712 22721 3.263434 0.054544
22714 22721 3.263434 0.054544
22711 22722 3.648630 0.042866
22717 22722 3.012474 0.028062
22712 22723 3.241605 0.060622
22714 22723 3.241605 0.060622
22725 22730 3.263434 0.054544
22727 22730 3.241605 0.060622
22726 22731 3.648630 0.042866
22726 22733 3.648630 0.042866
22725 22734 3.263434 0.054544
22727 22734 3.241605 0.060622
22734 22741 3.648630 0.042866
22726 22735 3.012474 0.028062
22737 22741 3.012474 0.028062
22726 22738 3.012474 0.028062
22731 22740 3.263434 0.054544
22733 22740 3.263434 0.054544
22730 22741 3.648630 0.042866
22736 22741 3.012474 0.028062
22731 22742 3.241605 0.060622
22733 22742 3.241605 0.060622
22744 22749 3.263434 0.054544
22746 22749 3.241605 0.060622
22745 22750 3.648630 0.042866
22745 22752 3.648630 0.042866
22744 22753 3.263434 0.054544
22746 22753 3.241605 0.060622
22753 22760 3.648630 0.042866
22745 22754 3.012474 0.028062
22756 22760 3.012474 0.028062
22745 22757 3.012474 0.028062
22750 22759 3.263434 0.054544
22752 22759 3.263434 0.054544
22749 22760 3.648630 0.042866
22755 22760 3.012474 0.028062
22750 22761 3.241605 0.060622
22752 22761 3.241605 0.060622
22763 22768 3.263434 0.054544
22765 22768 3.241605 0.060622
22764 22769 3.648630 0.042866
22764 22771 3.648630 0.042866
22763 22772 3.263434 0.054544
22765 22772 3.241605 0.060622
22772 22779 3.648630 0.042866
22764 22773 3.012474 0.028062
22775 22779 3.012474 0.028062
22764 22776 3.012474 0.028062
22769 22778 3.263434 0.054544
22771 22778 3.263434 0.054544
22768 22779 3.648630 0.042866
22774 22779 3.012474 0.028062
22769 22780 3.241605 0.060622
22771 22780 3.241605 0.060622
22782 22787 3.263434 0.054544
22784 22787 3.241605 0.060622
22783 22788 3.648630 0.042866
22783 22790 3.648630 0.042866
22782 22791 3.263434 0.054544
22784 22791 3.241605 0.060622
22791 22798 3.648630 0.042866
22783 22792 3.012474 0.028062
22794 22798 3.012474 0.028062
22783 22795 3.012474 0.028062
22788 22797 3.263434 0.054544
22790 22797 3.263434 0.054544
22787 22798 3.648630 0.042866
22793 22798 3.012474 0.028062
22788 22799 3.241605 0.060622
22790 22799 3.241605 0.060622
22801 22806 3.263434 0.054544
22803 22806 3.241605 0.060622
22802 22807 3.648630 0.042866
22802 22809 3.648630 0.042866
22801 22810 3.263434 0.054544
22803 22810 3.241605 0.060622
22810 22817 3.648630 0.042866
22802 22811 3.012474 0.028062
22813 22817 3.012474 0.028062
22802 22814 3.012474 0.028062
22807 22816 3.263434 0.054544
22809 22816 3.263434 0.054544
22806 22817 3.648630 0.042866
22812 22817 3.012474 0.028062
22807 22818 3.241605 0.060622
22809 22818 3.241605 0.060622
22823 22825 0.000000 0.000000
22820 22826 3.263434 0.054544
22822 22826 3.241605 0.060622
22821 22827 3.648630 0.042866
22821 22829 3.648630 0.042866
22820 22830 3.263434 0.054544
22822 22830 3.241605 0.060622
22830 22837 3.648630 0.042866
22821 22831 3.012474 0.028062
22833 22837 3.012474 0.028062
22821 22834 3.012474 0.028062
22827 22836 3.241605 0.060622
22829 22836 3.241605 0.060622
22826 22837 3.648630 0.042866
22832 22837 3.012474 0.028062
22827 22838 3.263434 0.054544
22829 22838 3.263434 0.054544
22828 22839 0.000000 0.000000
22844 22846 0.000000 0.000000
22841 22847 3.263434 0.054544
22843 22847 3.241605 0.060622
22842 22848 3.648630 0.042866
22842 22850 3.648630 0.042866
22841 22851 3.263434 0.054544
22843 22851 3.241605 0.060622
22851 22858 3.648630 0.042866
22842 22852 3.012474 0.028062
22854 22858 3.012474 0.028062
22842 22855 3.012474 0.028062
22848 22857 3.241605 0.060622
22850 22857 3.241605 0.060622
22847 22858 3.648630 0.042866
22853 22858 3.012474 0.028062
22848 22859 3.263434 0.054544
22850 22859 3.263434 0.054544
22849 22860 0.000000 0.000000
22862 22867 3.263434 0.054544
22864 22867 3.241605 0.060622
22863 22868 3.648630 0.042866
22863 22870 3.648630 0.042866
22862 22871 3.263434 0.054544
22864 22871 3.241605 0.060622
22871 22878 3.648630 0.042866
22863 22872 3.012474 0.028062
22874 22878 3.012474 0.028062
22863 22875 3.012474 0.028062
22868 22877 3.263434 0.054544
22870 22877 3.263434 0.054544
22867 22878 3.648630 0.042866
22873 22878 3.012474 0.028062
22868 22879 3.241605 0.060622
22870 22879 3.241605 0.060622
22881 22886 3.263434 0.054544
22883 22886 3.241605 0.060622
22882 22887 3.648630 0.042866
22882 22889 3.648630 0.042866
22881 22890 3.263434 0.054544
22883 22890 3.241605 0.060622
22890 22897 3.648630 0.042866
22882 22891 3.012474 0.028062
22893 22897 3.012474 0.028062
22882 22894 3.012474 0.028062
22887 22896 3.263434 0.054544
22889 22896 3.263434 0.054544
22886 22897 3.648630 0.042866
22892 22897 3.012474 0.028062
22887 22898 3.241605 0.060622
22889 22898 3.241605 0.060622
22900 22905 3.263434 0.054544
22902 22905 3.241605 0.060622
22901 22906 3.648630 0.042866
22901 22908 3.648630 0.042866
22900 22909 3.263434 0.054544
22902 22909 3.241605 0.060622
22909 22916 3.648630 0.042866
22901 22910 3.012474 0.028062
22912 22916 3.012474 0.028062
22901 22913 3.012474 0.028062
22906 22915 3.263434 0.054544
22908 22915 3.263434 0.054544
22905 22916 3.648630 0.042866
22911 22916 3.012474 0.028062
22906 22917 3.241605 0.060622
22908 22917 3.241605 0.060622
22919 22924 3.263434 0.054544
22921 22924 3.241605 0.060622
22920 22925 3.648630 0.042866
22920 22927 3.648630 0.042866
22919 22928 3.263434 0.054544
22921 22928 3.241605 0.060622
22928 22935 3.648630 0.042866
22920 22929 3.012474 0.028062
22931 22935 3.012474 0.028062
22920 22932 3.012474 0.028062
22925 22934 3.263434 0.054544
22927 22934 3.263434 0.054544
22924 22935 3.648630 0.042866
22930 22935 3.012474 0.028062
22925 22936 3.241605 0.060622
22927 22936 3.241605 0.060622
22938 22943 3.263434 0.054544
22940 22943 3.241605 0.060622
22939 22944 3.648630 0.042866
22939 22946 3.648630 0.042866
22938 22947 3.263434 0.054544
22940 22947 3.241605 0.060622
22947 22954 3.648630 0.042866
22939 22948 3.012474 0.028062
22950 22954 3.012474 0.028062
22939 22951 3.012474 0.028062
22944 22953 3.263434 0.054544
22946 22953 3.263434 0.054544
22943 22954 3.648630 0.042866
22949 22954 3.012474 0.028062
22944 22955 3.241605 0.060622
22946 22955 3.241605 0.060622
22957 22962 3.263434 0.054544
22959 22962 3.241605 0.060622
22958 22963 3.648630 0.042866
22958 22965 3.648630 0.042866
22957 22966 3.263434 0.054544
22959 22966 3.241605 0.060622
22966 22973 3.648630 0.042866
22958 22967 3.012474 0.028062
22969 22973 3.012474 0.028062
22958 22970 3.012474 0.028062
22963 22972 3.263434 0.054544
22965 22972 3.263434 0.054544
22962 22973 3.648630 0.042866
22968 22973 3.012474 0.028062
22963 22974 3.241605 0.060622
22965 22974 3.241605 0.060622
22976 22981 3.263434 0.054544
22978 22981 3.241605 0.060622
22977 22982 3.648630 0.042866
22977 22984 3.648630 0.042866
22976 22985 3.263434 0.054544
22978 22985 3.241605 0.060622
22985 22992 3.648630 0.042866
22977 22986 3.012474 0.028062
22988 22992 3.012474 0.028062
22977 22989 3.012474 0.028062
22982 22991 3.263434 0.054544
22984 22991 3.263434 0.054544
22981 22992 3.648630 0.042866
22987 22992 3.012474 0.028062
22982 22993 3.241605 0.060622
22984 22993 3.241605 0.060622
22995 23000 3.263434 0.054544
22997 23000 3.241605 0.060622
22996 23001 3.648630 0.042866
22996 23003 3.648630 0.042866
22995 23004 3.263434 0.054544
22997 23004 3.241605 0.060622
23004 23011 3.648630 0.042866
22996 23005 3.012474 0.028062
23007 23011 3.012474 0.028062
22996 23008 3.012474 0.028062
23001 23010 3.241605 0.060622
23003 23010 3.241605 0.060622
23000 23011 3.648630 0.042866
23006 23011 3.012474 0.028062
23001 23012 3.263434 0.054544
23003 23012 3.263434 0.054544
23002 23013 0.000000 0.000000
23015 23020 3.263434 0.054544
23017 23020 3.241605 0.060622
23016 23021 3.648630 0.042866
23016 23023 3.648630 0.042866
23015 23024 3.263434 0.054544
23017 23024 3.241605 0.060622
23024 23031 3.648630 0.042866
23016 23025 3.012474 0.028062
23027 23031 3.012474 0.028062
23016 23028 3.012474 0.028062
23021 23030 3.263434 0.054544
23023 23030 3.263434 0.054544
23020 23031 3.648630 0.042866
23026 23031 3.012474 0.028062
23021 23032 3.241605 0.060622
23023 23032 3.241605 0.060622
23037 23039 0.000000 0.000000
23034 23040 3.263434 0.054544
23036 23040 3.241605 0.060622
23035 23041 3.648630 0.042866
23035 23043 3.648630 0.042866
23034 23044 3.263434 0.054544
23036 23044 3.241605 0.060622
23044 23051 3.648630 0.042866
23035 23045 3.012474 0.028062
23047 23051 3.012474 0.028062
23035 23048 3.012474 0.028062
23041 23050 3.263434 0.054544
23043 23050 3.263434 0.054544
23040 23051 3.648630 0.042866
23046 23051 3.012474 0.028062
23041 23052 3.241605 0.060622
23043 23052 3.241605 0.060622
23054 23059 3.263434 0.054544
23056 23059 3.241605 0.060622
23055 23060 3.648630 0.042866
23055 23062 3.648630 0.042866
23054 23063 3.263434 0.054544
23056 23063 3.241605 0.060622
23063 23070 3.648630 0.042866
23055 23064 3.012474 0.028062
23066 23070 3.012474 0.028062
23055 23067 3.012474 0.028062
23060 23069 3.263434 0.054544
23062 23069 3.263434 0.054544
23059 23070 3.648630 0.042866
23065 23070 3.012474 0.028062
23060 23071 3.241605 0.060622
23062 23071 3.241605 0.060622
23073 23078 3.263434 0.054544
23075 23078 3.241605 0.060622
23074 23079 3.648630 0.042866
23074 23081 3.648630 0.042866
23073 23082 3.263434 0.054544
23075 23082 3.241605 0.060622
23082 23089 3.648630 0.042866
23074 23083 3.012474 0.028062
23085 23089 3.012474 0.028062
23074 23086 3.012474 0.028062
23079 23088 3.263434 0.054544
23081 23088 3.263434 0.054544
23078 23089 3.648630 0.042866
23084 23089 3.012474 0.028062
23079 23090 3.241605 0.060622
23081 23090 3.241605 0.060622
23092 23097 3.263434 0.054544
23094 23097 3.241605 0.060622
23093 23098 3.648630 0.042866
23093 23100 3.648630 0.042866
23092 23101 3.263434 0.054544
23094 23101 3.241605 0.060622
23101 23108 3.648630 0.042866
23093 23102 3.012474 0.028062
23104 23108 3.012474 0.028062
23093 23105 3.012474 0.028062
23098 23107 3.263434 0.054544
23100 23107 3.263434 0.054544
23097 23108 3.648630 0.042866
23103 23108 3.012474 0.028062
23098 23109 3.241605 0.060622
23100 23109 3.241605 0.060622
23111 23116 3.263434 0.054544
23113 23116 3.241605 0.060622
23112 23117 3.648630 0.042866
23112 23119 3.648630 0.042866
23111 23120 3.263434 0.054544
23113 23120 3.241605 0.060622
23120 23127 3.648630 0.042866
23112 23121 3.012474 0.028062
23123 23127 3.012474 0.028062
23112 23124 3.012474 0.028062
23117 23126 3.241605 0.060622
23119 23126 3.241605 0.060622
23116 23127 3.648630 0.042866
23122 23127 3.012474 0.028062
23117 23128 3.263434 0.054544
23119 23128 3.263434 0.054544
23118 23129 0.000000 0.000000
23131 23136 3.263434 0.054544
23133 23136 3.241605 0.060622
23132 23137 3.648630 0.042866
23132 23139 3.648630 0.042866
23131 23140 3.263434 0.054544
23133 23140 3.241605 0.060622
23140 23147 3.648630 0.042866
23132 23141 3.012474 0.028062
23143 23147 3.012474 0.028062
23132 23144 3.012474 0.028062
23137 23146 3.263434 0.054544
23139 23146 3.263434 0.054544
23136 23147 3.648630 0.042866
23142 23147 3.012474 0.028062
23137 23148 3.241605 0.060622
23139 23148 3.241605 0.060622
23150 23155 3.263434 0.054544
23152 23155 3.241605 0.060622
23151 23156 3.648630 0.042866
23151 23158 3.648630 0.042866
23150 23159 3.263434 0.054544
23152 23159 3.241605 0.060622
23159 23166 3.648630 0.042866
23151 23160 3.012474 0.028062
23162 23166 3.012474 0.028062
23151 23163 3.012474 0.028062
23156 23165 3.263434 0.054544
23158 23165 3.263434 0.054544
23155 23166 3.648630 0.042866
23161 23166 3.012474 0.028062
23156 23167 3.241605 0.060622
23158 23167 3.241605 0.060622
23169 23174 3.263434 0.054544
23171 23174 3.241605 0.060622
23170 23175 3.648630 0.042866
23170 23177 3.648630 0.042866
23169 23178 3.263434 0.054544
23171 23178 3.241605 0.060622
23178 23185 3.648630 0.042866
23170 23179 3.012474 0.028062
23181 23185 3.012474 0.028062
23170 23182 3.012474 0.028062
23175 23184 3.263434 0.054544
23177 23184 3.263434 0.054544
23174 23185 3.648630 0.042866
23180 23185 3.012474 0.028062
23175 23186 3.241605 0.060622
23177 23186 3.241605 0.060622
23191 23193 0.000000 0.000000
23188 23194 3.263434 0.054544
23190 23194 3.241605 0.060622
23189 23195 3.648630 0.042866
23189 23197 3.648630 0.042866
23188 23198 3.263434 0.054544
23190 23198 3.241605 0.060622
23198 23205 3.648630 0.042866
23189 23199 3.012474 0.028062
23201 23205 3.012474 0.028062
23189 23202 3.012474 0.028062
23195 23204 3.263434 0.054544
23197 23204 3.263434 0.054544
23194 23205 3.648630 0.042866
23200 23205 3.012474 0.028062
23195 23206 3.241605 0.060622
23197 23206 3.241605 0.060622
23208 23213 3.263434 0.054544
23210 23213 3.241605 0.060622
23209 23214 3.648630 0.042866
23209 23216 3.648630 0.042866
23208 23217 3.263434 0.054544
23210 23217 3.241605 0.060622
23217 23224 3.648630 0.042866
23209 23218 3.012474 0.028062
23220 23224 3.012474 0.028062
23209 23221 3.012474 0.028062
23214 23223 3.263434 0.054544
23216 23223 3.263434 0.054544
23213 23224 3.648630 0.042866
23219 23224 3.012474 0.028062
23214 23225 3.241605 0.060622
23216 23225 3.241605 0.060622
23227 23232 3.263434 0.054544
23229 23232 3.241605 0.060622
23228 23233 3.648630 0.042866
23228 23235 3.648630 0.042866
23227 23236 3.263434 0.054544
23229 23236 3.241605 0.060622
23236 23243 3.648630 0.042866
23228 23237 3.012474 0.028062
23239 23243 3.012474 0.028062
23228 23240 3.012474 0.028062
23233 23242 3.263434 0.054544
23235 23242 3.263434 0.054544
23232 23243 3.648630 0.042866
23238 23243 3.012474 0.028062
23233 23244 3.241605 0.060622
23235 23244 3.241605 0.060622
23246 23251 3.263434 0.054544
23248 23251 3.241605 0.060622
23247 23252 3.648630 0.042866
23247 23254 3.648630 0.042866
23246 23255 3.263434 0.054544
23248 23255 3.241605 0.060622
23255 23262 3.648630 0.042866
23247 23256 3.012474 0.028062
23258 23262 3.012474 0.028062
23247 23259 3.012474 0.028062
23252 23261 3.263434 0.054544
23254 23261 3.263434 0.054544
23251 23262 3.648630 0.042866
23257 23262 3.012474 0.028062
23252 23263 3.241605 0.060622
23254 23263 3.241605 0.060622
23265 23270 3.263434 0.054544
23267 23270 3.241605 0.060622
23266 23271 3.648630 0.042866
23266 23273 3.648630 0.042866
23265 23274 3.263434 0.054544
23267 23274 3.241605 0.060622
23274 23281 3.648630 0.042866
23266 23275 3.012474 0.028062
23277 23281 3.012474 0.028062
23266 23278 3.012474 0.028062
23271 23280 3.263434 0.054544
23273 23280 3.263434 0.054544
23270 23281 3.648630 0.042866
23276 23281 3.012474 0.028062
23271 23282 3.241605 0.060622
23273 23282 3.241605 0.060622
23284 23289 3.263434 0.054544
23286 23289 3.241605 0.060622
23285 23290 3.648630 0.042866
23285 23292 3.648630 0.042866
23284 23293 3.263434 0.054544
23286 23293 3.241605 0.060622
23293 23300 3.648630 0.042866
23285 23294 3.012474 0.028062
23296 23300 3.012474 0.028062
23285 23297 3.012474 0.028062
23290 23299 3.263434 0.054544
23292 23299 3.263434 0.054544
23289 23300 3.648630 0.042866
23295 23300 3.012474 0.028062
23290 23301 3.241605 0.060622
23292 23301 3.241605 0.060622
23306 23308 0.000000 0.000000
23303 23309 3.263434 0.054544
23305 23309 3.241605 0.060622
23304 23310 3.648630 0.042866
23304 23312 3.648630 0.042866
23303 23313 3.263434 0.054544
23305 23313 3.241605 0.060622
23313 23320 3.648630 0.042866
23304 23314 3.012474 0.028062
23316 23320 3.012474 0.028062
23304 23317 3.012474 0.028062
23310 23319 3.263434 0.054544
23312 23319 3.263434 0.054544
23309 23320 3.648630 0.042866
23315 23320 3.012474 0.028062
23310 23321 3.241605 0.060622
23312 23321 3.241605 0.060622
23323 23328 3.263434 0.054544
23325 23328 3.241605 0.060622
23324 23329 3.648630 0.042866
23324 23331 3.648630 0.042866
23323 23332 3.263434 0.054544
23325 23332 3.241605 0.060622
23332 23339 3.648630 0.042866
23324 23333 3.012474 0.028062
23335 23339 3.012474 0.028062
23324 23336 3.012474 0.028062
23329 23338 3.263434 0.054544
23331 23338 3.263434 0.054544
23328 23339 3.648630 0.042866
23334 23339 3.012474 0.028062
23329 23340 3.241605 0.060622
23331 23340 3.241605 0.060622
23342 23347 3.263434 0.054544
23344 23347 3.241605 0.060622
23343 23348 3.648630 0.042866
23343 23350 3.648630 0.042866
23342 23351 3.263434 0.054544
23344 23351 3.241605 0.060622
23351 23358 3.648630 0.042866
23343 23352 3.012474 0.028062
23354 23358 3.012474 0.028062
23343 23355 3.012474 0.028062
23348 23357 3.263434 0.054544
23350 23357 3.263434 0.054544
23347 23358 3.648630 0.042866
23353 23358 3.012474 0.028062
23348 23359 3.241605 0.060622
23350 23359 3.241605 0.060622
23364 23366 0.000000 0.000000
23361 23367 3.263434 0.054544
23363 23367 3.241605 0.060622
23362 23368 3.648630 0.042866
23362 23370 3.648630 0.042866
23361 23371 3.263434 0.054544
23363 23371 3.241605 0.060622
23371 23378 3.648630 0.042866
23362 23372 3.012474 0.028062
23374 23378 3.012474 0.028062
23362 23375 3.012474 0.028062
23368 23377 3.263434 0.054544
23370 23377 3.263434 0.054544
23367 23378 3.648630 0.042866
23373 23378 3.012474 0.028062
23368 23379 3.241605 0.060622
23370 23379 3.241605 0.060622
23381 23386 3.263434 0.054544
23383 23386 3.241605 0.060622
23382 23387 3.648630 0.042866
23382 23389 3.648630 0.042866
23381 23390 3.263434 0.054544
23383 23390 3.241605 0.060622
23390 23397 3.648630 0.042866
23382 23391 3.012474 0.028062
23393 23397 3.012474 0.028062
23382 23394 3.012474 0.028062
23387 23396 3.263434 0.054544
23389 23396 3.263434 0.054544
23386 23397 3.648630 0.042866
23392 23397 3.012474 0.028062
23387 23398 3.241605 0.060622
23389 23398 3.241605 0.060622
23400 23405 3.263434 0.054544
23402 23405 3.241605 0.060622
23401 23406 3.648630 0.042866
23401 23408 3.648630 0.042866
23400 23409 3.263434 0.054544
23402 23409 3.241605 0.060622
23409 23416 3.648630 0.042866
23401 23410 3.012474 0.028062
23412 23416 3.012474 0.028062
23401 23413 3.012474 0.028062
23406 23415 3.263434 0.054544
23408 23415 3.263434 0.054544
23405 23416 3.648630 0.042866
23411 23416 3.012474 0.028062
23406 23417 3.241605 0.060622
23408 23417 3.241605 0.060622
23419 23424 3.263434 0.054544
23421 23424 3.241605 0.060622
23420 23425 3.648630 0.042866
23420 23427 3.648630 0.042866
23419 23428 3.263434 0.054544
23421 23428 3.241605 0.060622
23428 23435 3.648630 0.042866
23420 23429 3.012474 0.028062
23431 23435 3.012474 0.028062
23420 23432 3.012474 0.028062
23425 23434 3.263434 0.054544
23427 23434 3.263434 0.054544
23424 23435 3.648630 0.042866
23430 23435 3.012474 0.028062
23425 23436 3.241605 0.060622
23427 23436 3.241605 0.060622
23438 23443 3.263434 0.054544
23440 23443 3.241605 0.060622
23439 23444 3.648630 0.042866
23439 23446 3.648630 0.042866
23438 23447 3.263434 0.054544
23440 23447 3.241605 0.060622
23447 23454 3.648630 0.042866
23439 23448 3.012474 0.028062
23450 23454 3.012474 0.028062
23439 23451 3.012474 0.028062
23444 23453 3.263434 0.054544
23446 23453 3.263434 0.054544
23443 23454 3.648630 0.042866
23449 23454 3.012474 0.028062
23444 23455 3.241605 0.060622
23446 23455 3.241605 0.060622
23457 23462 3.263434 0.054544
23459 23462 3.241605 0.060622
23458 23463 3.648630 0.042866
23458 23465 3.648630 0.042866
23457 23466 3.263434 0.054544
23459 23466 3.241605 0.060622
23466 23473 3.648630 0.042866
23458 23467 3.012474 0.028062
23469 23473 3.012474 0.028062
23458 23470 3.012474 0.028062
23463 23472 3.263434 0.054544
23465 23472 3.263434 0.054544
23462 23473 3.648630 0.042866
23468 23473 3.012474 0.028062
23463 23474 3.241605 0.060622
23465 23474 3.241605 0.060622
23476 23481 3.263434 0.054544
23478 23481 3.241605 0.060622
23477 23482 3.648630 0.042866
23477 23484 3.648630 0.042866
23476 23485 3.263434 0.054544
23478 23485 3.241605 0.060622
23485 23492 3.648630 0.042866
23477 23486 3.012474 0.028062
23488 23492 3.012474 0.028062
23477 23489 3.012474 0.028062
23482 23491 3.263434 0.054544
23484 23491 3.263434 0.054544
23481 23492 3.648630 0.042866
23487 23492 3.012474 0.028062
23482 23493 3.241605 0.060622
23484 23493 3.241605 0.060622
23495 23500 3.263434 0.054544
23497 23500 3.241605 0.060622
23496 23501 3.648630 0.042866
23496 23503 3.648630 0.042866
23495 23504 3.263434 0.054544
23497 23504 3.241605 0.060622
23504 23511 3.648630 0.042866
23496 23505 3.012474 0.028062
23507 23511 3.012474 0.028062
23496 23508 3.012474 0.028062
23501 23510 3.263434 0.054544
23503 23510 3.263434 0.054544
23500 23511 3.648630 0.042866
23506 23511 3.012474 0.028062
23501 23512 3.241605 0.060622
23503 23512 3.241605 0.060622
23514 23519 3.263434 0.054544
23516 23519 3.241605 0.060622
23515 23520 3.648630 0.042866
23515 23522 3.648630 0.042866
23514 23523 3.263434 0.054544
23516 23523 3.241605 0.060622
23523 23530 3.648630 0.042866
23515 23524 3.012474 0.028062
23526 23530 3.012474 0.028062
23515 23527 3.012474 0.028062
23520 23529 3.241605 0.060622
23522 23529 3.241605 0.060622
23519 23530 3.648630 0.042866
23525 23530 3.012474 0.028062
23520 23531 3.263434 0.054544
23522 23531 3.263434 0.054544
23521 23532 0.000000 0.000000
23534 23539 3.263434 0.054544
23536 23539 3.241605 0.060622
23535 23540 3.648630 0.042866
23535 23542 3.648630 0.042866
23534 23543 3.263434 0.054544
23536 23543 3.241605 0.060622
23543 23550 3.648630 0.042866
23535 23544 3.012474 0.028062
23546 23550 3.012474 0.028062
23535 23547 3.012474 0.028062
23540 23549 3.241605 0.060622
23542 23549 3.241605 0.060622
23539 23550 3.648630 0.042866
23545 23550 3.012474 0.028062
23540 23551 3.263434 0.054544
23542 23551 3.263434 0.054544
23541 23552 0.000000 0.000000
23554 23559 3.263434 0.054544
23556 23559 3.241605 0.060622
23555 23560 3.648630 0.042866
23555 23562 3.648630 0.042866
23554 23563 3.263434 0.054544
23556 23563 3.241605 0.060622
23563 23570 3.648630 0.042866
23555 23564 3.012474 0.028062
23566 23570 3.012474 0.028062
23555 23567 3.012474 0.028062
23560 23569 3.263434 0.054544
23562 23569 3.263434 0.054544
23559 23570 3.648630 0.042866
23565 23570 3.012474 0.028062
23560 23571 3.241605 0.060622
23562 23571 3.241605 0.060622
23573 23578 3.263434 0.054544
23575 23578 3.241605 0.060622
23574 23579 3.648630 0.042866
23574 23581 3.648630 0.042866
23573 23582 3.263434 0.054544
23575 23582 3.241605 0.060622
23582 23589 3.648630 0.042866
23574 23583 3.012474 0.028062
23585 23589 3.012474 0.028062
23574 23586 3.012474 0.028062
23579 23588 3.241605 0.060622
23581 23588 3.241605 0.060622
23578 23589 3.648630 0.042866
23584 23589 3.012474 0.028062
23579 23590 3.263434 0.054544
23581 23590 3.263434 0.054544
23580 23591 0.000000 0.000000
23593 23598 3.263434 0.054544
23595 23598 3.241605 0.060622
23594 23599 3.648630 0.042866
23594 23601 3.648630 0.042866
23593 23602 3.263434 0.054544
23595 23602 3.241605 0.060622
23602 23609 3.648630 0.042866
23594 23603 3.012474 0.028062
23605 23609 3.012474 0.028062
23594 23606 3.012474 0.028062
23599 23608 3.263434 0.054544
23601 23608 3.263434 0.054544
23598 23609 3.648630 0.042866
23604 23609 3.012474 0.028062
23599 23610 3.241605 0.060622
23601 23610 3.241605 0.060622
23612 23617 3.263434 0.054544
23614 23617 3.241605 0.060622
23613 23618 3.648630 0.042866
23613 23620 3.648630 0.042866
23612 23621 3.263434 0.054544
23614 23621 3.241605 0.060622
23621 23628 3.648630 0.042866
23613 23622 3.012474 0.028062
23624 23628 3.012474 0.028062
23613 23625 3.012474 0.028062
23618 23627 3.263434 0.054544
23620 23627 3.263434 0.054544
23617 23628 3.648630 0.042866
23623 23628 3.012474 0.028062
23618 23629 3.241605 0.060622
23620 23629 3.241605 0.060622
23631 23636 3.263434 0.054544
23633 23636 3.241605 0.060622
23632 23637 3.648630 0.042866
23632 23639 3.648630 0.042866
23631 23640 3.263434 0.054544
23633 23640 3.241605 0.060622
23640 23647 3.648630 0.042866
23632 23641 3.012474 0.028062
23643 23647 3.012474 0.028062
23632 23644 3.012474 0.028062
23637 23646 3.263434 0.054544
23639 23646 3.263434 0.054544
23636 23647 3.648630 0.042866
23642 23647 3.012474 0.028062
23637 23648 3.241605 0.060622
23639 23648 3.241605 0.060622
23650 23655 3.263434 0.054544
23652 23655 3.241605 0.060622
23651 23656 3.648630 0.042866
23651 23658 3.648630 0.042866
23650 23659 3.263434 0.054544
23652 23659 3.241605 0.060622
23659 23666 3.648630 0.042866
23651 23660 3.012474 0.028062
23662 23666 3.012474 0.028062
23651 23663 3.012474 0.028062
23656 23665 3.263434 0.054544
23658 23665 3.263434 0.054544
23655 23666 3.648630 0.042866
23661 23666 3.012474 0.028062
23656 23667 3.241605 0.060622
23658 23667 3.241605 0.060622
23672 23674 0.000000 0.000000
23669 23675 3.263434 0.054544
23671 23675 3.241605 0.060622
23670 23676 3.648630 0.042866
23670 23678 3.648630 0.042866
23669 23679 3.263434 0.054544
23671 23679 3.241605 0.060622
23679 23686 3.648630 0.042866
23670 23680 3.012474 0.028062
23682 23686 3.012474 0.028062
23670 23683 3.012474 0.028062
23676 23685 3.263434 0.054544
23678 23685 3.263434 0.054544
23675 23686 3.648630 0.042866
23681 23686 3.012474 0.028062
23676 23687 3.241605 0.060622
23678 23687 3.241605 0.060622
23689 23694 3.263434 0.054544
23691 23694 3.241605 0.060622
23690 23695 3.648630 0.042866
23690 23697 3.648630 0.042866
23689 23698 3.263434 0.054544
23691 23698 3.241605 0.060622
23698 23705 3.648630 0.042866
23690 23699 3.012474 0.028062
23701 23705 3.012474 0.028062
23690 23702 3.012474 0.028062
23695 23704 3.263434 0.054544
23697 23704 3.263434 0.054544
23694 23705 3.648630 0.042866
23700 23705 3.012474 0.028062
23695 23706 3.241605 0.060622
23697 23706 3.241605 0.060622
23708 23713 3.263434 0.054544
23710 23713 3.241605 0.060622
23709 23714 3.648630 0.042866
23709 23716 3.648630 0.042866
23708 23717 3.263434 0.054544
23710 23717 3.241605 0.060622
23717 23724 3.648630 0.042866
23709 23718 3.012474 0.028062
23720 23724 3.012474 0.028062
23709 23721 3.012474 0.028062
23714 23723 3.263434 0.054544
23716 23723 3.263434 0.054544
23713 23724 3.648630 0.042866
23719 23724 3.012474 0.028062
23714 23725 3.241605 0.060622
23716 23725 3.241605 0.060622
23727 23732 3.263434 0.054544
23729 23732 3.241605 0.060622
23728 23733 3.648630 0.042866
23728 23735 3.648630 0.042866
23727 23736 3.263434 0.054544
23729 23736 3.241605 0.060622
23736 23743 3.648630 0.042866
23728 23737 3.012474 0.028062
23739 23743 3.012474 0.028062
23728 23740 3.012474 0.028062
23733 23742 3.263434 0.054544
23735 23742 3.263434 0.054544
23732 23743 3.648630 0.042866
23738 23743 3.012474 0.028062
23733 23744 3.241605 0.060622
23735 23744 3.241605 0.060622
23746 23751 3.263434 0.054544
23748 23751 3.241605 0.060622
23747 23752 3.648630 0.042866
23747 23754 3.648630 0.042866
23746 23755 3.263434 0.054544
23748 23755 3.241605 0.060622
23755 23762 3.648630 0.042866
23747 23756 3.012474 0.028062
23758 23762 3.012474 0.028062
23747 23759 3.012474 0.028062
23752 23761 3.241605 0.060622
23754 23761 3.241605 0.060622
23751 23762 3.648630 0.042866
23757 23762 3.012474 0.028062
23752 23763 3.263434 0.054544
23754 23763 3.263434 0.054544
23753 23764 0.000000 0.000000
23766 23771 3.263434 0.054544
23768 23771 3.241605 0.060622
23767 23772 3.648630 0.042866
23767 23774 3.648630 0.042866
23766 23775 3.263434 0.054544
23768 23775 3.241605 0.060622
23775 23782 3.648630 0.042866
23767 23776 3.012474 0.028062
23778 23782 3.012474 0.028062
23767 23779 3.012474 0.028062
23772 23781 3.263434 0.054544
23774 23781 3.263434 0.054544
23771 23782 3.648630 0.042866
23777 23782 3.012474 0.028062
23772 23783 3.241605 0.060622
23774 23783 3.241605 0.060622
23785 23790 3.263434 0.054544
23787 23790 3.241605 0.060622
23786 23791 3.648630 0.042866
23786 23793 3.648630 0.042866
23785 23794 3.263434 0.054544
23787 23794 3.241605 0.060622
23794 23801 3.648630 0.042866
23786 23795 3.012474 0.028062
23797 23801 3.012474 0.028062
23786 23798 3.012474 0.028062
23791 23800 3.263434 0.054544
23793 23800 3.263434 0.054544
23790 23801 3.648630 0.042866
23796 23801 3.012474 0.028062
23791 23802 3.241605 0.060622
23793 23802 3.241605 0.060622
23804 23809 3.263434 0.054544
23806 23809 3.241605 0.060622
23805 23810 3.648630 0.042866
23805 23812 3.648630 0.042866
23804 23813 3.263434 0.054544
23806 23813 3.241605 0.060622
23813 23820 3.648630 0.042866
23805 23814 3.012474 0.028062
23816 23820 3.012474 0.028062
23805 23817 3.012474 0.028062
23810 23819 3.263434 0.054544
23812 23819 3.263434 0.054544
23809 23820 3.648630 0.042866
23815 23820 3.012474 0.028062
23810 23821 3.241605 0.060622
23812 23821 3.241605 0.060622
23823 23828 3.263434 0.054544
23825 23828 3.241605 0.060622
23824 23829 3.648630 0.042866
23824 23831 3.648630 0.042866
23823 23832 3.263434 0.054544
23825 23832 3.241605 0.060622
23832 23839 3.648630 0.042866
23824 23833 3.012474 0.028062
23835 23839 3.012474 0.028062
23824 23836 3.012474 0.028062
23829 23838 3.263434 0.054544
23831 23838 3.263434 0.054544
23828 23839 3.648630 0.042866
23834 23839 3.012474 0.028062
23829 23840 3.241605 0.060622
23831 23840 3.241605 0.060622
23842 23847 3.263434 0.054544
23844 23847 3.241605 0.060622
23843 23848 3.648630 0.042866
23843 23850 3.648630 0.042866
23842 23851 3.263434 0.054544
23844 23851 3.241605 0.060622
23851 23858 3.648630 0.042866
23843 23852 3.012474 0.028062
23854 23858 3.012474 0.028062
23843 23855 3.012474 0.028062
23848 23857 3.263434 0.054544
23850 23857 3.263434 0.054544
23847 23858 3.648630 0.042866
23853 23858 3.012474 0.028062
23848 23859 3.241605 0.060622
23850 23859 3.241605 0.060622
23861 23866 3.263434 0.054544
23863 23866 3.241605 0.060622
23862 23867 3.648630 0.042866
23862 23869 3.648630 0.042866
23861 23870 3.263434 0.054544
23863 23870 3.241605 0.060622
23870 23877 3.648630 0.042866
23862 23871 3.012474 0.028062
23873 23877 3.012474 0.028062
23862 23874 3.012474 0.028062
23867 23876 3.241605 0.060622
23869 23876 3.241605 0.060622
23866 23877 3.648630 0.042866
23872 23877 3.012474 0.028062
23867 23878 3.263434 0.054544
23869 23878 3.263434 0.054544
23868 23879 0.000000 0.000000
23881 23886 3.263434 0.054544
23883 23886 3.241605 0.060622
23882 23887 3.648630 0.042866
23882 23889 3.648630 0.042866
23881 23890 3.263434 0.054544
23883 23890 3.241605 0.060622
23890 23897 3.648630 0.042866
23882 23891 3.012474 0.028062
23893 23897 3.012474 0.028062
23882 23894 3.012474 0.028062
23887 23896 3.263434 0.054544
23889 23896 3.263434 0.054544
23886 23897 3.648630 0.042866
23892 23897 3.012474 0.028062
23887 23898 3.241605 0.060622
23889 23898 3.241605 0.060622
23900 23905 3.263434 0.054544
23902 23905 3.241605 0.060622
23901 23906 3.648630 0.042866
23901 23908 3.648630 0.042866
23900 23909 3.263434 0.054544
23902 23909 3.241605 0.060622
23909 23916 3.648630 0.042866
23901 23910 3.012474 0.028062
23912 23916 3.012474 0.028062
23901 23913 3.012474 0.028062
23906 23915 3.263434 0.054544
23908 23915 3.263434 0.054544
23905 23916 3.648630 0.042866
23911 23916 3.012474 0.028062
23906 23917 3.241605 0.060622
23908 23917 3.241605 0.060622
23919 23924 3.263434 0.054544
23921 23924 3.241605 0.060622
23920 23925 3.648630 0.042866
23920 23927 3.648630 0.042866
23919 23928 3.263434 0.054544
23921 23928 3.241605 0.060622
23928 23935 3.648630 0.042866
23920 23929 3.012474 0.028062
23931 23935 3.012474 0.028062
23920 23932 3.012474 0.028062
23925 23934 3.263434 0.054544
23927 23934 3.263434 0.054544
23924 23935 3.648630 0.042866
23930 23935 3.012474 0.028062
23925 23936 3.241605 0.060622
23927 23936 3.241605 0.060622
23938 23943 3.263434 0.054544
23940 23943 3.241605 0.060622
23939 23944 3.648630 0.042866
23939 23946 3.648630 0.042866
23938 23947 3.263434 0.054544
23940 23947 3.241605 0.060622
23947 23954 3.648630 0.042866
23939 23948 3.012474 0.028062
23950 23954 3.012474 0.028062
23939 23951 3.012474 0.028062
23944 23953 3.263434 0.054544
23946 23953 3.263434 0.054544
23943 23954 3.648630 0.042866
23949 23954 3.012474 0.028062
23944 23955 3.241605 0.060622
23946 23955 3.241605 0.060622
23957 23962 3.263434 0.054544
23959 23962 3.241605 0.060622
23958 23963 3.648630 0.042866
23958 23965 3.648630 0.042866
23957 23966 3.263434 0.054544
23959 23966 3.241605 0.060622
23966 23973 3.648630 0.042866
23958 23967 3.012474 0.028062
23969 23973 3.012474 0.028062
23958 23970 3.012474 0.028062
23963 23972 3.263434 0.054544
23965 23972 3.263434 0.054544
23962 23973 3.648630 0.042866
23968 23973 3.012474 0.028062
23963 23974 3.241605 0.060622
23965 23974 3.241605 0.060622
23976 23981 3.263434 0.054544
23978 23981 3.241605 0.060622
23977 23982 3.648630 0.042866
23977 23984 3.648630 0.042866
23976 23985 3.263434 0.054544
23978 23985 3.241605 0.060622
23985 23992 3.648630 0.042866
23977 23986 3.012474 0.028062
23988 23992 3.012474 0.028062
23977 23989 3.012474 0.028062
23982 23991 3.263434 0.054544
23984 23991 3.263434 0.054544
23981 23992 3.648630 0.042866
23987 23992 3.012474 0.028062
23982 23993 3.241605 0.060622
23984 23993 3.241605 0.060622
23995 24000 3.263434 0.054544
23997 24000 3.241605 0.060622
23996 24001 3.648630 0.042866
23996 24003 3.648630 0.042866
23995 24004 3.263434 0.054544
23997 24004 3.241605 0.060622
24004 24011 3.648630 0.042866
23996 24005 3.012474 0.028062
24007 24011 3.012474 0.028062
23996 24008 3.012474 0.028062
24001 24010 3.263434 0.054544
24003 24010 3.263434 0.054544
24000 24011 3.648630 0.042866
24006 24011 3.012474 0.028062
24001 24012 3.241605 0.060622
24003 24012 3.241605 0.060622
24014 24019 3.263434 0.054544
24016 24019 3.241605 0.060622
24015 24020 3.648630 0.042866
24015 24022 3.648630 0.042866
24014 24023 3.263434 0.054544
24016 24023 3.241605 0.060622
24023 24030 3.648630 0.042866
24015 24024 3.012474 0.028062
24026 24030 3.012474 0.028062
24015 24027 3.012474 0.028062
24020 24029 3.263434 0.054544
24022 24029 3.263434 0.054544
24019 24030 3.648630 0.042866
24025 24030 3.012474 0.028062
24020 24031 3.241605 0.060622
24022 24031 3.241605 0.060622
24033 24038 3.263434 0.054544
24035 24038 3.241605 0.060622
24034 24039 3.648630 0.042866
24034 24041 3.648630 0.042866
24033 24042 3.263434 0.054544
24035 24042 3.241605 0.060622
24042 24049 3.648630 0.042866
24034 24043 3.012474 0.028062
24045 24049 3.012474 0.028062
24034 24046 3.012474 0.028062
24039 24048 3.241605 0.060622
24041 24048 3.241605 0.060622
24038 24049 3.648630 0.042866
24044 24049 3.012474 0.028062
24039 24050 3.263434 0.054544
24041 24050 3.263434 0.054544
24040 24051 0.000000 0.000000
24053 24058 3.263434 0.054544
24055 24058 3.241605 0.060622
24054 24059 3.648630 0.042866
24054 24061 3.648630 0.042866
24053 24062 3.263434 0.054544
24055 24062 3.241605 0.060622
24062 24069 3.648630 0.042866
24054 24063 3.012474 0.028062
24065 24069 3.012474 0.028062
24054 24066 3.012474 0.028062
24059 24068 3.263434 0.054544
24061 24068 3.263434 0.054544
24058 24069 3.648630 0.042866
24064 24069 3.012474 0.028062
24059 24070 3.241605 0.060622
24061 24070 3.241605 0.060622
24075 24077 0.000000 0.000000
24072 24078 3.263434 0.054544
24074 24078 3.241605 0.060622
24073 24079 3.648630 0.042866
24073 24081 3.648630 0.042866
24072 24082 3.263434 0.054544
24074 24082 3.241605 0.060622
24082 24089 3.648630 0.042866
24073 24083 3.012474 0.028062
24085 24089 3.012474 0.028062
24073 24086 3.012474 0.028062
24079 24088 3.263434 0.054544
24081 24088 3.263434 0.054544
24078 24089 3.648630 0.042866
24084 24089 3.012474 0.028062
24079 24090 3.241605 0.060622
24081 24090 3.241605 0.060622
24092 24097 3.263434 0.054544
24094 24097 3.241605 0.060622
24093 24098 3.648630 0.042866
24093 24100 3.648630 0.042866
24092 24101 3.263434 0.054544
24094 24101 3.241605 0.060622
24101 24108 3.648630 0.042866
24093 24102 3.012474 0.028062
24104 24108 3.012474 0.028062
24093 24105 3.012474 0.028062
24098 24107 3.241605 0.060622
24100 24107 3.241605 0.060622
24097 24108 3.648630 0.042866
24103 24108 3.012474 0.028062
24098 24109 3.263434 0.054544
24100 24109 3.263434 0.054544
24099 24110 0.000000 0.000000
24112 24117 3.263434 0.054544
24114 24117 3.241605 0.060622
24113 24118 3.648630 0.042866
24113 24120 3.648630 0.042866
24112 24121 3.263434 0.054544
24114 24121 3.241605 0.060622
24121 24128 3.648630 0.042866
24113 24122 3.012474 0.028062
24124 24128 3.012474 0.028062
24113 24125 3.012474 0.028062
24118 24127 3.241605 0.060622
24120 24127 3.241605 0.060622
24117 24128 3.648630 0.042866
24123 24128 3.012474 0.028062
24118 24129 3.263434 0.054544
24120 24129 3.263434 0.054544
24119 24130 0.000000 0.000000
24132 24137 3.263434 0.054544
24134 24137 3.241605 0.060622
24133 24138 3.648630 0.042866
24133 24140 3.648630 0.042866
24132 24141 3.263434 0.054544
24134 24141 3.241605 0.060622
24141 24148 3.648630 0.042866
24133 24142 3.012474 0.028062
24144 24148 3.012474 0.028062
24133 24145 3.012474 0.028062
24138 24147 3.263434 0.054544
24140 24147 3.263434 0.054544
24137 24148 3.648630 0.042866
24143 24148 3.012474 0.028062
24138 24149 3.241605 0.060622
24140 24149 3.241605 0.060622
24151 24156 3.263434 0.054544
24153 24156 3.241605 0.060622
24152 24157 3.648630 0.042866
24152 24159 3.648630 0.042866
24151 24160 3.263434 0.054544
24153 24160 3.241605 0.060622
24160 24167 3.648630 0.042866
24152 24161 3.012474 0.028062
24163 24167 3.012474 0.028062
24152 24164 3.012474 0.028062
24157 24166 3.241605 0.060622
24159 24166 3.241605 0.060622
24156 24167 3.648630 0.042866
24162 24167 3.012474 0.028062
24157 24168 3.263434 0.054544
24159 24168 3.263434 0.054544
24158 24169 0.000000 0.000000
24171 24176 3.263434 0.054544
24173 24176 3.241605 0.060622
24172 24177 3.648630 0.042866
24172 24179 3.648630 0.042866
24171 24180 3.263434 0.054544
24173 24180 3.241605 0.060622
24180 24187 3.648630 0.042866
24172 24181 3.012474 0.028062
24183 24187 3.012474 0.028062
24172 24184 3.012474 0.028062
24177 24186 3.263434 0.054544
24179 24186 3.263434 0.054544
24176 24187 3.648630 0.042866
24182 24187 3.012474 0.028062
24177 24188 3.241605 0.060622
24179 24188 3.241605 0.060622
24190 24195 3.263434 0.054544
24192 24195 3.241605 0.060622
24191 24196 3.648630 0.042866
24191 24198 3.648630 0.042866
24190 24199 3.263434 0.054544
24192 24199 3.241605 0.060622
24199 24206 3.648630 0.042866
24191 24200 3.012474 0.028062
24202 24206 3.012474 0.028062
24191 24203 3.012474 0.028062
24196 24205 3.263434 0.054544
24198 24205 3.263434 0.054544
24195 24206 3.648630 0.042866
24201 24206 3.012474 0.028062
24196 24207 3.241605 0.060622
24198 24207 3.241605 0.060622
24209 24214 3.263434 0.054544
24211 24214 3.241605 0.060622
24210 24215 3.648630 0.042866
24210 24217 3.648630 0.042866
24209 24218 3.263434 0.054544
24211 24218 3.241605 0.060622
24218 24225 3.648630 0.042866
24210 24219 3.012474 0.028062
24221 24225 3.012474 0.028062
24210 24222 3.012474 0.028062
24215 24224 3.263434 0.054544
24217 24224 3.263434 0.054544
24214 24225 3.648630 0.042866
24220 24225 3.012474 0.028062
24215 24226 3.241605 0.060622
24217 24226 3.241605 0.060622
24228 24233 3.263434 0.054544
24230 24233 3.241605 0.060622
24229 24234 3.648630 0.042866
24229 24236 3.648630 0.042866
24228 24237 3.263434 0.054544
24230 24237 3.241605 0.060622
24237 24244 3.648630 0.042866
24229 24238 3.012474 0.028062
24240 24244 3.012474 0.028062
24229 24241 3.012474 0.028062
24234 24243 3.263434 0.054544
24236 24243 3.263434 0.054544
24233 24244 3.648630 0.042866
24239 24244 3.012474 0.028062
24234 24245 3.241605 0.060622
24236 24245 3.241605 0.060622
24247 24252 3.263434 0.054544
24249 24252 3.241605 0.060622
24248 24253 3.648630 0.042866
24248 24255 3.648630 0.042866
24247 24256 3.263434 0.054544
24249 24256 3.241605 0.060622
24256 24263 3.648630 0.042866
24248 24257 3.012474 0.028062
24259 24263 3.012474 0.028062
24248 24260 3.012474 0.028062
24253 24262 3.263434 0.054544
24255 24262 3.263434 0.054544
24252 24263 3.648630 0.042866
24258 24263 3.012474 0.028062
24253 24264 3.241605 0.060622
24255 24264 3.241605 0.060622
24266 24271 3.263434 0.054544
24268 24271 3.241605 0.060622
24267 24272 3.648630 0.042866
24267 24274 3.648630 0.042866
24266 24275 3.263434 0.054544
24268 24275 3.241605 0.060622
24275 24282 3.648630 0.042866
24267 24276 3.012474 0.028062
24278 24282 3.012474 0.028062
24267 24279 3.012474 0.028062
24272 24281 3.263434 0.054544
24274 24281 3.263434 0.054544
24271 24282 3.648630 0.042866
24277 24282 3.012474 0.028062
24272 24283 3.241605 0.060622
24274 24283 3.241605 0.060622
24285 24290 3.263434 0.054544
24287 24290 3.241605 0.060622
24286 24291 3.648630 0.042866
24286 24293 3.648630 0.042866
24285 24294 3.263434 0.054544
24287 24294 3.241605 0.060622
24294 24301 3.648630 0.042866
24286 24295 3.012474 0.028062
24297 24301 3.012474 0.028062
24286 24298 3.012474 0.028062
24291 24300 3.263434 0.054544
24293 24300 3.263434 0.054544
24290 24301 3.648630 0.042866
24296 24301 3.012474 0.028062
24291 24302 3.241605 0.060622
24293 24302 3.241605 0.060622
24304 24309 3.263434 0.054544
24306 24309 3.241605 0.060622
24305 24310 3.648630 0.042866
24305 24312 3.648630 0.042866
24304 24313 3.263434 0.054544
24306 24313 3.241605 0.060622
24313 24320 3.648630 0.042866
24305 24314 3.012474 0.028062
24316 24320 3.012474 0.028062
24305 24317 3.012474 0.028062
24310 24319 3.241605 0.060622
24312 24319 3.241605 0.060622
24309 24320 3.648630 0.042866
24315 24320 3.012474 0.028062
24310 24321 3.263434 0.054544
24312 24321 3.263434 0.054544
24311 24322 0.000000 0.000000
24324 24329 3.263434 0.054544
24326 24329 3.241605 0.060622
24325 24330 3.648630 0.042866
24325 24332 3.648630 0.042866
24324 24333 3.263434 0.054544
24326 24333 3.241605 0.060622
24333 24340 3.648630 0.042866
24325 24334 3.012474 0.028062
24336 24340 3.012474 0.028062
24325 24337 3.012474 0.028062
24330 24339 3.263434 0.054544
24332 24339 3.263434 0.054544
24329 24340 3.648630 0.042866
24335 24340 3.012474 0.028062
24330 24341 3.241605 0.060622
24332 24341 3.241605 0.060622
24343 24348 3.263434 0.054544
24345 24348 3.241605 0.060622
24344 24349 3.648630 0.042866
24344 24351 3.648630 0.042866
24343 24352 3.263434 0.054544
24345 24352 3.241605 0.060622
24352 24359 3.648630 0.042866
24344 24353 3.012474 0.028062
24355 24359 3.012474 0.028062
24344 24356 3.012474 0.028062
24349 24358 3.263434 0.054544
24351 24358 3.263434 0.054544
24348 24359 3.648630 0.042866
24354 24359 3.012474 0.028062
24349 24360 3.241605 0.060622
24351 24360 3.241605 0.060622
24365 24367 0.000000 0.000000
24362 24368 3.263434 0.054544
24364 24368 3.241605 0.060622
24363 24369 3.648630 0.042866
24363 24371 3.648630 0.042866
24362 24372 3.263434 0.054544
24364 24372 3.241605 0.060622
24372 24379 3.648630 0.042866
24363 24373 3.012474 0.028062
24375 24379 3.012474 0.028062
24363 24376 3.012474 0.028062
24369 24378 3.263434 0.054544
24371 24378 3.263434 0.054544
24368 24379 3.648630 0.042866
24374 24379 3.012474 0.028062
24369 24380 3.241605 0.060622
24371 24380 3.241605 0.060622
24382 24387 3.263434 0.054544
24384 24387 3.241605 0.060622
24383 24388 3.648630 0.042866
24383 24390 3.648630 0.042866
24382 24391 3.263434 0.054544
24384 24391 3.241605 0.060622
24391 24398 3.648630 0.042866
24383 24392 3.012474 0.028062
24394 24398 3.012474 0.028062
24383 24395 3.012474 0.028062
24388 24397 3.241605 0.060622
24390 24397 3.241605 0.060622
24387 24398 3.648630 0.042866
24393 24398 3.012474 0.028062
24388 24399 3.263434 0.054544
24390 24399 3.263434 0.054544
24389 24400 0.000000 0.000000
24402 24407 3.263434 0.054544
24404 24407 3.241605 0.060622
24403 24408 3.648630 0.042866
24403 24410 3.648630 0.042866
24402 24411 3.263434 0.054544
24404 24411 3.241605 0.060622
24411 24418 3.648630 0.042866
24403 24412 3.012474 0.028062
24414 24418 3.012474 0.028062
24403 24415 3.012474 0.028062
24408 24417 3.263434 0.054544
24410 24417 3.263434 0.054544
24407 24418 3.648630 0.042866
24413 24418 3.012474 0.028062
24408 24419 3.241605 0.060622
24410 24419 3.241605 0.060622
24421 24426 3.263434 0.054544
24423 24426 3.241605 0.060622
24422 24427 3.648630 0.042866
24422 24429 3.648630 0.042866
24421 24430 3.263434 0.054544
24423 24430 3.241605 0.060622
24430 24437 3.648630 0.042866
24422 24431 3.012474 0.028062
24433 24437 3.012474 0.028062
24422 24434 3.012474 0.028062
24427 24436 3.263434 0.054544
24429 24436 3.263434 0.054544
24426 24437 3.648630 0.042866
24432 24437 3.012474 0.028062
24427 24438 3.241605 0.060622
24429 24438 3.241605 0.060622
24443 24445 0.000000 0.000000
24440 24446 3.263434 0.054544
24442 24446 3.241605 0.060622
24441 24447 3.648630 0.042866
24441 24449 3.648630 0.042866
24440 24450 3.263434 0.054544
24442 24450 3.241605 0.060622
24450 24457 3.648630 0.042866
24441 24451 3.012474 0.028062
24453 24457 3.012474 0.028062
24441 24454 3.012474 0.028062
24447 24456 3.263434 0.054544
24449 24456 3.263434 0.054544
24446 24457 3.648630 0.042866
24452 24457 3.012474 0.028062
24447 24458 3.241605 0.060622
24449 24458 3.241605 0.060622
24460 24465 3.263434 0.054544
24462 24465 3.241605 0.060622
24461 24466 3.648630 0.042866
24461 24468 3.648630 0.042866
24460 24469 3.263434 0.054544
24462 24469 3.241605 0.060622
24469 24476 3.648630 0.042866
24461 24470 3.012474 0.028062
24472 24476 3.012474 0.028062
24461 24473 3.012474 0.028062
24466 24475 3.263434 0.054544
24468 24475 3.263434 0.054544
24465 24476 3.648630 0.042866
24471 24476 3.012474 0.028062
24466 24477 3.241605 0.060622
24468 24477 3.241605 0.060622
24479 24484 3.263434 0.054544
24481 24484 3.241605 0.060622
24480 24485 3.648630 0.042866
24480 24487 3.648630 0.042866
24479 24488 3.263434 0.054544
24481 24488 3.241605 0.060622
24488 24495 3.648630 0.042866
24480 24489 3.012474 0.028062
24491 24495 3.012474 0.028062
24480 24492 3.012474 0.028062
24485 24494 3.263434 0.054544
24487 24494 3.263434 0.054544
24484 24495 3.648630 0.042866
24490 24495 3.012474 0.028062
24485 24496 3.241605 0.060622
24487 24496 3.241605 0.060622
24498 24503 3.263434 0.054544
24500 24503 3.241605 0.060622
24499 24504 3.648630 0.042866
24499 24506 3.648630 0.042866
24498 24507 3.263434 0.054544
24500 24507 3.241605 0.060622
24507 24514 3.648630 0.042866
24499 24508 3.012474 0.028062
24510 24514 3.012474 0.028062
24499 24511 3.012474 0.028062
24504 24513 3.263434 0.054544
24506 24513 3.263434 0.054544
24503 24514 3.648630 0.042866
24509 24514 3.012474 0.028062
24504 24515 3.241605 0.060622
24506 24515 3.241605 0.060622
24517 24522 3.263434 0.054544
24519 24522 3.241605 0.060622
24518 24523 3.648630 0.042866
24518 24525 3.648630 0.042866
24517 24526 3.263434 0.054544
24519 24526 3.241605 0.060622
24526 24533 3.648630 0.042866
24518 24527 3.012474 0.028062
24529 24533 3.012474 0.028062
24518 24530 3.012474 0.028062
24523 24532 3.263434 0.054544
24525 24532 3.263434 0.054544
24522 24533 3.648630 0.042866
24528 24533 3.012474 0.028062
24523 24534 3.241605 0.060622
24525 24534 3.241605 0.060622
24536 24541 3.263434 0.054544
24538 24541 3.241605 0.060622
24537 24542 3.648630 0.042866
24537 24544 3.648630 0.042866
24536 24545 3.263434 0.054544
24538 24545 3.241605 0.060622
24545 24552 3.648630 0.042866
24537 24546 3.012474 0.028062
24548 24552 3.012474 0.028062
24537 24549 3.012474 0.028062
24542 24551 3.263434 0.054544
24544 24551 3.263434 0.054544
24541 24552 3.648630 0.042866
24547 24552 3.012474 0.028062
24542 24553 3.241605 0.060622
24544 24553 3.241605 0.060622
24555 24560 3.263434 0.054544
24557 24560 3.241605 0.060622
24556 24561 3.648630 0.042866
24556 24563 3.648630 0.042866
24555 24564 3.263434 0.054544
24557 24564 3.241605 0.060622
24564 24571 3.648630 0.042866
24556 24565 3.012474 0.028062
24567 24571 3.012474 0.028062
24556 24568 3.012474 0.028062
24561 24570 3.263434 0.054544
24563 24570 3.263434 0.054544
24560 24571 3.648630 0.042866
24566 24571 3.012474 0.028062
24561 24572 3.241605 0.060622
24563 24572 3.241605 0.060622
24574 24579 3.263434 0.054544
24576 24579 3.241605 0.060622
24575 24580 3.648630 0.042866
24575 24582 3.648630 0.042866
24574 24583 3.263434 0.054544
24576 24583 3.241605 0.060622
24583 24590 3.648630 0.042866
24575 24584 3.012474 0.028062
24586 24590 3.012474 0.028062
24575 24587 3.012474 0.028062
24580 24589 3.263434 0.054544
24582 24589 3.263434 0.054544
24579 24590 3.648630 0.042866
24585 24590 3.012474 0.028062
24580 24591 3.241605 0.060622
24582 24591 3.241605 0.060622
24596 24598 0.000000 0.000000
24593 24599 3.263434 0.054544
24595 24599 3.241605 0.060622
24594 24600 3.648630 0.042866
24594 24602 3.648630 0.042866
24593 24603 3.263434 0.054544
24595 24603 3.241605 0.060622
24603 24610 3.648630 0.042866
24594 24604 3.012474 0.028062
24606 24610 3.012474 0.028062
24594 24607 3.012474 0.028062
24600 24609 3.263434 0.054544
24602 24609 3.263434 0.054544
24599 24610 3.648630 0.042866
24605 24610 3.012474 0.028062
24600 24611 3.241605 0.060622
24602 24611 3.241605 0.060622
24613 24618 3.263434 0.054544
24615 24618 3.241605 0.060622
24614 24619 3.648630 0.042866
24614 24621 3.648630 0.042866
24613 24622 3.263434 0.054544
24615 24622 3.241605 0.060622
24622 24629 3.648630 0.042866
24614 24623 3.012474 0.028062
24625 24629 3.012474 0.028062
24614 24626 3.012474 0.028062
24619 24628 3.263434 0.054544
24621 24628 3.263434 0.054544
24618 24629 3.648630 0.042866
24624 24629 3.012474 0.028062
24619 24630 3.241605 0.060622
24621 24630 3.241605 0.060622
24632 24637 3.263434 0.054544
24634 24637 3.241605 0.060622
24633 24638 3.648630 0.042866
24633 24640 3.648630 0.042866
24632 24641 3.263434 0.054544
24634 24641 3.241605 0.060622
24641 24648 3.648630 0.042866
24633 24642 3.012474 0.028062
24644 24648 3.012474 0.028062
24633 24645 3.012474 0.028062
24638 24647 3.263434 0.054544
24640 24647 3.263434 0.054544
24637 24648 3.648630 0.042866
24643 24648 3.012474 0.028062
24638 24649 3.241605 0.060622
24640 24649 3.241605 0.060622
24651 24656 3.263434 0.054544
24653 24656 3.241605 0.060622
24652 24657 3.648630 0.042866
24652 24659 3.648630 0.042866
24651 24660 3.263434 0.054544
24653 24660 3.241605 0.060622
24660 24667 3.648630 0.042866
24652 24661 3.012474 0.028062
24663 24667 3.012474 0.028062
24652 24664 3.012474 0.028062
24657 24666 3.263434 0.054544
24659 24666 3.263434 0.054544
24656 24667 3.648630 0.042866
24662 24667 3.012474 0.028062
24657 24668 3.241605 0.060622
24659 24668 3.241605 0.060622
24670 24675 3.263434 0.054544
24672 24675 3.241605 0.060622
24671 24676 3.648630 0.042866
24671 24678 3.648630 0.042866
24670 24679 3.263434 0.054544
24672 24679 3.241605 0.060622
24679 24686 3.648630 0.042866
24671 24680 3.012474 0.028062
24682 24686 3.012474 0.028062
24671 24683 3.012474 0.028062
24676 24685 3.263434 0.054544
24678 24685 3.263434 0.054544
24675 24686 3.648630 0.042866
24681 24686 3.012474 0.028062
24676 24687 3.241605 0.060622
24678 24687 3.241605 0.060622
24689 24694 3.263434 0.054544
24691 24694 3.241605 0.060622
24690 24695 3.648630 0.042866
24690 24697 3.648630 0.042866
24689 24698 3.263434 0.054544
24691 24698 3.241605 0.060622
24698 24705 3.648630 0.042866
24690 24699 3.012474 0.028062
24701 24705 3.012474 0.028062
24690 24702 3.012474 0.028062
24695 24704 3.263434 0.054544
24697 24704 3.263434 0.054544
24694 24705 3.648630 0.042866
24700 24705 3.012474 0.028062
24695 24706 3.241605 0.060622
24697 24706 3.241605 0.060622
24708 24713 3.263434 0.054544
24710 24713 3.241605 0.060622
24709 24714 3.648630 0.042866
24709 24716 3.648630 0.042866
24708 24717 3.263434 0.054544
24710 24717 3.241605 0.060622
24717 24724 3.648630 0.042866
24709 24718 3.012474 0.028062
24720 24724 3.012474 0.028062
24709 24721 3.012474 0.028062
24714 24723 3.263434 0.054544
24716 24723 3.263434 0.054544
24713 24724 3.648630 0.042866
24719 24724 3.012474 0.028062
24714 24725 3.241605 0.060622
24716 24725 3.241605 0.060622
24727 24732 3.263434 0.054544
24729 24732 3.241605 0.060622
24728 24733 3.648630 0.042866
24728 24735 3.648630 0.042866
24727 24736 3.263434 0.054544
24729 24736 3.241605 0.060622
24736 24743 3.648630 0.042866
24728 24737 3.012474 0.028062
24739 24743 3.012474 0.028062
24728 24740 3.012474 0.028062
24733 24742 3.263434 0.054544
24735 24742 3.263434 0.054544
24732 24743 3.648630 0.042866
24738 24743 3.012474 0.028062
24733 24744 3.241605 0.060622
24735 24744 3.241605 0.060622
24746 24751 3.263434 0.054544
24748 24751 3.241605 0.060622
24747 24752 3.648630 0.042866
24747 24754 3.648630 0.042866
24746 24755 3.263434 0.054544
24748 24755 3.241605 0.060622
24755 24762 3.648630 0.042866
24747 24756 3.012474 0.028062
24758 24762 3.012474 0.028062
24747 24759 3.012474 0.028062
24752 24761 3.263434 0.054544
24754 24761 3.263434 0.054544
24751 24762 3.648630 0.042866
24757 24762 3.012474 0.028062
24752 24763 3.241605 0.060622
24754 24763 3.241605 0.060622
24765 24770 3.263434 0.054544
24767 24770 3.241605 0.060622
24766 24771 3.648630 0.042866
24766 24773 3.648630 0.042866
24765 24774 3.263434 0.054544
24767 24774 3.241605 0.060622
24774 24781 3.648630 0.042866
24766 24775 3.012474 0.028062
24777 24781 3.012474 0.028062
24766 24778 3.012474 0.028062
24771 24780 3.263434 0.054544
24773 24780 3.263434 0.054544
24770 24781 3.648630 0.042866
24776 24781 3.012474 0.028062
24771 24782 3.241605 0.060622
24773 24782 3.241605 0.060622
24784 24789 3.263434 0.054544
24786 24789 3.241605 0.060622
24785 24790 3.648630 0.042866
24785 24792 3.648630 0.042866
24784 24793 3.263434 0.054544
24786 24793 3.241605 0.060622
24793 24800 3.648630 0.042866
24785 24794 3.012474 0.028062
24796 24800 3.012474 0.028062
24785 24797 3.012474 0.028062
24790 24799 3.241605 0.060622
24792 24799 3.241605 0.060622
24789 24800 3.648630 0.042866
24795 24800 3.012474 0.028062
24790 24801 3.263434 0.054544
24792 24801 3.263434 0.054544
24791 24802 0.000000 0.000000
24804 24809 3.263434 0.054544
24806 24809 3.241605 0.060622
24805 24810 3.648630 0.042866
24805 24812 3.648630 0.042866
24804 24813 3.263434 0.054544
24806 24813 3.241605 0.060622
24813 24820 3.648630 0.042866
24805 24814 3.012474 0.028062
24816 24820 3.012474 0.028062
24805 24817 3.012474 0.028062
24810 24819 3.263434 0.054544
24812 24819 3.263434 0.054544
24809 24820 3.648630 0.042866
24815 24820 3.012474 0.028062
24810 24821 3.241605 0.060622
24812 24821 3.241605 0.060622
24823 24828 3.263434 0.054544
24825 24828 3.241605 0.060622
24824 24829 3.648630 0.042866
24824 24831 3.648630 0.042866
24823 24832 3.263434 0.054544
24825 24832 3.241605 0.060622
24832 24839 3.648630 0.042866
24824 24833 3.012474 0.028062
24835 24839 3.012474 0.028062
24824 24836 3.012474 0.028062
24829 24838 3.263434 0.054544
24831 24838 3.263434 0.054544
24828 24839 3.648630 0.042866
24834 24839 3.012474 0.028062
24829 24840 3.241605 0.060622
24831 24840 3.241605 0.060622
24842 24847 3.263434 0.054544
24844 24847 3.241605 0.060622
24843 24848 3.648630 0.042866
24843 24850 3.648630 0.042866
24842 24851 3.263434 0.054544
24844 24851 3.241605 0.060622
24851 24858 3.648630 0.042866
24843 24852 3.012474 0.028062
24854 24858 3.012474 0.028062
24843 24855 3.012474 0.028062
24848 24857 3.263434 0.054544
24850 24857 3.263434 0.054544
24847 24858 3.648630 0.042866
24853 24858 3.012474 0.028062
24848 24859 3.241605 0.060622
24850 24859 3.241605 0.060622
24861 24866 3.263434 0.054544
24863 24866 3.241605 0.060622
24862 24867 3.648630 0.042866
24862 24869 3.648630 0.042866
24861 24870 3.263434 0.054544
24863 24870 3.241605 0.060622
24870 24877 3.648630 0.042866
24862 24871 3.012474 0.028062
24873 24877 3.012474 0.028062
24862 24874 3.012474 0.028062
24867 24876 3.241605 0.060622
24869 24876 3.241605 0.060622
24866 24877 3.648630 0.042866
24872 24877 3.012474 0.028062
24867 24878 3.263434 0.054544
24869 24878 3.263434 0.054544
24868 24879 0.000000 0.000000
24881 24886 3.263434 0.054544
24883 24886 3.241605 0.060622
24882 24887 3.648630 0.042866
24882 24889 3.648630 0.042866
24881 24890 3.263434 0.054544
24883 24890 3.241605 0.060622
24890 24897 3.648630 0.042866
24882 24891 3.012474 0.028062
24893 24897 3.012474 0.028062
24882 24894 3.012474 0.028062
24887 24896 3.263434 0.054544
24889 24896 3.263434 0.054544
24886 24897 3.648630 0.042866
24892 24897 3.012474 0.028062
24887 24898 3.241605 0.060622
24889 24898 3.241605 0.060622
24900 24905 3.263434 0.054544
24902 24905 3.241605 0.060622
24901 24906 3.648630 0.042866
24901 24908 3.648630 0.042866
24900 24909 3.263434 0.054544
24902 24909 3.241605 0.060622
24909 24916 3.648630 0.042866
24901 24910 3.012474 0.028062
24912 24916 3.012474 0.028062
24901 24913 3.012474 0.028062
24906 24915 3.263434 0.054544
24908 24915 3.263434 0.054544
24905 24916 3.648630 0.042866
24911 24916 3.012474 0.028062
24906 24917 3.241605 0.060622
24908 24917 3.241605 0.060622
24922 24924 0.000000 0.000000
24919 24925 3.263434 0.054544
24921 24925 3.241605 0.060622
24920 24926 3.648630 0.042866
24920 24928 3.648630 0.042866
24919 24929 3.263434 0.054544
24921 24929 3.241605 0.060622
24929 24936 3.648630 0.042866
24920 24930 3.012474 0.028062
24932 24936 3.012474 0.028062
24920 24933 3.012474 0.028062
24926 24935 3.263434 0.054544
24928 24935 3.263434 0.054544
24925 24936 3.648630 0.042866
24931 24936 3.012474 0.028062
24926 24937 3.241605 0.060622
24928 24937 3.241605 0.060622
24939 24944 3.263434 0.054544
24941 24944 3.241605 0.060622
24940 24945 3.648630 0.042866
24940 24947 3.648630 0.042866
24939 24948 3.263434 0.054544
24941 24948 3.241605 0.060622
24948 24955 3.648630 0.042866
24940 24949 3.012474 0.028062
24951 24955 3.012474 0.028062
24940 24952 3.012474 0.028062
24945 24954 3.263434 0.054544
24947 24954 3.263434 0.054544
24944 24955 3.648630 0.042866
24950 24955 3.012474 0.028062
24945 24956 3.241605 0.060622
24947 24956 3.241605 0.060622
24958 24963 3.263434 0.054544
24960 24963 3.241605 0.060622
24959 24964 3.648630 0.042866
24959 24966 3.648630 0.042866
24958 24967 3.263434 0.054544
24960 24967 3.241605 0.060622
24967 24974 3.648630 0.042866
24959 24968 3.012474 0.028062
24970 24974 3.012474 0.028062
24959 24971 3.012474 0.028062
24964 24973 3.263434 0.054544
24966 24973 3.263434 0.054544
24963 24974 3.648630 0.042866
24969 24974 3.012474 0.028062
24964 24975 3.241605 0.060622
24966 24975 3.241605 0.060622
24977 24982 3.263434 0.054544
24979 24982 3.241605 0.060622
24978 24983 3.648630 0.042866
24978 24985 3.648630 0.042866
24977 24986 3.263434 0.054544
24979 24986 3.241605 0.060622
24986 24993 3.648630 0.042866
24978 24987 3.012474 0.028062
24989 24993 3.012474 0.028062
24978 24990 3.012474 0.028062
24983 24992 3.263434 0.054544
24985 24992 3.263434 0.054544
24982 24993 3.648630 0.042866
24988 24993 3.012474 0.028062
24983 24994 3.241605 0.060622
24985 24994 3.241605 0.060622
24996 25001 3.263434 0.054544
24998 25001 3.241605 0.060622
24997 25002 3.648630 0.042866
24997 25004 3.648630 0.042866
24996 25005 3.263434 0.054544
24998 25005 3.241605 0.060622
25005 25012 3.648630 0.042866
24997 25006 3.012474 0.028062
25008 25012 3.012474 0.028062
24997 25009 3.012474 0.028062
25002 25011 3.241605 0.060622
25004 25011 3.241605 0.060622
25001 25012 3.648630 0.042866
25007 25012 3.012474 0.028062
25002 25013 3.263434 0.054544
25004 25013 3.263434 0.054544
25003 25014 0.000000 0.000000
25016 25021 3.263434 0.054544
25018 25021 3.241605 0.060622
25017 25022 3.648630 0.042866
25017 25024 3.648630 0.042866
25016 25025 3.263434 0.054544
25018 25025 3.241605 0.060622
25025 25032 3.648630 0.042866
25017 25026 3.012474 0.028062
25028 25032 3.012474 0.028062
25017 25029 3.012474 0.028062
25022 25031 3.241605 0.060622
25024 25031 3.241605 0.060622
25021 25032 3.648630 0.042866
25027 25032 3.012474 0.028062
25022 25033 3.263434 0.054544
25024 25033 3.263434 0.054544
25023 25034 0.000000 0.000000
25036 25041 3.263434 0.054544
25038 25041 3.241605 0.060622
25037 25042 3.648630 0.042866
25037 25044 3.648630 0.042866
25036 25045 3.263434 0.054544
25038 25045 3.241605 0.060622
25045 25052 3.648630 0.042866
25037 25046 3.012474 0.028062
25048 25052 3.012474 0.028062
25037 25049 3.012474 0.028062
25042 25051 3.263434 0.054544
25044 25051 3.263434 0.054544
25041 25052 3.648630 0.042866
25047 25052 3.012474 0.028062
25042 25053 3.241605 0.060622
25044 25053 3.241605 0.060622
25055 25060 3.263434 0.054544
25057 25060 3.241605 0.060622
25056 25061 3.648630 0.042866
25056 25063 3.648630 0.042866
25055 25064 3.263434 0.054544
25057 25064 3.241605 0.060622
25064 25071 3.648630 0.042866
25056 25065 3.012474 0.028062
25067 25071 3.012474 0.028062
25056 25068 3.012474 0.028062
25061 25070 3.263434 0.054544
25063 25070 3.263434 0.054544
25060 25071 3.648630 0.042866
25066 25071 3.012474 0.028062
25061 25072 3.241605 0.060622
25063 25072 3.241605 0.060622
25077 25079 0.000000 0.000000
25074 25080 3.263434 0.054544
25076 25080 3.241605 0.060622
25075 25081 3.648630 0.042866
25075 25083 3.648630 0.042866
25074 25084 3.263434 0.054544
25076 25084 3.241605 0.060622
25084 25091 3.648630 0.042866
25075 25085 3.012474 0.028062
25087 25091 3.012474 0.028062
25075 25088 3.012474 0.028062
25081 25090 3.263434 0.054544
25083 25090 3.263434 0.054544
25080 25091 3.648630 0.042866
25086 25091 3.012474 0.028062
25081 25092 3.241605 0.060622
25083 25092 3.241605 0.060622
25094 25099 3.263434 0.054544
25096 25099 3.241605 0.060622
25095 25100 3.648630 0.042866
25095 25102 3.648630 0.042866
25094 25103 3.263434 0.054544
25096 25103 3.241605 0.060622
25103 25110 3.648630 0.042866
25095 25104 3.012474 0.028062
25106 25110 3.012474 0.028062
25095 25107 3.012474 0.028062
25100 25109 3.263434 0.054544
25102 25109 3.263434 0.054544
25099 25110 3.648630 0.042866
25105 25110 3.012474 0.028062
25100 25111 3.241605 0.060622
25102 25111 3.241605 0.060622
25113 25118 3.263434 0.054544
25115 25118 3.241605 0.060622
25114 25119 3.648630 0.042866
25114 25121 3.648630 0.042866
25113 25122 3.263434 0.054544
25115 25122 3.241605 0.060622
25122 25129 3.648630 0.042866
25114 25123 3.012474 0.028062
25125 25129 3.012474 0.028062
25114 25126 3.012474 0.028062
25119 25128 3.241605 0.060622
25121 25128 3.241605 0.060622
25118 25129 3.648630 0.042866
25124 25129 3.012474 0.028062
25119 25130 3.263434 0.054544
25121 25130 3.263434 0.054544
25120 25131 0.000000 0.000000
25133 25138 3.263434 0.054544
25135 25138 3.241605 0.060622
25134 25139 3.648630 0.042866
25134 25141 3.648630 0.042866
25133 25142 3.263434 0.054544
25135 25142 3.241605 0.060622
25142 25149 3.648630 0.042866
25134 25143 3.012474 0.028062
25145 25149 3.012474 0.028062
25134 25146 3.012474 0.028062
25139 25148 3.263434 0.054544
25141 25148 3.263434 0.054544
25138 25149 3.648630 0.042866
25144 25149 3.012474 0.028062
25139 25150 3.241605 0.060622
25141 25150 3.241605 0.060622
25152 25157 3.263434 0.054544
25154 25157 3.241605 0.060622
25153 25158 3.648630 0.042866
25153 25160 3.648630 0.042866
25152 25161 3.263434 0.054544
25154 25161 3.241605 0.060622
25161 25168 3.648630 0.042866
25153 25162 3.012474 0.028062
25164 25168 3.012474 0.028062
25153 25165 3.012474 0.028062
25158 25167 3.263434 0.054544
25160 25167 3.263434 0.054544
25157 25168 3.648630 0.042866
25163 25168 3.012474 0.028062
25158 25169 3.241605 0.060622
25160 25169 3.241605 0.060622
25171 25176 3.263434 0.054544
25173 25176 3.241605 0.060622
25172 25177 3.648630 0.042866
25172 25179 3.648630 0.042866
25171 25180 3.263434 0.054544
25173 25180 3.241605 0.060622
25180 25187 3.648630 0.042866
25172 25181 3.012474 0.028062
25183 25187 3.012474 0.028062
25172 25184 3.012474 0.028062
25177 25186 3.263434 0.054544
25179 25186 3.263434 0.054544
25176 25187 3.648630 0.042866
25182 25187 3.012474 0.028062
25177 25188 3.241605 0.060622
25179 25188 3.241605 0.060622
25190 25195 3.263434 0.054544
25192 25195 3.241605 0.060622
25191 25196 3.648630 0.042866
25191 25198 3.648630 0.042866
25190 25199 3.263434 0.054544
25192 25199 3.241605 0.060622
25199 25206 3.648630 0.042866
25191 25200 3.012474 0.028062
25202 25206 3.012474 0.028062
25191 25203 3.012474 0.028062
25196 25205 3.263434 0.054544
25198 25205 3.263434 0.054544
25195 25206 3.648630 0.042866
25201 25206 3.012474 0.028062
25196 25207 3.241605 0.060622
25198 25207 3.241605 0.060622
25209 25214 3.263434 0.054544
25211 25214 3.241605 0.060622
25210 25215 3.648630 0.042866
25210 25217 3.648630 0.042866
25209 25218 3.263434 0.054544
25211 25218 3.241605 0.060622
25218 25225 3.648630 0.042866
25210 25219 3.012474 0.028062
25221 25225 3.012474 0.028062
25210 25222 3.012474 0.028062
25215 25224 3.263434 0.054544
25217 25224 3.263434 0.054544
25214 25225 3.648630 0.042866
25220 25225 3.012474 0.028062
25215 25226 3.241605 0.060622
25217 25226 3.241605 0.060622
25228 25233 3.263434 0.054544
25230 25233 3.241605 0.060622
25229 25234 3.648630 0.042866
25229 25236 3.648630 0.042866
25228 25237 3.263434 0.054544
25230 25237 3.241605 0.060622
25237 25244 3.648630 0.042866
25229 25238 3.012474 0.028062
25240 25244 3.012474 0.028062
25229 25241 3.012474 0.028062
25234 25243 3.263434 0.054544
25236 25243 3.263434 0.054544
25233 25244 3.648630 0.042866
25239 25244 3.012474 0.028062
25234 25245 3.241605 0.060622
25236 25245 3.241605 0.060622
25247 25252 3.263434 0.054544
25249 25252 3.241605 0.060622
25248 25253 3.648630 0.042866
25248 25255 3.648630 0.042866
25247 25256 3.263434 0.054544
25249 25256 3.241605 0.060622
25256 25263 3.648630 0.042866
25248 25257 3.012474 0.028062
25259 25263 3.012474 0.028062
25248 25260 3.012474 0.028062
25253 25262 3.263434 0.054544
25255 25262 3.263434 0.054544
25252 25263 3.648630 0.042866
25258 25263 3.012474 0.028062
25253 25264 3.241605 0.060622
25255 25264 3.241605 0.060622
25266 25271 3.263434 0.054544
25268 25271 3.241605 0.060622
25267 25272 3.648630 0.042866
25267 25274 3.648630 0.042866
25266 25275 3.263434 0.054544
25268 25275 3.241605 0.060622
25275 25282 3.648630 0.042866
25267 25276 3.012474 0.028062
25278 25282 3.012474 0.028062
25267 25279 3.012474 0.028062
25272 25281 3.263434 0.054544
25274 25281 3.263434 0.054544
25271 25282 3.648630 0.042866
25277 25282 3.012474 0.028062
25272 25283 3.241605 0.060622
25274 25283 3.241605 0.060622
25285 25290 3.263434 0.054544
25287 25290 3.241605 0.060622
25286 25291 3.648630 0.042866
25286 25293 3.648630 0.042866
25285 25294 3.263434 0.054544
25287 25294 3.241605 0.060622
25294 25301 3.648630 0.042866
25286 25295 3.012474 0.028062
25297 25301 3.012474 0.028062
25286 25298 3.012474 0.028062
25291 25300 3.263434 0.054544
25293 25300 3.263434 0.054544
25290 25301 3.648630 0.042866
25296 25301 3.012474 0.028062
25291 25302 3.241605 0.060622
25293 25302 3.241605 0.060622
25304 25309 3.263434 0.054544
25306 25309 3.241605 0.060622
25305 25310 3.648630 0.042866
25305 25312 3.648630 0.042866
25304 25313 3.263434 0.054544
25306 25313 3.241605 0.060622
25313 25320 3.648630 0.042866
25305 25314 3.012474 0.028062
25316 25320 3.012474 0.028062
25305 25317 3.012474 0.028062
25310 25319 3.263434 0.054544
25312 25319 3.263434 0.054544
25309 25320 3.648630 0.042866
25315 25320 3.012474 0.028062
25310 25321 3.241605 0.060622
25312 25321 3.241605 0.060622
25323 25328 3.263434 0.054544
25325 25328 3.241605 0.060622
25324 25329 3.648630 0.042866
25324 25331 3.648630 0.042866
25323 25332 3.263434 0.054544
25325 25332 3.241605 0.060622
25332 25339 3.648630 0.042866
25324 25333 3.012474 0.028062
25335 25339 3.012474 0.028062
25324 25336 3.012474 0.028062
25329 25338 3.263434 0.054544
25331 25338 3.263434 0.054544
25328 25339 3.648630 0.042866
25334 25339 3.012474 0.028062
25329 25340 3.241605 0.060622
25331 25340 3.241605 0.060622
25342 25347 3.263434 0.054544
25344 25347 3.241605 0.060622
25343 25348 3.648630 0.042866
25343 25350 3.648630 0.042866
25342 25351 3.263434 0.054544
25344 25351 3.241605 0.060622
25351 25358 3.648630 0.042866
25343 25352 3.012474 0.028062
25354 25358 3.012474 0.028062
25343 25355 3.012474 0.028062
25348 25357 3.241605 0.060622
25350 25357 3.241605 0.060622
25347 25358 3.648630 0.042866
25353 25358 3.012474 0.028062
25348 25359 3.263434 0.054544
25350 25359 3.263434 0.054544
25349 25360 0.000000 0.000000
25362 25367 3.263434 0.054544
25364 25367 3.241605 0.060622
25363 25368 3.648630 0.042866
25363 25370 3.648630 0.042866
25362 25371 3.263434 0.054544
25364 25371 3.241605 0.060622
25371 25378 3.648630 0.042866
25363 25372 3.012474 0.028062
25374 25378 3.012474 0.028062
25363 25375 3.012474 0.028062
25368 25377 3.263434 0.054544
25370 25377 3.263434 0.054544
25367 25378 3.648630 0.042866
25373 25378 3.012474 0.028062
25368 25379 3.241605 0.060622
25370 25379 3.241605 0.060622
25381 25386 3.263434 0.054544
25383 25386 3.241605 0.060622
25382 25387 3.648630 0.042866
25382 25389 3.648630 0.042866
25381 25390 3.263434 0.054544
25383 25390 3.241605 0.060622
25390 25397 3.648630 0.042866
25382 25391 3.012474 0.028062
25393 25397 3.012474 0.028062
25382 25394 3.012474 0.028062
25387 25396 3.263434 0.054544
25389 25396 3.263434 0.054544
25386 25397 3.648630 0.042866
25392 25397 3.012474 0.028062
25387 25398 3.241605 0.060622
25389 25398 3.241605 0.060622
25400 25405 3.263434 0.054544
25402 25405 3.241605 0.060622
25401 25406 3.648630 0.042866
25401 25408 3.648630 0.042866
25400 25409 3.263434 0.054544
25402 25409 3.241605 0.060622
25409 25416 3.648630 0.042866
25401 25410 3.012474 0.028062
25412 25416 3.012474 0.028062
25401 25413 3.012474 0.028062
25406 25415 3.263434 0.054544
25408 25415 3.263434 0.054544
25405 25416 3.648630 0.042866
25411 25416 3.012474 0.028062
25406 25417 3.241605 0.060622
25408 25417 3.241605 0.060622
25419 25424 3.263434 0.054544
25421 25424 3.241605 0.060622
25420 25425 3.648630 0.042866
25420 25427 3.648630 0.042866
25419 25428 3.263434 0.054544
25421 25428 3.241605 0.060622
25428 25435 3.648630 0.042866
25420 25429 3.012474 0.028062
25431 25435 3.012474 0.028062
25420 25432 3.012474 0.028062
25425 25434 3.241605 0.060622
25427 25434 3.241605 0.060622
25424 25435 3.648630 0.042866
25430 25435 3.012474 0.028062
25425 25436 3.263434 0.054544
25427 25436 3.263434 0.054544
25426 25437 0.000000 0.000000
25439 25444 3.263434 0.054544
25441 25444 3.241605 0.060622
25440 25445 3.648630 0.042866
25440 25447 3.648630 0.042866
25439 25448 3.263434 0.054544
25441 25448 3.241605 0.060622
25448 25455 3.648630 0.042866
25440 25449 3.012474 0.028062
25451 25455 3.012474 0.028062
25440 25452 3.012474 0.028062
25445 25454 3.263434 0.054544
25447 25454 3.263434 0.054544
25444 25455 3.648630 0.042866
25450 25455 3.012474 0.028062
25445 25456 3.241605 0.060622
25447 25456 3.241605 0.060622
25461 25463 0.000000 0.000000
25458 25464 3.263434 0.054544
25460 25464 3.241605 0.060622
25459 25465 3.648630 0.042866
25459 25467 3.648630 0.042866
25458 25468 3.263434 0.054544
25460 25468 3.241605 0.060622
25468 25475 3.648630 0.042866
25459 25469 3.012474 0.028062
25471 25475 3.012474 0.028062
25459 25472 3.012474 0.028062
25465 25474 3.241605 0.060622
25467 25474 3.241605 0.060622
25464 25475 3.648630 0.042866
25470 25475 3.012474 0.028062
25465 25476 3.263434 0.054544
25467 25476 3.263434 0.054544
25466 25477 0.000000 0.000000
25479 25484 3.263434 0.054544
25481 25484 3.241605 0.060622
25480 25485 3.648630 0.042866
25480 25487 3.648630 0.042866
25479 25488 3.263434 0.054544
25481 25488 3.241605 0.060622
25488 25495 3.648630 0.042866
25480 25489 3.012474 0.028062
25491 25495 3.012474 0.028062
25480 25492 3.012474 0.028062
25485 25494 3.263434 0.054544
25487 25494 3.263434 0.054544
25484 25495 3.648630 0.042866
25490 25495 3.012474 0.028062
25485 25496 3.241605 0.060622
25487 25496 3.241605 0.060622
25498 25503 3.263434 0.054544
25500 25503 3.241605 0.060622
25499 25504 3.648630 0.042866
25499 25506 3.648630 0.042866
25498 25507 3.263434 0.054544
25500 25507 3.241605 0.060622
25507 25514 3.648630 0.042866
25499 25508 3.012474 0.028062
25510 25514 3.012474 0.028062
25499 25511 3.012474 0.028062
25504 25513 3.241605 0.060622
25506 25513 3.241605 0.060622
25503 25514 3.648630 0.042866
25509 25514 3.012474 0.028062
25504 25515 3.263434 0.054544
25506 25515 3.263434 0.054544
25505 25516 0.000000 0.000000
25518 25523 3.263434 0.054544
25520 25523 3.241605 0.060622
25519 25524 3.648630 0.042866
25519 25526 3.648630 0.042866
25518 25527 3.263434 0.054544
25520 25527 3.241605 0.060622
25527 25534 3.648630 0.042866
25519 25528 3.012474 0.028062
25530 25534 3.012474 0.028062
25519 25531 3.012474 0.028062
25524 25533 3.263434 0.054544
25526 25533 3.263434 0.054544
25523 25534 3.648630 0.042866
25529 25534 3.012474 0.028062
25524 25535 3.241605 0.060622
25526 25535 3.241605 0.060622
25537 25542 3.263434 0.054544
25539 25542 3.241605 0.060622
25538 25543 3.648630 0.042866
25538 25545 3.648630 0.042866
25537 25546 3.263434 0.054544
25539 25546 3.241605 0.060622
25546 25553 3.648630 0.042866
25538 25547 3.012474 0.028062
25549 25553 3.012474 0.028062
25538 25550 3.012474 0.028062
25543 25552 3.263434 0.054544
25545 25552 3.263434 0.054544
25542 25553 3.648630 0.042866
25548 25553 3.012474 0.028062
25543 25554 3.241605 0.060622
25545 25554 3.241605 0.060622
25556 25561 3.263434 0.054544
25558 25561 3.241605 0.060622
25557 25562 3.648630 0.042866
25557 25564 3.648630 0.042866
25556 25565 3.263434 0.054544
25558 25565 3.241605 0.060622
25565 25572 3.648630 0.042866
25557 25566 3.012474 0.028062
25568 25572 3.012474 0.028062
25557 25569 3.012474 0.028062
25562 25571 3.263434 0.054544
25564 25571 3.263434 0.054544
25561 25572 3.648630 0.042866
25567 25572 3.012474 0.028062
25562 25573 3.241605 0.060622
25564 25573 3.241605 0.060622
25575 25580 3.263434 0.054544
25577 25580 3.241605 0.060622
25576 25581 3.648630 0.042866
25576 25583 3.648630 0.042866
25575 25584 3.263434 0.054544
25577 25584 3.241605 0.060622
25584 25591 3.648630 0.042866
25576 25585 3.012474 0.028062
25587 25591 3.012474 0.028062
25576 25588 3.012474 0.028062
25581 25590 3.263434 0.054544
25583 25590 3.263434 0.054544
25580 25591 3.648630 0.042866
25586 25591 3.012474 0.028062
25581 25592 3.241605 0.060622
25583 25592 3.241605 0.060622
25594 25599 3.263434 0.054544
25596 25599 3.241605 0.060622
25595 25600 3.648630 0.042866
25595 25602 3.648630 0.042866
25594 25603 3.263434 0.054544
25596 25603 3.241605 0.060622
25603 25610 3.648630 0.042866
25595 25604 3.012474 0.028062
25606 25610 3.012474 0.028062
25595 25607 3.012474 0.028062
25600 25609 3.263434 0.054544
25602 25609 3.263434 0.054544
25599 25610 3.648630 0.042866
25605 25610 3.012474 0.028062
25600 25611 3.241605 0.060622
25602 25611 3.241605 0.060622
25613 25618 3.263434 0.054544
25615 25618 3.241605 0.060622
25614 25619 3.648630 0.042866
25614 25621 3.648630 0.042866
25613 25622 3.263434 0.054544
25615 25622 3.241605 0.060622
25622 25629 3.648630 0.042866
25614 25623 3.012474 0.028062
25625 25629 3.012474 0.028062
25614 25626 3.012474 0.028062
25619 25628 3.263434 0.054544
25621 25628 3.263434 0.054544
25618 25629 3.648630 0.042866
25624 25629 3.012474 0.028062
25619 25630 3.241605 0.060622
25621 25630 3.241605 0.060622
25632 25637 3.263434 0.054544
25634 25637 3.241605 0.060622
25633 25638 3.648630 0.042866
25633 25640 3.648630 0.042866
25632 25641 3.263434 0.054544
25634 25641 3.241605 0.060622
25641 25648 3.648630 0.042866
25633 25642 3.012474 0.028062
25644 25648 3.012474 0.028062
25633 25645 3.012474 0.028062
25638 25647 3.263434 0.054544
25640 25647 3.263434 0.054544
25637 25648 3.648630 0.042866
25643 25648 3.012474 0.028062
25638 25649 3.241605 0.060622
25640 25649 3.241605 0.060622
25654 25656 0.000000 0.000000
25651 25657 3.263434 0.054544
25653 25657 3.241605 0.060622
25652 25658 3.648630 0.042866
25652 25660 3.648630 0.042866
25651 25661 3.263434 0.054544
25653 25661 3.241605 0.060622
25661 25668 3.648630 0.042866
25652 25662 3.012474 0.028062
25664 25668 3.012474 0.028062
25652 25665 3.012474 0.028062
25658 25667 3.241605 0.060622
25660 25667 3.241605 0.060622
25657 25668 3.648630 0.042866
25663 25668 3.012474 0.028062
25658 25669 3.263434 0.054544
25660 25669 3.263434 0.054544
25659 25670 0.000000 0.000000
25672 25677 3.263434 0.054544
25674 25677 3.241605 0.060622
25673 25678 3.648630 0.042866
25673 25680 3.648630 0.042866
25672 25681 3.263434 0.054544
25674 25681 3.241605 0.060622
25681 25688 3.648630 0.042866
25673 25682 3.012474 0.028062
25684 25688 3.012474 0.028062
25673 25685 3.012474 0.028062
25678 25687 3.263434 0.054544
25680 25687 3.263434 0.054544
25677 25688 3.648630 0.042866
25683 25688 3.012474 0.028062
25678 25689 3.241605 0.060622
25680 25689 3.241605 0.060622
25691 25696 3.263434 0.054544
25693 25696 3.241605 0.060622
25692 25697 3.648630 0.042866
25692 25699 3.648630 0.042866
25691 25700 3.263434 0.054544
25693 25700 3.241605 0.060622
25700 25707 3.648630 0.042866
25692 25701 3.012474 0.028062
25703 25707 3.012474 0.028062
25692 25704 3.012474 0.028062
25697 25706 3.263434 0.054544
25699 25706 3.263434 0.054544
25696 25707 3.648630 0.042866
25702 25707 3.012474 0.028062
25697 25708 3.241605 0.060622
25699 25708 3.241605 0.060622
25710 25715 3.263434 0.054544
25712 25715 3.241605 0.060622
25711 25716 3.648630 0.042866
25711 25718 3.648630 0.042866
25710 25719 3.263434 0.054544
25712 25719 3.241605 0.060622
25719 25726 3.648630 0.042866
25711 25720 3.012474 0.028062
25722 25726 3.012474 0.028062
25711 25723 3.012474 0.028062
25716 25725 3.263434 0.054544
25718 25725 3.263434 0.054544
25715 25726 3.648630 0.042866
25721 25726 3.012474 0.028062
25716 25727 3.241605 0.060622
25718 25727 3.241605 0.060622
25729 25734 3.263434 0.054544
25731 25734 3.241605 0.060622
25730 25735 3.648630 0.042866
25730 25737 3.648630 0.042866
25729 25738 3.263434 0.054544
25731 25738 3.241605 0.060622
25738 25745 3.648630 0.042866
25730 25739 3.012474 0.028062
25741 25745 3.012474 0.028062
25730 25742 3.012474 0.028062
25735 25744 3.263434 0.054544
25737 25744 3.263434 0.054544
25734 25745 3.648630 0.042866
25740 25745 3.012474 0.028062
25735 25746 3.241605 0.060622
25737 25746 3.241605 0.060622
25751 25753 0.000000 0.000000
25748 25754 3.263434 0.054544
25750 25754 3.241605 0.060622
25749 25755 3.648630 0.042866
25749 25757 3.648630 0.042866
25748 25758 3.263434 0.054544
25750 25758 3.241605 0.060622
25758 25765 3.648630 0.042866
25749 25759 3.012474 0.028062
25761 25765 3.012474 0.028062
25749 25762 3.012474 0.028062
25755 25764 3.263434 0.054544
25757 25764 3.263434 0.054544
25754 25765 3.648630 0.042866
25760 25765 3.012474 0.028062
25755 25766 3.241605 0.060622
25757 25766 3.241605 0.060622
25768 25773 3.263434 0.054544
25770 25773 3.241605 0.060622
25769 25774 3.648630 0.042866
25769 25776 3.648630 0.042866
25768 25777 3.263434 0.054544
25770 25777 3.241605 0.060622
25777 25784 3.648630 0.042866
25769 25778 3.012474 0.028062
25780 25784 3.012474 0.028062
25769 25781 3.012474 0.028062
25774 25783 3.263434 0.054544
25776 25783 3.263434 0.054544
25773 25784 3.648630 0.042866
25779 25784 3.012474 0.028062
25774 25785 3.241605 0.060622
25776 25785 3.241605 0.060622
25790 25792 0.000000 0.000000
25787 25793 3.263434 0.054544
25789 25793 3.241605 0.060622
25788 25794 3.648630 0.042866
25788 25796 3.648630 0.042866
25787 25797 3.263434 0.054544
25789 25797 3.241605 0.060622
25797 25804 3.648630 0.042866
25788 25798 3.012474 0.028062
25800 25804 3.012474 0.028062
25788 25801 3.012474 0.028062
25794 25803 3.263434 0.054544
25796 25803 3.263434 0.054544
25793 25804 3.648630 0.042866
25799 25804 3.012474 0.028062
25794 25805 3.241605 0.060622
25796 25805 3.241605 0.060622
25807 25812 3.263434 0.054544
25809 25812 3.241605 0.060622
25808 25813 3.648630 0.042866
25808 25815 3.648630 0.042866
25807 25816 3.263434 0.054544
25809 25816 3.241605 0.060622
25816 25823 3.648630 0.042866
25808 25817 3.012474 0.028062
25819 25823 3.012474 0.028062
25808 25820 3.012474 0.028062
25813 25822 3.263434 0.054544
25815 25822 3.263434 0.054544
25812 25823 3.648630 0.042866
25818 25823 3.012474 0.028062
25813 25824 3.241605 0.060622
25815 25824 3.241605 0.060622
25829 25831 0.000000 0.000000
25826 25832 3.263434 0.054544
25828 25832 3.241605 0.060622
25827 25833 3.648630 0.042866
25827 25835 3.648630 0.042866
25826 25836 3.263434 0.054544
25828 25836 3.241605 0.060622
25836 25843 3.648630 0.042866
25827 25837 3.012474 0.028062
25839 25843 3.012474 0.028062
25827 25840 3.012474 0.028062
25833 25842 3.263434 0.054544
25835 25842 3.263434 0.054544
25832 25843 3.648630 0.042866
25838 25843 3.012474 0.028062
25833 25844 3.241605 0.060622
25835 25844 3.241605 0.060622
25846 25851 3.263434 0.054544
25848 25851 3.241605 0.060622
25847 25852 3.648630 0.042866
25847 25854 3.648630 0.042866
25846 25855 3.263434 0.054544
25848 25855 3.241605 0.060622
25855 25862 3.648630 0.042866
25847 25856 3.012474 0.028062
25858 25862 3.012474 0.028062
25847 25859 3.012474 0.028062
25852 25861 3.263434 0.054544
25854 25861 3.263434 0.054544
25851 25862 3.648630 0.042866
25857 25862 3.012474 0.028062
25852 25863 3.241605 0.060622
25854 25863 3.241605 0.060622
25865 25870 3.263434 0.054544
25867 25870 3.241605 0.060622
25866 25871 3.648630 0.042866
25866 25873 3.648630 0.042866
25865 25874 3.263434 0.054544
25867 25874 3.241605 0.060622
25874 25881 3.648630 0.042866
25866 25875 3.012474 0.028062
25877 25881 3.012474 0.028062
25866 25878 3.012474 0.028062
25871 25880 3.241605 0.060622
25873 25880 3.241605 0.060622
25870 25881 3.648630 0.042866
25876 25881 3.012474 0.028062
25871 25882 3.263434 0.054544
25873 25882 3.263434 0.054544
25872 25883 0.000000 0.000000
25885 25890 3.263434 0.054544
25887 25890 3.241605 0.060622
25886 25891 3.648630 0.042866
25886 25893 3.648630 0.042866
25885 25894 3.263434 0.054544
25887 25894 3.241605 0.060622
25894 25901 3.648630 0.042866
25886 25895 3.012474 0.028062
25897 25901 3.012474 0.028062
25886 25898 3.012474 0.028062
25891 25900 3.263434 0.054544
25893 25900 3.263434 0.054544
25890 25901 3.648630 0.042866
25896 25901 3.012474 0.028062
25891 25902 3.241605 0.060622
25893 25902 3.241605 0.060622
25904 25909 3.263434 0.054544
25906 25909 3.241605 0.060622
25905 25910 3.648630 0.042866
25905 25912 3.648630 0.042866
25904 25913 3.263434 0.054544
25906 25913 3.241605 0.060622
25913 25920 3.648630 0.042866
25905 25914 3.012474 0.028062
25916 25920 3.012474 0.028062
25905 25917 3.012474 0.028062
25910 25919 3.263434 0.054544
25912 25919 3.263434 0.054544
25909 25920 3.648630 0.042866
25915 25920 3.012474 0.028062
25910 25921 3.241605 0.060622
25912 25921 3.241605 0.060622
25923 25928 3.263434 0.054544
25925 25928 3.241605 0.060622
25924 25929 3.648630 0.042866
25924 25931 3.648630 0.042866
25923 25932 3.263434 0.054544
25925 25932 3.241605 0.060622
25932 25939 3.648630 0.042866
25924 25933 3.012474 0.028062
25935 25939 3.012474 0.028062
25924 25936 3.012474 0.028062
25929 25938 3.263434 0.054544
25931 25938 3.263434 0.054544
25928 25939 3.648630 0.042866
25934 25939 3.012474 0.028062
25929 25940 3.241605 0.060622
25931 25940 3.241605 0.060622
25942 25947 3.263434 0.054544
25944 25947 3.241605 0.060622
25943 25948 3.648630 0.042866
25943 25950 3.648630 0.042866
25942 25951 3.263434 0.054544
25944 25951 3.241605 0.060622
25951 25958 3.648630 0.042866
25943 25952 3.012474 0.028062
25954 25958 3.012474 0.028062
25943 25955 3.012474 0.028062
25948 25957 3.263434 0.054544
25950 25957 3.263434 0.054544
25947 25958 3.648630 0.042866
25953 25958 3.012474 0.028062
25948 25959 3.241605 0.060622
25950 25959 3.241605 0.060622
25961 25966 3.263434 0.054544
25963 25966 3.241605 0.060622
25962 25967 3.648630 0.042866
25962 25969 3.648630 0.042866
25961 25970 3.263434 0.054544
25963 25970 3.241605 0.060622
25970 25977 3.648630 0.042866
25962 25971 3.012474 0.028062
25973 25977 3.012474 0.028062
25962 25974 3.012474 0.028062
25967 25976 3.263434 0.054544
25969 25976 3.263434 0.054544
25966 25977 3.648630 0.042866
25972 25977 3.012474 0.028062
25967 25978 3.241605 0.060622
25969 25978 3.241605 0.060622
25980 25985 3.263434 0.054544
25982 25985 3.241605 0.060622
25981 25986 3.648630 0.042866
25981 25988 3.648630 0.042866
25980 25989 3.263434 0.054544
25982 25989 3.241605 0.060622
25989 25996 3.648630 0.042866
25981 25990 3.012474 0.028062
25992 25996 3.012474 0.028062
25981 25993 3.012474 0.028062
25986 25995 3.263434 0.054544
25988 25995 3.263434 0.054544
25985 25996 3.648630 0.042866
25991 25996 3.012474 0.028062
25986 25997 3.241605 0.060622
25988 25997 3.241605 0.060622
25999 26004 3.263434 0.054544
26001 26004 3.241605 0.060622
26000 26005 3.648630 0.042866
26000 26007 3.648630 0.042866
25999 26008 3.263434 0.054544
26001 26008 3.241605 0.060622
26008 26015 3.648630 0.042866
26000 26009 3.012474 0.028062
26011 26015 3.012474 0.028062
26000 26012 3.012474 0.028062
26005 26014 3.263434 0.054544
26007 26014 3.263434 0.054544
26004 26015 3.648630 0.042866
26010 26015 3.012474 0.028062
26005 26016 3.241605 0.060622
26007 26016 3.241605 0.060622
26018 26023 3.263434 0.054544
26020 26023 3.241605 0.060622
26019 26024 3.648630 0.042866
26019 26026 3.648630 0.042866
26018 26027 3.263434 0.054544
26020 26027 3.241605 0.060622
26027 26034 3.648630 0.042866
26019 26028 3.012474 0.028062
26030 26034 3.012474 0.028062
26019 26031 3.012474 0.028062
26024 26033 3.263434 0.054544
26026 26033 3.263434 0.054544
26023 26034 3.648630 0.042866
26029 26034 3.012474 0.028062
26024 26035 3.241605 0.060622
26026 26035 3.241605 0.060622
26040 26042 0.000000 0.000000
26037 26043 3.263434 0.054544
26039 26043 3.241605 0.060622
26038 26044 3.648630 0.042866
26038 26046 3.648630 0.042866
26037 26047 3.263434 0.054544
26039 26047 3.241605 0.060622
26047 26054 3.648630 0.042866
26038 26048 3.012474 0.028062
26050 26054 3.012474 0.028062
26038 26051 3.012474 0.028062
26044 26053 3.263434 0.054544
26046 26053 3.263434 0.054544
26043 26054 3.648630 0.042866
26049 26054 3.012474 0.028062
26044 26055 3.241605 0.060622
26046 26055 3.241605 0.060622
26057 26062 3.263434 0.054544
26059 26062 3.241605 0.060622
26058 26063 3.648630 0.042866
26058 26065 3.648630 0.042866
26057 26066 3.263434 0.054544
26059 26066 3.241605 0.060622
26066 26073 3.648630 0.042866
26058 26067 3.012474 0.028062
26069 26073 3.012474 0.028062
26058 26070 3.012474 0.028062
26063 26072 3.263434 0.054544
26065 26072 3.263434 0.054544
26062 26073 3.648630 0.042866
26068 26073 3.012474 0.028062
26063 26074 3.241605 0.060622
26065 26074 3.241605 0.060622
26079 26081 0.000000 0.000000
26076 26082 3.263434 0.054544
26078 26082 3.241605 0.060622
26077 26083 3.648630 0.042866
26077 26085 3.648630 0.042866
26076 26086 3.263434 0.054544
26078 26086 3.241605 0.060622
26086 26093 3.648630 0.042866
26077 26087 3.012474 0.028062
26089 26093 3.012474 0.028062
26077 26090 3.012474 0.028062
26083 26092 3.263434 0.054544
26085 26092 3.263434 0.054544
26082 26093 3.648630 0.042866
26088 26093 3.012474 0.028062
26083 26094 3.241605 0.060622
26085 26094 3.241605 0.060622
26096 26101 3.263434 0.054544
26098 26101 3.241605 0.060622
26097 26102 3.648630 0.042866
26097 26104 3.648630 0.042866
26096 26105 3.263434 0.054544
26098 26105 3.241605 0.060622
26105 26112 3.648630 0.042866
26097 26106 3.012474 0.028062
26108 26112 3.012474 0.028062
26097 26109 3.012474 0.028062
26102 26111 3.263434 0.054544
26104 26111 3.263434 0.054544
26101 26112 3.648630 0.042866
26107 26112 3.012474 0.028062
26102 26113 3.241605 0.060622
26104 26113 3.241605 0.060622
26115 26120 3.263434 0.054544
26117 26120 3.241605 0.060622
26116 26121 3.648630 0.042866
26116 26123 3.648630 0.042866
26115 26124 3.263434 0.054544
26117 26124 3.241605 0.060622
26124 26131 3.648630 0.042866
26116 26125 3.012474 0.028062
26127 26131 3.012474 0.028062
26116 26128 3.012474 0.028062
26121 26130 3.263434 0.054544
26123 26130 3.263434 0.054544
26120 26131 3.648630 0.042866
26126 26131 3.012474 0.028062
26121 26132 3.241605 0.060622
26123 26132 3.241605 0.060622
26134 26139 3.263434 0.054544
26136 26139 3.241605 0.060622
26135 26140 3.648630 0.042866
26135 26142 3.648630 0.042866
26134 26143 3.263434 0.054544
26136 26143 3.241605 0.060622
26143 26150 3.648630 0.042866
26135 26144 3.012474 0.028062
26146 26150 3.012474 0.028062
26135 26147 3.012474 0.028062
26140 26149 3.241605 0.060622
26142 26149 3.241605 0.060622
26139 26150 3.648630 0.042866
26145 26150 3.012474 0.028062
26140 26151 3.263434 0.054544
26142 26151 3.263434 0.054544
26141 26152 0.000000 0.000000
26154 26159 3.263434 0.054544
26156 26159 3.241605 0.060622
26155 26160 3.648630 0.042866
26155 26162 3.648630 0.042866
26154 26163 3.263434 0.054544
26156 26163 3.241605 0.060622
26163 26170 3.648630 0.042866
26155 26164 3.012474 0.028062
26166 26170 3.012474 0.028062
26155 26167 3.012474 0.028062
26160 26169 3.241605 0.060622
26162 26169 3.241605 0.060622
26159 26170 3.648630 0.042866
26165 26170 3.012474 0.028062
26160 26171 3.263434 0.054544
26162 26171 3.263434 0.054544
26161 26172 0.000000 0.000000
26174 26179 3.263434 0.054544
26176 26179 3.241605 0.060622
26175 26180 3.648630 0.042866
26175 26182 3.648630 0.042866
26174 26183 3.263434 0.054544
26176 26183 3.241605 0.060622
26183 26190 3.648630 0.042866
26175 26184 3.012474 0.028062
26186 26190 3.012474 0.028062
26175 26187 3.012474 0.028062
26180 26189 3.263434 0.054544
26182 26189 3.263434 0.054544
26179 26190 3.648630 0.042866
26185 26190 3.012474 0.028062
26180 26191 3.241605 0.060622
26182 26191 3.241605 0.060622
26193 26198 3.263434 0.054544
26195 26198 3.241605 0.060622
26194 26199 3.648630 0.042866
26194 26201 3.648630 0.042866
26193 26202 3.263434 0.054544
26195 26202 3.241605 0.060622
26202 26209 3.648630 0.042866
26194 26203 3.012474 0.028062
26205 26209 3.012474 0.028062
26194 26206 3.012474 0.028062
26199 26208 3.263434 0.054544
26201 26208 3.263434 0.054544
26198 26209 3.648630 0.042866
26204 26209 3.012474 0.028062
26199 26210 3.241605 0.060622
26201 26210 3.241605 0.060622
26212 26217 3.263434 0.054544
26214 26217 3.241605 0.060622
26213 26218 3.648630 0.042866
26213 26220 3.648630 0.042866
26212 26221 3.263434 0.054544
26214 26221 3.241605 0.060622
26221 26228 3.648630 0.042866
26213 26222 3.012474 0.028062
26224 26228 3.012474 0.028062
26213 26225 3.012474 0.028062
26218 26227 3.263434 0.054544
26220 26227 3.263434 0.054544
26217 26228 3.648630 0.042866
26223 26228 3.012474 0.028062
26218 26229 3.241605 0.060622
26220 26229 3.241605 0.060622
26231 26236 3.263434 0.054544
26233 26236 3.241605 0.060622
26232 26237 3.648630 0.042866
26232 26239 3.648630 0.042866
26231 26240 3.263434 0.054544
26233 26240 3.241605 0.060622
26240 26247 3.648630 0.042866
26232 26241 3.012474 0.028062
26243 26247 3.012474 0.028062
26232 26244 3.012474 0.028062
26237 26246 3.263434 0.054544
26239 26246 3.263434 0.054544
26236 26247 3.648630 0.042866
26242 26247 3.012474 0.028062
26237 26248 3.241605 0.060622
26239 26248 3.241605 0.060622
26250 26255 3.263434 0.054544
26252 26255 3.241605 0.060622
26251 26256 3.648630 0.042866
26251 26258 3.648630 0.042866
26250 26259 3.263434 0.054544
26252 26259 3.241605 0.060622
26259 26266 3.648630 0.042866
26251 26260 3.012474 0.028062
26262 26266 3.012474 0.028062
26251 26263 3.012474 0.028062
26256 26265 3.263434 0.054544
26258 26265 3.263434 0.054544
26255 26266 3.648630 0.042866
26261 26266 3.012474 0.028062
26256 26267 3.241605 0.060622
26258 26267 3.241605 0.060622
26269 26274 3.263434 0.054544
26271 26274 3.241605 0.060622
26270 26275 3.648630 0.042866
26270 26277 3.648630 0.042866
26269 26278 3.263434 0.054544
26271 26278 3.241605 0.060622
26278 26285 3.648630 0.042866
26270 26279 3.012474 0.028062
26281 26285 3.012474 0.028062
26270 26282 3.012474 0.028062
26275 26284 3.241605 0.060622
26277 26284 3.241605 0.060622
26274 26285 3.648630 0.042866
26280 26285 3.012474 0.028062
26275 26286 3.263434 0.054544
26277 26286 3.263434 0.054544
26276 26287 0.000000 0.000000
26289 26294 3.263434 0.054544
26291 26294 3.241605 0.060622
26290 26295 3.648630 0.042866
26290 26297 3.648630 0.042866
26289 26298 3.263434 0.054544
26291 26298 3.241605 0.060622
26298 26305 3.648630 0.042866
26290 26299 3.012474 0.028062
26301 26305 3.012474 0.028062
26290 26302 3.012474 0.028062
26295 26304 3.263434 0.054544
26297 26304 3.263434 0.054544
26294 26305 3.648630 0.042866
26300 26305 3.012474 0.028062
26295 26306 3.241605 0.060622
26297 26306 3.241605 0.060622
26311 26313 0.000000 0.000000
26308 26314 3.263434 0.054544
26310 26314 3.241605 0.060622
26309 26315 3.648630 0.042866
26309 26317 3.648630 0.042866
26308 26318 3.263434 0.054544
26310 26318 3.241605 0.060622
26318 26325 3.648630 0.042866
26309 26319 3.012474 0.028062
26321 26325 3.012474 0.028062
26309 26322 3.012474 0.028062
26315 26324 3.263434 0.054544
26317 26324 3.263434 0.054544
26314 26325 3.648630 0.042866
26320 26325 3.012474 0.028062
26315 26326 3.241605 0.060622
26317 26326 3.241605 0.060622
26328 26333 3.263434 0.054544
26330 26333 3.241605 0.060622
26329 26334 3.648630 0.042866
26329 26336 3.648630 0.042866
26328 26337 3.263434 0.054544
26330 26337 3.241605 0.060622
26337 26344 3.648630 0.042866
26329 26338 3.012474 0.028062
26340 26344 3.012474 0.028062
26329 26341 3.012474 0.028062
26334 26343 3.263434 0.054544
26336 26343 3.263434 0.054544
26333 26344 3.648630 0.042866
26339 26344 3.012474 0.028062
26334 26345 3.241605 0.060622
26336 26345 3.241605 0.060622
26347 26352 3.263434 0.054544
26349 26352 3.241605 0.060622
26348 26353 3.648630 0.042866
26348 26355 3.648630 0.042866
26347 26356 3.263434 0.054544
26349 26356 3.241605 0.060622
26356 26363 3.648630 0.042866
26348 26357 3.012474 0.028062
26359 26363 3.012474 0.028062
26348 26360 3.012474 0.028062
26353 26362 3.263434 0.054544
26355 26362 3.263434 0.054544
26352 26363 3.648630 0.042866
26358 26363 3.012474 0.028062
26353 26364 3.241605 0.060622
26355 26364 3.241605 0.060622
26366 26371 3.263434 0.054544
26368 26371 3.241605 0.060622
26367 26372 3.648630 0.042866
26367 26374 3.648630 0.042866
26366 26375 3.263434 0.054544
26368 26375 3.241605 0.060622
26375 26382 3.648630 0.042866
26367 26376 3.012474 0.028062
26378 26382 3.012474 0.028062
26367 26379 3.012474 0.028062
26372 26381 3.263434 0.054544
26374 26381 3.263434 0.054544
26371 26382 3.648630 0.042866
26377 26382 3.012474 0.028062
26372 26383 3.241605 0.060622
26374 26383 3.241605 0.060622
26385 26390 3.263434 0.054544
26387 26390 3.241605 0.060622
26386 26391 3.648630 0.042866
26386 26393 3.648630 0.042866
26385 26394 3.263434 0.054544
26387 26394 3.241605 0.060622
26394 26401 3.648630 0.042866
26386 26395 3.012474 0.028062
26397 26401 3.012474 0.028062
26386 26398 3.012474 0.028062
26391 26400 3.263434 0.054544
26393 26400 3.263434 0.054544
26390 26401 3.648630 0.042866
26396 26401 3.012474 0.028062
26391 26402 3.241605 0.060622
26393 26402 3.241605 0.060622
26407 26409 0.000000 0.000000
26404 26410 3.263434 0.054544
26406 26410 3.241605 0.060622
26405 26411 3.648630 0.042866
26405 26413 3.648630 0.042866
26404 26414 3.263434 0.054544
26406 26414 3.241605 0.060622
26414 26421 3.648630 0.042866
26405 26415 3.012474 0.028062
26417 26421 3.012474 0.028062
26405 26418 3.012474 0.028062
26411 26420 3.263434 0.054544
26413 26420 3.263434 0.054544
26410 26421 3.648630 0.042866
26416 26421 3.012474 0.028062
26411 26422 3.241605 0.060622
26413 26422 3.241605 0.060622
26424 26429 3.263434 0.054544
26426 26429 3.241605 0.060622
26425 26430 3.648630 0.042866
26425 26432 3.648630 0.042866
26424 26433 3.263434 0.054544
26426 26433 3.241605 0.060622
26433 26440 3.648630 0.042866
26425 26434 3.012474 0.028062
26436 26440 3.012474 0.028062
26425 26437 3.012474 0.028062
26430 26439 3.263434 0.054544
26432 26439 3.263434 0.054544
26429 26440 3.648630 0.042866
26435 26440 3.012474 0.028062
26430 26441 3.241605 0.060622
26432 26441 3.241605 0.060622
26443 26448 3.263434 0.054544
26445 26448 3.241605 0.060622
26444 26449 3.648630 0.042866
26444 26451 3.648630 0.042866
26443 26452 3.263434 0.054544
26445 26452 3.241605 0.060622
26452 26459 3.648630 0.042866
26444 26453 3.012474 0.028062
26455 26459 3.012474 0.028062
26444 26456 3.012474 0.028062
26449 26458 3.263434 0.054544
26451 26458 3.263434 0.054544
26448 26459 3.648630 0.042866
26454 26459 3.012474 0.028062
26449 26460 3.241605 0.060622
26451 26460 3.241605 0.060622
26462 26467 3.263434 0.054544
26464 26467 3.241605 0.060622
26463 26468 3.648630 0.042866
26463 26470 3.648630 0.042866
26462 26471 3.263434 0.054544
26464 26471 3.241605 0.060622
26471 26478 3.648630 0.042866
26463 26472 3.012474 0.028062
26474 26478 3.012474 0.028062
26463 26475 3.012474 0.028062
26468 26477 3.263434 0.054544
26470 26477 3.263434 0.054544
26467 26478 3.648630 0.042866
26473 26478 3.012474 0.028062
26468 26479 3.241605 0.060622
26470 26479 3.241605 0.060622
26484 26486 0.000000 0.000000
26481 26487 3.263434 0.054544
26483 26487 3.241605 0.060622
26482 26488 3.648630 0.042866
26482 26490 3.648630 0.042866
26481 26491 3.263434 0.054544
26483 26491 3.241605 0.060622
26491 26498 3.648630 0.042866
26482 26492 3.012474 0.028062
26494 26498 3.012474 0.028062
26482 26495 3.012474 0.028062
26488 26497 3.263434 0.054544
26490 26497 3.263434 0.054544
26487 26498 3.648630 0.042866
26493 26498 3.012474 0.028062
26488 26499 3.241605 0.060622
26490 26499 3.241605 0.060622
26501 26506 3.263434 0.054544
26503 26506 3.241605 0.060622
26502 26507 3.648630 0.042866
26502 26509 3.648630 0.042866
26501 26510 3.263434 0.054544
26503 26510 3.241605 0.060622
26510 26517 3.648630 0.042866
26502 26511 3.012474 0.028062
26513 26517 3.012474 0.028062
26502 26514 3.012474 0.028062
26507 26516 3.263434 0.054544
26509 26516 3.263434 0.054544
26506 26517 3.648630 0.042866
26512 26517 3.012474 0.028062
26507 26518 3.241605 0.060622
26509 26518 3.241605 0.060622
26523 26525 0.000000 0.000000
26520 26526 3.263434 0.054544
26522 26526 3.241605 0.060622
26521 26527 3.648630 0.042866
26521 26529 3.648630 0.042866
26520 26530 3.263434 0.054544
26522 26530 3.241605 0.060622
26530 26537 3.648630 0.042866
26521 26531 3.012474 0.028062
26533 26537 3.012474 0.028062
26521 26534 3.012474 0.028062
26527 26536 3.263434 0.054544
26529 26536 3.263434 0.054544
26526 26537 3.648630 0.042866
26532 26537 3.012474 0.028062
26527 26538 3.241605 0.060622
26529 26538 3.241605 0.060622
26540 26545 3.263434 0.054544
26542 26545 3.241605 0.060622
26541 26546 3.648630 0.042866
26541 26548 3.648630 0.042866
26540 26549 3.263434 0.054544
26542 26549 3.241605 0.060622
26549 26556 3.648630 0.042866
26541 26550 3.012474 0.028062
26552 26556 3.012474 0.028062
26541 26553 3.012474 0.028062
26546 26555 3.263434 0.054544
26548 26555 3.263434 0.054544
26545 26556 3.648630 0.042866
26551 26556 3.012474 0.028062
26546 26557 3.241605 0.060622
26548 26557 3.241605 0.060622
26559 26564 3.263434 0.054544
26561 26564 3.241605 0.060622
26560 26565 3.648630 0.042866
26560 26567 3.648630 0.042866
26559 26568 3.263434 0.054544
26561 26568 3.241605 0.060622
26568 26575 3.648630 0.042866
26560 26569 3.012474 0.028062
26571 26575 3.012474 0.028062
26560 26572 3.012474 0.028062
26565 26574 3.263434 0.054544
26567 26574 3.263434 0.054544
26564 26575 3.648630 0.042866
26570 26575 3.012474 0.028062
26565 26576 3.241605 0.060622
26567 26576 3.241605 0.060622
26578 26583 3.263434 0.054544
26580 26583 3.241605 0.060622
26579 26584 3.648630 0.042866
26579 26586 3.648630 0.042866
26578 26587 3.263434 0.054544
26580 26587 3.241605 0.060622
26587 26594 3.648630 0.042866
26579 26588 3.012474 0.028062
26590 26594 3.012474 0.028062
26579 26591 3.012474 0.028062
26584 26593 3.263434 0.054544
26586 26593 3.263434 0.054544
26583 26594 3.648630 0.042866
26589 26594 3.012474 0.028062
26584 26595 3.241605 0.060622
26586 26595 3.241605 0.060622
26600 26602 0.000000 0.000000
26597 26603 3.263434 0.054544
26599 26603 3.241605 0.060622
26598 26604 3.648630 0.042866
26598 26606 3.648630 0.042866
26597 26607 3.263434 0.054544
26599 26607 3.241605 0.060622
26607 26614 3.648630 0.042866
26598 26608 3.012474 0.028062
26610 26614 3.012474 0.028062
26598 26611 3.012474 0.028062
26604 26613 3.263434 0.054544
26606 26613 3.263434 0.054544
26603 26614 3.648630 0.042866
26609 26614 3.012474 0.028062
26604 26615 3.241605 0.060622
26606 26615 3.241605 0.060622
26617 26622 3.263434 0.054544
26619 26622 3.241605 0.060622
26618 26623 3.648630 0.042866
26618 26625 3.648630 0.042866
26617 26626 3.263434 0.054544
26619 26626 3.241605 0.060622
26626 26633 3.648630 0.042866
26618 26627 3.012474 0.028062
26629 26633 3.012474 0.028062
26618 26630 3.012474 0.028062
26623 26632 3.263434 0.054544
26625 26632 3.263434 0.054544
26622 26633 3.648630 0.042866
26628 26633 3.012474 0.028062
26623 26634 3.241605 0.060622
26625 26634 3.241605 0.060622
26636 26641 3.263434 0.054544
26638 26641 3.241605 0.060622
26637 26642 3.648630 0.042866
26637 26644 3.648630 0.042866
26636 26645 3.263434 0.054544
26638 26645 3.241605 0.060622
26645 26652 3.648630 0.042866
26637 26646 3.012474 0.028062
26648 26652 3.012474 0.028062
26637 26649 3.012474 0.028062
26642 26651 3.263434 0.054544
26644 26651 3.263434 0.054544
26641 26652 3.648630 0.042866
26647 26652 3.012474 0.028062
26642 26653 3.241605 0.060622
26644 26653 3.241605 0.060622
26655 26660 3.263434 0.054544
26657 26660 3.241605 0.060622
26656 26661 3.648630 0.042866
26656 26663 3.648630 0.042866
26655 26664 3.263434 0.054544
26657 26664 3.241605 0.060622
26664 26671 3.648630 0.042866
26656 26665 3.012474 0.028062
26667 26671 3.012474 0.028062
26656 26668 3.012474 0.028062
26661 26670 3.263434 0.054544
26663 26670 3.263434 0.054544
26660 26671 3.648630 0.042866
26666 26671 3.012474 0.028062
26661 26672 3.241605 0.060622
26663 26672 3.241605 0.060622
26674 26679 3.263434 0.054544
26676 26679 3.241605 0.060622
26675 26680 3.648630 0.042866
26675 26682 3.648630 0.042866
26674 26683 3.263434 0.054544
26676 26683 3.241605 0.060622
26683 26690 3.648630 0.042866
26675 26684 3.012474 0.028062
26686 26690 3.012474 0.028062
26675 26687 3.012474 0.028062
26680 26689 3.263434 0.054544
26682 26689 3.263434 0.054544
26679 26690 3.648630 0.042866
26685 26690 3.012474 0.028062
26680 26691 3.241605 0.060622
26682 26691 3.241605 0.060622
26693 26698 3.263434 0.054544
26695 26698 3.241605 0.060622
26694 26699 3.648630 0.042866
26694 26701 3.648630 0.042866
26693 26702 3.263434 0.054544
26695 26702 3.241605 0.060622
26702 26709 3.648630 0.042866
26694 26703 3.012474 0.028062
26705 26709 3.012474 0.028062
26694 26706 3.012474 0.028062
26699 26708 3.263434 0.054544
26701 26708 3.263434 0.054544
26698 26709 3.648630 0.042866
26704 26709 3.012474 0.028062
26699 26710 3.241605 0.060622
26701 26710 3.241605 0.060622
26712 26717 3.263434 0.054544
26714 26717 3.241605 0.060622
26713 26718 3.648630 0.042866
26713 26720 3.648630 0.042866
26712 26721 3.263434 0.054544
26714 26721 3.241605 0.060622
26721 26728 3.648630 0.042866
26713 26722 3.012474 0.028062
26724 26728 3.012474 0.028062
26713 26725 3.012474 0.028062
26718 26727 3.263434 0.054544
26720 26727 3.263434 0.054544
26717 26728 3.648630 0.042866
26723 26728 3.012474 0.028062
26718 26729 3.241605 0.060622
26720 26729 3.241605 0.060622
