# Time-averaged data for fix rdf_out
# TimeStep Number-of-rows
# Row c_rdf_ref[1] c_rdf_ref[2] c_rdf_ref[3] c_rdf_ref[4] c_rdf_ref[5] c_rdf_ref[6] c_rdf_ref[7]
400000 200
1 0.035 0 0 0 0 0 0
2 0.105 0 0 0 0 0 0
3 0.175 0 0 0 0 0 0
4 0.245 0 0 0 0 0 0
5 0.315 0 0 0 0 0 0
6 0.385 0 0 0 0 0 0
7 0.455 0 0 0 0 0 0
8 0.525 0 0 0 0 0 0
9 0.595 0 0 0 0 0 0
10 0.665 0 0 0 0 0 0
11 0.735 0 0 0 0 0 0
12 0.805 0 0 0 0 0 0
13 0.875 0 0 0 0 0 0
14 0.945 0 0 0 0 0 0
15 1.015 0 0 0 0 0 0
16 1.085 0 0 0 0 0 0
17 1.155 0 0 0 0 0 0
18 1.225 0 0 0 0 0 0
19 1.295 0 0 0 0 0 0
20 1.365 0 0 0 0 0 0
21 1.435 0 0 0 0 0 0
22 1.505 0 0 0 0 0 0
23 1.575 0 0 0 0 0 0
24 1.645 0 0 0 0 0 0
25 1.715 0 0 0 0 0 0
26 1.785 0 0 0 0 0 0
27 1.855 0 0 0 0 0 0
28 1.925 0 0 0 0 0 0
29 1.995 0 0 0 0 0 0
30 2.065 0 0 0 0 0 0
31 2.135 0 0 0 0 0 0
32 2.205 0 0 0 0 0 0
33 2.275 0 0 0 0 0 0
34 2.345 0 0 0 0 0 0
35 2.415 0 0 0 0 0 0
36 2.485 0 0 0 0 0 0
37 2.555 0 0 0 0 0 0
38 2.625 0 0 0 0 0 0
39 2.695 0 0 0 0 0 0
40 2.765 0 0 0 0 0 0
41 2.835 0 0 0 0 0 0
42 2.905 0 0 0 0 0 0
43 2.975 0 0 0 0 1.76026e-05 5.10204e-06
44 3.045 0 0 0.000246747 7.5e-05 0.000198271 6.53061e-05
45 3.115 0.0243228 0.00015 0.00353673 0.0012 0.00184965 0.000653061
46 3.185 0.0155103 0.00025 0.0124043 0.005325 0.0100011 0.00397551
47 3.255 0.0297007 0.00045 0.0502412 0.022775 0.0337587 0.0156888
48 3.325 0.185012 0.00175 0.121543 0.066825 0.0851211 0.0465071
49 3.395 0.211589 0.0033 0.225226 0.151925 0.168098 0.109957
50 3.465 0.366938 0.0061 0.371331 0.298075 0.276514 0.218678
51 3.535 0.554008 0.0105 0.517702 0.51015 0.399305 0.382085
52 3.605 0.847481 0.0175 0.650658 0.78735 0.523089 0.604709
53 3.675 0.856279 0.02485 0.75474 1.1215 0.623353 0.880408
54 3.745 0.976021 0.03355 0.846689 1.51077 0.699328 1.2016
55 3.815 1.16215 0.0443 0.909016 1.94447 0.744606 1.5565
56 3.885 1.3083 0.05685 0.924556 2.40193 0.761054 1.93267
57 3.955 1.32778 0.07005 0.952332 2.89025 0.762612 2.32331
58 4.025 1.42768 0.08475 0.966805 3.4037 0.754799 2.72376
59 4.095 1.36521 0.0993 0.977604 3.9411 0.75446 3.13807
60 4.165 1.36506 0.11435 1.00802 4.51433 0.758916 3.5692
61 4.235 1.44313 0.1308 1.03531 5.12303 0.777158 4.02566
62 4.305 1.39234 0.1472 1.04047 5.75515 0.798526 4.5103
63 4.375 1.50022 0.16545 1.05773 6.41883 0.822593 5.02591
64 4.445 1.30999 0.1819 1.05637 7.10303 0.848981 5.57523
65 4.515 1.39704 0.2 1.08312 7.82683 0.872765 6.15786
66 4.585 1.36594 0.21825 1.0922 8.5795 0.894177 6.77344
67 4.655 1.34695 0.2368 1.11123 9.36885 0.919294 7.42578
68 4.725 1.39544 0.2566 1.13789 10.2016 0.946495 8.11777
69 4.795 1.36526 0.27655 1.15198 11.0699 0.974417 8.85145
70 4.865 1.27639 0.29575 1.15541 11.9663 1.00712 9.63204
71 4.935 1.30505 0.31595 1.19185 12.9179 1.03595 10.4583
72 5.005 1.25938 0.336 1.18697 13.8925 1.05535 11.324
73 5.075 1.25542 0.35655 1.19422 14.9008 1.06738 12.2243
74 5.145 1.31362 0.37865 1.18554 15.9296 1.07424 13.1555
75 5.215 1.19181 0.39925 1.18076 16.9823 1.07624 14.114
76 5.285 1.14073 0.4195 1.17454 18.0577 1.08021 15.102
77 5.355 1.22633 0.44185 1.17345 19.1608 1.0876 16.1234
78 5.425 1.13341 0.46305 1.1786 20.2978 1.09664 17.1803
79 5.495 1.08908 0.48395 1.1815 21.4673 1.10894 18.2768
80 5.565 1.19904 0.50755 1.18144 22.6667 1.12263 19.4154
81 5.635 1.07033 0.52915 1.17943 23.8944 1.13389 20.5944
82 5.705 1.153 0.553 1.17511 25.1481 1.1453 21.8151
83 5.775 1.13229 0.577 1.17762 26.4356 1.15374 23.0752
84 5.845 1.0754 0.60035 1.16673 27.7422 1.16112 24.3742
85 5.915 1.10181 0.62485 1.15628 29.0684 1.16405 25.7079
86 5.985 1.11792 0.6503 1.1639 30.4351 1.16596 27.0756
87 6.055 1.06218 0.67505 1.15 31.8172 1.16278 28.4717
88 6.125 1.15338 0.70255 1.13763 33.2162 1.15802 29.8944
89 6.195 1.00856 0.72715 1.128 34.6353 1.15452 31.3453
90 6.265 0.996175 0.752 1.10946 36.0628 1.14723 32.8199
91 6.335 1.0527 0.77885 1.09532 37.5038 1.137 34.3142
92 6.405 1.01447 0.8053 1.07754 38.9529 1.12638 35.8274
93 6.475 1.00016 0.83195 1.06755 40.4201 1.11677 37.3607
94 6.545 1.01194 0.8595 1.05271 41.8983 1.1071 38.9137
95 6.615 0.992433 0.8871 1.03804 43.3873 1.09801 40.4871
96 6.685 0.883737 0.9122 1.0215 44.8838 1.08928 42.0813
97 6.755 0.893102 0.9381 1.01393 46.4004 1.08156 43.6974
98 6.825 0.915411 0.9652 0.999163 47.9261 1.07273 45.3337
99 6.895 0.850583 0.9909 0.998678 49.4824 1.06466 46.9912
100 6.965 0.929255 1.01955 0.984208 51.0476 1.05909 48.6737
101 7.035 0.882241 1.0473 0.97942 52.6366 1.05229 50.3792
102 7.105 0.899229 1.07615 0.971607 54.2444 1.04187 52.1015
103 7.175 0.875656 1.1048 0.959215 55.8631 1.03316 53.8433
104 7.245 0.918769 1.13545 0.957885 57.5113 1.02385 55.6032
105 7.315 0.857161 1.1646 0.946367 59.1713 1.01354 57.3792
106 7.385 0.872724 1.19485 0.937461 60.8473 1.00323 59.1709
107 7.455 0.866321 1.22545 0.934251 62.5494 0.994153 60.9803
108 7.525 0.901684 1.2579 0.924749 64.2659 0.983333 62.8037
109 7.595 0.879685 1.29015 0.920024 66.0057 0.975369 64.6462
110 7.665 0.946712 1.3255 0.91176 67.7616 0.965962 66.5047
111 7.735 0.93886 1.3612 0.914708 69.5557 0.958484 68.3826
112 7.805 0.866562 1.39475 0.911557 71.376 0.951697 70.2812
113 7.875 0.851225 1.4283 0.909812 73.2256 0.946956 72.2043
114 7.945 0.869943 1.4632 0.909182 75.1068 0.940759 74.149
115 8.015 0.935642 1.5014 0.912354 77.0281 0.937013 76.1201
116 8.085 0.929139 1.54 0.903741 78.9647 0.933949 78.1194
117 8.155 1.01026 1.5827 0.906916 80.9418 0.93134 80.1477
118 8.225 0.93034 1.6227 0.913618 82.9678 0.929462 82.2068
119 8.295 0.997028 1.6663 0.915953 85.0338 0.92755 84.2968
120 8.365 1.07261 1.714 0.923641 87.1524 0.92725 86.4215
121 8.435 1.02834 1.7605 0.929512 89.3204 0.927808 88.5832
122 8.505 1.04846 1.8087 0.935814 91.5394 0.92899 90.7838
123 8.575 1.10417 1.8603 0.936146 93.7959 0.929866 93.0229
124 8.645 1.0453 1.90995 0.944058 96.1087 0.930975 95.3013
125 8.715 1.16842 1.96635 0.951335 98.4773 0.931501 97.6182
126 8.785 1.11215 2.0209 0.956236 100.896 0.936583 99.9852
127 8.855 1.15685 2.07855 0.962556 103.371 0.938113 102.394
128 8.925 1.07062 2.13275 0.968034 105.898 0.940999 104.849
129 8.995 1.17362 2.1931 0.972377 108.477 0.945989 107.355
130 9.065 1.12589 2.2519 0.977947 111.112 0.948457 109.907
131 9.135 1.20392 2.31575 0.985563 113.808 0.953815 112.514
132 9.205 1.19589 2.38015 0.994842 116.571 0.958827 115.174
133 9.275 1.10749 2.4407 0.996141 119.38 0.96263 117.886
134 9.345 1.17745 2.50605 1.00892 122.268 0.96744 120.653
135 9.415 1.19728 2.5735 1.01323 125.212 0.971597 123.473
136 9.485 1.18317 2.64115 1.01455 128.204 0.97678 126.351
137 9.555 1.1366 2.7071 1.01409 131.239 0.981712 129.286
138 9.625 1.25261 2.78085 1.01626 134.326 0.986513 132.279
139 9.695 1.22538 2.85405 1.02461 137.483 0.991003 135.329
140 9.765 1.19962 2.92675 1.02856 140.698 0.996372 138.44
141 9.835 1.25581 3.00395 1.02912 143.961 0.999605 141.607
142 9.905 1.24534 3.0816 1.02877 147.269 1.00261 144.828
143 9.975 1.21448 3.1584 1.03567 150.647 1.0079 148.112
144 10.045 1.23582 3.23765 1.03131 154.059 1.0108 151.452
145 10.115 1.1957 3.3154 1.03315 157.524 1.01412 154.85
146 10.185 1.218 3.3957 1.03116 161.03 1.0173 158.306
147 10.255 1.24781 3.4791 1.03655 164.604 1.02215 161.826
148 10.325 1.19774 3.56025 1.03693 168.227 1.0245 165.402
149 10.395 1.20205 3.6428 1.03331 171.887 1.02666 169.035
150 10.465 1.19823 3.7262 1.03513 175.604 1.02978 172.728
151 10.535 1.15968 3.808 1.03903 179.384 1.03146 176.477
152 10.605 1.21438 3.8948 1.03299 183.192 1.03366 180.284
153 10.675 1.13499 3.977 1.03161 187.046 1.03397 184.143
154 10.745 1.14955 4.06135 1.03084 190.947 1.03502 188.056
155 10.815 1.1596 4.14755 1.02596 194.881 1.03579 192.023
156 10.885 1.1029 4.2306 1.03038 198.883 1.03614 196.043
157 10.955 1.15113 4.3184 1.02286 202.907 1.03528 200.112
158 11.025 1.12879 4.4056 1.02394 206.987 1.03563 204.234
159 11.095 1.10501 4.49205 1.02047 211.105 1.0356 208.409
160 11.165 1.13474 4.58195 1.02032 215.274 1.03435 212.631
161 11.235 1.14869 4.6741 1.01569 219.477 1.03456 216.908
162 11.305 1.16714 4.7689 1.01393 223.724 1.03322 221.232
163 11.375 1.13458 4.8622 1.01199 228.017 1.03204 225.605
164 11.445 1.19582 4.96175 1.00841 232.347 1.02936 230.02
165 11.515 1.14809 5.0585 1.00345 236.708 1.02821 234.485
166 11.585 1.10261 5.15255 1.00497 241.13 1.02691 238.998
167 11.655 1.11199 5.24855 1.00266 245.595 1.02438 243.555
168 11.725 1.11077 5.3456 0.999885 250.101 1.02298 248.161
169 11.795 1.16096 5.44825 0.996763 254.646 1.01973 252.806
170 11.865 1.07801 5.5447 0.992225 259.225 1.01862 257.502
171 11.935 1.1245 5.6465 0.994214 263.868 1.01536 262.239
172 12.005 1.09068 5.7464 0.98594 268.526 1.01273 267.018
173 12.075 1.1331 5.8514 0.990631 273.26 1.01155 271.848
174 12.145 1.09821 5.95435 0.982874 278.013 1.00933 276.723
175 12.215 1.07881 6.05665 0.985064 282.831 1.00719 281.645
176 12.285 1.10564 6.1627 0.980637 287.682 1.00417 286.607
177 12.355 1.0746 6.26695 0.97713 292.572 1.00182 291.615
178 12.425 1.05692 6.37065 0.976362 297.513 0.999979 296.671
179 12.495 1.11062 6.48085 0.978589 302.521 0.997648 301.771
180 12.565 1.11372 6.5926 0.980763 307.597 0.996434 306.923
181 12.635 1.11275 6.7055 0.977722 312.714 0.994768 312.123
182 12.705 1.11807 6.8202 0.978091 317.889 0.993256 317.374
183 12.775 1.06536 6.9307 0.974523 323.102 0.991922 322.675
184 12.845 1.08716 7.0447 0.975315 328.378 0.990558 328.027
185 12.915 1.11266 7.16265 0.97879 333.729 0.989458 333.432
186 12.985 1.11097 7.2817 0.973322 339.109 0.987932 338.886
187 13.055 1.03954 7.3943 0.978511 344.576 0.986668 344.393
188 13.125 1.1052 7.5153 0.971019 350.059 0.985608 349.953
189 13.195 1.05329 7.63185 0.978414 355.643 0.984711 355.568
190 13.265 1.07305 7.75185 0.975228 361.269 0.984528 361.241
191 13.335 1.06093 7.87175 0.980966 366.987 0.982914 366.964
192 13.405 1.07878 7.99495 0.980811 372.764 0.984092 372.755
193 13.475 1.0884 8.12055 0.980458 378.6 0.982913 378.6
194 13.545 1.12949 8.25225 0.984272 384.52 0.983454 384.508
195 13.615 1.07292 8.37865 0.983212 390.494 0.982866 390.475
196 13.685 1.06785 8.50575 0.989753 396.57 0.984113 396.51
197 13.755 1.05535 8.63265 0.987509 402.695 0.984689 402.611
198 13.825 1.02452 8.7571 0.990658 408.902 0.985532 408.779
199 13.895 1.10061 8.89215 0.986243 415.144 0.98496 415.007
200 13.965 1.07952 9.02595 0.993943 421.498 0.986205 421.305
600000 200
1 0.035 0 0 0 0 0 0
2 0.105 0 0 0 0 0 0
3 0.175 0 0 0 0 0 0
4 0.245 0 0 0 0 0 0
5 0.315 0 0 0 0 0 0
6 0.385 0 0 0 0 0 0
7 0.455 0 0 0 0 0 0
8 0.525 0 0 0 0 0 0
9 0.595 0 0 0 0 0 0
10 0.665 0 0 0 0 0 0
11 0.735 0 0 0 0 0 0
12 0.805 0 0 0 0 0 0
13 0.875 0 0 0 0 0 0
14 0.945 0 0 0 0 0 0
15 1.015 0 0 0 0 0 0
16 1.085 0 0 0 0 0 0
17 1.155 0 0 0 0 0 0
18 1.225 0 0 0 0 0 0
19 1.295 0 0 0 0 0 0
20 1.365 0 0 0 0 0 0
21 1.435 0 0 0 0 0 0
22 1.505 0 0 0 0 0 0
23 1.575 0 0 0 0 0 0
24 1.645 0 0 0 0 0 0
25 1.715 0 0 0 0 0 0
26 1.785 0 0 0 0 0 0
27 1.855 0 0 0 0 0 0
28 1.925 0 0 0 0 0 0
29 1.995 0 0 0 0 0 0
30 2.065 0 0 0 0 0 0
31 2.135 0 0 0 0 0 0
32 2.205 0 0 0 0 0 0
33 2.275 0 0 0 0 0 0
34 2.345 0 0 0 0 0 0
35 2.415 0 0 0 0 0 0
36 2.485 0 0 0 0 0 0
37 2.555 0 0 0 0 0 0
38 2.625 0 0 0 0 0 0
39 2.695 0 0 0 0 0 0
40 2.765 0 0 0 0 0 0
41 2.835 0 0 0 0 0 0
42 2.905 0 0 0 0 0 0
43 2.975 0 0 0 0 3.52052e-06 1.02041e-06
44 3.045 0 0 0.000246747 7.5e-05 0.000181468 5.61224e-05
45 3.115 0 0 0.0025936 0.0009 0.0016923 0.000593878
46 3.185 0.0232654 0.00015 0.0121036 0.004925 0.00958953 0.00377959
47 3.255 0.0594015 0.00055 0.0458505 0.02085 0.0328441 0.0151755
48 3.325 0.199244 0.00195 0.114921 0.0625 0.0836499 0.0454612
49 3.395 0.320796 0.0043 0.217485 0.144675 0.164522 0.107561
50 3.465 0.537302 0.0084 0.357484 0.285375 0.276197 0.216157
51 3.535 0.87508 0.01535 0.503055 0.49145 0.399131 0.379493
52 3.605 1.07146 0.0242 0.646961 0.767075 0.522581 0.601901
53 3.675 1.20578 0.03455 0.77631 1.11078 0.627465 0.879418
54 3.745 1.55939 0.04845 0.850549 1.50183 0.704409 1.20295
55 3.815 1.39999 0.0614 0.913051 1.93745 0.752037 1.56139
56 3.885 1.51158 0.0759 0.948355 2.40668 0.76541 1.93971
57 3.955 1.58931 0.0917 0.963887 2.90093 0.764839 2.33149
58 4.025 1.6025 0.1082 0.990954 3.4272 0.759238 2.7343
59 4.095 1.63732 0.12565 0.99343 3.9733 0.76112 3.15227
60 4.165 1.6281 0.1436 1.02103 4.55392 0.763446 3.58597
61 4.235 1.53086 0.16105 1.04058 5.16572 0.780933 4.04464
62 4.305 1.59185 0.1798 1.06249 5.81123 0.804239 4.53275
63 4.375 1.46733 0.19765 1.06809 6.4814 0.826101 5.05056
64 4.445 1.44139 0.21575 1.08265 7.18262 0.84919 5.60001
65 4.515 1.32372 0.2329 1.08593 7.9083 0.869679 6.18058
66 4.585 1.53809 0.25345 1.10233 8.66795 0.893836 6.79593
67 4.655 1.39052 0.2726 1.11841 9.4624 0.918344 7.44759
68 4.725 1.51877 0.29415 1.11931 10.2816 0.944671 8.13826
69 4.795 1.3242 0.3135 1.13974 11.1406 0.974345 8.87188
70 4.865 1.42929 0.335 1.16028 12.0408 1.00444 9.65039
71 4.935 1.39549 0.3566 1.18374 12.9859 1.03385 10.4749
72 5.005 1.45409 0.37975 1.1757 13.9513 1.05223 11.3381
73 5.075 1.45091 0.4035 1.18812 14.9544 1.06578 12.237
74 5.145 1.43548 0.42765 1.18479 15.9826 1.07003 13.1646
75 5.215 1.42034 0.4522 1.18001 17.0345 1.07344 14.1206
76 5.285 1.45901 0.4781 1.17981 18.1148 1.07803 15.1067
77 5.355 1.41015 0.5038 1.17089 19.2155 1.08397 16.1246
78 5.425 1.25905 0.52735 1.17689 20.3509 1.09575 17.1807
79 5.495 1.32879 0.55285 1.18703 21.5258 1.10767 18.2759
80 5.565 1.23968 0.57725 1.17592 22.7197 1.12158 19.4134
81 5.635 1.38746 0.60525 1.17658 23.9443 1.13328 20.5919
82 5.705 1.24485 0.631 1.16686 25.1893 1.14358 21.8107
83 5.775 1.3847 0.66035 1.15535 26.4524 1.15279 23.0697
84 5.845 1.2412 0.6873 1.16012 27.7516 1.15841 24.3658
85 5.915 1.36715 0.7177 1.15782 29.0796 1.15954 25.6943
86 5.985 1.31998 0.74775 1.15468 30.4354 1.16325 27.0588
87 6.055 1.24028 0.77665 1.14322 31.8094 1.16099 28.4527
88 6.125 1.30646 0.8078 1.12889 33.1977 1.15559 29.8724
89 6.195 1.28531 0.83915 1.1128 34.5977 1.15156 31.3197
90 6.265 1.18459 0.8687 1.1008 36.014 1.14361 32.7896
91 6.335 1.30362 0.90195 1.08563 37.4423 1.13708 34.284
92 6.405 1.16405 0.9323 1.06913 38.88 1.12658 35.7975
93 6.475 1.10337 0.9617 1.06257 40.3404 1.11749 37.3317
94 6.545 1.08724 0.9913 1.04249 41.8043 1.10718 38.8849
95 6.615 1.16863 1.0238 1.03053 43.2825 1.09849 40.459
96 6.685 1.01929 1.05275 1.01606 44.771 1.08978 42.0538
97 6.755 1.06552 1.08365 0.995911 46.2607 1.08229 43.6711
98 6.825 1.0083 1.1135 1.00092 47.789 1.075 45.3109
99 6.895 1.09053 1.14645 0.990192 49.3321 1.06992 46.9766
100 6.965 1.12062 1.181 0.972621 50.8788 1.06202 48.6637
101 7.035 1.11751 1.21615 0.975675 52.4617 1.05278 50.37
102 7.105 1.07066 1.2505 0.955336 54.0426 1.04183 52.0922
103 7.175 1.05751 1.2851 0.947497 55.6416 1.03427 53.8359
104 7.245 1.09563 1.32165 0.934841 57.2502 1.02346 55.5951
105 7.315 1.06006 1.3577 0.9263 58.875 1.01392 57.3718
106 7.385 1.09054 1.3955 0.928624 60.5352 1.00545 59.1675
107 7.455 1.07865 1.4336 0.914519 62.2013 0.992983 60.9747
108 7.525 1.10731 1.47345 0.913261 63.8965 0.984604 62.8005
109 7.595 1.0488 1.5119 0.911708 65.6205 0.97605 64.6443
110 7.665 1.17971 1.55595 0.903998 67.3615 0.967801 66.5063
111 7.735 1.119 1.5985 0.902178 69.131 0.960136 68.3875
112 7.805 1.16101 1.64345 0.897598 70.9234 0.953719 70.2901
113 7.875 1.15061 1.6888 0.893948 72.7408 0.947375 72.214
114 7.945 1.19648 1.7368 0.896098 74.595 0.943748 74.1649
115 8.015 1.20017 1.7858 0.892825 76.4751 0.940079 76.1425
116 8.085 1.17707 1.8347 0.899226 78.402 0.935426 78.1449
117 8.155 1.12383 1.8822 0.899049 80.3619 0.932397 80.1755
118 8.225 1.13501 1.931 0.894871 82.3465 0.931266 82.2386
119 8.295 1.14795 1.9812 0.907363 84.3931 0.930715 84.3357
120 8.365 1.17492 2.03345 0.91126 86.4833 0.930134 86.4671
121 8.435 1.18204 2.0869 0.908021 88.6011 0.929462 88.6326
122 8.505 1.15287 2.1399 0.922931 90.7895 0.930018 90.8357
123 8.575 1.20046 2.196 0.924986 93.0191 0.930476 93.0762
124 8.645 1.1632 2.25125 0.924904 95.285 0.932485 95.3583
125 8.715 1.21503 2.3099 0.934526 97.6118 0.935079 97.6841
126 8.785 1.16007 2.3668 0.943014 99.9975 0.935666 100.049
127 8.855 1.16287 2.42475 0.946818 102.431 0.940161 102.463
128 8.925 1.1605 2.4835 0.958383 104.934 0.942738 104.922
129 8.995 1.24752 2.54765 0.963253 107.488 0.946887 107.431
130 9.065 1.22259 2.6115 0.96603 110.091 0.95113 109.99
131 9.135 1.21241 2.6758 0.969743 112.743 0.955316 112.601
132 9.205 1.2516 2.7432 0.981413 115.469 0.958766 115.261
133 9.275 1.22181 2.81 0.99404 118.273 0.963256 117.975
134 9.345 1.24681 2.8792 0.995176 121.121 0.968897 120.746
135 9.415 1.23544 2.9488 0.999396 124.025 0.973175 123.571
136 9.485 1.26187 3.02095 1.00566 126.991 0.97751 126.45
137 9.555 1.2874 3.09565 1.0144 130.027 0.982557 129.388
138 9.625 1.21184 3.167 1.01909 133.122 0.986841 132.382
139 9.695 1.28815 3.24395 1.01597 136.252 0.991059 135.432
140 9.765 1.2648 3.3206 1.01807 139.435 0.995398 138.541
141 9.835 1.24605 3.3972 1.02605 142.688 1.00064 141.71
142 9.905 1.27501 3.4767 1.02922 145.998 1.00373 144.935
143 9.975 1.26429 3.55665 1.03289 149.367 1.0093 148.224
144 10.045 1.2249 3.6352 1.03807 152.801 1.01237 151.569
145 10.115 1.20416 3.7135 1.03669 156.278 1.017 154.976
146 10.185 1.23772 3.7951 1.0363 159.802 1.01888 158.437
147 10.255 1.25679 3.8791 1.04064 163.389 1.02109 161.954
148 10.325 1.228 3.9623 1.04301 167.034 1.02582 165.535
149 10.395 1.17657 4.0431 1.03681 170.706 1.02892 169.176
150 10.465 1.22984 4.1287 1.0388 174.436 1.02973 172.869
151 10.535 1.1689 4.21115 1.04199 178.227 1.03119 176.617
152 10.605 1.19409 4.2965 1.04053 182.063 1.03313 180.422
153 10.675 1.17917 4.3819 1.04 185.948 1.03456 184.282
154 10.745 1.15091 4.46635 1.04049 189.886 1.03527 188.197
155 10.815 1.13202 4.5505 1.03564 193.857 1.03476 192.16
156 10.885 1.14274 4.63655 1.0357 197.879 1.03516 196.176
157 10.955 1.15965 4.725 1.03165 201.938 1.03664 200.251
158 11.025 1.09255 4.8094 1.03405 206.058 1.03497 204.37
159 11.095 1.06922 4.89305 1.02951 210.212 1.03507 208.543
160 11.165 1.15241 4.98435 1.02724 214.41 1.03454 212.766
161 11.235 1.14433 5.07615 1.0259 218.655 1.03309 217.036
162 11.305 1.12035 5.16715 1.0204 222.93 1.03213 221.356
163 11.375 1.15099 5.2618 1.01747 227.245 1.03049 225.722
164 11.445 1.10332 5.35365 1.01343 231.597 1.02807 230.132
165 11.515 1.08402 5.445 1.01314 236.001 1.0269 234.591
166 11.585 1.10202 5.539 1.01232 240.454 1.02483 239.095
167 11.655 1.12937 5.6365 1.00441 244.927 1.02319 243.647
168 11.725 1.06728 5.72975 1.00432 249.453 1.02012 248.239
169 11.795 1.08519 5.8257 1.00133 254.02 1.01883 252.881
170 11.865 1.08024 5.92235 1.00067 258.637 1.0171 257.57
171 11.935 1.07147 6.01935 1.00022 263.308 1.01419 262.301
172 12.005 1.06284 6.1167 0.996751 268.017 1.01226 267.078
173 12.075 1.0403 6.2131 0.993022 272.763 1.00943 271.898
174 12.145 1.01927 6.30865 0.992626 277.563 1.00778 276.766
175 12.215 1.01712 6.4051 0.986868 282.39 1.00527 281.678
176 12.285 1.02224 6.50315 0.99327 287.304 1.00247 286.632
177 12.355 1.01481 6.6016 0.985958 292.237 1.00076 291.635
178 12.425 1.02023 6.7017 0.985635 297.225 0.998685 296.683
179 12.495 1.0184 6.80275 0.979825 302.24 0.99634 301.777
180 12.565 1.01257 6.90435 0.978744 307.305 0.995433 306.924
181 12.635 0.988565 7.00465 0.979628 312.432 0.993134 312.116
182 12.705 1.03375 7.1107 0.977647 317.605 0.991381 317.356
183 12.775 1.00799 7.21525 0.97485 322.82 0.989777 322.646
184 12.845 0.985592 7.3186 0.975722 328.097 0.988837 327.989
185 12.915 1.03814 7.42865 0.976723 333.438 0.986822 333.379
186 12.985 1.01951 7.5379 0.973666 338.819 0.986249 338.824
187 13.055 1.01092 7.6474 0.976229 344.274 0.984876 344.321
188 13.125 1.04812 7.76215 0.980675 349.811 0.984066 349.873
189 13.195 1.01443 7.8744 0.978129 355.394 0.984369 355.485
190 13.265 1.04668 7.99145 0.982024 361.058 0.983381 361.151
191 13.335 0.993243 8.1037 0.984028 366.794 0.982794 366.874
192 13.405 1.04813 8.2234 0.984125 372.591 0.982746 372.657
193 13.475 1.01994 8.3411 0.981979 378.436 0.982176 378.498
194 13.545 0.993986 8.457 0.985735 384.365 0.982911 384.403
195 13.615 1.05637 8.58145 0.983919 390.343 0.982649 390.368
196 13.685 1.02584 8.70355 0.979377 396.356 0.983587 396.4
197 13.755 1.04994 8.8298 0.988194 402.485 0.983811 402.495
198 13.825 1.01258 8.9528 0.989066 408.682 0.984827 408.66
199 13.895 1.01259 9.07705 0.99286 414.965 0.984926 414.887
200 13.965 1.01376 9.2027 0.994366 421.322 0.98655 421.187
800000 200
1 0.035 0 0 0 0 0 0
2 0.105 0 0 0 0 0 0
3 0.175 0 0 0 0 0 0
4 0.245 0 0 0 0 0 0
5 0.315 0 0 0 0 0 0
6 0.385 0 0 0 0 0 0
7 0.455 0 0 0 0 0 0
8 0.525 0 0 0 0 0 0
9 0.595 0 0 0 0 0 0
10 0.665 0 0 0 0 0 0
11 0.735 0 0 0 0 0 0
12 0.805 0 0 0 0 0 0
13 0.875 0 0 0 0 0 0
14 0.945 0 0 0 0 0 0
15 1.015 0 0 0 0 0 0
16 1.085 0 0 0 0 0 0
17 1.155 0 0 0 0 0 0
18 1.225 0 0 0 0 0 0
19 1.295 0 0 0 0 0 0
20 1.365 0 0 0 0 0 0
21 1.435 0 0 0 0 0 0
22 1.505 0 0 0 0 0 0
23 1.575 0 0 0 0 0 0
24 1.645 0 0 0 0 0 0
25 1.715 0 0 0 0 0 0
26 1.785 0 0 0 0 0 0
27 1.855 0 0 0 0 0 0
28 1.925 0 0 0 0 0 0
29 1.995 0 0 0 0 0 0
30 2.065 0 0 0 0 0 0
31 2.135 0 0 0 0 0 0
32 2.205 0 0 0 0 0 0
33 2.275 0 0 0 0 0 0
34 2.345 0 0 0 0 0 0
35 2.415 0 0 0 0 0 0
36 2.485 0 0 0 0 0 0
37 2.555 0 0 0 0 0 0
38 2.625 0 0 0 0 0 0
39 2.695 0 0 0 0 0 0
40 2.765 0 0 0 0 0 0
41 2.835 0 0 0 0 0 0
42 2.905 0 0 0 0 0 0
43 2.975 0 0 8.61647e-05 2.5e-05 1.40821e-05 4.08163e-06
44 3.045 0 0 8.22488e-05 5e-05 0.000198271 6.42857e-05
45 3.115 0 0 0.00282938 0.00095 0.00184965 0.000652041
46 3.185 0.0232654 0.00015 0.0145092 0.005775 0.0094851 0.00380306
47 3.255 0.0519763 0.0005 0.04765 0.022325 0.0326324 0.0151255
48 3.325 0.142317 0.0015 0.120784 0.0661 0.0828354 0.0451163
49 3.395 0.232065 0.0032 0.222381 0.150125 0.164454 0.107191
50 3.465 0.255546 0.00515 0.361803 0.292525 0.272239 0.214231
51 3.535 0.434392 0.0086 0.510013 0.50145 0.399185 0.377589
52 3.605 0.605343 0.0136 0.661396 0.783225 0.520042 0.598916
53 3.675 0.652403 0.0192 0.770438 1.12432 0.62313 0.874516
54 3.745 0.785304 0.0262 0.860718 1.52005 0.699621 1.19585
55 3.815 0.951344 0.035 0.919182 1.9586 0.7446 1.55074
56 3.885 1.06332 0.0452 0.951134 2.4292 0.763531 1.92813
57 3.955 1.00589 0.0552 0.983535 2.93353 0.763459 2.31921
58 4.025 0.942074 0.0649 1.00253 3.46595 0.756517 2.72057
59 4.095 1.06027 0.0762 1.01672 4.02485 0.75148 3.13325
60 4.165 1.00225 0.08725 1.03673 4.6144 0.759201 3.56454
61 4.235 1.05274 0.09925 1.05491 5.23463 0.775459 4.01999
62 4.305 0.984823 0.11085 1.07483 5.88762 0.798 4.50431
63 4.375 1.06865 0.12385 1.07972 6.5651 0.819255 5.01783
64 4.445 0.899875 0.13515 1.08705 7.26917 0.845959 5.5652
65 4.515 1.04585 0.1487 1.10763 8.00935 0.867143 6.14408
66 4.585 0.924349 0.16105 1.12159 8.78227 0.89048 6.75711
67 4.655 1.00568 0.1749 1.13481 9.58838 0.915014 7.40641
68 4.725 0.933814 0.18815 1.16238 10.4391 0.941934 8.09507
69 4.795 1.00598 0.20285 1.1672 11.3188 0.972587 8.82737
70 4.865 0.977238 0.21755 1.18502 12.2382 1.00308 9.60484
71 4.935 1.0337 0.23355 1.20394 13.1994 1.02845 10.4251
72 5.005 0.986144 0.24925 1.21473 14.1969 1.05155 11.2877
73 5.075 0.934692 0.26455 1.21323 15.2212 1.06245 12.1838
74 5.145 0.882684 0.2794 1.21544 16.2759 1.07107 13.1123
75 5.215 0.911216 0.29515 1.21814 17.3619 1.07698 14.0714
76 5.285 0.980187 0.31255 1.20116 18.4617 1.08022 15.0595
77 5.355 0.861451 0.32825 1.20962 19.5988 1.08663 16.0799
78 5.425 0.946289 0.34595 1.20439 20.7607 1.09781 17.138
79 5.495 0.98747 0.3649 1.19744 21.946 1.10898 18.2345
80 5.565 0.868792 0.382 1.19624 23.1604 1.12404 19.3745
81 5.635 0.891939 0.4 1.19982 24.4093 1.13327 20.5529
82 5.705 0.862934 0.41785 1.19638 25.6858 1.1455 21.7738
83 5.775 0.917627 0.4373 1.19548 26.9927 1.15439 23.0346
84 5.845 0.928019 0.45745 1.1874 28.3226 1.15905 24.3313
85 5.915 0.937665 0.4783 1.18095 29.677 1.16407 25.6651
86 5.985 0.942215 0.49975 1.17295 31.0543 1.16482 27.0314
87 6.055 0.946306 0.5218 1.15476 32.4421 1.16119 28.4256
88 6.125 0.794783 0.54075 1.14661 33.8522 1.15908 29.8496
89 6.195 0.817922 0.5607 1.13659 35.2822 1.15197 31.2973
90 6.265 0.85186 0.58195 1.12066 36.724 1.14554 32.7697
91 6.335 0.846861 0.60355 1.11381 38.1894 1.13644 34.2633
92 6.405 0.799686 0.6244 1.08901 39.6539 1.12642 35.7766
93 6.475 0.77686 0.6451 1.07934 41.1373 1.1166 37.3096
94 6.545 0.736456 0.66515 1.06448 42.632 1.10503 38.8597
95 6.615 0.778485 0.6868 1.04437 44.1301 1.09615 40.4305
96 6.685 0.744663 0.70795 1.03836 45.6512 1.08785 42.0225
97 6.755 0.694827 0.7281 1.02277 47.1811 1.08207 43.6394
98 6.825 0.722871 0.7495 1.00453 48.715 1.0742 45.278
99 6.895 0.756258 0.77235 0.996272 50.2676 1.06666 46.9386
100 6.965 0.716807 0.79445 0.991471 51.8443 1.06038 48.6232
101 7.035 0.739175 0.8177 0.977879 53.4308 1.052 50.3281
102 7.105 0.721565 0.84085 0.974749 55.0438 1.04434 52.0546
103 7.175 0.67699 0.863 0.96243 56.668 1.03429 53.7982
104 7.245 0.705938 0.88655 0.948906 58.3007 1.02498 55.5601
105 7.315 0.73513 0.91155 0.9447 59.9578 1.01464 57.338
106 7.385 0.72703 0.93675 0.936818 61.6326 1.00656 59.1357
107 7.455 0.713441 0.96195 0.928913 63.325 0.995175 60.9469
108 7.525 0.74191 0.98865 0.925126 65.0422 0.984651 62.7728
109 7.595 0.729661 1.0154 0.919019 66.78 0.977411 64.6191
110 7.665 0.729785 1.04265 0.909722 68.5321 0.968951 66.4834
111 7.735 0.717951 1.06995 0.908067 70.3131 0.961411 68.3671
112 7.805 0.780035 1.10015 0.907976 72.1263 0.953426 70.269
113 7.875 0.790333 1.1313 0.90322 73.9624 0.948572 72.1954
114 7.945 0.787685 1.1629 0.900665 75.8261 0.942155 74.143
115 8.015 0.853589 1.19775 0.903937 77.7296 0.938784 76.1179
116 8.085 0.849705 1.23305 0.903052 79.6647 0.934992 78.1193
117 8.155 0.863571 1.26955 0.903671 81.6347 0.933231 80.1518
118 8.225 0.805907 1.3042 0.915343 83.6647 0.931073 82.2144
119 8.295 0.850675 1.3414 0.918314 85.736 0.92895 84.3076
120 8.365 0.924195 1.3825 0.91999 87.8462 0.928587 86.4354
121 8.435 0.91113 1.4237 0.919576 89.9909 0.928233 88.5981
122 8.505 0.922297 1.4661 0.927833 92.191 0.928026 90.7964
123 8.575 0.989685 1.51235 0.93264 94.4391 0.929332 93.0342
124 8.645 0.997934 1.55975 0.938405 96.738 0.931046 95.3128
125 8.715 0.97886 1.607 0.947831 99.0979 0.932955 97.6333
126 8.785 1.00716 1.6564 0.94838 101.497 0.935542 99.9977
127 8.855 0.95317 1.7039 0.964491 103.976 0.937938 102.406
128 8.925 1.00544 1.7548 0.967373 106.502 0.941437 104.862
129 8.995 0.988877 1.80565 0.97068 109.077 0.944716 107.365
130 9.065 1.02441 1.85915 0.981882 111.722 0.948803 109.918
131 9.135 1.01442 1.91295 0.980728 114.405 0.952673 112.521
132 9.205 1.00834 1.96725 0.989036 117.152 0.957217 115.178
133 9.275 1.06085 2.02525 0.996017 119.96 0.962772 117.89
134 9.345 1.09006 2.08575 1.0069 122.843 0.965942 120.652
135 9.415 1.04995 2.1449 1.01447 125.791 0.97139 123.472
136 9.485 1.0896 2.2072 1.0151 128.784 0.975211 126.345
137 9.555 1.01854 2.2663 1.01872 131.833 0.979694 129.274
138 9.625 1.01482 2.32605 1.02409 134.943 0.985123 132.263
139 9.695 1.0948 2.39145 1.02802 138.111 0.988368 135.305
140 9.765 1.07586 2.45665 1.03221 141.337 0.994337 138.41
141 9.835 1.06955 2.5224 1.03759 144.627 0.99702 141.568
142 9.905 1.05529 2.5882 1.03538 147.957 1.00178 144.786
143 9.975 1.06662 2.65565 1.04251 151.357 1.00521 148.062
144 10.045 1.09547 2.7259 1.04654 154.819 1.01027 151.4
145 10.115 1.12496 2.79905 1.03994 158.307 1.01292 154.794
146 10.185 1.09286 2.8711 1.04293 161.853 1.0179 158.252
147 10.255 1.07351 2.94285 1.04792 165.466 1.0213 161.769
148 10.325 1.1018 3.0175 1.04524 169.119 1.02431 165.345
149 10.395 1.12851 3.095 1.0502 172.838 1.02677 168.978
150 10.465 1.0797 3.17015 1.04107 176.576 1.02793 172.664
151 10.535 1.09163 3.24715 1.04501 180.378 1.03036 176.409
152 10.605 1.06887 3.32355 1.0418 184.219 1.03189 180.21
153 10.675 1.11496 3.4043 1.04158 188.11 1.03372 184.067
154 10.745 1.06846 3.4827 1.04185 192.053 1.03412 187.977
155 10.815 1.10243 3.56465 1.04564 196.062 1.03516 191.942
156 10.885 1.09693 3.64725 1.04173 200.108 1.03503 195.958
157 10.955 1.03838 3.72645 1.04 204.199 1.0363 200.031
158 11.025 1.07054 3.80915 1.03532 208.325 1.03565 204.153
159 11.095 1.08008 3.89365 1.03133 212.486 1.03617 208.33
160 11.165 1.04639 3.97655 1.03475 216.715 1.03437 212.552
161 11.235 1.01157 4.0577 1.02446 220.954 1.03456 216.829
162 11.305 1.06557 4.14425 1.0274 225.258 1.0331 221.153
163 11.375 1.0604 4.23145 1.02354 229.599 1.03187 225.525
164 11.445 0.999416 4.31465 1.01927 233.976 1.02989 229.942
165 11.515 1.03062 4.4015 1.01564 238.39 1.02956 234.413
166 11.585 1.03637 4.4899 1.00893 242.829 1.02683 238.926
167 11.655 1.01875 4.57785 1.0088 247.321 1.02481 243.485
168 11.725 0.973999 4.66295 1.00406 251.846 1.0243 248.096
169 11.795 1.01224 4.75245 0.999805 256.406 1.02195 252.752
170 11.865 1.01318 4.8431 1.00158 261.028 1.01917 257.45
171 11.935 1.01348 4.93485 0.997834 265.687 1.01613 262.19
172 12.005 0.994055 5.0259 0.995767 270.392 1.01455 266.978
173 12.075 1.03868 5.12215 0.993984 275.142 1.01154 271.808
174 12.145 1.01767 5.21755 0.992223 279.94 1.00993 276.686
175 12.215 1.01342 5.31365 0.990993 284.787 1.0072 281.608
176 12.285 1.01546 5.41105 0.992148 289.695 1.00464 286.573
177 12.355 1.01687 5.5097 0.98369 294.618 1.00362 291.59
178 12.425 0.98914 5.60675 0.984395 299.599 1.00108 296.651
179 12.495 1.01538 5.7075 0.981119 304.621 0.998247 301.754
180 12.565 0.969712 5.8048 0.983019 309.708 0.996954 306.909
181 12.635 0.982159 5.90445 0.982385 314.849 0.995076 312.111
182 12.705 0.957719 6.0027 0.978403 320.026 0.991949 317.354
183 12.775 1.02294 6.1088 0.980855 325.274 0.990598 322.648
184 12.845 1.01039 6.21475 0.975981 330.552 0.989434 327.994
185 12.915 0.998521 6.3206 0.972119 335.868 0.988181 333.392
186 12.985 0.957455 6.4232 0.974647 341.255 0.986153 338.837
187 13.055 1.01646 6.5333 0.976323 346.709 0.985278 344.336
188 13.125 0.969564 6.63945 0.978993 352.238 0.984197 349.888
189 13.195 0.970149 6.7468 0.975589 357.806 0.983434 355.495
190 13.265 1.00286 6.85895 0.981716 363.468 0.983389 361.162
191 13.335 0.918915 6.9628 0.978577 369.173 0.982642 366.884
192 13.405 0.98027 7.07475 0.981681 374.955 0.982398 372.665
193 13.475 1.02557 7.1931 0.980236 380.79 0.981837 378.503
194 13.545 0.996988 7.30935 0.977488 386.668 0.98199 384.403
195 13.615 0.974879 7.4242 0.984643 392.652 0.981746 390.362
196 13.685 0.982575 7.54115 0.987473 398.714 0.983309 396.393
197 13.755 0.966362 7.65735 0.986654 404.833 0.982698 402.481
198 13.825 1.01135 7.7802 0.989337 411.032 0.983992 408.64
199 13.895 1.00811 7.9039 0.990308 417.299 0.985072 414.868
200 13.965 1.01134 8.02925 0.989998 423.628 0.984405 421.155
1000000 200
1 0.035 0 0 0 0 0 0
2 0.105 0 0 0 0 0 0
3 0.175 0 0 0 0 0 0
4 0.245 0 0 0 0 0 0
5 0.315 0 0 0 0 0 0
6 0.385 0 0 0 0 0 0
7 0.455 0 0 0 0 0 0
8 0.525 0 0 0 0 0 0
9 0.595 0 0 0 0 0 0
10 0.665 0 0 0 0 0 0
11 0.735 0 0 0 0 0 0
12 0.805 0 0 0 0 0 0
13 0.875 0 0 0 0 0 0
14 0.945 0 0 0 0 0 0
15 1.015 0 0 0 0 0 0
16 1.085 0 0 0 0 0 0
17 1.155 0 0 0 0 0 0
18 1.225 0 0 0 0 0 0
19 1.295 0 0 0 0 0 0
20 1.365 0 0 0 0 0 0
21 1.435 0 0 0 0 0 0
22 1.505 0 0 0 0 0 0
23 1.575 0 0 0 0 0 0
24 1.645 0 0 0 0 0 0
25 1.715 0 0 0 0 0 0
26 1.785 0 0 0 0 0 0
27 1.855 0 0 0 0 0 0
28 1.925 0 0 0 0 0 0
29 1.995 0 0 0 0 0 0
30 2.065 0 0 0 0 0 0
31 2.135 0 0 0 0 0 0
32 2.205 0 0 0 0 0 0
33 2.275 0 0 0 0 0 0
34 2.345 0 0 0 0 0 0
35 2.415 0 0 0 0 0 0
36 2.485 0 0 0 0 0 0
37 2.555 0 0 0 0 0 0
38 2.625 0 0 0 0 0 0
39 2.695 0 0 0 0 0 0
40 2.765 0 0 0 0 0 0
41 2.835 0 0 0 0 0 0
42 2.905 0 0 0 0 0 0
43 2.975 0 0 0 0 7.04104e-06 2.04082e-06
44 3.045 0 0 0.000246747 7.5e-05 0.000171387 5.40816e-05
45 3.115 0 0 0.00282938 0.000975 0.00179827 0.00062551
46 3.185 0.0232654 0.00015 0.0122539 0.00505 0.00980147 0.00388163
47 3.255 0.0222756 0.0003 0.0435472 0.020175 0.0327265 0.0152367
48 3.325 0.0498109 0.00065 0.112783 0.06105 0.081429 0.0447184
49 3.395 0.170636 0.0019 0.217749 0.143325 0.162608 0.106096
50 3.465 0.321071 0.00435 0.357674 0.2841 0.270885 0.212603
51 3.535 0.428097 0.00775 0.495183 0.48695 0.392069 0.373049
52 3.605 0.532702 0.01215 0.639919 0.759575 0.513041 0.591397
53 3.675 0.541728 0.0168 0.780828 1.10528 0.616928 0.864254
54 3.745 0.706774 0.0231 0.862621 1.50187 0.696797 1.18429
55 3.815 0.756751 0.0301 0.907182 1.9347 0.740434 1.53719
56 3.885 0.745364 0.03725 0.955631 2.40752 0.758636 1.91217
57 3.955 0.789626 0.0451 0.984851 2.91252 0.758337 2.30062
58 4.025 0.801249 0.05335 0.993543 3.44017 0.75403 2.70066
59 4.095 0.713101 0.06095 1.00648 3.99345 0.751933 3.11359
60 4.165 0.857132 0.0704 1.02402 4.57578 0.761878 3.5464
61 4.235 0.877282 0.0804 1.04326 5.18915 0.778796 4.00382
62 4.305 0.764087 0.0894 1.0731 5.8411 0.799394 4.48898
63 4.375 0.854917 0.0998 1.09104 6.52568 0.824927 5.00606
64 4.445 0.688842 0.10845 1.1087 7.24377 0.847402 5.55435
65 4.515 0.740974 0.11805 1.12308 7.99427 0.870809 6.13568
66 4.585 0.740976 0.12795 1.12297 8.76815 0.891476 6.7494
67 4.655 0.689814 0.13745 1.13788 9.57643 0.916185 7.39954
68 4.725 0.814004 0.149 1.17113 10.4335 0.945052 8.09048
69 4.795 0.715134 0.15945 1.1866 11.3279 0.97357 8.82351
70 4.865 0.727942 0.1704 1.18647 12.2484 1.0054 9.60277
71 4.935 0.665444 0.1807 1.21136 13.2155 1.03206 10.4259
72 5.005 0.731757 0.19235 1.21741 14.2152 1.05314 11.2898
73 5.075 0.64451 0.2029 1.21432 15.2405 1.06686 12.1896
74 5.145 0.835132 0.21695 1.22939 16.3073 1.07573 13.1221
75 5.215 0.72608 0.2295 1.21304 17.3887 1.07895 14.0831
76 5.285 0.721057 0.2423 1.2002 18.4876 1.08077 15.0716
77 5.355 0.737995 0.25575 1.20794 19.6232 1.08998 16.0952
78 5.425 0.705707 0.26895 1.21032 20.7908 1.09818 17.1536
79 5.495 0.773822 0.2838 1.20357 21.9822 1.11218 18.2534
80 5.565 0.777341 0.2991 1.19693 23.1973 1.1255 19.3948
81 5.635 0.733372 0.3139 1.19101 24.437 1.13709 20.5772
82 5.705 0.783167 0.3301 1.18652 25.7029 1.14935 21.8022
83 5.775 0.745425 0.3459 1.18725 27.0009 1.15865 23.0676
84 5.845 0.780641 0.36285 1.18213 28.3248 1.16653 24.3727
85 5.915 0.735291 0.3792 1.17711 29.6749 1.16927 25.7124
86 5.985 0.753333 0.39635 1.15936 31.0362 1.16879 27.0834
87 6.055 0.828286 0.41565 1.15476 32.4241 1.16789 28.4856
88 6.125 0.742356 0.43335 1.14068 33.8268 1.16336 29.9149
89 6.195 0.776923 0.4523 1.12999 35.2484 1.156 31.3677
90 6.265 0.813777 0.4726 1.11541 36.6836 1.1504 32.8464
91 6.335 0.760607 0.492 1.10418 38.1362 1.13941 34.3438
92 6.405 0.763249 0.5119 1.08633 39.5971 1.12908 35.8606
93 6.475 0.763724 0.53225 1.07115 41.0693 1.11869 37.3966
94 6.545 0.639119 0.54965 1.05698 42.5535 1.10789 38.9507
95 6.615 0.73174 0.57 1.04346 44.0503 1.09957 40.5264
96 6.685 0.73234 0.5908 1.03717 45.5697 1.09056 42.1224
97 6.755 0.705171 0.61125 1.01303 47.085 1.08109 43.7378
98 6.825 0.685714 0.63155 1.00663 48.6221 1.07311 45.3747
99 6.895 0.671862 0.65185 0.992871 50.1694 1.06579 47.034
100 6.965 0.671399 0.67255 0.984773 51.7354 1.05899 48.7163
101 7.035 0.674 0.69375 0.980729 53.3265 1.05105 50.4197
102 7.105 0.732474 0.71725 0.96076 54.9164 1.04138 52.1413
103 7.175 0.638785 0.73815 0.958282 56.5335 1.03174 53.8807
104 7.245 0.668468 0.76045 0.946043 58.1614 1.02118 55.636
105 7.315 0.670438 0.78325 0.941393 59.8127 1.01116 57.4078
106 7.385 0.764535 0.80975 0.934916 61.4841 0.999816 59.1935
107 7.455 0.713441 0.83495 0.935377 63.1882 0.990796 60.9967
108 7.525 0.715512 0.8607 0.923416 64.9023 0.980414 62.8147
109 7.595 0.717386 0.887 0.921254 66.6443 0.969991 64.647
110 7.665 0.744515 0.9148 0.917783 68.4119 0.962757 66.4994
111 7.735 0.735046 0.94275 0.913306 70.2032 0.954918 68.3703
112 7.805 0.770995 0.9726 0.916277 72.0329 0.948812 70.2631
113 7.875 0.706606 1.00045 0.9105 73.8839 0.942525 72.1772
114 7.945 0.726614 1.0296 0.90476 75.7561 0.938092 74.1164
115 8.015 0.79848 1.0622 0.911784 77.6761 0.93468 76.0826
116 8.085 0.778695 1.09455 0.916936 79.6409 0.930086 78.0736
117 8.155 0.781946 1.1276 0.915069 81.6358 0.928468 80.0956
118 8.225 0.805907 1.16225 0.92187 83.6802 0.927912 82.1513
119 8.295 0.848388 1.19935 0.92697 85.771 0.926688 84.2394
120 8.365 0.853362 1.2373 0.926987 87.8973 0.925125 86.3592
121 8.435 0.924399 1.2791 0.935601 90.0794 0.925295 88.5151
122 8.505 0.924472 1.3216 0.935667 92.2981 0.926598 90.71
123 8.575 0.886972 1.36305 0.940813 94.5658 0.925826 92.9393
124 8.645 0.97267 1.40925 0.947976 96.8883 0.928502 95.2118
125 8.715 0.892886 1.45235 0.953946 99.2633 0.932493 97.5311
126 8.785 1.04691 1.5037 0.957896 101.687 0.933718 99.8908
127 8.855 0.95618 1.55135 0.9688 104.177 0.937337 102.298
128 8.925 1.01235 1.6026 0.972639 106.717 0.941756 104.754
129 8.995 0.984016 1.6532 0.982302 109.322 0.945271 107.259
130 9.065 0.98994 1.7049 0.991339 111.992 0.949678 109.814
131 9.135 1.03328 1.7597 0.988652 114.697 0.954604 112.423
132 9.205 1.03248 1.8153 0.995355 117.461 0.958487 115.083
133 9.275 1.04988 1.8727 1.00384 120.292 0.963546 117.797
134 9.345 1.07925 1.9326 1.00675 123.174 0.969178 120.569
135 9.415 1.05882 1.99225 1.0148 126.123 0.973663 123.395
136 9.485 1.09485 2.05485 1.01803 129.125 0.978613 126.278
137 9.555 1.14522 2.1213 1.02392 132.19 0.983561 129.219
138 9.625 1.09635 2.18585 1.02649 135.307 0.987725 132.215
139 9.695 1.07555 2.2501 1.03316 138.49 0.993981 135.275
140 9.765 1.15507 2.3201 1.03228 141.717 0.998169 138.392
141 9.835 1.18342 2.39285 1.038 145.008 1.00192 141.565
142 9.905 1.11864 2.4626 1.04059 148.355 1.00517 144.795
143 9.975 1.20104 2.53855 1.04421 151.761 1.00993 148.085
144 10.045 1.14771 2.61215 1.04381 155.213 1.01445 151.437
145 10.115 1.16341 2.6878 1.04899 158.732 1.01635 154.843
146 10.185 1.19297 2.76645 1.04795 162.295 1.02045 158.309
147 10.255 1.14757 2.84315 1.04746 165.906 1.02302 161.832
148 10.325 1.14608 2.9208 1.04793 169.568 1.02687 165.417
149 10.395 1.22025 3.0046 1.04389 173.266 1.02898 169.058
150 10.465 1.20901 3.08875 1.04483 177.017 1.03137 172.757
151 10.535 1.16606 3.171 1.04613 180.823 1.03256 176.51
152 10.605 1.13953 3.25245 1.04635 184.68 1.034 180.318
153 10.675 1.13775 3.33485 1.04075 188.568 1.03535 184.182
154 10.745 1.15841 3.41985 1.03774 192.496 1.03619 188.099
155 10.815 1.05131 3.498 1.03495 196.464 1.03663 192.07
156 10.885 1.15204 3.58475 1.03515 200.484 1.03713 196.094
157 10.955 1.12425 3.6705 1.03418 204.553 1.03698 200.169
158 11.025 1.13332 3.75805 1.02957 208.655 1.03708 204.297
159 11.095 1.07689 3.8423 1.02587 212.795 1.03508 208.47
160 11.165 1.13853 3.9325 1.023 216.975 1.03368 212.69
161 11.235 1.10506 4.02115 1.02191 221.204 1.03206 216.956
162 11.305 1.10004 4.1105 1.01961 225.475 1.03193 221.275
163 11.375 1.10539 4.2014 1.01301 229.772 1.03028 225.64
164 11.445 1.06188 4.2898 1.00515 234.088 1.02986 230.058
165 11.515 1.07334 4.38025 1.00552 238.459 1.02561 234.511
166 11.585 1.06099 4.47075 1.00512 242.881 1.02399 239.011
167 11.655 1.03496 4.5601 1.0017 247.341 1.02258 243.56
168 11.725 1.06499 4.65315 1.00038 251.849 1.0197 248.151
169 11.795 1.06822 4.7476 0.996204 256.393 1.0184 252.79
170 11.865 0.995857 4.8367 0.990373 260.963 1.0152 257.471
171 11.935 1.01238 4.92835 0.987436 265.574 1.01403 262.201
172 12.005 0.99733 5.0197 0.99175 270.259 1.01071 266.971
173 12.075 1.00199 5.11255 0.990495 274.993 1.00812 271.784
174 12.145 1.00861 5.2071 0.987859 279.77 1.00657 276.646
175 12.215 0.996551 5.3016 0.985672 284.591 1.00418 281.553
176 12.285 0.984184 5.396 0.977837 289.428 1.00154 286.503
177 12.355 1.01326 5.4943 0.981357 294.339 1.00062 291.505
178 12.425 1.01156 5.59355 0.979178 299.294 0.997433 296.547
179 12.495 0.977584 5.69055 0.980753 304.314 0.995163 301.635
180 12.565 0.966224 5.7875 0.975894 309.364 0.993102 306.769
181 12.635 0.938299 5.8827 0.975749 314.471 0.992682 311.959
182 12.705 0.921652 5.97725 0.975176 319.631 0.990141 317.193
183 12.775 0.965089 6.07735 0.977654 324.861 0.9896 322.482
184 12.845 0.970334 6.1791 0.975135 330.135 0.987514 327.817
185 12.915 0.935317 6.27825 0.973765 335.459 0.987048 333.209
186 12.985 0.928526 6.37775 0.973946 340.842 0.984979 338.647
187 13.055 0.986913 6.48465 0.981125 346.324 0.984953 344.145
188 13.125 0.970477 6.5909 0.981698 351.867 0.984328 349.697
189 13.195 0.955237 6.6966 0.978436 357.452 0.983253 355.303
190 13.265 0.897342 6.79695 0.980238 363.106 0.983149 360.968
191 13.335 0.930418 6.9021 0.980559 368.822 0.983235 366.694
192 13.405 0.964508 7.01225 0.984876 374.623 0.983313 372.48
193 13.475 0.967078 7.12385 0.984994 380.486 0.982816 378.324
194 13.545 0.969973 7.23695 0.991181 386.447 0.982225 384.225
195 13.615 0.956205 7.3496 0.989223 392.458 0.983033 390.193
196 13.685 0.942247 7.46175 0.987688 398.522 0.985031 396.234
197 13.755 0.929355 7.5735 0.986791 404.642 0.983886 402.33
198 13.825 0.946311 7.68845 0.993431 410.866 0.985039 408.495
199 13.895 0.932318 7.80285 0.994523 417.16 0.986148 414.73
200 13.965 0.977051 7.92395 0.99408 423.515 0.987118 421.034
1200000 200
1 0.035 0 0 0 0 0 0
2 0.105 0 0 0 0 0 0
3 0.175 0 0 0 0 0 0
4 0.245 0 0 0 0 0 0
5 0.315 0 0 0 0 0 0
6 0.385 0 0 0 0 0 0
7 0.455 0 0 0 0 0 0
8 0.525 0 0 0 0 0 0
9 0.595 0 0 0 0 0 0
10 0.665 0 0 0 0 0 0
11 0.735 0 0 0 0 0 0
12 0.805 0 0 0 0 0 0
13 0.875 0 0 0 0 0 0
14 0.945 0 0 0 0 0 0
15 1.015 0 0 0 0 0 0
16 1.085 0 0 0 0 0 0
17 1.155 0 0 0 0 0 0
18 1.225 0 0 0 0 0 0
19 1.295 0 0 0 0 0 0
20 1.365 0 0 0 0 0 0
21 1.435 0 0 0 0 0 0
22 1.505 0 0 0 0 0 0
23 1.575 0 0 0 0 0 0
24 1.645 0 0 0 0 0 0
25 1.715 0 0 0 0 0 0
26 1.785 0 0 0 0 0 0
27 1.855 0 0 0 0 0 0
28 1.925 0 0 0 0 0 0
29 1.995 0 0 0 0 0 0
30 2.065 0 0 0 0 0 0
31 2.135 0 0 0 0 0 0
32 2.205 0 0 0 0 0 0
33 2.275 0 0 0 0 0 0
34 2.345 0 0 0 0 0 0
35 2.415 0 0 0 0 0 0
36 2.485 0 0 0 0 0 0
37 2.555 0 0 0 0 0 0
38 2.625 0 0 0 0 0 0
39 2.695 0 0 0 0 0 0
40 2.765 0 0 0 0 0 0
41 2.835 0 0 0 0 0 0
42 2.905 0 0 0 0 0 0
43 2.975 0 0 0 0 7.04104e-06 2.04082e-06
44 3.045 0 0 0.000657991 0.0002 0.000208353 6.53061e-05
45 3.115 0 0 0.00314376 0.0012 0.00185928 0.000656122
46 3.185 0 0 0.0157121 0.006425 0.00985369 0.00392959
47 3.255 0.0297007 0.0002 0.0486577 0.023325 0.0333647 0.0155061
48 3.325 0.185012 0.0015 0.120508 0.067 0.0834554 0.0457214
49 3.395 0.334447 0.00395 0.224101 0.151675 0.164708 0.107892
50 3.465 0.497987 0.00775 0.366758 0.296025 0.269709 0.213937
51 3.535 0.623258 0.0127 0.514529 0.5068 0.390473 0.37373
52 3.605 0.950389 0.02055 0.653533 0.785225 0.509821 0.590707
53 3.675 1.08928 0.0299 0.773261 1.12757 0.612985 0.86182
54 3.745 1.21161 0.0407 0.868058 1.52667 0.688986 1.17827
55 3.815 1.15675 0.0514 0.918501 1.9649 0.734345 1.52827
56 3.885 1.27702 0.06365 0.947092 2.4335 0.753349 1.90063
57 3.955 1.21713 0.07575 0.958085 2.92477 0.754833 2.28729
58 4.025 1.31113 0.08925 0.987847 3.4494 0.753049 2.68681
59 4.095 1.54349 0.1057 0.995522 3.99665 0.75137 3.09943
60 4.165 1.45576 0.12175 1.01681 4.57487 0.75822 3.53016
61 4.235 1.34224 0.13705 1.02238 5.17597 0.774244 3.98491
62 4.305 1.36262 0.1531 1.05467 5.81672 0.795685 4.46782
63 4.375 1.23716 0.16815 1.06323 6.48385 0.81879 4.98105
64 4.445 1.38565 0.18555 1.0818 7.18453 0.844063 5.52718
65 4.515 1.24653 0.2017 1.07519 7.90303 0.867581 6.10636
66 4.585 1.11521 0.2166 1.09148 8.6552 0.893464 6.72144
67 4.655 1.28886 0.23435 1.10909 9.44302 0.917234 7.37232
68 4.725 1.24743 0.25205 1.13471 10.2735 0.94523 8.06339
69 4.795 1.32077 0.27135 1.13556 11.1294 0.977083 8.79907
70 4.865 1.46918 0.29345 1.16511 12.0333 1.00894 9.58108
71 4.935 1.18552 0.3118 1.18512 12.9795 1.03343 10.4053
72 5.005 1.20599 0.331 1.19367 13.9597 1.06041 11.2752
73 5.075 1.21571 0.3509 1.18847 14.9631 1.07228 12.1796
74 5.145 1.05803 0.3687 1.19726 16.002 1.07904 13.115
75 5.215 1.17446 0.389 1.19176 17.0645 1.08322 14.0797
76 5.285 1.12665 0.409 1.1764 18.1416 1.08904 15.0758
77 5.355 1.23182 0.43145 1.18762 19.258 1.09369 16.1029
78 5.425 1.22162 0.4543 1.17598 20.3926 1.10465 17.1675
79 5.495 1.03437 0.47415 1.17478 21.5554 1.1196 18.2746
80 5.565 1.09488 0.4957 1.16467 22.7378 1.12977 19.4203
81 5.635 1.07033 0.5173 1.17333 23.9591 1.14017 20.6059
82 5.705 1.02972 0.5386 1.17145 25.209 1.1524 21.8342
83 5.775 1.10162 0.56195 1.1692 26.4872 1.1627 23.104
84 5.845 1.10994 0.58605 1.15818 27.7843 1.17071 24.4138
85 5.915 1.02761 0.6089 1.15597 29.1101 1.17249 25.7572
86 5.985 1.07619 0.6334 1.14016 30.4489 1.17362 27.1339
87 6.055 1.01497 0.65705 1.13128 31.8085 1.1724 28.5415
88 6.125 0.905926 0.67865 1.12372 33.1905 1.16846 29.977
89 6.195 0.961417 0.7021 1.11703 34.5958 1.16047 31.4354
90 6.265 0.96611 0.7262 1.0953 36.005 1.15351 32.9181
91 6.335 0.993885 0.75155 1.08953 37.4384 1.1449 34.4228
92 6.405 0.960774 0.7766 1.07819 38.8883 1.13267 35.9444
93 6.475 0.902583 0.80065 1.05606 40.3397 1.12038 37.4827
94 6.545 0.921948 0.82575 1.04644 41.8092 1.10931 39.0388
95 6.615 0.940295 0.8519 1.03511 43.294 1.0993 40.6141
96 6.685 0.904862 0.8776 1.02246 44.7918 1.08834 42.2068
97 6.755 0.818964 0.90135 1.01886 46.3158 1.08134 43.8226
98 6.825 0.809007 0.9253 1.00154 47.8451 1.07495 45.4623
99 6.895 0.863822 0.9514 0.986871 49.3831 1.06779 47.1247
100 6.965 0.815733 0.97655 0.982431 50.9454 1.0589 48.8069
101 7.035 0.777326 1.001 0.973025 52.524 1.04993 50.5085
102 7.105 0.882086 1.0293 0.956484 54.1068 1.04075 52.229
103 7.175 0.898579 1.0587 0.956875 55.7216 1.03071 53.9667
104 7.245 0.827342 1.0863 0.950431 57.357 1.01852 55.7174
105 7.315 0.839518 1.11485 0.942804 59.0107 1.00936 57.4861
106 7.385 0.826564 1.1435 0.937811 60.6874 0.998865 59.27
107 7.455 0.881892 1.17465 0.923287 62.3694 0.988613 61.0693
108 7.525 0.803041 1.20355 0.927968 64.092 0.978436 62.8837
109 7.595 0.782851 1.23225 0.922404 65.8362 0.96779 64.7118
110 7.665 0.811468 1.26255 0.913526 67.5956 0.959781 66.5584
111 7.735 0.836295 1.29435 0.913803 69.3878 0.951118 68.4219
112 7.805 0.813613 1.32585 0.91391 71.2128 0.944259 70.3056
113 7.875 0.794139 1.35715 0.909701 73.0622 0.939552 72.2137
114 7.945 0.861219 1.3917 0.910475 74.9462 0.936076 74.1487
115 8.015 0.849915 1.4264 0.907296 76.8568 0.9304 76.106
116 8.085 0.901457 1.46385 0.909154 78.8049 0.928801 78.0942
117 8.155 0.955843 1.50425 0.913017 80.7953 0.927681 80.1145
118 8.225 0.872194 1.54175 0.914227 82.8227 0.924133 82.1618
119 8.295 0.904414 1.5813 0.916984 84.8911 0.923085 84.2417
120 8.365 0.911827 1.62185 0.921755 87.0053 0.923568 86.358
121 8.435 0.957572 1.66515 0.927133 89.1677 0.924085 88.5111
122 8.505 0.932086 1.708 0.931998 91.3777 0.92553 90.7035
123 8.575 0.941538 1.752 0.936239 93.6344 0.927411 92.9366
124 8.645 0.95688 1.79745 0.942293 95.9429 0.929057 95.2104
125 8.715 0.902209 1.841 0.94765 98.3023 0.932508 97.5297
126 8.785 0.915412 1.8859 0.957382 100.724 0.93437 99.8912
127 8.855 0.949156 1.9332 0.962896 103.199 0.937338 102.298
128 8.925 0.969882 1.9823 0.96631 105.723 0.940685 104.752
129 8.995 0.984016 2.0329 0.971133 108.298 0.944428 107.254
130 9.065 1.0043 2.08535 0.979728 110.937 0.949169 109.808
131 9.135 1.00688 2.13875 0.981587 113.623 0.954127 112.416
132 9.205 0.964699 2.1907 0.990729 116.374 0.958572 115.075
133 9.275 1.00324 2.24555 0.992453 119.173 0.964245 117.792
134 9.345 1.00177 2.30115 0.999971 122.036 0.968599 120.562
135 9.415 0.967408 2.35565 1.00883 124.967 0.975479 123.393
136 9.485 0.97417 2.41135 1.0207 127.977 0.979699 126.28
137 9.555 0.986661 2.4686 1.01814 131.024 0.984865 129.224
138 9.625 0.993593 2.5271 1.02444 134.135 0.989166 132.225
139 9.695 0.95335 2.58405 1.02501 137.294 0.994032 135.285
140 9.765 1.07834 2.6494 1.03526 140.53 0.998902 138.404
141 9.835 1.00204 2.711 1.03123 143.8 1.00405 141.584
142 9.905 1.02161 2.7747 1.03527 147.129 1.00756 144.821
143 9.975 1.01523 2.8389 1.0418 150.527 1.01283 148.122
144 10.045 1.02218 2.90445 1.03516 153.951 1.01631 151.48
145 10.115 1.02192 2.9709 1.04472 157.455 1.01978 154.897
146 10.185 1.03447 3.0391 1.04392 161.005 1.02252 158.37
147 10.255 1.01441 3.1069 1.0448 164.607 1.02676 161.906
148 10.325 1.03465 3.177 1.04415 168.255 1.02875 165.497
149 10.395 1.01712 3.24685 1.04689 171.964 1.03111 169.146
150 10.465 1.00715 3.31695 1.0463 175.72 1.0343 172.855
151 10.535 1.0491 3.39095 1.04121 179.508 1.03579 176.62
152 10.605 1.05139 3.4661 1.04019 183.343 1.03732 180.44
153 10.675 1.02936 3.54065 1.04354 187.241 1.03797 184.314
154 10.745 1.0412 3.61705 1.03784 191.169 1.03908 188.242
155 10.815 1.06947 3.69655 1.03665 195.144 1.03808 192.219
156 10.885 1.07169 3.77725 1.03847 199.177 1.03897 196.25
157 10.955 1.03444 3.85615 1.03685 203.256 1.03932 200.334
158 11.025 0.9508 3.9296 1.03329 207.373 1.03849 204.468
159 11.095 1.02001 4.0094 1.03285 211.541 1.03729 208.649
160 11.165 1.01357 4.0897 1.02814 215.742 1.03665 212.881
161 11.235 1.02154 4.17165 1.02106 219.967 1.03385 217.155
162 11.305 1.02309 4.25475 1.01721 224.229 1.03359 221.481
163 11.375 1.00081 4.33705 1.01882 228.55 1.03168 225.852
164 11.445 1.06789 4.42595 1.01871 232.924 1.02921 230.267
165 11.515 0.993829 4.5097 1.01154 237.321 1.02707 234.726
166 11.585 0.978924 4.5932 1.01001 241.765 1.02556 239.234
167 11.655 0.986892 4.6784 1.00372 246.234 1.02274 243.783
168 11.725 0.985445 4.7645 1.00664 250.771 1.02035 248.377
169 11.795 1.03259 4.8558 1.00528 255.355 1.01804 253.015
170 11.865 1.01709 4.9468 0.998542 259.963 1.01566 257.697
171 11.935 0.986971 5.03615 0.997732 264.622 1.01289 262.422
172 12.005 0.977133 5.12565 0.993126 269.314 1.0102 267.19
173 12.075 0.979326 5.2164 0.988832 274.04 1.00766 272.001
174 12.145 0.997938 5.30995 0.987885 278.817 1.00601 276.86
175 12.215 0.975988 5.4025 0.984113 283.63 1.00306 281.761
176 12.285 1.01025 5.4994 0.985766 288.507 1.00035 286.705
177 12.355 0.983372 5.5948 0.981402 293.418 0.998043 291.694
178 12.425 1.00799 5.6937 0.97986 298.377 0.995861 296.729
179 12.495 1.00177 5.7931 0.979439 303.389 0.994028 301.811
180 12.565 0.987651 5.8922 0.979435 308.458 0.991498 306.937
181 12.635 0.977231 5.99135 0.976313 313.568 0.988793 312.106
182 12.705 0.976727 6.09155 0.979527 318.751 0.988422 317.331
183 12.775 0.958822 6.191 0.979953 323.993 0.986675 322.604
184 12.845 0.987499 6.29455 0.975121 329.267 0.984741 327.925
185 12.915 0.957014 6.396 0.97676 334.608 0.984311 333.301
186 12.985 0.986851 6.50175 0.976683 340.006 0.982803 338.728
187 13.055 0.970757 6.6069 0.979706 345.48 0.982279 344.21
188 13.125 1.01706 6.71825 0.980914 351.019 0.981352 349.746
189 13.195 1.02302 6.83145 0.977818 356.6 0.980181 355.335
190 13.265 0.972903 6.94025 0.980572 362.256 0.980275 360.983
191 13.335 0.992358 7.0524 0.976283 367.947 0.980074 366.691
192 13.405 0.995155 7.16605 0.979987 373.719 0.979275 372.453
193 13.475 0.992209 7.28055 0.982071 379.565 0.980013 378.28
194 13.545 0.990985 7.3961 0.985486 385.491 0.980954 384.174
195 13.615 1.01265 7.5154 0.984318 391.473 0.981492 390.132
196 13.685 0.980475 7.6321 0.985274 397.521 0.981065 396.149
197 13.755 1.02582 7.75545 0.986779 403.641 0.982006 402.233
198 13.825 0.982945 7.87485 0.990534 409.848 0.983524 408.389
199 13.895 1.04152 8.00265 0.989044 416.107 0.984469 414.613
200 13.965 1.03756 8.13125 0.990287 422.438 0.98602 420.91
1400000 200
1 0.035 0 0 0 0 0 0
2 0.105 0 0 0 0 0 0
3 0.175 0 0 0 0 0 0
4 0.245 0 0 0 0 0 0
5 0.315 0 0 0 0 0 0
6 0.385 0 0 0 0 0 0
7 0.455 0 0 0 0 0 0
8 0.525 0 0 0 0 0 0
9 0.595 0 0 0 0 0 0
10 0.665 0 0 0 0 0 0
11 0.735 0 0 0 0 0 0
12 0.805 0 0 0 0 0 0
13 0.875 0 0 0 0 0 0
14 0.945 0 0 0 0 0 0
15 1.015 0 0 0 0 0 0
16 1.085 0 0 0 0 0 0
17 1.155 0 0 0 0 0 0
18 1.225 0 0 0 0 0 0
19 1.295 0 0 0 0 0 0
20 1.365 0 0 0 0 0 0
21 1.435 0 0 0 0 0 0
22 1.505 0 0 0 0 0 0
23 1.575 0 0 0 0 0 0
24 1.645 0 0 0 0 0 0
25 1.715 0 0 0 0 0 0
26 1.785 0 0 0 0 0 0
27 1.855 0 0 0 0 0 0
28 1.925 0 0 0 0 0 0
29 1.995 0 0 0 0 0 0
30 2.065 0 0 0 0 0 0
31 2.135 0 0 0 0 0 0
32 2.205 0 0 0 0 0 0
33 2.275 0 0 0 0 0 0
34 2.345 0 0 0 0 0 0
35 2.415 0 0 0 0 0 0
36 2.485 0 0 0 0 0 0
37 2.555 0 0 0 0 0 0
38 2.625 0 0 0 0 0 0
39 2.695 0 0 0 0 0 0
40 2.765 0 0 0 0 0 0
41 2.835 0 0 0 0 0 0
42 2.905 0 0 0 0 0 0
43 2.975 0 0 0 0 7.04104e-06 2.04082e-06
44 3.045 0 0 0.000411244 0.000125 0.000198271 6.22449e-05
45 3.115 0 0 0.00243641 0.0009 0.00191708 0.000671429
46 3.185 0.0155103 0.0001 0.0144341 0.0057 0.00966325 0.00388163
47 3.255 0.0445511 0.0004 0.0467143 0.021925 0.0331853 0.0153959
48 3.325 0.17078 0.0016 0.110713 0.06205 0.0833145 0.0455602
49 3.395 0.395876 0.0045 0.216624 0.1439 0.164722 0.107736
50 3.465 0.511092 0.0084 0.347194 0.28055 0.27191 0.214646
51 3.535 0.881376 0.0154 0.488714 0.48075 0.393136 0.375529
52 3.605 1.01698 0.0238 0.625307 0.74715 0.514813 0.594631
53 3.675 1.22326 0.0343 0.749319 1.0789 0.616607 0.867346
54 3.745 1.21161 0.0451 0.822709 1.45715 0.692334 1.18533
55 3.815 1.43783 0.0584 0.884284 1.87905 0.737094 1.53664
56 3.885 1.52721 0.07305 0.922889 2.33568 0.755643 1.91014
57 3.955 1.3479 0.08645 0.938144 2.81672 0.756002 2.2974
58 4.025 1.4811 0.1017 0.963369 3.32835 0.751593 2.69614
59 4.095 1.44497 0.1171 0.985335 3.87 0.751242 3.10869
60 4.165 1.58275 0.13455 0.994346 4.43545 0.757841 3.53921
61 4.235 1.51331 0.1518 1.01915 5.03465 0.77405 3.99384
62 4.305 1.52393 0.16975 1.04018 5.6666 0.797906 4.4781
63 4.375 1.47966 0.18775 1.05506 6.3286 0.820258 4.99225
64 4.445 1.31796 0.2043 1.06393 7.0177 0.844814 5.53887
65 4.515 1.30828 0.22125 1.07822 7.73823 0.86715 6.11776
66 4.585 1.2649 0.23815 1.08669 8.4871 0.891836 6.73172
67 4.655 1.24167 0.25525 1.10965 9.27533 0.919471 7.38419
68 4.725 1.34963 0.2744 1.11845 10.0939 0.945722 8.07562
69 4.795 1.30024 0.2934 1.14776 10.9589 0.976222 8.81065
70 4.865 1.25312 0.31225 1.15908 11.8583 1.0085 9.59232
71 4.935 1.26305 0.3318 1.17241 12.7942 1.03539 10.4181
72 5.005 1.24367 0.3516 1.18791 13.7697 1.05858 11.2865
73 5.075 1.22793 0.3717 1.18646 14.7715 1.07011 12.189
74 5.145 1.0937 0.3901 1.17361 15.7898 1.07808 13.1236
75 5.215 1.05585 0.40835 1.18999 16.8508 1.08362 14.0887
76 5.285 1.12102 0.42825 1.18663 17.9372 1.08844 15.0843
77 5.355 1.18244 0.4498 1.18334 19.0496 1.09377 16.1114
78 5.425 1.08262 0.47005 1.18581 20.1936 1.10523 17.1766
79 5.495 0.943177 0.48815 1.18322 21.3648 1.11843 18.2825
80 5.565 0.970406 0.50725 1.18957 22.5725 1.13142 19.4299
81 5.635 0.966267 0.52675 1.18477 23.8057 1.14087 20.6163
82 5.705 1.03455 0.54815 1.18849 25.0737 1.15448 21.8468
83 5.775 0.976601 0.56885 1.18594 26.3703 1.16258 23.1165
84 5.845 0.939533 0.58925 1.18427 27.6966 1.16758 24.4227
85 5.915 0.973642 0.6109 1.17997 29.0499 1.17049 25.7638
86 5.985 0.929037 0.63205 1.1701 30.4238 1.16975 27.136
87 6.055 0.931285 0.65375 1.15478 31.8117 1.16661 28.5366
88 6.125 0.920606 0.6757 1.15747 33.2352 1.16369 29.9663
89 6.195 0.891719 0.69745 1.14712 34.6783 1.15665 31.4199
90 6.265 0.863886 0.719 1.12773 36.1293 1.14782 32.8953
91 6.335 0.790011 0.73915 1.10914 37.5885 1.13986 34.3933
92 6.405 0.77092 0.75925 1.09817 39.0653 1.12732 35.9078
93 6.475 0.724318 0.77855 1.08758 40.56 1.11819 37.443
94 6.545 0.719927 0.79815 1.05995 42.0484 1.10608 38.9946
95 6.615 0.796464 0.8203 1.05101 43.556 1.09432 40.5628
96 6.685 0.767548 0.8421 1.04295 45.0839 1.08792 42.1549
97 6.755 0.710344 0.8627 1.03286 46.6289 1.07865 43.7667
98 6.825 0.670513 0.88255 1.01128 48.173 1.0724 45.4025
99 6.895 0.69172 0.90345 1.00992 49.7469 1.06437 47.0595
100 6.965 0.648694 0.92345 0.997492 51.3332 1.05752 48.7395
101 7.035 0.710562 0.9458 0.9911 52.9411 1.04776 50.4377
102 7.105 0.709097 0.96855 0.981623 54.5655 1.03832 52.1541
103 7.175 0.66018 0.99015 0.971955 56.2058 1.02896 53.8888
104 7.245 0.699943 1.0135 0.95742 57.8532 1.01957 55.6413
105 7.315 0.716016 1.03785 0.954591 59.5276 1.00923 57.4098
106 7.385 0.680869 1.06145 0.940999 61.2099 0.998738 59.1935
107 7.455 0.652572 1.0845 0.943102 62.9281 0.989522 60.9945
108 7.525 0.712734 1.11015 0.929961 64.6544 0.97929 62.8104
109 7.595 0.66556 1.13455 0.926754 66.4068 0.970222 64.6432
110 7.665 0.732464 1.1619 0.92234 68.1832 0.960883 66.4919
111 7.735 0.732416 1.18975 0.916951 69.9816 0.95321 68.3595
112 7.805 0.724503 1.2178 0.91505 71.8089 0.946663 70.248
113 7.875 0.718023 1.2461 0.902556 73.6437 0.942115 72.1613
114 7.945 0.716644 1.27485 0.911756 75.5303 0.936969 74.0981
115 8.015 0.785008 1.3069 0.9051 77.4363 0.933562 76.062
116 8.085 0.788324 1.33965 0.906903 79.3796 0.930671 78.0542
117 8.155 0.79141 1.3731 0.90695 81.3568 0.927006 80.0731
118 8.225 0.769856 1.4062 0.909266 83.3732 0.926993 82.1267
119 8.295 0.823234 1.4422 0.918392 85.4447 0.926395 84.2141
120 8.365 0.802768 1.4779 0.917276 87.5487 0.924062 86.3315
121 8.435 0.881275 1.51775 0.923038 89.7016 0.925254 88.4873
122 8.505 0.827675 1.5558 0.928856 91.904 0.92381 90.6756
123 8.575 0.896601 1.5977 0.931053 94.1483 0.926896 92.9075
124 8.645 0.878982 1.63945 0.935119 96.4392 0.928907 95.1809
125 8.715 0.943642 1.685 0.942469 98.7857 0.930593 97.4955
126 8.785 0.95109 1.73165 0.949645 101.188 0.934156 99.8564
127 8.855 0.89297 1.77615 0.955202 103.643 0.937628 102.264
128 8.925 0.925437 1.823 0.964558 106.162 0.9415 104.72
129 8.995 0.951928 1.87195 0.970058 108.735 0.945625 107.225
130 9.065 0.902817 1.9191 0.97403 111.359 0.94927 109.78
131 9.135 0.984254 1.9713 0.985151 114.054 0.954384 112.388
132 9.205 1.00927 2.02565 0.991503 116.808 0.960053 115.052
133 9.275 0.95568 2.0779 0.994794 119.613 0.965061 117.771
134 9.345 0.990064 2.13285 0.999953 122.475 0.969144 120.542
135 9.415 0.987822 2.1885 1.00093 125.384 0.97563 123.374
136 9.485 0.991659 2.2452 1.01573 128.379 0.980526 126.263
137 9.555 0.997002 2.30305 1.01922 131.43 0.984497 129.206
138 9.625 1.01228 2.36265 1.02098 134.53 0.990111 132.21
139 9.695 1.0563 2.42575 1.02793 137.698 0.994809 135.272
140 9.765 1.07751 2.49105 1.02522 140.902 1.0001 138.395
141 9.835 1.0785 2.55735 1.02881 144.164 1.0032 141.573
142 9.905 1.06972 2.62405 1.03401 147.49 1.00737 144.809
143 9.975 1.06662 2.6915 1.03459 150.864 1.0107 148.102
144 10.045 1.06116 2.75955 1.04086 154.307 1.01622 151.46
145 10.115 1.11035 2.83175 1.04414 157.809 1.01948 154.876
146 10.185 1.12396 2.90585 1.04318 161.356 1.02199 158.348
147 10.255 1.04059 2.9754 1.04104 164.945 1.02524 161.878
148 10.325 1.09221 3.0494 1.04267 168.589 1.02804 165.467
149 10.395 1.07682 3.12335 1.04449 172.289 1.03128 169.117
150 10.465 1.06606 3.19755 1.04217 176.03 1.03352 172.823
151 10.535 1.08596 3.27415 1.03803 179.807 1.03557 176.587
152 10.605 1.04229 3.34865 1.04493 183.659 1.03561 180.401
153 10.675 1.13015 3.4305 1.04364 187.558 1.03729 184.272
154 10.745 1.06301 3.5085 1.03554 191.477 1.03771 188.195
155 10.815 1.08427 3.5891 1.04 195.464 1.03911 192.175
156 10.885 1.08564 3.67085 1.03443 199.482 1.03797 196.203
157 10.955 1.09606 3.75445 1.03236 203.543 1.03812 200.283
158 11.025 1.06471 3.8367 1.02801 207.64 1.03712 204.411
159 11.095 1.07177 3.92055 1.02952 211.794 1.0362 208.588
160 11.165 1.07668 4.00585 1.03063 216.005 1.03629 212.818
161 11.235 1.06268 4.0911 1.02618 220.252 1.0349 217.096
162 11.305 1.07603 4.1785 1.022 224.533 1.03332 221.421
163 11.375 1.10053 4.269 1.02366 228.875 1.03101 225.789
164 11.445 1.07389 4.3584 1.01512 233.234 1.02893 230.203
165 11.515 1.04486 4.44645 1.01292 237.637 1.02778 234.666
166 11.585 1.08033 4.5386 1.00913 242.076 1.02507 239.171
167 11.655 1.03786 4.6282 1.00412 246.548 1.02155 243.715
168 11.725 1.01062 4.7165 1.00356 251.07 1.021 248.311
169 11.795 1.062 4.8104 1.00208 255.64 1.0182 252.95
170 11.865 1.06795 4.90595 1.00165 260.263 1.01539 257.631
171 11.935 1.03557 4.9997 0.995665 264.912 1.01348 262.359
172 12.005 1.06939 5.09765 0.992475 269.6 1.00972 267.124
173 12.075 1.04569 5.19455 0.989418 274.329 1.00796 271.937
174 12.145 1.07581 5.2954 0.988443 279.109 1.00523 276.792
175 12.215 1.05824 5.39575 0.981839 283.911 1.00373 281.697
176 12.285 1.04413 5.4959 0.978529 288.752 1.0001 286.64
177 12.355 1.01842 5.5947 0.983365 293.673 0.99807 291.629
178 12.425 1.02736 5.6955 0.981619 298.64 0.995829 296.663
179 12.495 1.04057 5.79875 0.982736 303.67 0.994723 301.749
180 12.565 1.04346 5.90345 0.981347 308.749 0.992176 306.878
181 12.635 1.01123 6.00605 0.977966 313.867 0.990784 312.058
182 12.705 1.00841 6.1095 0.977727 319.04 0.988542 317.283
183 12.775 1.0562 6.21905 0.97899 324.278 0.987738 322.562
184 12.845 1.04281 6.3284 0.978467 329.57 0.985932 327.889
185 12.915 1.05088 6.4398 0.977414 334.914 0.984631 333.268
186 12.985 1.02418 6.54955 0.978438 340.322 0.983735 338.699
187 13.055 1.0303 6.66115 0.977151 345.781 0.982475 344.183
188 13.125 1.02985 6.7739 0.981799 351.325 0.981956 349.722
189 13.195 1.08537 6.894 0.984525 356.944 0.981457 355.318
190 13.265 1.00107 7.00595 0.982895 362.614 0.981188 360.972
191 13.335 1.05651 7.12535 0.983321 368.346 0.980682 366.682
192 13.405 1.03937 7.24405 0.980462 374.121 0.980531 372.452
193 13.475 1.03987 7.36405 0.981874 379.965 0.981025 378.286
194 13.545 1.08232 7.49025 0.985236 385.891 0.981659 384.183
195 13.615 1.00459 7.6086 0.988285 391.896 0.981857 390.144
196 13.685 1.04391 7.73285 0.986283 397.951 0.982839 396.171
197 13.755 1.02957 7.85665 0.990225 404.093 0.982491 402.258
198 13.825 1.0558 7.9849 0.993487 410.317 0.983699 408.415
199 13.895 1.03826 8.1123 0.992658 416.6 0.985191 414.644
200 13.965 1.07226 8.2452 0.992946 422.947 0.986071 420.942
1600000 200
1 0.035 0 0 0 0 0 0
2 0.105 0 0 0 0 0 0
3 0.175 0 0 0 0 0 0
4 0.245 0 0 0 0 0 0
5 0.315 0 0 0 0 0 0
6 0.385 0 0 0 0 0 0
7 0.455 0 0 0 0 0 0
8 0.525 0 0 0 0 0 0
9 0.595 0 0 0 0 0 0
10 0.665 0 0 0 0 0 0
11 0.735 0 0 0 0 0 0
12 0.805 0 0 0 0 0 0
13 0.875 0 0 0 0 0 0
14 0.945 0 0 0 0 0 0
15 1.015 0 0 0 0 0 0
16 1.085 0 0 0 0 0 0
17 1.155 0 0 0 0 0 0
18 1.225 0 0 0 0 0 0
19 1.295 0 0 0 0 0 0
20 1.365 0 0 0 0 0 0
21 1.435 0 0 0 0 0 0
22 1.505 0 0 0 0 0 0
23 1.575 0 0 0 0 0 0
24 1.645 0 0 0 0 0 0
25 1.715 0 0 0 0 0 0
26 1.785 0 0 0 0 0 0
27 1.855 0 0 0 0 0 0
28 1.925 0 0 0 0 0 0
29 1.995 0 0 0 0 0 0
30 2.065 0 0 0 0 0 0
31 2.135 0 0 0 0 0 0
32 2.205 0 0 0 0 0 0
33 2.275 0 0 0 0 0 0
34 2.345 0 0 0 0 0 0
35 2.415 0 0 0 0 0 0
36 2.485 0 0 0 0 0 0
37 2.555 0 0 0 0 0 0
38 2.625 0 0 0 0 0 0
39 2.695 0 0 0 0 0 0
40 2.765 0 0 0 0 0 0
41 2.835 0 0 0 0 0 0
42 2.905 0 0 0 0 3.69222e-06 1.02041e-06
43 2.975 0 0 0 0 7.04104e-06 3.06122e-06
44 3.045 0 0 0.000575742 0.000175 0.000235237 7.44898e-05
45 3.115 0 0 0.00196485 0.0008 0.00175331 0.000631633
46 3.185 0.0155103 0.0001 0.0141333 0.0055 0.00989362 0.00391837
47 3.255 0.103953 0.0008 0.0457785 0.0214 0.0329382 0.0153469
48 3.325 0.156549 0.0019 0.111886 0.06195 0.0827283 0.045299
49 3.395 0.245716 0.0037 0.214309 0.142925 0.164806 0.107506
50 3.465 0.327623 0.0062 0.342176 0.2776 0.272867 0.214793
51 3.535 0.610667 0.01105 0.48731 0.477225 0.394902 0.376398
52 3.605 0.77484 0.01745 0.631586 0.7463 0.51622 0.596099
53 3.675 0.98443 0.0259 0.757902 1.08185 0.621789 0.871106
54 3.745 0.964802 0.0345 0.831953 1.46435 0.698321 1.19184
55 3.815 1.1081 0.04475 0.900423 1.89395 0.742283 1.54563
56 3.885 1.31872 0.0574 0.928952 2.35358 0.763622 1.92307
57 3.955 1.3831 0.07115 0.959206 2.84543 0.761955 2.31337
58 4.025 1.24315 0.08395 0.958285 3.35435 0.753772 2.71328
59 4.095 1.41682 0.09905 0.988655 3.89783 0.755164 3.12798
60 4.165 1.39227 0.1144 0.990917 4.46132 0.760649 3.56009
61 4.235 1.29838 0.1292 1.00997 5.05513 0.777389 4.01668
62 4.305 1.38809 0.14555 1.04039 5.6872 0.799044 4.50163
63 4.375 1.26182 0.1609 1.04633 6.34373 0.822842 5.0174
64 4.445 1.20249 0.176 1.05864 7.0294 0.848255 5.56625
65 4.515 1.17707 0.19125 1.07437 7.74735 0.870277 6.14722
66 4.585 1.21625 0.2075 1.08763 8.49687 0.89467 6.76314
67 4.655 1.28886 0.22525 1.09438 9.27425 0.918951 7.41524
68 4.725 1.24743 0.24295 1.10144 10.0804 0.946111 8.10695
69 4.795 1.28656 0.26175 1.1196 10.9242 0.976798 8.84242
70 4.865 1.28969 0.28115 1.13692 11.8063 1.00704 9.62295
71 4.935 1.25659 0.3006 1.15058 12.7249 1.03361 10.4473
72 5.005 1.26566 0.32075 1.17662 13.6911 1.05387 11.3118
73 5.075 1.176 0.34 1.17106 14.6798 1.06761 12.2123
74 5.145 1.17691 0.3598 1.16946 15.6946 1.07688 13.1458
75 5.215 1.22074 0.3809 1.15715 16.7262 1.0816 14.1091
76 5.285 1.18862 0.402 1.16668 17.7944 1.08494 15.1014
77 5.355 1.24828 0.42475 1.15379 18.8791 1.09188 16.1268
78 5.425 1.17618 0.44675 1.168 20.0059 1.1014 17.1883
79 5.495 1.24281 0.4706 1.1599 21.154 1.11507 18.2909
80 5.565 1.13045 0.49285 1.16383 22.3355 1.12714 19.434
81 5.635 1.09263 0.5149 1.1706 23.554 1.14138 20.6209
82 5.705 1.14574 0.5386 1.15472 24.786 1.15253 21.8493
83 5.775 1.16767 0.56335 1.15743 26.0514 1.15969 23.1158
84 5.845 1.13987 0.5881 1.16391 27.3549 1.1668 24.4212
85 5.915 1.13329 0.6133 1.15336 28.6777 1.16884 25.7604
86 5.985 1.10255 0.6384 1.14321 30.0201 1.16897 27.1316
87 6.055 1.09008 0.6638 1.13577 31.3851 1.16642 28.5321
88 6.125 1.11983 0.6905 1.12183 32.7647 1.16451 29.9627
89 6.195 1.08031 0.71685 1.1156 34.1682 1.15724 31.4171
90 6.265 1.04428 0.7429 1.11547 35.6034 1.15226 32.8982
91 6.335 1.06446 0.77005 1.09363 37.0422 1.13995 34.3963
92 6.405 1.02789 0.79685 1.06997 38.4811 1.12766 35.9112
93 6.475 0.985148 0.8231 1.07532 39.9589 1.11829 37.4466
94 6.545 1.07989 0.8525 1.04722 41.4295 1.10746 39.0002
95 6.615 0.974454 0.8796 1.04397 42.927 1.099 40.575
96 6.685 0.918945 0.9057 1.03485 44.443 1.08965 42.1697
97 6.755 0.915516 0.93225 1.0267 45.9787 1.08187 43.7863
98 6.825 0.961013 0.9607 1.01874 47.5343 1.07444 45.4252
99 6.895 0.923396 0.9886 1.00699 49.1036 1.06623 47.0852
100 6.965 0.911416 1.0167 0.997806 50.6904 1.05851 48.7667
101 7.035 0.92834 1.0459 0.994167 52.3033 1.05001 50.4685
102 7.105 0.872735 1.0739 0.979554 53.9243 1.04122 52.1898
103 7.175 0.840507 1.1014 0.97714 55.5733 1.03158 53.9288
104 7.245 0.857318 1.13 0.965033 57.2337 1.02182 55.6853
105 7.315 0.771886 1.15625 0.960235 58.9181 1.01114 57.4571
106 7.385 0.884265 1.1869 0.950172 60.6168 1.00084 59.2446
107 7.455 0.822439 1.21595 0.948248 62.3444 0.990791 61.0478
108 7.525 0.875287 1.24745 0.94021 64.0896 0.981026 62.867
109 7.595 0.879685 1.2797 0.933364 65.8546 0.97173 64.7026
110 7.665 0.847622 1.31135 0.925948 67.6379 0.963208 66.5558
111 7.735 0.878373 1.34475 0.924026 69.4501 0.955632 68.4281
112 7.805 0.765829 1.3744 0.923788 71.2949 0.947937 70.3191
113 7.875 0.787796 1.40545 0.918654 73.1625 0.943118 72.2345
114 7.945 0.781453 1.4368 0.917132 75.0602 0.938216 74.1739
115 8.015 0.813176 1.47 0.914681 76.9864 0.934439 76.1396
116 8.085 0.800359 1.50325 0.91864 78.9548 0.930038 78.1305
117 8.155 0.781946 1.5363 0.922007 80.9649 0.929694 80.1552
118 8.225 0.780322 1.56985 0.91656 82.9974 0.926234 82.2072
119 8.295 0.771782 1.6036 0.922958 85.0792 0.92504 84.2915
120 8.365 0.853362 1.64155 0.921843 87.1937 0.925509 86.4122
121 8.435 0.837046 1.6794 0.922995 89.3465 0.925427 88.5684
122 8.505 0.815711 1.7169 0.92738 91.5455 0.926242 90.7625
123 8.575 0.843105 1.7563 0.936083 93.8018 0.926581 92.9936
124 8.645 0.832665 1.79585 0.935578 96.0939 0.929502 95.2685
125 8.715 0.862847 1.8375 0.946857 98.4513 0.930329 97.5824
126 8.785 0.880753 1.8807 0.949289 100.853 0.934556 99.9443
127 8.855 0.854843 1.9233 0.951769 103.299 0.935803 102.347
128 8.925 0.868153 1.96725 0.962567 105.813 0.941294 104.803
129 8.995 0.896504 2.01335 0.971359 108.389 0.945031 107.307
130 9.065 0.925795 2.0617 0.973343 111.011 0.949347 109.861
131 9.135 0.91826 2.1104 0.976771 113.683 0.954237 112.469
132 9.205 0.852352 2.1563 0.984383 116.417 0.95977 115.132
133 9.275 0.909039 2.206 0.989971 119.209 0.964203 117.848
134 9.345 0.906282 2.2563 0.99233 122.05 0.969508 120.621
135 9.415 0.908831 2.3075 1.00057 124.957 0.974934 123.451
136 9.485 0.951433 2.3619 1.00459 127.92 0.980169 126.339
137 9.555 0.89532 2.41385 1.01806 130.966 0.984859 129.283
138 9.625 0.947735 2.46965 1.01442 134.047 0.988468 132.282
139 9.695 0.940795 2.52585 1.02411 137.203 0.992809 135.338
140 9.765 0.910854 2.58105 1.02019 140.392 0.997986 138.454
141 9.835 0.930468 2.63825 1.03343 143.668 1.00222 141.629
142 9.905 0.925382 2.69595 1.03167 146.986 1.0066 144.863
143 9.975 0.977275 2.75775 1.03586 150.365 1.01057 148.155
144 10.045 0.920819 2.8168 1.03597 153.791 1.01524 151.51
145 10.115 0.936569 2.8777 1.03439 157.261 1.01867 154.923
146 10.185 0.941183 2.93975 1.04082 160.8 1.02124 158.392
147 10.255 0.998698 3.0065 1.04455 164.401 1.02502 161.922
148 10.325 0.944614 3.0705 1.0484 168.065 1.02731 165.509
149 10.395 0.972707 3.1373 1.04655 171.772 1.02965 169.152
150 10.465 0.977697 3.20535 1.04205 175.513 1.03209 172.854
151 10.535 0.972544 3.27395 1.04488 179.314 1.03292 176.608
152 10.605 0.954851 3.3422 1.04723 183.175 1.03505 180.42
153 10.675 0.976198 3.4129 1.04806 187.09 1.03635 184.287
154 10.745 0.94853 3.4825 1.04874 191.059 1.03648 188.206
155 10.815 0.938309 3.55225 1.05034 195.086 1.03794 192.181
156 10.885 0.967447 3.6251 1.04314 199.138 1.03749 196.207
157 10.955 0.947257 3.69735 1.03972 203.228 1.03783 200.286
158 11.025 1.00776 3.7752 1.04032 207.374 1.03733 204.415
159 11.095 0.975269 3.8515 1.0403 211.571 1.0359 208.591
160 11.165 0.970652 3.9284 1.04139 215.827 1.03508 212.816
161 11.235 0.905616 4.00105 1.0334 220.103 1.03411 217.09
162 11.305 0.901207 4.07425 1.03223 224.427 1.03227 221.411
163 11.375 0.946696 4.1521 1.02906 228.792 1.03119 225.78
164 11.445 0.935151 4.22995 1.02958 233.213 1.02929 230.195
165 11.515 0.936276 4.30885 1.02779 237.68 1.02819 234.66
166 11.585 0.94434 4.3894 1.02369 242.184 1.02565 239.167
167 11.655 0.959092 4.4722 1.01871 246.72 1.02332 243.72
168 11.725 0.905899 4.55135 1.01857 251.311 1.02132 248.317
169 11.795 0.967562 4.6369 1.01446 255.937 1.01829 252.957
170 11.865 0.942767 4.72125 1.0101 260.598 1.01649 257.643
171 11.935 0.920694 4.8046 1.00631 265.297 1.01312 262.369
172 12.005 0.95093 4.8917 1.00822 270.061 1.01141 267.142
173 12.075 0.962599 4.9809 1.0027 274.853 1.00855 271.958
174 12.145 0.962735 5.07115 1.00116 279.694 1.00589 276.816
175 12.215 0.993915 5.1654 0.997802 284.574 1.00402 281.722
176 12.285 0.963333 5.2578 0.995043 289.497 1.00179 286.673
177 12.355 0.936986 5.3487 0.994892 294.475 0.999274 291.668
178 12.425 0.940218 5.44095 0.990654 299.489 0.996828 296.708
179 12.495 0.929209 5.53315 0.989306 304.552 0.995256 301.796
180 12.565 0.922372 5.6257 0.985019 309.65 0.992357 306.927
181 12.635 0.924008 5.71945 0.98539 314.806 0.991232 312.109
182 12.705 0.914341 5.81325 0.984927 320.018 0.989062 317.337
183 12.775 0.958822 5.9127 0.989262 325.31 0.987806 322.616
184 12.845 0.935049 6.01075 0.987083 330.649 0.986256 327.945
185 12.915 0.958429 6.11235 0.987546 336.049 0.98414 333.32
186 12.985 0.963054 6.21555 0.982558 341.479 0.983296 338.75
187 13.055 0.97445 6.3211 0.986002 346.988 0.983139 344.237
188 13.125 0.945816 6.42465 0.979001 352.517 0.981819 349.775
189 13.195 0.988223 6.534 0.985155 358.139 0.981468 355.371
190 13.265 0.960384 6.6414 0.979007 363.786 0.981139 361.025
191 13.335 0.934843 6.74705 0.984191 369.523 0.980554 366.735
192 13.405 0.967573 6.85755 0.980509 375.299 0.980263 372.503
193 13.475 1.01257 6.9744 0.983592 381.153 0.981106 378.337
194 13.545 0.983266 7.08905 0.984442 387.074 0.981135 384.232
195 13.615 0.994402 7.2062 0.984191 393.054 0.981259 390.188
196 13.685 0.985095 7.32345 0.983095 399.09 0.981709 396.209
197 13.755 1.02458 7.44665 0.986545 405.208 0.98246 402.296
198 13.825 0.975947 7.5652 0.988906 411.404 0.983779 408.453
199 13.895 1.01178 7.68935 0.989099 417.664 0.984848 414.68
200 13.965 1.02546 7.81645 0.989274 423.989 0.985649 420.975
1800000 200
1 0.035 0 0 0 0 0 0
2 0.105 0 0 0 0 0 0
3 0.175 0 0 0 0 0 0
4 0.245 0 0 0 0 0 0
5 0.315 0 0 0 0 0 0
6 0.385 0 0 0 0 0 0
7 0.455 0 0 0 0 0 0
8 0.525 0 0 0 0 0 0
9 0.595 0 0 0 0 0 0
10 0.665 0 0 0 0 0 0
11 0.735 0 0 0 0 0 0
12 0.805 0 0 0 0 0 0
13 0.875 0 0 0 0 0 0
14 0.945 0 0 0 0 0 0
15 1.015 0 0 0 0 0 0
16 1.085 0 0 0 0 0 0
17 1.155 0 0 0 0 0 0
18 1.225 0 0 0 0 0 0
19 1.295 0 0 0 0 0 0
20 1.365 0 0 0 0 0 0
21 1.435 0 0 0 0 0 0
22 1.505 0 0 0 0 0 0
23 1.575 0 0 0 0 0 0
24 1.645 0 0 0 0 0 0
25 1.715 0 0 0 0 0 0
26 1.785 0 0 0 0 0 0
27 1.855 0 0 0 0 0 0
28 1.925 0 0 0 0 0 0
29 1.995 0 0 0 0 0 0
30 2.065 0 0 0 0 0 0
31 2.135 0 0 0 0 0 0
32 2.205 0 0 0 0 0 0
33 2.275 0 0 0 0 0 0
34 2.345 0 0 0 0 0 0
35 2.415 0 0 0 0 0 0
36 2.485 0 0 0 0 0 0
37 2.555 0 0 0 0 0 0
38 2.625 0 0 0 0 0 0
39 2.695 0 0 0 0 0 0
40 2.765 0 0 0 0 0 0
41 2.835 0 0 0 0 0 0
42 2.905 0 0 0 0 0 0
43 2.975 0 0 0 0 1.76026e-05 5.10204e-06
44 3.045 0 0 8.22488e-05 2.5e-05 0.000225155 7.34694e-05
45 3.115 0 0 0.00243641 0.0008 0.00196846 0.00069898
46 3.185 0 0 0.0144341 0.0056 0.0100687 0.00404388
47 3.255 0.0668267 0.00045 0.0423236 0.0203 0.0335146 0.0156724
48 3.325 0.128085 0.00135 0.118508 0.06325 0.084222 0.0461653
49 3.395 0.191113 0.00275 0.220594 0.1466 0.166165 0.108886
50 3.465 0.327623 0.00525 0.374443 0.293975 0.274419 0.216783
51 3.535 0.491052 0.00915 0.522401 0.507975 0.396385 0.378995
52 3.605 0.58113 0.01395 0.642677 0.781775 0.514427 0.597933
53 3.675 0.780554 0.02065 0.770607 1.12295 0.622643 0.873317
54 3.745 0.908709 0.02875 0.859304 1.51803 0.693213 1.19171
55 3.815 0.935128 0.0374 0.925627 1.95965 0.739063 1.54396
56 3.885 0.93822 0.0464 0.949467 2.42943 0.754799 1.91704
57 3.955 1.18192 0.05815 0.965885 2.9247 0.754435 2.30349
58 4.025 0.976066 0.0682 0.988036 3.44942 0.750037 2.70141
59 4.095 1.04619 0.07935 1.02476 4.01275 0.748183 3.11228
60 4.165 0.970509 0.09005 1.02525 4.59578 0.755867 3.54168
61 4.235 0.96501 0.10105 1.04262 5.20878 0.770942 3.99448
62 4.305 1.01878 0.11305 1.05619 5.85045 0.795086 4.47703
63 4.375 1.05632 0.1259 1.07056 6.52217 0.818907 4.99033
64 4.445 1.01136 0.1386 1.09709 7.23275 0.841382 5.53473
65 4.515 1.04199 0.1521 1.10015 7.96792 0.862517 6.11053
66 4.585 0.916864 0.16435 1.11227 8.73443 0.889512 6.72289
67 4.655 0.918542 0.177 1.13672 9.54187 0.914392 7.37176
68 4.725 1.03248 0.19165 1.15545 10.3875 0.943695 8.0617
69 4.795 0.917014 0.20505 1.17287 11.2715 0.975051 8.79586
70 4.865 0.960618 0.2195 1.17458 12.1828 1.00618 9.57572
71 4.935 0.852802 0.2327 1.19862 13.1397 1.03239 10.3991
72 5.005 0.895067 0.24695 1.21114 14.1343 1.05445 11.2641
73 5.075 0.940801 0.26235 1.20784 15.1541 1.06672 12.1638
74 5.145 0.954011 0.2784 1.20539 16.2001 1.07625 13.0968
75 5.215 0.853361 0.29315 1.21691 17.2849 1.07842 14.0572
76 5.285 0.861889 0.30845 1.21001 18.3929 1.08289 15.0477
77 5.355 0.924551 0.3253 1.20347 19.5241 1.08843 16.0698
78 5.425 0.951635 0.3431 1.20584 20.6875 1.1032 17.1331
79 5.495 0.909306 0.36055 1.19751 21.8728 1.11505 18.2356
80 5.565 0.932301 0.3789 1.20006 23.0911 1.12668 19.3783
81 5.635 1.05051 0.4001 1.19413 24.3341 1.13837 20.562
82 5.705 1.00071 0.4208 1.1943 25.6083 1.14839 21.786
83 5.775 0.962447 0.4412 1.18745 26.9065 1.15794 23.0507
84 5.845 0.969469 0.46225 1.18603 28.2348 1.16528 24.3543
85 5.915 1.01412 0.4848 1.16763 29.574 1.16956 25.6944
86 5.985 1.03446 0.50835 1.1669 30.9442 1.16577 27.0618
87 6.055 1.01712 0.53205 1.14811 32.324 1.16622 28.462
88 6.125 0.954158 0.5548 1.1287 33.7121 1.16234 29.89
89 6.195 0.961417 0.57825 1.12762 35.1307 1.15826 31.3457
90 6.265 0.99818 0.60315 1.1143 36.5645 1.15041 32.8244
91 6.335 0.982123 0.6282 1.08901 37.9971 1.13822 34.3203
92 6.405 0.989539 0.654 1.08073 39.4505 1.12875 35.8367
93 6.475 0.977642 0.68005 1.05742 40.9038 1.11778 37.3713
94 6.545 0.973371 0.70655 1.04981 42.378 1.10773 38.9253
95 6.615 0.933103 0.7325 1.03346 43.8604 1.09747 40.4979
96 6.685 0.883737 0.7576 1.02679 45.3646 1.08971 42.0926
97 6.755 0.812068 0.78115 1.00972 46.8749 1.08263 43.7104
98 6.825 0.893455 0.8076 0.996887 48.3971 1.07538 45.3508
99 6.895 0.855548 0.83345 0.986663 49.9348 1.06806 47.0136
100 6.965 0.89682 0.8611 0.984868 51.5009 1.05985 48.6973
101 7.035 0.848859 0.8878 0.965859 53.0679 1.0525 50.4031
102 7.105 0.808838 0.91375 0.944217 54.6304 1.04274 52.1268
103 7.175 0.848148 0.9415 0.953275 56.2391 1.0334 53.869
104 7.245 0.852821 0.96995 0.935626 57.849 1.02393 55.629
105 7.315 0.84687 0.99875 0.93793 59.4942 1.01405 57.4059
106 7.385 0.810696 1.02685 0.923128 61.1446 1.00314 59.1975
107 7.455 0.816777 1.0557 0.922834 62.8259 0.993718 61.0061
108 7.525 0.851668 1.08635 0.909139 64.5134 0.98519 62.833
109 7.595 0.84968 1.1175 0.908482 66.2313 0.973996 64.6729
110 7.665 0.902524 1.1512 0.905867 67.976 0.967903 66.5351
111 7.735 0.827091 1.18265 0.898978 69.7391 0.958279 68.4126
112 7.805 0.894974 1.2173 0.899313 71.535 0.951019 70.3098
113 7.875 0.888015 1.2523 0.89819 73.3609 0.947472 72.234
114 7.945 0.89487 1.2882 0.893512 75.2098 0.940326 74.1777
115 8.015 0.878083 1.32405 0.900767 77.1067 0.936196 76.1472
116 8.085 0.888218 1.36095 0.893089 79.0204 0.934692 78.148
117 8.155 0.953478 1.40125 0.900976 80.9846 0.931825 80.1774
118 8.225 0.923362 1.44095 0.905659 82.993 0.929696 82.237
119 8.295 0.953579 1.48265 0.911564 85.0491 0.928034 84.3281
120 8.365 0.903957 1.52285 0.910279 87.137 0.926577 86.4513
121 8.435 0.919976 1.56445 0.916607 89.2749 0.927103 88.6114
122 8.505 0.965802 1.60885 0.922572 91.4625 0.928876 90.8117
123 8.575 0.968287 1.6541 0.924809 93.6916 0.928852 93.0483
124 8.645 0.98425 1.70085 0.937098 95.9874 0.930699 95.3261
125 8.715 0.912567 1.7449 0.940099 98.328 0.933518 97.6479
126 8.785 0.932741 1.79065 0.940524 100.707 0.936025 100.014
127 8.855 0.975243 1.83925 0.957303 103.168 0.937385 102.421
128 8.925 1.01334 1.89055 0.96609 105.691 0.941034 104.875
129 8.995 0.988877 1.9414 0.969115 108.261 0.945813 107.381
130 9.065 1.01196 1.99425 0.979394 110.899 0.948901 109.935
131 9.135 1.01065 2.04785 0.983113 113.589 0.953818 112.541
132 9.205 1.03155 2.1034 0.992169 116.344 0.958771 115.202
133 9.275 1.01421 2.15885 1.00056 119.166 0.963101 117.915
134 9.345 1.03781 2.21645 1.00661 122.048 0.967652 120.682
135 9.415 1.0322 2.2746 1.01893 125.008 0.972561 123.505
136 9.485 1.08435 2.3366 1.02413 128.029 0.978154 126.387
137 9.555 1.04784 2.3974 1.02691 131.102 0.982285 129.324
138 9.625 1.10909 2.4627 1.03118 134.234 0.985676 132.314
139 9.695 1.10736 2.52885 1.03345 137.418 0.990768 135.364
140 9.765 1.07999 2.5943 1.03507 140.653 0.99436 138.469
141 9.835 1.07768 2.66055 1.03706 143.942 0.998958 141.633
142 9.905 1.03043 2.7248 1.04174 147.292 1.00264 144.854
143 9.975 1.05397 2.79145 1.0481 150.71 1.00779 148.138
144 10.045 1.03855 2.85805 1.05036 154.185 1.01047 151.477
145 10.115 1.07113 2.9277 1.04546 157.691 1.01409 154.874
146 10.185 1.03219 2.99575 1.04544 161.246 1.01713 158.33
147 10.255 1.0563 3.06635 1.05262 164.875 1.01936 161.84
148 10.325 1.08262 3.1397 1.05482 168.561 1.02288 165.411
149 10.395 1.05571 3.2122 1.053 172.291 1.02475 169.037
150 10.465 1.08114 3.28745 1.05081 176.063 1.0288 172.727
151 10.535 1.02004 3.3594 1.04718 179.873 1.03009 176.471
152 10.605 1.02061 3.43235 1.04902 183.741 1.03175 180.271
153 10.675 1.02591 3.50665 1.05137 187.668 1.03274 184.124
154 10.745 1.08141 3.586 1.04573 191.626 1.03448 188.036
155 10.815 1.0688 3.66545 1.05093 195.655 1.03575 192.003
156 10.885 1.03252 3.7432 1.04506 199.714 1.03444 196.016
157 10.955 1.0469 3.82305 1.04357 203.82 1.0354 200.086
158 11.025 1.02912 3.90255 1.03577 207.947 1.03459 204.204
159 11.095 1.03087 3.9832 1.04142 212.149 1.03559 208.378
160 11.165 0.966865 4.0598 1.03545 216.38 1.03389 212.599
161 11.235 1.00035 4.14005 1.02986 220.642 1.03316 216.869
162 11.305 1.0354 4.22415 1.03024 224.958 1.03179 221.188
163 11.375 0.978313 4.3046 1.02342 229.299 1.03113 225.557
164 11.445 1.00662 4.3884 1.02243 233.689 1.02944 229.973
165 11.515 0.989676 4.4718 1.01555 238.103 1.02837 234.438
166 11.585 0.988889 4.55615 1.00981 242.546 1.02662 238.95
167 11.655 0.991526 4.64175 1.01203 247.052 1.02437 243.507
168 11.725 0.919634 4.7221 1.01075 251.607 1.02278 248.111
169 11.795 0.97039 4.8079 1.00453 256.188 1.02073 252.762
170 11.865 0.963444 4.8941 1.00023 260.804 1.01808 257.455
171 11.935 0.994151 4.9841 0.998631 265.467 1.01553 262.192
172 12.005 0.907259 5.0672 0.99936 270.189 1.01348 266.975
173 12.075 0.892994 5.14995 0.992253 274.931 1.01092 271.802
174 12.145 0.948868 5.2389 0.994673 279.741 1.00932 276.677
175 12.215 0.959642 5.3299 0.987298 284.57 1.00696 281.597
176 12.285 0.909641 5.41715 0.986604 289.451 1.00448 286.562
177 12.355 0.911732 5.5056 0.985424 294.381 1.00305 291.576
178 12.425 0.914738 5.59535 0.985635 299.369 1.00081 296.635
179 12.495 0.970025 5.6916 0.983127 304.401 0.998862 301.742
180 12.565 0.914898 5.7834 0.981835 309.482 0.996476 306.894
181 12.635 0.918587 5.8766 0.978257 314.602 0.99499 312.096
182 12.705 0.890947 5.968 0.977311 319.773 0.99191 317.339
183 12.775 0.913508 6.06275 0.979747 325.015 0.991245 322.637
184 12.845 0.95746 6.16315 0.977187 330.3 0.989253 327.982
185 12.915 0.934374 6.2622 0.981547 335.667 0.987997 333.378
186 12.985 0.941591 6.3631 0.980039 341.083 0.986692 338.826
187 13.055 0.926443 6.46345 0.980078 346.559 0.986684 344.333
188 13.125 0.923894 6.5646 0.982295 352.106 0.984876 349.889
189 13.195 0.91954 6.66635 0.980994 357.705 0.984673 355.503
190 13.265 0.964855 6.77425 0.981595 363.367 0.98346 361.17
191 13.335 0.969352 6.8838 0.980443 369.082 0.982914 366.894
192 13.405 0.932548 6.9903 0.985848 374.889 0.982438 372.675
193 13.475 0.989609 7.1045 0.986977 380.764 0.982402 378.516
194 13.545 0.946817 7.2149 0.986014 386.694 0.982369 384.418
195 13.615 0.904002 7.3214 0.987614 392.695 0.982155 390.38
196 13.685 0.988876 7.4391 0.989863 398.772 0.982265 396.405
197 13.755 0.986737 7.55775 0.990205 404.913 0.982947 402.495
198 13.825 0.959483 7.6743 0.989856 411.115 0.983657 408.651
199 13.895 0.964509 7.79265 0.997386 417.428 0.984282 414.875
200 13.965 0.991574 7.91555 0.999199 423.815 0.984895 421.164
2000000 200
1 0.035 0 0 0 0 0 0
2 0.105 0 0 0 0 0 0
3 0.175 0 0 0 0 0 0
4 0.245 0 0 0 0 0 0
5 0.315 0 0 0 0 0 0
6 0.385 0 0 0 0 0 0
7 0.455 0 0 0 0 0 0
8 0.525 0 0 0 0 0 0
9 0.595 0 0 0 0 0 0
10 0.665 0 0 0 0 0 0
11 0.735 0 0 0 0 0 0
12 0.805 0 0 0 0 0 0
13 0.875 0 0 0 0 0 0
14 0.945 0 0 0 0 0 0
15 1.015 0 0 0 0 0 0
16 1.085 0 0 0 0 0 0
17 1.155 0 0 0 0 0 0
18 1.225 0 0 0 0 0 0
19 1.295 0 0 0 0 0 0
20 1.365 0 0 0 0 0 0
21 1.435 0 0 0 0 0 0
22 1.505 0 0 0 0 0 0
23 1.575 0 0 0 0 0 0
24 1.645 0 0 0 0 0 0
25 1.715 0 0 0 0 0 0
26 1.785 0 0 0 0 0 0
27 1.855 0 0 0 0 0 0
28 1.925 0 0 0 0 0 0
29 1.995 0 0 0 0 0 0
30 2.065 0 0 0 0 0 0
31 2.135 0 0 0 0 0 0
32 2.205 0 0 0 0 0 0
33 2.275 0 0 0 0 0 0
34 2.345 0 0 0 0 0 0
35 2.415 0 0 0 0 0 0
36 2.485 0 0 0 0 0 0
37 2.555 0 0 0 0 0 0
38 2.625 0 0 0 0 0 0
39 2.695 0 0 0 0 0 0
40 2.765 0 0 0 0 0 0
41 2.835 0 0 0 0 0 0
42 2.905 0 0 0 0 0 0
43 2.975 0 0 0 0 1.05616e-05 3.06122e-06
44 3.045 0 0 0.000328995 0.0001 0.000188189 6.02041e-05
45 3.115 0 0 0.00220063 0.0008 0.00178542 0.000627551
46 3.185 0.0155103 0.0001 0.0145844 0.00565 0.00991512 0.00392143
47 3.255 0.0445511 0.0004 0.0461384 0.021675 0.0332558 0.0154602
48 3.325 0.0711585 0.0009 0.123888 0.066575 0.0826578 0.0453867
49 3.395 0.197938 0.00235 0.226417 0.152125 0.164798 0.107591
50 3.465 0.347281 0.005 0.369425 0.297525 0.272091 0.214572
51 3.535 0.541416 0.0093 0.522218 0.51145 0.397896 0.377403
52 3.605 0.59929 0.01425 0.648487 0.787725 0.521078 0.599171
53 3.675 0.704829 0.0203 0.769365 1.12835 0.623026 0.874726
54 3.745 0.746039 0.02695 0.8518 1.51997 0.697932 1.19528
55 3.815 0.989181 0.0361 0.903776 1.95118 0.744981 1.55036
56 3.885 0.933008 0.04505 0.937795 2.41518 0.764367 1.92816
57 3.955 1.11151 0.0561 0.970566 2.91285 0.764795 2.31992
58 4.025 0.961498 0.066 0.972831 3.4295 0.759086 2.72265
59 4.095 1.06496 0.07735 0.997887 3.97805 0.758504 3.13918
60 4.165 0.907018 0.08735 1.01602 4.55582 0.764229 3.57333
61 4.235 1.24574 0.10155 1.02906 5.16085 0.781056 4.03207
62 4.305 1.14613 0.11505 1.03998 5.79268 0.803199 4.51955
63 4.375 1.1714 0.1293 1.06279 6.45952 0.827104 5.03799
64 4.445 1.03525 0.1423 1.08061 7.15943 0.850141 5.58806
65 4.515 0.995684 0.1552 1.08286 7.88305 0.87305 6.17088
66 4.585 1.03662 0.16905 1.10828 8.6468 0.894405 6.78661
67 4.655 0.994785 0.18275 1.1313 9.4504 0.916407 7.43691
68 4.725 1.07829 0.19805 1.13444 10.2807 0.943126 8.12644
69 4.795 0.975183 0.2123 1.16611 11.1596 0.973803 8.85965
70 4.865 1.05701 0.2282 1.18264 12.0771 1.00431 9.63807
71 4.935 1.08538 0.245 1.19909 13.0344 1.03009 10.4596
72 5.005 1.04267 0.2616 1.2046 14.0236 1.04755 11.3189
73 5.075 1.13018 0.2801 1.21832 15.0522 1.062 12.2147
74 5.145 1.1353 0.2992 1.20706 16.0996 1.06807 13.1406
75 5.215 1.12528 0.31865 1.19072 17.1612 1.07402 14.0971
76 5.285 1.1689 0.3394 1.20061 18.2605 1.0776 15.0827
77 5.355 1.10836 0.3596 1.20158 19.39 1.08708 16.1036
78 5.425 1.10133 0.3802 1.20019 20.5479 1.09524 17.1592
79 5.495 1.02655 0.3999 1.20271 21.7384 1.10649 18.2533
80 5.565 1.03391 0.42025 1.19314 22.9497 1.12052 19.3897
81 5.635 1.12979 0.44305 1.20489 24.2038 1.13183 20.5666
82 5.705 1.08048 0.4654 1.20466 25.4891 1.14569 21.7877
83 5.775 1.10398 0.4888 1.18974 26.7898 1.15269 23.0466
84 5.845 1.10303 0.51275 1.19077 28.1234 1.15889 24.3432
85 5.915 1.03211 0.5357 1.18163 29.4786 1.16079 25.6731
86 5.985 1.11353 0.56105 1.18038 30.8647 1.16302 27.0374
87 6.055 1.09866 0.58665 1.16959 32.2703 1.1611 28.4314
88 6.125 1.04643 0.6116 1.15753 33.6938 1.15782 29.8538
89 6.195 1.07416 0.6378 1.14022 35.1283 1.15403 31.3042
90 6.265 0.946066 0.6614 1.13095 36.5835 1.1458 32.777
91 6.335 1.02917 0.68765 1.11645 38.0522 1.13642 34.2705
92 6.405 0.949268 0.7124 1.09034 39.5185 1.12561 35.7827
93 6.475 0.941989 0.7375 1.07506 40.9961 1.11648 37.3155
94 6.545 1.02112 0.7653 1.06111 42.4861 1.10529 38.866
95 6.615 0.925912 0.79105 1.04017 43.9782 1.09697 40.438
96 6.685 0.952394 0.8181 1.03239 45.4906 1.08792 42.0301
97 6.755 0.896551 0.8441 1.02307 47.0209 1.07952 43.6432
98 6.825 0.876565 0.87005 0.998394 48.5454 1.07349 45.2807
99 6.895 0.949873 0.89875 0.99308 50.093 1.06774 46.943
100 6.965 0.924389 0.92725 0.981771 51.6543 1.05684 48.6219
101 7.035 0.944236 0.95695 0.976692 53.2388 1.0503 50.3241
102 7.105 0.860267 0.98455 0.967105 54.8392 1.04225 52.0471
103 7.175 0.915389 1.0145 0.963304 56.4648 1.03201 53.7869
104 7.245 0.890292 1.0442 0.950373 58.1001 1.02301 55.5454
105 7.315 0.948317 1.07645 0.939227 59.7476 1.01417 57.3225
106 7.385 0.917443 1.10825 0.929435 61.4093 1.00223 59.1125
107 7.455 0.925775 1.14095 0.928653 63.1011 0.994365 60.9222
108 7.525 0.97532 1.17605 0.920102 64.809 0.985465 62.7496
109 7.595 0.84968 1.2072 0.907266 66.5246 0.977445 64.596
110 7.665 0.903863 1.24095 0.909229 68.2757 0.968999 66.4603
111 7.735 0.858649 1.2736 0.892643 70.0265 0.963208 68.3475
112 7.805 0.931135 1.30965 0.902117 71.828 0.95471 70.2521
113 7.875 0.890552 1.34475 0.893776 73.6449 0.949238 72.1798
114 7.945 0.963418 1.3834 0.886746 75.4798 0.945076 74.1334
115 8.015 0.902576 1.42025 0.898642 77.3722 0.939862 76.1106
116 8.085 0.945988 1.45955 0.893334 79.2864 0.937297 78.117
117 8.155 0.955843 1.49995 0.889623 81.2259 0.934793 80.1528
118 8.225 0.96639 1.5415 0.892808 83.2058 0.932031 82.2176
119 8.295 0.986737 1.58465 0.895659 85.226 0.931623 84.3168
120 8.365 1.00515 1.62935 0.903325 87.298 0.931724 86.4518
121 8.435 1.00512 1.6748 0.905277 89.4094 0.92979 88.6181
122 8.505 1.05064 1.7231 0.907601 91.5615 0.930295 90.8218
123 8.575 1.07528 1.77335 0.91758 93.7732 0.93166 93.0652
124 8.645 1.11478 1.8263 0.928904 96.049 0.934215 95.3516
125 8.715 1.13527 1.8811 0.930098 98.3646 0.934047 97.6747
126 8.785 1.09381 1.93475 0.936709 100.734 0.937881 100.045
127 8.855 1.09765 1.98945 0.938668 103.147 0.940572 102.46
128 8.925 1.15359 2.04785 0.948952 105.625 0.94364 104.922
129 8.995 1.13765 2.10635 0.957154 108.164 0.947051 107.431
130 9.065 1.18237 2.1681 0.962949 110.758 0.950296 109.988
131 9.135 1.18695 2.23105 0.971534 113.415 0.954651 112.597
132 9.205 1.12161 2.29145 0.980495 116.139 0.958266 115.256
133 9.275 1.19711 2.3569 0.98412 118.914 0.96501 117.974
134 9.345 1.11709 2.4189 0.99136 121.752 0.968271 120.743
135 9.415 1.16089 2.4843 0.999275 124.655 0.973412 123.569
136 9.485 1.17093 2.55125 1.00235 127.612 0.977177 126.448
137 9.555 1.159 2.6185 1.01257 130.642 0.982647 129.386
138 9.625 1.12183 2.68455 1.01727 133.731 0.986762 132.379
139 9.695 1.18353 2.75525 1.02563 136.891 0.991531 135.431
140 9.765 1.18642 2.82715 1.02549 140.097 0.9955 138.54
141 9.835 1.17203 2.8992 1.02619 143.351 0.99882 141.704
142 9.905 1.23812 2.9764 1.0332 146.674 1.00482 144.932
143 9.975 1.18997 3.05165 1.03424 150.047 1.00827 148.217
144 10.045 1.18358 3.12755 1.03655 153.475 1.01145 151.559
145 10.115 1.15649 3.20275 1.04496 156.98 1.01483 154.96
146 10.185 1.12017 3.2766 1.04577 160.536 1.01843 158.419
147 10.255 1.11316 3.351 1.04574 164.141 1.02083 161.935
148 10.325 1.1232 3.4271 1.04646 167.798 1.02405 165.51
149 10.395 1.12415 3.5043 1.05119 171.522 1.02668 169.143
150 10.465 1.10341 3.5811 1.05496 175.309 1.02905 172.833
151 10.535 1.09943 3.65865 1.04621 179.115 1.02977 176.576
152 10.605 1.07307 3.73535 1.0507 182.989 1.03184 180.376
153 10.675 1.13291 3.8174 1.05164 186.917 1.03376 184.234
154 10.745 1.08277 3.89685 1.04658 190.878 1.03362 188.142
155 10.815 1.04795 3.97475 1.04432 194.883 1.03492 192.106
156 10.885 1.08697 4.0566 1.04637 198.947 1.03564 196.124
157 10.955 1.08426 4.1393 1.04587 203.061 1.03542 200.193
158 11.025 0.98834 4.21565 1.04587 207.228 1.03475 204.312
159 11.095 1.02959 4.2962 1.04342 211.439 1.03462 208.483
160 11.165 1.04134 4.3787 1.03917 215.685 1.03278 212.699
161 11.235 1.05022 4.46295 1.03428 219.965 1.03242 216.966
162 11.305 1.0157 4.54545 1.03174 224.287 1.03101 221.281
163 11.375 0.99473 4.62725 1.03095 228.66 1.02958 225.644
164 11.445 0.967584 4.7078 1.02987 233.082 1.0283 230.055
165 11.515 0.987896 4.79105 1.02373 237.532 1.02659 234.512
166 11.585 0.950788 4.87215 1.02035 242.021 1.02478 239.016
167 11.655 1.01006 4.95935 1.01915 246.559 1.02147 243.56
168 11.725 0.972282 5.0443 1.01681 251.142 1.02031 248.154
169 11.795 0.956818 5.1289 1.01449 255.768 1.01812 252.792
170 11.865 0.972386 5.2159 1.01061 260.432 1.01692 257.48
171 11.935 0.952728 5.30215 1.00858 265.141 1.01405 262.21
172 12.005 1.02244 5.3958 1.00073 269.869 1.01111 266.982
173 12.075 0.930225 5.482 1.00092 274.653 1.00839 271.797
174 12.145 0.943001 5.5704 0.99881 279.483 1.00769 276.664
175 12.215 0.933806 5.65895 0.999672 284.372 1.00432 281.572
176 12.285 0.935705 5.7487 0.993568 289.288 1.00249 286.526
177 12.355 0.931832 5.8391 0.989671 294.24 1.00098 291.53
178 12.425 0.959583 5.93325 0.989844 299.249 0.999374 296.582
179 12.495 0.942814 6.0268 0.983107 304.281 0.996993 301.679
180 12.565 0.958251 6.12295 0.984912 309.378 0.994595 306.822
181 12.635 0.960475 6.2204 0.981143 314.512 0.99299 312.013
182 12.705 0.984525 6.3214 0.984979 319.724 0.991333 317.253
183 12.775 0.934237 6.4183 0.979476 324.964 0.990295 322.545
184 12.845 0.966996 6.5197 0.979665 330.263 0.988438 327.886
185 12.915 0.965504 6.62205 0.976289 335.601 0.987161 333.278
186 12.985 0.908929 6.71945 0.977506 341.004 0.986751 338.726
187 13.055 0.996145 6.82735 0.973638 346.443 0.985111 344.225
188 13.125 0.90928 6.9269 0.979055 351.972 0.984256 349.777
189 13.195 0.957496 7.03285 0.976452 357.545 0.983553 355.385
190 13.265 0.939817 7.13795 0.973065 363.158 0.983666 361.053
191 13.335 0.952982 7.24565 0.97919 368.866 0.98267 366.775
192 13.405 0.970638 7.3565 0.979334 374.634 0.983114 372.56
193 13.475 0.956246 7.46685 0.975477 380.441 0.983014 378.405
194 13.545 0.919802 7.5741 0.98275 386.351 0.983157 384.312
195 13.615 0.907822 7.68105 0.983158 392.325 0.983011 390.279
196 13.685 0.938466 7.79275 0.984207 398.367 0.983237 396.309
197 13.755 0.970105 7.9094 0.988081 404.496 0.98379 402.405
198 13.825 0.944253 8.0241 0.985618 410.671 0.9842 408.565
199 13.895 0.989773 8.14555 0.98904 416.93 0.985129 414.793
200 13.965 0.962529 8.26485 0.990412 423.262 0.986982 421.097
2200000 200
1 0.035 0 0 0 0 0 0
2 0.105 0 0 0 0 0 0
3 0.175 0 0 0 0 0 0
4 0.245 0 0 0 0 0 0
5 0.315 0 0 0 0 0 0
6 0.385 0 0 0 0 0 0
7 0.455 0 0 0 0 0 0
8 0.525 0 0 0 0 0 0
9 0.595 0 0 0 0 0 0
10 0.665 0 0 0 0 0 0
11 0.735 0 0 0 0 0 0
12 0.805 0 0 0 0 0 0
13 0.875 0 0 0 0 0 0
14 0.945 0 0 0 0 0 0
15 1.015 0 0 0 0 0 0
16 1.085 0 0 0 0 0 0
17 1.155 0 0 0 0 0 0
18 1.225 0 0 0 0 0 0
19 1.295 0 0 0 0 0 0
20 1.365 0 0 0 0 0 0
21 1.435 0 0 0 0 0 0
22 1.505 0 0 0 0 0 0
23 1.575 0 0 0 0 0 0
24 1.645 0 0 0 0 0 0
25 1.715 0 0 0 0 0 0
26 1.785 0 0 0 0 0 0
27 1.855 0 0 0 0 0 0
28 1.925 0 0 0 0 0 0
29 1.995 0 0 0 0 0 0
30 2.065 0 0 0 0 0 0
31 2.135 0 0 0 0 0 0
32 2.205 0 0 0 0 0 0
33 2.275 0 0 0 0 0 0
34 2.345 0 0 0 0 0 0
35 2.415 0 0 0 0 0 0
36 2.485 0 0 0 0 0 0
37 2.555 0 0 0 0 0 0
38 2.625 0 0 0 0 0 0
39 2.695 0 0 0 0 0 0
40 2.765 0 0 0 0 0 0
41 2.835 0 0 0 0 0 0
42 2.905 0 0 0 0 0 0
43 2.975 0 0 8.61647e-05 2.5e-05 0 0
44 3.045 0 0 0.000575742 0.0002 0.000228516 6.93878e-05
45 3.115 0.00810759 5e-05 0.00290798 0.001125 0.00176616 0.000630612
46 3.185 0 5e-05 0.0136823 0.005675 0.00941445 0.00375816
47 3.255 0.0371259 0.0003 0.0485857 0.02255 0.0334146 0.015352
48 3.325 0.20636 0.00175 0.117197 0.065025 0.0832384 0.0454888
49 3.395 0.307145 0.004 0.226681 0.150675 0.164627 0.107629
50 3.465 0.366938 0.0068 0.368917 0.295875 0.274347 0.215497
51 3.535 0.535121 0.01105 0.507266 0.503675 0.397939 0.378345
52 3.605 0.847481 0.01805 0.647254 0.779425 0.517273 0.598494
53 3.675 0.87958 0.0256 0.762137 1.11685 0.622151 0.873661
54 3.745 1.08821 0.0353 0.837608 1.50195 0.696402 1.19351
55 3.815 1.04323 0.04495 0.878101 1.9209 0.738684 1.54559
56 3.885 1.13108 0.0558 0.938249 2.38512 0.756991 1.91975
57 3.955 1.33784 0.0691 0.944628 2.8695 0.755084 2.30653
58 4.025 1.17516 0.0812 0.974431 3.387 0.748194 2.70348
59 4.095 1.22447 0.09425 0.982106 3.92688 0.74742 3.11393
60 4.165 1.21994 0.1077 0.991357 4.49062 0.754921 3.54278
61 4.235 1.37295 0.12335 1.02766 5.09482 0.773699 3.99721
62 4.305 1.26074 0.1382 1.03751 5.72515 0.792776 4.47836
63 4.375 1.15496 0.15225 1.04956 6.3837 0.816994 4.99046
64 4.445 1.20647 0.1674 1.05328 7.0659 0.842188 5.53538
65 4.515 1.11146 0.1818 1.07927 7.78712 0.866118 6.11358
66 4.585 1.14889 0.19715 1.08455 8.53452 0.88767 6.72468
67 4.655 1.11096 0.21245 1.10342 9.31832 0.914789 7.37382
68 4.725 1.07477 0.2277 1.12241 10.1398 0.942866 8.06316
69 4.795 1.0573 0.24315 1.1529 11.0087 0.971502 8.79464
70 4.865 1.00051 0.2582 1.1645 11.9122 1.00535 9.57387
71 4.935 1.01755 0.27395 1.18477 12.8581 1.033 10.3977
72 5.005 1.02697 0.2903 1.20143 13.8447 1.05212 11.2608
73 5.075 1.03549 0.30725 1.19608 14.8545 1.06725 12.161
74 5.145 1.10856 0.3259 1.20429 15.8996 1.07489 13.0928
75 5.215 1.00378 0.34325 1.19902 16.9685 1.07744 14.0523
76 5.285 1.08722 0.36255 1.2046 18.0715 1.08244 15.0424
77 5.355 1.00411 0.38085 1.21512 19.2137 1.0888 16.0649
78 5.425 0.991732 0.3994 1.20457 20.3758 1.0992 17.1243
79 5.495 0.969232 0.418 1.20756 21.5711 1.11213 18.224
80 5.565 0.962785 0.43695 1.20752 22.797 1.12529 19.3652
81 5.635 0.976178 0.45665 1.20242 24.0486 1.13711 20.5476
82 5.705 0.988627 0.4771 1.2063 25.3356 1.15156 21.775
83 5.775 0.922345 0.49665 1.19408 26.6411 1.15844 23.0402
84 5.845 0.944138 0.51715 1.18541 27.9686 1.16489 24.3434
85 5.915 0.92867 0.5378 1.17725 29.3188 1.16919 25.683
86 5.985 0.860952 0.5574 1.17171 30.6947 1.16842 27.0536
87 6.055 0.924848 0.57895 1.15441 32.0821 1.16938 28.4576
88 6.125 0.893344 0.60025 1.14342 33.4883 1.16391 29.8875
89 6.195 0.830221 0.6205 1.13943 34.9217 1.15985 31.3452
90 6.265 0.833821 0.6413 1.12489 36.3691 1.15285 32.827
91 6.335 0.823337 0.6623 1.10256 37.8196 1.14135 34.327
92 6.405 0.849547 0.68445 1.08819 39.283 1.13213 35.8479
93 6.475 0.855672 0.70725 1.07446 40.7597 1.12096 37.387
94 6.545 0.815428 0.72945 1.05689 42.2438 1.10916 38.9429
95 6.615 0.762304 0.75065 1.04318 43.7402 1.10051 40.5199
96 6.685 0.823882 0.77405 1.02887 45.2474 1.09062 42.116
97 6.755 0.749999 0.7958 1.02033 46.7737 1.0838 43.7354
98 6.825 0.814074 0.8199 1.00835 48.3133 1.07546 45.3759
99 6.895 0.744674 0.8424 0.995133 49.8642 1.07009 47.0419
100 6.965 0.804381 0.8672 0.99441 51.4456 1.06114 48.7277
101 7.035 0.732816 0.89025 0.976723 53.0301 1.05309 50.4344
102 7.105 0.72624 0.91355 0.972211 54.639 1.04458 52.1612
103 7.175 0.780908 0.9391 0.964519 56.2667 1.03596 53.9077
104 7.245 0.743409 0.9639 0.952814 57.9061 1.02498 55.6696
105 7.315 0.777767 0.99035 0.94517 59.5641 1.01495 57.4481
106 7.385 0.735685 1.01585 0.941502 61.2473 1.00518 59.2433
107 7.455 0.720519 1.0413 0.936817 62.954 0.995942 61.0559
108 7.525 0.759971 1.06865 0.924964 64.671 0.984796 62.8821
109 7.595 0.792398 1.0977 0.919707 66.4101 0.975153 64.7241
110 7.665 0.73782 1.12525 0.917251 68.1766 0.965732 66.5822
111 7.735 0.816571 1.1563 0.906677 69.9549 0.959125 68.4614
112 7.805 0.718046 1.1841 0.907926 71.768 0.951845 70.3602
113 7.875 0.789064 1.2152 0.908004 73.6139 0.944498 72.2783
114 7.945 0.761512 1.24575 0.905038 75.4866 0.939318 74.22
115 8.015 0.755616 1.2766 0.902821 77.3878 0.935065 76.1871
116 8.085 0.816005 1.3105 0.907253 79.3319 0.930935 78.1799
117 8.155 0.854108 1.3466 0.908395 81.3122 0.930051 80.2053
118 8.225 0.840795 1.38275 0.906888 83.3234 0.927598 82.2603
119 8.295 0.850675 1.41995 0.914867 85.3869 0.926965 84.349
120 8.365 0.885968 1.45935 0.914192 87.4838 0.924736 86.468
121 8.435 0.883487 1.4993 0.918204 89.6254 0.925681 88.6248
122 8.505 0.85269 1.5385 0.925682 91.8203 0.925906 90.818
123 8.575 0.870923 1.5792 0.938676 94.0829 0.92781 93.0521
124 8.645 0.95688 1.62465 0.939486 96.3846 0.927654 95.3225
125 8.715 0.877349 1.667 0.951757 98.7542 0.930867 97.6377
126 8.785 0.877694 1.71005 0.953014 101.165 0.931705 99.9924
127 8.855 0.89598 1.7547 0.961427 103.636 0.935372 102.394
128 8.925 0.926425 1.8016 0.965343 106.157 0.939132 104.844
129 8.995 0.931509 1.8495 0.974073 108.741 0.94266 107.342
130 9.065 0.908562 1.89695 0.979404 111.379 0.945636 109.886
131 9.135 1.00028 1.95 0.991156 114.09 0.950938 112.485
132 9.205 0.996268 2.00365 0.991737 116.845 0.956154 115.138
133 9.275 0.909039 2.05335 0.999776 119.664 0.961264 117.846
134 9.345 1.04592 2.1114 1.00965 122.555 0.966232 120.609
135 9.415 1.00912 2.16825 1.01123 125.493 0.969809 123.424
136 9.485 1.00653 2.2258 1.01967 128.5 0.97562 126.299
137 9.555 0.979768 2.28265 1.01755 131.545 0.98145 129.233
138 9.625 1.01313 2.3423 1.02993 134.673 0.984921 132.221
139 9.695 1.03035 2.40385 1.03152 137.851 0.98938 135.266
140 9.765 0.951281 2.4615 1.03532 141.088 0.994407 138.371
141 9.835 0.968695 2.52105 1.03702 144.376 0.999847 141.538
142 9.905 0.98793 2.58265 1.04962 147.751 1.00481 144.767
143 9.975 1.02313 2.64735 1.04826 151.171 1.00725 148.049
144 10.045 1.01282 2.7123 1.04337 154.622 1.01071 151.388
145 10.115 0.974247 2.77565 1.04993 158.143 1.0156 154.791
146 10.185 0.997305 2.8414 1.05437 161.728 1.01843 158.251
147 10.255 0.963538 2.9058 1.06074 165.385 1.02148 161.769
148 10.325 0.965277 2.9712 1.05515 169.072 1.02467 165.346
149 10.395 0.96761 3.03765 1.05772 172.819 1.02729 168.981
150 10.465 0.908733 3.1009 1.05595 176.61 1.02866 172.67
151 10.535 0.951988 3.16805 1.05148 180.435 1.03204 176.421
152 10.605 0.947157 3.23575 1.05402 184.321 1.03382 180.228
153 10.675 1.00312 3.3084 1.04934 188.241 1.03436 184.088
154 10.745 0.973742 3.37985 1.04657 192.202 1.03608 188.006
155 10.815 0.963868 3.4515 1.04714 196.217 1.03716 191.978
156 10.885 0.975415 3.52495 1.04539 200.277 1.03639 195.999
157 10.955 0.931524 3.596 1.04166 204.375 1.03624 200.072
158 11.025 0.946269 3.6691 1.04205 208.527 1.03649 204.198
159 11.095 0.947788 3.74325 1.04136 212.729 1.03603 208.374
160 11.165 0.929629 3.8169 1.0316 216.945 1.03498 212.599
161 11.235 0.962957 3.89415 1.03159 221.213 1.03513 216.878
162 11.305 0.919674 3.96885 1.03188 225.536 1.03326 221.202
163 11.375 0.940616 4.0462 1.02321 229.876 1.03191 225.574
164 11.445 0.968785 4.12685 1.02274 234.268 1.03031 229.994
165 11.515 0.932716 4.20545 1.02181 238.709 1.02802 234.458
166 11.585 0.953718 4.2868 1.01642 243.181 1.02708 238.972
167 11.655 0.950984 4.3689 1.01961 247.721 1.02438 243.529
168 11.725 0.92879 4.45005 1.01008 252.273 1.02328 248.135
169 11.795 0.949466 4.534 1.00448 256.854 1.02146 252.789
170 11.865 0.954503 4.6194 1.00829 261.507 1.01764 257.48
171 11.935 0.939473 4.70445 1.00341 266.193 1.01437 262.212
172 12.005 0.965669 4.7929 0.999915 270.917 1.01277 266.992
173 12.075 0.940476 4.88005 0.99197 275.658 1.01106 271.819
174 12.145 0.937667 4.96795 0.991845 280.453 1.00827 276.69
175 12.215 0.931696 5.0563 0.993084 285.311 1.00615 281.606
176 12.285 0.90912 5.1435 0.990162 290.209 1.00353 286.565
177 12.355 0.925648 5.2333 0.985204 295.139 1.00168 291.573
178 12.425 0.92493 5.32405 0.982814 300.113 0.998495 296.621
179 12.495 0.941806 5.4175 0.98318 305.145 0.997397 301.72
180 12.565 0.938817 5.5117 0.981753 310.226 0.995322 306.866
181 12.635 0.948155 5.6079 0.984057 315.375 0.993609 312.06
182 12.705 0.966492 5.70705 0.974864 320.534 0.991651 317.302
183 12.775 0.919293 5.8024 0.979869 325.776 0.989314 322.589
184 12.845 0.953168 5.90235 0.979517 331.074 0.988136 327.928
185 12.915 0.946165 6.00265 0.980985 336.437 0.987786 333.324
186 12.985 0.952789 6.10475 0.9759 341.831 0.986512 338.771
187 13.055 0.956909 6.2084 0.978086 347.296 0.9858 344.273
188 13.125 0.938965 6.3112 0.980343 352.832 0.98454 349.827
189 13.195 0.944844 6.41575 0.977902 358.413 0.983668 355.435
190 13.265 0.955018 6.52255 0.972701 364.024 0.983073 361.1
191 13.335 0.982624 6.6336 0.981532 369.745 0.983228 366.825
192 13.405 0.985523 6.74615 0.981672 375.528 0.982106 372.605
193 13.475 0.97791 6.859 0.981996 381.373 0.981868 378.443
194 13.545 0.97469 6.97265 0.983644 387.289 0.983235 384.35
195 13.615 0.999071 7.09035 0.982339 393.258 0.982319 390.313
196 13.685 0.993497 7.2086 0.984805 399.304 0.982689 396.34
197 13.755 0.997549 7.32855 0.983716 405.405 0.982349 402.426
198 13.825 0.975536 7.44705 0.987082 411.589 0.983568 408.582
199 13.895 0.995885 7.56925 0.992674 417.872 0.984727 414.808
200 13.965 1.00973 7.6944 0.993713 424.224 0.985423 421.102
2400000 200
1 0.035 0 0 0 0 0 0
2 0.105 0 0 0 0 0 0
3 0.175 0 0 0 0 0 0
4 0.245 0 0 0 0 0 0
5 0.315 0 0 0 0 0 0
6 0.385 0 0 0 0 0 0
7 0.455 0 0 0 0 0 0
8 0.525 0 0 0 0 0 0
9 0.595 0 0 0 0 0 0
10 0.665 0 0 0 0 0 0
11 0.735 0 0 0 0 0 0
12 0.805 0 0 0 0 0 0
13 0.875 0 0 0 0 0 0
14 0.945 0 0 0 0 0 0
15 1.015 0 0 0 0 0 0
16 1.085 0 0 0 0 0 0
17 1.155 0 0 0 0 0 0
18 1.225 0 0 0 0 0 0
19 1.295 0 0 0 0 0 0
20 1.365 0 0 0 0 0 0
21 1.435 0 0 0 0 0 0
22 1.505 0 0 0 0 0 0
23 1.575 0 0 0 0 0 0
24 1.645 0 0 0 0 0 0
25 1.715 0 0 0 0 0 0
26 1.785 0 0 0 0 0 0
27 1.855 0 0 0 0 0 0
28 1.925 0 0 0 0 0 0
29 1.995 0 0 0 0 0 0
30 2.065 0 0 0 0 0 0
31 2.135 0 0 0 0 0 0
32 2.205 0 0 0 0 0 0
33 2.275 0 0 0 0 0 0
34 2.345 0 0 0 0 0 0
35 2.415 0 0 0 0 0 0
36 2.485 0 0 0 0 0 0
37 2.555 0 0 0 0 0 0
38 2.625 0 0 0 0 0 0
39 2.695 0 0 0 0 0 0
40 2.765 0 0 0 0 0 0
41 2.835 0 0 0 0 0 0
42 2.905 0 0 0 0 0 0
43 2.975 0 0 0 0 7.04104e-06 2.04082e-06
44 3.045 0 0 0.000493493 0.00015 0.000198271 6.22449e-05
45 3.115 0 0 0.00188626 0.00075 0.00195562 0.000683673
46 3.185 0.0155103 0.0001 0.0144341 0.00555 0.00976768 0.00392857
47 3.255 0.0371259 0.00035 0.047506 0.02205 0.033944 0.0157061
48 3.325 0.092506 0.001 0.119198 0.06525 0.08385 0.0460643
49 3.395 0.259367 0.0029 0.226086 0.150675 0.164879 0.108299
50 3.465 0.275204 0.005 0.358691 0.29185 0.272725 0.21553
51 3.535 0.472166 0.00875 0.511904 0.50155 0.397078 0.378026
52 3.605 0.647717 0.0141 0.660105 0.782775 0.512736 0.596244
53 3.675 0.716479 0.02025 0.778625 1.1275 0.614238 0.867911
54 3.745 0.796523 0.02735 0.871539 1.5282 0.690581 1.18509
55 3.815 1.0108 0.0367 0.920439 1.96735 0.733431 1.53466
56 3.885 0.93822 0.0457 0.959623 2.44215 0.750372 1.90555
57 3.955 0.965657 0.0553 0.980219 2.94478 0.752116 2.29082
58 4.025 0.942074 0.065 0.988177 3.46958 0.746663 2.68695
59 4.095 1.02743 0.07595 1.01362 4.02677 0.747462 3.09742
60 4.165 1.01132 0.0871 1.01875 4.6061 0.752007 3.52462
61 4.235 1.02203 0.09875 1.04692 5.22163 0.772205 3.97817
62 4.305 1.06123 0.11125 1.05776 5.86425 0.791243 4.45839
63 4.375 1.08098 0.1244 1.07518 6.53887 0.8173 4.97068
64 4.445 1.02331 0.13725 1.10141 7.25225 0.840381 5.51443
65 4.515 0.899203 0.1489 1.10823 7.99283 0.862458 6.09019
66 4.585 1.04784 0.1629 1.12852 8.77052 0.889589 6.70261
67 4.655 0.925803 0.17565 1.12873 9.5723 0.913268 7.35067
68 4.725 0.947909 0.1891 1.15756 10.4195 0.943472 8.04046
69 4.795 1.02651 0.2041 1.16455 11.2972 0.974074 8.77387
70 4.865 0.920731 0.21795 1.19694 12.2259 1.0059 9.55353
71 4.935 0.82696 0.23075 1.205 13.1879 1.03124 10.376
72 5.005 0.976722 0.2463 1.21556 14.1861 1.05344 11.2402
73 5.075 0.98051 0.26235 1.21687 15.2135 1.06763 12.1406
74 5.145 0.921319 0.27785 1.22619 16.2775 1.07645 13.0738
75 5.215 0.876503 0.293 1.20948 17.3558 1.07948 14.0352
76 5.285 0.943571 0.30975 1.20422 18.4584 1.08451 15.0271
77 5.355 0.938268 0.32685 1.20244 19.5887 1.08931 16.0501
78 5.425 0.847383 0.3427 1.20957 20.7556 1.10082 17.111
79 5.495 0.812904 0.3583 1.218 21.9612 1.11489 18.2134
80 5.565 0.84847 0.375 1.20611 23.1857 1.12596 19.3554
81 5.635 0.867163 0.3925 1.21472 24.4501 1.1391 20.5398
82 5.705 0.872603 0.41055 1.20044 25.7309 1.151 21.7666
83 5.775 0.771373 0.4269 1.19392 27.0362 1.16004 23.0335
84 5.845 0.829 0.4449 1.18985 28.3687 1.16671 24.3388
85 5.915 0.820738 0.46315 1.18625 29.7292 1.1691 25.6783
86 5.985 0.799455 0.48135 1.17972 31.1145 1.17126 27.0522
87 6.055 0.729578 0.49835 1.17107 32.5219 1.16723 28.4536
88 6.125 0.757036 0.5164 1.15062 33.937 1.16366 29.8832
89 6.195 0.664177 0.5326 1.14724 35.3803 1.15737 31.3378
90 6.265 0.735606 0.55095 1.13216 36.837 1.15097 32.8172
91 6.335 0.762567 0.5704 1.11429 38.3029 1.1397 34.315
92 6.405 0.772838 0.59055 1.10094 39.7834 1.13109 35.8346
93 6.475 0.731824 0.61005 1.08183 41.2702 1.12002 37.3723
94 6.545 0.7236 0.62975 1.06115 42.7604 1.10975 38.9291
95 6.615 0.729942 0.65005 1.05101 44.268 1.10141 40.5074
96 6.685 0.73234 0.67085 1.03652 45.7864 1.09229 42.1059
97 6.755 0.665516 0.69015 1.02217 47.3153 1.08314 43.7244
98 6.825 0.744827 0.7122 1.01513 48.8654 1.07596 45.3656
99 6.895 0.754603 0.735 1.00124 50.4258 1.06772 47.0279
100 6.965 0.711942 0.75695 0.990967 52.0016 1.06036 48.7124
101 7.035 0.713741 0.7794 0.978064 53.5884 1.05294 50.4189
102 7.105 0.729357 0.8028 0.970746 55.1948 1.04185 52.1412
103 7.175 0.712139 0.8261 0.971511 56.8343 1.03317 53.883
104 7.245 0.759895 0.85145 0.953279 58.4746 1.02355 55.6424
105 7.315 0.721897 0.876 0.942861 60.1285 1.01325 57.4179
106 7.385 0.745783 0.90185 0.938174 61.8057 1.00153 59.2066
107 7.455 0.687961 0.92615 0.93443 63.5081 0.993974 61.0157
108 7.525 0.722459 0.95215 0.92285 65.2212 0.981435 62.8356
109 7.595 0.688745 0.9774 0.92719 66.9744 0.973554 64.6746
110 7.665 0.668189 1.00235 0.918134 68.7427 0.964308 66.5299
111 7.735 0.748195 1.0308 0.907442 70.5224 0.955487 68.402
112 7.805 0.683177 1.05725 0.911695 72.343 0.949466 70.2961
113 7.875 0.710412 1.08525 0.899236 74.1711 0.942092 72.2093
114 7.945 0.711658 1.1138 0.908506 76.051 0.937926 74.1481
115 8.015 0.718877 1.14315 0.909196 77.9656 0.933474 76.1119
116 8.085 0.716111 1.1729 0.905269 79.9054 0.929285 78.1011
117 8.155 0.713334 1.20305 0.911159 81.8918 0.927229 80.1204
118 8.225 0.733805 1.2346 0.912863 83.9162 0.925791 82.1714
119 8.295 0.715756 1.2659 0.911298 85.9717 0.924669 84.2549
120 8.365 0.796022 1.3013 0.916557 88.0741 0.924991 86.3745
121 8.435 0.813825 1.3381 0.919897 90.2196 0.923939 88.5272
122 8.505 0.869004 1.37805 0.923131 92.4085 0.925736 90.7201
123 8.575 0.781049 1.41455 0.929902 94.6499 0.9277 92.9539
124 8.645 0.836875 1.4543 0.936517 96.9443 0.929231 95.2281
125 8.715 0.801733 1.493 0.944367 99.2955 0.93121 97.5442
126 8.785 0.864442 1.5354 0.950722 101.701 0.933055 99.9023
127 8.855 0.851833 1.57785 0.95742 104.162 0.936409 102.307
128 8.925 0.871116 1.62195 0.960929 106.671 0.940436 104.76
129 8.995 0.885809 1.6675 0.970624 109.245 0.944265 107.262
130 9.065 0.87984 1.71345 0.978522 111.881 0.94773 109.812
131 9.135 0.921088 1.7623 0.985462 114.577 0.952286 112.414
132 9.205 0.969342 1.8145 0.989945 117.326 0.958163 115.073
133 9.275 0.911783 1.86435 0.992604 120.126 0.961756 117.782
134 9.345 0.944119 1.91675 1.00911 123.014 0.967822 120.55
135 9.415 0.93457 1.9694 1.00954 125.948 0.972685 123.374
136 9.485 0.947061 2.02355 1.02197 128.962 0.97655 126.251
137 9.555 0.937544 2.07795 1.02602 132.032 0.982623 129.189
138 9.625 1.00039 2.13685 1.0259 135.148 0.986667 132.182
139 9.695 0.976786 2.1952 1.03491 138.337 0.98911 135.226
140 9.765 0.997484 2.25565 1.03435 141.57 0.996435 138.338
141 9.835 1.01424 2.318 1.04024 144.868 1.00077 141.508
142 9.905 1.02802 2.3821 1.04217 148.22 1.00427 144.734
143 9.975 1.0603 2.44915 1.04377 151.624 1.00918 148.023
144 10.045 0.998009 2.51315 1.04461 155.08 1.01171 151.366
145 10.115 1.0373 2.5806 1.0501 158.601 1.01643 154.771
146 10.185 1.05722 2.6503 1.05359 162.184 1.01964 158.235
147 10.255 1.00468 2.71745 1.04678 165.793 1.02338 161.759
148 10.325 0.999962 2.7852 1.0539 169.476 1.02434 165.335
149 10.395 1.03823 2.8565 1.0514 173.2 1.02749 168.971
150 10.465 1.00284 2.9263 1.05152 176.975 1.0305 172.667
151 10.535 1.00303 2.99705 1.05699 180.82 1.03159 176.416
152 10.605 1.0367 3.07115 1.05667 184.716 1.03298 180.221
153 10.675 1.06595 3.14835 1.04902 188.635 1.03398 184.079
154 10.745 1.02212 3.22335 1.04668 192.596 1.03566 187.995
155 10.815 1.00893 3.29835 1.04512 196.603 1.03683 191.966
156 10.885 1.03849 3.37655 1.04466 200.661 1.03697 195.99
157 10.955 1.02658 3.45485 1.03832 204.746 1.03721 200.066
158 11.025 1.07183 3.53765 1.0358 208.873 1.03577 204.189
159 11.095 1.01617 3.61715 1.03588 213.053 1.03552 208.363
160 11.165 1.04954 3.7003 1.03309 217.274 1.03515 212.589
161 11.235 1.10444 3.7889 1.03016 221.537 1.03331 216.86
162 11.305 1.03725 3.87315 1.02673 225.838 1.03355 221.186
163 11.375 1.03182 3.958 1.02562 230.188 1.03136 225.556
164 11.445 1.00602 4.04175 1.01921 234.565 1.02971 229.973
165 11.515 1.01875 4.1276 1.01611 238.981 1.0286 234.439
166 11.585 0.991234 4.21215 1.01431 243.444 1.02634 238.95
167 11.655 0.99558 4.2981 1.01266 247.953 1.02485 243.509
168 11.725 0.993456 4.3849 1.00609 252.487 1.02258 248.112
169 11.795 1.03146 4.4761 1.0086 257.087 1.02045 252.761
170 11.865 1.021 4.56745 1.00287 261.715 1.01844 257.456
171 11.935 1.0306 4.66075 1.00311 266.399 1.0154 262.193
172 12.005 1.02899 4.755 0.995163 271.1 1.01334 266.975
173 12.075 0.990117 4.84675 0.993325 275.848 1.01039 271.8
174 12.145 0.988337 4.9394 0.991519 280.642 1.00844 276.671
175 12.215 1.01184 5.03535 0.988187 285.476 1.00654 281.589
176 12.285 0.988876 5.1302 0.988883 290.368 1.00326 286.547
177 12.355 0.981826 5.22545 0.98396 295.291 1.00217 291.557
178 12.425 1.02328 5.32585 0.985057 300.277 0.999385 296.609
179 12.495 1.02747 5.4278 0.985247 305.319 0.996891 301.706
180 12.565 0.994627 5.5276 0.981613 310.399 0.996031 306.855
181 12.635 0.992508 5.6283 0.980503 315.53 0.993827 312.051
182 12.705 0.99671 5.73055 0.979598 320.714 0.99191 317.294
183 12.775 1.01474 5.8358 0.979832 325.956 0.989692 322.583
184 12.845 0.977486 5.9383 0.976198 331.236 0.988783 327.926
185 12.915 1.00984 6.04535 0.974144 336.562 0.986748 333.316
186 12.985 1.00458 6.153 0.973517 341.943 0.985673 338.758
187 13.055 1.01599 6.26305 0.97857 347.41 0.985288 344.257
188 13.125 1.00153 6.3727 0.981596 352.953 0.984489 349.811
189 13.195 1.01082 6.48455 0.976263 358.525 0.983299 355.417
190 13.265 1.01538 6.5981 0.976957 364.16 0.983464 361.084
191 13.335 1.03041 6.71455 0.976248 369.851 0.982727 366.807
192 13.405 1.01179 6.8301 0.979198 375.619 0.982764 372.59
193 13.475 1.0403 6.95015 0.979543 381.449 0.981523 378.426
194 13.545 1.03001 7.07025 0.97999 387.343 0.981836 384.325
195 13.615 1.00841 7.18905 0.982981 393.316 0.982562 390.289
196 13.685 1.0229 7.3108 0.982358 399.347 0.98247 396.315
197 13.755 1.03955 7.4358 0.983857 405.449 0.983356 402.407
198 13.825 1.02205 7.55995 0.987713 411.637 0.983614 408.564
199 13.895 1.04397 7.68805 0.983308 417.86 0.984824 414.79
200 13.965 1.02425 7.815 0.986865 424.169 0.984446 421.077
2600000 200
1 0.035 0 0 0 0 0 0
2 0.105 0 0 0 0 0 0
3 0.175 0 0 0 0 0 0
4 0.245 0 0 0 0 0 0
5 0.315 0 0 0 0 0 0
6 0.385 0 0 0 0 0 0
7 0.455 0 0 0 0 0 0
8 0.525 0 0 0 0 0 0
9 0.595 0 0 0 0 0 0
10 0.665 0 0 0 0 0 0
11 0.735 0 0 0 0 0 0
12 0.805 0 0 0 0 0 0
13 0.875 0 0 0 0 0 0
14 0.945 0 0 0 0 0 0
15 1.015 0 0 0 0 0 0
16 1.085 0 0 0 0 0 0
17 1.155 0 0 0 0 0 0
18 1.225 0 0 0 0 0 0
19 1.295 0 0 0 0 0 0
20 1.365 0 0 0 0 0 0
21 1.435 0 0 0 0 0 0
22 1.505 0 0 0 0 0 0
23 1.575 0 0 0 0 0 0
24 1.645 0 0 0 0 0 0
25 1.715 0 0 0 0 0 0
26 1.785 0 0 0 0 0 0
27 1.855 0 0 0 0 0 0
28 1.925 0 0 0 0 0 0
29 1.995 0 0 0 0 0 0
30 2.065 0 0 0 0 0 0
31 2.135 0 0 0 0 0 0
32 2.205 0 0 0 0 0 0
33 2.275 0 0 0 0 0 0
34 2.345 0 0 0 0 0 0
35 2.415 0 0 0 0 0 0
36 2.485 0 0 0 0 0 0
37 2.555 0 0 0 0 0 0
38 2.625 0 0 0 0 0 0
39 2.695 0 0 0 0 0 0
40 2.765 0 0 0 0 0 0
41 2.835 0 0 0 0 0 0
42 2.905 0 0 0 0 0 0
43 2.975 0 0 0 0 1.40821e-05 4.08163e-06
44 3.045 0 0 0.000164498 5e-05 0.00019155 6.22449e-05
45 3.115 0 0 0.00243641 0.000825 0.00184323 0.000647959
46 3.185 0.0155103 0.0001 0.0139078 0.00545 0.00933459 0.00374898
47 3.255 0.00742519 0.00015 0.0447708 0.021 0.0333029 0.0153041
48 3.325 0.128085 0.00105 0.111265 0.061325 0.0832553 0.0454469
49 3.395 0.252542 0.0029 0.220197 0.144525 0.164403 0.107502
50 3.465 0.465225 0.00645 0.338555 0.277775 0.271533 0.214264
51 3.535 0.598076 0.0112 0.495061 0.480575 0.396176 0.376391
52 3.605 0.696145 0.01695 0.632877 0.7502 0.513619 0.594985
53 3.675 0.943655 0.02505 0.763944 1.08843 0.614383 0.866716
54 3.745 0.925537 0.0333 0.834672 1.47217 0.689183 1.18325
55 3.815 1.2054 0.04445 0.898117 1.90067 0.734028 1.53311
56 3.885 1.19884 0.05595 0.941786 2.36665 0.749627 1.90363
57 3.955 1.16181 0.0675 0.954964 2.85633 0.750608 2.28812
58 4.025 1.10718 0.0789 0.970712 3.37185 0.745657 2.68372
59 4.095 1.13533 0.091 0.986017 3.91388 0.747808 3.09438
60 4.165 1.21087 0.10435 1.00688 4.48645 0.75528 3.52344
61 4.235 1.21065 0.11815 1.03348 5.09407 0.770354 3.9759
62 4.305 1.09095 0.131 1.0387 5.72513 0.793269 4.45735
63 4.375 1.2536 0.14625 1.05546 6.38738 0.819402 4.97096
64 4.445 1.11091 0.1602 1.06945 7.08005 0.841699 5.51557
65 4.515 1.19636 0.1757 1.09019 7.80858 0.863486 6.09201
66 4.585 1.17508 0.1914 1.09852 8.5656 0.890492 6.70505
67 4.655 0.976632 0.20485 1.10916 9.35348 0.911883 7.35213
68 4.725 1.18753 0.2217 1.12839 10.1793 0.942835 8.04145
69 4.795 1.21812 0.2395 1.14013 11.0386 0.973288 8.77428
70 4.865 1.20327 0.2576 1.1614 11.9397 1.00422 9.55263
71 4.935 1.14353 0.2753 1.18421 12.8851 1.02977 10.3739
72 5.005 1.08978 0.29265 1.19574 13.867 1.05201 11.2369
73 5.075 1.16684 0.31175 1.19374 14.8749 1.06864 12.1382
74 5.145 1.11747 0.33055 1.1932 15.9103 1.07555 13.0706
75 5.215 1.10214 0.3496 1.18253 16.9646 1.08119 14.0335
76 5.285 1.10975 0.3693 1.18404 18.0487 1.08401 15.025
77 5.355 1.05349 0.3885 1.17544 19.1536 1.09507 16.0534
78 5.425 1.05321 0.4082 1.1863 20.2981 1.10398 17.1174
79 5.495 1.06824 0.4287 1.19024 21.4763 1.11613 18.221
80 5.565 1.11012 0.45055 1.18082 22.675 1.13158 19.3686
81 5.635 1.08767 0.4725 1.18657 23.9101 1.1411 20.5552
82 5.705 1.02488 0.4937 1.18926 25.179 1.15576 21.787
83 5.775 1.08747 0.51675 1.17474 26.4633 1.16483 23.0592
84 5.845 1.0777 0.54015 1.18005 27.7849 1.17028 24.3685
85 5.915 1.06808 0.5639 1.17679 29.1345 1.17241 25.7118
86 5.985 1.12012 0.5894 1.16582 30.5035 1.17364 27.0885
87 6.055 1.06647 0.61425 1.14859 31.8839 1.17058 28.4939
88 6.125 0.98142 0.63765 1.15417 33.3033 1.16783 29.9286
89 6.195 1.03931 0.663 1.12611 34.72 1.16295 31.3902
90 6.265 1.04027 0.68895 1.11209 36.1509 1.15432 32.8739
91 6.335 1.00369 0.71455 1.09709 37.5942 1.14472 34.3783
92 6.405 0.960774 0.7396 1.08302 39.0506 1.13384 35.9016
93 6.475 0.981395 0.76575 1.06784 40.5183 1.12154 37.4414
94 6.545 0.918275 0.79075 1.04384 41.984 1.11105 39
95 6.615 0.911528 0.8161 1.04043 43.4765 1.10269 40.5801
96 6.685 0.987602 0.84415 1.02193 44.9735 1.09361 42.1806
97 6.755 0.910344 0.87055 1.01374 46.4899 1.08492 43.8017
98 6.825 0.939056 0.89835 1.00159 48.0193 1.07766 45.4456
99 6.895 0.820796 0.92315 0.993352 49.5674 1.06958 47.1107
100 6.965 0.901685 0.95095 0.985088 51.1339 1.06098 48.7962
101 7.035 0.912444 0.97965 0.975043 52.7158 1.05365 50.5039
102 7.105 0.871176 1.0076 0.972347 54.3248 1.04166 52.2259
103 7.175 0.845092 1.03525 0.957215 55.9402 1.03223 53.9661
104 7.245 0.861814 1.064 0.951376 57.5772 1.02225 55.7232
105 7.315 0.868923 1.09355 0.945669 59.236 1.01134 57.4954
106 7.385 0.890035 1.1244 0.930959 60.9003 1.0011 59.2833
107 7.455 0.847919 1.15435 0.9275 62.5901 0.989909 61.085
108 7.525 0.86973 1.18565 0.926284 64.3095 0.981305 62.9046
109 7.595 0.842861 1.21655 0.916626 66.0428 0.97146 64.7397
110 7.665 0.869047 1.249 0.912332 67.7999 0.963023 66.5926
111 7.735 0.833665 1.2807 0.907595 69.5799 0.954401 68.4625
112 7.805 0.835568 1.31305 0.907087 71.3913 0.947552 70.3528
113 7.875 0.89182 1.3482 0.902187 73.2254 0.94182 72.2655
114 7.945 0.82009 1.3811 0.90168 75.0912 0.937783 74.204
115 8.015 0.848691 1.41575 0.903224 76.9932 0.932437 76.1655
116 8.085 0.925528 1.4542 0.904219 78.9308 0.930399 78.1571
117 8.155 0.836363 1.48955 0.903671 80.9008 0.928002 80.1782
118 8.225 0.845446 1.5259 0.909007 82.9167 0.925786 82.2291
119 8.295 0.856392 1.56335 0.915122 84.9808 0.924596 84.3125
120 8.365 0.849989 1.60115 0.928055 87.1095 0.925036 86.4321
121 8.435 0.88017 1.64095 0.925375 89.2678 0.923766 88.5845
122 8.505 0.895107 1.6821 0.929668 91.4722 0.92424 90.7738
123 8.575 0.980056 1.7279 0.934569 93.7249 0.925999 93.0035
124 8.645 0.949511 1.773 0.948272 96.0481 0.926282 95.2705
125 8.715 0.942606 1.8185 0.952319 98.4191 0.929242 97.5817
126 8.785 0.876675 1.8615 0.954052 100.833 0.931925 99.937
127 8.855 0.954173 1.90905 0.964773 103.313 0.934687 102.337
128 8.925 0.900746 1.95465 0.968953 105.843 0.939294 104.787
129 8.995 0.905256 2.0012 0.979182 108.44 0.943314 107.287
130 9.065 0.925795 2.04955 0.978633 111.076 0.947654 109.837
131 9.135 0.891863 2.09685 0.990964 113.787 0.951267 112.436
132 9.205 0.959128 2.1485 1.00341 116.574 0.956851 115.091
133 9.275 0.911783 2.19835 1.00683 119.413 0.961148 117.799
134 9.345 0.953128 2.25125 1.01585 122.321 0.967383 120.565
135 9.415 0.926582 2.30345 1.01665 125.275 0.971917 123.387
136 9.485 0.888471 2.35425 1.02619 128.302 0.976943 126.265
137 9.555 0.904799 2.40675 1.03005 131.384 0.981498 129.199
138 9.625 0.943489 2.4623 1.03264 134.52 0.986993 132.194
139 9.695 0.954187 2.5193 1.03555 137.711 0.990945 135.244
140 9.765 0.872902 2.5722 1.04478 140.977 0.996284 138.355
141 9.835 0.942668 2.63015 1.04282 144.283 1.00034 141.523
142 9.905 0.916561 2.6873 1.05594 147.679 1.00436 144.75
143 9.975 0.933788 2.74635 1.05537 151.122 1.00862 148.037
144 10.045 0.925497 2.8057 1.0535 154.606 1.01273 151.383
145 10.115 0.901967 2.86435 1.05763 158.153 1.01579 154.786
146 10.185 0.883544 2.9226 1.06038 161.759 1.01945 158.249
147 10.255 0.932118 2.9849 1.06031 165.415 1.02341 161.774
148 10.325 0.915094 3.0469 1.06312 169.13 1.02592 165.355
149 10.395 0.859127 3.1059 1.06257 172.893 1.02852 168.995
150 10.465 0.875688 3.16685 1.06062 176.701 1.03048 172.691
151 10.535 0.899533 3.2303 1.06066 180.56 1.03278 176.444
152 10.605 0.874406 3.2928 1.06261 184.478 1.03377 180.252
153 10.675 0.819482 3.35215 1.05853 188.432 1.03572 184.117
154 10.745 0.869485 3.41595 1.05558 192.427 1.03598 188.033
155 10.815 0.819254 3.47685 1.05375 196.467 1.03753 192.007
156 10.885 0.837303 3.5399 1.05225 200.554 1.03687 196.03
157 10.955 0.810249 3.6017 1.0496 204.683 1.0371 200.106
158 11.025 0.884781 3.67005 1.04947 208.865 1.03704 204.234
159 11.095 0.862148 3.7375 1.04678 213.089 1.03675 208.414
160 11.165 0.871567 3.80655 1.03636 217.324 1.03576 212.642
161 11.235 0.804646 3.8711 1.03658 221.613 1.03576 216.923
162 11.305 0.859348 3.9409 1.03214 225.937 1.03349 221.248
163 11.375 0.834211 4.0095 1.02989 230.305 1.03297 225.625
164 11.445 0.832446 4.0788 1.02173 234.692 1.03022 230.044
165 11.515 0.793283 4.14565 1.02073 239.129 1.02961 234.515
166 11.585 0.817724 4.2154 1.02553 243.641 1.02644 239.026
167 11.655 0.856581 4.28935 1.01575 248.164 1.02459 243.584
168 11.725 0.895026 4.36755 1.01064 252.719 1.0212 248.182
169 11.795 0.852201 4.4429 1.01441 257.345 1.01953 252.826
170 11.865 0.864529 4.52025 1.00308 261.974 1.01653 257.513
171 11.935 0.83343 4.5957 1.00679 266.675 1.01567 262.25
172 12.005 0.871231 4.6755 0.998524 271.392 1.01176 267.025
173 12.075 0.854145 4.75465 0.998629 276.165 1.0101 271.848
174 12.145 0.872062 4.8364 0.991866 280.961 1.00746 276.715
175 12.215 0.868951 4.9188 0.994019 285.823 1.00539 281.627
176 12.285 0.8523 5.00055 0.990986 290.726 1.00273 286.583
177 12.355 0.873593 5.0853 0.987797 295.668 1.00053 291.584
178 12.425 0.86072 5.16975 0.983693 300.647 0.998299 296.631
179 12.495 0.878314 5.2569 0.982301 305.674 0.995803 301.722
180 12.565 0.87304 5.3445 0.980159 310.747 0.994206 306.863
181 12.635 0.919573 5.4378 0.97349 315.841 0.992109 312.049
182 12.705 0.900695 5.5302 0.975605 321.003 0.990796 317.286
183 12.775 0.896154 5.62315 0.978374 326.238 0.988943 322.572
184 12.845 0.935049 5.7212 0.974839 331.51 0.986609 327.902
185 12.915 0.943807 5.82125 0.97644 336.849 0.985516 333.285
186 12.985 0.913128 5.9191 0.971517 342.219 0.985304 338.726
187 13.055 0.953216 6.02235 0.973142 347.656 0.983623 344.216
188 13.125 0.932115 6.1244 0.975469 353.164 0.982402 349.758
189 13.195 0.956141 6.2302 0.974437 358.725 0.982077 355.357
190 13.265 0.960384 6.3376 0.975366 364.351 0.981929 361.015
191 13.335 0.968024 6.447 0.980318 370.066 0.981544 366.731
192 13.405 0.990339 6.5601 0.979079 375.833 0.981248 372.505
193 13.475 0.993942 6.6748 0.978543 381.658 0.981553 378.341
194 13.545 1.00471 6.79195 0.981424 387.56 0.981014 384.235
195 13.615 1.01817 6.9119 0.980739 393.519 0.981927 390.196
196 13.685 1.00526 7.03155 0.985298 399.568 0.982524 396.222
197 13.755 1.00711 7.15265 0.983591 405.669 0.982798 402.311
198 13.825 1.02328 7.27695 0.988128 411.86 0.983883 408.469
199 13.895 1.03215 7.4036 0.987314 418.108 0.984788 414.695
200 13.965 1.04281 7.53285 0.991656 424.448 0.985868 420.991
2800000 200
1 0.035 0 0 0 0 0 0
2 0.105 0 0 0 0 0 0
3 0.175 0 0 0 0 0 0
4 0.245 0 0 0 0 0 0
5 0.315 0 0 0 0 0 0
6 0.385 0 0 0 0 0 0
7 0.455 0 0 0 0 0 0
8 0.525 0 0 0 0 0 0
9 0.595 0 0 0 0 0 0
10 0.665 0 0 0 0 0 0
11 0.735 0 0 0 0 0 0
12 0.805 0 0 0 0 0 0
13 0.875 0 0 0 0 0 0
14 0.945 0 0 0 0 0 0
15 1.015 0 0 0 0 0 0
16 1.085 0 0 0 0 0 0
17 1.155 0 0 0 0 0 0
18 1.225 0 0 0 0 0 0
19 1.295 0 0 0 0 0 0
20 1.365 0 0 0 0 0 0
21 1.435 0 0 0 0 0 0
22 1.505 0 0 0 0 0 0
23 1.575 0 0 0 0 0 0
24 1.645 0 0 0 0 0 0
25 1.715 0 0 0 0 0 0
26 1.785 0 0 0 0 0 0
27 1.855 0 0 0 0 0 0
28 1.925 0 0 0 0 0 0
29 1.995 0 0 0 0 0 0
30 2.065 0 0 0 0 0 0
31 2.135 0 0 0 0 0 0
32 2.205 0 0 0 0 0 0
33 2.275 0 0 0 0 0 0
34 2.345 0 0 0 0 0 0
35 2.415 0 0 0 0 0 0
36 2.485 0 0 0 0 0 0
37 2.555 0 0 0 0 0 0
38 2.625 0 0 0 0 0 0
39 2.695 0 0 0 0 0 0
40 2.765 0 0 0 0 0 0
41 2.835 0 0 0 0 0 0
42 2.905 0 0 0 0 0 0
43 2.975 0 0 0 0 2.11231e-05 6.12245e-06
44 3.045 0 0 0.000246747 7.5e-05 0.000184829 6.22449e-05
45 3.115 0 0 0.00361532 0.001225 0.00187855 0.000659184
46 3.185 0.0387757 0.00025 0.0136071 0.00575 0.00996427 0.00396939
47 3.255 0.0965274 0.0009 0.0454906 0.02155 0.0331088 0.0154571
48 3.325 0.17078 0.0021 0.113955 0.06285 0.0830439 0.0455235
49 3.395 0.423178 0.0052 0.219602 0.145825 0.16533 0.107929
50 3.465 0.596274 0.00975 0.355642 0.2858 0.271391 0.214635
51 3.535 0.812125 0.0162 0.505069 0.4927 0.396228 0.376783
52 3.605 1.04119 0.0248 0.639919 0.765325 0.515709 0.596266
53 3.675 1.21743 0.03525 0.74802 1.0965 0.619369 0.870203
54 3.745 1.37428 0.0475 0.838804 1.48215 0.693367 1.18866
55 3.815 1.48107 0.0612 0.885489 1.90462 0.737775 1.5403
56 3.885 1.50115 0.0756 0.927184 2.36338 0.756737 1.91434
57 3.955 1.55913 0.0911 0.94536 2.84813 0.758706 2.30298
58 4.025 1.43254 0.10585 0.962569 3.35932 0.753482 2.70273
59 4.095 1.56225 0.1225 0.983061 3.89973 0.750868 3.11507
60 4.165 1.63717 0.14055 0.993203 4.46452 0.756611 3.54489
61 4.235 1.56156 0.15835 1.0197 5.06405 0.774124 3.99956
62 4.305 1.56213 0.17675 1.01805 5.68255 0.795883 4.4826
63 4.375 1.45089 0.1944 1.04024 6.33525 0.821363 4.99744
64 4.445 1.39361 0.2119 1.06351 7.02408 0.844443 5.54382
65 4.515 1.42406 0.23035 1.0716 7.74017 0.870003 6.12461
66 4.585 1.35097 0.2484 1.09485 8.49467 0.893799 6.73993
67 4.655 1.3288 0.2667 1.10078 9.2766 0.917641 7.3911
68 4.725 1.39191 0.28645 1.12378 10.099 0.943144 8.08064
69 4.795 1.39947 0.3069 1.14481 10.9619 0.976799 8.81611
70 4.865 1.51239 0.32965 1.17139 11.8708 1.00415 9.59441
71 4.935 1.37611 0.35095 1.17779 12.8111 1.0358 10.4205
72 5.005 1.39442 0.37315 1.20447 13.8001 1.0555 11.2864
73 5.075 1.36538 0.3955 1.20055 14.8137 1.06927 12.1882
74 5.145 1.34334 0.4181 1.20113 15.856 1.07666 13.1215
75 5.215 1.14842 0.43795 1.20165 16.9273 1.07787 14.0815
76 5.285 1.32945 0.46155 1.18844 18.0155 1.08274 15.0719
77 5.355 1.22085 0.4838 1.19736 19.141 1.09058 16.096
78 5.425 1.2831 0.5078 1.19099 20.29 1.10012 17.1563
79 5.495 1.15161 0.5299 1.18807 21.466 1.11336 18.2572
80 5.565 1.28287 0.55515 1.18452 22.6686 1.12662 19.3998
81 5.635 1.20164 0.5794 1.17941 23.8962 1.13694 20.582
82 5.705 1.25935 0.60545 1.18453 25.16 1.149 21.8066
83 5.775 1.10634 0.6289 1.17764 26.4475 1.16044 23.074
84 5.845 1.14218 0.6537 1.16789 27.7554 1.16458 24.3769
85 5.915 1.16477 0.6796 1.16258 29.0888 1.16745 25.7145
86 5.985 1.16843 0.7062 1.14565 30.434 1.16829 27.085
87 6.055 1.15874 0.7332 1.12957 31.7916 1.1671 28.4862
88 6.125 1.10095 0.75945 1.13212 33.1839 1.16234 29.9142
89 6.195 1.09466 0.78615 1.11214 34.5831 1.15627 31.3674
90 6.265 1.09239 0.8134 1.09994 35.9983 1.14961 32.845
91 6.335 1.08798 0.84115 1.08375 37.4241 1.13914 34.3421
92 6.405 1.10077 0.86985 1.06739 38.8595 1.12918 35.8591
93 6.475 1.03394 0.8974 1.0627 40.32 1.11837 37.3946
94 6.545 1.10193 0.9274 1.04217 41.7835 1.10807 38.949
95 6.615 0.990635 0.95495 1.03395 43.2666 1.09951 40.5245
96 6.685 0.980561 0.9828 1.0152 44.7538 1.092 42.1226
97 6.755 0.912068 1.00925 1.00342 46.2547 1.08488 43.7437
98 6.825 0.930612 1.0368 0.998296 47.779 1.07664 45.386
99 6.895 0.976351 1.0663 0.983872 49.3123 1.06983 47.0516
100 6.965 1.0071 1.09735 0.98001 50.8708 1.06299 48.7403
101 7.035 0.888599 1.1253 0.973456 52.4501 1.05269 50.4464
102 7.105 0.903904 1.1543 0.963691 54.0448 1.04517 52.1742
103 7.175 0.900107 1.18375 0.948179 55.6449 1.03572 53.9202
104 7.245 0.857318 1.21235 0.945332 57.2716 1.02408 55.6805
105 7.315 0.90421 1.2431 0.940552 58.9213 1.01425 57.4578
106 7.385 0.913115 1.27475 0.933588 60.5904 1.00497 59.2527
107 7.455 0.883308 1.30595 0.915726 62.2587 0.994556 61.0628
108 7.525 0.918357 1.339 0.921005 63.9683 0.983911 62.8873
109 7.595 0.943786 1.3736 0.911219 65.6914 0.975174 64.7294
110 7.665 0.866369 1.40595 0.905906 67.4361 0.966322 66.5885
111 7.735 0.844185 1.43805 0.905594 69.2122 0.959516 68.4685
112 7.805 0.894974 1.4727 0.906937 71.0234 0.951597 70.3669
113 7.875 0.894357 1.50795 0.900367 72.8537 0.946126 72.2883
114 7.945 0.876175 1.5431 0.90354 74.7234 0.941838 74.2352
115 8.015 0.895228 1.57965 0.900316 76.6193 0.936978 76.2063
116 8.085 0.900254 1.61705 0.901676 78.5514 0.934315 78.2063
117 8.155 0.928635 1.6563 0.907925 80.5307 0.931608 80.2352
118 8.225 0.868705 1.69365 0.906245 82.5404 0.930441 82.2964
119 8.295 0.876973 1.732 0.911586 84.5965 0.928087 84.3877
120 8.365 0.951178 1.7743 0.918366 86.7031 0.927512 86.513
121 8.435 0.966418 1.818 0.919233 88.847 0.927595 88.6742
122 8.505 0.899457 1.85935 0.929162 91.0503 0.92745 90.8712
123 8.575 0.936189 1.9031 0.931115 93.2946 0.929755 93.1099
124 8.645 0.969512 1.94915 0.943854 95.6069 0.929223 95.3841
125 8.715 0.963323 1.99565 0.948494 97.9685 0.932093 97.7024
126 8.785 0.929683 2.04125 0.953943 100.382 0.934681 100.065
127 8.855 0.972233 2.0897 0.962828 102.857 0.936508 102.469
128 8.925 0.930375 2.1368 0.966856 105.381 0.940843 104.924
129 8.995 0.947066 2.1855 0.979399 107.979 0.944332 107.426
130 9.065 0.96792 2.23605 0.980851 110.621 0.949032 109.979
131 9.135 0.913546 2.2845 0.992728 113.337 0.95167 112.58
132 9.205 0.954486 2.3359 0.994401 116.099 0.957226 115.236
133 9.275 0.998663 2.3905 1.00174 118.924 0.962048 117.946
134 9.345 0.959434 2.44375 1.00849 121.811 0.965229 120.707
135 9.415 0.957646 2.4977 1.01287 124.754 0.971658 123.527
136 9.485 0.972421 2.5533 1.02659 127.781 0.976169 126.403
137 9.555 1.03319 2.61325 1.02434 130.847 0.979879 129.333
138 9.625 0.971513 2.67045 1.03045 133.976 0.985154 132.321
139 9.695 0.974275 2.72865 1.04073 137.183 0.989821 135.368
140 9.765 0.985108 2.78835 1.03887 140.43 0.994042 138.472
141 9.835 0.999603 2.8498 1.03981 143.727 0.997147 141.631
142 9.905 0.960665 2.9097 1.03971 147.071 1.00253 144.852
143 9.975 0.887138 2.9658 1.04743 150.487 1.00714 148.133
144 10.045 0.9177 3.02465 1.05172 153.966 1.00968 151.469
145 10.115 0.958099 3.08695 1.04773 157.48 1.014 154.867
146 10.185 0.957109 3.15005 1.05045 161.052 1.01744 158.323
147 10.255 0.948576 3.21345 1.0568 164.695 1.02118 161.84
148 10.325 0.901073 3.2745 1.05825 168.394 1.02161 165.406
149 10.395 0.918101 3.33755 1.05656 172.136 1.02507 169.034
150 10.465 0.906578 3.40065 1.05486 175.923 1.0284 172.722
151 10.535 0.911583 3.46495 1.05309 179.754 1.02887 176.461
152 10.605 0.917077 3.5305 1.05338 183.638 1.0315 180.26
153 10.675 0.901637 3.5958 1.04895 187.556 1.03246 184.113
154 10.745 0.9056 3.66225 1.05168 191.537 1.03416 188.023
155 10.815 0.928892 3.7313 1.05028 195.564 1.03458 191.986
156 10.885 0.934247 3.80165 1.04614 199.627 1.03537 196.003
157 10.955 0.895469 3.86995 1.04518 203.739 1.03617 200.075
158 11.025 0.867306 3.93695 1.04086 207.886 1.03493 204.195
159 11.095 0.936284 4.0102 1.03846 212.076 1.03476 208.366
160 11.165 0.917638 4.0829 1.03578 216.309 1.0339 212.587
161 11.235 0.901253 4.1552 1.03869 220.607 1.0332 216.857
162 11.305 0.86735 4.22565 1.03242 224.932 1.03268 221.179
163 11.375 0.845764 4.2952 1.02578 229.283 1.0306 225.546
164 11.445 0.870285 4.36765 1.02317 233.676 1.02981 229.964
165 11.515 0.886436 4.44235 1.0251 238.132 1.02773 234.426
166 11.585 0.890997 4.51835 1.0224 242.63 1.02626 238.937
167 11.655 0.876851 4.59405 1.0204 247.174 1.02468 243.495
168 11.725 0.861262 4.6693 1.01444 251.745 1.02216 248.096
169 11.795 0.868035 4.74605 1.01016 256.352 1.02111 252.748
170 11.865 0.908678 4.82735 1.00991 261.013 1.01778 257.44
171 11.935 0.877615 4.9068 1.00299 265.696 1.01615 262.18
172 12.005 0.921452 4.9912 1.00149 270.427 1.01383 266.965
173 12.075 0.880044 5.07275 1.00175 275.215 1.01125 271.794
174 12.145 0.896064 5.15675 0.996793 280.035 1.00951 276.67
175 12.215 0.902696 5.24235 0.994515 284.899 1.00765 281.593
176 12.285 0.898173 5.3285 0.99141 289.804 1.00478 286.559
177 12.355 0.879778 5.41385 0.989056 294.753 1.00186 291.567
178 12.425 0.909642 5.5031 0.990772 299.767 1.00064 296.626
179 12.495 0.882849 5.5907 0.983996 304.803 0.998895 301.733
180 12.565 0.899948 5.681 0.991149 309.933 0.996956 306.887
181 12.635 0.908731 5.7732 0.982595 315.075 0.994979 312.089
182 12.705 0.871451 5.8626 0.982853 320.276 0.992755 317.337
183 12.775 0.914954 5.9575 0.988304 325.563 0.991164 322.634
184 12.845 0.909777 6.0529 0.982184 330.875 0.989666 327.981
185 12.915 0.883905 6.1466 0.983431 336.252 0.988262 333.379
186 12.985 0.92386 6.2456 0.980035 341.669 0.986546 338.826
187 13.055 0.945369 6.348 0.984257 347.168 0.985363 344.326
188 13.125 0.886902 6.4451 0.985076 352.731 0.984681 349.881
189 13.195 0.919992 6.5469 0.98551 358.355 0.984236 355.492
190 13.265 0.913885 6.6491 0.984845 364.036 0.983466 361.159
191 13.335 0.935727 6.75485 0.989351 369.803 0.982486 366.88
192 13.405 0.883074 6.8557 0.988874 375.628 0.982646 372.663
193 13.475 0.926783 6.96265 0.989783 381.519 0.98227 378.503
194 13.545 0.903507 7.068 0.990403 387.476 0.981796 384.402
195 13.615 0.900607 7.1741 0.98863 393.483 0.981874 390.362
196 13.685 0.916202 7.28315 0.991586 399.571 0.981653 396.383
197 13.755 0.895257 7.3908 0.98765 405.696 0.98216 402.468
198 13.825 0.882922 7.49805 0.995769 411.935 0.983819 408.626
199 13.895 0.885865 7.60675 0.996395 418.241 0.983548 414.844
200 13.965 0.894353 7.7176 0.999711 424.632 0.984714 421.133
3000000 200
1 0.035 0 0 0 0 0 0
2 0.105 0 0 0 0 0 0
3 0.175 0 0 0 0 0 0
4 0.245 0 0 0 0 0 0
5 0.315 0 0 0 0 0 0
6 0.385 0 0 0 0 0 0
7 0.455 0 0 0 0 0 0
8 0.525 0 0 0 0 0 0
9 0.595 0 0 0 0 0 0
10 0.665 0 0 0 0 0 0
11 0.735 0 0 0 0 0 0
12 0.805 0 0 0 0 0 0
13 0.875 0 0 0 0 0 0
14 0.945 0 0 0 0 0 0
15 1.015 0 0 0 0 0 0
16 1.085 0 0 0 0 0 0
17 1.155 0 0 0 0 0 0
18 1.225 0 0 0 0 0 0
19 1.295 0 0 0 0 0 0
20 1.365 0 0 0 0 0 0
21 1.435 0 0 0 0 0 0
22 1.505 0 0 0 0 0 0
23 1.575 0 0 0 0 0 0
24 1.645 0 0 0 0 0 0
25 1.715 0 0 0 0 0 0
26 1.785 0 0 0 0 0 0
27 1.855 0 0 0 0 0 0
28 1.925 0 0 0 0 0 0
29 1.995 0 0 0 0 0 0
30 2.065 0 0 0 0 0 0
31 2.135 0 0 0 0 0 0
32 2.205 0 0 0 0 0 0
33 2.275 0 0 0 0 0 0
34 2.345 0 0 0 0 0 0
35 2.415 0 0 0 0 0 0
36 2.485 0 0 0 0 0 0
37 2.555 0 0 0 0 0 0
38 2.625 0 0 0 0 0 0
39 2.695 0 0 0 0 0 0
40 2.765 0 0 0 0 0 0
41 2.835 0 0 0 0 0 0
42 2.905 0 0 0 0 0 0
43 2.975 0 0 0 0 7.04104e-06 2.04082e-06
44 3.045 0 0 0.000164498 5e-05 0.000211713 6.63265e-05
45 3.115 0 0 0.00290798 0.000975 0.00174047 0.000619388
46 3.185 0 0 0.0159376 0.006275 0.00989976 0.00390816
47 3.255 0.0594015 0.0004 0.0480099 0.02295 0.0326824 0.015248
48 3.325 0.241939 0.0021 0.118439 0.065875 0.0826973 0.0451888
49 3.395 0.368574 0.0048 0.22602 0.151275 0.163746 0.106996
50 3.465 0.53075 0.00885 0.348401 0.2884 0.271959 0.213926
51 3.535 0.812125 0.0153 0.495488 0.491375 0.393523 0.374966
52 3.605 0.883801 0.0226 0.636633 0.7626 0.511401 0.592616
53 3.675 1.03686 0.0315 0.739324 1.08992 0.616337 0.865212
54 3.745 1.17235 0.04195 0.824993 1.46922 0.693096 1.18355
55 3.815 1.34594 0.0544 0.881926 1.89 0.738128 1.53535
56 3.885 1.41775 0.068 0.923041 2.3467 0.753611 1.90784
57 3.955 1.47363 0.08265 0.935219 2.82625 0.755775 2.29499
58 4.025 1.38883 0.09695 0.956355 3.33415 0.753876 2.69494
59 4.095 1.6467 0.1145 0.96919 3.86692 0.75137 3.10756
60 4.165 1.59182 0.13205 0.98762 4.42855 0.760146 3.53939
61 4.235 1.69754 0.1514 1.01413 5.0248 0.775957 3.99514
62 4.305 1.42205 0.16815 1.01821 5.6434 0.797131 4.47893
63 4.375 1.51666 0.1866 1.04358 6.2982 0.82131 4.99374
64 4.445 1.54492 0.206 1.06181 6.98592 0.846986 5.54177
65 4.515 1.44722 0.22475 1.07164 7.70205 0.866494 6.12021
66 4.585 1.37343 0.2431 1.08647 8.45077 0.891815 6.73416
67 4.655 1.36511 0.2619 1.09944 9.23175 0.914349 7.383
68 4.725 1.58572 0.2844 1.115 10.0478 0.940209 8.0704
69 4.795 1.46106 0.30575 1.13596 10.904 0.972858 8.8029
70 4.865 1.25977 0.3247 1.15432 11.7996 1.00166 9.57926
71 4.935 1.36965 0.3459 1.16746 12.7316 1.03146 10.4019
72 5.005 1.34103 0.36725 1.19394 13.712 1.04888 11.2623
73 5.075 1.32567 0.38895 1.20067 14.7258 1.06395 12.1597
74 5.145 1.26607 0.41025 1.18591 15.7548 1.07215 13.0891
75 5.215 1.15131 0.43015 1.19442 16.8197 1.07763 14.0489
76 5.285 1.1858 0.4512 1.18306 17.9029 1.08097 15.0376
77 5.355 1.20439 0.47315 1.19781 19.0289 1.08819 16.0595
78 5.425 1.19489 0.4955 1.18889 20.1759 1.09881 17.1185
79 5.495 1.21415 0.5188 1.18824 21.352 1.11353 18.2196
80 5.565 1.19141 0.54225 1.1969 22.5671 1.12785 19.3634
81 5.635 1.14218 0.5653 1.18589 23.8015 1.13957 20.5484
82 5.705 1.06356 0.5873 1.19013 25.0713 1.15165 21.7758
83 5.775 1.09455 0.6105 1.19015 26.3724 1.15947 23.0421
84 5.845 1.0777 0.6339 1.18282 27.6971 1.16892 24.3499
85 5.915 1.09731 0.6583 1.17775 29.0479 1.17063 25.6912
86 5.985 1.06301 0.6825 1.16484 30.4157 1.17119 27.065
87 6.055 1.05574 0.7071 1.15949 31.8092 1.16957 28.4692
88 6.125 0.941576 0.72955 1.15265 33.2267 1.16589 29.9016
89 6.195 0.914268 0.75185 1.13297 34.6521 1.15931 31.3586
90 6.265 0.847851 0.773 1.1258 36.1006 1.15215 32.8395
91 6.335 0.925274 0.7966 1.1115 37.5629 1.14309 34.3417
92 6.405 0.968445 0.82185 1.09609 39.0369 1.1337 35.8648
93 6.475 0.917595 0.8463 1.08685 40.5306 1.12406 37.4081
94 6.545 0.916438 0.87125 1.06732 42.0294 1.11339 38.9699
95 6.615 0.913326 0.89665 1.0665 43.5592 1.10322 40.5508
96 6.685 0.89782 0.92215 1.03988 45.0826 1.0956 42.1542
97 6.755 0.874137 0.9475 1.02641 46.6179 1.08668 43.778
98 6.825 0.879943 0.97355 1.02515 48.1832 1.07961 45.4248
99 6.895 0.88699 1.00035 1.00418 49.7482 1.07353 47.0961
100 6.965 0.844924 1.0264 0.991691 51.3252 1.06492 48.7879
101 7.035 0.859986 1.05345 0.991393 52.9336 1.0565 50.5001
102 7.105 0.886761 1.0819 0.978798 54.5533 1.04696 52.2309
103 7.175 0.903163 1.11145 0.973422 56.1961 1.03818 53.9811
104 7.245 0.839332 1.13945 0.965934 57.8581 1.02543 55.7437
105 7.315 0.855691 1.16855 0.946039 59.5175 1.01561 57.5234
106 7.385 0.823679 1.1971 0.94395 61.2051 1.00319 59.3151
107 7.455 0.847919 1.22705 0.935912 62.9102 0.995231 61.1264
108 7.525 0.789148 1.25545 0.934594 64.645 0.98517 62.9532
109 7.595 0.859227 1.28695 0.923224 66.3908 0.975033 64.7951
110 7.665 0.855657 1.3189 0.922469 68.1674 0.965287 66.6523
111 7.735 0.825776 1.3503 0.914861 69.9617 0.957811 68.5289
112 7.805 0.892391 1.38485 0.91495 71.7888 0.949247 70.4225
113 7.875 0.808093 1.4167 0.912825 73.6445 0.942986 72.3376
114 7.945 0.882406 1.4521 0.912904 75.5335 0.936967 74.2744
115 8.015 0.875633 1.48785 0.905516 77.4404 0.933219 76.2376
116 8.085 0.883404 1.52455 0.909714 79.3897 0.929369 78.227
117 8.155 0.86712 1.5612 0.909737 81.373 0.92664 80.2451
118 8.225 0.881497 1.5991 0.914125 83.4002 0.924162 82.2925
119 8.295 0.898697 1.6384 0.914634 85.4632 0.922919 84.372
120 8.365 0.879222 1.6775 0.923608 87.5817 0.921704 86.484
121 8.435 0.906707 1.7185 0.923435 89.7355 0.921815 88.6318
122 8.505 0.87988 1.75895 0.927327 91.9344 0.92287 90.8179
123 8.575 0.947958 1.80325 0.93126 94.1791 0.922161 93.0384
124 8.645 0.901088 1.84605 0.936435 96.4733 0.924628 95.3013
125 8.715 0.944678 1.89165 0.944628 98.8251 0.925303 97.6027
126 8.785 0.940897 1.9378 0.952757 101.236 0.928696 99.9498
127 8.855 0.912033 1.98325 0.959375 103.701 0.93123 102.341
128 8.925 0.909635 2.0293 0.963352 106.217 0.934859 104.78
129 8.995 1.00152 2.0808 0.96936 108.788 0.939319 107.268
130 9.065 0.972707 2.1316 0.973575 111.41 0.943969 109.809
131 9.135 0.93523 2.1812 0.979448 114.09 0.947303 112.397
132 9.205 0.957271 2.23275 0.988352 116.835 0.952954 115.042
133 9.275 1.01238 2.2881 0.999315 119.653 0.956519 117.736
134 9.345 1.00808 2.34405 0.999063 122.513 0.963186 120.491
135 9.415 1.02066 2.40155 1.00439 125.432 0.967621 123.299
136 9.485 1.00128 2.4588 1.01478 128.424 0.972304 126.164
137 9.555 1.02285 2.51815 1.01973 131.476 0.976425 129.083
138 9.625 0.992744 2.5766 1.01811 134.568 0.982684 132.064
139 9.695 1.00441 2.6366 1.02477 137.725 0.987705 135.105
140 9.765 1.03049 2.69905 1.03155 140.95 0.991612 138.201
141 9.835 1.00286 2.7607 1.0402 144.248 0.997355 141.36
142 9.905 1.03765 2.8254 1.03548 147.578 1.00157 144.578
143 9.975 1.05634 2.8922 1.03491 150.954 1.00636 147.857
144 10.045 1.05181 2.95965 1.04369 154.406 1.01032 151.195
145 10.115 1.03038 3.02665 1.04467 157.91 1.015 154.596
146 10.185 1.02309 3.0941 1.04944 161.478 1.01905 158.058
147 10.255 1.06229 3.1651 1.05038 165.099 1.02236 161.579
148 10.325 1.02432 3.2345 1.04899 168.765 1.02577 165.16
149 10.395 1.0244 3.30485 1.05175 172.491 1.02865 168.8
150 10.465 0.951835 3.3711 1.04841 176.255 1.03157 172.499
151 10.535 1.04414 3.44475 1.05268 180.084 1.03394 176.257
152 10.605 0.98633 3.51525 1.05427 183.971 1.03444 180.067
153 10.675 1.04869 3.5912 1.05319 187.905 1.03657 183.935
154 10.745 1.0194 3.666 1.04991 191.879 1.03917 187.864
155 10.815 1.07216 3.7457 1.04042 195.868 1.04021 191.848
156 10.885 0.967447 3.81855 1.04569 199.93 1.04023 195.884
157 10.955 0.9761 3.893 1.03431 203.999 1.04086 199.975
158 11.025 1.01552 3.97145 1.04281 208.154 1.03987 204.114
159 11.095 0.997638 4.0495 1.03784 212.342 1.04109 208.311
160 11.165 0.983905 4.12745 1.03629 216.576 1.03981 212.556
161 11.235 0.974799 4.20565 1.03521 220.86 1.03812 216.847
162 11.305 0.992928 4.2863 1.02608 225.158 1.03764 221.19
163 11.375 0.99169 4.36785 1.02402 229.502 1.03637 225.581
164 11.445 0.972389 4.4488 1.02054 233.884 1.03488 230.02
165 11.515 1.02587 4.53525 1.02016 238.318 1.03353 234.508
166 11.585 0.983028 4.6191 1.01953 242.804 1.03235 239.045
167 11.655 0.978205 4.70355 1.0163 247.329 1.0295 243.625
168 11.725 0.976288 4.78885 1.01386 251.898 1.02618 248.244
169 11.795 1.02242 4.87925 1.01111 256.509 1.02492 252.914
170 11.865 0.986916 4.96755 1.0046 261.145 1.02274 257.629
171 11.935 0.978687 5.05615 0.99937 265.812 1.01907 262.382
172 12.005 1.01371 5.149 0.995502 270.515 1.0163 267.179
173 12.075 1.01817 5.24335 0.992232 275.257 1.01414 272.021
174 12.145 1.00434 5.3375 0.993613 280.062 1.01057 276.902
175 12.215 0.980206 5.43045 0.992501 284.916 1.00919 281.833
176 12.285 0.969589 5.52345 0.990101 289.814 1.00559 286.803
177 12.355 0.986464 5.61915 0.983535 294.736 1.00298 291.817
178 12.425 0.978948 5.7152 0.983298 299.712 1.00002 296.873
179 12.495 0.999252 5.81435 0.982785 304.742 0.996699 301.968
180 12.565 0.991638 5.91385 0.980492 309.816 0.996379 307.12
181 12.635 1.01419 6.01675 0.981186 314.951 0.993779 312.315
182 12.705 0.964055 6.11565 0.980571 320.139 0.99099 317.553
183 12.775 0.984853 6.2178 0.980888 325.387 0.9888 322.838
184 12.845 0.950784 6.3175 0.977723 330.675 0.987477 328.173
185 12.915 1.00937 6.4245 0.977779 336.021 0.98532 333.555
186 12.985 1.02558 6.5344 0.980546 341.441 0.984071 338.989
187 13.055 1.01692 6.64455 0.977957 346.905 0.982229 344.471
188 13.125 1.00884 6.755 0.978514 352.43 0.981543 350.008
189 13.195 0.998164 6.86545 0.978787 358.017 0.980525 355.598
190 13.265 1.00018 6.9773 0.977165 363.653 0.980454 361.248
191 13.335 0.987491 7.0889 0.977209 369.349 0.97934 366.951
192 13.405 1.02318 7.20575 0.978158 375.111 0.978808 372.711
193 13.475 1.0494 7.32685 0.981454 380.953 0.979167 378.533
194 13.545 1.01114 7.44475 0.982634 386.863 0.978722 384.413
195 13.615 1.00331 7.56295 0.980056 392.818 0.97885 390.355
196 13.685 1.02248 7.68465 0.981128 398.841 0.979602 396.363
197 13.755 1.0383 7.8095 0.984236 404.946 0.980388 402.437
198 13.825 1.06774 7.9392 0.986436 411.126 0.980594 408.575
199 13.895 1.07983 8.0717 0.988957 417.385 0.981166 414.778
200 13.965 1.04442 8.20115 0.989724 423.712 0.982155 421.05
3200000 200
1 0.035 0 0 0 0 0 0
2 0.105 0 0 0 0 0 0
3 0.175 0 0 0 0 0 0
4 0.245 0 0 0 0 0 0
5 0.315 0 0 0 0 0 0
6 0.385 0 0 0 0 0 0
7 0.455 0 0 0 0 0 0
8 0.525 0 0 0 0 0 0
9 0.595 0 0 0 0 0 0
10 0.665 0 0 0 0 0 0
11 0.735 0 0 0 0 0 0
12 0.805 0 0 0 0 0 0
13 0.875 0 0 0 0 0 0
14 0.945 0 0 0 0 0 0
15 1.015 0 0 0 0 0 0
16 1.085 0 0 0 0 0 0
17 1.155 0 0 0 0 0 0
18 1.225 0 0 0 0 0 0
19 1.295 0 0 0 0 0 0
20 1.365 0 0 0 0 0 0
21 1.435 0 0 0 0 0 0
22 1.505 0 0 0 0 0 0
23 1.575 0 0 0 0 0 0
24 1.645 0 0 0 0 0 0
25 1.715 0 0 0 0 0 0
26 1.785 0 0 0 0 0 0
27 1.855 0 0 0 0 0 0
28 1.925 0 0 0 0 0 0
29 1.995 0 0 0 0 0 0
30 2.065 0 0 0 0 0 0
31 2.135 0 0 0 0 0 0
32 2.205 0 0 0 0 0 0
33 2.275 0 0 0 0 0 0
34 2.345 0 0 0 0 0 0
35 2.415 0 0 0 0 0 0
36 2.485 0 0 0 0 0 0
37 2.555 0 0 0 0 0 0
38 2.625 0 0 0 0 0 0
39 2.695 0 0 0 0 0 0
40 2.765 0 0 0 0 0 0
41 2.835 0 0 0 0 0 0
42 2.905 0 0 0 0 0 0
43 2.975 0 0 8.61647e-05 2.5e-05 1.05616e-05 3.06122e-06
44 3.045 0 0 0.000164498 7.5e-05 0.000198271 6.32653e-05
45 3.115 0 0 0.00204344 0.000725 0.00178542 0.000630612
46 3.185 0.0232654 0.00015 0.0141333 0.005425 0.00956803 0.00380918
47 3.255 0.0891022 0.00075 0.0459945 0.0214 0.0326471 0.0151367
48 3.325 0.142317 0.00175 0.118094 0.0642 0.0836668 0.0454286
49 3.395 0.30032 0.00395 0.228733 0.150625 0.163335 0.107081
50 3.465 0.563512 0.00825 0.359135 0.291975 0.270228 0.21333
51 3.535 0.63585 0.0133 0.513674 0.5024 0.392653 0.374014
52 3.605 0.853534 0.02035 0.641445 0.775675 0.509766 0.590968
53 3.675 0.978605 0.02875 0.762758 1.11337 0.610198 0.860849
54 3.745 1.16113 0.0391 0.84658 1.5026 0.684056 1.17503
55 3.815 1.17837 0.05 0.898327 1.9312 0.726924 1.5215
56 3.885 1.33436 0.0628 0.921676 2.38722 0.744063 1.88927
57 3.955 1.30766 0.0758 0.956622 2.87775 0.745449 2.27112
58 4.025 1.34513 0.08965 0.964781 3.39013 0.741855 2.6647
59 4.095 1.34176 0.10395 0.985244 3.93172 0.74032 3.07125
60 4.165 1.34692 0.1188 1.00349 4.50237 0.749918 3.49727
61 4.235 1.28522 0.13345 1.02527 5.10517 0.764154 3.94609
62 4.305 1.21829 0.1478 1.04841 5.74212 0.789367 4.42517
63 4.375 1.35636 0.1643 1.06247 6.40878 0.812617 4.93452
64 4.445 1.21045 0.1795 1.07833 7.1072 0.836545 5.4758
65 4.515 1.1076 0.19385 1.09528 7.83912 0.860059 6.04995
66 4.585 1.05907 0.208 1.10385 8.59982 0.884917 6.65915
67 4.655 1.18358 0.2243 1.11778 9.39382 0.909661 7.30466
68 4.725 1.09239 0.2398 1.12986 10.2207 0.939701 7.99168
69 4.795 1.01966 0.2547 1.14942 11.087 0.97114 8.72289
70 4.865 1.09358 0.27115 1.18141 12.0037 1.00555 9.50227
71 4.935 1.15645 0.28905 1.2066 12.967 1.03258 10.3258
72 5.005 1.03639 0.30555 1.20971 13.9604 1.05376 11.1902
73 5.075 1.10269 0.3236 1.21767 14.9884 1.06937 12.0922
74 5.145 1.061 0.34145 1.2153 16.043 1.07732 13.0261
75 5.215 1.04718 0.35955 1.2161 17.1272 1.08307 13.9907
76 5.285 1.05342 0.37825 1.19936 18.2253 1.08579 14.9838
77 5.355 1.05624 0.3975 1.2022 19.3554 1.09553 16.0126
78 5.425 0.98104 0.41585 1.20288 20.5159 1.10545 17.078
79 5.495 1.06303 0.43625 1.1985 21.7022 1.11914 18.1846
80 5.565 0.980567 0.45555 1.19703 22.9174 1.13316 19.3338
81 5.635 0.991043 0.47555 1.20559 24.1724 1.14624 20.5257
82 5.705 0.98621 0.49595 1.19467 25.447 1.15769 21.7596
83 5.775 0.948294 0.51605 1.19683 26.7554 1.16647 23.0336
84 5.845 1.01092 0.538 1.19088 28.0891 1.17307 24.346
85 5.915 0.92867 0.55865 1.17456 29.4362 1.17721 25.6948
86 5.985 0.896093 0.57905 1.15926 30.7975 1.17739 27.0759
87 6.055 0.920556 0.6005 1.15876 32.1901 1.1751 28.4867
88 6.125 0.882859 0.62155 1.14409 33.5971 1.17195 29.9265
89 6.195 0.910168 0.64375 1.13422 35.0241 1.16672 31.3928
90 6.265 0.879921 0.6657 1.11242 36.4553 1.1584 32.8818
91 6.335 0.856663 0.68755 1.09262 37.8928 1.15126 34.3948
92 6.405 0.81311 0.70875 1.07781 39.3422 1.13641 35.9215
93 6.475 0.857548 0.7316 1.06335 40.8037 1.12663 37.4683
94 6.545 0.824611 0.75405 1.04566 42.272 1.11592 39.0337
95 6.615 0.785676 0.7759 1.03121 43.7512 1.10693 40.6199
96 6.685 0.81332 0.799 1.03159 45.2624 1.09899 42.2282
97 6.755 0.770689 0.82135 1.00459 46.7651 1.08862 43.8549
98 6.825 0.780295 0.84445 0.993629 48.2823 1.08053 45.5032
99 6.895 0.800938 0.86865 0.989486 49.8243 1.07184 47.1719
100 6.965 0.810868 0.89365 0.973093 51.3718 1.06423 48.8625
101 7.035 0.805939 0.919 0.973749 52.9516 1.05397 50.5707
102 7.105 0.825981 0.9455 0.964174 54.5471 1.04333 52.2954
103 7.175 0.845092 0.97315 0.949749 56.1499 1.03477 54.0399
104 7.245 0.809356 1.00015 0.934289 57.7575 1.02412 55.8003
105 7.315 0.766005 1.0262 0.929093 59.3872 1.01171 57.5731
106 7.385 0.794828 1.05375 0.922079 61.0357 1.00177 59.3622
107 7.455 0.86349 1.08425 0.916769 62.7059 0.990895 61.1657
108 7.525 0.843332 1.1146 0.911806 64.3984 0.980865 62.9845
109 7.595 0.818311 1.1446 0.900682 66.1016 0.969635 64.8162
110 7.665 0.800755 1.1745 0.896313 67.8278 0.961179 66.6654
111 7.735 0.803422 1.20505 0.893421 69.58 0.952707 68.5321
112 7.805 0.883351 1.23925 0.88921 71.3558 0.946201 70.4196
113 7.875 0.885477 1.27415 0.884921 73.1547 0.940999 72.3307
114 7.945 0.832553 1.30755 0.889718 74.9957 0.935051 74.2635
115 8.015 0.952787 1.34645 0.890296 76.8706 0.929876 76.2197
116 8.085 0.913493 1.3844 0.891362 78.7806 0.926376 78.2027
117 8.155 0.889597 1.422 0.895391 80.7326 0.924914 80.217
118 8.225 0.946621 1.4627 0.894983 82.7173 0.922299 82.2602
119 8.295 0.908987 1.50245 0.904249 84.7569 0.920972 84.3354
120 8.365 0.972541 1.5457 0.903347 86.829 0.921799 86.4477
121 8.435 0.969735 1.58955 0.914131 88.961 0.922231 88.5964
122 8.505 0.941874 1.63285 0.913684 91.1275 0.920775 90.7775
123 8.575 0.982196 1.67875 0.926375 93.3605 0.922035 92.9977
124 8.645 1.04846 1.72855 0.937109 95.6563 0.924314 95.2599
125 8.715 0.986111 1.77615 0.94282 98.0037 0.926419 97.5641
126 8.785 1.00002 1.8252 0.943399 100.39 0.930003 99.9145
127 8.855 1.09464 1.87975 0.956097 102.848 0.932568 102.309
128 8.925 1.11408 1.93615 0.956085 105.344 0.936714 104.752
129 8.995 1.0832 1.99185 0.966599 107.908 0.941547 107.247
130 9.065 1.10291 2.04945 0.972248 110.527 0.944945 109.79
131 9.135 1.06722 2.10605 0.980819 113.21 0.950564 112.388
132 9.205 1.15968 2.1685 0.988838 115.957 0.956022 115.04
133 9.275 1.14682 2.2312 0.998783 118.773 0.9604 117.746
134 9.345 1.18916 2.2972 1.00288 121.644 0.965337 120.507
135 9.415 1.11385 2.35995 1.01494 124.593 0.97151 123.327
136 9.485 1.13158 2.42465 1.02731 127.623 0.975952 126.202
137 9.555 1.07542 2.48705 1.02128 130.68 0.981981 129.138
138 9.625 1.12947 2.55355 1.03257 133.815 0.986183 132.13
139 9.695 1.11824 2.62035 1.03386 137.001 0.990556 135.179
140 9.765 1.1922 2.6926 1.03332 140.231 0.99602 138.289
141 9.835 1.13624 2.76245 1.04376 143.54 0.998954 141.453
142 9.905 1.13949 2.8335 1.04253 146.893 1.00474 144.681
143 9.975 1.14885 2.90615 1.04685 150.308 1.00914 147.969
144 10.045 1.12744 2.97845 1.04789 153.774 1.01452 151.321
145 10.115 1.10266 3.05015 1.0523 157.303 1.01666 154.728
146 10.185 1.09741 3.1225 1.05149 160.879 1.02123 158.197
147 10.255 1.11914 3.1973 1.05183 164.505 1.02412 161.724
148 10.325 1.14461 3.27485 1.05025 168.175 1.02702 165.309
149 10.395 1.12342 3.352 1.05109 171.898 1.02976 168.953
150 10.465 1.10269 3.42875 1.05746 175.694 1.03314 172.658
151 10.535 1.13274 3.50865 1.04978 179.514 1.03489 176.42
152 10.605 1.11154 3.5881 1.047 183.374 1.03708 180.239
153 10.675 1.07216 3.66575 1.04855 187.29 1.03765 184.111
154 10.745 1.10526 3.74685 1.05492 191.283 1.03911 188.04
155 10.815 1.16498 3.83345 1.0456 195.292 1.03999 192.023
156 10.885 1.03517 3.9114 1.04287 199.342 1.04021 196.059
157 10.955 1.10393 3.9956 1.04258 203.444 1.04059 200.149
158 11.025 1.06148 4.0776 1.03882 207.583 1.03921 204.286
159 11.095 1.06219 4.1607 1.0358 211.763 1.0396 208.476
160 11.165 1.10382 4.24815 1.03618 215.997 1.03917 212.718
161 11.235 1.09322 4.33585 1.0299 220.259 1.03699 217.005
162 11.305 1.01632 4.4184 1.02173 224.539 1.03615 221.341
163 11.375 1.02027 4.5023 1.02132 228.871 1.03519 225.728
164 11.445 1.04747 4.5895 1.01652 233.236 1.03198 230.154
165 11.515 1.03062 4.67635 1.01465 237.646 1.03001 234.627
166 11.585 1.00237 4.76185 1.00862 242.084 1.02844 239.147
167 11.655 1.04018 4.85165 1.00681 246.567 1.02652 243.713
168 11.725 1.00605 4.93955 1.00158 251.081 1.02412 248.324
169 11.795 0.983961 5.02655 1.00167 255.649 1.02226 252.981
170 11.865 1.00256 5.11625 0.997123 260.25 1.01948 257.681
171 11.935 0.987524 5.20565 0.997362 264.907 1.01726 262.426
172 12.005 1.00552 5.29775 0.988692 269.578 1.01537 267.218
173 12.075 1.02627 5.39285 0.990631 274.313 1.01219 272.051
174 12.145 0.981937 5.4849 0.990651 279.103 1.00832 276.921
175 12.215 0.982842 5.5781 0.982984 283.911 1.00641 281.839
176 12.285 1.02172 5.6761 0.981779 288.768 1.0046 286.804
177 12.355 0.985949 5.77175 0.980608 293.675 1.00188 291.812
178 12.425 0.980476 5.86795 0.97982 298.633 0.999284 296.864
179 12.495 0.989678 5.96615 0.973753 303.617 0.997234 301.962
180 12.565 1.02502 6.069 0.980652 308.692 0.994742 307.105
181 12.635 1.01468 6.17195 0.97638 313.802 0.99224 312.293
182 12.705 1.03229 6.27785 0.979239 318.983 0.990451 317.528
183 12.775 0.980033 6.3795 0.971182 324.179 0.98891 322.813
184 12.845 1.0719 6.4919 0.973817 329.446 0.986796 328.145
185 12.915 1.00937 6.5989 0.971717 334.759 0.984626 333.523
186 12.985 1.04984 6.7114 0.974078 340.143 0.984046 338.956
187 13.055 1.04 6.82405 0.972905 345.578 0.982959 344.443
188 13.125 1.00016 6.93355 0.974114 351.079 0.981457 349.979
189 13.195 1.04651 7.04935 0.974892 356.643 0.980323 355.568
190 13.265 1.07082 7.1691 0.970776 362.243 0.980488 361.218
191 13.335 1.04589 7.2873 0.975073 367.927 0.979423 366.922
192 13.405 1.0617 7.40855 0.978646 373.691 0.978774 372.681
193 13.475 1.01431 7.5256 0.978031 379.513 0.979836 378.507
194 13.545 1.08704 7.65235 0.983835 385.43 0.979939 384.395
195 13.615 1.08226 7.77985 0.982665 391.401 0.979178 390.339
196 13.685 1.06743 7.9069 0.984264 397.443 0.980018 396.349
197 13.755 1.08154 8.03695 0.983329 403.542 0.979754 402.419
198 13.825 1.06568 8.1664 0.984668 409.711 0.980978 408.559
199 13.895 1.07942 8.29885 0.987179 415.959 0.981275 414.763
200 13.965 1.08274 8.43305 0.992457 422.304 0.982537 421.038
3400000 200
1 0.035 0 0 0 0 0 0
2 0.105 0 0 0 0 0 0
3 0.175 0 0 0 0 0 0
4 0.245 0 0 0 0 0 0
5 0.315 0 0 0 0 0 0
6 0.385 0 0 0 0 0 0
7 0.455 0 0 0 0 0 0
8 0.525 0 0 0 0 0 0
9 0.595 0 0 0 0 0 0
10 0.665 0 0 0 0 0 0
11 0.735 0 0 0 0 0 0
12 0.805 0 0 0 0 0 0
13 0.875 0 0 0 0 0 0
14 0.945 0 0 0 0 0 0
15 1.015 0 0 0 0 0 0
16 1.085 0 0 0 0 0 0
17 1.155 0 0 0 0 0 0
18 1.225 0 0 0 0 0 0
19 1.295 0 0 0 0 0 0
20 1.365 0 0 0 0 0 0
21 1.435 0 0 0 0 0 0
22 1.505 0 0 0 0 0 0
23 1.575 0 0 0 0 0 0
24 1.645 0 0 0 0 0 0
25 1.715 0 0 0 0 0 0
26 1.785 0 0 0 0 0 0
27 1.855 0 0 0 0 0 0
28 1.925 0 0 0 0 0 0
29 1.995 0 0 0 0 0 0
30 2.065 0 0 0 0 0 0
31 2.135 0 0 0 0 0 0
32 2.205 0 0 0 0 0 0
33 2.275 0 0 0 0 0 0
34 2.345 0 0 0 0 0 0
35 2.415 0 0 0 0 0 0
36 2.485 0 0 0 0 0 0
37 2.555 0 0 0 0 0 0
38 2.625 0 0 0 0 0 0
39 2.695 0 0 0 0 0 0
40 2.765 0 0 0 0 0 0
41 2.835 0 0 0 0 0 0
42 2.905 0 0 0 0 0 0
43 2.975 0 0 0 0 7.04104e-06 2.04082e-06
44 3.045 0 0 0.000164498 5e-05 0.000235237 7.34694e-05
45 3.115 0 0 0.00337954 0.001125 0.00214829 0.000756122
46 3.185 0 0 0.0158624 0.0064 0.0102315 0.0041551
47 3.255 0.0742519 0.0005 0.0489456 0.0234 0.0344704 0.0161153
48 3.325 0.185012 0.0018 0.114438 0.064875 0.0850225 0.046898
49 3.395 0.341272 0.0043 0.222513 0.14895 0.167544 0.110139
50 3.465 0.537302 0.0084 0.367266 0.2935 0.276381 0.218807
51 3.535 0.812125 0.01485 0.508731 0.5019 0.397697 0.381556
52 3.605 1.05935 0.0236 0.647489 0.77775 0.5161 0.601206
53 3.675 1.13588 0.03335 0.763436 1.11575 0.614441 0.872963
54 3.745 1.23405 0.04435 0.842991 1.50332 0.688366 1.18912
55 3.815 1.15675 0.05505 0.890834 1.92835 0.733754 1.53885
56 3.885 1.49073 0.06935 0.941382 2.39412 0.749295 1.9092
57 3.955 1.22216 0.0815 0.95867 2.8857 0.749359 2.29306
58 4.025 1.5685 0.09765 0.95113 3.39083 0.745765 2.68872
59 4.095 1.44966 0.1131 0.98961 3.93482 0.744696 3.09767
60 4.165 1.49658 0.1296 1.0012 4.50417 0.752902 3.52538
61 4.235 1.49138 0.1466 1.03225 5.11107 0.768362 3.97667
62 4.305 1.44752 0.16365 1.02833 5.73583 0.790809 4.45662
63 4.375 1.54543 0.18245 1.0543 6.39735 0.814772 4.96733
64 4.445 1.43343 0.20045 1.06547 7.08745 0.83747 5.5092
65 4.515 1.21952 0.21625 1.07557 7.8062 0.864661 6.08642
66 4.585 1.2387 0.2328 1.093 8.55943 0.888612 6.69817
67 4.655 1.36874 0.25165 1.10613 9.34515 0.913182 7.34618
68 4.725 1.1241 0.2676 1.11794 10.1633 0.944167 8.03647
69 4.795 1.26945 0.28615 1.12534 11.0115 0.975783 8.77117
70 4.865 1.28636 0.3055 1.15683 11.909 1.00602 9.55091
71 4.935 1.09508 0.32245 1.17037 12.8434 1.03449 10.376
72 5.005 1.15888 0.3409 1.18651 13.8178 1.05599 11.2422
73 5.075 1.22487 0.36095 1.17814 14.8124 1.06862 12.1435
74 5.145 1.09072 0.3793 1.19545 15.8498 1.07887 13.0788
75 5.215 1.14553 0.3991 1.1719 16.8946 1.08307 14.0434
76 5.285 1.0675 0.41805 1.1839 17.9786 1.08737 15.038
77 5.355 1.14129 0.43885 1.17954 19.0874 1.09393 16.0652
78 5.425 1.09866 0.4594 1.18752 20.233 1.1072 17.1323
79 5.495 1.07866 0.4801 1.1914 21.4123 1.11815 18.238
80 5.565 1.07456 0.50125 1.18545 22.6158 1.13161 19.3856
81 5.635 1.05051 0.52245 1.18534 23.8496 1.14428 20.5755
82 5.705 0.988627 0.5429 1.16909 25.097 1.1549 21.8064
83 5.775 1.07804 0.56575 1.17208 26.3783 1.16451 23.0782
84 5.845 1.02243 0.58795 1.16909 27.6876 1.16955 24.3867
85 5.915 0.888195 0.6077 1.17055 29.0302 1.1738 25.7316
86 5.985 1.00152 0.6305 1.1587 30.3908 1.17599 27.1111
87 6.055 0.976347 0.65325 1.14773 31.7701 1.1722 28.5184
88 6.125 0.966741 0.6763 1.13383 33.1645 1.16796 29.9533
89 6.195 0.953217 0.69955 1.12407 34.5787 1.16019 31.4114
90 6.265 0.946066 0.72315 1.11113 36.0083 1.15325 32.8938
91 6.335 0.886067 0.74575 1.09952 37.4548 1.14177 34.3943
92 6.405 0.874477 0.76855 1.09033 38.9211 1.13338 35.9169
93 6.475 0.941989 0.79365 1.06786 40.3887 1.12087 37.4558
94 6.545 0.863178 0.81715 1.05436 41.8693 1.11189 39.0156
95 6.615 0.839613 0.8405 1.0322 43.3499 1.10388 40.5974
96 6.685 0.802757 0.8633 1.02502 44.8515 1.09451 42.1992
97 6.755 0.912068 0.88975 1.01431 46.3687 1.08581 43.8217
98 6.825 0.825897 0.9142 1.00889 47.9093 1.07679 45.4642
99 6.895 0.873751 0.9406 0.998967 49.4661 1.07148 47.1323
100 6.965 0.762216 0.9641 0.993609 51.0461 1.06199 48.8194
101 7.035 0.809118 0.98955 0.974643 52.6274 1.05371 50.5272
102 7.105 0.855592 1.017 0.966546 54.2268 1.04217 52.25
103 7.175 0.835923 1.04435 0.957734 55.8431 1.03418 53.9935
104 7.245 0.827342 1.07195 0.947424 57.4733 1.02249 55.7511
105 7.315 0.857161 1.1011 0.941806 59.1253 1.01327 57.5266
106 7.385 0.894362 1.1321 0.932735 60.7928 1.00147 59.3152
107 7.455 0.917281 1.1645 0.928612 62.4846 0.992701 61.1219
108 7.525 0.857225 1.19535 0.926406 64.2043 0.982779 62.9443
109 7.595 0.893323 1.2281 0.917142 65.9385 0.970619 64.7778
110 7.665 0.899846 1.2617 0.915343 67.7014 0.961676 66.6281
111 7.735 0.882318 1.29525 0.910807 69.4877 0.954566 68.4983
112 7.805 0.878185 1.32925 0.899739 71.2845 0.946736 70.387
113 7.875 0.905775 1.36495 0.903232 73.1207 0.941041 72.2981
114 7.945 0.901101 1.4011 0.904664 74.9926 0.937514 74.236
115 8.015 0.94054 1.4395 0.8992 76.8862 0.934542 76.202
116 8.085 0.894236 1.47665 0.899984 78.8147 0.931318 78.1956
117 8.155 0.828082 1.51165 0.896916 80.77 0.927047 80.2146
118 8.225 0.953598 1.55265 0.903551 82.7738 0.926602 82.2673
119 8.295 0.89984 1.592 0.912694 84.8324 0.923481 84.3482
120 8.365 0.986032 1.63585 0.911608 86.9234 0.924257 86.466
121 8.435 0.93214 1.678 0.917593 89.0635 0.923065 88.6167
122 8.505 0.947312 1.72155 0.923447 91.2532 0.924687 90.8071
123 8.575 0.964007 1.7666 0.927807 93.4896 0.925361 93.0353
124 8.645 1.05688 1.8168 0.931557 95.7718 0.927105 95.3043
125 8.715 0.943642 1.86235 0.939115 98.1099 0.929309 97.6157
126 8.785 1.03468 1.9131 0.949921 100.513 0.932386 99.9721
127 8.855 0.99531 1.9627 0.956642 102.972 0.935733 102.375
128 8.925 0.977783 2.0122 0.961217 105.482 0.938533 104.823
129 8.995 0.986933 2.06295 0.971236 108.058 0.942679 107.321
130 9.065 0.999514 2.11515 0.977353 110.691 0.947004 109.869
131 9.135 0.994625 2.1679 0.98262 113.379 0.951487 112.469
132 9.205 0.999982 2.22175 0.986651 116.119 0.955024 115.119
133 9.275 0.98403 2.27555 1.00187 118.944 0.96072 117.826
134 9.345 1.0297 2.3327 1.00438 121.82 0.96612 120.589
135 9.415 0.998472 2.38895 1.01775 124.777 0.970938 123.407
136 9.485 0.996032 2.4459 1.01544 127.772 0.975994 126.282
137 9.555 0.978044 2.50265 1.01618 130.813 0.981385 129.216
138 9.625 0.956227 2.55895 1.02157 133.915 0.985833 132.207
139 9.695 0.973438 2.6171 1.03595 137.107 0.990785 135.257
140 9.765 0.952931 2.67485 1.03076 140.329 0.995291 138.365
141 9.835 1.00448 2.7366 1.03546 143.612 0.999348 141.53
142 9.905 1.03845 2.80135 1.03835 146.952 1.00508 144.759
143 9.975 1.01048 2.86525 1.03895 150.341 1.00727 148.041
144 10.045 0.989432 2.9287 1.04652 153.802 1.01219 151.386
145 10.115 1.04499 2.99665 1.04802 157.317 1.01655 154.792
146 10.185 0.987446 3.06175 1.04764 160.879 1.01975 158.256
147 10.255 1.05406 3.1322 1.05146 164.504 1.02359 161.781
148 10.325 0.997748 3.1998 1.04759 168.165 1.02596 165.363
149 10.395 0.947952 3.2649 1.04831 171.878 1.02789 169
150 10.465 0.996374 3.33425 1.05103 175.652 1.03101 172.698
151 10.535 1.02287 3.4064 1.04697 179.461 1.03202 176.448
152 10.605 0.979335 3.4764 1.04753 183.323 1.03421 180.257
153 10.675 0.994839 3.54845 1.04933 187.242 1.03582 184.123
154 10.745 1.00032 3.62185 1.04887 191.212 1.03688 188.043
155 10.815 1.00423 3.6965 1.04724 195.227 1.03733 192.016
156 10.885 1.02123 3.7734 1.03848 199.261 1.03777 196.043
157 10.955 1.00429 3.85 1.0408 203.355 1.03767 200.121
158 11.025 1.01423 3.92835 1.03663 207.486 1.0383 204.254
159 11.095 0.959292 4.0034 1.03608 211.667 1.03726 208.435
160 11.165 1.01483 4.0838 1.0293 215.873 1.03547 212.662
161 11.235 0.972306 4.1618 1.02965 220.133 1.03523 216.941
162 11.305 0.995391 4.24265 1.02324 224.42 1.03379 221.268
163 11.375 1.02392 4.32685 1.02153 228.753 1.03192 225.64
164 11.445 0.991008 4.40935 1.02049 233.135 1.03192 230.067
165 11.515 0.977809 4.49175 1.01594 237.551 1.02983 234.538
166 11.585 0.960753 4.5737 1.01617 242.021 1.0267 239.051
167 11.655 0.992684 4.6594 1.01419 246.538 1.02585 243.614
168 11.725 0.969421 4.7441 1.01202 251.098 1.02328 248.221
169 11.795 0.991313 4.83175 1.0048 255.681 1.02115 252.873
170 11.865 1.02156 4.92315 1.00605 260.323 1.01942 257.573
171 11.935 0.994151 5.01315 1.00244 265.004 1.01758 262.319
172 12.005 1.02517 5.10705 0.996751 269.713 1.01425 267.106
173 12.075 0.994434 5.1992 0.998263 274.484 1.01188 271.938
174 12.145 1.00487 5.2934 0.99532 279.297 1.00916 276.812
175 12.215 1.00552 5.38875 0.991837 284.148 1.00677 281.731
176 12.285 0.989919 5.4837 0.989935 289.046 1.00524 286.7
177 12.355 0.984918 5.57925 0.98446 293.972 1.00178 291.707
178 12.425 0.971813 5.6746 0.987423 298.969 1.00053 296.765
179 12.495 0.988166 5.77265 0.986341 304.017 0.997699 301.866
180 12.565 1.00061 5.87305 0.980811 309.093 0.995236 307.012
181 12.635 0.942734 5.9687 0.981993 314.232 0.994153 312.209
182 12.705 0.982576 6.0695 0.979659 319.416 0.991871 317.452
183 12.775 1.03354 6.1767 0.975271 324.633 0.991068 322.749
184 12.845 1.01229 6.28285 0.978902 329.928 0.989722 328.096
185 12.915 0.97305 6.386 0.97505 335.259 0.988317 333.495
186 12.985 1.00925 6.49415 0.981319 340.683 0.985892 338.938
187 13.055 1.01784 6.6044 0.97848 346.149 0.985177 344.437
188 13.125 1.02848 6.717 0.976049 351.661 0.984618 349.991
189 13.195 1.02889 6.83085 0.979584 357.252 0.983094 355.596
190 13.265 1.01404 6.94425 0.982279 362.918 0.982822 361.259
191 13.335 1.02289 7.05985 0.981249 368.638 0.982868 366.983
192 13.405 1.05382 7.1802 0.983531 374.431 0.981409 372.758
193 13.475 1.04334 7.3006 0.986553 380.303 0.981611 378.595
194 13.545 1.04845 7.42285 0.98349 386.218 0.981926 384.494
195 13.615 1.01562 7.5425 0.987207 392.217 0.981294 390.451
196 13.685 1.03845 7.6661 0.979206 398.228 0.982266 396.475
197 13.755 1.03372 7.7904 0.986755 404.348 0.982699 402.564
198 13.825 1.0311 7.91565 0.990769 410.556 0.982995 408.716
199 13.895 1.0513 8.04465 0.988195 416.81 0.983738 414.936
200 13.965 1.01255 8.17015 0.994647 423.169 0.984711 421.225
3600000 200
1 0.035 0 0 0 0 0 0
2 0.105 0 0 0 0 0 0
3 0.175 0 0 0 0 0 0
4 0.245 0 0 0 0 0 0
5 0.315 0 0 0 0 0 0
6 0.385 0 0 0 0 0 0
7 0.455 0 0 0 0 0 0
8 0.525 0 0 0 0 0 0
9 0.595 0 0 0 0 0 0
10 0.665 0 0 0 0 0 0
11 0.735 0 0 0 0 0 0
12 0.805 0 0 0 0 0 0
13 0.875 0 0 0 0 0 0
14 0.945 0 0 0 0 0 0
15 1.015 0 0 0 0 0 0
16 1.085 0 0 0 0 0 0
17 1.155 0 0 0 0 0 0
18 1.225 0 0 0 0 0 0
19 1.295 0 0 0 0 0 0
20 1.365 0 0 0 0 0 0
21 1.435 0 0 0 0 0 0
22 1.505 0 0 0 0 0 0
23 1.575 0 0 0 0 0 0
24 1.645 0 0 0 0 0 0
25 1.715 0 0 0 0 0 0
26 1.785 0 0 0 0 0 0
27 1.855 0 0 0 0 0 0
28 1.925 0 0 0 0 0 0
29 1.995 0 0 0 0 0 0
30 2.065 0 0 0 0 0 0
31 2.135 0 0 0 0 0 0
32 2.205 0 0 0 0 0 0
33 2.275 0 0 0 0 0 0
34 2.345 0 0 0 0 0 0
35 2.415 0 0 0 0 0 0
36 2.485 0 0 0 0 0 0
37 2.555 0 0 0 0 0 0
38 2.625 0 0 0 0 0 0
39 2.695 0 0 0 0 0 0
40 2.765 0 0 0 0 0 0
41 2.835 0 0 0 0 0 0
42 2.905 0 0 0 0 0 0
43 2.975 0 0 0 0 3.52052e-06 1.02041e-06
44 3.045 0 0 0.000328995 0.0001 0.000198271 6.12245e-05
45 3.115 0.00810759 5e-05 0.0025936 0.000925 0.00209049 0.00072551
46 3.185 0.0155103 0.00015 0.0138326 0.005525 0.0103144 0.00415204
47 3.255 0.0222756 0.0003 0.0491615 0.0226 0.0339617 0.0159357
48 3.325 0.113854 0.0011 0.120094 0.066125 0.0858708 0.0470255
49 3.395 0.273018 0.0031 0.224167 0.150825 0.166666 0.109935
50 3.465 0.45212 0.00655 0.357928 0.2917 0.273503 0.217471
51 3.535 0.610667 0.0114 0.510013 0.500625 0.394126 0.378759
52 3.605 0.853534 0.01845 0.664624 0.783775 0.511343 0.596385
53 3.675 0.93783 0.0265 0.771849 1.1255 0.609993 0.866174
54 3.745 1.03211 0.0357 0.853377 1.51785 0.685366 1.18096
55 3.815 1.18377 0.04665 0.920597 1.95708 0.727363 1.52764
56 3.885 1.2666 0.0588 0.956136 2.43015 0.747278 1.89699
57 3.955 1.35796 0.0723 0.980024 2.93268 0.748674 2.2805
58 4.025 1.41797 0.0869 0.979562 3.4529 0.743201 2.67479
59 4.095 1.37929 0.1016 1.00739 4.00668 0.744716 3.08376
60 4.165 1.30611 0.116 1.01984 4.58663 0.750267 3.50997
61 4.235 1.35101 0.1314 1.03926 5.19765 0.764559 3.95903
62 4.305 1.23952 0.146 1.05767 5.84023 0.78711 4.43674
63 4.375 1.20839 0.1607 1.0741 6.51417 0.811049 4.94511
64 4.445 1.23036 0.17615 1.10021 7.22678 0.84007 5.48867
65 4.515 1.13462 0.19085 1.07968 7.94827 0.865396 6.06638
66 4.585 1.30232 0.20825 1.11452 8.71633 0.888716 6.6782
67 4.655 1.27434 0.2258 1.13186 9.52032 0.916923 7.32886
68 4.725 1.24391 0.24345 1.15326 10.3643 0.946976 8.02121
69 4.795 1.38579 0.2637 1.17417 11.2493 0.980982 8.75982
70 4.865 1.19994 0.28175 1.1992 12.1798 1.01241 9.54452
71 4.935 1.32766 0.3023 1.21255 13.1478 1.03997 10.3739
72 5.005 1.19656 0.32135 1.21957 14.1493 1.06181 11.245
73 5.075 1.176 0.3406 1.22611 15.1845 1.07243 12.1495
74 5.145 1.27499 0.36205 1.22089 16.2439 1.08222 13.0876
75 5.215 1.2786 0.38415 1.20477 17.318 1.08477 14.0537
76 5.285 1.24213 0.4062 1.20173 18.4183 1.08869 15.0495
77 5.355 1.26474 0.42925 1.19712 19.5436 1.09466 16.0775
78 5.425 1.21628 0.452 1.19581 20.6973 1.10363 17.1412
79 5.495 1.07606 0.47265 1.20569 21.8907 1.11761 18.2463
80 5.565 1.14061 0.4951 1.19718 23.1061 1.12895 19.3912
81 5.635 1.12236 0.51775 1.19178 24.3466 1.14234 20.5791
82 5.705 1.17958 0.54215 1.1827 25.6085 1.15433 21.8094
83 5.775 1.17003 0.56695 1.18816 26.9075 1.16274 23.0793
84 5.845 1.06619 0.5901 1.17382 28.2221 1.1701 24.3884
85 5.915 1.20525 0.6169 1.1815 29.5771 1.1729 25.7322
86 5.985 1.16404 0.6434 1.15621 30.9348 1.17424 27.1096
87 6.055 1.04501 0.66775 1.14655 32.3128 1.16971 28.514
88 6.125 1.05901 0.693 1.13137 33.7041 1.16576 29.9462
89 6.195 1.09671 0.71975 1.11842 35.1111 1.15989 31.4039
90 6.265 1.06432 0.7463 1.10527 36.5333 1.15047 32.8827
91 6.335 1.05858 0.7733 1.09268 37.9708 1.14216 34.3837
92 6.405 1.06625 0.8011 1.07133 39.4115 1.13077 35.9028
93 6.475 1.07522 0.82975 1.05378 40.8598 1.11868 37.4387
94 6.545 1.03765 0.858 1.03608 42.3146 1.10888 38.9943
95 6.615 0.983444 0.88535 1.01735 43.774 1.09731 40.5667
96 6.685 0.9788 0.91315 1.00406 45.2449 1.08806 42.159
97 6.755 0.962068 0.94105 0.994875 46.733 1.08156 43.7751
98 6.825 0.932301 0.96865 0.984559 48.2364 1.07294 45.4118
99 6.895 0.996208 0.99875 0.973637 49.7537 1.0659 47.0712
100 6.965 0.903307 1.0266 0.966066 51.29 1.05596 48.7487
101 7.035 0.896548 1.0548 0.954656 52.8388 1.04727 50.4461
102 7.105 0.913255 1.0841 0.954777 54.4188 1.03813 52.1622
103 7.175 0.90622 1.11375 0.937572 56.001 1.029 53.897
104 7.245 0.878301 1.14305 0.934522 57.609 1.01834 55.6474
105 7.315 0.902739 1.17375 0.927682 59.2362 1.00918 57.4158
106 7.385 0.89869 1.2049 0.925491 60.8908 0.998942 59.1999
107 7.455 0.951255 1.2385 0.917524 62.5624 0.988022 60.9981
108 7.525 0.91141 1.2713 0.908224 64.2483 0.97721 62.8102
109 7.595 0.930147 1.3054 0.89895 65.9481 0.969527 64.6416
110 7.665 0.926627 1.34 0.895106 67.6721 0.959783 66.4882
111 7.735 0.937545 1.37565 0.893778 69.425 0.953663 68.3567
112 7.805 0.924678 1.41145 0.894518 71.2113 0.94509 70.2421
113 7.875 0.884209 1.4463 0.887578 73.0157 0.939754 72.1506
114 7.945 0.916058 1.48305 0.887435 74.852 0.935371 74.0841
115 8.015 0.950338 1.52185 0.893668 76.7339 0.932103 76.0449
116 8.085 0.947192 1.5612 0.893182 78.6478 0.930437 78.0366
117 8.155 0.967673 1.6021 0.890873 80.59 0.928519 80.0588
118 8.225 0.943132 1.64265 0.901386 82.5889 0.927272 82.113
119 8.295 1.03362 1.68785 0.903207 84.6262 0.926079 84.1997
120 8.365 0.960173 1.73055 0.910453 86.7145 0.926377 86.3224
121 8.435 1.0018 1.77585 0.924432 88.8706 0.927489 88.4834
122 8.505 0.977765 1.8208 0.92195 91.0567 0.927855 90.6813
123 8.575 1.02499 1.8687 0.925193 93.2868 0.928258 92.9165
124 8.645 0.974776 1.915 0.929945 95.5651 0.931593 95.1965
125 8.715 0.986111 1.9626 0.941194 97.9084 0.933698 97.5188
126 8.785 1.05303 2.01425 0.957303 100.33 0.936119 99.8846
127 8.855 1.01939 2.06505 0.97163 102.828 0.939369 102.297
128 8.925 1.05186 2.1183 0.974477 105.372 0.94406 104.759
129 8.995 1.0268 2.1711 0.979823 107.971 0.947133 107.269
130 9.065 1.06845 2.2269 0.97842 110.607 0.952457 109.832
131 9.135 1.01442 2.2807 0.989438 113.313 0.955512 112.443
132 9.205 1.03434 2.3364 1.00721 116.111 0.961634 115.111
133 9.275 1.04347 2.39345 1.00737 118.952 0.966468 117.834
134 9.345 0.982857 2.448 1.01427 121.855 0.970435 120.609
135 9.415 1.03131 2.5061 1.02099 124.822 0.975337 123.44
136 9.485 1.09572 2.56875 1.0283 127.854 0.981168 126.331
137 9.555 1.09782 2.63245 1.03597 130.955 0.986181 129.279
138 9.625 1.0386 2.6936 1.04138 134.117 0.989494 132.281
139 9.695 1.02031 2.75455 1.0479 137.346 0.99616 135.347
140 9.765 1.03379 2.8172 1.05056 140.63 0.999082 138.467
141 9.835 1.00042 2.8787 1.0485 143.955 1.00311 141.645
142 9.905 1.04005 2.94355 1.05845 147.359 1.00736 144.881
143 9.975 1.03816 3.0092 1.05614 150.803 1.01056 148.174
144 10.045 0.988652 3.0726 1.05755 154.301 1.01505 151.528
145 10.115 0.999622 3.1376 1.05746 157.848 1.01758 154.937
146 10.185 0.96621 3.2013 1.05993 161.452 1.02072 158.405
147 10.255 1.00244 3.2683 1.06162 165.112 1.02301 161.928
148 10.325 1.00734 3.33655 1.05994 168.816 1.02515 165.507
149 10.395 1.05207 3.4088 1.05543 172.555 1.02903 169.148
150 10.465 1.00571 3.4788 1.05986 176.36 1.02965 172.84
151 10.535 0.992392 3.5488 1.05688 180.205 1.03175 176.59
152 10.605 1.01921 3.62165 1.05951 184.111 1.03321 180.396
153 10.675 1.03005 3.69625 1.0548 188.051 1.0332 184.251
154 10.745 0.93899 3.76515 1.04475 192.005 1.03407 188.161
155 10.815 1.02306 3.8412 1.04847 196.025 1.03445 192.123
156 10.885 0.974087 3.91455 1.04532 200.085 1.03503 196.139
157 10.955 0.986589 3.9898 1.04587 204.2 1.03441 200.204
158 11.025 0.98834 4.06615 1.03992 208.343 1.03475 204.323
159 11.095 1.00339 4.14465 1.03954 212.538 1.03376 208.49
160 11.165 0.985167 4.2227 1.02819 216.74 1.03249 212.705
161 11.235 0.977292 4.3011 1.0321 221.01 1.03173 216.97
162 11.305 0.926446 4.37635 1.02679 225.312 1.02985 221.28
163 11.375 0.974665 4.4565 1.024 229.655 1.02808 225.636
164 11.445 0.95437 4.53595 1.01414 234.01 1.0267 230.04
165 11.515 0.990269 4.6194 1.00576 238.381 1.02557 234.493
166 11.585 0.966614 4.70185 1.00599 242.807 1.02382 238.993
167 11.655 0.979363 4.7864 1.00128 247.266 1.02202 243.539
168 11.725 0.987734 4.8727 1.00204 251.782 1.01908 248.127
169 11.795 0.957949 4.9574 0.994877 256.319 1.01658 252.759
170 11.865 0.985798 5.0456 0.998683 260.928 1.01588 257.442
171 11.935 0.941682 5.13085 0.989856 265.55 1.01316 262.168
172 12.005 0.925819 5.21565 0.99048 270.229 1.01131 266.941
173 12.075 1.01548 5.30975 0.983685 274.931 1.00808 271.754
174 12.145 0.973403 5.401 0.982419 279.681 1.006 276.613
175 12.215 0.967024 5.4927 0.986306 284.505 1.00362 281.517
176 12.285 0.944046 5.58325 0.978191 289.344 1.00117 286.465
177 12.355 0.991618 5.67945 0.973688 294.216 0.999831 291.463
178 12.425 0.913209 5.76905 0.975369 299.153 0.997881 296.508
179 12.495 0.947853 5.8631 0.973372 304.134 0.996172 301.601
180 12.565 0.922871 5.9557 0.969078 309.149 0.994103 306.741
181 12.635 0.95604 6.0527 0.970514 314.228 0.992389 311.929
182 12.705 0.94261 6.1494 0.97029 319.363 0.991302 317.169
183 12.775 0.927006 6.24555 0.97363 324.571 0.989876 322.459
184 12.845 0.980824 6.3484 0.974626 329.843 0.989128 327.803
185 12.915 0.923054 6.44625 0.973902 335.168 0.987676 333.198
186 12.985 0.907063 6.54345 0.973399 340.548 0.986608 338.646
187 13.055 0.954139 6.6468 0.974055 345.99 0.985897 344.148
188 13.125 0.96865 6.75285 0.974813 351.494 0.984684 349.703
189 13.195 0.920444 6.8547 0.978445 357.079 0.983815 355.312
190 13.265 0.951889 6.96115 0.976133 362.709 0.9846 360.986
191 13.335 0.957406 7.06935 0.980404 368.424 0.985021 366.722
192 13.405 0.969324 7.18005 0.97921 374.192 0.984429 372.514
193 13.475 0.970111 7.292 0.981345 380.033 0.984131 378.366
194 13.545 0.945102 7.4022 0.984351 385.953 0.983687 384.276
195 13.615 0.960449 7.51535 0.988383 391.959 0.984415 390.252
196 13.685 0.982575 7.6323 0.989077 398.031 0.985089 396.293
197 13.755 0.979669 7.7501 0.991382 404.18 0.984817 402.395
198 13.825 0.984591 7.8697 0.99555 410.417 0.986088 408.567
199 13.895 0.94821 7.98605 0.994207 416.71 0.986352 414.803
200 13.965 0.944779 8.10315 0.997166 423.085 0.987893 421.112
3800000 200
1 0.035 0 0 0 0 0 0
2 0.105 0 0 0 0 0 0
3 0.175 0 0 0 0 0 0
4 0.245 0 0 0 0 0 0
5 0.315 0 0 0 0 0 0
6 0.385 0 0 0 0 0 0
7 0.455 0 0 0 0 0 0
8 0.525 0 0 0 0 0 0
9 0.595 0 0 0 0 0 0
10 0.665 0 0 0 0 0 0
11 0.735 0 0 0 0 0 0
12 0.805 0 0 0 0 0 0
13 0.875 0 0 0 0 0 0
14 0.945 0 0 0 0 0 0
15 1.015 0 0 0 0 0 0
16 1.085 0 0 0 0 0 0
17 1.155 0 0 0 0 0 0
18 1.225 0 0 0 0 0 0
19 1.295 0 0 0 0 0 0
20 1.365 0 0 0 0 0 0
21 1.435 0 0 0 0 0 0
22 1.505 0 0 0 0 0 0
23 1.575 0 0 0 0 0 0
24 1.645 0 0 0 0 0 0
25 1.715 0 0 0 0 0 0
26 1.785 0 0 0 0 0 0
27 1.855 0 0 0 0 0 0
28 1.925 0 0 0 0 0 0
29 1.995 0 0 0 0 0 0
30 2.065 0 0 0 0 0 0
31 2.135 0 0 0 0 0 0
32 2.205 0 0 0 0 0 0
33 2.275 0 0 0 0 0 0
34 2.345 0 0 0 0 0 0
35 2.415 0 0 0 0 0 0
36 2.485 0 0 0 0 0 0
37 2.555 0 0 0 0 0 0
38 2.625 0 0 0 0 0 0
39 2.695 0 0 0 0 0 0
40 2.765 0 0 0 0 0 0
41 2.835 0 0 0 0 0 0
42 2.905 0 0 0 0 0 0
43 2.975 0 0 0 0 1.40821e-05 4.08163e-06
44 3.045 0 0 0.000411244 0.000125 0.000221795 7.14286e-05
45 3.115 0.00810759 5e-05 0.00275079 0.001 0.00188818 0.000671429
46 3.185 0.0232654 0.0002 0.0156369 0.0062 0.00981683 0.00393265
47 3.255 0.0594015 0.0006 0.0485857 0.023075 0.0341175 0.0157704
48 3.325 0.106738 0.00135 0.120094 0.0666 0.0841657 0.0462429
49 3.395 0.279843 0.0034 0.231578 0.1541 0.164792 0.108445
50 3.465 0.543855 0.00755 0.360406 0.29595 0.271437 0.215169
51 3.535 0.723987 0.0133 0.505313 0.50295 0.391246 0.375279
52 3.605 0.732466 0.01935 0.63945 0.775375 0.506119 0.590681
53 3.675 0.908705 0.02715 0.760725 1.11217 0.607081 0.859183
54 3.745 0.98163 0.0359 0.849679 1.50282 0.680883 1.17191
55 3.815 1.16215 0.04665 0.896703 1.93065 0.72078 1.51545
56 3.885 1.20405 0.0582 0.931327 2.39145 0.74133 1.88187
57 3.955 1.16684 0.0698 0.958962 2.88318 0.741393 2.26164
58 4.025 1.45196 0.08475 0.967888 3.3972 0.739634 2.65404
59 4.095 1.25262 0.0981 0.991793 3.9424 0.738248 3.05945
60 4.165 1.21087 0.11145 1.00235 4.5124 0.746416 3.48348
61 4.235 1.2589 0.1258 1.03084 5.11848 0.764222 3.93234
62 4.305 1.20556 0.14 1.06397 5.76488 0.783354 4.40777
63 4.375 1.25771 0.1553 1.06757 6.43473 0.811944 4.91671
64 4.445 1.27814 0.17135 1.09882 7.14642 0.835874 5.45754
65 4.515 1.27355 0.18785 1.10333 7.88373 0.862436 6.03328
66 4.585 1.17508 0.20355 1.10269 8.64362 0.888279 6.6448
67 4.655 1.21625 0.2203 1.12816 9.445 0.914581 7.2938
68 4.725 1.26153 0.2382 1.14516 10.2831 0.945041 7.98473
69 4.795 1.2626 0.25665 1.16014 11.1575 0.978923 8.72179
70 4.865 1.21324 0.2749 1.1809 12.0737 1.01163 9.50589
71 4.935 1.15968 0.29285 1.20074 13.0324 1.03725 10.3331
72 5.005 1.07408 0.30995 1.2137 14.029 1.05932 11.2021
73 5.075 1.15767 0.3289 1.20325 15.0449 1.07539 12.1092
74 5.145 1.12342 0.3478 1.20787 16.093 1.0836 13.0485
75 5.215 1.12528 0.36725 1.20979 17.1716 1.08898 14.0183
76 5.285 1.15763 0.3878 1.1978 18.2683 1.09166 15.0169
77 5.355 1.16323 0.409 1.20055 19.3968 1.10037 16.0502
78 5.425 1.15212 0.43055 1.19998 20.5546 1.11078 17.1207
79 5.495 1.0474 0.45065 1.21582 21.758 1.12261 18.2308
80 5.565 1.19649 0.4742 1.20648 22.9828 1.13489 19.3818
81 5.635 1.07776 0.49595 1.19368 24.2253 1.14962 20.5772
82 5.705 1.10949 0.5189 1.19638 25.5018 1.16052 21.8141
83 5.775 1.04737 0.5411 1.19154 26.8044 1.16799 23.0897
84 5.845 1.11915 0.5654 1.18376 28.1302 1.17408 24.4033
85 5.915 1.01187 0.5879 1.18232 29.4862 1.17898 25.7541
86 5.985 0.988337 0.6104 1.17327 30.8639 1.17858 27.1366
87 6.055 0.98493 0.63335 1.16271 32.2613 1.17529 28.5477
88 6.125 1.04853 0.65835 1.1482 33.6733 1.16944 29.9844
89 6.195 0.979866 0.68225 1.14561 35.1146 1.16447 31.4478
90 6.265 1.01221 0.7075 1.11508 36.5493 1.15619 32.9339
91 6.335 0.946838 0.73165 1.11435 38.0153 1.14697 34.4413
92 6.405 0.889818 0.75485 1.09968 39.4942 1.13388 35.9646
93 6.475 0.987025 0.78115 1.07417 40.9704 1.12293 37.5064
94 6.545 0.969698 0.80755 1.05645 42.4539 1.11179 39.066
95 6.615 0.891752 0.83235 1.04316 43.9503 1.10193 40.645
96 6.685 0.927748 0.8587 1.03799 45.4709 1.09238 42.2437
97 6.755 0.889654 0.8845 1.02284 47.0009 1.08349 43.8627
98 6.825 0.861365 0.91 1.00854 48.5408 1.07457 45.5018
99 6.895 0.943254 0.9385 0.998999 50.0977 1.06865 47.1655
100 6.965 0.861142 0.96505 0.990071 51.6722 1.0583 48.8468
101 7.035 0.92675 0.9942 0.977185 53.2575 1.04929 50.5474
102 7.105 0.830657 1.02085 0.962981 54.8511 1.03817 52.2636
103 7.175 0.843564 1.04845 0.956815 56.4658 1.02827 53.9971
104 7.245 0.923265 1.07925 0.941685 58.0861 1.01764 55.7464
105 7.315 0.886567 1.1094 0.935321 59.7267 1.00671 57.5104
106 7.385 0.869839 1.13955 0.927952 61.3857 0.996 59.2892
107 7.455 0.897463 1.17125 0.924097 63.0693 0.984129 61.0804
108 7.525 0.901684 1.2037 0.916278 64.7701 0.973305 62.8852
109 7.595 0.88514 1.23615 0.911047 66.4929 0.965433 64.7089
110 7.665 0.929305 1.27085 0.903583 68.2331 0.957019 66.5502
111 7.735 0.892837 1.3048 0.90516 70.0084 0.948578 68.4087
112 7.805 0.923386 1.34055 0.890813 71.7873 0.940809 70.2855
113 7.875 0.895626 1.37585 0.894907 73.6066 0.936228 72.1869
114 7.945 0.926028 1.413 0.89205 75.4524 0.929991 74.1093
115 8.015 0.891554 1.4494 0.89197 77.3307 0.927188 76.0598
116 8.085 0.921917 1.4877 0.890814 79.2396 0.925044 78.0399
117 8.155 0.907342 1.52605 0.899634 81.2008 0.92293 80.0499
118 8.225 0.879171 1.56385 0.904554 83.2068 0.920575 82.0893
119 8.295 0.923851 1.60425 0.905102 85.2483 0.921353 84.1654
120 8.365 0.911827 1.6448 0.910442 87.3366 0.921376 86.2766
121 8.435 0.902285 1.6856 0.910615 89.4605 0.921125 88.4228
122 8.505 0.973415 1.73035 0.914285 91.6285 0.922029 90.6069
123 8.575 0.987545 1.7765 0.92594 93.8603 0.923927 92.8316
124 8.645 0.96846 1.8225 0.928312 96.1346 0.926435 95.099
125 8.715 0.920854 1.86695 0.936223 98.4655 0.928685 97.4088
126 8.785 0.991866 1.9156 0.943824 100.853 0.931891 99.764
127 8.855 0.972233 1.96405 0.95175 103.3 0.935939 102.167
128 8.925 0.994573 2.0144 0.961858 105.811 0.939309 104.617
129 8.995 0.975265 2.06455 0.964553 108.37 0.94243 107.115
130 9.065 1.00622 2.1171 0.978884 111.006 0.948306 109.666
131 9.135 0.998396 2.17005 0.98198 113.693 0.952234 112.269
132 9.205 0.999053 2.22385 0.991782 116.447 0.957538 114.925
133 9.275 0.972141 2.277 0.996114 119.256 0.963644 117.64
134 9.345 0.997271 2.33235 1.00389 122.13 0.969006 120.411
135 9.415 1.00557 2.389 1.01301 125.074 0.975792 123.244
136 9.485 1.01265 2.4469 1.01684 128.073 0.980616 126.133
137 9.555 1.01424 2.50575 1.01653 131.115 0.984475 129.076
138 9.625 1.02926 2.56635 1.02609 134.231 0.990454 132.081
139 9.695 1.04626 2.62885 1.02822 137.399 0.994405 135.142
140 9.765 1.02884 2.6912 1.03508 140.634 0.999329 138.262
141 9.835 1.07118 2.75705 1.0423 143.939 1.00434 141.444
142 9.905 1.07854 2.8243 1.04323 147.294 1.00863 144.684
143 9.975 1.11564 2.89485 1.04732 150.71 1.01322 147.986
144 10.045 0.976177 2.95745 1.05022 154.184 1.01636 151.344
145 10.115 0.998853 3.0224 1.05192 157.712 1.02039 154.763
146 10.185 1.04053 3.091 1.05257 161.292 1.02372 158.24
147 10.255 0.992713 3.15735 1.05566 164.931 1.02636 161.775
148 10.325 0.988154 3.2243 1.05836 168.629 1.02961 165.369
149 10.395 1.01858 3.29425 1.06439 172.4 1.03208 169.021
150 10.465 0.986317 3.3629 1.05956 176.203 1.03453 172.732
151 10.535 0.995937 3.43315 1.06019 180.061 1.0369 176.5
152 10.605 1.01431 3.50565 1.05313 183.943 1.03802 180.323
153 10.675 1.00727 3.5786 1.05562 187.886 1.03979 184.203
154 10.745 0.988733 3.65115 1.05313 191.872 1.04073 188.138
155 10.815 0.950416 3.7218 1.04925 195.895 1.04049 192.124
156 10.885 1.0365 3.79985 1.04787 199.965 1.04172 196.165
157 10.955 0.977411 3.8744 1.04593 204.08 1.04068 200.255
158 11.025 0.954683 3.94815 1.04488 208.243 1.04047 204.397
159 11.095 0.978465 4.0247 1.04877 212.475 1.0396 208.588
160 11.165 0.98643 4.10285 1.03604 216.709 1.03743 212.823
161 11.235 0.928677 4.17735 1.03293 220.983 1.03681 217.108
162 11.305 0.980617 4.257 1.02457 225.275 1.03471 221.439
163 11.375 0.956424 4.33565 1.0259 229.627 1.03351 225.818
164 11.445 0.981398 4.41735 1.01687 233.993 1.03146 230.242
165 11.515 0.953482 4.4977 1.01564 238.407 1.02872 234.709
166 11.585 0.940236 4.5779 1.01411 242.869 1.02673 239.222
167 11.655 0.935347 4.65865 1.00838 247.359 1.02487 243.781
168 11.725 0.943669 4.7411 1.00787 251.901 1.02253 248.384
169 11.795 0.927412 4.8231 1.01024 256.509 1.01889 253.026
170 11.865 0.920972 4.9055 0.999577 261.121 1.01776 257.718
171 11.935 0.918485 4.98865 0.994359 265.764 1.01387 262.447
172 12.005 0.918177 5.07275 0.993989 270.46 1.01242 267.226
173 12.075 0.945872 5.1604 0.993534 275.209 1.00931 272.045
174 12.145 0.902998 5.24505 0.991152 280.002 1.00699 276.909
175 12.215 0.906387 5.331 0.984405 284.816 1.00399 281.814
176 12.285 0.877321 5.41515 0.988378 289.706 1.00102 286.762
177 12.355 0.904001 5.50285 0.981507 294.617 0.999595 291.758
178 12.425 0.927987 5.5939 0.978393 299.569 0.996714 296.797
179 12.495 0.895951 5.6828 0.981871 304.594 0.994566 301.882
180 12.565 0.923867 5.7755 0.978768 309.659 0.991691 307.009
181 12.635 0.876206 5.8644 0.972577 314.749 0.989643 312.183
182 12.705 0.911417 5.9579 0.977609 319.922 0.987662 317.404
183 12.775 0.907241 6.052 0.97535 325.14 0.986012 322.673
184 12.845 0.885459 6.14485 0.974469 330.41 0.984825 327.994
185 12.915 0.923054 6.2427 0.973011 335.731 0.984008 333.369
186 12.985 0.895398 6.33865 0.971952 341.103 0.982438 338.794
187 13.055 0.920904 6.4384 0.974489 346.547 0.980878 344.268
188 13.125 0.91613 6.5387 0.976934 352.064 0.980472 349.799
189 13.195 0.923607 6.6409 0.972921 357.617 0.979923 355.386
190 13.265 0.945629 6.74665 0.977156 363.253 0.979302 361.029
191 13.335 0.933958 6.8522 0.978268 368.955 0.979444 366.733
192 13.405 0.947433 6.9604 0.978782 374.721 0.978723 372.492
193 13.475 0.958413 7.071 0.980845 380.559 0.978472 378.31
194 13.545 0.973832 7.18455 0.983191 386.472 0.978837 384.191
195 13.615 0.980821 7.3001 0.981484 392.436 0.979881 390.139
196 13.685 0.949388 7.4131 0.985412 398.486 0.979655 396.147
197 13.755 0.971768 7.52995 0.986432 404.604 0.981315 402.227
198 13.825 0.995293 7.65085 0.986125 410.782 0.98213 408.374
199 13.895 0.975918 7.7706 0.991671 417.058 0.982638 414.587
200 13.965 0.946796 7.88795 0.994585 423.417 0.983985 420.871
4000000 200
1 0.035 0 0 0 0 0 0
2 0.105 0 0 0 0 0 0
3 0.175 0 0 0 0 0 0
4 0.245 0 0 0 0 0 0
5 0.315 0 0 0 0 0 0
6 0.385 0 0 0 0 0 0
7 0.455 0 0 0 0 0 0
8 0.525 0 0 0 0 0 0
9 0.595 0 0 0 0 0 0
10 0.665 0 0 0 0 0 0
11 0.735 0 0 0 0 0 0
12 0.805 0 0 0 0 0 0
13 0.875 0 0 0 0 0 0
14 0.945 0 0 0 0 0 0
15 1.015 0 0 0 0 0 0
16 1.085 0 0 0 0 0 0
17 1.155 0 0 0 0 0 0
18 1.225 0 0 0 0 0 0
19 1.295 0 0 0 0 0 0
20 1.365 0 0 0 0 0 0
21 1.435 0 0 0 0 0 0
22 1.505 0 0 0 0 0 0
23 1.575 0 0 0 0 0 0
24 1.645 0 0 0 0 0 0
25 1.715 0 0 0 0 0 0
26 1.785 0 0 0 0 0 0
27 1.855 0 0 0 0 0 0
28 1.925 0 0 0 0 0 0
29 1.995 0 0 0 0 0 0
30 2.065 0 0 0 0 0 0
31 2.135 0 0 0 0 0 0
32 2.205 0 0 0 0 0 0
33 2.275 0 0 0 0 0 0
34 2.345 0 0 0 0 0 0
35 2.415 0 0 0 0 0 0
36 2.485 0 0 0 0 0 0
37 2.555 0 0 0 0 0 0
38 2.625 0 0 0 0 0 0
39 2.695 0 0 0 0 0 0
40 2.765 0 0 0 0 0 0
41 2.835 0 0 0 0 0 0
42 2.905 0 0 0 0 0 0
43 2.975 0 0 0 0 3.52052e-06 1.02041e-06
44 3.045 0 0 8.22488e-05 2.5e-05 0.000218434 6.73469e-05
45 3.115 0 0 0.00314376 0.001025 0.00189782 0.000670408
46 3.185 0.0155103 0.0001 0.013156 0.0054 0.0101271 0.00403469
47 3.255 0.0445511 0.0004 0.0498094 0.0227 0.0329059 0.015452
48 3.325 0.142317 0.0014 0.120508 0.066375 0.0834329 0.0456592
49 3.395 0.259367 0.0033 0.218675 0.149 0.163751 0.107468
50 3.465 0.439015 0.00665 0.360533 0.2909 0.271471 0.214206
51 3.535 0.692509 0.01215 0.505008 0.497775 0.389967 0.373792
52 3.605 0.98671 0.0203 0.641973 0.771275 0.508095 0.590035
53 3.675 0.97278 0.02865 0.750787 1.10367 0.608742 0.859271
54 3.745 1.29014 0.04015 0.827222 1.484 0.680232 1.1717
55 3.815 1.39458 0.05305 0.896598 1.91178 0.72507 1.51728
56 3.885 1.39169 0.0664 0.929104 2.37147 0.742034 1.88405
57 3.955 1.64966 0.0828 0.953453 2.86038 0.745122 2.26573
58 4.025 1.37426 0.09695 0.973725 3.3775 0.741551 2.65915
59 4.095 1.4262 0.11215 0.979514 3.91595 0.741271 3.06622
60 4.165 1.39681 0.12755 1.00389 4.48683 0.748575 3.49148
61 4.235 1.46506 0.14425 1.00912 5.08013 0.766039 3.9414
62 4.305 1.21829 0.1586 1.04101 5.71258 0.790676 4.42128
63 4.375 1.22072 0.17345 1.05793 6.37638 0.815399 4.93238
64 4.445 1.36972 0.19065 1.07983 7.07578 0.839342 5.47546
65 4.515 1.25811 0.20695 1.097 7.80885 0.861989 6.0509
66 4.585 1.30606 0.2244 1.10969 8.57358 0.887044 6.66157
67 4.655 1.21625 0.24115 1.13225 9.37785 0.914561 7.31055
68 4.725 1.21924 0.25845 1.1452 10.216 0.942306 7.99948
69 4.795 1.41316 0.2791 1.16113 11.0911 0.975128 8.73369
70 4.865 1.25312 0.29795 1.17262 12.0009 1.00663 9.51391
71 4.935 1.2146 0.31675 1.2045 12.9626 1.03635 10.3404
72 5.005 1.16516 0.3353 1.21504 13.9603 1.05596 11.2067
73 5.075 1.16073 0.3543 1.20014 14.9736 1.07335 12.112
74 5.145 1.18583 0.37425 1.20746 16.0214 1.07939 13.0477
75 5.215 1.14553 0.39405 1.19905 17.0903 1.08529 14.0142
76 5.285 1.06469 0.41295 1.19092 18.1808 1.0887 15.01
77 5.355 1.18518 0.43455 1.19826 19.3071 1.09677 16.04
78 5.425 0.994405 0.45315 1.19057 20.4558 1.10777 17.1076
79 5.495 1.05521 0.4734 1.19814 21.6417 1.11874 18.2139
80 5.565 1.05678 0.4942 1.19927 22.8592 1.13649 19.3665
81 5.635 1.14465 0.5173 1.19046 24.0984 1.14734 20.5595
82 5.705 1.17475 0.5416 1.19573 25.3741 1.15917 21.795
83 5.775 1.06388 0.56415 1.18928 26.6743 1.1687 23.0714
84 5.845 1.10073 0.58805 1.18427 28.0006 1.17531 24.3863
85 5.915 1.1243 0.61305 1.18261 29.357 1.17815 25.7362
86 5.985 1.02348 0.63635 1.18108 30.7438 1.17637 27.1161
87 6.055 1.0021 0.6597 1.15709 32.1345 1.17387 28.5254
88 6.125 0.977226 0.683 1.1473 33.5454 1.17021 29.9631
89 6.195 0.951167 0.7062 1.13025 34.9674 1.16418 31.4262
90 6.265 0.982145 0.7307 1.12178 36.4107 1.15568 32.9117
91 6.335 1.01153 0.7565 1.1015 37.8598 1.14498 34.4164
92 6.405 0.956938 0.78145 1.07716 39.3084 1.13485 35.941
93 6.475 0.934483 0.80635 1.06995 40.7789 1.12305 37.4829
94 6.545 0.879707 0.8303 1.05184 42.2559 1.11063 39.0409
95 6.615 0.904337 0.85545 1.03682 43.7431 1.10421 40.6232
96 6.685 0.901341 0.88105 1.02807 45.2492 1.09136 42.2204
97 6.755 0.86724 0.9062 1.0151 46.7676 1.08509 43.8418
98 6.825 0.849542 0.93135 0.997035 48.29 1.077 45.4846
99 6.895 0.875406 0.9578 0.995582 49.8416 1.06992 47.1503
100 6.965 0.882224 0.985 0.986408 51.4102 1.06063 48.8353
101 7.035 0.855217 1.0119 0.968802 52.982 1.05129 50.5391
102 7.105 0.945982 1.04225 0.963902 54.577 1.04185 52.2614
103 7.175 0.912332 1.0721 0.955615 56.1897 1.03135 54.0001
104 7.245 0.89179 1.10185 0.943225 57.8127 1.02253 55.7578
105 7.315 0.829226 1.13005 0.937288 59.4568 1.00952 57.5267
106 7.385 0.91023 1.1616 0.935224 61.1288 0.998955 59.3108
107 7.455 0.896048 1.19325 0.916906 62.7992 0.986904 61.107
108 7.525 0.907242 1.2259 0.922702 64.512 0.977715 62.92
109 7.595 0.889232 1.2585 0.908469 66.2298 0.969067 64.7506
110 7.665 0.926627 1.2931 0.902505 67.968 0.959901 66.5974
111 7.735 0.878373 1.3265 0.897857 69.7289 0.951693 68.462
112 7.805 0.92726 1.3624 0.891 71.5082 0.945841 70.3489
113 7.875 0.948907 1.3998 0.89348 73.3246 0.939559 72.257
114 7.945 0.877421 1.435 0.896327 75.1793 0.935405 74.1906
115 8.015 0.993201 1.47555 0.905694 77.0866 0.930505 76.1481
116 8.085 0.998944 1.51705 0.892039 78.998 0.9272 78.1329
117 8.155 0.975954 1.5583 0.897444 80.9545 0.925012 80.1474
118 8.225 0.989649 1.60085 0.901274 82.9532 0.925225 82.1971
119 8.295 1.02333 1.6456 0.900358 84.984 0.923137 84.2772
120 8.365 0.99053 1.68965 0.903881 87.0573 0.924236 86.395
121 8.435 1.06041 1.7376 0.912866 89.1864 0.922244 88.5438
122 8.505 1.01257 1.78415 0.917743 91.3625 0.923237 90.7307
123 8.575 1.13199 1.83705 0.923824 93.5893 0.925607 92.9595
124 8.645 1.06004 1.8874 0.934792 95.8795 0.926785 95.2277
125 8.715 1.11248 1.9411 0.931795 98.1994 0.929352 97.5392
126 8.785 1.12744 1.9964 0.940198 100.578 0.93334 99.898
127 8.855 1.13176 2.0528 0.952576 103.026 0.934468 102.298
128 8.925 1.15951 2.1115 0.957502 105.527 0.940362 104.75
129 8.995 1.11237 2.1687 0.954383 108.058 0.943481 107.25
130 9.065 1.06845 2.2245 0.967404 110.664 0.947509 109.8
131 9.135 1.17187 2.28665 0.975254 113.332 0.952406 112.403
132 9.205 1.18289 2.35035 0.980441 116.055 0.957532 115.06
133 9.275 1.1395 2.41265 0.989661 118.846 0.963031 117.773
134 9.345 1.1261 2.47515 0.992295 121.686 0.967312 120.539
135 9.415 1.17065 2.5411 0.997348 124.584 0.971712 123.36
136 9.485 1.18579 2.6089 1.00126 127.537 0.97662 126.237
137 9.555 1.12798 2.67435 1.00606 130.548 0.982558 129.174
138 9.625 1.17193 2.74335 1.0135 133.626 0.987301 132.17
139 9.695 1.19608 2.8148 1.02557 136.786 0.9926 135.225
140 9.765 1.11794 2.88255 1.02352 139.985 0.99816 138.342
141 9.835 1.11835 2.9513 1.0251 143.236 1.00082 141.512
142 9.905 1.19883 3.02605 1.0374 146.572 1.00562 144.743
143 9.975 1.15597 3.09915 1.03733 149.956 1.0103 148.035
144 10.045 1.12432 3.17125 1.03558 153.381 1.0143 151.386
145 10.115 1.16418 3.24695 1.04165 156.874 1.01831 154.798
146 10.185 1.07087 3.31755 1.04392 160.424 1.02155 158.268
147 10.255 1.12064 3.39245 1.04848 164.039 1.02426 161.796
148 10.325 1.10033 3.467 1.04867 167.703 1.02825 165.385
149 10.395 1.08629 3.5416 1.04094 171.391 1.03027 169.031
150 10.465 1.07899 3.6167 1.04834 175.154 1.03349 172.737
151 10.535 1.06824 3.69205 1.04692 178.963 1.03402 176.495
152 10.605 1.10595 3.7711 1.04991 182.834 1.0375 180.317
153 10.675 1.02176 3.8451 1.05158 186.762 1.03748 184.188
154 10.745 1.05824 3.92275 1.04811 190.729 1.03925 188.117
155 10.815 1.10646 4.005 1.04485 194.735 1.03938 192.098
156 10.885 1.03982 4.0833 1.0453 198.795 1.03809 196.126
157 10.955 1.06329 4.1644 1.04255 202.896 1.03912 200.21
158 11.025 1.04789 4.24535 1.03723 207.029 1.03887 204.345
159 11.095 1.03534 4.32635 1.03391 211.201 1.03873 208.532
160 11.165 1.0243 4.4075 1.02962 215.409 1.03861 212.772
161 11.235 1.07016 4.49335 1.0278 219.661 1.03655 217.057
162 11.305 1.02802 4.57685 1.02993 223.976 1.03467 221.387
163 11.375 0.972233 4.6568 1.02722 228.333 1.03302 225.764
164 11.445 1.01623 4.7414 1.02303 232.726 1.03207 230.191
165 11.515 0.984336 4.82435 1.01613 237.143 1.0297 234.662
166 11.585 1.01527 4.91095 1.01017 241.587 1.02735 239.178
167 11.655 0.960251 4.99385 1.01429 246.104 1.02613 243.742
168 11.725 1.00834 5.08195 1.00571 250.636 1.02368 248.351
169 11.795 0.952294 5.16615 1.00555 255.222 1.02089 253.002
170 11.865 0.967915 5.25275 1.0023 259.847 1.01693 257.69
171 11.935 0.906334 5.3348 0.998428 264.509 1.01637 262.431
172 12.005 0.97222 5.42385 0.999863 269.233 1.01184 267.206
173 12.075 0.971232 5.51385 1.00004 274.013 1.01055 272.032
174 12.145 0.952601 5.60315 0.992931 278.814 1.00738 276.897
175 12.215 0.938024 5.6921 0.989659 283.654 1.0053 281.809
176 12.285 0.940918 5.78235 0.992764 288.566 1.00273 286.765
177 12.355 0.96791 5.87625 0.981962 293.479 0.999913 291.764
178 12.425 0.969265 5.97135 0.982686 298.452 0.997238 296.805
179 12.495 0.940295 6.06465 0.982296 303.48 0.9955 301.895
180 12.565 0.940312 6.159 0.980207 308.552 0.99371 307.032
181 12.635 0.97181 6.2576 0.98098 313.686 0.991551 312.216
182 12.705 0.938224 6.35385 0.978695 318.865 0.989241 317.445
183 12.775 0.916882 6.44895 0.98029 324.109 0.987939 322.725
184 12.845 0.932665 6.54675 0.980279 329.411 0.986388 328.055
185 12.915 0.91645 6.6439 0.97895 334.764 0.984924 333.434
186 12.985 0.96632 6.74745 0.977416 340.166 0.98422 338.869
187 13.055 0.907979 6.8458 0.97891 345.635 0.982444 344.352
188 13.125 0.944902 6.94925 0.982025 351.181 0.981103 349.887
189 13.195 0.939874 7.05325 0.983618 356.794 0.980922 355.479
190 13.265 0.951442 7.15965 0.981972 362.459 0.979937 361.126
191 13.335 1.00076 7.27275 0.982171 368.184 0.98017 366.834
192 13.405 0.967573 7.38325 0.980356 373.959 0.979874 372.6
193 13.475 0.923751 7.48985 0.988191 379.84 0.980116 378.428
194 13.545 0.953678 7.60105 0.984397 385.761 0.980384 384.318
195 13.615 0.943048 7.71215 0.981994 391.728 0.979671 390.265
196 13.685 0.944767 7.8246 0.991924 397.817 0.981656 396.285
197 13.755 0.964699 7.9406 0.988069 403.945 0.981918 402.369
198 13.825 0.967715 8.05815 0.989636 410.146 0.982276 408.517
199 13.895 0.979586 8.17835 0.995036 416.444 0.983366 414.734
200 13.965 0.976244 8.29935 0.993146 422.793 0.983838 421.017
4200000 200
1 0.035 0 0 0 0 0 0
2 0.105 0 0 0 0 0 0
3 0.175 0 0 0 0 0 0
4 0.245 0 0 0 0 0 0
5 0.315 0 0 0 0 0 0
6 0.385 0 0 0 0 0 0
7 0.455 0 0 0 0 0 0
8 0.525 0 0 0 0 0 0
9 0.595 0 0 0 0 0 0
10 0.665 0 0 0 0 0 0
11 0.735 0 0 0 0 0 0
12 0.805 0 0 0 0 0 0
13 0.875 0 0 0 0 0 0
14 0.945 0 0 0 0 0 0
15 1.015 0 0 0 0 0 0
16 1.085 0 0 0 0 0 0
17 1.155 0 0 0 0 0 0
18 1.225 0 0 0 0 0 0
19 1.295 0 0 0 0 0 0
20 1.365 0 0 0 0 0 0
21 1.435 0 0 0 0 0 0
22 1.505 0 0 0 0 0 0
23 1.575 0 0 0 0 0 0
24 1.645 0 0 0 0 0 0
25 1.715 0 0 0 0 0 0
26 1.785 0 0 0 0 0 0
27 1.855 0 0 0 0 0 0
28 1.925 0 0 0 0 0 0
29 1.995 0 0 0 0 0 0
30 2.065 0 0 0 0 0 0
31 2.135 0 0 0 0 0 0
32 2.205 0 0 0 0 0 0
33 2.275 0 0 0 0 0 0
34 2.345 0 0 0 0 0 0
35 2.415 0 0 0 0 0 0
36 2.485 0 0 0 0 0 0
37 2.555 0 0 0 0 0 0
38 2.625 0 0 0 0 0 0
39 2.695 0 0 0 0 0 0
40 2.765 0 0 0 0 0 0
41 2.835 0 0 0 0 0 0
42 2.905 0 0 0 0 0 0
43 2.975 0 0 0 0 3.52052e-06 1.02041e-06
44 3.045 0 0 0.000328995 0.0001 0.000201631 6.22449e-05
45 3.115 0 0 0.0025936 0.000925 0.0017212 0.000609184
46 3.185 0.0155103 0.0001 0.0142837 0.005675 0.00956189 0.00378571
47 3.255 0.0519763 0.00045 0.0439791 0.02095 0.0333117 0.0153439
48 3.325 0.149433 0.0015 0.109472 0.060625 0.081801 0.0449602
49 3.395 0.334447 0.00395 0.229394 0.1473 0.161613 0.105962
50 3.465 0.445568 0.00735 0.362438 0.28995 0.268365 0.211479
51 3.535 0.654736 0.01255 0.502201 0.495675 0.390431 0.371254
52 3.605 0.877748 0.0198 0.628124 0.763275 0.508003 0.587458
53 3.675 0.966955 0.0281 0.756264 1.0981 0.607436 0.856117
54 3.745 0.992849 0.03695 0.84087 1.4847 0.679321 1.16812
55 3.815 1.32431 0.0492 0.884179 1.90655 0.726845 1.51456
56 3.885 1.41775 0.0628 0.930973 2.36717 0.747437 1.88399
57 3.955 1.44849 0.0772 0.952868 2.85578 0.747407 2.26685
58 4.025 1.45682 0.0922 0.959462 3.36533 0.742782 2.66092
59 4.095 1.41213 0.10725 0.985108 3.90685 0.743215 3.06906
60 4.165 1.44216 0.12315 1.00498 4.47835 0.755629 3.49832
61 4.235 1.44313 0.1396 1.02085 5.07855 0.769237 3.95012
62 4.305 1.24376 0.15425 1.03545 5.70763 0.794856 4.43253
63 4.375 1.51255 0.17265 1.05402 6.36898 0.817342 4.94486
64 4.445 1.25823 0.18845 1.07864 7.0676 0.843281 5.49049
65 4.515 1.30442 0.20535 1.08791 7.7946 0.868246 6.0701
66 4.585 1.336 0.2232 1.11328 8.5618 0.890074 6.68286
67 4.655 1.21988 0.24 1.11437 9.35338 0.916229 7.33302
68 4.725 1.26858 0.258 1.13369 10.1831 0.947212 8.02554
69 4.795 1.35157 0.27775 1.16408 11.0605 0.977331 8.76141
70 4.865 1.18 0.2955 1.1848 11.9797 1.00798 9.54267
71 4.935 1.21137 0.31425 1.19865 12.9366 1.03611 10.369
72 5.005 1.24367 0.33405 1.20654 13.9274 1.05836 11.2372
73 5.075 1.20349 0.35375 1.21468 14.953 1.07217 12.1415
74 5.145 1.22149 0.3743 1.20553 15.9991 1.07936 13.0772
75 5.215 1.25835 0.39605 1.20474 17.0731 1.08632 14.0447
76 5.285 1.20552 0.41745 1.21274 18.1835 1.08824 15.0401
77 5.355 1.18792 0.4391 1.20972 19.3207 1.09517 16.0685
78 5.425 1.07193 0.45915 1.2125 20.4905 1.10663 17.135
79 5.495 1.19851 0.48215 1.21059 21.6888 1.11772 18.2403
80 5.565 1.26254 0.507 1.2056 22.9127 1.13244 19.3888
81 5.635 1.1843 0.5309 1.20643 24.1684 1.14392 20.5782
82 5.705 1.21343 0.556 1.19685 25.4454 1.15313 21.8073
83 5.775 1.14644 0.5803 1.20591 26.7638 1.16192 23.0763
84 5.845 1.14448 0.60515 1.18362 28.0894 1.16919 24.3844
85 5.915 1.08607 0.6293 1.17836 29.4408 1.17147 25.7266
86 5.985 1.17502 0.65605 1.1699 30.8145 1.17042 27.0995
87 6.055 1.11583 0.68205 1.17238 32.2236 1.16934 28.5034
88 6.125 1.14918 0.70945 1.1534 33.642 1.16492 29.9346
89 6.195 1.06596 0.73545 1.14557 35.0832 1.15904 31.3912
90 6.265 1.1445 0.764 1.12759 36.5341 1.15253 32.8726
91 6.335 1.0625 0.7911 1.11309 37.9984 1.14393 34.376
92 6.405 1.06433 0.81885 1.08915 39.4631 1.13309 35.8982
93 6.475 1.0452 0.8467 1.07961 40.9469 1.12099 37.4373
94 6.545 1.10377 0.87675 1.06108 42.4369 1.10997 38.9944
95 6.615 1.09132 0.9071 1.04775 43.9398 1.10101 40.5721
96 6.685 0.971758 0.9347 1.03485 45.4558 1.09123 42.1691
97 6.755 1.03621 0.96475 1.01769 46.978 1.08288 43.7872
98 6.825 1.03533 0.9954 1.00663 48.5151 1.07375 45.4251
99 6.895 1.02103 1.02625 0.996801 50.0686 1.06598 47.0846
100 6.965 0.935742 1.0551 0.985387 51.6356 1.05813 48.7656
101 7.035 0.996694 1.08645 0.970128 53.2095 1.04894 50.4656
102 7.105 0.941307 1.11665 0.962558 54.8023 1.04148 52.1873
103 7.175 0.861902 1.14485 0.962178 56.4261 1.02903 53.9221
104 7.245 0.936755 1.1761 0.937733 58.0396 1.01893 55.6736
105 7.315 0.926264 1.2076 0.938614 59.686 1.00881 57.4413
106 7.385 0.952063 1.2406 0.927211 61.3437 0.99887 59.2252
107 7.455 0.956917 1.2744 0.915685 63.0119 0.988056 61.0235
108 7.525 0.935029 1.30805 0.907052 64.6956 0.978253 62.8375
109 7.595 0.941058 1.34255 0.909104 66.4147 0.97144 64.6726
110 7.665 0.968137 1.3787 0.898871 68.1459 0.96144 66.5224
111 7.735 0.963843 1.41535 0.898749 69.9086 0.953703 68.3909
112 7.805 0.942758 1.45185 0.893404 71.6926 0.946555 70.2792
113 7.875 0.945101 1.4891 0.889238 73.5004 0.940861 72.19
114 7.945 0.957187 1.5275 0.895735 75.3538 0.936214 74.1252
115 8.015 1.01647 1.569 0.891994 77.2323 0.932963 76.0879
116 8.085 0.966449 1.60915 0.892039 79.1437 0.92896 78.0764
117 8.155 1.01144 1.6519 0.889394 81.0826 0.926222 80.0936
118 8.225 0.995464 1.6947 0.894104 83.0654 0.926016 82.1451
119 8.295 1.02676 1.7396 0.901478 85.0988 0.924692 84.2286
120 8.365 1.02089 1.785 0.90399 87.1723 0.924273 86.3465
121 8.435 1.03718 1.8319 0.904462 89.2818 0.923274 88.4977
122 8.505 1.0626 1.88075 0.909678 91.4388 0.925952 90.6911
123 8.575 1.0817 1.9313 0.919053 93.6541 0.926373 92.9217
124 8.645 1.10741 1.9839 0.922659 95.9145 0.92872 95.1947
125 8.715 1.07519 2.0358 0.934245 98.2405 0.930235 97.5083
126 8.785 1.14274 2.09185 0.935731 100.608 0.933778 99.8683
127 8.855 1.15283 2.1493 0.945321 103.038 0.937063 102.274
128 8.925 1.12791 2.2064 0.952025 105.524 0.940127 104.727
129 8.995 1.16779 2.26645 0.959595 108.069 0.94531 107.231
130 9.065 1.16418 2.32725 0.972257 110.688 0.948869 109.785
131 9.135 1.11436 2.38635 0.981633 113.373 0.954056 112.392
132 9.205 1.19682 2.4508 0.984914 116.109 0.958657 115.052
133 9.275 1.19529 2.51615 0.994802 118.914 0.96307 117.765
134 9.345 1.16303 2.5807 1.00145 121.781 0.968596 120.535
135 9.415 1.19639 2.6481 0.999938 124.686 0.973126 123.36
136 9.485 1.14469 2.71355 1.00775 127.658 0.978622 126.243
137 9.555 1.17451 2.7817 1.01671 130.701 0.983855 129.184
138 9.625 1.19401 2.852 1.02446 133.812 0.98873 132.184
139 9.695 1.18018 2.9225 1.02718 136.977 0.992913 135.24
140 9.765 1.16167 2.9929 1.02947 140.195 0.99787 138.356
141 9.835 1.13706 3.0628 1.0372 143.484 1.00244 141.531
142 9.905 1.19321 3.1372 1.04603 146.848 1.00553 144.762
143 9.975 1.13541 3.209 1.04465 150.255 1.00963 148.052
144 10.045 1.1212 3.2809 1.04181 153.701 1.01421 151.403
145 10.115 1.1934 3.3585 1.04879 157.219 1.01747 154.812
146 10.185 1.14368 3.4339 1.05064 160.791 1.02052 158.279
147 10.255 1.18048 3.5128 1.04993 164.411 1.02297 161.802
148 10.325 1.20881 3.5947 1.04965 168.079 1.02721 165.388
149 10.395 1.15545 3.67405 1.0475 171.789 1.02946 169.03
150 10.465 1.15729 3.7546 1.05192 175.566 1.03208 172.732
151 10.535 1.14834 3.8356 1.05237 179.395 1.0333 176.487
152 10.605 1.16051 3.91855 1.04715 183.255 1.03621 180.304
153 10.675 1.07907 3.9967 1.0491 187.174 1.03629 184.171
154 10.745 1.17203 4.0827 1.04703 191.137 1.03776 188.094
155 10.815 1.13404 4.167 1.04229 195.133 1.03745 192.068
156 10.885 1.10423 4.25015 1.03801 199.165 1.03773 196.095
157 10.955 1.09279 4.3335 1.03923 203.253 1.03805 200.174
158 11.025 1.14303 4.4218 1.04349 207.411 1.03804 204.306
159 11.095 1.06986 4.5055 1.02936 211.565 1.03635 208.484
160 11.165 1.11896 4.59415 1.03301 215.786 1.03689 212.717
161 11.235 1.10943 4.68315 1.03026 220.049 1.03512 216.995
162 11.305 1.09758 4.7723 1.02218 224.331 1.03226 221.315
163 11.375 1.07499 4.8607 1.0198 228.657 1.03251 225.69
164 11.445 1.0787 4.9505 1.0161 233.02 1.02922 230.105
165 11.515 1.08936 5.0423 1.01384 237.426 1.02743 234.566
166 11.585 1.0692 5.1335 1.01342 241.885 1.02678 239.079
167 11.655 1.0535 5.22445 1.00784 246.373 1.02507 243.639
168 11.725 1.00891 5.3126 1.00063 250.882 1.02117 248.236
169 11.795 1.04051 5.4046 1.00038 255.445 1.02035 252.885
170 11.865 1.05677 5.49915 1.00015 260.06 1.01687 257.573
171 11.935 1.00465 5.5901 0.996227 264.712 1.0149 262.307
172 12.005 1.0017 5.68185 0.991089 269.394 1.01318 267.089
173 12.075 1.01062 5.7755 0.991913 274.135 1.00991 271.911
174 12.145 1.01821 5.87095 0.983117 278.889 1.00811 276.78
175 12.215 1.00024 5.9658 0.986746 283.715 1.00448 281.688
176 12.285 0.960205 6.0579 0.984972 288.588 1.00217 286.641
177 12.355 0.995226 6.15445 0.981677 293.5 0.99995 291.64
178 12.425 0.969775 6.2496 0.978551 298.452 0.999015 296.69
179 12.495 0.94231 6.3431 0.976024 303.447 0.996022 301.782
180 12.565 1.02004 6.44545 0.977174 308.505 0.994093 306.922
181 12.635 0.992015 6.5461 0.974221 313.603 0.992408 312.11
182 12.705 0.9314 6.64165 0.971873 318.745 0.991173 317.349
183 12.775 0.962196 6.74145 0.971911 323.945 0.989271 322.637
184 12.845 0.931711 6.83915 0.970859 329.196 0.987042 327.97
185 12.915 0.957014 6.9406 0.970647 334.503 0.985808 333.354
186 12.985 0.959321 7.0434 0.975769 339.896 0.984643 338.791
187 13.055 0.943984 7.14565 0.971992 345.327 0.985232 344.29
188 13.125 0.956776 7.2504 0.974464 350.83 0.98357 349.838
189 13.195 0.95343 7.3559 0.976754 356.404 0.982731 355.441
190 13.265 0.942499 7.4613 0.978132 362.046 0.982791 361.104
191 13.335 0.907855 7.5639 0.977951 367.747 0.982324 366.825
192 13.405 0.904527 7.6672 0.977445 373.504 0.981758 372.602
193 13.475 0.951047 7.77695 0.977535 379.323 0.981544 378.438
194 13.545 0.97812 7.891 0.978839 385.21 0.980765 384.331
195 13.615 0.946019 8.00245 0.981866 391.176 0.981856 390.291
196 13.685 0.952329 8.1158 0.985893 397.229 0.982231 396.315
197 13.755 0.975926 8.23315 0.98711 403.351 0.983156 402.406
198 13.825 0.944664 8.3479 0.99215 409.567 0.983111 408.559
199 13.895 0.940468 8.4633 0.990553 415.836 0.985334 414.789
200 13.965 0.955671 8.58175 0.997162 422.211 0.984625 421.077
4400000 200
1 0.035 0 0 0 0 0 0
2 0.105 0 0 0 0 0 0
3 0.175 0 0 0 0 0 0
4 0.245 0 0 0 0 0 0
5 0.315 0 0 0 0 0 0
6 0.385 0 0 0 0 0 0
7 0.455 0 0 0 0 0 0
8 0.525 0 0 0 0 0 0
9 0.595 0 0 0 0 0 0
10 0.665 0 0 0 0 0 0
11 0.735 0 0 0 0 0 0
12 0.805 0 0 0 0 0 0
13 0.875 0 0 0 0 0 0
14 0.945 0 0 0 0 0 0
15 1.015 0 0 0 0 0 0
16 1.085 0 0 0 0 0 0
17 1.155 0 0 0 0 0 0
18 1.225 0 0 0 0 0 0
19 1.295 0 0 0 0 0 0
20 1.365 0 0 0 0 0 0
21 1.435 0 0 0 0 0 0
22 1.505 0 0 0 0 0 0
23 1.575 0 0 0 0 0 0
24 1.645 0 0 0 0 0 0
25 1.715 0 0 0 0 0 0
26 1.785 0 0 0 0 0 0
27 1.855 0 0 0 0 0 0
28 1.925 0 0 0 0 0 0
29 1.995 0 0 0 0 0 0
30 2.065 0 0 0 0 0 0
31 2.135 0 0 0 0 0 0
32 2.205 0 0 0 0 0 0
33 2.275 0 0 0 0 0 0
34 2.345 0 0 0 0 0 0
35 2.415 0 0 0 0 0 0
36 2.485 0 0 0 0 0 0
37 2.555 0 0 0 0 0 0
38 2.625 0 0 0 0 0 0
39 2.695 0 0 0 0 0 0
40 2.765 0 0 0 0 0 0
41 2.835 0 0 0 0 0 0
42 2.905 0 0 0 0 0 0
43 2.975 0 0 0 0 1.40821e-05 4.08163e-06
44 3.045 0 0 0.000246747 7.5e-05 0.000174747 5.71429e-05
45 3.115 0 0 0.00235782 0.000825 0.00195562 0.000678571
46 3.185 0 0 0.0154865 0.005975 0.010425 0.00414184
47 3.255 0.0668267 0.00045 0.0467143 0.0222 0.0347028 0.0161827
48 3.325 0.17078 0.00165 0.119267 0.065425 0.0852367 0.0470429
49 3.395 0.3754 0.0044 0.227343 0.151325 0.167296 0.11019
50 3.465 0.537302 0.0085 0.370696 0.297225 0.273649 0.217784
51 3.535 0.862489 0.01535 0.506229 0.5046 0.393241 0.378709
52 3.605 0.908015 0.02285 0.641856 0.77805 0.514597 0.597719
53 3.675 1.18248 0.033 0.763718 1.11617 0.612579 0.868653
54 3.745 1.39111 0.0454 0.838152 1.50152 0.687128 1.18425
55 3.815 1.5081 0.05935 0.897384 1.92967 0.73133 1.53281
56 3.885 1.67837 0.07545 0.931125 2.39037 0.74792 1.90249
57 3.955 1.65469 0.0919 0.949358 2.87718 0.749275 2.2863
58 4.025 1.62678 0.10865 0.980598 3.39795 0.745017 2.68156
59 4.095 1.60448 0.12575 0.989564 3.94192 0.745424 3.09091
60 4.165 1.57368 0.1431 0.990521 4.5052 0.750944 3.51751
61 4.235 1.57472 0.16105 1.02893 5.11015 0.768407 3.96883
62 4.305 1.66401 0.18065 1.04241 5.74345 0.789563 4.44803
63 4.375 1.82081 0.2028 1.05952 6.40825 0.8147 4.95869
64 4.445 1.50112 0.22165 1.06358 7.09713 0.840737 5.50268
65 4.515 1.75981 0.24445 1.0948 7.82873 0.863376 6.07904
66 4.585 1.63164 0.26625 1.09006 8.57992 0.88985 6.69164
67 4.655 1.57568 0.28795 1.11648 9.373 0.913942 7.34018
68 4.725 1.5822 0.3104 1.1274 10.1981 0.94063 8.02789
69 4.795 1.56714 0.3333 1.1547 11.0684 0.973472 8.76085
70 4.865 1.54563 0.35655 1.16653 11.9735 1.00533 9.54007
71 4.935 1.58285 0.38105 1.18105 12.9164 1.03304 10.364
72 5.005 1.70534 0.4082 1.19994 13.9017 1.05384 11.2285
73 5.075 1.68611 0.4358 1.19366 14.9095 1.06788 12.1291
74 5.145 1.59894 0.4627 1.19026 15.9424 1.0754 13.0614
75 5.215 1.52737 0.4891 1.19442 17.0072 1.07919 14.0225
76 5.285 1.56886 0.51695 1.18887 18.0958 1.0845 15.0145
77 5.355 1.67352 0.54745 1.18475 19.2095 1.09057 16.0386
78 5.425 1.47824 0.5751 1.18562 20.3533 1.10344 17.1021
79 5.495 1.53201 0.6045 1.17799 21.5193 1.11587 18.2055
80 5.565 1.52166 0.63445 1.17627 22.7135 1.12806 19.3495
81 5.635 1.51382 0.665 1.18909 23.9512 1.14027 20.5352
82 5.705 1.54941 0.69705 1.17911 25.2092 1.15291 21.764
83 5.775 1.59936 0.73095 1.18368 26.5033 1.1613 23.0323
84 5.845 1.48759 0.76325 1.17152 27.8153 1.16877 24.3399
85 5.915 1.42336 0.7949 1.15787 29.1433 1.17206 25.6828
86 5.985 1.49568 0.82895 1.15905 30.5043 1.17316 27.059
87 6.055 1.47418 0.8633 1.14345 31.8785 1.16849 28.4619
88 6.125 1.44067 0.89765 1.1288 33.2667 1.16599 29.8944
89 6.195 1.4493 0.933 1.11647 34.6713 1.15921 31.3512
90 6.265 1.35496 0.9668 1.1033 36.0909 1.15286 32.833
91 6.335 1.3095 1.0002 1.09306 37.5289 1.14316 34.3354
92 6.405 1.34815 1.03535 1.07374 38.9729 1.13236 35.8567
93 6.475 1.39047 1.0724 1.05968 40.4292 1.12263 37.398
94 6.545 1.36456 1.10955 1.03779 41.8865 1.11299 38.9593
95 6.615 1.38437 1.14805 1.03084 43.3652 1.10293 40.5398
96 6.685 1.27983 1.1844 1.01851 44.8573 1.09533 42.1427
97 6.755 1.26379 1.22105 1.00188 46.3559 1.08538 43.7646
98 6.825 1.29374 1.25935 0.990551 47.8684 1.07793 45.4088
99 6.895 1.27091 1.29775 0.978145 49.3928 1.07245 47.0785
100 6.965 1.24549 1.33615 0.980545 50.9521 1.06342 48.7678
101 7.035 1.23037 1.37485 0.964827 52.5174 1.05469 50.4772
102 7.105 1.21092 1.4137 0.956107 54.0996 1.04478 52.2043
103 7.175 1.17977 1.4523 0.94166 55.6887 1.03505 53.9493
104 7.245 1.20354 1.49245 0.944605 57.3141 1.02465 55.7106
105 7.315 1.26148 1.53535 0.92982 58.945 1.01473 57.4887
106 7.385 1.20306 1.57705 0.918653 60.5874 1.00379 59.2814
107 7.455 1.18624 1.61895 0.91526 62.2549 0.993619 61.0898
108 7.525 1.12259 1.65935 0.914796 63.953 0.985206 62.9167
109 7.595 1.12927 1.70075 0.906711 65.6675 0.975122 64.7587
110 7.665 1.12347 1.7427 0.898079 67.3971 0.966159 66.6176
111 7.735 1.11638 1.78515 0.895078 69.1526 0.956821 68.4923
112 7.805 1.08094 1.827 0.897798 70.9455 0.950868 70.3892
113 7.875 1.0948 1.87015 0.893751 72.7624 0.944011 72.3063
114 7.945 1.10176 1.91435 0.88729 74.5984 0.938742 74.2468
115 8.015 1.11812 1.96 0.886865 76.466 0.934548 76.2128
116 8.085 1.15541 2.008 0.884899 78.3621 0.932955 78.2099
117 8.155 1.19362 2.05845 0.89593 80.3153 0.928159 80.2312
118 8.225 1.11873 2.10655 0.88938 82.2877 0.925991 82.2827
119 8.295 1.18797 2.1585 0.899593 84.3167 0.924868 84.3666
120 8.365 1.26824 2.2149 0.898137 86.3769 0.923381 86.4825
121 8.435 1.18204 2.26835 0.903015 88.483 0.924854 88.6373
122 8.505 1.14743 2.3211 0.914686 90.6519 0.924163 90.8265
123 8.575 1.27536 2.3807 0.919447 92.8681 0.92451 93.0526
124 8.645 1.1832 2.4369 0.9197 95.1213 0.926924 95.3212
125 8.715 1.15495 2.49265 0.930801 97.4387 0.929172 97.6322
126 8.785 1.17332 2.5502 0.932124 99.7969 0.93093 99.985
127 8.855 1.14782 2.6074 0.947237 102.232 0.934526 102.385
128 8.925 1.17729 2.667 0.952839 104.72 0.937416 104.83
129 8.995 1.22905 2.7302 0.959294 107.264 0.941015 107.323
130 9.065 1.19769 2.79275 0.960647 109.852 0.945911 109.869
131 9.135 1.16055 2.8543 0.968939 112.502 0.951148 112.468
132 9.205 1.22746 2.9204 0.979109 115.222 0.954737 115.117
133 9.275 1.21632 2.9869 0.983579 117.995 0.96055 117.823
134 9.345 1.22249 3.05475 0.997683 120.852 0.963754 120.579
135 9.415 1.17154 3.12075 0.998501 123.753 0.970172 123.395
136 9.485 1.26012 3.1928 1.0045 126.715 0.974914 126.267
137 9.555 1.13832 3.25885 1.00796 129.732 0.979227 129.195
138 9.625 1.16599 3.3275 1.01755 132.822 0.984965 132.183
139 9.695 1.1919 3.3987 1.02144 135.969 0.989975 135.23
140 9.765 1.14269 3.46795 1.02837 139.184 0.994788 138.337
141 9.835 1.14112 3.5381 1.03039 142.451 0.999479 141.503
142 9.905 1.12265 3.6081 1.03728 145.787 1.00326 144.726
143 9.975 1.11327 3.6785 1.03254 149.155 1.00816 148.011
144 10.045 1.15473 3.75255 1.03916 152.592 1.01284 151.358
145 10.115 1.14572 3.82705 1.04244 156.088 1.0157 154.761
146 10.185 1.16036 3.90355 1.04063 159.627 1.02032 158.227
147 10.255 1.11316 3.97795 1.04102 163.216 1.02312 161.75
148 10.325 1.10254 4.05265 1.04678 166.874 1.02673 165.335
149 10.395 1.10886 4.1288 1.05127 170.597 1.02851 168.974
150 10.465 1.0912 4.20475 1.04263 174.341 1.03272 172.678
151 10.535 1.04272 4.2783 1.04729 178.151 1.03421 176.436
152 10.605 1.07657 4.35525 1.04344 181.998 1.03575 180.251
153 10.675 1.07354 4.433 1.04532 185.902 1.03661 184.119
154 10.745 1.01054 4.50715 1.04272 189.849 1.03888 188.047
155 10.815 1.0049 4.58185 1.04583 193.859 1.03877 192.026
156 10.885 1.04181 4.6603 1.04749 197.927 1.03875 196.056
157 10.955 0.944634 4.73235 1.04042 202.02 1.03945 200.141
158 11.025 1.00193 4.80975 1.03619 206.149 1.03925 204.278
159 11.095 1.01937 4.8895 1.04251 210.356 1.03934 208.468
160 11.165 0.962447 4.96575 1.03521 214.586 1.03857 212.707
161 11.235 0.935533 5.0408 1.02917 218.844 1.03749 216.996
162 11.305 0.96769 5.1194 1.02589 223.142 1.0356 221.33
163 11.375 0.960072 5.19835 1.01886 227.464 1.03474 225.715
164 11.445 0.96338 5.27855 1.02615 231.87 1.03275 230.145
165 11.515 0.984336 5.3615 1.021 236.308 1.03142 234.623
166 11.585 0.902721 5.4385 1.01325 240.766 1.0294 239.147
167 11.655 0.938822 5.51955 1.00927 245.26 1.02656 243.714
168 11.725 0.920206 5.59995 1.01338 249.827 1.02455 248.326
169 11.795 0.943811 5.6834 1.00693 254.419 1.02275 252.986
170 11.865 0.914825 5.76525 1.00282 259.047 1.02052 257.691
171 11.935 0.965431 5.85265 1.00429 263.736 1.01719 262.435
172 12.005 0.919269 5.93685 0.99882 268.455 1.0153 267.227
173 12.075 0.928066 6.02285 0.995025 273.211 1.01178 272.058
174 12.145 0.917399 6.10885 0.9926 278.01 1.00981 276.936
175 12.215 0.925896 6.19665 0.986889 282.837 1.00838 281.863
176 12.285 0.914332 6.28435 0.991355 287.742 1.00459 286.828
177 12.355 0.921524 6.37375 0.988686 292.689 1.00329 291.843
178 12.425 0.928497 6.46485 0.984637 297.672 0.999931 296.898
179 12.495 0.917115 6.55585 0.986815 302.722 0.99747 301.998
180 12.565 0.942305 6.6504 0.98099 307.799 0.995429 307.144
181 12.635 0.920558 6.7438 0.982542 312.941 0.993806 312.34
182 12.705 0.926526 6.83885 0.983075 318.143 0.991399 317.58
183 12.775 0.892297 6.9314 0.980079 323.386 0.989106 322.866
184 12.845 0.923605 7.02825 0.979457 328.684 0.987588 328.202
185 12.915 0.93626 7.1275 0.979489 334.039 0.985649 333.586
186 12.985 0.914062 7.22545 0.974752 339.427 0.985322 339.027
187 13.055 0.901978 7.32315 0.976699 344.883 0.983466 344.516
188 13.125 0.90654 7.4224 0.978368 350.408 0.982918 350.06
189 13.195 0.940778 7.5265 0.980674 356.005 0.981187 355.655
190 13.265 0.921933 7.6296 0.978028 361.647 0.980384 361.304
191 13.335 0.963158 7.73845 0.979319 367.355 0.980688 367.015
192 13.405 0.951374 7.8471 0.978926 373.122 0.979649 372.779
193 13.475 0.959713 7.95785 0.985053 378.985 0.979374 378.603
194 13.545 0.935668 8.06695 0.982784 384.895 0.979245 384.486
195 13.615 0.931164 8.17665 0.988893 390.904 0.979823 390.434
196 13.685 0.967452 8.2918 0.986385 396.96 0.980108 396.445
197 13.755 0.930602 8.4037 0.98592 403.075 0.980229 402.518
198 13.825 0.959483 8.52025 0.989297 409.273 0.981216 408.659
199 13.895 0.99018 8.64175 0.989 415.532 0.981504 414.865
200 13.965 0.94962 8.75945 0.992614 421.878 0.98272 421.141
4600000 200
1 0.035 0 0 0 0 0 0
2 0.105 0 0 0 0 0 0
3 0.175 0 0 0 0 0 0
4 0.245 0 0 0 0 0 0
5 0.315 0 0 0 0 0 0
6 0.385 0 0 0 0 0 0
7 0.455 0 0 0 0 0 0
8 0.525 0 0 0 0 0 0
9 0.595 0 0 0 0 0 0
10 0.665 0 0 0 0 0 0
11 0.735 0 0 0 0 0 0
12 0.805 0 0 0 0 0 0
13 0.875 0 0 0 0 0 0
14 0.945 0 0 0 0 0 0
15 1.015 0 0 0 0 0 0
16 1.085 0 0 0 0 0 0
17 1.155 0 0 0 0 0 0
18 1.225 0 0 0 0 0 0
19 1.295 0 0 0 0 0 0
20 1.365 0 0 0 0 0 0
21 1.435 0 0 0 0 0 0
22 1.505 0 0 0 0 0 0
23 1.575 0 0 0 0 0 0
24 1.645 0 0 0 0 0 0
25 1.715 0 0 0 0 0 0
26 1.785 0 0 0 0 0 0
27 1.855 0 0 0 0 0 0
28 1.925 0 0 0 0 0 0
29 1.995 0 0 0 0 0 0
30 2.065 0 0 0 0 0 0
31 2.135 0 0 0 0 0 0
32 2.205 0 0 0 0 0 0
33 2.275 0 0 0 0 0 0
34 2.345 0 0 0 0 0 0
35 2.415 0 0 0 0 0 0
36 2.485 0 0 0 0 0 0
37 2.555 0 0 0 0 0 0
38 2.625 0 0 0 0 0 0
39 2.695 0 0 0 0 0 0
40 2.765 0 0 0 0 0 0
41 2.835 0 0 0 0 0 0
42 2.905 0 0 0 0 0 0
43 2.975 0 0 0 0 1.40821e-05 4.08163e-06
44 3.045 0 0 0.000246747 7.5e-05 0.000211713 6.83673e-05
45 3.115 0.0162152 0.0001 0.00227922 0.0008 0.00190103 0.000672449
46 3.185 0.0232654 0.00025 0.0145844 0.00565 0.00987519 0.00395306
47 3.255 0.0742519 0.00075 0.044051 0.02095 0.0334882 0.0155724
48 3.325 0.20636 0.0022 0.116232 0.063075 0.0835456 0.0458204
49 3.395 0.477781 0.0057 0.223241 0.147425 0.166712 0.108747
50 3.465 0.714219 0.01115 0.35977 0.289025 0.274741 0.21677
51 3.535 1.16467 0.0204 0.494328 0.491525 0.398029 0.379655
52 3.605 1.34992 0.03155 0.628065 0.7591 0.517225 0.599784
53 3.675 1.69508 0.0461 0.749093 1.09075 0.617911 0.873076
54 3.745 1.78937 0.06205 0.835215 1.47475 0.693842 1.19175
55 3.815 2.02161 0.08075 0.875271 1.89235 0.7347 1.54193
56 3.885 2.111 0.101 0.921272 2.34818 0.752784 1.91401
57 3.955 2.00173 0.1209 0.9477 2.83412 0.75153 2.29897
58 4.025 2.2095 0.14365 0.967417 3.3479 0.749162 2.69643
59 4.095 1.97979 0.16475 0.9711 3.88172 0.748882 3.10768
60 4.165 2.15417 0.1885 1.00138 4.45117 0.757154 3.53781
61 4.235 2.18443 0.2134 1.0288 5.05605 0.773671 3.99222
62 4.305 2.11397 0.2383 1.03977 5.68775 0.796137 4.47541
63 4.375 2.06742 0.26345 1.04012 6.34037 0.821759 4.9905
64 4.445 1.96698 0.28815 1.06876 7.0326 0.843671 5.53638
65 4.515 2.01452 0.31425 1.08754 7.75935 0.866858 6.11507
66 4.585 1.92729 0.34 1.07954 8.5033 0.892004 6.72915
67 4.655 1.77899 0.3645 1.09761 9.28298 0.914635 7.37818
68 4.725 1.89229 0.39135 1.11261 10.0972 0.94392 8.0683
69 4.795 1.7827 0.4174 1.14166 10.9577 0.976398 8.80346
70 4.865 1.89132 0.44585 1.1585 11.8566 1.00658 9.58364
71 4.935 1.90588 0.47535 1.17976 12.7985 1.03435 10.4086
72 5.005 1.79327 0.5039 1.1919 13.7772 1.05377 11.273
73 5.075 1.77164 0.5329 1.18181 14.775 1.06498 12.1713
74 5.145 1.73862 0.56215 1.17531 15.7949 1.07257 13.101
75 5.215 1.67779 0.59115 1.17959 16.8465 1.07873 14.0618
76 5.285 1.61675 0.61985 1.17642 17.9237 1.08211 15.0515
77 5.355 1.72839 0.65135 1.16451 19.0183 1.08817 16.0734
78 5.425 1.67605 0.6827 1.16435 20.1416 1.10163 17.1351
79 5.495 1.51377 0.71175 1.18248 21.3121 1.11196 18.2347
80 5.565 1.55468 0.74235 1.16797 22.4978 1.12672 19.3773
81 5.635 1.61045 0.77485 1.16913 23.7148 1.13934 20.5621
82 5.705 1.60259 0.808 1.17026 24.9633 1.15091 21.7888
83 5.775 1.5168 0.84015 1.1582 26.2296 1.15812 23.0536
84 5.845 1.46457 0.87195 1.15902 27.5276 1.16696 24.3592
85 5.915 1.4481 0.90415 1.15017 28.8467 1.17001 25.6997
86 5.985 1.40783 0.9362 1.1415 30.1871 1.16772 27.0695
87 6.055 1.36689 0.96805 1.1323 31.548 1.16877 28.4727
88 6.125 1.44906 1.0026 1.11653 32.9211 1.16574 29.9049
89 6.195 1.3099 1.03455 1.10821 34.3153 1.15927 31.3618
90 6.265 1.31487 1.06735 1.08724 35.7142 1.1518 32.8423
91 6.335 1.35066 1.1018 1.07714 37.1312 1.14281 34.3442
92 6.405 1.25994 1.13465 1.05926 38.5557 1.13253 35.8657
93 6.475 1.2366 1.1676 1.05627 40.0074 1.12057 37.4041
94 6.545 1.32783 1.20375 1.03035 41.4543 1.10996 38.9612
95 6.615 1.22436 1.2378 1.01561 42.9111 1.10123 40.5392
96 6.685 1.2411 1.27305 1.00292 44.3803 1.09448 42.1409
97 6.755 1.26207 1.30965 0.993805 45.8669 1.08332 43.7597
98 6.825 1.19409 1.345 0.983462 47.3685 1.07757 45.4034
99 6.895 1.18486 1.3808 0.977359 48.8917 1.07017 47.0695
100 6.965 1.1936 1.4176 0.964132 50.4249 1.06158 48.756
101 7.035 1.20493 1.4555 0.963378 51.9878 1.05414 50.4644
102 7.105 1.12988 1.49175 0.955034 53.5683 1.04563 52.193
103 7.175 1.14462 1.5292 0.938209 55.1516 1.03522 53.9382
104 7.245 1.15258 1.56765 0.93487 56.7602 1.02556 55.701
105 7.315 1.08211 1.60445 0.925915 58.3843 1.01457 57.4789
106 7.385 1.18431 1.6455 0.925925 60.0397 1.00467 59.2732
107 7.455 1.08149 1.6837 0.914011 61.7049 0.994465 61.0831
108 7.525 1.11564 1.72385 0.908372 63.391 0.985024 62.9097
109 7.595 1.12654 1.76515 0.904847 65.102 0.975494 64.7524
110 7.665 1.14623 1.80795 0.902155 66.8395 0.967655 66.6141
111 7.735 1.15451 1.85185 0.895881 68.5966 0.95861 68.4923
112 7.805 1.09773 1.89435 0.895507 70.3849 0.951585 70.3906
113 7.875 1.12017 1.9385 0.885573 72.1852 0.945204 72.3102
114 7.945 1.14414 1.9844 0.88793 74.0225 0.941362 74.2561
115 8.015 1.11322 2.02985 0.892742 75.9024 0.937984 76.2293
116 8.085 1.1193 2.07635 0.892657 77.8152 0.933215 78.227
117 8.155 1.2161 2.12775 0.896045 79.7686 0.931076 80.2547
118 8.225 1.21875 2.18015 0.900338 81.7653 0.928501 82.3117
119 8.295 1.16739 2.2312 0.905723 83.8082 0.928065 84.4028
120 8.365 1.15018 2.28235 0.902115 85.8774 0.92684 86.5266
121 8.435 1.20083 2.33665 0.911676 88.0037 0.925761 88.6836
122 8.505 1.23662 2.3935 0.921423 90.1886 0.926157 90.8775
123 8.575 1.29462 2.454 0.929197 92.4283 0.927115 93.1099
124 8.645 1.28952 2.51525 0.928863 94.704 0.929275 95.3842
125 8.715 1.31343 2.57865 0.938131 97.0397 0.930415 97.6983
126 8.785 1.32521 2.64365 0.942065 99.423 0.932756 100.056
127 8.855 1.33243 2.71005 0.947159 101.858 0.936977 102.462
128 8.925 1.25433 2.77355 0.954314 104.349 0.939835 104.913
129 8.995 1.28447 2.8396 0.961989 106.901 0.944018 107.414
130 9.065 1.33268 2.9092 0.968861 109.511 0.947137 109.963
131 9.135 1.31705 2.97905 0.977904 112.186 0.952434 112.566
132 9.205 1.32402 3.05035 0.985436 114.923 0.956408 115.22
133 9.275 1.38368 3.126 0.993295 117.724 0.96113 117.927
134 9.345 1.32519 3.19955 0.995762 120.575 0.967065 120.693
135 9.415 1.29757 3.27265 1.00359 123.491 0.971583 123.513
136 9.485 1.33883 3.3492 1.01227 126.476 0.975273 126.386
137 9.555 1.33049 3.4264 1.01603 129.517 0.981361 129.32
138 9.625 1.34347 3.5055 1.01965 132.613 0.985576 132.31
139 9.695 1.27894 3.5819 1.02212 135.763 0.989598 135.356
140 9.765 1.24005 3.65705 1.02156 138.956 0.995415 138.465
141 9.835 1.24605 3.73365 1.02805 142.216 0.99984 141.632
142 9.905 1.26699 3.81265 1.02719 145.519 1.00235 144.852
143 9.975 1.25717 3.89215 1.03339 148.89 1.00778 148.136
144 10.045 1.19917 3.96905 1.04329 152.341 1.01088 151.476
145 10.115 1.22954 4.049 1.03983 155.828 1.01562 154.879
146 10.185 1.23772 4.1306 1.0396 159.363 1.01801 158.337
147 10.255 1.19993 4.2108 1.03332 162.925 1.02218 161.857
148 10.325 1.22578 4.29385 1.03515 166.543 1.02577 165.438
149 10.395 1.20059 4.3763 1.03875 170.222 1.0284 169.077
150 10.465 1.16088 4.4571 1.04128 173.96 1.03052 172.773
151 10.535 1.18662 4.5408 1.03597 177.73 1.03237 176.525
152 10.605 1.1738 4.6247 1.03395 181.541 1.03444 180.335
153 10.675 1.13291 4.70675 1.04232 185.435 1.03644 184.203
154 10.745 1.14001 4.7904 1.04069 189.374 1.03723 188.124
155 10.815 1.16162 4.87675 1.03677 193.349 1.03855 192.102
156 10.885 1.13079 4.9619 1.0296 197.348 1.03769 196.129
157 10.955 1.10983 5.04655 1.02614 201.385 1.03906 200.212
158 11.025 1.11261 5.1325 1.02957 205.487 1.0378 204.343
159 11.095 1.08328 5.21725 1.03165 209.65 1.03789 208.527
160 11.165 1.09624 5.3041 1.02573 213.842 1.0368 212.759
161 11.235 1.0365 5.38725 1.02179 218.069 1.035 217.037
162 11.305 1.04156 5.47185 1.01652 222.328 1.03474 221.368
163 11.375 1.07438 5.5602 1.01414 226.63 1.03369 225.748
164 11.445 1.01203 5.64445 1.01296 230.979 1.03113 230.171
165 11.515 1.03062 5.7313 1.00968 235.368 1.02957 234.642
166 11.585 0.982441 5.8151 1.00501 239.789 1.02789 239.159
167 11.655 1.04481 5.9053 1.00195 244.251 1.02537 243.72
168 11.725 1.02093 5.9945 0.999918 248.757 1.02313 248.327
169 11.795 1.03542 6.08605 0.999668 253.316 1.02137 252.98
170 11.865 1.02268 6.17755 0.995519 257.91 1.02019 257.683
171 11.935 1.05822 6.27335 0.997689 262.569 1.01642 262.424
172 12.005 1.01971 6.36675 0.993036 267.26 1.0137 267.208
173 12.075 1.05433 6.46445 0.990103 271.993 1.01233 272.042
174 12.145 1.02781 6.5608 0.988433 276.772 1.00965 276.919
175 12.215 0.994442 6.6551 0.984788 281.589 1.00742 281.841
176 12.285 1.06863 6.7576 0.981243 286.443 1.0042 286.804
177 12.355 1.0277 6.8573 0.980897 291.351 1.00097 291.808
178 12.425 1.05845 6.96115 0.983471 296.328 0.999248 296.859
179 12.495 1.05418 7.06575 0.978848 301.338 0.997038 301.957
180 12.565 1.04745 7.17085 0.976435 306.391 0.995674 307.105
181 12.635 1.04967 7.27735 0.981649 311.529 0.9924 312.293
182 12.705 1.02254 7.38225 0.98077 316.718 0.991345 317.533
183 12.775 1.02679 7.48875 0.977803 321.949 0.989213 322.82
184 12.845 1.0533 7.5992 0.979133 327.245 0.987604 328.156
185 12.915 1.00748 7.706 0.976312 332.583 0.986561 333.545
186 12.985 1.02464 7.8158 0.979139 337.995 0.98487 338.983
187 13.055 1.00861 7.92505 0.975625 343.446 0.984363 344.477
188 13.125 1.02345 8.0371 0.976204 348.958 0.983125 350.023
189 13.195 0.991386 8.1468 0.978033 354.54 0.982873 355.626
190 13.265 0.995258 8.2581 0.981369 360.201 0.982 361.285
191 13.335 1.00032 8.37115 0.979238 365.909 0.981827 367.002
192 13.405 1.03806 8.4897 0.982194 371.695 0.980917 372.774
193 13.475 0.987443 8.60365 0.982063 377.54 0.981725 378.612
194 13.545 1.00685 8.72105 0.985116 383.465 0.980969 384.506
195 13.615 1.03472 8.84295 0.986989 389.462 0.981196 390.462
196 13.685 1.00904 8.96305 0.987599 395.525 0.981832 396.483
197 13.755 1.00836 9.0843 0.99189 401.677 0.981107 402.562
198 13.825 1.02246 9.2085 0.990917 407.885 0.981964 408.708
199 13.895 1.01137 9.3326 0.992279 414.166 0.982741 414.921
200 13.965 1.0069 9.4574 0.993615 420.518 0.984336 421.208
4800000 200
1 0.035 0 0 0 0 0 0
2 0.105 0 0 0 0 0 0
3 0.175 0 0 0 0 0 0
4 0.245 0 0 0 0 0 0
5 0.315 0 0 0 0 0 0
6 0.385 0 0 0 0 0 0
7 0.455 0 0 0 0 0 0
8 0.525 0 0 0 0 0 0
9 0.595 0 0 0 0 0 0
10 0.665 0 0 0 0 0 0
11 0.735 0 0 0 0 0 0
12 0.805 0 0 0 0 0 0
13 0.875 0 0 0 0 0 0
14 0.945 0 0 0 0 0 0
15 1.015 0 0 0 0 0 0
16 1.085 0 0 0 0 0 0
17 1.155 0 0 0 0 0 0
18 1.225 0 0 0 0 0 0
19 1.295 0 0 0 0 0 0
20 1.365 0 0 0 0 0 0
21 1.435 0 0 0 0 0 0
22 1.505 0 0 0 0 0 0
23 1.575 0 0 0 0 0 0
24 1.645 0 0 0 0 0 0
25 1.715 0 0 0 0 0 0
26 1.785 0 0 0 0 0 0
27 1.855 0 0 0 0 0 0
28 1.925 0 0 0 0 0 0
29 1.995 0 0 0 0 0 0
30 2.065 0 0 0 0 0 0
31 2.135 0 0 0 0 0 0
32 2.205 0 0 0 0 0 0
33 2.275 0 0 0 0 0 0
34 2.345 0 0 0 0 0 0
35 2.415 0 0 0 0 0 0
36 2.485 0 0 0 0 0 0
37 2.555 0 0 0 0 0 0
38 2.625 0 0 0 0 0 0
39 2.695 0 0 0 0 0 0
40 2.765 0 0 0 0 0 0
41 2.835 0 0 0 0 0 0
42 2.905 0 0 0 0 0 0
43 2.975 0 0 8.61647e-05 2.5e-05 3.52052e-06 1.02041e-06
44 3.045 0 0 0.000246747 0.0001 0.000218434 6.73469e-05
45 3.115 0 0 0.00298657 0.00105 0.0019235 0.000678571
46 3.185 0.0310206 0.0002 0.0127802 0.0053 0.00998884 0.00399694
47 3.255 0.0519763 0.00055 0.0471461 0.021675 0.0337999 0.0157245
48 3.325 0.17078 0.00175 0.111472 0.062075 0.0843376 0.0462592
49 3.395 0.38905 0.0046 0.219866 0.14515 0.166533 0.109118
50 3.465 0.465225 0.00815 0.355642 0.285125 0.274676 0.217116
51 3.535 0.780647 0.01435 0.498295 0.48925 0.393448 0.378127
52 3.605 0.968549 0.02235 0.633523 0.75915 0.514573 0.597127
53 3.675 1.07181 0.03155 0.751182 1.09172 0.614838 0.869059
54 3.745 1.27331 0.0429 0.843752 1.47965 0.690134 1.18603
55 3.815 1.4162 0.056 0.910326 1.91397 0.734332 1.53603
56 3.885 1.50636 0.07045 0.940473 2.3793 0.754689 1.90905
57 3.955 1.52896 0.08565 0.972955 2.8782 0.754267 2.29542
58 4.025 1.68019 0.10295 0.983469 3.4005 0.748394 2.69247
59 4.095 1.51534 0.1191 0.992339 3.946 0.74922 3.10391
60 4.165 1.56007 0.1363 1.01347 4.52232 0.755929 3.53334
61 4.235 1.62736 0.15485 1.03314 5.12975 0.773153 3.98744
62 4.305 1.55789 0.1732 1.05084 5.76817 0.7978 4.47164
63 4.375 1.57831 0.1924 1.05729 6.43158 0.819973 4.98561
64 4.445 1.62853 0.21285 1.07231 7.1261 0.844546 5.53206
65 4.515 1.45493 0.2317 1.08657 7.8522 0.866089 6.11024
66 4.585 1.49318 0.25165 1.10987 8.61705 0.89253 6.72468
67 4.655 1.51759 0.27255 1.12105 9.41338 0.916569 7.37509
68 4.725 1.50115 0.29385 1.13116 10.2412 0.946153 8.06683
69 4.795 1.63557 0.31775 1.15111 11.1088 0.976756 8.80227
70 4.865 1.41932 0.3391 1.16556 12.0131 1.0082 9.5837
71 4.935 1.46979 0.36185 1.17623 12.9522 1.03534 10.4094
72 5.005 1.49806 0.3857 1.19912 13.9369 1.05436 11.2744
73 5.075 1.42647 0.40905 1.19069 14.9422 1.068 12.1751
74 5.145 1.57219 0.4355 1.19862 15.9823 1.0759 13.1078
75 5.215 1.46084 0.46075 1.18245 17.0365 1.08119 14.0707
76 5.285 1.39986 0.4856 1.18284 18.1195 1.0825 15.0609
77 5.355 1.44032 0.51185 1.18068 19.2293 1.09078 16.0852
78 5.425 1.31518 0.53645 1.19627 20.3835 1.10189 17.1472
79 5.495 1.35223 0.5624 1.19079 21.5621 1.11297 18.2477
80 5.565 1.32859 0.58855 1.19033 22.7706 1.12801 19.3917
81 5.635 1.25862 0.61395 1.18486 24.0039 1.13927 20.5763
82 5.705 1.24485 0.6397 1.1809 25.2638 1.14987 21.8019
83 5.775 1.24788 0.66615 1.1794 26.5532 1.15778 23.0664
84 5.845 1.30107 0.6944 1.17519 27.8693 1.16498 24.3697
85 5.915 1.32892 0.72395 1.16247 29.2026 1.16763 25.7075
86 5.985 1.23652 0.7521 1.16039 30.5651 1.1677 27.0773
87 6.055 1.28964 0.78215 1.13683 31.9315 1.16665 28.478
88 6.125 1.17225 0.8101 1.12618 33.3164 1.16279 29.9065
89 6.195 1.17871 0.83885 1.11369 34.7175 1.15719 31.3609
90 6.265 1.13648 0.8672 1.10253 36.1361 1.14957 32.8384
91 6.335 1.11151 0.89555 1.08284 37.5606 1.13975 34.3363
92 6.405 1.05091 0.92295 1.07032 39 1.13137 35.8563
93 6.475 1.09586 0.95215 1.06108 40.4583 1.11772 37.3909
94 6.545 1.15152 0.9835 1.03994 41.9186 1.10907 38.9467
95 6.615 1.15604 1.01565 1.02729 43.3922 1.09972 40.5225
96 6.685 1.03689 1.0451 1.01947 44.8857 1.09151 42.1199
97 6.755 1.11552 1.07745 1.00148 46.3837 1.0832 43.7385
98 6.825 1.08431 1.10955 0.990502 47.8961 1.07602 45.3798
99 6.895 1.12529 1.14355 0.986502 49.4336 1.06879 47.0438
100 6.965 0.961689 1.1732 0.983154 50.997 1.0607 48.7288
101 7.035 1.0412 1.20595 0.960774 52.5557 1.052 50.4338
102 7.105 1.05196 1.2397 0.957769 54.1406 1.04329 52.1585
103 7.175 0.99027 1.2721 0.951023 55.7456 1.0345 53.9025
104 7.245 0.989213 1.3051 0.93875 57.3609 1.02364 55.6621
105 7.315 0.976252 1.3383 0.92962 58.9915 1.01258 57.4364
106 7.385 0.952063 1.3713 0.926442 60.6478 1.00225 59.2264
107 7.455 1.0192 1.4073 0.91493 62.3147 0.993168 61.034
108 7.525 0.961426 1.4419 0.91889 64.0203 0.983094 62.8569
109 7.595 1.0188 1.47925 0.903683 65.7291 0.973478 64.6958
110 7.665 0.966798 1.51535 0.90379 67.4698 0.966141 66.5547
111 7.735 0.9336 1.55085 0.894861 69.2248 0.958486 68.4326
112 7.805 0.968587 1.58835 0.89423 71.0106 0.950788 70.3294
113 7.875 0.965399 1.6264 0.894427 72.8289 0.945772 72.2501
114 7.945 0.975882 1.66555 0.888438 74.6673 0.94019 74.1935
115 8.015 1.05076 1.70845 0.892184 76.546 0.936788 76.1643
116 8.085 1.02422 1.751 0.898164 78.4706 0.932266 78.1599
117 8.155 0.99015 1.79285 0.902558 80.4383 0.930998 80.1874
118 8.225 1.0036 1.836 0.900766 82.4358 0.928812 82.2451
119 8.295 0.990167 1.8793 0.900192 84.4662 0.927323 84.3346
120 8.365 1.02201 1.92475 0.909549 86.5526 0.92788 86.4608
121 8.435 1.06704 1.973 0.915192 88.6871 0.927874 88.6227
122 8.505 1.09632 2.0234 0.918724 90.8655 0.926733 90.8179
123 8.575 1.08919 2.0743 0.925961 93.0975 0.929437 93.0559
124 8.645 1.07057 2.12515 0.936731 95.3924 0.931346 95.3353
125 8.715 1.08037 2.1773 0.937729 97.7271 0.931037 97.6509
126 8.785 1.01531 2.2271 0.949803 100.13 0.934955 100.014
127 8.855 1.10969 2.2824 0.950904 102.574 0.93848 102.424
128 8.925 1.1605 2.34115 0.967574 105.101 0.939912 104.875
129 8.995 1.17362 2.4015 0.976204 107.69 0.944375 107.378
130 9.065 1.16227 2.4622 0.975905 110.319 0.949112 109.932
131 9.135 1.13227 2.52225 0.990827 113.029 0.95362 112.538
132 9.205 1.07333 2.58005 0.994446 115.791 0.957161 115.193
133 9.275 1.13676 2.6422 1.0015 118.615 0.961481 117.902
134 9.345 1.15943 2.70655 1.00987 121.506 0.967496 120.669
135 9.415 1.12184 2.76975 1.0182 124.465 0.972573 123.492
136 9.485 1.14732 2.83535 1.02079 127.475 0.976552 126.369
137 9.555 1.12023 2.90035 1.02284 130.537 0.980968 129.302
138 9.625 1.11503 2.966 1.03257 133.672 0.986169 132.294
139 9.695 1.11573 3.03265 1.03748 136.869 0.991765 135.346
140 9.765 1.14022 3.10175 1.0437 140.131 0.995384 138.455
141 9.835 1.09558 3.1691 1.04279 143.438 0.999737 141.621
142 9.905 1.07935 3.2364 1.04706 146.805 1.00428 144.848
143 9.975 1.14015 3.3085 1.05038 150.231 1.00812 148.133
144 10.045 1.12276 3.3805 1.05187 153.711 1.01316 151.48
145 10.115 1.10266 3.4522 1.05091 157.235 1.01553 154.883
146 10.185 1.08376 3.52365 1.04706 160.796 1.01829 158.342
147 10.255 1.09146 3.5966 1.054 164.429 1.02169 161.861
148 10.325 1.08631 3.6702 1.05725 168.124 1.02469 165.438
149 10.395 1.10522 3.7461 1.05423 171.858 1.02791 169.075
150 10.465 1.04163 3.8186 1.05498 175.646 1.02871 172.765
151 10.535 1.05264 3.89285 1.05182 179.472 1.03084 176.511
152 10.605 1.07377 3.9696 1.05547 183.364 1.03326 180.317
153 10.675 1.03626 4.04465 1.05368 187.3 1.03408 184.175
154 10.745 1.06437 4.12275 1.04991 191.273 1.03529 188.09
155 10.815 1.03113 4.1994 1.04268 195.271 1.03692 192.061
156 10.885 1.05709 4.279 1.04881 199.344 1.03627 196.082
157 10.955 1.00691 4.3558 1.04045 203.438 1.03587 200.153
158 11.025 1.044 4.43645 1.03732 207.571 1.03683 204.28
159 11.095 1.04301 4.51805 1.03312 211.74 1.03463 208.451
160 11.165 1.02998 4.59965 1.02902 215.945 1.03382 212.671
161 11.235 1.04336 4.68335 1.02263 220.176 1.03336 216.943
162 11.305 0.990466 4.7638 1.02153 224.456 1.0318 221.261
163 11.375 1.02696 4.84825 1.02186 228.79 1.03082 225.629
164 11.445 0.998816 4.9314 1.01673 233.156 1.02955 230.045
165 11.515 1.00866 5.0164 1.01447 237.565 1.027 234.504
166 11.585 0.97189 5.0993 1.01238 242.019 1.0258 239.013
167 11.655 0.945193 5.1809 1.0056 246.497 1.02393 243.567
168 11.725 0.974571 5.26605 1.00446 251.024 1.02191 248.168
169 11.795 0.974914 5.35225 1.00112 255.589 1.0191 252.811
170 11.865 0.95115 5.43735 0.99599 260.186 1.01611 257.495
171 11.935 0.94113 5.52255 0.9965 264.839 1.01452 262.228
172 12.005 0.96949 5.61135 0.989671 269.514 1.01228 267.005
173 12.075 0.987419 5.70285 0.987984 274.236 1.01011 271.828
174 12.145 0.963802 5.7932 0.983774 278.993 1.00883 276.701
175 12.215 0.972297 5.8854 0.982283 283.797 1.00531 281.613
176 12.285 0.984706 5.97985 0.982532 288.658 1.00321 286.571
177 12.355 1.02357 6.07915 0.976331 293.544 1.0012 291.576
178 12.425 0.982005 6.1755 0.976101 298.484 0.998786 296.625
179 12.495 1.00631 6.27535 0.976312 303.48 0.996545 301.72
180 12.565 1.0036 6.37605 0.972107 308.511 0.995622 306.868
181 12.635 0.966882 6.47415 0.973724 313.607 0.993431 312.061
182 12.705 0.983551 6.57505 0.972624 318.753 0.991464 317.302
183 12.775 0.99112 6.67785 0.972317 323.955 0.989682 322.591
184 12.845 0.976532 6.78025 0.969024 329.196 0.988375 327.932
185 12.915 0.969749 6.88305 0.975571 334.53 0.987971 333.328
186 12.985 1.01018 6.9913 0.974503 339.917 0.986288 338.774
187 13.055 0.998453 7.09945 0.971898 345.346 0.985664 344.275
188 13.125 1.01021 7.21005 0.971953 350.835 0.985098 349.832
189 13.195 1.02573 7.32355 0.973714 356.392 0.983613 355.44
190 13.265 1.0127 7.4368 0.974166 362.012 0.98329 361.106
191 13.335 1.02996 7.5532 0.97497 367.695 0.982538 366.828
192 13.405 1.04113 7.6721 0.976885 373.449 0.982904 372.612
193 13.475 1.0715 7.79575 0.977308 379.266 0.983765 378.461
194 13.545 1.05059 7.91825 0.980842 385.165 0.982976 384.367
195 13.615 0.996949 8.0357 0.982089 391.133 0.982886 390.333
196 13.685 1.05861 8.1617 0.982191 397.163 0.983874 396.367
197 13.755 1.02291 8.2847 0.984764 403.27 0.984598 402.468
198 13.825 1.07391 8.41515 0.988674 409.465 0.984588 408.63
199 13.895 1.05904 8.5451 0.986634 415.709 0.985253 414.859
200 13.965 1.08113 8.6791 0.989239 422.033 0.98586 421.155
5000000 200
1 0.035 0 0 0 0 0 0
2 0.105 0 0 0 0 0 0
3 0.175 0 0 0 0 0 0
4 0.245 0 0 0 0 0 0
5 0.315 0 0 0 0 0 0
6 0.385 0 0 0 0 0 0
7 0.455 0 0 0 0 0 0
8 0.525 0 0 0 0 0 0
9 0.595 0 0 0 0 0 0
10 0.665 0 0 0 0 0 0
11 0.735 0 0 0 0 0 0
12 0.805 0 0 0 0 0 0
13 0.875 0 0 0 0 0 0
14 0.945 0 0 0 0 0 0
15 1.015 0 0 0 0 0 0
16 1.085 0 0 0 0 0 0
17 1.155 0 0 0 0 0 0
18 1.225 0 0 0 0 0 0
19 1.295 0 0 0 0 0 0
20 1.365 0 0 0 0 0 0
21 1.435 0 0 0 0 0 0
22 1.505 0 0 0 0 0 0
23 1.575 0 0 0 0 0 0
24 1.645 0 0 0 0 0 0
25 1.715 0 0 0 0 0 0
26 1.785 0 0 0 0 0 0
27 1.855 0 0 0 0 0 0
28 1.925 0 0 0 0 0 0
29 1.995 0 0 0 0 0 0
30 2.065 0 0 0 0 0 0
31 2.135 0 0 0 0 0 0
32 2.205 0 0 0 0 0 0
33 2.275 0 0 0 0 0 0
34 2.345 0 0 0 0 0 0
35 2.415 0 0 0 0 0 0
36 2.485 0 0 0 0 0 0
37 2.555 0 0 0 0 0 0
38 2.625 0 0 0 0 0 0
39 2.695 0 0 0 0 0 0
40 2.765 0 0 0 0 0 0
41 2.835 0 0 0 0 0 0
42 2.905 0 0 0 0 0 0
43 2.975 0 0 0 0 2.46436e-05 7.14286e-06
44 3.045 0 0 0.000164498 5e-05 0.000204992 6.93878e-05
45 3.115 0.00810759 5e-05 0.00282938 0.00095 0.00176616 0.000630612
46 3.185 0.0310206 0.00025 0.0138326 0.00555 0.00978611 0.00388163
47 3.255 0.0594015 0.00065 0.0446989 0.021075 0.0326765 0.0152194
48 3.325 0.149433 0.0017 0.112093 0.0617 0.0818574 0.0448561
49 3.395 0.252542 0.00355 0.213647 0.142425 0.163492 0.106567
50 3.465 0.511092 0.00745 0.345796 0.278525 0.273566 0.214129
51 3.535 0.679918 0.01285 0.490484 0.47945 0.396358 0.37633
52 3.605 1.01698 0.02125 0.636692 0.7507 0.519195 0.597297
53 3.675 1.17666 0.03135 0.750731 1.08307 0.621249 0.872065
54 3.745 1.32941 0.0432 0.834943 1.46695 0.700152 1.19364
55 3.815 1.52972 0.05735 0.898117 1.89545 0.739235 1.54598
56 3.885 1.62104 0.0729 0.923243 2.35225 0.757505 1.92039
57 3.955 1.45854 0.0874 0.95828 2.84362 0.757028 2.30817
58 4.025 1.45196 0.10235 0.991566 3.37023 0.74826 2.70515
59 4.095 1.61855 0.1196 0.979878 3.90887 0.745768 3.11469
60 4.165 1.44216 0.1355 1.01215 4.48445 0.753383 3.54268
61 4.235 1.65368 0.15435 1.03046 5.0903 0.773539 3.99701
62 4.305 1.51119 0.17215 1.05438 5.73088 0.794668 4.47931
63 4.375 1.49199 0.1903 1.06223 6.39737 0.820107 4.99336
64 4.445 1.46926 0.20875 1.08003 7.0969 0.841113 5.53759
65 4.515 1.47423 0.22785 1.09614 7.8294 0.865627 6.11545
66 4.585 1.54931 0.24855 1.10853 8.59332 0.888411 6.72706
67 4.655 1.53574 0.2697 1.122 9.39033 0.913078 7.37499
68 4.725 1.52229 0.2913 1.13782 10.2231 0.939448 8.06184
69 4.795 1.50212 0.31325 1.14703 11.0876 0.970971 8.79291
70 4.865 1.53234 0.3363 1.17697 12.0008 1.00259 9.57
71 4.935 1.46979 0.35905 1.19179 12.9522 1.03057 10.3919
72 5.005 1.55145 0.38375 1.20222 13.9394 1.04904 11.2525
73 5.075 1.47229 0.40785 1.2026 14.9548 1.06499 12.1507
74 5.145 1.42062 0.43175 1.19882 15.9951 1.07247 13.0804
75 5.215 1.62862 0.4599 1.1952 17.0606 1.07541 14.0382
76 5.285 1.46746 0.48595 1.18876 18.1491 1.08037 15.0264
77 5.355 1.37448 0.511 1.19233 19.2699 1.08857 16.0486
78 5.425 1.41943 0.53755 1.18498 20.4131 1.09892 17.1077
79 5.495 1.43561 0.5651 1.19228 21.5933 1.11357 18.2089
80 5.565 1.39464 0.59255 1.17612 22.7873 1.12613 19.3509
81 5.635 1.32304 0.61925 1.19019 24.0261 1.13942 20.5358
82 5.705 1.32703 0.6467 1.17827 25.2833 1.15353 21.7652
83 5.775 1.36111 0.67555 1.16237 26.554 1.16202 23.0343
84 5.845 1.34252 0.7047 1.17407 27.8689 1.16797 24.341
85 5.915 1.26821 0.7329 1.16497 29.205 1.17133 25.6831
86 5.985 1.21016 0.76045 1.15949 30.5665 1.17052 27.0561
87 6.055 1.24028 0.78935 1.14251 31.9397 1.16926 28.4599
88 6.125 1.26033 0.8194 1.14919 33.3529 1.16459 29.8907
89 6.195 1.28326 0.8507 1.11351 34.7538 1.16003 31.3486
90 6.265 1.21064 0.8809 1.11496 36.1884 1.15092 32.8279
91 6.335 1.15071 0.91025 1.09576 37.63 1.14157 34.3282
92 6.405 1.09885 0.9389 1.07822 39.0799 1.13244 35.8496
93 6.475 1.16904 0.97005 1.05591 40.5311 1.12004 37.3873
94 6.545 1.15519 1.0015 1.04263 41.9953 1.10942 38.9436
95 6.615 1.13626 1.0331 1.03074 43.4738 1.10148 40.522
96 6.685 1.05098 1.06295 1.00691 44.9488 1.09058 42.118
97 6.755 1.01034 1.09225 1.00661 46.4545 1.08501 43.7393
98 6.825 1.09444 1.12465 0.990666 47.9672 1.07732 45.3827
99 6.895 0.981315 1.1543 0.991026 49.5117 1.07077 47.0497
100 6.965 0.989259 1.1848 0.972401 51.058 1.06418 48.7403
101 7.035 1.00623 1.21645 0.958648 52.6133 1.05601 50.4517
102 7.105 0.970918 1.2476 0.963328 54.2074 1.04518 52.1796
103 7.175 0.915389 1.27755 0.948194 55.8076 1.03511 53.9246
104 7.245 0.861814 1.3063 0.936643 57.4192 1.0259 55.688
105 7.315 0.890977 1.3366 0.932243 59.0544 1.01631 57.4689
106 7.385 0.914558 1.3683 0.925281 60.7087 1.00504 59.2639
107 7.455 0.86349 1.3988 0.919857 62.3845 0.995936 61.0765
108 7.525 0.887791 1.43075 0.915658 64.0842 0.983468 62.9002
109 7.595 0.969699 1.4663 0.917578 65.8193 0.975759 64.7434
110 7.665 0.911897 1.50035 0.910553 67.5729 0.968292 66.6063
111 7.735 0.857334 1.53295 0.902178 69.3424 0.959785 68.4868
112 7.805 0.889808 1.5674 0.898149 71.1359 0.952003 70.386
113 7.875 0.879134 1.60205 0.900244 72.966 0.945161 72.3055
114 7.945 0.818843 1.6349 0.899469 74.8272 0.939994 74.2485
115 8.015 0.835219 1.669 0.899734 76.7219 0.93555 76.2167
116 8.085 0.764253 1.70075 0.904674 78.6605 0.93375 78.2154
117 8.155 0.839912 1.73625 0.903694 80.6306 0.929854 80.2405
118 8.225 0.888474 1.77445 0.916481 82.663 0.927696 82.2957
119 8.295 0.870112 1.8125 0.915044 84.7269 0.926127 84.3825
120 8.365 0.912951 1.8531 0.922115 86.8421 0.925523 86.5033
121 8.435 0.906707 1.8941 0.922159 88.9928 0.924946 88.6583
122 8.505 0.97559 1.93895 0.927296 91.1916 0.924704 90.8488
123 8.575 0.927629 1.9823 0.938873 93.4547 0.925803 93.078
124 8.645 0.915826 2.0258 0.939282 95.7558 0.92737 95.3477
125 8.715 0.933284 2.07085 0.951426 98.1246 0.929925 97.6606
126 8.785 0.921528 2.11605 0.961977 100.558 0.932193 100.017
127 8.855 0.940126 2.1629 0.968489 103.048 0.933995 102.415
128 8.925 0.969882 2.212 0.970159 105.581 0.939058 104.864
129 8.995 1.00443 2.26365 0.976882 108.172 0.941852 107.36
130 9.065 0.946857 2.3131 0.983552 110.821 0.946239 109.906
131 9.135 0.971998 2.36465 0.988816 113.526 0.950107 112.503
132 9.205 0.999982 2.4185 0.99837 116.299 0.954829 115.152
133 9.275 0.971227 2.4716 1.0122 119.154 0.959173 117.854
134 9.345 1.00087 2.52715 1.00973 122.044 0.965633 120.616
135 9.415 0.994034 2.58315 1.01104 124.982 0.969017 123.428
136 9.485 1.05112 2.64325 1.02221 127.997 0.973758 126.297
137 9.555 1.0039 2.7015 1.03114 131.083 0.979085 129.224
138 9.625 0.997839 2.76025 1.03351 134.221 0.983753 132.209
139 9.695 1.03538 2.8221 1.03236 137.402 0.987681 135.249
140 9.765 1.03626 2.8849 1.03812 140.647 0.993974 138.353
141 9.835 1.0053 2.9467 1.04197 143.951 0.997915 141.514
142 9.905 0.984722 3.0081 1.05091 147.331 1.00284 144.736
143 9.975 1.01444 3.07225 1.04814 150.75 1.0056 148.012
144 10.045 0.940311 3.13255 1.05525 154.24 1.00926 151.347
145 10.115 1.01116 3.1983 1.05318 157.772 1.01344 154.743
146 10.185 0.994271 3.26385 1.05997 161.377 1.01827 158.202
147 10.255 1.00244 3.33085 1.05451 165.012 1.02046 161.716
148 10.325 0.999224 3.39855 1.04879 168.677 1.02337 165.289
149 10.395 0.9829 3.46605 1.05391 172.41 1.02686 168.922
150 10.465 1.00715 3.53615 1.0521 176.187 1.02922 172.613
151 10.535 0.996645 3.60645 1.05971 180.043 1.03114 176.361
152 10.605 0.943659 3.6739 1.05665 183.938 1.03307 180.166
153 10.675 0.949274 3.74265 1.0557 187.882 1.03496 184.028
154 10.745 0.92945 3.81085 1.05296 191.867 1.03578 187.944
155 10.815 0.944362 3.88105 1.04915 195.89 1.03696 191.916
156 10.885 0.918975 3.95025 1.0502 199.969 1.03661 195.938
157 10.955 0.916446 4.02015 1.04525 204.081 1.03629 200.011
158 11.025 0.934619 4.09235 1.04617 208.249 1.03747 204.14
159 11.095 0.959292 4.1674 1.03797 212.438 1.03689 208.32
160 11.165 0.968758 4.24415 1.03666 216.674 1.03526 212.546
161 11.235 0.977292 4.32255 1.03151 220.942 1.03492 216.824
162 11.305 0.885202 4.39445 1.03108 225.262 1.03408 221.152
163 11.375 0.926631 4.47065 1.02995 229.63 1.03219 225.526
164 11.445 0.927944 4.5479 1.02465 234.03 1.03096 229.948
165 11.515 0.937462 4.6269 1.02189 238.472 1.02916 234.417
166 11.585 0.897445 4.70345 1.01551 242.939 1.02749 238.932
167 11.655 0.951563 4.7856 1.01336 247.452 1.02583 243.496
168 11.725 0.947675 4.8684 1.01087 252.007 1.02318 248.102
169 11.795 0.930239 4.95065 1.00149 256.575 1.02029 252.75
170 11.865 0.918737 5.03285 1.00393 261.208 1.0189 257.448
171 11.935 0.880928 5.1126 1.0028 265.89 1.01624 262.188
172 12.005 0.902892 5.1953 1.00079 270.618 1.01385 266.973
173 12.075 0.93562 5.282 0.991688 275.358 1.01133 271.802
174 12.145 0.949401 5.371 0.994177 280.165 1.00896 276.675
175 12.215 0.96386 5.4624 0.992573 285.02 1.00639 281.593
176 12.285 0.93779 5.55235 0.988257 289.909 1.00445 286.557
177 12.355 0.952448 5.64475 0.984989 294.838 1.00249 291.568
178 12.425 0.930026 5.736 0.977751 299.786 1.00045 296.626
179 12.495 0.926689 5.82795 0.98319 304.818 0.998287 301.73
180 12.565 0.950278 5.9233 0.972314 309.85 0.996414 306.881
181 12.635 0.963925 6.0211 0.978726 314.972 0.994654 312.081
182 12.705 0.9855 6.1222 0.975398 320.133 0.992462 317.327
183 12.775 0.961232 6.2219 0.970042 325.322 0.990701 322.622
184 12.845 0.985115 6.3252 0.973383 330.587 0.98858 327.963
185 12.915 1.0089 6.43215 0.972617 335.905 0.988009 333.36
186 12.985 0.939724 6.53285 0.968492 341.258 0.986484 338.807
187 13.055 0.981835 6.6392 0.973428 346.696 0.985939 344.31
188 13.125 1.00747 6.7495 0.972148 352.186 0.984402 349.863
189 13.195 1.00313 6.8605 0.972956 357.739 0.983198 355.468
190 13.265 1.01672 6.9742 0.972636 363.349 0.98299 361.133
191 13.335 1.02465 7.09 0.976248 369.04 0.982701 366.855
192 13.405 0.999971 7.2042 0.978251 374.802 0.982865 372.639
193 13.475 0.993942 7.3189 0.979043 380.63 0.981862 378.477
194 13.545 1.01543 7.4373 0.981129 386.531 0.982141 384.378
195 13.615 1.04533 7.56045 0.979871 392.485 0.982118 390.339
196 13.685 0.999798 7.67945 0.985498 398.535 0.981943 396.362
197 13.755 1.02042 7.80215 0.987303 404.658 0.983032 402.452
198 13.825 1.03522 7.9279 0.987023 410.842 0.983707 408.609
199 13.895 1.02685 8.0539 0.986954 417.089 0.984698 414.835
200 13.965 1.01215 8.17935 0.990569 423.421 0.985417 421.128
