# Time-averaged data for fix rdf_out
# TimeStep Number-of-rows
# Row c_rdf_at[1] c_rdf_at[2] c_rdf_at[3] c_rdf_at[4] c_rdf_at[5] c_rdf_at[6] c_rdf_at[7]
400000 200
1 0.035 0 0 0 0 0 0
2 0.105 0 0 0 0 0 0
3 0.175 0 0 0 0 0 0
4 0.245 0 0 0 0 0 0
5 0.315 0 0 0 0 0 0
6 0.385 0 0 0 0 0 0
7 0.455 0 0 0 0 0 0
8 0.525 0 0 0 0 0 0
9 0.595 0 0 0 0 0 0
10 0.665 0 0 0 0 0 0
11 0.735 0 0 0 0 0 0
12 0.805 0 0 0 0 0 0
13 0.875 0 0 0 0 0 0
14 0.945 0 0 0 0 0 0
15 1.015 0 0 0 0 0 0
16 1.085 0 0 0 0 0 0
17 1.155 0 0 0 0 0 0
18 1.225 0 0 0 0 0 0
19 1.295 0 0 0 0 0 0
20 1.365 0 0 0 0 0 0
21 1.435 0 0 0 0 0 0
22 1.505 0 0 0 0 0 0
23 1.575 0 0 0 0 0 0
24 1.645 0 0 0 0 0 0
25 1.715 0 0 0 0 0 0
26 1.785 0 0 0 0 0 0
27 1.855 0 0 0 0 0 0
28 1.925 0 0 0 0 0 0
29 1.995 0 0 0 0 0 0
30 2.065 0 0 0 0 0 0
31 2.135 0 0 0 0 0 0
32 2.205 0 0 0 0 0 0
33 2.275 0 0 0 0 0 0
34 2.345 0 0 0 0 0 0
35 2.415 0 0 0 0 0 0
36 2.485 0 0 0 0 0 0
37 2.555 0 0 0 0 0 0
38 2.625 0 0 0 0 0 0
39 2.695 0 0 0 0 0 0
40 2.765 0 0 0 0 0 0
41 2.835 0 0 0 0 0 0
42 2.905 0 0 0 0 0 0
43 2.975 0 0 0 0 1.75355e-05 5.10204e-06
44 3.045 0 0 0.000245806 7.5e-05 0.000210906 6.93878e-05
45 3.115 0 0 0.00219224 0.000775 0.00193217 0.000685714
46 3.185 0.0309023 0.0002 0.0146037 0.00565 0.0105597 0.00420714
47 3.255 0.066572 0.00065 0.0473967 0.022175 0.034717 0.016299
48 3.325 0.0992422 0.00135 0.110222 0.062275 0.0851617 0.04725
49 3.395 0.339972 0.00385 0.228784 0.14905 0.167646 0.110771
50 3.465 0.437342 0.0072 0.360741 0.291575 0.277973 0.220484
51 3.535 0.752585 0.0132 0.509771 0.5012 0.399547 0.384615
52 3.605 0.880433 0.0205 0.662617 0.784575 0.52095 0.607178
53 3.675 0.957467 0.02875 0.786121 1.13395 0.620049 0.882464
54 3.745 1.18464 0.03935 0.878455 1.53937 0.697561 1.20407
55 3.815 1.16849 0.0502 0.949503 1.99412 0.738642 1.55747
56 3.885 1.3085 0.0628 0.973834 2.4778 0.756169 1.93266
57 3.955 1.3628 0.0764 1.0134 2.99943 0.758163 2.32251
58 4.025 1.29646 0.0898 1.01475 3.5404 0.752219 2.72312
59 4.095 1.27121 0.1034 1.02258 4.10468 0.753799 3.13865
60 4.165 1.34179 0.11825 1.04421 4.70075 0.759836 3.57195
61 4.235 1.46822 0.13505 1.07059 5.3326 0.773671 4.0281
62 4.305 1.33628 0.15085 1.0834 5.99333 0.79827 4.51444
63 4.375 1.35119 0.16735 1.09196 6.6811 0.822973 5.03226
64 4.445 1.28517 0.18355 1.10375 7.39872 0.843968 5.58042
65 4.515 1.27638 0.20015 1.11749 8.14835 0.868177 6.16221
66 4.585 1.36073 0.2184 1.11583 8.92025 0.891257 6.77813
67 4.655 1.37075 0.23735 1.13242 9.72772 0.917898 7.43197
68 4.725 1.35852 0.2567 1.14182 10.5666 0.9434 8.12434
69 4.795 1.22711 0.2747 1.17098 11.4525 0.976071 8.86207
70 4.865 1.2351 0.29335 1.18555 12.3759 1.00719 9.64571
71 4.935 1.15848 0.31135 1.1948 13.3334 1.03303 10.4728
72 5.005 1.11066 0.3291 1.20613 14.3276 1.05073 11.338
73 5.075 1.18673 0.3486 1.1981 15.343 1.06699 12.2414
74 5.145 1.08064 0.36685 1.20209 16.3901 1.07167 13.1739
75 5.215 1.16133 0.387 1.21319 17.4759 1.07659 14.1364
76 5.285 1.15042 0.4075 1.20229 18.5809 1.07965 15.1277
77 5.355 1.1178 0.42795 1.19263 19.7063 1.08782 16.1532
78 5.425 1.16371 0.4498 1.19383 20.8625 1.09809 17.2155
79 5.495 1.18097 0.47255 1.19179 22.0467 1.11019 18.3175
80 5.565 1.13626 0.495 1.18366 23.2529 1.12552 19.4633
81 5.635 1.17731 0.51885 1.18492 24.491 1.13729 20.6505
82 5.705 1.19194 0.5436 1.17915 25.7539 1.14743 21.8781
83 5.775 1.09038 0.5668 1.16992 27.0378 1.1563 23.1458
84 5.845 0.995596 0.5885 1.16361 28.346 1.16107 24.4498
85 5.915 1.08193 0.61265 1.16188 29.6837 1.16742 25.7924
86 5.985 1.07646 0.63725 1.14907 31.0381 1.16456 27.1637
87 6.055 1.01324 0.66095 1.15109 32.4268 1.16428 28.5669
88 6.125 0.9547 0.6838 1.12703 33.8181 1.15877 29.996
89 6.195 1.06803 0.70995 1.11634 35.2279 1.15407 31.452
90 6.265 0.982395 0.73455 1.10069 36.6495 1.1475 32.9325
91 6.335 1.00572 0.7603 1.09191 38.0915 1.13712 34.4327
92 6.405 0.987678 0.78615 1.07669 39.545 1.12728 35.9529
93 6.475 0.947746 0.8115 1.05105 40.995 1.11614 37.4912
94 6.545 0.951366 0.8375 1.04361 42.4661 1.10729 39.0504
95 6.615 0.924174 0.8633 1.0353 43.9569 1.09657 40.6278
96 6.685 0.93298 0.8899 1.02057 45.4577 1.08907 42.2277
97 6.755 0.846759 0.91455 1.00375 46.9648 1.08193 43.8506
98 6.825 0.871542 0.94045 0.992957 48.4868 1.07581 45.4979
99 6.895 0.959441 0.96955 0.980345 50.0205 1.06844 47.1676
100 6.965 0.848166 0.9958 0.977481 51.5809 1.06048 48.8588
101 7.035 0.853541 1.02275 0.964695 53.1519 1.05383 50.5733
102 7.105 0.869409 1.05075 0.954765 54.7379 1.04515 52.3076
103 7.175 0.87993 1.07965 0.94914 56.3458 1.03491 54.059
104 7.245 0.886898 1.10935 0.935374 57.9614 1.02622 55.8298
105 7.315 0.899299 1.14005 0.929059 59.5973 1.01784 57.6201
106 7.385 0.859339 1.16995 0.927856 61.2625 1.00676 59.4251
107 7.455 0.78405 1.19775 0.915941 62.9376 0.99669 61.246
108 7.525 0.790292 1.2263 0.912678 64.6382 0.987645 63.0844
109 7.595 0.917092 1.26005 0.911249 66.3679 0.978976 64.9408
110 7.665 0.867069 1.29255 0.904406 68.1164 0.968652 66.8116
111 7.735 0.894674 1.3267 0.899501 69.8873 0.962331 68.7043
112 7.805 0.914721 1.36225 0.895823 71.6831 0.953425 70.6135
113 7.875 0.906114 1.3981 0.895257 73.51 0.948414 72.547
114 7.945 0.929948 1.43555 0.902708 75.3851 0.944475 74.5068
115 8.015 0.900356 1.47245 0.898978 77.2854 0.938604 76.4889
116 8.085 0.874042 1.5089 0.903028 79.2278 0.934918 78.4978
117 8.155 0.948665 1.54915 0.904122 81.2064 0.932686 80.5368
118 8.225 0.955756 1.5904 0.910506 83.2333 0.930838 82.6069
119 8.295 1.00006 1.6343 0.913931 85.3026 0.929125 84.7084
120 8.365 0.993475 1.67865 0.917374 87.4149 0.928537 86.8442
121 8.435 1.01671 1.7248 0.920705 89.5705 0.928112 89.015
122 8.505 0.980539 1.77005 0.936974 91.8007 0.928834 91.2236
123 8.575 1.03281 1.8185 0.940368 94.0761 0.929162 93.4695
124 8.645 1.00671 1.8665 0.94418 96.3981 0.930352 95.7552
125 8.715 1.04736 1.91725 0.94889 98.7696 0.932274 98.0828
126 8.785 1.11198 1.972 0.954471 101.194 0.934619 100.454
127 8.855 1.06448 2.02525 0.970301 103.697 0.936302 102.867
128 8.925 1.11279 2.0818 0.974568 106.252 0.940672 105.33
129 8.995 1.05001 2.136 0.981272 108.864 0.94343 107.84
130 9.065 1.06914 2.19205 0.990639 111.543 0.948094 110.401
131 9.135 1.04343 2.2476 0.997748 114.283 0.951689 113.011
132 9.205 1.12196 2.30825 1.00609 117.088 0.95603 115.674
133 9.275 1.06501 2.3667 1.01044 119.948 0.96078 118.391
134 9.345 1.0877 2.4273 1.01738 122.872 0.96462 121.16
135 9.415 1.03092 2.4856 1.01918 125.845 0.970466 123.988
136 9.485 0.977426 2.5417 1.02398 128.876 0.974772 126.871
137 9.555 1.04213 2.6024 1.0288 131.967 0.980055 129.812
138 9.625 1.0118 2.6622 1.0341 135.119 0.984012 132.809
139 9.695 1.04644 2.72495 1.03515 138.321 0.988525 135.863
140 9.765 1.05286 2.789 1.03182 141.558 0.99241 138.974
141 9.835 1.04927 2.85375 1.04678 144.89 0.995695 142.14
142 9.905 1.01772 2.91745 1.04422 148.261 1.00025 145.366
143 9.975 1.02869 2.98275 1.04147 151.671 1.00403 148.65
144 10.045 1.00741 3.0476 1.04788 155.151 1.00918 151.997
145 10.115 1.01803 3.11405 1.05169 158.691 1.01257 155.403
146 10.185 1.0683 3.18475 1.05162 162.281 1.01574 158.867
147 10.255 1.01054 3.25255 1.05029 165.916 1.01923 162.39
148 10.325 1.05276 3.32415 1.05322 169.61 1.02208 165.972
149 10.395 0.989308 3.39235 1.04602 173.33 1.02403 169.609
150 10.465 1.02192 3.46375 1.0546 177.13 1.02635 173.304
151 10.535 0.993553 3.5341 1.0478 180.957 1.02925 177.059
152 10.605 0.99372 3.6054 1.04718 184.832 1.03009 180.868
153 10.675 0.993798 3.67765 1.04876 188.765 1.03114 184.73
154 10.745 1.00126 3.7514 1.04476 192.734 1.03297 188.651
155 10.815 1.03122 3.82835 1.04266 196.747 1.03413 192.627
156 10.885 0.965744 3.90135 1.0405 200.804 1.03449 196.656
157 10.955 0.994584 3.9775 1.03342 204.885 1.03467 200.738
158 11.025 0.991666 4.0544 1.03578 209.028 1.0366 204.88
159 11.095 0.979829 4.13135 1.03245 213.21 1.03504 209.068
160 11.165 0.971353 4.2086 1.02511 217.415 1.03464 213.308
161 11.235 0.97543 4.28715 1.02709 221.681 1.03335 217.596
162 11.305 0.979945 4.36705 1.02441 225.989 1.03247 221.933
163 11.375 0.995178 4.4492 1.02197 230.341 1.03083 226.318
164 11.445 0.940561 4.5278 1.01081 234.698 1.03214 230.762
165 11.515 0.994179 4.6119 1.0113 239.11 1.02938 235.249
166 11.585 0.957091 4.69385 1.01273 243.583 1.0265 239.778
167 11.655 0.98717 4.7794 1.01019 248.098 1.02709 244.364
168 11.725 0.9224 4.8603 1.00484 252.644 1.02417 248.992
169 11.795 1.02528 4.9513 1.00052 257.224 1.02225 253.667
170 11.865 1.00431 5.0415 0.997877 261.847 1.01964 258.386
171 11.935 1.04263 5.13625 0.99155 266.494 1.01775 263.152
172 12.005 1.0006 5.22825 0.988571 271.183 1.01565 267.963
173 12.075 0.997631 5.32105 0.987491 275.921 1.01255 272.817
174 12.145 0.969162 5.41225 0.985994 280.706 1.01013 277.714
175 12.215 1.01849 5.5092 0.981977 285.528 1.00912 282.664
176 12.285 1.01055 5.6065 0.983504 290.412 1.00737 287.662
177 12.355 1.01813 5.70565 0.979528 295.332 1.00584 292.709
178 12.425 0.986385 5.8028 0.97456 300.283 1.00199 297.794
179 12.495 0.986408 5.90105 0.976022 305.297 1.00008 302.926
180 12.565 1.03005 6.0048 0.974884 310.362 0.999059 308.111
181 12.635 1.04224 6.11095 0.97934 315.506 0.997072 313.344
182 12.705 1.01864 6.21585 0.975521 320.688 0.993907 318.618
183 12.775 1.03825 6.32395 0.972675 325.912 0.993018 323.945
184 12.845 1.03314 6.4327 0.976608 331.214 0.991338 329.322
185 12.915 1.03324 6.54265 0.977401 336.579 0.989689 334.748
186 12.985 1.02446 6.65285 0.976452 341.996 0.989088 340.231
187 13.055 1.04891 6.7669 0.971158 347.443 0.98685 345.76
188 13.125 1.05276 6.8826 0.977731 352.985 0.986469 351.346
189 13.195 1.03847 6.99795 0.975427 358.573 0.985073 356.984
190 13.265 1.0801 7.1192 0.980172 364.249 0.983944 362.675
191 13.335 1.10625 7.2447 0.978347 369.974 0.984207 368.428
192 13.405 1.08775 7.3694 0.979681 375.766 0.983719 374.239
193 13.475 1.05749 7.4919 0.977918 381.609 0.98221 380.102
194 13.545 1.04488 7.6142 0.97999 387.526 0.98314 386.031
195 13.615 1.04896 7.73825 0.980059 393.504 0.982092 392.015
196 13.685 1.04286 7.86285 0.984747 399.573 0.98321 398.068
197 13.755 1.06499 7.9914 0.98299 405.692 0.982339 404.178
198 13.825 1.0485 8.11925 0.985606 411.891 0.983419 410.357
199 13.895 1.027 8.24575 0.991704 418.192 0.983834 416.601
200 13.965 1.02758 8.3736 0.987568 424.529 0.984393 422.912
600000 200
1 0.035 0 0 0 0 0 0
2 0.105 0 0 0 0 0 0
3 0.175 0 0 0 0 0 0
4 0.245 0 0 0 0 0 0
5 0.315 0 0 0 0 0 0
6 0.385 0 0 0 0 0 0
7 0.455 0 0 0 0 0 0
8 0.525 0 0 0 0 0 0
9 0.595 0 0 0 0 0 0
10 0.665 0 0 0 0 0 0
11 0.735 0 0 0 0 0 0
12 0.805 0 0 0 0 0 0
13 0.875 0 0 0 0 0 0
14 0.945 0 0 0 0 0 0
15 1.015 0 0 0 0 0 0
16 1.085 0 0 0 0 0 0
17 1.155 0 0 0 0 0 0
18 1.225 0 0 0 0 0 0
19 1.295 0 0 0 0 0 0
20 1.365 0 0 0 0 0 0
21 1.435 0 0 0 0 0 0
22 1.505 0 0 0 0 0 0
23 1.575 0 0 0 0 0 0
24 1.645 0 0 0 0 0 0
25 1.715 0 0 0 0 0 0
26 1.785 0 0 0 0 0 0
27 1.855 0 0 0 0 0 0
28 1.925 0 0 0 0 0 0
29 1.995 0 0 0 0 0 0
30 2.065 0 0 0 0 0 0
31 2.135 0 0 0 0 0 0
32 2.205 0 0 0 0 0 0
33 2.275 0 0 0 0 0 0
34 2.345 0 0 0 0 0 0
35 2.415 0 0 0 0 0 0
36 2.485 0 0 0 0 0 0
37 2.555 0 0 0 0 0 0
38 2.625 0 0 0 0 0 0
39 2.695 0 0 0 0 0 0
40 2.765 0 0 0 0 0 0
41 2.835 0 0 0 0 0 0
42 2.905 0 0 0 0 0 0
43 2.975 0 0 0 0 1.05213e-05 3.06122e-06
44 3.045 0 0 0.000491612 0.00015 0.000187472 6.02041e-05
45 3.115 0 0 0.0027403 0.001025 0.00192897 0.00067551
46 3.185 0.0154512 0.0001 0.0135552 0.00555 0.00959582 0.00387551
47 3.255 0.0517782 0.00045 0.0481854 0.02235 0.0332756 0.0154653
48 3.325 0.170129 0.00165 0.107474 0.06145 0.084047 0.0460112
49 3.395 0.387568 0.0045 0.218435 0.1443 0.167242 0.10938
50 3.465 0.535254 0.0086 0.359159 0.2862 0.275292 0.218034
51 3.535 0.708685 0.01425 0.512811 0.497075 0.400352 0.382496
52 3.605 0.910585 0.0218 0.657005 0.77805 0.524454 0.606555
53 3.675 1.16057 0.0318 0.779483 1.12448 0.628505 0.885596
54 3.745 1.3411 0.0438 0.869138 1.5256 0.702545 1.2095
55 3.815 1.32465 0.0561 0.922047 1.9672 0.745665 1.56626
56 3.885 1.38639 0.06945 0.967089 2.44752 0.764222 1.94544
57 3.955 1.37783 0.0832 0.97998 2.95195 0.761358 2.33694
58 4.025 1.55769 0.0993 1.005 3.48772 0.755099 2.73908
59 4.095 1.54695 0.11585 1.01506 4.04785 0.754663 3.15509
60 4.165 1.53154 0.1328 1.03172 4.6368 0.761239 3.58919
61 4.235 1.41141 0.14895 1.03518 5.24775 0.778379 4.04811
62 4.305 1.40817 0.1656 1.06528 5.89743 0.800152 4.5356
63 4.375 1.38804 0.18255 1.05866 6.56423 0.827321 5.05616
64 4.445 1.3883 0.20005 1.09071 7.27338 0.847212 5.60643
65 4.515 1.3725 0.2179 1.08794 8.00318 0.870173 6.18955
66 4.585 1.41293 0.23685 1.09838 8.763 0.892685 6.80646
67 4.655 1.41054 0.25635 1.10581 9.5515 0.914874 7.45814
68 4.725 1.25321 0.2742 1.11626 10.3716 0.942308 8.14971
69 4.795 1.25779 0.29265 1.13906 11.2334 0.973186 8.88526
70 4.865 1.29802 0.31225 1.15303 12.1314 1.00285 9.66552
71 4.935 1.38052 0.3337 1.16747 13.067 1.02966 10.4899
72 5.005 1.33592 0.35505 1.17862 14.0386 1.04972 11.3543
73 5.075 1.34801 0.3772 1.17365 15.0333 1.06356 12.2548
74 5.145 1.37671 0.40045 1.17273 16.0548 1.07191 13.1875
75 5.215 1.23914 0.42195 1.17308 17.1046 1.07517 14.1487
76 5.285 1.34683 0.44595 1.16438 18.1748 1.08098 15.1413
77 5.355 1.28998 0.46955 1.15658 19.2662 1.08903 16.1679
78 5.425 1.29419 0.49385 1.17173 20.401 1.09979 17.2319
79 5.495 1.15501 0.5161 1.16089 21.5545 1.11071 18.3344
80 5.565 1.19447 0.5397 1.16629 22.743 1.12532 19.48
81 5.635 1.07612 0.5615 1.16786 23.9633 1.13721 20.667
82 5.705 1.28586 0.5882 1.16288 25.2087 1.14911 21.8965
83 5.775 1.20082 0.61375 1.16101 26.4829 1.1561 23.1639
84 5.845 1.18829 0.63965 1.15939 27.7863 1.16331 24.4704
85 5.915 1.17825 0.66595 1.14603 29.1057 1.16659 25.8121
86 5.985 1.18586 0.69305 1.1359 30.4446 1.16563 27.1847
87 6.055 1.16501 0.7203 1.14097 31.8211 1.16451 28.5882
88 6.125 1.15107 0.74785 1.12639 33.2116 1.1612 30.0202
89 6.195 1.05169 0.7736 1.1177 34.6232 1.15375 31.4758
90 6.265 1.05228 0.79995 1.10318 36.048 1.14597 32.9544
91 6.335 1.05845 0.82705 1.09497 37.4941 1.13677 34.4541
92 6.405 1.07365 0.85515 1.08276 38.9557 1.12832 35.9757
93 6.475 1.06925 0.88375 1.06098 40.4195 1.11807 37.5166
94 6.545 1.0154 0.9115 1.04311 41.8899 1.1082 39.0771
95 6.615 1.02447 0.9401 1.0408 43.3885 1.09869 40.6575
96 6.685 1.07854 0.97085 1.02471 44.8954 1.08967 42.2583
97 6.755 1.02367 1.00065 1.0234 46.4321 1.08418 43.8846
98 6.825 0.925382 1.02815 1.00689 47.9754 1.07562 45.5316
99 6.895 0.933065 1.05645 0.994392 49.531 1.06877 47.2019
100 6.965 0.980642 1.0868 0.993659 51.1173 1.06108 48.894
101 7.035 0.891547 1.11495 0.975932 52.7066 1.05399 50.6087
102 7.105 0.825938 1.14155 0.972479 54.322 1.04383 52.3409
103 7.175 0.831214 1.16885 0.965122 55.957 1.03544 54.0932
104 7.245 0.846585 1.1972 0.958663 57.6128 1.02576 55.8631
105 7.315 0.845106 1.22605 0.945671 59.278 1.01649 57.6511
106 7.385 0.921131 1.2581 0.944628 60.9732 1.0046 59.4522
107 7.455 0.846097 1.2881 0.939562 62.6915 0.995238 61.2704
108 7.525 0.840118 1.31845 0.929717 64.4239 0.985699 63.1053
109 7.595 0.832855 1.3491 0.926725 66.183 0.976385 64.9567
110 7.665 0.908421 1.38315 0.926389 67.974 0.968695 66.8276
111 7.735 0.817389 1.41435 0.918599 69.7825 0.961097 68.7178
112 7.805 0.846535 1.44725 0.922001 71.6308 0.952768 70.6258
113 7.875 0.849245 1.48085 0.919134 73.5064 0.947751 72.5579
114 7.945 0.843037 1.5148 0.912313 75.4014 0.941931 74.5124
115 8.015 0.834476 1.549 0.916942 77.3397 0.938046 76.4933
116 8.085 0.9232 1.5875 0.915464 79.3089 0.934606 78.5016
117 8.155 0.883849 1.625 0.91566 81.3127 0.931667 80.5384
118 8.225 0.916367 1.66455 0.91501 83.3497 0.929985 82.6065
119 8.295 0.883881 1.70335 0.922753 85.4389 0.927604 84.7046
120 8.365 0.86355 1.7419 0.925647 87.5703 0.927662 86.8385
121 8.435 0.951719 1.7851 0.930273 89.7483 0.926591 89.0056
122 8.505 0.916615 1.8274 0.932993 91.9691 0.926966 91.2098
123 8.575 0.944345 1.8717 0.941153 94.2463 0.928345 93.4537
124 8.645 0.928065 1.91595 0.941486 96.5616 0.929145 95.7364
125 8.715 0.982353 1.96355 0.954051 98.9461 0.93193 98.0632
126 8.785 1.01652 2.0136 0.95392 101.369 0.933992 100.433
127 8.855 0.973525 2.0623 0.958829 103.843 0.936063 102.845
128 8.925 0.994718 2.11285 0.969714 106.384 0.939317 105.305
129 8.995 1.0287 2.16595 0.970586 108.969 0.943443 107.814
130 9.065 1.06056 2.22155 0.976706 111.61 0.947423 110.374
131 9.135 1.04718 2.2773 0.987624 114.322 0.951818 112.985
132 9.205 1.02669 2.3328 0.994188 117.094 0.954925 115.644
133 9.275 1.08414 2.3923 0.997034 119.916 0.959925 118.359
134 9.345 1.1227 2.45485 1.00368 122.8 0.965727 121.131
135 9.415 1.03976 2.51365 1.00672 125.737 0.969474 123.956
136 9.485 1.07499 2.57535 1.00857 128.722 0.975018 126.84
137 9.555 1.07733 2.6381 1.01257 131.764 0.979435 129.779
138 9.625 1.14716 2.7059 1.02205 134.88 0.984563 132.778
139 9.695 1.1465 2.77465 1.02465 138.049 0.987766 135.83
140 9.765 1.13587 2.84375 1.02727 141.273 0.993714 138.944
141 9.835 1.21537 2.91875 1.0334 144.562 0.998058 142.118
142 9.905 1.10239 2.98775 1.03007 147.887 1.00226 145.35
143 9.975 1.11139 3.0583 1.03805 151.286 1.00693 148.644
144 10.045 1.17984 3.13425 1.04102 154.743 1.01105 151.997
145 10.115 1.14289 3.20885 1.04276 158.253 1.01418 155.408
146 10.185 1.08341 3.28055 1.04184 161.81 1.01789 158.879
147 10.255 1.16406 3.35865 1.04472 165.425 1.02004 162.406
148 10.325 1.11892 3.43475 1.04527 169.092 1.02377 165.993
149 10.395 1.16701 3.5152 1.04417 172.804 1.02614 169.638
150 10.465 1.15646 3.596 1.03517 176.535 1.02787 173.339
151 10.535 1.14679 3.6772 1.04098 180.337 1.03107 177.1
152 10.605 1.07804 3.75455 1.04003 184.186 1.03262 180.918
153 10.675 1.06601 3.83205 1.04203 188.093 1.03282 184.787
154 10.745 1.13838 3.9159 1.03824 192.038 1.03422 188.712
155 10.815 1.03457 3.9931 1.03614 196.026 1.03437 192.689
156 10.885 1.1245 4.0781 1.03997 200.08 1.03573 196.723
157 10.955 1.0847 4.16115 1.03462 204.166 1.03673 200.813
158 11.025 1.09547 4.2461 1.03201 208.294 1.03601 204.953
159 11.095 1.05177 4.3287 1.02638 212.451 1.03564 209.144
160 11.165 1.05497 4.4126 1.02438 216.653 1.03447 213.383
161 11.235 1.08533 4.5 1.02249 220.9 1.03434 217.674
162 11.305 1.07377 4.58755 1.01922 225.187 1.03326 222.015
163 11.375 1.07816 4.67655 1.01906 229.526 1.03245 226.407
164 11.445 1.04228 4.76365 1.01255 233.89 1.03116 230.847
165 11.515 1.04737 4.85225 1.01127 238.302 1.0292 235.333
166 11.585 1.02716 4.9402 1.00692 242.749 1.02717 239.865
167 11.655 1.05179 5.03135 1.00692 247.25 1.02471 244.44
168 11.725 1.02616 5.12135 1.00406 251.792 1.02255 249.061
169 11.795 1.01119 5.2111 0.996383 256.354 1.02104 253.731
170 11.865 1.04272 5.30475 0.994801 260.962 1.01973 258.45
171 11.935 1.02943 5.3983 0.995711 265.629 1.01715 263.213
172 12.005 0.977215 5.48815 0.991028 270.329 1.0142 268.018
173 12.075 1.00354 5.5815 0.989398 275.076 1.0112 272.864
174 12.145 1.02176 5.67765 0.990728 279.885 1.01013 277.762
175 12.215 0.976995 5.77065 0.986009 284.726 1.00788 282.706
176 12.285 0.976798 5.8647 0.98442 289.615 1.0054 287.694
177 12.355 1.03918 5.9659 0.985993 294.567 1.00313 292.727
178 12.425 0.98537 6.06295 0.983802 299.565 1.00155 297.81
179 12.495 1.01502 6.16405 0.978659 304.593 1.00032 302.944
180 12.565 0.976937 6.26245 0.980018 309.684 0.996437 308.115
181 12.635 0.99118 6.3634 0.97668 314.815 0.994998 313.337
182 12.705 0.979802 6.4643 0.981564 320.029 0.993671 318.609
183 12.775 0.964292 6.5647 0.979891 325.291 0.991686 323.929
184 12.845 0.961885 6.66595 0.977441 330.598 0.989574 329.297
185 12.915 1.01069 6.7735 0.9794 335.974 0.987801 334.713
186 12.985 0.986343 6.8796 0.980499 341.414 0.986936 340.183
187 13.055 1.00201 6.98855 0.978379 346.901 0.986869 345.712
188 13.125 0.959954 7.09405 0.97935 352.452 0.984285 351.286
189 13.195 0.984006 7.20335 0.984542 358.093 0.983333 356.914
190 13.265 1.00171 7.3158 0.977482 363.753 0.983264 362.601
191 13.335 1.02383 7.43195 0.98097 369.493 0.983221 368.349
192 13.405 1.00532 7.5472 0.981135 375.294 0.983277 374.157
193 13.475 0.959076 7.6583 0.98442 381.176 0.98303 380.024
194 13.545 1.03163 7.77905 0.986003 387.129 0.983384 385.955
195 13.615 0.960171 7.8926 0.988071 393.156 0.983349 391.947
196 13.685 0.939493 8.00485 0.986536 399.235 0.983191 398
197 13.755 0.961022 8.12085 0.991093 405.406 0.983218 404.115
198 13.825 0.962386 8.2382 0.989024 411.626 0.98398 410.298
199 13.895 1.00467 8.36195 0.994553 417.945 0.984524 416.546
200 13.965 0.965692 8.4821 0.997892 424.348 0.985198 422.862
800000 200
1 0.035 0 0 0 0 0 0
2 0.105 0 0 0 0 0 0
3 0.175 0 0 0 0 0 0
4 0.245 0 0 0 0 0 0
5 0.315 0 0 0 0 0 0
6 0.385 0 0 0 0 0 0
7 0.455 0 0 0 0 0 0
8 0.525 0 0 0 0 0 0
9 0.595 0 0 0 0 0 0
10 0.665 0 0 0 0 0 0
11 0.735 0 0 0 0 0 0
12 0.805 0 0 0 0 0 0
13 0.875 0 0 0 0 0 0
14 0.945 0 0 0 0 0 0
15 1.015 0 0 0 0 0 0
16 1.085 0 0 0 0 0 0
17 1.155 0 0 0 0 0 0
18 1.225 0 0 0 0 0 0
19 1.295 0 0 0 0 0 0
20 1.365 0 0 0 0 0 0
21 1.435 0 0 0 0 0 0
22 1.505 0 0 0 0 0 0
23 1.575 0 0 0 0 0 0
24 1.645 0 0 0 0 0 0
25 1.715 0 0 0 0 0 0
26 1.785 0 0 0 0 0 0
27 1.855 0 0 0 0 0 0
28 1.925 0 0 0 0 0 0
29 1.995 0 0 0 0 0 0
30 2.065 0 0 0 0 0 0
31 2.135 0 0 0 0 0 0
32 2.205 0 0 0 0 0 0
33 2.275 0 0 0 0 0 0
34 2.345 0 0 0 0 0 0
35 2.415 0 0 0 0 0 0
36 2.485 0 0 0 0 0 0
37 2.555 0 0 0 0 0 0
38 2.625 0 0 0 0 0 0
39 2.695 0 0 0 0 0 0
40 2.765 0 0 0 0 0 0
41 2.835 0 0 0 0 0 0
42 2.905 0 0 0 0 0 0
43 2.975 0 0 0 0 7.0142e-06 2.04082e-06
44 3.045 0 0 0 0 0.000174081 5.5102e-05
45 3.115 0 0 0.00227054 0.000725 0.00176902 0.000619388
46 3.185 0.0231767 0.00015 0.0161764 0.006125 0.00996913 0.00394388
47 3.255 0.0739689 0.00065 0.0478269 0.0228 0.033466 0.0156
48 3.325 0.134686 0.0016 0.119843 0.0664 0.0841734 0.0461918
49 3.395 0.35357 0.0042 0.232277 0.1545 0.166103 0.109129
50 3.465 0.456924 0.0077 0.366625 0.29935 0.272748 0.216779
51 3.535 0.683598 0.01315 0.510197 0.50915 0.398948 0.380664
52 3.605 0.862342 0.0203 0.652562 0.788225 0.519672 0.602681
53 3.675 1.07933 0.0296 0.774195 1.1323 0.623221 0.879376
54 3.745 1.02259 0.03875 0.8628 1.5305 0.699597 1.20192
55 3.815 1.21157 0.05 0.909728 1.9662 0.744807 1.55827
56 3.885 1.22542 0.0618 0.94318 2.43465 0.760286 1.9355
57 3.955 1.35278 0.0753 0.961621 2.92962 0.762128 2.32739
58 4.025 1.1852 0.08755 0.998901 3.46215 0.755341 2.72966
59 4.095 1.41609 0.1027 0.999792 4.01385 0.755091 3.14591
60 4.165 1.3192 0.1173 1.02051 4.5964 0.763505 3.5813
61 4.235 1.18419 0.13085 1.03657 5.20818 0.780544 4.0415
62 4.305 1.27285 0.1459 1.05049 5.84882 0.800489 4.52919
63 4.375 1.33891 0.16225 1.06608 6.5203 0.826249 5.04907
64 4.445 1.3883 0.17975 1.08541 7.226 0.849342 5.60073
65 4.515 1.22641 0.1957 1.08637 7.95475 0.875461 6.1874
66 4.585 1.06249 0.20995 1.09241 8.71045 0.898769 6.8085
67 4.655 1.3382 0.22845 1.11945 9.50867 0.922966 7.46596
68 4.725 1.34799 0.24765 1.12361 10.3342 0.94722 8.16113
69 4.795 1.24416 0.2659 1.1571 11.2096 0.983432 8.90442
70 4.865 1.19537 0.28395 1.17171 12.1222 1.00949 9.68986
71 4.935 1.25824 0.3035 1.1894 13.0754 1.03606 10.5193
72 5.005 1.52051 0.3278 1.2021 14.0663 1.05678 11.3895
73 5.075 1.33584 0.34975 1.20344 15.0862 1.06949 12.295
74 5.145 1.25236 0.3709 1.20321 16.1343 1.07991 13.2347
75 5.215 1.15845 0.391 1.1923 17.2013 1.0807 14.2009
76 5.285 1.26546 0.41355 1.19386 18.2986 1.08556 15.1976
77 5.355 1.26265 0.43665 1.20238 19.4332 1.0916 16.2267
78 5.425 1.2143 0.45945 1.19295 20.5886 1.09854 17.2895
79 5.495 1.17837 0.48215 1.19687 21.7778 1.1137 18.3949
80 5.565 1.20206 0.5059 1.19308 22.9936 1.12572 19.5409
81 5.635 1.17485 0.5297 1.18736 24.2343 1.13658 20.7273
82 5.705 1.12693 0.5531 1.19724 25.5165 1.14485 21.9522
83 5.775 1.12563 0.57705 1.20028 26.8338 1.15539 23.2189
84 5.845 1.07359 0.60045 1.17951 28.1598 1.15871 24.5202
85 5.915 1.08417 0.62465 1.17456 29.5121 1.16357 25.8585
86 5.985 1.01958 0.64795 1.16428 30.8844 1.162 27.2267
87 6.055 1.02607 0.67195 1.16236 32.2868 1.1599 28.6247
88 6.125 1.08631 0.69795 1.14402 33.6991 1.15664 30.0511
89 6.195 1.08641 0.72455 1.12978 35.1258 1.15068 31.5028
90 6.265 0.984391 0.7492 1.10725 36.5559 1.14462 32.9796
91 6.335 1.00572 0.77495 1.092 37.998 1.1337 34.4753
92 6.405 0.991499 0.8009 1.07834 39.4537 1.12224 35.9887
93 6.475 0.988871 0.82735 1.06511 40.9232 1.11433 37.5245
94 6.545 0.951366 0.85335 1.04471 42.3958 1.10355 39.0785
95 6.615 0.943875 0.8797 1.03813 43.8906 1.09309 40.6508
96 6.685 0.94701 0.9067 1.02038 45.3912 1.08414 42.2435
97 6.755 0.912027 0.93325 1.00302 46.8972 1.07763 43.8599
98 6.825 0.91024 0.9603 0.996578 48.4247 1.07106 45.4999
99 6.895 0.870421 0.9867 0.9849 49.9655 1.06356 47.1621
100 6.965 0.924097 1.0153 0.976792 51.5248 1.0553 48.8449
101 7.035 0.908966 1.044 0.970759 53.1057 1.05027 50.5536
102 7.105 0.869409 1.072 0.961914 54.7036 1.04005 52.2795
103 7.175 0.835781 1.09945 0.948623 56.3106 1.03206 54.0261
104 7.245 0.885405 1.1291 0.934593 57.9249 1.02084 55.7875
105 7.315 0.903693 1.15995 0.933915 59.5693 1.0137 57.5706
106 7.385 0.903887 1.1914 0.925809 61.2308 1.00247 59.3679
107 7.455 0.906734 1.22355 0.925277 62.923 0.991393 61.1791
108 7.525 0.898248 1.256 0.913349 64.6249 0.984166 63.0111
109 7.595 0.885843 1.2886 0.909906 66.352 0.975405 64.8607
110 7.665 0.888412 1.3219 0.899996 68.092 0.96632 66.727
111 7.735 0.857996 1.35465 0.895374 69.8548 0.959082 68.6133
112 7.805 0.925013 1.3906 0.901123 71.6612 0.953773 70.5232
113 7.875 0.879575 1.4254 0.894032 73.4856 0.947166 72.4541
114 7.945 0.946089 1.4635 0.888831 75.3319 0.943605 74.4121
115 8.015 0.927196 1.5015 0.896459 77.2269 0.937608 76.3921
116 8.085 0.953174 1.54125 0.899913 79.1626 0.934087 78.3993
117 8.155 1.0017 1.58375 0.895497 81.1223 0.933243 80.4395
118 8.225 1.00325 1.62705 0.89931 83.1242 0.931043 82.51
119 8.295 0.940832 1.66835 0.905351 85.1741 0.93151 84.6169
120 8.365 0.983394 1.71225 0.908818 87.2667 0.930465 86.7572
121 8.435 1.07399 1.761 0.914907 89.4087 0.929949 88.9322
122 8.505 0.917698 1.80335 0.925568 91.6119 0.931257 91.1466
123 8.575 1.02961 1.85165 0.928724 93.859 0.931768 93.3988
124 8.645 1.01091 1.89985 0.932622 96.1526 0.93353 95.6923
125 8.715 1.09483 1.9529 0.939357 98.5003 0.935321 98.0275
126 8.785 1.02363 2.0033 0.944716 100.899 0.937182 100.405
127 8.855 1.00851 2.05375 0.951833 103.355 0.940476 102.829
128 8.925 1.02915 2.10605 0.959003 105.869 0.943837 105.301
129 8.995 1.05776 2.16065 0.967178 108.444 0.947412 107.821
130 9.065 1.06342 2.2164 0.971196 111.07 0.951885 110.392
131 9.135 1.09978 2.27495 0.985002 113.775 0.957133 113.017
132 9.205 1.02947 2.3306 0.993229 116.544 0.960094 115.692
133 9.275 1.106 2.3913 0.992406 119.354 0.965291 118.421
134 9.345 1.0868 2.45185 1.00581 122.244 0.969529 121.205
135 9.415 1.12198 2.5153 1.01044 125.191 0.973679 124.042
136 9.485 1.12901 2.5801 1.01114 128.185 0.978234 126.935
137 9.555 1.10995 2.64475 1.02082 131.252 0.983217 129.886
138 9.625 1.09471 2.70945 1.02787 134.385 0.987374 132.893
139 9.695 1.16484 2.7793 1.03117 137.574 0.99152 135.956
140 9.765 1.0808 2.84505 1.0364 140.826 0.997271 139.082
141 9.835 1.09059 2.91235 1.03935 144.134 0.999769 142.261
142 9.905 1.08641 2.98035 1.03508 147.476 1.00393 145.499
143 9.975 1.06177 3.04775 1.0439 150.894 1.00853 148.798
144 10.045 1.07421 3.1169 1.04433 154.361 1.01071 152.15
145 10.115 1.13906 3.19125 1.04639 157.884 1.01453 155.562
146 10.185 1.14536 3.26705 1.04502 161.452 1.01762 159.032
147 10.255 1.11487 3.34185 1.05008 165.085 1.02262 162.568
148 10.325 1.06379 3.4142 1.05059 168.771 1.02441 166.157
149 10.395 1.05023 3.4866 1.05395 172.518 1.02745 169.807
150 10.465 1.06557 3.56105 1.05441 176.318 1.02939 173.513
151 10.535 1.04086 3.63475 1.05073 180.156 1.02974 177.27
152 10.605 1.04738 3.7099 1.04578 184.026 1.03124 181.082
153 10.675 1.06601 3.7874 1.04761 187.954 1.03165 184.947
154 10.745 1.02841 3.86315 1.0511 191.948 1.03368 188.87
155 10.815 1.0004 3.9378 1.04581 195.973 1.03558 192.852
156 10.885 0.984265 4.0122 1.04143 200.033 1.0355 196.885
157 10.955 0.95736 4.0855 1.04038 204.142 1.03373 200.963
158 11.025 0.987797 4.1621 1.0371 208.29 1.03471 205.097
159 11.095 0.990652 4.2399 1.03349 212.476 1.03381 209.281
160 11.165 1.01725 4.3208 1.03225 216.711 1.03375 213.517
161 11.235 0.987848 4.40035 1.02971 220.988 1.03263 217.802
162 11.305 0.957256 4.4784 1.02623 225.303 1.03144 222.135
163 11.375 0.935819 4.55565 1.02429 229.664 1.02964 226.514
164 11.445 0.962699 4.6361 1.01824 234.053 1.02781 230.94
165 11.515 0.991223 4.71995 1.01415 238.478 1.02648 235.414
166 11.585 0.931397 4.7997 1.01512 242.962 1.02401 239.932
167 11.655 0.908127 4.8784 1.008 247.467 1.02301 244.5
168 11.725 0.912138 4.9584 1.00379 252.008 1.02093 249.114
169 11.795 0.90585 5.0388 1.00229 256.597 1.01797 253.769
170 11.865 0.910781 5.1206 1.00025 261.23 1.01542 258.468
171 11.935 0.932041 5.2053 1.00364 265.935 1.01468 263.22
172 12.005 0.911415 5.2891 0.996684 270.661 1.01227 268.015
173 12.075 0.905716 5.37335 0.991384 275.418 1.00951 272.854
174 12.145 0.889461 5.45705 0.990269 280.224 1.00805 277.742
175 12.215 0.903983 5.5431 0.986233 285.066 1.00562 282.674
176 12.285 0.884363 5.62825 0.986393 289.965 1.00278 287.649
177 12.355 0.875398 5.7135 0.983579 294.906 1.00071 292.67
178 12.425 0.898052 5.80195 0.982951 299.899 0.998695 297.739
179 12.495 0.897054 5.8913 0.977905 304.923 0.996983 302.855
180 12.565 0.881626 5.9801 0.976813 309.998 0.996268 308.026
181 12.635 0.858139 6.0675 0.98527 315.174 0.993431 313.239
182 12.705 0.916197 6.16185 0.977229 320.364 0.992296 318.505
183 12.775 0.913868 6.257 0.981171 325.633 0.990752 323.82
184 12.845 0.94051 6.356 0.980669 330.958 0.989305 329.186
185 12.915 0.885235 6.4502 0.979655 336.335 0.987891 334.602
186 12.985 0.877111 6.54455 0.978093 341.761 0.986039 340.068
187 13.055 0.889343 6.64125 0.978531 347.249 0.985685 345.59
188 13.125 0.902175 6.7404 0.986397 352.841 0.984613 351.166
189 13.195 0.896229 6.83995 0.986484 358.493 0.984102 356.798
190 13.265 0.899266 6.9409 0.983492 364.187 0.983416 362.486
191 13.335 0.92555 7.0459 0.988028 369.969 0.984212 368.239
192 13.405 0.911111 7.15035 0.985287 375.795 0.983501 374.049
193 13.475 0.958645 7.2614 0.989583 381.707 0.983704 379.92
194 13.545 0.943636 7.37185 0.989502 387.681 0.982631 385.847
195 13.615 0.966936 7.4862 0.992645 393.736 0.983496 391.84
196 13.685 0.952466 7.6 0.993202 399.857 0.983295 397.893
197 13.755 0.956051 7.7154 0.994515 406.048 0.983224 404.008
198 13.825 0.934093 7.8293 0.995965 412.312 0.984298 410.193
199 13.895 1.0201 7.95495 0.99665 418.644 0.985184 416.445
200 13.965 0.988598 8.07795 0.997619 425.046 0.986454 422.769
1000000 200
1 0.035 0 0 0 0 0 0
2 0.105 0 0 0 0 0 0
3 0.175 0 0 0 0 0 0
4 0.245 0 0 0 0 0 0
5 0.315 0 0 0 0 0 0
6 0.385 0 0 0 0 0 0
7 0.455 0 0 0 0 0 0
8 0.525 0 0 0 0 0 0
9 0.595 0 0 0 0 0 0
10 0.665 0 0 0 0 0 0
11 0.735 0 0 0 0 0 0
12 0.805 0 0 0 0 0 0
13 0.875 0 0 0 0 0 0
14 0.945 0 0 0 0 0 0
15 1.015 0 0 0 0 0 0
16 1.085 0 0 0 0 0 0
17 1.155 0 0 0 0 0 0
18 1.225 0 0 0 0 0 0
19 1.295 0 0 0 0 0 0
20 1.365 0 0 0 0 0 0
21 1.435 0 0 0 0 0 0
22 1.505 0 0 0 0 0 0
23 1.575 0 0 0 0 0 0
24 1.645 0 0 0 0 0 0
25 1.715 0 0 0 0 0 0
26 1.785 0 0 0 0 0 0
27 1.855 0 0 0 0 0 0
28 1.925 0 0 0 0 0 0
29 1.995 0 0 0 0 0 0
30 2.065 0 0 0 0 0 0
31 2.135 0 0 0 0 0 0
32 2.205 0 0 0 0 0 0
33 2.275 0 0 0 0 0 0
34 2.345 0 0 0 0 0 0
35 2.415 0 0 0 0 0 0
36 2.485 0 0 0 0 0 0
37 2.555 0 0 0 0 0 0
38 2.625 0 0 0 0 0 0
39 2.695 0 0 0 0 0 0
40 2.765 0 0 0 0 0 0
41 2.835 0 0 0 0 0 0
42 2.905 0 0 0 0 0 0
43 2.975 0 0 0 0 2.10426e-05 6.12245e-06
44 3.045 0 0 0.000245806 7.5e-05 0.000207558 6.93878e-05
45 3.115 0 0 0.00219224 0.000775 0.00190018 0.00067551
46 3.185 0.0154512 0.0001 0.0154275 0.005925 0.00978553 0.00393878
47 3.255 0.0887626 0.0007 0.0472533 0.0224 0.0334601 0.0155929
48 3.325 0.233928 0.00235 0.121423 0.066575 0.0830307 0.0457694
49 3.395 0.312774 0.00465 0.228454 0.153225 0.165608 0.108518
50 3.465 0.620112 0.0094 0.354096 0.293125 0.273428 0.216437
51 3.535 0.796486 0.01575 0.511413 0.503425 0.394527 0.378506
52 3.605 1.12165 0.02505 0.652738 0.782575 0.516677 0.599243
53 3.675 1.13735 0.03485 0.764576 1.12238 0.625135 0.876788
54 3.745 1.35787 0.047 0.858683 1.51868 0.698003 1.1986
55 3.815 1.48081 0.06075 0.912442 1.95568 0.746842 1.55593
56 3.885 1.70832 0.0772 0.941519 2.4233 0.764239 1.93511
57 3.955 1.7987 0.09515 0.962933 2.91895 0.766127 2.32906
58 4.025 1.69798 0.1127 0.984176 3.44363 0.759993 2.73381
59 4.095 1.83671 0.13235 0.993449 3.99182 0.758913 3.15216
60 4.165 1.65352 0.15065 1.02222 4.57535 0.766505 3.58926
61 4.235 1.81342 0.1714 1.03751 5.18768 0.781595 4.05008
62 4.305 1.62807 0.19065 1.06008 5.83417 0.804549 4.54024
63 4.375 1.65418 0.21085 1.07803 6.51318 0.829324 5.06207
64 4.445 1.49936 0.22975 1.08414 7.21805 0.850827 5.61468
65 4.515 1.45323 0.24865 1.09409 7.95197 0.877281 6.20257
66 4.585 1.53222 0.2692 1.10037 8.71317 0.897906 6.82308
67 4.655 1.58053 0.29105 1.11401 9.50753 0.920989 7.47913
68 4.725 1.44277 0.3116 1.13675 10.3427 0.946929 8.17409
69 4.795 1.47254 0.3332 1.16008 11.2204 0.980507 8.91517
70 4.865 1.41391 0.35455 1.178 12.1378 1.01057 9.70144
71 4.935 1.46097 0.37725 1.19012 13.0916 1.03167 10.5274
72 5.005 1.39223 0.3995 1.18972 14.0723 1.05478 11.396
73 5.075 1.30236 0.4209 1.19265 15.0831 1.06842 12.3006
74 5.145 1.4004 0.44455 1.19132 16.1208 1.0752 13.2362
75 5.215 1.29678 0.46705 1.18693 17.1831 1.07659 14.1987
76 5.285 1.41978 0.49235 1.18989 18.2767 1.08335 15.1934
77 5.355 1.30365 0.5162 1.18045 19.3906 1.08766 16.2187
78 5.425 1.16371 0.53805 1.19094 20.544 1.09555 17.2786
79 5.495 1.25883 0.5623 1.18243 21.7189 1.11045 18.3808
80 5.565 1.18434 0.5857 1.18572 22.9272 1.1224 19.5235
81 5.635 1.31306 0.6123 1.17826 24.1583 1.13452 20.7077
82 5.705 1.34365 0.6402 1.1869 25.4295 1.14612 21.9339
83 5.775 1.32302 0.66835 1.1691 26.7126 1.15375 23.1988
84 5.845 1.19288 0.69435 1.16014 28.0168 1.15862 24.5
85 5.915 1.26785 0.72265 1.15875 29.3509 1.16201 25.8365
86 5.985 1.10272 0.74785 1.15482 30.7121 1.16211 27.2049
87 6.055 1.11799 0.774 1.14767 32.0967 1.15949 28.6023
88 6.125 1.13227 0.8011 1.12418 33.4845 1.15701 30.0292
89 6.195 0.972047 0.8249 1.11966 34.8985 1.15093 31.4812
90 6.265 1.11418 0.8528 1.1002 36.3195 1.14553 32.9592
91 6.335 1.17757 0.88295 1.09431 37.7646 1.13462 34.4561
92 6.405 1.09275 0.91155 1.0818 39.225 1.1268 35.9757
93 6.475 1.03747 0.9393 1.04946 40.6729 1.11467 37.5119
94 6.545 0.971491 0.96585 1.04556 42.1467 1.10398 39.0665
95 6.615 1.01731 0.99425 1.03006 43.6299 1.09418 40.6404
96 6.685 0.97507 1.02205 1.01147 45.1173 1.08632 42.2363
97 6.755 1.01165 1.0515 1.00399 46.6248 1.07808 43.8534
98 6.825 0.891732 1.078 1.00344 48.1629 1.07128 45.4938
99 6.895 0.941307 1.10655 0.996358 49.7216 1.0657 47.1592
100 6.965 0.967717 1.1365 0.979548 51.2852 1.05765 48.8459
101 7.035 0.980227 1.16745 0.963513 52.8544 1.05087 50.5556
102 7.105 0.970322 1.1987 0.962967 54.454 1.04139 52.2837
103 7.175 0.933213 1.22935 0.95308 56.0686 1.03213 54.0304
104 7.245 0.970512 1.26185 0.949559 57.7087 1.02099 55.7921
105 7.315 0.960814 1.29465 0.938316 59.3609 1.0125 57.573
106 7.385 0.938375 1.3273 0.927592 61.0256 1.00129 59.3682
107 7.455 0.943399 1.36075 0.92145 62.7108 0.992858 61.1821
108 7.525 0.989595 1.3965 0.919561 64.4242 0.983993 63.0137
109 7.595 0.994535 1.4331 0.912804 66.1568 0.975461 64.8634
110 7.665 1.04982 1.47245 0.908272 67.9128 0.967557 66.7321
111 7.735 1.02436 1.51155 0.90858 69.7016 0.960165 68.6205
112 7.805 1.08583 1.55375 0.903543 71.5129 0.953749 70.5304
113 7.875 1.03375 1.59465 0.901971 73.3535 0.948091 72.4632
114 7.945 0.982095 1.6342 0.900879 75.2248 0.943471 74.421
115 8.015 1.01382 1.67575 0.896246 77.1193 0.940095 76.4062
116 8.085 1.02032 1.7183 0.90061 79.0565 0.936259 78.418
117 8.155 1.02173 1.76165 0.905047 81.0371 0.932654 80.457
118 8.225 0.991669 1.80445 0.904936 83.0516 0.931562 82.5286
119 8.295 0.986393 1.84775 0.911214 85.1148 0.930945 84.6343
120 8.365 1.01028 1.89285 0.918383 87.2294 0.929931 86.7733
121 8.435 1.0112 1.93875 0.915964 89.3739 0.930508 88.9496
122 8.505 1.00979 1.98535 0.92811 91.583 0.932197 91.1663
123 8.575 1.03814 2.03405 0.924808 93.8207 0.931521 93.4179
124 8.645 1.06963 2.08505 0.942828 96.1394 0.933206 95.7105
125 8.715 1.05974 2.1364 0.945819 98.5032 0.934555 98.0439
126 8.785 1.0805 2.1896 0.949382 100.914 0.938804 100.426
127 8.855 1.07747 2.2435 0.959052 103.389 0.941488 102.852
128 8.925 1.11082 2.29995 0.963266 105.914 0.943912 105.324
129 8.995 1.09747 2.3566 0.975037 108.51 0.948882 107.848
130 9.065 1.12827 2.41575 0.972768 111.14 0.95254 110.421
131 9.135 1.12044 2.4754 0.9901 113.859 0.95541 113.042
132 9.205 1.13029 2.5365 0.992332 116.626 0.960791 115.718
133 9.275 1.12149 2.59805 0.994031 119.44 0.966106 118.45
134 9.345 1.13257 2.66115 1.00135 122.317 0.9695 121.233
135 9.415 1.10342 2.72355 1.00783 125.257 0.973147 124.069
136 9.485 1.12029 2.78785 1.00847 128.242 0.9794 126.965
137 9.555 1.09278 2.8515 1.01095 131.279 0.983916 129.918
138 9.625 1.15054 2.9195 1.01815 134.383 0.98713 132.924
139 9.695 1.09563 2.9852 1.02571 137.556 0.991739 135.988
140 9.765 1.06765 3.05015 1.03374 140.799 0.996185 139.111
141 9.835 1.15541 3.12145 1.03409 144.091 0.999591 142.289
142 9.905 1.12076 3.1916 1.03629 147.436 1.00467 145.53
143 9.975 1.13975 3.26395 1.04522 150.859 1.00768 148.826
144 10.045 1.13168 3.3368 1.04051 154.313 1.01178 152.182
145 10.115 1.11531 3.4096 1.03991 157.814 1.01474 155.594
146 10.185 1.12723 3.4842 1.03991 161.364 1.01871 159.068
147 10.255 1.10146 3.5581 1.04192 164.97 1.0219 162.601
148 10.325 1.07555 3.63125 1.04679 168.642 1.02355 166.188
149 10.395 1.08795 3.70625 1.04376 172.353 1.026 169.832
150 10.465 1.06557 3.7807 1.03895 176.097 1.02834 173.534
151 10.535 1.04369 3.8546 1.04485 179.913 1.03028 177.293
152 10.605 1.05086 3.93 1.04525 183.782 1.03109 181.105
153 10.675 1.02062 4.0042 1.03547 187.664 1.03319 184.976
154 10.745 1.00669 4.07835 1.04216 191.624 1.03349 188.898
155 10.815 0.989007 4.15215 1.04118 195.631 1.03354 192.872
156 10.885 1.01668 4.229 1.03328 199.66 1.03372 196.898
157 10.955 0.988706 4.3047 1.03517 203.748 1.03452 200.979
158 11.025 1.01488 4.3834 1.03238 207.877 1.03266 205.106
159 11.095 0.985559 4.4608 1.03215 212.058 1.03385 209.289
160 11.165 0.975754 4.5384 1.02873 216.278 1.03162 213.516
161 11.235 1.01082 4.6198 1.0227 220.526 1.03065 217.793
162 11.305 0.962775 4.6983 1.0227 224.827 1.02978 222.119
163 11.375 0.990333 4.78005 1.01594 229.152 1.02968 226.499
164 11.445 0.924407 4.8573 1.02237 233.559 1.02692 230.921
165 11.515 0.891332 4.9327 1.01022 237.967 1.02443 235.386
166 11.585 0.920886 5.01155 1.0091 242.423 1.02485 239.908
167 11.655 0.965245 5.0952 1.00601 246.92 1.0222 244.472
168 11.725 0.931521 5.1769 1.00132 251.45 1.01979 249.081
169 11.795 0.895147 5.25635 1.00256 256.04 1.01788 253.736
170 11.865 0.913565 5.3384 1.00003 260.672 1.01592 258.437
171 11.935 0.939193 5.42375 0.995769 265.34 1.01437 263.187
172 12.005 0.947306 5.51085 0.994702 270.057 1.01105 267.977
173 12.075 0.933667 5.5977 0.990842 274.811 1.00919 272.814
174 12.145 0.945251 5.68665 0.991511 279.623 1.00721 277.698
175 12.215 0.948106 5.7769 0.990368 284.486 1.00666 282.635
176 12.285 0.958623 5.8692 0.988205 289.393 1.00299 287.611
177 12.355 0.908257 5.95765 0.989512 294.364 1.00007 292.629
178 12.425 0.909728 6.04725 0.987331 299.379 0.998252 297.695
179 12.495 0.922153 6.1391 0.982995 304.43 0.997156 302.813
180 12.565 0.920346 6.2318 0.987097 309.558 0.995799 307.981
181 12.635 0.900849 6.32355 0.988377 314.75 0.993826 313.196
182 12.705 0.881239 6.4143 0.985075 319.982 0.99194 318.46
183 12.775 0.930676 6.5112 0.984695 325.27 0.991069 323.777
184 12.845 0.92436 6.6085 0.983201 330.608 0.989605 329.144
185 12.915 0.920005 6.7064 0.982042 335.998 0.988073 334.562
186 12.985 0.921733 6.80555 0.981657 341.445 0.987788 340.037
187 13.055 0.913255 6.90485 0.98277 346.957 0.98651 345.564
188 13.125 0.907634 7.0046 0.983142 352.53 0.985299 351.143
189 13.195 0.943944 7.10945 0.985254 358.174 0.984655 356.779
190 13.265 0.915746 7.21225 0.982646 363.864 0.984823 362.475
191 13.335 0.90748 7.3152 0.98637 369.636 0.984153 368.228
192 13.405 0.891921 7.41745 0.986674 375.47 0.984354 374.043
193 13.475 0.943969 7.5268 0.985148 381.356 0.984067 379.916
194 13.545 0.962859 7.6395 0.988898 387.326 0.984046 385.851
195 13.615 0.925924 7.749 0.9951 393.396 0.983548 391.844
196 13.685 0.929868 7.8601 0.988435 399.487 0.984471 397.905
197 13.755 0.941553 7.97375 0.99286 405.669 0.985558 404.035
198 13.825 0.961566 8.091 0.99474 411.925 0.985819 410.229
199 13.895 0.977476 8.2114 0.995257 418.248 0.986663 416.491
200 13.965 0.937963 8.3281 1.00194 424.678 0.988051 422.825
1200000 200
1 0.035 0 0 0 0 0 0
2 0.105 0 0 0 0 0 0
3 0.175 0 0 0 0 0 0
4 0.245 0 0 0 0 0 0
5 0.315 0 0 0 0 0 0
6 0.385 0 0 0 0 0 0
7 0.455 0 0 0 0 0 0
8 0.525 0 0 0 0 0 0
9 0.595 0 0 0 0 0 0
10 0.665 0 0 0 0 0 0
11 0.735 0 0 0 0 0 0
12 0.805 0 0 0 0 0 0
13 0.875 0 0 0 0 0 0
14 0.945 0 0 0 0 0 0
15 1.015 0 0 0 0 0 0
16 1.085 0 0 0 0 0 0
17 1.155 0 0 0 0 0 0
18 1.225 0 0 0 0 0 0
19 1.295 0 0 0 0 0 0
20 1.365 0 0 0 0 0 0
21 1.435 0 0 0 0 0 0
22 1.505 0 0 0 0 0 0
23 1.575 0 0 0 0 0 0
24 1.645 0 0 0 0 0 0
25 1.715 0 0 0 0 0 0
26 1.785 0 0 0 0 0 0
27 1.855 0 0 0 0 0 0
28 1.925 0 0 0 0 0 0
29 1.995 0 0 0 0 0 0
30 2.065 0 0 0 0 0 0
31 2.135 0 0 0 0 0 0
32 2.205 0 0 0 0 0 0
33 2.275 0 0 0 0 0 0
34 2.345 0 0 0 0 0 0
35 2.415 0 0 0 0 0 0
36 2.485 0 0 0 0 0 0
37 2.555 0 0 0 0 0 0
38 2.625 0 0 0 0 0 0
39 2.695 0 0 0 0 0 0
40 2.765 0 0 0 0 0 0
41 2.835 0 0 0 0 0 0
42 2.905 0 0 0 0 0 0
43 2.975 0 0 0 0 1.05213e-05 3.06122e-06
44 3.045 0 0 0.000327741 0.0001 0.00019082 6.12245e-05
45 3.115 0 0 0.00242713 0.000875 0.00190338 0.000668367
46 3.185 0.0231767 0.00015 0.0122072 0.00495 0.00979471 0.00393469
47 3.255 0.0369844 0.0004 0.0420905 0.019625 0.0335773 0.0156296
48 3.325 0.226839 0.002 0.10926 0.059375 0.0837101 0.0460531
49 3.395 0.462361 0.0054 0.218303 0.142175 0.165626 0.108809
50 3.465 0.718024 0.0109 0.350047 0.280475 0.274723 0.217239
51 3.535 0.953275 0.0185 0.496882 0.4848 0.396382 0.38007
52 3.605 1.37492 0.0299 0.645606 0.7609 0.522125 0.603135
53 3.675 1.46231 0.0425 0.76047 1.09887 0.622903 0.879689
54 3.745 1.69873 0.0577 0.848879 1.49065 0.700803 1.20279
55 3.815 1.63697 0.0729 0.920011 1.93127 0.747407 1.56039
56 3.885 1.83813 0.0906 0.940059 2.39818 0.762258 1.93859
57 3.955 1.86884 0.10925 0.971529 2.89825 0.765234 2.33208
58 4.025 1.82859 0.12815 0.990319 3.4262 0.760445 2.73707
59 4.095 1.804 0.14745 0.991954 3.97358 0.757826 3.15482
60 4.165 1.82519 0.16765 1.00834 4.54917 0.767151 3.59229
61 4.235 1.73914 0.18755 1.0414 5.1638 0.782218 4.05348
62 4.305 1.94522 0.21055 1.0543 5.80677 0.803696 4.54312
63 4.375 1.66237 0.23085 1.06402 6.47695 0.830493 5.06568
64 4.445 1.5549 0.25045 1.07237 7.17417 0.852785 5.61957
65 4.515 1.5455 0.27055 1.09368 7.90783 0.877081 6.20732
66 4.585 1.5956 0.29195 1.11041 8.67598 0.899598 6.829
67 4.655 1.58776 0.3139 1.11569 9.47153 0.921221 7.48521
68 4.725 1.42171 0.33415 1.13209 10.3032 0.952037 8.18392
69 4.795 1.52026 0.35645 1.15135 11.1743 0.981787 8.92598
70 4.865 1.41722 0.37785 1.1495 12.0696 1.00958 9.71147
71 4.935 1.4481 0.40035 1.17951 13.0149 1.03508 10.5402
72 5.005 1.38285 0.42245 1.17965 13.9873 1.05429 11.4083
73 5.075 1.57623 0.44835 1.20512 15.0087 1.06886 12.3133
74 5.145 1.35007 0.47115 1.18406 16.0401 1.07463 13.2484
75 5.215 1.40916 0.4956 1.19699 17.1113 1.07894 14.213
76 5.285 1.48151 0.522 1.17577 18.1919 1.08096 15.2055
77 5.355 1.33645 0.54645 1.18166 19.307 1.08661 16.2298
78 5.425 1.30484 0.57095 1.17558 20.4455 1.0967 17.2909
79 5.495 1.25105 0.59505 1.18122 21.6192 1.10709 18.3897
80 5.565 1.27798 0.6203 1.18854 22.8304 1.11706 19.527
81 5.635 1.18225 0.64425 1.17192 24.0549 1.12989 20.7064
82 5.705 1.22325 0.66965 1.17215 25.3103 1.14141 21.9276
83 5.775 1.19142 0.695 1.17238 26.5969 1.15054 23.1889
84 5.845 1.14012 0.71985 1.17175 27.9142 1.15686 24.4882
85 5.915 1.15361 0.7456 1.1614 29.2513 1.16096 25.8234
86 5.985 1.09178 0.77055 1.1541 30.6117 1.1607 27.1902
87 6.055 1.13722 0.79715 1.14613 31.9944 1.15799 28.5858
88 6.125 1.05289 0.82235 1.13991 33.4017 1.15441 30.0095
89 6.195 1.14767 0.85045 1.12245 34.8192 1.14819 31.458
90 6.265 1.09621 0.8779 1.10417 36.2453 1.14199 32.9315
91 6.335 1.04478 0.90465 1.09236 37.6879 1.13234 34.4253
92 6.405 1.05454 0.93225 1.08008 39.1459 1.12259 35.9392
93 6.475 1.00756 0.9592 1.06421 40.6142 1.11242 37.4724
94 6.545 0.958684 0.9854 1.05168 42.0966 1.10176 39.0238
95 6.615 0.9188 1.01105 1.03242 43.5832 1.09169 40.5942
96 6.685 0.980331 1.039 1.02118 45.0849 1.08413 42.1868
97 6.755 0.960118 1.06695 1.01431 46.6079 1.07793 43.8037
98 6.825 0.974175 1.0959 0.995747 48.1342 1.07112 45.4438
99 6.895 0.921525 1.12385 0.981416 49.6695 1.06457 47.1076
100 6.965 0.891786 1.15145 0.976666 51.2286 1.05819 48.7951
101 7.035 0.967558 1.182 0.97013 52.8085 1.04923 50.5021
102 7.105 0.874066 1.21015 0.964156 54.4101 1.04093 52.2294
103 7.175 0.928646 1.24065 0.957256 56.0317 1.03322 53.978
104 7.245 0.918253 1.2714 0.950239 57.673 1.02352 55.744
105 7.315 0.833389 1.29985 0.944578 59.3362 1.01296 57.5258
106 7.385 0.885205 1.33065 0.936382 61.0167 1.00485 59.3273
107 7.455 0.853148 1.3609 0.928572 62.7149 0.99457 61.1444
108 7.525 0.862263 1.39205 0.920996 64.431 0.985955 62.9797
109 7.595 0.816551 1.4221 0.927331 66.1912 0.975222 64.8289
110 7.665 0.853729 1.4541 0.914027 67.9583 0.967729 66.6979
111 7.735 0.823938 1.48555 0.906295 69.7426 0.961215 68.5884
112 7.805 0.842675 1.5183 0.911762 71.5703 0.954979 70.5008
113 7.875 0.818915 1.5507 0.907263 73.4218 0.950362 72.4382
114 7.945 0.851728 1.585 0.905741 75.3031 0.945268 74.3997
115 8.015 0.871076 1.6207 0.909799 77.2264 0.940402 76.3855
116 8.085 0.851262 1.6562 0.899192 79.1605 0.939054 78.4034
117 8.155 0.868529 1.69305 0.908166 81.1479 0.934751 80.4469
118 8.225 0.838748 1.72925 0.906003 83.1648 0.934795 82.5257
119 8.295 0.840598 1.76615 0.910949 85.2274 0.932393 84.6347
120 8.365 0.889311 1.80585 0.916255 87.3371 0.932873 86.7805
121 8.435 0.893338 1.8464 0.922905 89.4978 0.93379 88.9645
122 8.505 0.889528 1.88745 0.927479 91.7055 0.933185 91.1834
123 8.575 0.886789 1.92905 0.925717 93.9454 0.933896 93.4408
124 8.645 0.933309 1.97355 0.937746 96.2516 0.935233 95.7385
125 8.715 0.98648 2.02135 0.940567 98.6023 0.935903 98.0751
126 8.785 1.01043 2.0711 0.957159 101.033 0.93888 100.457
127 8.855 0.981521 2.1202 0.959081 103.508 0.9419 102.885
128 8.925 0.941588 2.16805 0.959928 106.024 0.943961 105.357
129 8.995 0.982202 2.21875 0.973403 108.615 0.94932 107.882
130 9.065 1.00429 2.2714 0.978481 111.261 0.952404 110.454
131 9.135 0.97205 2.32315 0.985439 113.967 0.955655 113.076
132 9.205 0.983221 2.3763 0.994188 116.739 0.95997 115.75
133 9.275 0.969347 2.4295 0.999339 119.568 0.965259 118.479
134 9.345 1.04821 2.4879 0.998839 122.438 0.970095 121.264
135 9.415 1.03534 2.54645 1.01731 125.406 0.974336 124.103
136 9.485 0.993106 2.60345 1.01575 128.413 0.97849 126.997
137 9.555 1.05758 2.66505 1.01966 131.476 0.981657 129.943
138 9.625 0.999958 2.72415 1.02992 134.616 0.986373 132.947
139 9.695 1.04894 2.78705 1.03384 137.813 0.990601 136.008
140 9.765 1.05615 2.8513 1.03348 141.056 0.994749 139.126
141 9.835 1.0282 2.91475 1.03364 144.346 0.998833 142.302
142 9.905 1.02411 2.97885 1.04057 147.706 1.00245 145.535
143 9.975 1.02475 3.0439 1.04214 151.118 1.00643 148.827
144 10.045 1.02294 3.10975 1.04238 154.579 1.01025 152.178
145 10.115 0.993514 3.1746 1.04668 158.103 1.01248 155.583
146 10.185 1.01844 3.242 1.04862 161.682 1.0164 159.049
147 10.255 1.02694 3.3109 1.0468 165.305 1.01933 162.573
148 10.325 1.02923 3.3809 1.05191 168.995 1.02126 166.152
149 10.395 1.0379 3.45245 1.0498 172.728 1.02422 169.79
150 10.465 1.05627 3.52625 1.04751 176.503 1.02705 173.487
151 10.535 1.0105 3.5978 1.04826 180.331 1.02751 177.236
152 10.605 1.01672 3.67075 1.04659 184.204 1.02826 181.037
153 10.675 1.00687 3.74395 1.04611 188.127 1.03152 184.901
154 10.745 1.00669 3.8181 1.04423 192.094 1.03288 188.822
155 10.815 1.06472 3.89755 1.04093 196.1 1.03246 192.791
156 10.885 1.02726 3.9752 1.04143 200.161 1.03178 196.81
157 10.955 0.976951 4.05 1.03687 204.256 1.03223 200.882
158 11.025 0.99489 4.12715 1.03332 208.389 1.03312 205.01
159 11.095 1.01676 4.207 1.03466 212.58 1.03254 209.188
160 11.165 1.0053 4.28695 1.02549 216.786 1.03148 213.415
161 11.235 1.0102 4.3683 1.02622 221.049 1.031 217.693
162 11.305 0.975653 4.44785 1.01962 225.337 1.02996 222.02
163 11.375 0.986093 4.52925 1.02216 229.689 1.02839 226.394
164 11.445 0.974067 4.61065 1.01779 234.076 1.02781 230.82
165 11.515 0.980584 4.6936 1.0155 238.507 1.02572 235.291
166 11.585 1.05052 4.78355 1.01403 242.985 1.024 239.809
167 11.655 0.990054 4.86935 1.01104 247.504 1.02277 244.376
168 11.725 1.01988 4.9588 1.00336 252.043 1.02127 248.991
169 11.795 0.981901 5.04595 0.999938 256.621 1.01913 253.652
170 11.865 1.02992 5.13845 1.00188 261.262 1.01721 258.359
171 11.935 0.987061 5.22815 1.0013 265.955 1.01495 263.112
172 12.005 1.05335 5.325 0.995778 270.678 1.01279 267.91
173 12.075 0.977743 5.41595 0.991446 275.435 1.0114 272.757
174 12.145 1.00689 5.5107 0.989945 280.24 1.00875 277.649
175 12.215 1.0353 5.60925 0.990327 285.102 1.00618 282.584
176 12.285 1.00796 5.7063 0.985744 289.997 1.00491 287.569
177 12.355 1.01248 5.8049 0.985391 294.947 1.00194 292.597
178 12.425 1.02192 5.90555 0.982754 299.939 1.00141 297.679
179 12.495 1.00799 6.00595 0.980479 304.976 0.999307 302.807
180 12.565 1.02807 6.1095 0.9806 310.071 0.996431 307.979
181 12.635 1.01769 6.21315 0.977037 315.203 0.995727 313.204
182 12.705 1.04146 6.3204 0.98332 320.426 0.992591 318.471
183 12.775 1.01135 6.4257 0.980138 325.69 0.99243 323.795
184 12.845 0.96901 6.5277 0.975834 330.988 0.990266 329.166
185 12.915 1.00975 6.63515 0.983522 336.386 0.989329 334.591
186 12.985 1.02167 6.74505 0.974114 341.791 0.987465 340.064
187 13.055 1.01304 6.8552 0.979226 347.283 0.986552 345.591
188 13.125 1.01682 6.96695 0.980051 352.838 0.985434 351.172
189 13.195 1.03847 7.0823 0.980323 358.455 0.985475 356.812
190 13.265 1.02175 7.197 0.977327 364.114 0.984708 362.508
191 13.335 0.986813 7.30895 0.976497 369.828 0.985061 368.266
192 13.405 1.00881 7.4246 0.980328 375.624 0.984861 374.083
193 13.475 0.998786 7.5403 0.980291 381.481 0.985121 379.963
194 13.545 0.979946 7.655 0.9845 387.425 0.984898 385.903
195 13.615 1.01429 7.77495 0.984559 393.431 0.985313 391.907
196 13.685 1.00603 7.89515 0.986597 399.511 0.98539 397.974
197 13.755 1.02771 8.0192 0.988029 405.662 0.985469 404.103
198 13.825 1.00462 8.1417 0.987566 411.873 0.985696 410.296
199 13.895 1.00711 8.26575 0.988938 418.156 0.986586 416.557
200 13.965 1.01231 8.3917 0.992929 424.528 0.987919 422.891
1400000 200
1 0.035 0 0 0 0 0 0
2 0.105 0 0 0 0 0 0
3 0.175 0 0 0 0 0 0
4 0.245 0 0 0 0 0 0
5 0.315 0 0 0 0 0 0
6 0.385 0 0 0 0 0 0
7 0.455 0 0 0 0 0 0
8 0.525 0 0 0 0 0 0
9 0.595 0 0 0 0 0 0
10 0.665 0 0 0 0 0 0
11 0.735 0 0 0 0 0 0
12 0.805 0 0 0 0 0 0
13 0.875 0 0 0 0 0 0
14 0.945 0 0 0 0 0 0
15 1.015 0 0 0 0 0 0
16 1.085 0 0 0 0 0 0
17 1.155 0 0 0 0 0 0
18 1.225 0 0 0 0 0 0
19 1.295 0 0 0 0 0 0
20 1.365 0 0 0 0 0 0
21 1.435 0 0 0 0 0 0
22 1.505 0 0 0 0 0 0
23 1.575 0 0 0 0 0 0
24 1.645 0 0 0 0 0 0
25 1.715 0 0 0 0 0 0
26 1.785 0 0 0 0 0 0
27 1.855 0 0 0 0 0 0
28 1.925 0 0 0 0 0 0
29 1.995 0 0 0 0 0 0
30 2.065 0 0 0 0 0 0
31 2.135 0 0 0 0 0 0
32 2.205 0 0 0 0 0 0
33 2.275 0 0 0 0 0 0
34 2.345 0 0 0 0 0 0
35 2.415 0 0 0 0 0 0
36 2.485 0 0 0 0 0 0
37 2.555 0 0 0 0 0 0
38 2.625 0 0 0 0 0 0
39 2.695 0 0 0 0 0 0
40 2.765 0 0 0 0 0 0
41 2.835 0 0 0 0 0 0
42 2.905 0 0 0 0 0 0
43 2.975 0 0 0 0 7.0142e-06 2.04082e-06
44 3.045 0 0 0.000327741 0.0001 0.000143952 4.59184e-05
45 3.115 0 0 0.00219224 0.0008 0.00192577 0.000660204
46 3.185 0.0231767 0.00015 0.0112336 0.00455 0.00990487 0.00396327
47 3.255 0.11835 0.00095 0.0455324 0.020425 0.033466 0.0156194
48 3.325 0.155952 0.00205 0.11194 0.06115 0.0825056 0.0456051
49 3.395 0.407966 0.00505 0.21303 0.14195 0.164406 0.107899
50 3.465 0.600529 0.00965 0.358336 0.283525 0.272171 0.215321
51 3.535 0.928189 0.01705 0.504299 0.4909 0.39672 0.378292
52 3.605 0.958828 0.025 0.643034 0.7659 0.518654 0.599873
53 3.675 1.28823 0.0361 0.755463 1.10165 0.621504 0.875806
54 3.745 1.40257 0.04865 0.844491 1.4914 0.698322 1.19777
55 3.815 1.70697 0.0645 0.901846 1.92332 0.745074 1.55424
56 3.885 1.57851 0.0797 0.931855 2.38615 0.762793 1.93272
57 3.955 1.56321 0.0953 0.956133 2.8783 0.766115 2.32666
58 4.025 1.90115 0.11495 0.973953 3.39753 0.759059 2.73091
59 4.095 1.63108 0.1324 0.995307 3.94675 0.760477 3.15012
60 4.165 1.73935 0.15165 1.01832 4.52805 0.768527 3.58838
61 4.235 1.58183 0.16975 1.02505 5.13302 0.781399 4.04908
62 4.305 1.65767 0.18935 1.06422 5.78205 0.804452 4.53918
63 4.375 1.4945 0.2076 1.07898 6.46165 0.827036 5.05957
64 4.445 1.60646 0.22785 1.07706 7.16192 0.850093 5.61171
65 4.515 1.44939 0.2467 1.0942 7.89592 0.871891 6.19598
66 4.585 1.46885 0.2664 1.11135 8.66472 0.894606 6.81421
67 4.655 1.58053 0.28825 1.11885 9.46252 0.918201 7.46827
68 4.725 1.3164 0.307 1.12957 10.2924 0.945938 8.16251
69 4.795 1.418 0.3278 1.14821 11.1611 0.9771 8.90101
70 4.865 1.35431 0.34825 1.17251 12.0743 1.00601 9.68373
71 4.935 1.42879 0.37045 1.17449 13.0156 1.03215 10.5101
72 5.005 1.39849 0.3928 1.18912 13.9958 1.05518 11.379
73 5.075 1.40278 0.41585 1.19465 15.0082 1.0684 12.2835
74 5.145 1.37967 0.43915 1.17916 16.0354 1.07494 13.2189
75 5.215 1.38611 0.4632 1.17417 17.0862 1.07995 14.1844
76 5.285 1.13639 0.48345 1.17928 18.1701 1.08058 15.1766
77 5.355 1.12874 0.5041 1.19171 19.2946 1.08885 16.203
78 5.425 1.15572 0.5258 1.17548 20.433 1.09977 17.267
79 5.495 1.24066 0.5497 1.17878 21.6043 1.11081 18.3696
80 5.565 1.15651 0.57255 1.18572 22.8126 1.12522 19.5151
81 5.635 1.13042 0.59545 1.17893 24.0445 1.13622 20.7011
82 5.705 1.16786 0.6197 1.17436 25.3022 1.14724 21.9286
83 5.775 1.05043 0.64205 1.18482 26.6025 1.15388 23.1936
84 5.845 1.03689 0.66465 1.16857 27.9162 1.16004 24.4964
85 5.915 0.983371 0.6866 1.1703 29.2636 1.16408 25.8352
86 5.985 0.943 0.70815 1.16218 30.6334 1.16192 27.2034
87 6.055 1.04744 0.73265 1.1595 32.0323 1.16064 28.6022
88 6.125 1.13854 0.7599 1.14178 33.4419 1.15715 30.0293
89 6.195 1.00064 0.7844 1.13134 34.8706 1.1519 31.4825
90 6.265 0.882558 0.8065 1.1225 36.3204 1.14367 32.9581
91 6.335 0.945182 0.8307 1.10491 37.7796 1.13422 34.4545
92 6.405 0.976216 0.85625 1.08374 39.2426 1.12435 35.9707
93 6.475 0.975785 0.88235 1.06805 40.7161 1.11537 37.508
94 6.545 0.918434 0.90745 1.0534 42.2009 1.10449 39.0633
95 6.615 1.00298 0.93545 1.03539 43.6918 1.09695 40.6412
96 6.685 0.834772 0.95925 1.02278 45.1959 1.08812 42.2397
97 6.755 0.836454 0.9836 1.01264 46.7164 1.07991 43.8595
98 6.825 0.851352 1.0089 1.01304 48.2691 1.07373 45.5037
99 6.895 0.847341 1.0346 0.996853 49.8286 1.06573 47.1692
100 6.965 0.793237 1.05915 0.984685 51.4005 1.05939 48.8586
101 7.035 0.77278 1.08355 0.967781 52.9766 1.04964 50.5662
102 7.105 0.807308 1.10955 0.968656 54.5857 1.0425 52.2962
103 7.175 0.779454 1.13515 0.964045 56.2188 1.03234 54.0432
104 7.245 0.782382 1.16135 0.955189 57.8686 1.02342 55.8091
105 7.315 0.783591 1.1881 0.946438 59.5351 1.01159 57.5885
106 7.385 0.722822 1.21325 0.938388 61.2192 1.00442 59.3893
107 7.455 0.724823 1.23895 0.927519 62.9155 0.994007 61.2053
108 7.525 0.759843 1.2664 0.919601 64.629 0.987228 63.0429
109 7.595 0.754053 1.29415 0.919784 66.3749 0.978474 64.8984
110 7.665 0.693655 1.32015 0.91329 68.1406 0.967753 66.7674
111 7.735 0.78857 1.35025 0.913748 69.9395 0.961192 68.6579
112 7.805 0.714022 1.378 0.90171 71.7471 0.954233 70.5687
113 7.875 0.763309 1.4082 0.905425 73.5948 0.949802 72.505
114 7.945 0.787166 1.4399 0.908822 75.4825 0.943127 74.462
115 8.015 0.777136 1.47175 0.90754 77.401 0.940026 76.4471
116 8.085 0.800906 1.50515 0.910582 79.3596 0.93635 78.4592
117 8.155 0.755397 1.5372 0.914221 81.3603 0.933367 80.4996
118 8.225 0.787775 1.5712 0.908833 83.3835 0.932773 82.574
119 8.295 0.813262 1.6069 0.910497 85.445 0.931898 84.6818
120 8.365 0.840029 1.6444 0.911283 87.5433 0.929208 86.8192
121 8.435 0.829449 1.68205 0.916861 89.6899 0.930542 88.9956
122 8.505 0.807184 1.7193 0.926723 91.8957 0.929753 91.2064
123 8.575 0.83776 1.7586 0.92769 94.1404 0.931024 93.4568
124 8.645 0.791739 1.79635 0.941497 96.4558 0.9326 95.748
125 8.715 0.843048 1.8372 0.944408 98.8161 0.932954 98.0773
126 8.785 0.822558 1.8777 0.948703 101.225 0.935906 100.452
127 8.855 0.841589 1.9198 0.958674 103.699 0.938091 102.87
128 8.925 0.870747 1.96405 0.964525 106.227 0.942893 105.339
129 8.995 0.841749 2.0075 0.971685 108.814 0.945656 107.854
130 9.065 0.869811 2.0531 0.984583 111.477 0.949135 110.418
131 9.135 0.893159 2.10065 0.990173 114.196 0.952932 113.032
132 9.205 0.880552 2.14825 0.997739 116.977 0.959198 115.703
133 9.275 0.913774 2.1984 1.00791 119.831 0.96216 118.424
134 9.345 0.899238 2.2485 1.01084 122.735 0.96658 121.199
135 9.415 0.892105 2.29895 1.01877 125.707 0.970658 124.028
136 9.485 0.910348 2.3512 1.02171 128.732 0.97696 126.917
137 9.555 0.924528 2.40505 1.02956 131.825 0.98052 129.859
138 9.625 0.921281 2.4595 1.02579 134.952 0.98453 132.858
139 9.695 0.87634 2.51205 1.04101 138.172 0.988508 135.912
140 9.765 0.888479 2.5661 1.04117 141.439 0.994275 139.029
141 9.835 0.878307 2.6203 1.04798 144.774 0.998725 142.204
142 9.905 0.944222 2.6794 1.04954 148.163 1.00086 145.432
143 9.975 0.92314 2.738 1.05339 151.612 1.00608 148.723
144 10.045 0.938281 2.7984 1.06146 155.136 1.00845 152.068
145 10.115 0.895465 2.85685 1.05854 158.7 1.01361 155.477
146 10.185 0.933063 2.9186 1.05574 162.303 1.01531 158.939
147 10.255 0.960611 2.98305 1.06092 165.975 1.01858 162.46
148 10.325 0.971155 3.0491 1.0644 169.709 1.02184 166.041
149 10.395 0.934185 3.1135 1.05729 173.468 1.0241 169.679
150 10.465 0.966814 3.18105 1.06187 177.295 1.02685 173.376
151 10.535 0.959658 3.249 1.06511 181.185 1.02785 177.126
152 10.605 0.913582 3.31455 1.05658 185.095 1.03007 180.934
153 10.675 0.922272 3.3816 1.05548 189.053 1.03199 184.8
154 10.745 0.932017 3.45025 1.06021 193.081 1.03282 188.72
155 10.815 0.932722 3.51985 1.05722 197.15 1.03376 192.694
156 10.885 0.908196 3.5885 1.04916 201.24 1.03361 196.72
157 10.955 0.937769 3.6603 1.04484 205.367 1.03404 200.799
158 11.025 0.93557 3.73285 1.04502 209.546 1.03402 204.931
159 11.095 0.965822 3.8087 1.04405 213.775 1.03349 209.113
160 11.165 0.956264 3.88475 1.04186 218.049 1.03313 213.347
161 11.235 0.956182 3.96175 1.0382 222.361 1.03232 217.63
162 11.305 0.943765 4.0387 1.03094 226.697 1.03148 221.964
163 11.375 0.976402 4.1193 1.03146 231.089 1.03002 226.345
164 11.445 0.95193 4.19885 1.02614 235.512 1.02869 230.774
165 11.515 0.976446 4.28145 1.02135 239.968 1.02845 235.257
166 11.585 0.969354 4.36445 1.01661 244.458 1.02543 239.781
167 11.655 0.952552 4.447 1.01255 248.984 1.02441 244.355
168 11.725 0.975418 4.53255 1.00765 253.542 1.02283 248.978
169 11.795 0.948101 4.6167 1.00581 258.147 1.02039 253.644
170 11.865 0.914678 4.69885 1.00285 262.792 1.0176 258.353
171 11.935 0.961752 4.78625 1.00037 267.481 1.01572 263.11
172 12.005 0.972865 4.8757 0.991033 272.181 1.01364 267.912
173 12.075 0.95463 4.9645 0.991884 276.94 1.0121 272.763
174 12.145 0.956409 5.0545 0.989466 281.743 1.01022 277.661
175 12.215 0.961237 5.146 0.987354 286.591 1.0074 282.602
176 12.285 0.951353 5.2376 0.984974 291.482 1.00508 287.588
177 12.355 0.979624 5.333 0.980493 296.407 1.00247 292.619
178 12.425 0.953895 5.42695 0.979157 301.381 1.00102 297.699
179 12.495 0.957794 5.52235 0.974416 306.387 0.998853 302.825
180 12.565 0.94616 5.61765 0.976409 311.46 0.997363 308.001
181 12.635 0.930305 5.7124 0.969137 316.551 0.994963 313.223
182 12.705 0.970091 5.8123 0.971661 321.712 0.993904 318.497
183 12.775 0.953727 5.9116 0.970771 326.925 0.992036 323.819
184 12.845 0.979936 6.01475 0.970497 332.195 0.991245 329.195
185 12.915 0.965583 6.1175 0.967357 337.504 0.989048 334.618
186 12.985 0.996104 6.22465 0.971519 342.894 0.987757 340.093
187 13.055 0.990969 6.3324 0.972384 348.348 0.987048 345.623
188 13.125 0.955404 6.4374 0.968417 353.837 0.987006 351.212
189 13.195 0.979955 6.54625 0.973289 359.413 0.985288 356.851
190 13.265 0.961623 6.6542 0.971088 365.036 0.984954 362.548
191 13.335 1.00312 6.768 0.973869 370.735 0.98363 368.298
192 13.405 1.01622 6.8845 0.973335 376.49 0.984044 374.111
193 13.475 1.01864 7.0025 0.974424 382.312 0.983309 379.98
194 13.545 1.00558 7.1202 0.975593 388.202 0.983309 385.91
195 13.615 1.00499 7.23905 0.976681 394.16 0.983255 391.902
196 13.685 1.03365 7.36255 0.983003 400.217 0.984151 397.961
197 13.755 1.03227 7.48715 0.979637 406.316 0.984084 404.081
198 13.825 1.03784 7.6137 0.984616 412.509 0.984431 410.266
199 13.895 0.994119 7.73615 0.982327 418.75 0.985698 416.522
200 13.965 1.03642 7.8651 0.992379 425.118 0.985355 422.839
1600000 200
1 0.035 0 0 0 0 0 0
2 0.105 0 0 0 0 0 0
3 0.175 0 0 0 0 0 0
4 0.245 0 0 0 0 0 0
5 0.315 0 0 0 0 0 0
6 0.385 0 0 0 0 0 0
7 0.455 0 0 0 0 0 0
8 0.525 0 0 0 0 0 0
9 0.595 0 0 0 0 0 0
10 0.665 0 0 0 0 0 0
11 0.735 0 0 0 0 0 0
12 0.805 0 0 0 0 0 0
13 0.875 0 0 0 0 0 0
14 0.945 0 0 0 0 0 0
15 1.015 0 0 0 0 0 0
16 1.085 0 0 0 0 0 0
17 1.155 0 0 0 0 0 0
18 1.225 0 0 0 0 0 0
19 1.295 0 0 0 0 0 0
20 1.365 0 0 0 0 0 0
21 1.435 0 0 0 0 0 0
22 1.505 0 0 0 0 0 0
23 1.575 0 0 0 0 0 0
24 1.645 0 0 0 0 0 0
25 1.715 0 0 0 0 0 0
26 1.785 0 0 0 0 0 0
27 1.855 0 0 0 0 0 0
28 1.925 0 0 0 0 0 0
29 1.995 0 0 0 0 0 0
30 2.065 0 0 0 0 0 0
31 2.135 0 0 0 0 0 0
32 2.205 0 0 0 0 0 0
33 2.275 0 0 0 0 0 0
34 2.345 0 0 0 0 0 0
35 2.415 0 0 0 0 0 0
36 2.485 0 0 0 0 0 0
37 2.555 0 0 0 0 0 0
38 2.625 0 0 0 0 0 0
39 2.695 0 0 0 0 0 0
40 2.765 0 0 0 0 0 0
41 2.835 0 0 0 0 0 0
42 2.905 0 0 0 0 0 0
43 2.975 0 0 0 0 3.5071e-06 1.02041e-06
44 3.045 0 0 0.000245806 7.5e-05 0.000180777 5.61224e-05
45 3.115 0.00807669 5e-05 0.0028186 0.000975 0.00195136 0.000678571
46 3.185 0.0154512 0.00015 0.0120574 0.005 0.0100242 0.00402143
47 3.255 0.0591751 0.00055 0.048042 0.02175 0.0333517 0.0156378
48 3.325 0.170129 0.00175 0.122179 0.0662 0.0837129 0.0460622
49 3.395 0.36037 0.0044 0.227795 0.1526 0.164654 0.10845
50 3.465 0.496089 0.0082 0.363841 0.29635 0.273231 0.216291
51 3.535 0.727499 0.014 0.528253 0.513575 0.397438 0.379556
52 3.605 0.83822 0.02095 0.664078 0.797575 0.517264 0.600544
53 3.675 0.980678 0.0294 0.780945 1.14465 0.623269 0.87726
54 3.745 1.19023 0.04005 0.865237 1.54397 0.701073 1.20049
55 3.815 1.28157 0.05195 0.918758 1.984 0.745285 1.55707
56 3.885 1.52659 0.06665 0.944187 2.45295 0.761499 1.9349
57 3.955 1.33274 0.07995 0.982506 2.95867 0.763704 2.3276
58 4.025 1.65928 0.0971 0.996134 3.48972 0.755754 2.73009
59 4.095 1.56565 0.11385 1.01855 4.05177 0.756832 3.14729
60 4.165 1.5225 0.1307 1.03164 4.64068 0.761858 3.58175
61 4.235 1.42452 0.147 1.03954 5.2542 0.779404 4.04127
62 4.305 1.31091 0.1625 1.06274 5.90233 0.801047 4.5293
63 4.375 1.54363 0.18135 1.06953 6.57598 0.824749 5.04824
64 4.445 1.5073 0.20035 1.08487 7.28132 0.850554 5.60069
65 4.515 1.49168 0.21975 1.10277 8.02108 0.871094 6.18443
66 4.585 1.28617 0.237 1.09299 8.77718 0.8923 6.80106
67 4.655 1.3382 0.2555 1.11534 9.57247 0.917384 7.45454
68 4.725 1.34448 0.27465 1.13743 10.4081 0.946996 8.14955
69 4.795 1.40436 0.29525 1.14709 11.276 0.974323 8.88596
70 4.865 1.25828 0.31425 1.16908 12.1865 1.00676 9.66927
71 4.935 1.33225 0.33495 1.18921 13.1396 1.0323 10.4957
72 5.005 1.38285 0.35705 1.19342 14.1233 1.05243 11.3624
73 5.075 1.40887 0.3802 1.20008 15.1404 1.0655 12.2645
74 5.145 1.34118 0.40285 1.19787 16.1838 1.07342 13.1986
75 5.215 1.21897 0.424 1.19962 17.2574 1.07774 14.1621
76 5.285 1.16725 0.4448 1.18869 18.35 1.08202 15.1556
77 5.355 1.23259 0.46735 1.18577 19.4689 1.08787 16.1811
78 5.425 1.13708 0.4887 1.19006 20.6214 1.10019 17.2455
79 5.495 1.25883 0.51295 1.18751 21.8013 1.11258 18.3498
80 5.565 1.15397 0.53575 1.188 23.012 1.12269 19.4927
81 5.635 1.12055 0.55845 1.17317 24.2378 1.13586 20.6784
82 5.705 1.02579 0.57975 1.17679 25.4982 1.14668 21.9052
83 5.775 1.06453 0.6024 1.17386 26.7864 1.15422 23.1706
84 5.845 1.08277 0.626 1.16986 28.1016 1.16222 24.4759
85 5.915 1.09313 0.6504 1.16362 29.4413 1.164 25.8146
86 5.985 0.934248 0.67175 1.1604 30.809 1.1652 27.1867
87 6.055 0.966213 0.69435 1.14489 32.1903 1.16055 28.5854
88 6.125 0.958878 0.7173 1.13432 33.5906 1.15774 30.0132
89 6.195 0.949584 0.74055 1.12703 35.0139 1.15364 31.4686
90 6.265 0.956437 0.7645 1.10425 36.4401 1.14705 32.9486
91 6.335 0.947135 0.78875 1.08818 37.8772 1.13668 34.4481
92 6.405 0.876875 0.8117 1.08113 39.3367 1.12692 35.9679
93 6.475 0.953354 0.8372 1.06354 40.804 1.11897 37.51
94 6.545 0.878184 0.8612 1.05332 42.2887 1.10732 39.0693
95 6.615 0.906263 0.8865 1.0358 43.7802 1.09759 40.6482
96 6.685 0.838279 0.9104 1.01982 45.2799 1.08984 42.2492
97 6.755 0.760881 0.93255 1.0105 46.7972 1.08282 43.8734
98 6.825 0.837892 0.95745 1.00452 48.3369 1.07558 45.5204
99 6.895 0.807777 0.98195 0.99778 49.8978 1.06701 47.1879
100 6.965 0.783544 1.0062 0.991764 51.481 1.06011 48.8785
101 7.035 0.796533 1.03135 0.972555 53.0649 1.05152 50.5892
102 7.105 0.770048 1.05615 0.970583 54.6771 1.04316 52.3203
103 7.175 0.756618 1.081 0.95615 56.2969 1.0336 54.0694
104 7.245 0.773423 1.1069 0.955522 57.9473 1.02308 55.8347
105 7.315 0.779197 1.1335 0.948226 59.6169 1.01392 57.6182
106 7.385 0.74294 1.15935 0.93673 61.2981 1.00355 59.4174
107 7.455 0.730464 1.18525 0.938154 63.0138 0.994169 61.2337
108 7.525 0.752923 1.21245 0.931515 64.7495 0.985339 63.0678
109 7.595 0.755412 1.24025 0.926132 66.5075 0.973713 64.9142
110 7.665 0.737676 1.2679 0.922225 68.2904 0.965847 66.7796
111 7.735 0.749273 1.2965 0.911971 70.0859 0.959823 68.6674
112 7.805 0.702444 1.3238 0.917673 71.9254 0.952488 70.5748
113 7.875 0.753199 1.3536 0.90741 73.7772 0.947192 72.5057
114 7.945 0.747435 1.3837 0.910616 75.6687 0.942122 74.4606
115 8.015 0.708817 1.41275 0.915523 77.604 0.936424 76.4381
116 8.085 0.710984 1.4424 0.906131 79.5531 0.934084 78.4453
117 8.155 0.778966 1.47545 0.915066 81.5556 0.932125 80.4831
118 8.225 0.770397 1.5087 0.916346 83.5955 0.930371 82.5521
119 8.295 0.723279 1.54045 0.920787 85.6803 0.927548 84.65
120 8.365 0.816508 1.5769 0.927819 87.8166 0.927358 86.7832
121 8.435 0.793099 1.6129 0.924539 89.9812 0.928 88.9536
122 8.505 0.803934 1.65 0.935168 92.2072 0.926903 91.1576
123 8.575 0.824969 1.6887 0.941102 94.4843 0.929193 93.4036
124 8.645 0.781253 1.72595 0.947657 96.8148 0.930202 95.6889
125 8.715 0.859559 1.7676 0.95042 99.1902 0.931449 98.0145
126 8.785 0.882473 1.81105 0.958803 101.625 0.934071 100.384
127 8.855 0.848586 1.8535 0.963954 104.112 0.936676 102.799
128 8.925 0.853037 1.89685 0.973386 106.664 0.941048 105.263
129 8.995 0.890182 1.9428 0.981948 109.278 0.943834 107.773
130 9.065 0.882209 1.98905 0.989262 111.953 0.948138 110.334
131 9.135 0.92603 2.03835 0.989991 114.672 0.952695 112.948
132 9.205 0.863903 2.08505 0.991794 117.437 0.956967 115.613
133 9.275 0.921973 2.13565 1.00654 120.286 0.96274 118.336
134 9.345 0.959367 2.1891 1.01154 123.193 0.966567 121.11
135 9.415 0.938965 2.2422 1.01661 126.158 0.970955 123.94
136 9.485 0.964359 2.29755 1.02204 129.184 0.976635 126.828
137 9.555 0.933112 2.3519 1.02415 132.261 0.981472 129.774
138 9.625 0.985576 2.41015 1.02975 135.4 0.986022 132.776
139 9.695 0.923034 2.4655 1.03201 138.592 0.990175 135.836
140 9.765 0.976422 2.5249 1.03453 141.838 0.9941 138.952
141 9.835 0.956901 2.58395 1.03601 145.136 0.999501 142.13
142 9.905 0.926648 2.64195 1.04404 148.506 1.0036 145.367
143 9.975 0.991667 2.7049 1.04401 151.924 1.00792 148.663
144 10.045 0.925853 2.7645 1.0436 155.389 1.01139 152.018
145 10.115 0.959044 2.8271 1.0503 158.926 1.01444 155.43
146 10.185 0.940618 2.88935 1.04752 162.501 1.01878 158.904
147 10.255 1.00831 2.957 1.04866 166.13 1.02198 162.437
148 10.325 0.92778 3.0201 1.05262 169.823 1.02471 166.028
149 10.395 0.929833 3.0842 1.04891 173.552 1.02714 169.676
150 10.465 1.02049 3.1555 1.04891 177.332 1.03054 173.386
151 10.535 0.963189 3.2237 1.04823 181.161 1.03076 177.147
152 10.605 1.01044 3.2962 1.049 185.043 1.03318 180.967
153 10.675 0.936715 3.3643 1.04952 188.978 1.03506 184.844
154 10.745 0.979534 3.43645 1.04157 192.935 1.03489 188.772
155 10.815 0.986997 3.5101 1.04699 196.965 1.03611 192.756
156 10.885 0.994187 3.58525 1.04037 201.021 1.03617 196.791
157 10.955 0.913606 3.6552 1.03986 205.128 1.03574 200.877
158 11.025 0.958782 3.72955 1.03877 209.283 1.03601 205.017
159 11.095 0.962639 3.80515 1.03431 213.472 1.03598 209.209
160 11.165 0.936774 3.87965 1.03174 217.705 1.03505 213.45
161 11.235 0.931347 3.95465 1.02545 221.964 1.03486 217.745
162 11.305 0.960935 4.033 1.03468 226.315 1.032 222.08
163 11.375 0.96671 4.1128 1.02357 230.673 1.03186 226.469
164 11.445 0.93398 4.19085 1.02631 235.097 1.02962 230.903
165 11.515 0.948666 4.2711 1.01807 239.539 1.02885 235.387
166 11.585 0.983952 4.35535 1.01533 244.023 1.02592 239.913
167 11.655 0.975053 4.43985 1.01448 248.558 1.02441 244.488
168 11.725 0.964016 4.5244 1.01011 253.127 1.0212 249.103
169 11.795 0.958241 4.60945 1.00419 257.725 1.02004 253.768
170 11.865 0.92971 4.69295 1.00222 262.367 1.01795 258.478
171 11.935 0.997515 4.7836 1.00321 267.07 1.01546 263.233
172 12.005 0.965795 4.8724 1.00082 271.816 1.01254 268.03
173 12.075 0.935279 4.9594 0.996495 276.597 1.01036 272.873
174 12.145 0.963317 5.05005 0.993406 281.419 1.00778 277.759
175 12.215 0.944954 5.14 0.989935 286.279 1.00649 282.696
176 12.285 0.944602 5.23095 0.989806 291.195 1.00405 287.677
177 12.355 0.928794 5.3214 0.987521 296.155 1.00172 292.704
178 12.425 0.955418 5.4155 0.986489 301.166 0.999882 297.778
179 12.495 0.946751 5.5098 0.986645 306.235 0.996788 302.894
180 12.565 0.952613 5.60575 0.981837 311.336 0.995381 308.06
181 12.635 0.96516 5.70405 0.981572 316.492 0.994295 313.278
182 12.705 0.983686 5.80535 0.980411 321.7 0.9919 318.541
183 12.775 0.951326 5.9044 0.979593 326.961 0.989434 323.849
184 12.845 0.957135 6.00515 0.979638 332.279 0.988118 329.208
185 12.915 0.978269 6.10925 0.979491 337.656 0.986231 334.616
186 12.985 0.990062 6.21575 0.982833 343.109 0.985985 340.081
187 13.055 0.970736 6.3213 0.981709 348.614 0.983869 345.593
188 13.125 0.979517 6.42895 0.982574 354.184 0.983466 351.162
189 13.195 0.976804 6.53745 0.98086 359.804 0.983334 356.79
190 13.265 0.963404 6.6456 0.981208 365.485 0.982708 362.474
191 13.335 0.978879 6.75665 0.983491 371.24 0.982555 368.218
192 13.405 0.960396 6.86675 0.984213 377.059 0.981957 374.018
193 13.475 0.984111 6.98075 0.981947 382.927 0.981534 379.877
194 13.545 0.993615 7.09705 0.985071 388.874 0.98181 385.798
195 13.615 1.0126 7.2168 0.987264 394.896 0.982089 391.782
196 13.685 0.995151 7.3357 0.987376 400.98 0.98249 397.831
197 13.755 1.00493 7.457 0.984307 407.109 0.982242 403.94
198 13.825 1.01487 7.58075 0.986091 413.31 0.983355 410.118
199 13.895 1.01726 7.70605 0.992955 419.619 0.98338 416.36
200 13.965 1.02276 7.8333 0.989719 425.97 0.98407 422.668
1800000 200
1 0.035 0 0 0 0 0 0
2 0.105 0 0 0 0 0 0
3 0.175 0 0 0 0 0 0
4 0.245 0 0 0 0 0 0
5 0.315 0 0 0 0 0 0
6 0.385 0 0 0 0 0 0
7 0.455 0 0 0 0 0 0
8 0.525 0 0 0 0 0 0
9 0.595 0 0 0 0 0 0
10 0.665 0 0 0 0 0 0
11 0.735 0 0 0 0 0 0
12 0.805 0 0 0 0 0 0
13 0.875 0 0 0 0 0 0
14 0.945 0 0 0 0 0 0
15 1.015 0 0 0 0 0 0
16 1.085 0 0 0 0 0 0
17 1.155 0 0 0 0 0 0
18 1.225 0 0 0 0 0 0
19 1.295 0 0 0 0 0 0
20 1.365 0 0 0 0 0 0
21 1.435 0 0 0 0 0 0
22 1.505 0 0 0 0 0 0
23 1.575 0 0 0 0 0 0
24 1.645 0 0 0 0 0 0
25 1.715 0 0 0 0 0 0
26 1.785 0 0 0 0 0 0
27 1.855 0 0 0 0 0 0
28 1.925 0 0 0 0 0 0
29 1.995 0 0 0 0 0 0
30 2.065 0 0 0 0 0 0
31 2.135 0 0 0 0 0 0
32 2.205 0 0 0 0 0 0
33 2.275 0 0 0 0 0 0
34 2.345 0 0 0 0 0 0
35 2.415 0 0 0 0 0 0
36 2.485 0 0 0 0 0 0
37 2.555 0 0 0 0 0 0
38 2.625 0 0 0 0 0 0
39 2.695 0 0 0 0 0 0
40 2.765 0 0 0 0 0 0
41 2.835 0 0 0 0 0 0
42 2.905 0 0 0 0 0 0
43 2.975 0 0 0 0 1.05213e-05 3.06122e-06
44 3.045 0 0 0.000327741 0.0001 0.000214254 6.83673e-05
45 3.115 0 0 0.00211395 0.000775 0.00190338 0.00067551
46 3.185 0.0309023 0.0002 0.0122072 0.00485 0.00989875 0.00397653
47 3.255 0.0739689 0.0007 0.0407282 0.01905 0.0339934 0.0158163
48 3.325 0.177218 0.00195 0.111253 0.059525 0.0846535 0.0465827
49 3.395 0.414765 0.005 0.220281 0.143075 0.165292 0.109212
50 3.465 0.594002 0.00955 0.356691 0.284 0.27525 0.21785
51 3.535 0.740042 0.01545 0.514331 0.4955 0.398519 0.381559
52 3.605 1.13371 0.02485 0.652854 0.7747 0.513801 0.601067
53 3.675 1.29403 0.036 0.773239 1.11835 0.618842 0.875818
54 3.745 1.50874 0.0495 0.867567 1.51875 0.692207 1.19496
55 3.815 1.61543 0.0645 0.903307 1.95137 0.738396 1.54824
56 3.885 1.57851 0.0797 0.958482 2.42743 0.755671 1.92318
57 3.955 1.53816 0.09505 0.976532 2.93007 0.757915 2.3129
58 4.025 1.60606 0.11165 0.981128 3.45312 0.753003 2.71393
59 4.095 1.57499 0.1285 1.00722 4.00893 0.752249 3.12861
60 4.165 1.63544 0.1466 1.01596 4.58887 0.76025 3.56214
61 4.235 1.55561 0.1644 1.03958 5.20242 0.772394 4.01754
62 4.305 1.61961 0.18355 1.05832 5.84785 0.795247 4.50203
63 4.375 1.57229 0.20275 1.06001 6.5155 0.818457 5.01702
64 4.445 1.59059 0.2228 1.08272 7.21945 0.846255 5.56667
65 4.515 1.56857 0.2432 1.08913 7.95005 0.869395 6.14927
66 4.585 1.53222 0.26375 1.10308 8.71312 0.891012 6.76502
67 4.655 1.26225 0.2812 1.11373 9.50727 0.916908 7.41815
68 4.725 1.33044 0.30015 1.12743 10.3356 0.947374 8.11344
69 4.795 1.51685 0.3224 1.15598 11.2101 0.97963 8.85386
70 4.865 1.31788 0.3423 1.1772 12.127 1.00886 9.6388
71 4.935 1.26146 0.3619 1.20025 13.0889 1.03641 10.4685
72 5.005 1.28586 0.38245 1.19373 14.0729 1.05886 11.3405
73 5.075 1.19891 0.40215 1.19223 15.0833 1.07364 12.2495
74 5.145 1.20795 0.42255 1.20309 16.1313 1.07993 13.1892
75 5.215 1.18727 0.44315 1.19819 17.2036 1.08455 14.1588
76 5.285 1.0943 0.46265 1.19027 18.2976 1.08656 15.1565
77 5.355 1.10414 0.48285 1.1818 19.4128 1.09481 16.1885
78 5.425 1.15838 0.5046 1.19035 20.5656 1.10679 17.2593
79 5.495 1.19394 0.5276 1.20845 21.7663 1.11841 18.3694
80 5.565 1.06287 0.5486 1.18302 22.9719 1.1288 19.5186
81 5.635 1.16991 0.5723 1.18226 24.2072 1.14221 20.7109
82 5.705 0.958372 0.5922 1.18426 25.4756 1.15422 21.9458
83 5.775 1.06688 0.6149 1.18238 26.7732 1.16361 23.2215
84 5.845 0.958892 0.6358 1.182 28.102 1.16886 24.5342
85 5.915 1.02593 0.6587 1.16798 29.4467 1.17015 25.88
86 5.985 0.973631 0.68095 1.15429 30.8073 1.17123 27.2592
87 6.055 0.908497 0.7022 1.14862 32.1931 1.16846 28.6674
88 6.125 0.967234 0.72535 1.14421 33.6056 1.16317 30.1019
89 6.195 0.998595 0.7498 1.13031 35.033 1.15827 31.5631
90 6.265 0.984391 0.77445 1.10973 36.4663 1.14863 33.0452
91 6.335 1.00963 0.8003 1.09709 37.9152 1.13989 34.549
92 6.405 0.938008 0.82485 1.08595 39.3811 1.12908 36.0716
93 6.475 0.867365 0.84805 1.06042 40.8441 1.11778 37.6122
94 6.545 0.865377 0.8717 1.05776 42.3351 1.10729 39.1714
95 6.615 0.929547 0.89765 1.03214 43.8213 1.09728 40.7498
96 6.685 0.897906 0.92325 1.02631 45.3306 1.08837 42.3487
97 6.755 0.855347 0.94815 1.01777 46.8588 1.07926 43.9675
98 6.825 0.881637 0.97435 1.00428 48.3981 1.07262 45.61
99 6.895 0.83745 0.99975 0.99321 49.9519 1.06572 47.2755
100 6.965 0.762542 1.02335 0.987833 51.5288 1.05758 48.962
101 7.035 0.878878 1.0511 0.974167 53.1153 1.04883 50.6684
102 7.105 0.801098 1.0769 0.971531 54.7291 1.04033 52.3947
103 7.175 0.803812 1.1033 0.962451 56.3596 1.03011 54.138
104 7.245 0.794327 1.1299 0.949805 58.0001 1.01855 55.8955
105 7.315 0.842177 1.15865 0.941298 59.6576 1.00716 57.6671
106 7.385 0.794673 1.1863 0.948975 61.3606 0.998967 59.458
107 7.455 0.77982 1.21395 0.935243 63.071 0.98755 61.2622
108 7.525 0.777836 1.24205 0.925021 64.7947 0.97881 63.0842
109 7.595 0.754053 1.2698 0.921549 66.5439 0.968899 64.9215
110 7.665 0.775026 1.29885 0.920143 68.3228 0.960265 66.7761
111 7.735 0.782021 1.3287 0.922421 70.1389 0.952423 68.6493
112 7.805 0.687005 1.3554 0.912435 71.9679 0.945694 70.5431
113 7.875 0.735507 1.3845 0.915949 73.8371 0.941389 72.4622
114 7.945 0.7822 1.416 0.902046 75.7108 0.934695 74.4017
115 8.015 0.784456 1.44815 0.904051 77.6219 0.932085 76.37
116 8.085 0.782921 1.4808 0.908269 79.5755 0.929688 78.3677
117 8.155 0.784858 1.5141 0.905459 81.557 0.926448 80.3931
118 8.225 0.813262 1.5492 0.916515 83.5973 0.92478 82.4497
119 8.295 0.781369 1.5835 0.919772 85.6798 0.924604 84.541
120 8.365 0.788508 1.6187 0.919426 87.7968 0.92256 86.6631
121 8.435 0.810723 1.6555 0.926909 89.967 0.922916 88.8216
122 8.505 0.787682 1.69185 0.936796 92.1968 0.924564 91.0201
123 8.575 0.901711 1.73415 0.935791 94.4611 0.925967 93.2583
124 8.645 0.859902 1.77515 0.948775 96.7943 0.927704 95.5375
125 8.715 0.91528 1.8195 0.946099 99.1589 0.929185 97.8574
126 8.785 0.860132 1.86185 0.95898 101.594 0.933257 100.225
127 8.855 0.892565 1.9065 0.957908 104.066 0.935942 102.637
128 8.925 0.871731 1.9508 0.971679 106.613 0.939668 105.098
129 8.995 0.878558 1.99615 0.977863 109.216 0.944216 107.609
130 9.065 0.951832 2.04605 0.978398 111.862 0.9485 110.171
131 9.135 0.883767 2.0931 0.98715 114.573 0.95329 112.787
132 9.205 0.905525 2.14205 0.994269 117.345 0.957953 115.455
133 9.275 0.922884 2.1927 1.00215 120.182 0.963653 118.18
134 9.345 0.95488 2.2459 1.0094 123.082 0.968927 120.961
135 9.415 0.916861 2.29775 1.01894 126.054 0.974347 123.801
136 9.485 0.947807 2.35215 1.02504 129.089 0.978131 126.693
137 9.555 0.952856 2.40765 1.02677 132.174 0.983327 129.644
138 9.625 0.971194 2.46505 1.03276 135.322 0.98863 132.655
139 9.695 0.986404 2.5242 1.03646 138.528 0.994054 135.727
140 9.765 0.949299 2.58195 1.04013 141.791 0.997314 138.853
141 9.835 0.998223 2.64355 1.0457 145.12 1.00175 142.038
142 9.905 0.988158 2.7054 1.04732 148.501 1.00664 145.284
143 9.975 0.992454 2.7684 1.05107 151.942 1.01082 148.591
144 10.045 0.977117 2.8313 1.05565 155.447 1.01507 151.958
145 10.115 0.984322 2.89555 1.05329 158.994 1.01865 155.384
146 10.185 0.992748 2.96125 1.0526 162.587 1.02166 158.867
147 10.255 1.02545 3.03005 1.05262 166.229 1.02469 162.41
148 10.325 0.987329 3.0972 1.05567 169.933 1.0269 166.009
149 10.395 1.0205 3.16755 1.05277 173.676 1.03116 169.671
150 10.465 1.02836 3.2394 1.05315 177.471 1.0328 173.389
151 10.535 0.994259 3.3098 1.05498 181.324 1.03484 177.165
152 10.605 1.04877 3.38505 1.05003 185.21 1.03666 180.998
153 10.675 1.03025 3.45995 1.05021 189.148 1.03724 184.883
154 10.745 0.975461 3.5318 1.04785 193.129 1.0391 188.827
155 10.815 0.980966 3.605 1.04575 197.154 1.0385 192.82
156 10.885 1.07555 3.6863 1.04328 201.222 1.03894 196.866
157 10.955 0.989359 3.76205 1.04301 205.341 1.03857 200.963
158 11.025 1.04454 3.84305 1.03898 209.496 1.0384 205.113
159 11.095 1.04095 3.9248 1.03513 213.689 1.0375 209.311
160 11.165 1.0097 4.0051 1.03229 217.924 1.03633 213.558
161 11.235 1.00834 4.0863 1.03195 222.21 1.0357 217.855
162 11.305 0.953576 4.16405 1.02668 226.528 1.03397 222.199
163 11.375 0.989727 4.24575 1.0237 230.886 1.03226 226.59
164 11.445 0.985436 4.3281 1.01422 235.258 1.03063 231.027
165 11.515 1.00423 4.41305 1.01183 239.673 1.02968 235.515
166 11.585 1.02366 4.5007 1.00795 244.124 1.0269 240.046
167 11.655 1.03794 4.59065 1.00462 248.615 1.02395 244.618
168 11.725 0.965726 4.67535 1.00489 253.161 1.02205 249.237
169 11.795 0.960494 4.7606 0.998758 257.733 1.02067 253.905
170 11.865 1.01544 4.8518 0.997926 262.356 1.01781 258.615
171 11.935 1.03328 4.9457 1.00077 267.047 1.01518 263.369
172 12.005 1.04628 5.0419 0.991386 271.748 1.01234 268.165
173 12.075 1.00086 5.135 0.98908 276.494 1.0096 273.004
174 12.145 1.00582 5.22965 0.98415 281.271 1.00747 277.889
175 12.215 1.0395 5.3286 0.985928 286.111 1.0049 282.817
176 12.285 0.991858 5.4241 0.979894 290.978 1.00202 287.789
177 12.355 0.945737 5.5162 0.98344 295.917 0.999983 292.806
178 12.425 1.01989 5.61665 0.976258 300.877 0.997816 297.87
179 12.495 0.968838 5.71315 0.971457 305.868 0.996143 302.983
180 12.565 0.966016 5.81045 0.972574 310.92 0.993583 308.139
181 12.635 0.965651 5.9088 0.974857 316.042 0.991194 313.341
182 12.705 0.96912 6.0086 0.973506 321.212 0.989745 318.593
183 12.775 1.00751 6.1135 0.969761 326.42 0.988133 323.894
184 12.845 0.996086 6.21835 0.974476 331.711 0.987166 329.248
185 12.915 1.00458 6.32525 0.974326 337.059 0.984825 334.648
186 12.985 0.991921 6.43195 0.97192 342.451 0.984006 340.102
187 13.055 1.03695 6.5447 0.97044 347.894 0.983776 345.613
188 13.125 0.99908 6.6545 0.975354 353.423 0.983031 351.18
189 13.195 0.966901 6.7619 0.9763 359.016 0.981464 356.797
190 13.265 0.996809 6.8738 0.974119 364.656 0.981127 362.472
191 13.335 1.05425 6.9934 0.975963 370.367 0.98073 368.205
192 13.405 1.03672 7.11225 0.975905 376.138 0.980308 373.996
193 13.475 0.981089 7.2259 0.977098 381.976 0.981191 379.853
194 13.545 1.02309 7.34565 0.981332 387.9 0.979769 385.762
195 13.615 1.0312 7.4676 0.97921 393.873 0.98036 391.735
196 13.685 1.06294 7.5946 0.984119 399.938 0.980753 397.773
197 13.755 1.04056 7.7202 0.986275 406.078 0.981739 403.879
198 13.825 0.999291 7.84205 0.985797 412.278 0.982367 410.051
199 13.895 0.987218 7.96365 0.990071 418.568 0.983141 416.291
200 13.965 1.04888 8.09415 0.990124 424.922 0.984439 422.602
2000000 200
1 0.035 0 0 0 0 0 0
2 0.105 0 0 0 0 0 0
3 0.175 0 0 0 0 0 0
4 0.245 0 0 0 0 0 0
5 0.315 0 0 0 0 0 0
6 0.385 0 0 0 0 0 0
7 0.455 0 0 0 0 0 0
8 0.525 0 0 0 0 0 0
9 0.595 0 0 0 0 0 0
10 0.665 0 0 0 0 0 0
11 0.735 0 0 0 0 0 0
12 0.805 0 0 0 0 0 0
13 0.875 0 0 0 0 0 0
14 0.945 0 0 0 0 0 0
15 1.015 0 0 0 0 0 0
16 1.085 0 0 0 0 0 0
17 1.155 0 0 0 0 0 0
18 1.225 0 0 0 0 0 0
19 1.295 0 0 0 0 0 0
20 1.365 0 0 0 0 0 0
21 1.435 0 0 0 0 0 0
22 1.505 0 0 0 0 0 0
23 1.575 0 0 0 0 0 0
24 1.645 0 0 0 0 0 0
25 1.715 0 0 0 0 0 0
26 1.785 0 0 0 0 0 0
27 1.855 0 0 0 0 0 0
28 1.925 0 0 0 0 0 0
29 1.995 0 0 0 0 0 0
30 2.065 0 0 0 0 0 0
31 2.135 0 0 0 0 0 0
32 2.205 0 0 0 0 0 0
33 2.275 0 0 0 0 0 0
34 2.345 0 0 0 0 0 0
35 2.415 0 0 0 0 0 0
36 2.485 0 0 0 0 0 0
37 2.555 0 0 0 0 0 0
38 2.625 0 0 0 0 0 0
39 2.695 0 0 0 0 0 0
40 2.765 0 0 0 0 0 0
41 2.835 0 0 0 0 0 0
42 2.905 0 0 0 0 0 0
43 2.975 0 0 0 0 1.05213e-05 3.06122e-06
44 3.045 0 0 0.000245806 7.5e-05 0.000224297 7.14286e-05
45 3.115 0.00807669 5e-05 0.00250542 0.000875 0.00192577 0.000685714
46 3.185 0.0309023 0.00025 0.0120574 0.0049 0.00978247 0.00394796
47 3.255 0.0813657 0.0008 0.0428793 0.01985 0.0341252 0.0158337
48 3.325 0.148863 0.00185 0.112902 0.060925 0.0848247 0.0466622
49 3.395 0.407966 0.00485 0.218699 0.143875 0.167183 0.110008
50 3.465 0.652749 0.00985 0.352008 0.28295 0.275168 0.218613
51 3.535 0.752585 0.01585 0.511413 0.49325 0.396305 0.381413
52 3.605 1.0131 0.02425 0.652679 0.772375 0.515838 0.601792
53 3.675 1.06192 0.0334 0.766545 1.11305 0.61716 0.875796
54 3.745 1.38581 0.0458 0.847362 1.50413 0.693887 1.19571
55 3.815 1.5562 0.06025 0.92805 1.9486 0.740022 1.54977
56 3.885 1.37081 0.07345 0.971166 2.43095 0.757863 1.9258
57 3.955 1.63336 0.08975 0.9793 2.93503 0.760378 2.31679
58 4.025 1.55285 0.1058 1.00462 3.4706 0.75635 2.71959
59 4.095 1.34599 0.1202 1.00346 4.02432 0.753141 3.13476
60 4.165 1.52702 0.1371 1.03882 4.61733 0.763925 3.5704
61 4.235 1.40267 0.15315 1.0439 5.23343 0.778384 4.02932
62 4.305 1.51389 0.17105 1.062 5.8811 0.799293 4.51628
63 4.375 1.44946 0.18875 1.08469 6.5643 0.82279 5.03399
64 4.445 1.43986 0.2069 1.09506 7.27627 0.847691 5.58458
65 4.515 1.4417 0.22565 1.11339 8.02315 0.870843 6.16815
66 4.585 1.25262 0.24245 1.12407 8.80075 0.897708 6.78852
67 4.655 1.29842 0.2604 1.13403 9.60938 0.920102 7.44394
68 4.725 1.28129 0.27865 1.14196 10.4483 0.948606 8.14013
69 4.795 1.22711 0.29665 1.15776 11.3243 0.978729 8.87987
70 4.865 1.26159 0.3157 1.19235 12.2529 1.00934 9.66518
71 4.935 1.21962 0.33465 1.19829 13.2132 1.03544 10.4941
72 5.005 1.26083 0.3548 1.20337 14.2052 1.05613 11.3638
73 5.075 1.20499 0.3746 1.21592 15.2357 1.06905 12.269
74 5.145 1.19611 0.3948 1.21405 16.2933 1.07721 13.2063
75 5.215 1.1988 0.4156 1.2099 17.376 1.08073 14.1725
76 5.285 1.15883 0.43625 1.19628 18.4755 1.08663 15.1702
77 5.355 1.1916 0.45805 1.20498 19.6126 1.09015 16.1979
78 5.425 1.19034 0.4804 1.20103 20.7758 1.09981 17.2619
79 5.495 1.12906 0.50215 1.19745 21.9656 1.11478 18.3684
80 5.565 1.05022 0.5229 1.20247 23.191 1.12635 19.5151
81 5.635 1.01688 0.5435 1.20107 24.4459 1.13834 20.7033
82 5.705 0.992083 0.5641 1.18508 25.7152 1.1482 21.9318
83 5.775 1.05278 0.5865 1.18842 27.0194 1.15748 23.2008
84 5.845 1.02083 0.60875 1.19317 28.3608 1.16245 24.5063
85 5.915 1.01697 0.63145 1.17541 29.714 1.16743 25.849
86 5.985 1.04583 0.65535 1.15802 31.079 1.16772 27.224
87 6.055 1.00042 0.67875 1.15488 32.4723 1.16782 28.6315
88 6.125 0.99857 0.70265 1.14674 33.888 1.16302 30.0658
89 6.195 1.04556 0.72825 1.14181 35.3299 1.15649 31.5248
90 6.265 1.02632 0.75395 1.12624 36.7846 1.14818 33.0063
91 6.335 0.966663 0.7787 1.10467 38.2434 1.13944 34.5095
92 6.405 0.8998 0.80225 1.08349 39.706 1.12765 36.0302
93 6.475 0.947746 0.8276 1.07733 41.1923 1.11658 37.5691
94 6.545 0.907457 0.8524 1.06003 42.6866 1.10666 39.1274
95 6.615 0.95283 0.879 1.03375 44.1751 1.09676 40.7051
96 6.685 0.927719 0.90545 1.02866 45.6878 1.08883 42.3046
97 6.755 0.877675 0.931 1.01204 47.2074 1.07991 43.9245
98 6.825 0.869859 0.95685 1.00074 48.7413 1.0744 45.5696
99 6.895 0.847341 0.98255 0.990685 50.2911 1.06259 47.2302
100 6.965 0.877246 1.0097 0.984043 51.862 1.05634 48.9148
101 7.035 0.855125 1.0367 0.973369 53.4472 1.0487 50.6209
102 7.105 0.880276 1.06505 0.958061 55.0386 1.03882 52.3448
103 7.175 0.834259 1.09245 0.945155 56.6398 1.02853 54.0854
104 7.245 0.809257 1.11955 0.946881 58.2753 1.01996 55.8453
105 7.315 0.855359 1.14875 0.936044 59.9234 1.00879 57.6198
106 7.385 0.765933 1.1754 0.931994 61.5961 0.999092 59.4109
107 7.455 0.78546 1.20325 0.918989 63.2767 0.989104 61.218
108 7.525 0.863647 1.23445 0.923814 64.9981 0.979029 63.0404
109 7.595 0.861387 1.26615 0.912132 66.7295 0.969821 64.8794
110 7.665 0.893748 1.29965 0.904445 68.478 0.961218 66.7358
111 7.735 0.890744 1.33365 0.903222 70.2563 0.955152 68.6144
112 7.805 0.819518 1.3655 0.90065 72.0617 0.948268 70.5133
113 7.875 0.773419 1.3961 0.898859 73.896 0.942741 72.4352
114 7.945 0.88401 1.4317 0.897003 75.7592 0.938358 74.3823
115 8.015 0.899136 1.46855 0.903472 77.6691 0.934252 76.3552
116 8.085 0.898021 1.506 0.89968 79.6043 0.931405 78.3566
117 8.155 0.918025 1.54495 0.897348 81.568 0.929925 80.3896
118 8.225 0.902466 1.5839 0.904161 83.5808 0.928177 82.4537
119 8.295 0.906662 1.6237 0.90947 85.64 0.926504 84.5494
120 8.365 1.02708 1.66955 0.915886 87.7489 0.925339 86.6778
121 8.435 0.960531 1.71315 0.919499 89.9017 0.927345 88.8468
122 8.505 0.962121 1.75755 0.928477 92.1117 0.928075 91.0536
123 8.575 0.926225 1.801 0.931927 94.3666 0.929207 93.2996
124 8.645 0.952184 1.8464 0.941771 96.6826 0.930494 95.5856
125 8.715 0.96997 1.8934 0.942438 99.038 0.93376 97.9169
126 8.785 0.965745 1.94095 0.949333 101.449 0.934173 100.287
127 8.855 1.0165 1.9918 0.957065 103.918 0.939252 102.708
128 8.925 1.00062 2.04265 0.963371 106.444 0.942765 105.177
129 8.995 0.997701 2.09415 0.970896 109.028 0.94581 107.692
130 9.065 1.02622 2.14795 0.978241 111.674 0.950829 110.261
131 9.135 1.00868 2.20165 0.992895 114.4 0.955301 112.881
132 9.205 1.01282 2.2564 0.995139 117.175 0.960473 115.556
133 9.275 1.01672 2.3122 0.999136 120.003 0.964568 118.284
134 9.345 1.04103 2.3702 1.00556 122.893 0.969413 121.067
135 9.415 0.997319 2.4266 1.01311 125.848 0.974709 123.907
136 9.485 1.03492 2.486 1.01912 128.865 0.980371 126.807
137 9.555 1.07647 2.5487 1.02235 131.936 0.985384 129.764
138 9.625 1.02111 2.60905 1.0257 135.063 0.990478 132.78
139 9.695 1.03977 2.6714 1.02794 138.242 0.99453 135.853
140 9.765 1.04053 2.7347 1.03756 141.498 0.998034 138.981
141 9.835 1.0679 2.8006 1.03467 144.791 1.00312 142.171
142 9.905 1.05286 2.8665 1.04722 148.172 1.00714 145.419
143 9.975 1.04129 2.9326 1.04744 151.602 1.01035 148.724
144 10.045 1.01285 2.9978 1.04331 155.066 1.01452 152.089
145 10.115 1.05633 3.06675 1.05507 158.618 1.01885 155.516
146 10.185 1.04035 3.1356 1.048 162.195 1.02108 158.998
147 10.255 1.04855 3.20595 1.05021 165.83 1.02445 162.539
148 10.325 1.02262 3.2755 1.04897 169.509 1.02739 166.139
149 10.395 1.05604 3.3483 1.04701 173.232 1.02989 169.798
150 10.465 1.04696 3.42145 1.05066 177.019 1.03166 173.512
151 10.535 1.08465 3.49825 1.04534 180.836 1.03164 177.276
152 10.605 1.02717 3.57195 1.04721 184.712 1.03482 181.101
153 10.675 1.03919 3.6475 1.05225 188.658 1.03537 184.98
154 10.745 1.07389 3.7266 1.04536 192.629 1.0355 188.91
155 10.815 0.959524 3.7982 1.03895 196.628 1.03639 192.895
156 10.885 0.985588 3.8727 1.03676 200.67 1.0358 196.929
157 10.955 1.07948 3.95535 1.03734 204.766 1.03585 201.016
158 11.025 0.980704 4.0314 1.03356 208.9 1.03529 205.152
159 11.095 0.977919 4.1082 1.03221 213.082 1.03415 209.337
160 11.165 1.00845 4.1884 1.0322 217.316 1.03433 213.576
161 11.235 1.07105 4.27465 1.02902 221.59 1.03265 217.86
162 11.305 1.029 4.35855 1.0242 225.897 1.03192 222.196
163 11.375 0.969739 4.4386 1.01837 230.233 1.03062 226.579
164 11.445 0.936972 4.5169 1.01752 234.619 1.02747 231.003
165 11.515 0.982948 4.60005 1.01318 239.039 1.0254 235.473
166 11.585 0.994464 4.6852 1.01144 243.506 1.02475 239.994
167 11.655 0.980246 4.77015 1.01106 248.026 1.02294 244.562
168 11.725 0.945203 4.85305 1.00337 252.565 1.02033 249.173
169 11.795 0.976268 4.9397 1.00516 257.166 1.01745 253.826
170 11.865 0.965896 5.02645 1.00262 261.811 1.01641 258.53
171 11.935 0.990362 5.11645 1.00146 266.505 1.01358 263.276
172 12.005 0.972865 5.2059 0.996806 271.232 1.01043 268.063
173 12.075 0.953555 5.2946 0.992514 275.994 1.00872 272.898
174 12.145 0.995729 5.3883 0.989512 280.797 1.00627 277.777
175 12.215 0.969116 5.48055 0.992395 285.67 1.00352 282.699
176 12.285 0.980433 5.57495 0.988125 290.577 1.00209 287.67
177 12.355 0.975003 5.6699 0.981628 295.508 0.99959 292.686
178 12.425 0.96354 5.7648 0.984777 300.51 0.996797 297.745
179 12.495 0.954281 5.85985 0.981652 305.553 0.995064 302.851
180 12.565 0.960555 5.9566 0.983396 310.662 0.993641 308.008
181 12.635 1.03045 6.06155 0.981696 315.819 0.992062 313.215
182 12.705 0.960381 6.16045 0.978947 321.019 0.990226 318.469
183 12.775 1.00895 6.2655 0.980226 326.283 0.990081 323.781
184 12.845 0.979936 6.36865 0.982911 331.62 0.987522 329.137
185 12.915 0.972631 6.47215 0.981104 337.005 0.986696 334.547
186 12.985 0.975652 6.5771 0.978534 342.434 0.984899 340.006
187 13.055 0.95924 6.6814 0.980519 347.933 0.984736 345.523
188 13.125 1.04685 6.79645 0.986459 353.525 0.983524 351.092
189 13.195 1.02182 6.90995 0.981972 359.151 0.983398 356.721
190 13.265 0.995473 7.0217 0.979865 364.824 0.98257 362.404
191 13.335 0.977557 7.1326 0.982773 370.575 0.981818 368.143
192 13.405 0.963013 7.243 0.985101 376.4 0.982501 373.947
193 13.475 1.01907 7.36105 0.988567 382.307 0.982367 379.81
194 13.545 0.959014 7.4733 0.98532 388.255 0.981794 385.732
195 13.615 0.990189 7.5904 0.988149 394.283 0.982787 391.72
196 13.685 0.960417 7.70515 0.987425 400.368 0.983385 397.774
197 13.755 0.984634 7.824 0.989608 406.529 0.983913 403.894
198 13.825 1.01282 7.9475 0.994848 412.786 0.98418 410.077
199 13.895 0.985594 8.0689 0.994549 419.104 0.985013 416.329
200 13.965 1.02236 8.1961 0.996236 425.498 0.986105 422.651
2200000 200
1 0.035 0 0 0 0 0 0
2 0.105 0 0 0 0 0 0
3 0.175 0 0 0 0 0 0
4 0.245 0 0 0 0 0 0
5 0.315 0 0 0 0 0 0
6 0.385 0 0 0 0 0 0
7 0.455 0 0 0 0 0 0
8 0.525 0 0 0 0 0 0
9 0.595 0 0 0 0 0 0
10 0.665 0 0 0 0 0 0
11 0.735 0 0 0 0 0 0
12 0.805 0 0 0 0 0 0
13 0.875 0 0 0 0 0 0
14 0.945 0 0 0 0 0 0
15 1.015 0 0 0 0 0 0
16 1.085 0 0 0 0 0 0
17 1.155 0 0 0 0 0 0
18 1.225 0 0 0 0 0 0
19 1.295 0 0 0 0 0 0
20 1.365 0 0 0 0 0 0
21 1.435 0 0 0 0 0 0
22 1.505 0 0 0 0 0 0
23 1.575 0 0 0 0 0 0
24 1.645 0 0 0 0 0 0
25 1.715 0 0 0 0 0 0
26 1.785 0 0 0 0 0 0
27 1.855 0 0 0 0 0 0
28 1.925 0 0 0 0 0 0
29 1.995 0 0 0 0 0 0
30 2.065 0 0 0 0 0 0
31 2.135 0 0 0 0 0 0
32 2.205 0 0 0 0 0 0
33 2.275 0 0 0 0 0 0
34 2.345 0 0 0 0 0 0
35 2.415 0 0 0 0 0 0
36 2.485 0 0 0 0 0 0
37 2.555 0 0 0 0 0 0
38 2.625 0 0 0 0 0 0
39 2.695 0 0 0 0 0 0
40 2.765 0 0 0 0 0 0
41 2.835 0 0 0 0 0 0
42 2.905 0 0 0 0 0 0
43 2.975 0 0 0 0 3.5071e-06 1.02041e-06
44 3.045 0 0 0.000163871 5e-05 0.00016069 5e-05
45 3.115 0.00807669 5e-05 0.00258372 0.000875 0.00190018 0.000656122
46 3.185 0.0231767 0.0002 0.0149782 0.005875 0.00979471 0.00392245
47 3.255 0.0295875 0.0004 0.0418754 0.020475 0.0333312 0.0155316
48 3.325 0.134686 0.00135 0.113452 0.06175 0.0830082 0.0457
49 3.395 0.346771 0.0039 0.210658 0.14165 0.164353 0.107973
50 3.465 0.528727 0.00795 0.35435 0.28165 0.273526 0.215931
51 3.535 0.815301 0.01445 0.498281 0.48655 0.395565 0.378427
52 3.605 0.964858 0.02245 0.645255 0.7625 0.514097 0.598061
53 3.675 1.11414 0.03205 0.759738 1.10015 0.618141 0.872501
54 3.745 1.24611 0.0432 0.835716 1.48585 0.689257 1.19028
55 3.815 1.42696 0.05645 0.909519 1.92145 0.731891 1.54045
56 3.885 1.3812 0.06975 0.935831 2.38625 0.749131 1.91214
57 3.955 1.20748 0.0818 0.960893 2.88085 0.747922 2.29673
58 4.025 1.54318 0.09775 0.984457 3.40567 0.745015 2.6935
59 4.095 1.41142 0.11285 1.00188 3.95853 0.742216 3.10265
60 4.165 1.40504 0.1284 1.00807 4.53397 0.750659 3.53072
61 4.235 1.33276 0.14365 1.05187 5.15478 0.769047 3.98414
62 4.305 1.3532 0.15965 1.04741 5.79355 0.793712 4.4677
63 4.375 1.36757 0.17635 1.07045 6.46778 0.819225 4.98316
64 4.445 1.2693 0.19235 1.07891 7.16925 0.840347 5.52898
65 4.515 1.16489 0.2075 1.10102 7.90783 0.866097 6.10937
66 4.585 1.18179 0.22335 1.10687 8.67353 0.890416 6.7247
67 4.655 1.11035 0.2387 1.12509 9.47578 0.915023 7.3765
68 4.725 1.17598 0.25545 1.13709 10.3112 0.945984 8.07077
69 4.795 1.16576 0.27255 1.16999 11.1964 0.974864 8.80758
70 4.865 1.24835 0.2914 1.17499 12.1115 1.00628 9.59052
71 4.935 1.09734 0.30845 1.19664 13.0705 1.0366 10.4204
72 5.005 1.22955 0.3281 1.20753 14.0659 1.05796 11.2916
73 5.075 1.11066 0.34635 1.20447 15.0867 1.07058 12.198
74 5.145 1.16058 0.36595 1.20134 16.1331 1.0795 13.1374
75 5.215 1.06047 0.38435 1.19138 17.1993 1.08217 14.1049
76 5.285 1.11113 0.40415 1.19179 18.2947 1.08481 15.1009
77 5.355 1.00302 0.4225 1.18495 19.4129 1.09506 16.1332
78 5.425 1.11045 0.44335 1.19727 20.5724 1.10819 17.2053
79 5.495 1.04081 0.4634 1.19476 21.7595 1.1212 18.3182
80 5.565 1.08312 0.4848 1.18881 22.971 1.13522 19.4739
81 5.635 1.13536 0.5078 1.19693 24.2216 1.14704 20.6712
82 5.705 1.06914 0.53 1.18774 25.4937 1.15855 21.9108
83 5.775 1.00578 0.5514 1.18222 26.7912 1.16634 23.1895
84 5.845 1.08506 0.57505 1.1706 28.1072 1.17331 24.5072
85 5.915 1.03713 0.5982 1.17219 29.4567 1.17564 25.8593
86 5.985 1.00207 0.6211 1.17732 30.8444 1.17544 27.2434
87 6.055 1.08378 0.64645 1.15167 32.2339 1.17287 28.657
88 6.125 1.05706 0.67175 1.13481 33.6348 1.1695 30.0993
89 6.195 1.01085 0.6965 1.12156 35.0512 1.16245 31.5658
90 6.265 0.93647 0.71995 1.10924 36.4838 1.15371 33.0544
91 6.335 1.06431 0.7472 1.09422 37.9289 1.14502 34.565
92 6.405 0.886427 0.7704 1.08043 39.3874 1.13488 36.0954
93 6.475 0.944007 0.79565 1.06361 40.8548 1.12328 37.6435
94 6.545 0.942218 0.8214 1.04816 42.3323 1.11058 39.2074
95 6.615 0.857905 0.84535 1.03858 43.8277 1.10041 40.7903
96 6.685 0.813727 0.86855 1.02592 45.3364 1.09186 42.3943
97 6.755 0.925767 0.8955 1.0087 46.851 1.08552 44.0226
98 6.825 0.883319 0.92175 0.999106 48.3824 1.07715 45.6719
99 6.895 0.872069 0.9482 0.990749 49.9324 1.07068 47.3452
100 6.965 0.806162 0.97315 0.975601 51.4897 1.06136 49.0378
101 7.035 0.847207 0.9999 0.971189 53.0714 1.05305 50.751
102 7.105 0.849226 1.02725 0.963735 54.6723 1.04241 52.4808
103 7.175 0.817513 1.0541 0.947575 56.2775 1.03027 54.2243
104 7.245 0.867488 1.08315 0.944073 57.9081 1.02045 55.9851
105 7.315 0.840713 1.11185 0.93089 59.5472 1.00978 57.7613
106 7.385 0.860776 1.1418 0.930141 61.2165 0.999996 59.5541
107 7.455 0.875711 1.17285 0.926453 62.9108 0.989823 61.3625
108 7.525 0.876103 1.2045 0.923304 64.6313 0.976973 63.181
109 7.595 0.849159 1.23575 0.915174 66.3684 0.96952 65.0195
110 7.665 0.881742 1.2688 0.914337 68.1361 0.960649 66.8748
111 7.735 0.893364 1.3029 0.904225 69.9163 0.952759 68.7487
112 7.805 0.876125 1.33695 0.90479 71.7301 0.945826 70.6427
113 7.875 0.86441 1.37115 0.905572 73.5781 0.93861 72.5562
114 7.945 0.892701 1.4071 0.897436 75.4422 0.933068 74.4923
115 8.015 0.910116 1.4444 0.909941 77.3657 0.929959 76.4562
116 8.085 0.88843 1.48145 0.902598 79.3072 0.928628 78.4516
117 8.155 0.89092 1.51925 0.905927 81.2897 0.924483 80.4727
118 8.225 0.887405 1.55755 0.912348 83.3207 0.9226 82.5244
119 8.295 0.887298 1.5965 0.915565 85.3937 0.920096 84.6055
120 8.365 0.892671 1.63635 0.915398 87.5014 0.919842 86.7213
121 8.435 0.888932 1.6767 0.921858 89.6597 0.920703 88.8747
122 8.505 0.894945 1.718 0.924475 91.8602 0.9207 91.064
123 8.575 0.83243 1.75705 0.939139 94.1326 0.923072 93.2952
124 8.645 0.874584 1.79875 0.942737 96.451 0.924049 95.5654
125 8.715 0.935918 1.8441 0.942458 98.8065 0.926672 97.879
126 8.785 0.958636 1.8913 0.955289 101.233 0.929767 100.238
127 8.855 0.919551 1.9373 0.960282 103.71 0.933356 102.644
128 8.925 0.960282 1.9861 0.966871 106.245 0.93695 105.097
129 8.995 0.940551 2.03465 0.979816 108.853 0.940822 107.599
130 9.065 0.939434 2.0839 0.982947 111.511 0.945853 110.154
131 9.135 0.909125 2.1323 0.995745 114.245 0.951488 112.764
132 9.205 0.936049 2.1829 0.996421 117.024 0.955659 115.426
133 9.275 0.925617 2.2337 0.999021 119.852 0.961578 118.146
134 9.345 0.895648 2.2836 1.01245 122.761 0.966204 120.919
135 9.415 0.982288 2.33915 1.0166 125.726 0.972119 123.752
136 9.485 0.905992 2.39115 1.0288 128.772 0.976306 126.639
137 9.555 0.872164 2.44195 1.02583 131.854 0.981984 129.586
138 9.625 0.890825 2.4946 1.03377 135.005 0.986798 132.591
139 9.695 0.913862 2.5494 1.04224 138.229 0.991226 135.654
140 9.765 0.949299 2.60715 1.04554 141.51 0.996154 138.777
141 9.835 0.9885 2.66815 1.04431 144.834 1.00148 141.961
142 9.905 0.913068 2.7253 1.05379 148.236 1.00716 145.209
143 9.975 0.926291 2.7841 1.05308 151.684 1.01241 148.521
144 10.045 0.916533 2.8431 1.04959 155.169 1.01538 151.889
145 10.115 0.946022 2.90485 1.05595 158.724 1.01916 155.316
146 10.185 0.920219 2.96575 1.05969 162.341 1.02266 158.804
147 10.255 0.900247 3.02615 1.05858 166.004 1.02552 162.349
148 10.325 0.896903 3.08715 1.06159 169.728 1.02904 165.955
149 10.395 0.889942 3.1485 1.05368 173.475 1.03156 169.619
150 10.465 0.883801 3.21025 1.05761 177.286 1.0345 173.343
151 10.535 0.845261 3.2701 1.05647 181.145 1.03643 177.125
152 10.605 0.912885 3.3356 1.05796 185.06 1.03748 180.96
153 10.675 0.861062 3.3982 1.05764 189.026 1.03979 184.855
154 10.745 0.87839 3.4629 1.05641 193.039 1.03923 188.8
155 10.815 0.883138 3.5288 1.04762 197.072 1.04042 192.8
156 10.885 0.890998 3.59615 1.04958 201.164 1.04047 196.852
157 10.955 0.854832 3.6616 1.04543 205.292 1.04138 200.961
158 11.025 0.840788 3.7268 1.04654 209.478 1.04038 205.118
159 11.095 0.896425 3.7972 1.03996 213.691 1.03957 209.325
160 11.165 0.917284 3.87015 1.03817 217.949 1.03847 213.58
161 11.235 0.921412 3.94435 1.03556 222.251 1.03756 217.885
162 11.305 0.853006 4.0139 1.02992 226.582 1.03581 222.237
163 11.375 0.89342 4.08765 1.02832 230.96 1.03342 226.632
164 11.445 0.8556 4.15915 1.01929 235.354 1.03179 231.075
165 11.515 0.893106 4.2347 1.02021 239.805 1.03045 235.567
166 11.585 0.888769 4.3108 1.01835 244.303 1.02827 240.103
167 11.655 0.855047 4.3849 1.01276 248.829 1.02552 244.683
168 11.725 0.885914 4.4626 1.01179 253.407 1.02319 249.307
169 11.795 0.89233 4.5418 1.00519 258.008 1.02059 253.974
170 11.865 0.915235 4.624 1.00584 262.668 1.01796 258.685
171 11.935 0.906181 4.70635 0.999439 267.352 1.01459 263.436
172 12.005 0.900539 4.78915 0.996173 272.077 1.01156 268.228
173 12.075 0.892816 4.8722 0.997308 276.862 1.00993 273.069
174 12.145 0.914965 4.9583 0.990676 281.67 1.00809 277.957
175 12.215 0.930772 5.0469 0.987771 286.52 1.00481 282.885
176 12.285 0.906174 5.13415 0.987244 291.423 1.00123 287.852
177 12.355 0.919039 5.22365 0.984361 296.367 0.999536 292.868
178 12.425 0.950341 5.31725 0.980889 301.35 0.997282 297.929
179 12.495 0.88852 5.40575 0.97918 306.381 0.994589 303.033
180 12.565 0.93226 5.49965 0.977896 311.461 0.992465 308.184
181 12.635 0.932759 5.59465 0.975309 316.585 0.990511 313.382
182 12.705 0.94096 5.69155 0.972777 321.752 0.988721 318.628
183 12.775 0.93884 5.7893 0.970245 326.962 0.985945 323.918
184 12.845 0.95381 5.8897 0.975005 332.256 0.98514 329.261
185 12.915 0.949137 5.9907 0.974344 337.603 0.983423 334.653
186 12.985 0.962637 6.09425 0.971978 342.996 0.981931 340.096
187 13.055 1.02684 6.2059 0.973458 348.456 0.981705 345.596
188 13.125 0.987251 6.3144 0.972642 353.969 0.980255 351.147
189 13.195 0.966901 6.4218 0.976806 359.566 0.980004 356.756
190 13.265 1.03868 6.5384 0.970133 365.183 0.978657 362.416
191 13.335 0.959928 6.6473 0.980333 370.919 0.978084 368.134
192 13.405 0.963013 6.7577 0.974561 376.682 0.978174 373.912
193 13.475 1.01605 6.8754 0.978608 382.529 0.977934 379.749
194 13.545 0.992761 6.9916 0.982558 388.461 0.9786 385.651
195 13.615 0.990612 7.10875 0.98178 394.449 0.979133 391.617
196 13.685 0.988037 7.2268 0.979474 400.485 0.979705 397.649
197 13.755 1.02606 7.35065 0.981022 406.593 0.980693 403.748
198 13.825 1.04604 7.4782 0.9884 412.81 0.980498 409.908
199 13.895 1.05338 7.60795 0.989776 419.098 0.981903 416.14
200 13.965 1.03522 7.73675 0.99423 425.478 0.982996 422.442
2400000 200
1 0.035 0 0 0 0 0 0
2 0.105 0 0 0 0 0 0
3 0.175 0 0 0 0 0 0
4 0.245 0 0 0 0 0 0
5 0.315 0 0 0 0 0 0
6 0.385 0 0 0 0 0 0
7 0.455 0 0 0 0 0 0
8 0.525 0 0 0 0 0 0
9 0.595 0 0 0 0 0 0
10 0.665 0 0 0 0 0 0
11 0.735 0 0 0 0 0 0
12 0.805 0 0 0 0 0 0
13 0.875 0 0 0 0 0 0
14 0.945 0 0 0 0 0 0
15 1.015 0 0 0 0 0 0
16 1.085 0 0 0 0 0 0
17 1.155 0 0 0 0 0 0
18 1.225 0 0 0 0 0 0
19 1.295 0 0 0 0 0 0
20 1.365 0 0 0 0 0 0
21 1.435 0 0 0 0 0 0
22 1.505 0 0 0 0 0 0
23 1.575 0 0 0 0 0 0
24 1.645 0 0 0 0 0 0
25 1.715 0 0 0 0 0 0
26 1.785 0 0 0 0 0 0
27 1.855 0 0 0 0 0 0
28 1.925 0 0 0 0 0 0
29 1.995 0 0 0 0 0 0
30 2.065 0 0 0 0 0 0
31 2.135 0 0 0 0 0 0
32 2.205 0 0 0 0 0 0
33 2.275 0 0 0 0 0 0
34 2.345 0 0 0 0 0 0
35 2.415 0 0 0 0 0 0
36 2.485 0 0 0 0 0 0
37 2.555 0 0 0 0 0 0
38 2.625 0 0 0 0 0 0
39 2.695 0 0 0 0 0 0
40 2.765 0 0 0 0 0 0
41 2.835 0 0 0 0 0 0
42 2.905 0 0 0 0 0 0
43 2.975 0 0 0 0 3.5071e-06 1.02041e-06
44 3.045 0 0 0.000245806 7.5e-05 0.000284556 8.77551e-05
45 3.115 0.00807669 5e-05 0.00352325 0.0012 0.00181061 0.000665306
46 3.185 0.0463535 0.00035 0.0113085 0.004975 0.010067 0.00402245
47 3.255 0.0517782 0.0007 0.0465362 0.0212 0.0344094 0.0160071
48 3.325 0.177218 0.00195 0.116132 0.06345 0.0854059 0.0470469
49 3.395 0.387568 0.0048 0.213228 0.144325 0.16711 0.110365
50 3.465 0.646222 0.00975 0.35802 0.285775 0.276204 0.21938
51 3.535 0.683598 0.0152 0.498159 0.490625 0.397475 0.38266
52 3.605 0.844251 0.0222 0.638182 0.76355 0.517947 0.60394
53 3.675 1.2302 0.0328 0.753438 1.0984 0.618658 0.878609
54 3.745 1.1567 0.04315 0.863829 1.49707 0.692891 1.19807
55 3.815 1.41081 0.05625 0.912703 1.9342 0.736829 1.5506
56 3.885 1.39677 0.0697 0.95068 2.40638 0.754207 1.92481
57 3.955 1.29266 0.0826 0.968858 2.90507 0.755062 2.31307
58 4.025 1.35451 0.0966 0.989522 3.4326 0.752072 2.71359
59 4.095 1.37403 0.1113 1.00192 3.98548 0.751301 3.12775
60 4.165 1.33275 0.12605 1.02077 4.56818 0.757855 3.55992
61 4.235 1.28469 0.14075 1.03916 5.18148 0.776257 4.01759
62 4.305 1.53926 0.15895 1.05352 5.82398 0.797766 4.50362
63 4.375 1.46584 0.17685 1.07338 6.50005 0.820147 5.01967
64 4.445 1.52316 0.19605 1.08222 7.20367 0.843049 5.56724
65 4.515 1.31483 0.21315 1.08857 7.9339 0.867217 6.14838
66 4.585 1.39056 0.2318 1.10571 8.6988 0.889543 6.76311
67 4.655 1.35267 0.2505 1.11738 9.49555 0.91617 7.41572
68 4.725 1.26023 0.26845 1.13423 10.3288 0.944282 8.10874
69 4.795 1.27484 0.28715 1.14818 11.1975 0.977806 8.84778
70 4.865 1.18875 0.3051 1.16629 12.1059 1.00594 9.63045
71 4.935 1.18422 0.3235 1.18494 13.0555 1.03334 10.4577
72 5.005 1.25458 0.34355 1.19251 14.0385 1.05312 11.325
73 5.075 1.25063 0.3641 1.19745 15.0534 1.06756 12.2288
74 5.145 1.15466 0.3836 1.18998 16.0899 1.07524 13.1645
75 5.215 1.29101 0.406 1.18361 17.1492 1.08089 14.1308
76 5.285 1.11955 0.42595 1.18839 18.2414 1.08272 15.1249
77 5.355 1.24079 0.44865 1.17804 19.3531 1.09314 16.1554
78 5.425 1.18501 0.4709 1.18005 20.4959 1.10239 17.2219
79 5.495 1.2225 0.49445 1.17443 21.6628 1.11541 18.3291
80 5.565 1.10589 0.5163 1.15864 22.8436 1.12911 19.4786
81 5.635 1.11808 0.53895 1.18212 24.0787 1.14084 20.6694
82 5.705 1.2401 0.5647 1.16344 25.3248 1.1507 21.9006
83 5.775 1.15382 0.58925 1.15525 26.5926 1.16055 23.1729
84 5.845 1.15847 0.6145 1.15496 27.891 1.16579 24.4822
85 5.915 1.15137 0.6402 1.14694 29.2115 1.16959 25.8273
86 5.985 1.11147 0.6656 1.13431 30.5486 1.16946 27.2044
87 6.055 1.12226 0.69185 1.13325 31.9157 1.16847 28.6126
88 6.125 1.11974 0.71865 1.11932 33.2975 1.16492 30.0493
89 6.195 1.17013 0.7473 1.11119 34.7008 1.16036 31.5132
90 6.265 1.11418 0.7752 1.09507 36.1152 1.15093 32.9982
91 6.335 1.12875 0.8041 1.08233 37.5445 1.14236 34.5052
92 6.405 1.08129 0.8324 1.07482 38.9955 1.13119 36.0307
93 6.475 1.07486 0.86115 1.06491 40.4647 1.12026 37.5747
94 6.545 1.01357 0.88885 1.04126 41.9324 1.11064 39.1387
95 6.615 1.07462 0.91885 1.02507 43.4085 1.10096 40.7223
96 6.685 1.00313 0.94745 1.02256 44.9122 1.09115 42.3253
97 6.755 0.996187 0.97645 1.0048 46.4209 1.08348 43.9505
98 6.825 0.991 1.0059 0.996464 47.9483 1.07656 45.599
99 6.895 1.01879 1.0368 0.99484 49.5046 1.07063 47.2721
100 6.965 0.969333 1.0668 0.975116 51.0612 1.06107 48.9642
101 7.035 0.942221 1.09655 0.971481 52.6433 1.05313 50.6776
102 7.105 0.982742 1.1282 0.958663 54.2358 1.04284 52.4081
103 7.175 1.05653 1.1629 0.957566 55.858 1.03329 54.1568
104 7.245 0.994401 1.1962 0.952323 57.5029 1.02169 55.9197
105 7.315 0.984249 1.2298 0.940574 59.159 1.01347 57.7023
106 7.385 0.883768 1.26055 0.935337 60.8376 1.00102 59.497
107 7.455 0.970192 1.29495 0.93214 62.5424 0.991646 61.3087
108 7.525 0.930081 1.32855 0.927919 64.2714 0.98152 63.1357
109 7.595 0.949699 1.3635 0.913726 66.0058 0.972639 64.9801
110 7.665 0.980455 1.40025 0.915578 67.7759 0.965335 66.8445
111 7.735 0.95886 1.43685 0.91159 69.5706 0.95722 68.7271
112 7.805 1.0408 1.4773 0.909267 71.3933 0.950351 70.6302
113 7.875 0.968038 1.5156 0.902853 73.2357 0.944068 72.5548
114 7.945 0.975887 1.5549 0.910796 75.1276 0.937769 74.5007
115 8.015 0.994295 1.59565 0.904524 77.0397 0.935173 76.4755
116 8.085 0.978352 1.63645 0.908339 78.9935 0.932597 78.4795
117 8.155 1.04176 1.68065 0.903802 80.9714 0.93047 80.5137
118 8.225 1.08667 1.72755 0.906183 82.9886 0.927566 82.5764
119 8.295 1.00006 1.77145 0.908443 85.0455 0.927191 84.6736
120 8.365 1.0562 1.8186 0.912618 87.1469 0.927281 86.8065
121 8.435 1.04094 1.86585 0.915612 89.2905 0.926646 88.9738
122 8.505 1.01413 1.91265 0.928047 91.4996 0.92653 91.177
123 8.575 0.992308 1.9592 0.934262 93.7601 0.927701 93.4194
124 8.645 1.08222 2.0108 0.935011 96.0596 0.929128 95.702
125 8.715 1.09896 2.06405 0.937316 98.4021 0.931066 98.0266
126 8.785 1.02566 2.11455 0.949362 100.813 0.934022 100.396
127 8.855 1.03849 2.1665 0.960234 103.291 0.936314 102.81
128 8.925 1.06949 2.22085 0.959213 105.805 0.941363 105.275
129 8.995 1.14106 2.27975 0.968351 108.383 0.942863 107.782
130 9.065 1.05579 2.3351 0.97433 111.018 0.948301 110.344
131 9.135 1.09508 2.3934 0.980695 113.711 0.952866 112.958
132 9.205 1.01744 2.4484 0.986208 116.46 0.957048 115.624
133 9.275 1.03312 2.5051 0.993492 119.273 0.961304 118.342
134 9.345 1.03116 2.56255 0.996221 122.136 0.967342 121.119
135 9.415 1.05921 2.62245 1.00508 125.067 0.970908 123.948
136 9.485 1.102 2.6857 1.00877 128.054 0.976392 126.836
137 9.555 1.10136 2.74985 1.01281 131.096 0.98182 129.782
138 9.625 1.06002 2.8125 1.02255 134.214 0.985427 132.783
139 9.695 1.08896 2.8778 1.02989 137.399 0.990316 135.843
140 9.765 1.07587 2.94325 1.03001 140.631 0.995393 138.963
141 9.835 1.04684 3.00785 1.03691 143.931 1.00024 142.144
142 9.905 1.07124 3.0749 1.03642 147.277 1.00532 145.386
143 9.975 1.05232 3.1417 1.0383 150.677 1.00938 148.687
144 10.045 1.06333 3.21015 1.04458 154.145 1.01286 152.047
145 10.115 1.02645 3.27715 1.04062 157.649 1.01551 155.462
146 10.185 1.06754 3.3478 1.05216 161.24 1.01955 158.939
147 10.255 1.04557 3.41795 1.04788 164.867 1.02166 162.471
148 10.325 1.10128 3.49285 1.0495 168.548 1.02638 166.068
149 10.395 1.02195 3.5633 1.05223 172.29 1.02769 169.718
150 10.465 1.05555 3.63705 1.04699 176.063 1.03021 173.427
151 10.535 1.05216 3.71155 1.05102 179.901 1.03164 177.191
152 10.605 1.06201 3.78775 1.05023 183.788 1.03407 181.014
153 10.675 1.04263 3.86355 1.04651 187.712 1.03539 184.893
154 10.745 1.00397 3.9375 1.0491 191.698 1.03669 188.827
155 10.815 1.00442 4.01245 1.04417 195.717 1.03638 192.812
156 10.885 1.01271 4.089 1.0433 199.784 1.03651 196.849
157 10.955 1.01417 4.16665 1.04321 203.904 1.03622 200.937
158 11.025 0.990376 4.24345 1.04257 208.074 1.03745 205.082
159 11.095 1.00402 4.3223 1.03536 212.268 1.0362 209.275
160 11.165 1.01159 4.40275 1.03704 216.522 1.03633 213.522
161 11.235 0.969221 4.4808 1.03019 220.801 1.03474 217.815
162 11.305 1.0057 4.5628 1.0296 225.131 1.03308 222.156
163 11.375 0.946722 4.64095 1.03148 229.523 1.0321 226.546
164 11.445 0.962101 4.72135 1.01875 233.914 1.03004 230.981
165 11.515 0.944529 4.80125 1.02046 238.366 1.0292 235.467
166 11.585 0.948916 4.8825 1.0151 242.849 1.0275 240
167 11.655 0.927166 4.96285 1.01231 247.374 1.02409 244.573
168 11.725 0.917839 5.04335 1.0089 251.938 1.02242 249.193
169 11.795 0.89571 5.12285 1.00731 256.55 1.01972 253.857
170 11.865 0.955875 5.2087 1.00186 261.191 1.01747 258.566
171 11.935 0.93039 5.29325 1.00201 265.888 1.01542 263.32
172 12.005 0.939149 5.3796 0.998919 270.625 1.01291 268.119
173 12.075 0.939042 5.46695 0.997912 275.413 1.01022 272.961
174 12.145 0.902744 5.5519 0.995605 280.245 1.00837 277.85
175 12.215 0.915014 5.639 0.99295 285.12 1.00596 282.784
176 12.285 0.881248 5.72385 0.991855 290.046 1.00392 287.765
177 12.355 0.918012 5.81325 0.986456 295.001 1.00045 292.785
178 12.425 0.888914 5.9008 0.982356 299.991 0.998581 297.853
179 12.495 0.899062 5.99035 0.985292 305.053 0.996618 302.968
180 12.565 0.896022 6.0806 0.980033 310.145 0.994445 308.129
181 12.635 0.866975 6.1689 0.982419 315.306 0.992735 313.338
182 12.705 0.86376 6.25785 0.982552 320.525 0.989506 318.589
183 12.775 0.850478 6.3464 0.978611 325.78 0.988604 323.892
184 12.845 0.871634 6.43815 0.980383 331.103 0.987577 329.249
185 12.915 0.863621 6.53005 0.982169 336.494 0.986673 334.659
186 12.985 0.875717 6.62425 0.980877 341.936 0.984235 340.114
187 13.055 0.858073 6.71755 0.981575 347.441 0.984335 345.629
188 13.125 0.928107 6.81955 0.981021 353.002 0.983034 351.196
189 13.195 0.880924 6.9174 0.981327 358.624 0.982562 356.819
190 13.265 0.868088 7.01485 0.982633 364.313 0.982282 362.501
191 13.335 0.880154 7.1147 0.984721 370.075 0.982038 368.241
192 13.405 0.865316 7.2139 0.985008 375.9 0.981507 374.039
193 13.475 0.87793 7.3156 0.98665 381.795 0.980606 379.892
194 13.545 0.815055 7.411 0.987825 387.759 0.981589 385.812
195 13.615 0.855317 7.51215 0.988137 393.786 0.981676 391.794
196 13.685 0.861236 7.61505 0.992682 399.904 0.982104 397.84
197 13.755 0.869062 7.71995 0.992623 406.084 0.982854 403.953
198 13.825 0.863154 7.8252 0.994876 412.341 0.982822 410.128
199 13.895 0.877617 7.9333 0.996284 418.67 0.984406 416.376
200 13.965 0.852365 8.03935 0.998784 425.08 0.985263 422.692
2600000 200
1 0.035 0 0 0 0 0 0
2 0.105 0 0 0 0 0 0
3 0.175 0 0 0 0 0 0
4 0.245 0 0 0 0 0 0
5 0.315 0 0 0 0 0 0
6 0.385 0 0 0 0 0 0
7 0.455 0 0 0 0 0 0
8 0.525 0 0 0 0 0 0
9 0.595 0 0 0 0 0 0
10 0.665 0 0 0 0 0 0
11 0.735 0 0 0 0 0 0
12 0.805 0 0 0 0 0 0
13 0.875 0 0 0 0 0 0
14 0.945 0 0 0 0 0 0
15 1.015 0 0 0 0 0 0
16 1.085 0 0 0 0 0 0
17 1.155 0 0 0 0 0 0
18 1.225 0 0 0 0 0 0
19 1.295 0 0 0 0 0 0
20 1.365 0 0 0 0 0 0
21 1.435 0 0 0 0 0 0
22 1.505 0 0 0 0 0 0
23 1.575 0 0 0 0 0 0
24 1.645 0 0 0 0 0 0
25 1.715 0 0 0 0 0 0
26 1.785 0 0 0 0 0 0
27 1.855 0 0 0 0 0 0
28 1.925 0 0 0 0 0 0
29 1.995 0 0 0 0 0 0
30 2.065 0 0 0 0 0 0
31 2.135 0 0 0 0 0 0
32 2.205 0 0 0 0 0 0
33 2.275 0 0 0 0 0 0
34 2.345 0 0 0 0 0 0
35 2.415 0 0 0 0 0 0
36 2.485 0 0 0 0 0 0
37 2.555 0 0 0 0 0 0
38 2.625 0 0 0 0 0 0
39 2.695 0 0 0 0 0 0
40 2.765 0 0 0 0 0 0
41 2.835 0 0 0 0 0 0
42 2.905 0 0 0 0 0 0
43 2.975 0 0 0 0 1.75355e-05 5.10204e-06
44 3.045 0 0 0.000327741 0.0001 0.00027786 8.97959e-05
45 3.115 0 0 0.00266201 0.00095 0.00191617 0.00070102
46 3.185 0.00772558 5e-05 0.0124319 0.0051 0.0100456 0.00405102
47 3.255 0.066572 0.0005 0.0469664 0.021475 0.0334719 0.0157092
48 3.325 0.127597 0.0014 0.116751 0.06395 0.0842548 0.0463306
49 3.395 0.203983 0.0029 0.224367 0.14905 0.168931 0.110339
50 3.465 0.476507 0.00655 0.354223 0.289 0.276215 0.219357
51 3.535 0.620883 0.0115 0.509832 0.49865 0.398437 0.383033
52 3.605 0.904554 0.019 0.653322 0.77805 0.518396 0.604504
53 3.675 1.0271 0.02785 0.775939 1.1229 0.62243 0.880848
54 3.745 1.09524 0.03765 0.870925 1.52485 0.696248 1.20185
55 3.815 1.16311 0.04845 0.933687 1.97203 0.739766 1.55579
56 3.885 1.45389 0.06245 0.969908 2.45375 0.756654 1.93122
57 3.955 1.24756 0.0749 0.973618 2.9549 0.756868 2.3204
58 4.025 1.3787 0.08915 0.992336 3.48392 0.753133 2.72149
59 4.095 1.33664 0.10345 1.00464 4.0383 0.751081 3.13553
60 4.165 1.49088 0.11995 1.02638 4.6242 0.759876 3.56885
61 4.235 1.42889 0.1363 1.04996 5.24388 0.775648 4.02617
62 4.305 1.39972 0.15285 1.06881 5.8957 0.797476 4.51202
63 4.375 1.4167 0.17015 1.07096 6.57025 0.822603 5.02961
64 4.445 1.42003 0.18805 1.09018 7.27905 0.846676 5.57953
65 4.515 1.31099 0.2051 1.10739 8.0219 0.867545 6.1609
66 4.585 1.38683 0.2237 1.11612 8.794 0.890851 6.77653
67 4.655 1.26225 0.24115 1.12849 9.59867 0.919422 7.43146
68 4.725 1.23917 0.2588 1.14294 10.4383 0.947163 8.12659
69 4.795 1.22371 0.27675 1.15859 11.3149 0.977258 8.86522
70 4.865 1.39404 0.2978 1.17974 12.2338 1.01063 9.65153
71 4.935 1.36443 0.319 1.19102 13.1882 1.03614 10.4811
72 5.005 1.35469 0.34065 1.20398 14.1807 1.05633 11.3509
73 5.075 1.32366 0.3624 1.20029 15.198 1.07093 12.2576
74 5.145 1.32638 0.3848 1.19827 16.2418 1.07912 13.1967
75 5.215 1.3083 0.4075 1.18992 17.3067 1.0811 14.1632
76 5.285 1.37769 0.43205 1.1869 18.3975 1.08471 15.1591
77 5.355 1.27085 0.4553 1.18357 19.5144 1.09135 16.1879
78 5.425 1.32881 0.48025 1.18203 20.6592 1.10126 17.2533
79 5.495 1.27181 0.50475 1.17528 21.8269 1.11403 18.3591
80 5.565 1.1894 0.52825 1.17733 23.0267 1.12708 19.5065
81 5.635 1.21187 0.5528 1.1713 24.2506 1.13795 20.6944
82 5.705 1.25696 0.5789 1.16507 25.4984 1.15322 21.9282
83 5.775 1.20787 0.6046 1.17454 26.7874 1.15998 23.1999
84 5.845 1.17453 0.6302 1.16695 28.0993 1.16638 24.5098
85 5.915 1.20737 0.65715 1.15402 29.4279 1.16876 25.8541
86 5.985 1.20555 0.6847 1.15302 30.787 1.16899 27.2306
87 6.055 1.15219 0.71165 1.13582 32.1573 1.16578 28.6356
88 6.125 1.15943 0.7394 1.12851 33.5505 1.16064 30.0669
89 6.195 1.20893 0.769 1.11366 34.9569 1.15519 31.5243
90 6.265 1.1022 0.7966 1.10434 36.3832 1.14679 33.004
91 6.335 1.23811 0.8283 1.07754 37.8062 1.13832 34.5057
92 6.405 1.04881 0.85575 1.06278 39.2409 1.12881 36.028
93 6.475 1.17019 0.88705 1.05209 40.6924 1.11777 37.5685
94 6.545 1.04467 0.9156 1.04403 42.1641 1.10782 39.1285
95 6.615 1.04596 0.9448 1.02631 43.6419 1.09727 40.7069
96 6.685 1.02067 0.9739 1.01348 45.1322 1.09 42.3081
97 6.755 1.0168 1.0035 1.00079 46.6349 1.08341 43.9332
98 6.825 1.03643 1.0343 0.984003 48.1432 1.07341 45.5769
99 6.895 1.02703 1.06545 0.980601 49.6773 1.06684 47.2441
100 6.965 0.977411 1.0957 0.962665 51.214 1.05852 48.9321
101 7.035 0.921635 1.1248 0.964005 52.784 1.0514 50.6427
102 7.105 0.967217 1.15595 0.953336 54.3676 1.04203 52.3719
103 7.175 0.924079 1.1863 0.946041 55.9702 1.03281 54.1197
104 7.245 0.901829 1.2165 0.943364 57.5996 1.02152 55.8823
105 7.315 0.931521 1.2483 0.931771 59.2403 1.01232 57.663
106 7.385 0.971427 1.2821 0.927271 60.9044 1.00089 59.4574
107 7.455 0.932117 1.31515 0.920356 62.5876 0.992743 61.2711
108 7.525 0.914856 1.3482 0.913671 64.2901 0.981627 63.0983
109 7.595 1.03258 1.3862 0.907957 66.0135 0.972127 64.9417
110 7.665 1.01247 1.42415 0.906436 67.7659 0.964598 66.8047
111 7.735 0.892054 1.4582 0.901469 69.5407 0.956808 68.6865
112 7.805 0.955889 1.49535 0.900986 71.3468 0.950953 70.5908
113 7.875 0.931389 1.5322 0.899043 73.1815 0.944289 72.5159
114 7.945 0.953538 1.5706 0.891491 75.0333 0.940266 74.4669
115 8.015 1.00772 1.6119 0.898315 76.9322 0.935665 76.4428
116 8.085 0.947179 1.6514 0.903667 78.876 0.931854 78.4452
117 8.155 0.988733 1.69335 0.904168 80.8546 0.930279 80.4789
118 8.225 1.00441 1.7367 0.908373 82.8768 0.929315 82.5456
119 8.295 0.988671 1.7801 0.910331 84.9379 0.927316 84.643
120 8.365 1.04836 1.8269 0.914507 87.0436 0.927136 86.7756
121 8.435 1.0101 1.87275 0.914544 89.1848 0.926909 88.9435
122 8.505 0.949119 1.91655 0.928288 91.3944 0.927975 91.1501
123 8.575 0.980584 1.96255 0.928703 93.6415 0.929406 93.3966
124 8.645 0.977352 2.00915 0.935967 95.9433 0.930334 95.6822
125 8.715 1.00299 2.05775 0.944748 98.3045 0.932127 98.0095
126 8.785 0.994179 2.1067 0.954038 100.727 0.935451 100.383
127 8.855 1.05049 2.15925 0.961261 103.208 0.939605 102.805
128 8.925 1.03211 2.2117 0.962684 105.731 0.943139 105.274
129 8.995 0.998669 2.26325 0.972577 108.32 0.94583 107.79
130 9.065 0.996658 2.3155 0.983714 110.98 0.950979 110.359
131 9.135 1.06315 2.3721 0.978429 113.667 0.954186 112.976
132 9.205 1.07572 2.43025 0.991741 116.432 0.959447 115.649
133 9.275 1.02037 2.48625 0.991505 119.239 0.964233 118.375
134 9.345 0.984495 2.5411 1.00558 122.129 0.968055 121.154
135 9.415 1.07247 2.60175 1.00549 125.062 0.973947 123.992
136 9.485 1.0445 2.6617 1.01352 128.062 0.978681 126.887
137 9.555 1.01037 2.72055 1.02106 131.129 0.981675 129.833
138 9.625 1.02872 2.78135 1.02866 134.265 0.987935 132.841
139 9.695 1.06979 2.8455 1.03069 137.453 0.992473 135.908
140 9.765 0.95834 2.9038 1.03373 140.697 0.996484 139.032
141 9.835 1.04117 2.96805 1.0324 143.983 0.999752 142.21
142 9.905 1.06724 3.03485 1.03662 147.329 1.00573 145.454
143 9.975 1.07516 3.1031 1.04131 150.739 1.0101 148.758
144 10.045 0.991098 3.1669 1.04391 154.205 1.01225 152.115
145 10.115 1.03488 3.23445 1.04958 157.739 1.0155 155.531
146 10.185 1.01768 3.3018 1.0468 161.312 1.01864 159.004
147 10.255 1.01948 3.3702 1.05212 164.953 1.02339 162.542
148 10.325 1.03291 3.44045 1.04941 168.634 1.02473 166.133
149 10.395 1.02992 3.51145 1.04889 172.364 1.02838 169.786
150 10.465 0.979695 3.5799 1.05205 176.155 1.02986 173.494
151 10.535 1.01615 3.65185 1.04823 179.983 1.032 177.259
152 10.605 1.01114 3.7244 1.05102 183.873 1.03295 181.078
153 10.675 1.00411 3.7974 1.04837 187.804 1.03473 184.954
154 10.745 1.00533 3.87145 1.04417 191.771 1.03501 188.882
155 10.815 1.00911 3.94675 1.04888 195.808 1.03721 192.87
156 10.885 0.97302 4.0203 1.04103 199.867 1.03654 196.907
157 10.955 0.963891 4.0941 1.04039 203.975 1.03554 200.993
158 11.025 0.990376 4.1709 1.03835 208.129 1.03557 205.13
159 11.095 0.979829 4.24785 1.03362 212.316 1.03453 209.317
160 11.165 1.02291 4.3292 1.03348 216.555 1.03325 213.551
161 11.235 0.964875 4.4069 1.02882 220.828 1.03334 217.838
162 11.305 1.01061 4.4893 1.0291 225.156 1.0319 222.174
163 11.375 0.97095 4.56945 1.02453 229.518 1.03038 226.556
164 11.445 0.999795 4.653 1.01896 233.91 1.02818 230.983
165 11.515 0.939209 4.73245 1.02153 238.367 1.02617 235.456
166 11.585 1.00439 4.81845 1.0145 242.848 1.02524 239.98
167 11.655 0.956014 4.9013 1.01191 247.371 1.02246 244.545
168 11.725 1.00278 4.98925 1.00547 251.919 1.01992 249.154
169 11.795 0.965001 5.0749 1.006 256.525 1.0174 253.807
170 11.865 0.943627 5.15965 1.00032 261.159 1.01538 258.506
171 11.935 0.959001 5.2468 0.995167 265.824 1.01305 263.25
172 12.005 0.951112 5.33425 0.99806 270.557 1.01238 268.046
173 12.075 0.941192 5.4218 0.993733 275.325 1.00887 272.882
174 12.145 0.919216 5.5083 0.988946 280.125 1.00673 277.763
175 12.215 0.930246 5.59685 0.992354 284.997 1.00448 282.69
176 12.285 0.935774 5.68695 0.988996 289.908 1.00136 287.658
177 12.355 0.944711 5.77895 0.989437 294.878 0.999951 292.675
178 12.425 0.913789 5.86895 0.986529 299.89 0.997592 297.738
179 12.495 0.892536 5.95785 0.985316 304.952 0.996141 302.85
180 12.565 0.942188 6.05275 0.983964 310.064 0.99435 308.011
181 12.635 0.957797 6.1503 0.983509 315.23 0.991612 313.215
182 12.705 0.9094 6.24395 0.983767 320.456 0.990888 318.473
183 12.775 0.892738 6.3369 0.982624 325.733 0.989071 323.779
184 12.845 0.914385 6.43315 0.983731 331.074 0.988409 329.14
185 12.915 0.920945 6.53115 0.980789 336.457 0.987221 334.553
186 12.985 0.924058 6.63055 0.982324 341.907 0.985626 340.016
187 13.055 0.916934 6.73025 0.976226 347.382 0.984812 345.533
188 13.125 0.917643 6.8311 0.978304 352.928 0.983974 351.105
189 13.195 0.919636 6.93325 0.981021 358.548 0.984023 356.737
190 13.265 0.940243 7.0388 0.983548 364.243 0.982698 362.421
191 13.335 0.928635 7.14415 0.984644 370.005 0.982784 368.166
192 13.405 0.928557 7.2506 0.982556 375.815 0.983009 373.973
193 13.475 0.905123 7.35545 0.988207 381.719 0.982463 379.837
194 13.545 0.953034 7.467 0.986247 387.673 0.982703 385.763
195 13.615 0.935226 7.5776 0.98767 393.698 0.98295 391.753
196 13.685 0.940748 7.69 0.994845 399.829 0.983795 397.81
197 13.755 0.918356 7.80085 0.995763 406.028 0.984338 403.932
198 13.825 0.919331 7.91295 0.993361 412.276 0.985375 410.123
199 13.895 0.964486 8.03175 0.990016 418.565 0.985571 416.378
200 13.965 0.907421 8.14465 0.99753 424.967 0.985864 422.698
2800000 200
1 0.035 0 0 0 0 0 0
2 0.105 0 0 0 0 0 0
3 0.175 0 0 0 0 0 0
4 0.245 0 0 0 0 0 0
5 0.315 0 0 0 0 0 0
6 0.385 0 0 0 0 0 0
7 0.455 0 0 0 0 0 0
8 0.525 0 0 0 0 0 0
9 0.595 0 0 0 0 0 0
10 0.665 0 0 0 0 0 0
11 0.735 0 0 0 0 0 0
12 0.805 0 0 0 0 0 0
13 0.875 0 0 0 0 0 0
14 0.945 0 0 0 0 0 0
15 1.015 0 0 0 0 0 0
16 1.085 0 0 0 0 0 0
17 1.155 0 0 0 0 0 0
18 1.225 0 0 0 0 0 0
19 1.295 0 0 0 0 0 0
20 1.365 0 0 0 0 0 0
21 1.435 0 0 0 0 0 0
22 1.505 0 0 0 0 0 0
23 1.575 0 0 0 0 0 0
24 1.645 0 0 0 0 0 0
25 1.715 0 0 0 0 0 0
26 1.785 0 0 0 0 0 0
27 1.855 0 0 0 0 0 0
28 1.925 0 0 0 0 0 0
29 1.995 0 0 0 0 0 0
30 2.065 0 0 0 0 0 0
31 2.135 0 0 0 0 0 0
32 2.205 0 0 0 0 0 0
33 2.275 0 0 0 0 0 0
34 2.345 0 0 0 0 0 0
35 2.415 0 0 0 0 0 0
36 2.485 0 0 0 0 0 0
37 2.555 0 0 0 0 0 0
38 2.625 0 0 0 0 0 0
39 2.695 0 0 0 0 0 0
40 2.765 0 0 0 0 0 0
41 2.835 0 0 0 0 0 0
42 2.905 0 0 0 0 0 0
43 2.975 0 0 0 0 7.0142e-06 2.04082e-06
44 3.045 0 0 0.000327741 0.0001 0.000200863 6.32653e-05
45 3.115 0.00807669 5e-05 0.00234883 0.00085 0.00198655 0.000696939
46 3.185 0.0154512 0.00015 0.0127314 0.0051 0.00949484 0.00386327
47 3.255 0.0591751 0.00055 0.0465362 0.021325 0.0333166 0.0154673
48 3.325 0.106331 0.0013 0.117094 0.063925 0.083536 0.0458276
49 3.395 0.319573 0.00365 0.226081 0.149675 0.163189 0.10766
50 3.465 0.554837 0.0079 0.364347 0.293625 0.271843 0.214953
51 3.535 0.708685 0.01355 0.512446 0.50435 0.393034 0.376409
52 3.605 1.01913 0.022 0.672847 0.7921 0.51452 0.596224
53 3.675 1.10834 0.03155 0.783983 1.14052 0.617755 0.870493
54 3.745 1.09524 0.04135 0.860416 1.53763 0.692351 1.1897
55 3.815 1.38388 0.0542 0.903046 1.97012 0.736739 1.54219
56 3.885 1.3812 0.0675 0.937391 2.4357 0.755634 1.91711
57 3.955 1.48806 0.08235 0.971481 2.93575 0.756768 2.30624
58 4.025 1.39805 0.0968 0.992945 3.4651 0.752957 2.70724
59 4.095 1.49087 0.11275 1.00854 4.02163 0.753151 3.12242
60 4.165 1.56768 0.1301 1.02866 4.60883 0.758405 3.55491
61 4.235 1.4988 0.14725 1.04056 5.22295 0.776089 4.01248
62 4.305 1.49698 0.16495 1.05741 5.86782 0.798253 4.4988
63 4.375 1.41261 0.1822 1.07842 6.54708 0.821914 5.01596
64 4.445 1.32087 0.19885 1.09317 7.25782 0.847817 5.56663
65 4.515 1.36481 0.2166 1.10531 7.99927 0.873939 6.15227
66 4.585 1.29736 0.234 1.09928 8.75973 0.895973 6.77145
67 4.655 1.24417 0.2512 1.12944 9.56507 0.920297 7.427
68 4.725 1.34097 0.2703 1.14257 10.4045 0.94782 8.12262
69 4.795 1.3396 0.28995 1.16612 11.2868 0.977344 8.86131
70 4.865 1.36755 0.3106 1.18317 12.2083 1.0099 9.64705
71 4.935 1.20031 0.32925 1.19299 13.1643 1.03625 10.4767
72 5.005 1.3234 0.3504 1.20216 14.1553 1.0579 11.3478
73 5.075 1.24151 0.3708 1.20663 15.1779 1.07075 12.2544
74 5.145 1.33526 0.39335 1.2018 16.2248 1.07982 13.194
75 5.215 1.22473 0.4146 1.19409 17.2934 1.08222 14.1616
76 5.285 1.25704 0.437 1.19095 18.388 1.08572 15.1584
77 5.355 1.1916 0.4588 1.18421 19.5055 1.09565 16.1913
78 5.425 1.25957 0.48245 1.18991 20.6578 1.10206 17.2575
79 5.495 1.17058 0.505 1.18349 21.8338 1.11453 18.3638
80 5.565 1.20712 0.52885 1.18135 23.0377 1.12738 19.5115
81 5.635 1.16991 0.55255 1.17669 24.2672 1.14076 20.7022
82 5.705 1.14138 0.57625 1.17532 25.5259 1.1506 21.9333
83 5.775 1.10448 0.59975 1.16443 26.8038 1.1617 23.2069
84 5.845 1.25252 0.62705 1.15841 28.1062 1.16677 24.5172
85 5.915 1.18721 0.65355 1.15975 29.4414 1.1699 25.8628
86 5.985 1.16836 0.68025 1.15562 30.8035 1.16959 27.24
87 6.055 1.17143 0.70765 1.14357 32.1832 1.16857 28.6483
88 6.125 1.12182 0.7345 1.1229 33.5694 1.16396 30.0838
89 6.195 1.09866 0.7614 1.11266 34.9745 1.15873 31.5456
90 6.265 1.04829 0.78765 1.10024 36.3956 1.15071 33.0304
91 6.335 1.10141 0.81585 1.08072 37.8228 1.14008 34.5344
92 6.405 1.02971 0.8428 1.06597 39.2618 1.13039 36.0588
93 6.475 1.01317 0.8699 1.06038 40.7247 1.11846 37.6003
94 6.545 1.03735 0.89825 1.03797 42.1879 1.10787 39.1604
95 6.615 1.05134 0.9276 1.01955 43.6559 1.09899 40.7412
96 6.685 1.02067 0.9567 1.01258 45.145 1.08947 42.3417
97 6.755 1.0168 0.9863 1.00587 46.6553 1.08315 43.9664
98 6.825 0.982588 1.0155 0.999433 48.1872 1.07403 45.611
99 6.895 0.934713 1.04385 0.987409 49.7319 1.06555 47.2762
100 6.965 0.933791 1.07275 0.971796 51.2832 1.05783 48.9632
101 7.035 0.901048 1.1012 0.97234 52.8667 1.04951 50.6706
102 7.105 0.883381 1.12965 0.951876 54.448 1.04063 52.3975
103 7.175 0.956049 1.16105 0.947487 56.053 1.02954 54.1398
104 7.245 0.886898 1.19075 0.943451 57.6826 1.0197 55.8993
105 7.315 0.887582 1.22105 0.936769 59.332 1.01084 57.6773
106 7.385 0.885205 1.25185 0.922145 60.987 1.00109 59.4721
107 7.455 0.796742 1.2801 0.921737 62.6727 0.989653 61.2801
108 7.525 0.795828 1.30885 0.917521 64.3823 0.980203 63.1047
109 7.595 0.832855 1.3395 0.909353 66.1084 0.970812 64.9456
110 7.665 0.83372 1.37075 0.907678 67.8633 0.962212 66.804
111 7.735 0.835727 1.40265 0.901152 69.6374 0.954127 68.6805
112 7.805 0.86326 1.4362 0.895524 71.4326 0.948529 70.58
113 7.875 0.861882 1.4703 0.894534 73.258 0.9438 72.504
114 7.945 0.84552 1.50435 0.902034 75.1317 0.938293 74.451
115 8.015 0.866196 1.53985 0.903886 77.0424 0.934121 76.4236
116 8.085 0.844068 1.57505 0.906758 78.9929 0.931355 78.4249
117 8.155 0.876779 1.61225 0.903985 80.9711 0.928382 80.4545
118 8.225 0.832956 1.6482 0.91127 82.9997 0.92707 82.5162
119 8.295 0.825791 1.68445 0.91233 85.0654 0.925506 84.6095
120 8.365 0.908352 1.725 0.917613 87.1783 0.925833 86.7391
121 8.435 0.905455 1.7661 0.923407 89.3402 0.924203 88.9007
122 8.505 0.836438 1.8047 0.934128 91.5636 0.927216 91.1055
123 8.575 0.913435 1.84755 0.937527 93.8321 0.927319 93.347
124 8.645 0.892411 1.8901 0.944882 96.1558 0.929701 95.631
125 8.715 0.891547 1.9333 0.95082 98.5322 0.931641 97.9571
126 8.785 0.89669 1.97745 0.960437 100.971 0.934101 100.327
127 8.855 0.944539 2.0247 0.964468 103.46 0.93759 102.744
128 8.925 0.898296 2.07035 0.974931 106.015 0.940878 105.207
129 8.995 0.888244 2.1162 0.984943 108.638 0.944323 107.719
130 9.065 0.989028 2.16805 0.987681 111.308 0.94902 110.282
131 9.135 0.951388 2.2187 0.993769 114.037 0.953399 112.898
132 9.205 0.887026 2.26665 1.00571 116.841 0.959082 115.569
133 9.275 0.942016 2.31835 1.00598 119.689 0.963542 118.294
134 9.345 0.929751 2.37015 1.02154 122.625 0.967979 121.073
135 9.415 0.93366 2.42295 1.02851 125.625 0.972304 123.906
136 9.485 0.968714 2.47855 1.02633 128.663 0.978117 126.799
137 9.555 0.963157 2.53465 1.03351 131.768 0.98337 129.75
138 9.625 0.981346 2.59265 1.04251 134.946 0.987388 132.757
139 9.695 0.929705 2.6484 1.04767 138.186 0.992022 135.822
140 9.765 0.913958 2.704 1.05159 141.486 0.996423 138.945
141 9.835 0.98688 2.7649 1.05146 144.833 1.00159 142.13
142 9.905 0.9594 2.82495 1.05415 148.236 1.00604 145.375
143 9.975 0.964099 2.88615 1.0538 151.686 1.00984 148.678
144 10.045 0.953815 2.94755 1.05147 155.177 1.01373 152.04
145 10.115 0.939128 3.00885 1.05524 158.73 1.01697 155.46
146 10.185 0.924752 3.07005 1.05615 162.335 1.02027 158.94
147 10.255 0.919623 3.13175 1.05722 165.994 1.02368 162.478
148 10.325 0.993945 3.19935 1.05312 169.688 1.02531 166.072
149 10.395 0.960296 3.26555 1.05881 173.453 1.02923 169.727
150 10.465 1.00832 3.336 1.05582 177.258 1.0309 173.439
151 10.535 0.929999 3.40185 1.05283 181.103 1.03265 177.206
152 10.605 1.02438 3.47535 1.05582 185.01 1.03532 181.034
153 10.675 0.997925 3.5479 1.05251 188.957 1.03575 184.914
154 10.745 0.981571 3.6202 1.0516 192.952 1.03563 188.844
155 10.815 0.949474 3.69105 1.05028 196.995 1.03606 192.828
156 10.885 0.948546 3.76275 1.04488 201.068 1.03722 196.868
157 10.955 1.01483 3.84045 1.03783 205.167 1.03729 200.96
158 11.025 0.96523 3.9153 1.03485 209.306 1.03713 205.104
159 11.095 0.955635 3.99035 1.03724 213.508 1.03731 209.302
160 11.165 0.988328 4.06895 1.02981 217.732 1.0352 213.544
161 11.235 0.967359 4.14685 1.03231 222.02 1.03508 217.839
162 11.305 0.916169 4.22155 1.02737 226.34 1.03269 222.177
163 11.375 0.951568 4.3001 1.01906 230.679 1.03215 226.567
164 11.445 0.949536 4.37945 1.01464 235.053 1.0308 231.006
165 11.515 0.971127 4.4616 1.00981 239.459 1.02758 235.485
166 11.585 0.964682 4.5442 1.00727 243.907 1.02585 240.011
167 11.655 0.931782 4.62495 1.00693 248.408 1.02413 244.584
168 11.725 0.965156 4.7096 1.00143 252.938 1.02134 249.199
169 11.795 0.918807 4.79115 1.00173 257.524 1.01981 253.863
170 11.865 0.930266 4.8747 0.99472 262.132 1.01726 258.571
171 11.935 0.935892 4.95975 0.9877 266.762 1.01508 263.324
172 12.005 0.92936 5.0452 0.986457 271.44 1.01184 268.118
173 12.075 0.922916 5.13105 0.981145 276.147 1.01023 272.96
174 12.145 0.887867 5.2146 0.981348 280.91 1.00744 277.844
175 12.215 0.912913 5.3015 0.983173 285.738 1.00607 282.779
176 12.285 0.899942 5.38815 0.977709 290.593 1.00261 287.753
177 12.355 0.911851 5.47695 0.979264 295.512 1.00119 292.777
178 12.425 0.944249 5.56995 0.975023 300.465 0.999331 297.848
179 12.495 0.943237 5.6639 0.974913 305.474 0.99677 302.964
180 12.565 0.910914 5.75565 0.975398 310.541 0.994328 308.125
181 12.635 0.944051 5.8518 0.969541 315.634 0.992511 313.333
182 12.705 0.942902 5.9489 0.976664 320.822 0.990585 318.589
183 12.775 0.984461 6.0514 0.9714 326.039 0.988561 323.893
184 12.845 0.90536 6.1467 0.972344 331.318 0.986554 329.244
185 12.915 1.01821 6.25505 0.972786 336.657 0.986013 334.65
186 12.985 0.961708 6.3585 0.973411 342.058 0.984559 340.107
187 13.055 0.972575 6.46425 0.974983 347.526 0.983151 345.615
188 13.125 0.949035 6.56855 0.97348 353.044 0.982471 351.179
189 13.195 0.990759 6.6786 0.979738 358.657 0.981008 356.793
190 13.265 0.977212 6.7883 0.97765 364.318 0.981121 362.468
191 13.335 1.03 6.90515 0.976091 370.03 0.981135 368.204
192 13.405 0.958215 7.015 0.978527 375.816 0.980997 373.998
193 13.475 1.01735 7.13285 0.979111 381.666 0.981127 379.855
194 13.545 0.946199 7.2436 0.984007 387.606 0.981695 385.775
195 13.615 0.967358 7.358 0.984764 393.613 0.981935 391.759
196 13.685 0.929449 7.46905 0.985766 399.688 0.981649 397.802
197 13.755 1.00824 7.59075 0.985215 405.822 0.981821 403.908
198 13.825 0.968537 7.70885 0.992693 412.065 0.983675 410.089
199 13.895 0.947437 7.82555 0.993325 418.376 0.984088 416.334
200 13.965 1.00869 7.95105 0.996528 424.771 0.985273 422.651
3000000 200
1 0.035 0 0 0 0 0 0
2 0.105 0 0 0 0 0 0
3 0.175 0 0 0 0 0 0
4 0.245 0 0 0 0 0 0
5 0.315 0 0 0 0 0 0
6 0.385 0 0 0 0 0 0
7 0.455 0 0 0 0 0 0
8 0.525 0 0 0 0 0 0
9 0.595 0 0 0 0 0 0
10 0.665 0 0 0 0 0 0
11 0.735 0 0 0 0 0 0
12 0.805 0 0 0 0 0 0
13 0.875 0 0 0 0 0 0
14 0.945 0 0 0 0 0 0
15 1.015 0 0 0 0 0 0
16 1.085 0 0 0 0 0 0
17 1.155 0 0 0 0 0 0
18 1.225 0 0 0 0 0 0
19 1.295 0 0 0 0 0 0
20 1.365 0 0 0 0 0 0
21 1.435 0 0 0 0 0 0
22 1.505 0 0 0 0 0 0
23 1.575 0 0 0 0 0 0
24 1.645 0 0 0 0 0 0
25 1.715 0 0 0 0 0 0
26 1.785 0 0 0 0 0 0
27 1.855 0 0 0 0 0 0
28 1.925 0 0 0 0 0 0
29 1.995 0 0 0 0 0 0
30 2.065 0 0 0 0 0 0
31 2.135 0 0 0 0 0 0
32 2.205 0 0 0 0 0 0
33 2.275 0 0 0 0 0 0
34 2.345 0 0 0 0 0 0
35 2.415 0 0 0 0 0 0
36 2.485 0 0 0 0 0 0
37 2.555 0 0 0 0 0 0
38 2.625 0 0 0 0 0 0
39 2.695 0 0 0 0 0 0
40 2.765 0 0 0 0 0 0
41 2.835 0 0 0 0 0 0
42 2.905 0 0 0 0 0 0
43 2.975 0 0 0 0 3.5071e-06 1.02041e-06
44 3.045 0 0 8.19354e-05 2.5e-05 0.000284556 8.77551e-05
45 3.115 0 0 0.0028186 0.000925 0.00200574 0.000727551
46 3.185 0.0231767 0.00015 0.0142293 0.005675 0.0104067 0.00419796
47 3.255 0.0369844 0.0004 0.0491176 0.0228 0.035051 0.0164061
48 3.325 0.11342 0.0012 0.119705 0.06635 0.0869277 0.047999
49 3.395 0.210782 0.00275 0.237484 0.156425 0.168635 0.111895
50 3.465 0.502617 0.0066 0.371814 0.303325 0.277544 0.221438
51 3.535 0.52681 0.0108 0.523754 0.5187 0.397354 0.384668
52 3.605 0.765856 0.01715 0.667001 0.80395 0.515781 0.605022
53 3.675 0.754368 0.02365 0.789889 1.155 0.612724 0.877057
54 3.745 0.916421 0.03185 0.865346 1.55438 0.687201 1.19389
55 3.815 1.08772 0.04195 0.927736 1.9987 0.732199 1.54421
56 3.885 1.14234 0.05295 0.949774 2.47043 0.747899 1.91529
57 3.955 1.13734 0.0643 0.973229 2.97138 0.749234 2.30055
58 4.025 1.14166 0.0761 1.00078 3.5049 0.745544 2.6976
59 4.095 1.22448 0.0892 1.00256 4.05812 0.745606 3.10862
60 4.165 1.22432 0.10275 1.03492 4.6489 0.755579 3.53949
61 4.235 1.11864 0.11555 1.0364 5.26058 0.770136 3.99355
62 4.305 1.19674 0.1297 1.06438 5.9097 0.790014 4.47486
63 4.375 1.11371 0.1433 1.0872 6.59448 0.818051 4.98959
64 4.445 1.22964 0.1588 1.08771 7.30167 0.843424 5.5374
65 4.515 1.14951 0.17375 1.10225 8.04107 0.867269 6.11858
66 4.585 1.09232 0.1884 1.12158 8.81695 0.893943 6.73635
67 4.655 1.00546 0.2023 1.12586 9.61975 0.921109 7.39248
68 4.725 1.06014 0.2174 1.14291 10.4594 0.953344 8.09215
69 4.795 1.01578 0.2323 1.16113 11.3379 0.9856 8.83708
70 4.865 0.990069 0.24725 1.1798 12.2568 1.01772 9.62891
71 4.935 0.99758 0.26275 1.19654 13.2157 1.04543 10.4659
72 5.005 1.03244 0.27925 1.19606 14.2016 1.06432 11.3423
73 5.075 0.958516 0.295 1.20453 15.2225 1.07858 12.2555
74 5.145 0.914847 0.31045 1.20596 16.273 1.08917 13.2033
75 5.215 0.968259 0.32725 1.20096 17.3478 1.09175 14.1793
76 5.285 0.897886 0.34325 1.20714 18.4572 1.09319 15.1831
77 5.355 0.871833 0.3592 1.18696 19.5773 1.09968 16.2197
78 5.425 0.955997 0.37715 1.19352 20.7332 1.10942 17.293
79 5.495 0.926605 0.395 1.19345 21.919 1.12203 18.4068
80 5.565 0.984422 0.41445 1.18734 23.129 1.13203 19.5592
81 5.635 0.932966 0.43335 1.19989 24.3828 1.14502 20.7544
82 5.705 0.9367 0.4528 1.2023 25.6704 1.15317 21.9882
83 5.775 0.862431 0.47115 1.18318 26.9689 1.16263 23.2628
84 5.845 0.903836 0.49085 1.18527 28.3014 1.16917 24.5759
85 5.915 0.84897 0.5098 1.18212 29.6624 1.16989 25.9214
86 5.985 0.846731 0.52915 1.16585 31.0366 1.16884 27.2977
87 6.055 0.92346 0.55075 1.15672 32.4321 1.16814 28.7056
88 6.125 0.839802 0.57085 1.14814 33.8495 1.1644 30.1416
89 6.195 0.920994 0.5934 1.13354 35.281 1.15622 31.6002
90 6.265 0.794701 0.6133 1.11532 36.7215 1.14834 33.0819
91 6.335 0.925653 0.637 1.10128 38.1759 1.13883 34.5843
92 6.405 0.813832 0.6583 1.08321 39.6382 1.12763 36.105
93 6.475 0.757075 0.67855 1.07166 41.1166 1.11358 37.6397
94 6.545 0.81232 0.70075 1.06691 42.6206 1.10586 39.197
95 6.615 0.823876 0.72375 1.05027 44.1328 1.09571 40.7731
96 6.685 0.775145 0.74585 1.03752 45.6586 1.08477 42.3667
97 6.755 0.7334 0.7672 1.02683 47.2004 1.07712 43.9824
98 6.825 0.777321 0.7903 1.01781 48.7605 1.07017 45.621
99 6.895 0.783049 0.81405 1.0085 50.3382 1.06135 47.2797
100 6.965 0.722153 0.8364 0.993565 51.9242 1.05296 48.9589
101 7.035 0.687267 0.8581 0.988044 53.5333 1.04458 50.6583
102 7.105 0.659819 0.87935 0.980049 55.1613 1.03688 52.3789
103 7.175 0.715514 0.90285 0.971881 56.8077 1.02669 54.1164
104 7.245 0.703248 0.9264 0.964221 58.4732 1.01516 55.8681
105 7.315 0.681065 0.94965 0.955127 60.1549 1.006 57.6376
106 7.385 0.712763 0.97445 0.941034 61.8438 0.99455 59.4206
107 7.455 0.664186 0.998 0.932454 63.5491 0.986282 61.2225
108 7.525 0.6768 1.02245 0.928805 65.2798 0.976981 63.0411
109 7.595 0.690196 1.04785 0.922945 67.0316 0.966827 64.8745
110 7.665 0.747013 1.07585 0.916535 68.8036 0.960064 66.7287
111 7.735 0.753203 1.1046 0.919272 70.6135 0.950543 68.5982
112 7.805 0.753905 1.1339 0.909991 72.4376 0.944202 70.489
113 7.875 0.749408 1.16355 0.909554 74.2937 0.940497 72.4063
114 7.945 0.762334 1.19425 0.907871 76.1795 0.933958 74.3443
115 8.015 0.714917 1.22355 0.904276 78.091 0.931408 76.3112
116 8.085 0.769733 1.25565 0.914197 80.0575 0.9266 78.3022
117 8.155 0.763646 1.28805 0.910885 82.0509 0.926271 80.3272
118 8.225 0.781982 1.3218 0.919457 84.0977 0.924684 82.3836
119 8.295 0.825791 1.35805 0.91308 86.165 0.924656 84.475
120 8.365 0.86355 1.3966 0.922292 88.2887 0.924261 86.601
121 8.435 0.81513 1.4336 0.926023 90.4567 0.924116 88.7624
122 8.505 0.806101 1.4708 0.933708 92.6792 0.924825 90.9615
123 8.575 0.904908 1.51325 0.937155 94.9468 0.926819 93.2017
124 8.645 0.873535 1.5549 0.940612 97.26 0.929289 95.4848
125 8.715 0.84408 1.5958 0.945209 99.6223 0.931063 97.8094
126 8.785 0.9759 1.64385 0.953792 102.045 0.934959 100.181
127 8.855 0.86058 1.6869 0.961765 104.526 0.937468 102.598
128 8.925 0.930765 1.7342 0.974406 107.08 0.940599 105.061
129 8.995 0.883401 1.7798 0.975929 109.679 0.946037 107.577
130 9.065 0.970907 1.8307 0.979156 112.326 0.950841 110.145
131 9.135 1.0331 1.8857 0.988771 115.041 0.954839 112.765
132 9.205 0.948073 1.93695 0.995973 117.818 0.958844 115.435
133 9.275 0.967525 1.99005 1.00223 120.655 0.964088 118.162
134 9.345 1.00603 2.0461 1.00923 123.556 0.970149 120.947
135 9.415 0.997319 2.1025 1.0115 126.506 0.975209 123.788
136 9.485 1.02795 2.1615 1.01399 129.508 0.979206 126.684
137 9.555 1.06102 2.2233 1.02414 132.585 0.986386 129.645
138 9.625 0.944123 2.2791 1.03344 135.735 0.990832 132.662
139 9.695 0.909693 2.33365 1.03275 138.929 0.995228 135.737
140 9.765 0.999436 2.39445 1.04083 142.195 1.00011 138.872
141 9.835 0.982018 2.45505 1.04204 145.512 1.00544 142.069
142 9.905 1.02011 2.5189 1.04709 148.892 1.00964 145.325
143 9.975 1.02081 2.5837 1.04777 152.323 1.01388 148.641
144 10.045 1.00508 2.6484 1.04854 155.804 1.01786 152.018
145 10.115 1.10152 2.7203 1.05163 159.345 1.02131 155.452
146 10.185 1.0003 2.7865 1.05383 162.942 1.02307 158.941
147 10.255 0.985204 2.8526 1.05481 166.592 1.02755 162.493
148 10.325 1.00056 2.92065 1.05746 170.302 1.02892 166.099
149 10.395 1.04951 2.993 1.05309 174.046 1.03292 169.768
150 10.465 1.0441 3.06595 1.0566 177.854 1.03346 173.489
151 10.535 1.03945 3.13955 1.05176 181.695 1.03559 177.267
152 10.605 1.01532 3.2124 1.05079 185.584 1.03702 181.101
153 10.675 1.02681 3.28705 1.05151 189.527 1.03757 184.988
154 10.745 1.01823 3.36205 1.04233 193.487 1.03745 188.925
155 10.815 1.02787 3.43875 1.05046 197.53 1.03916 192.921
156 10.885 1.04049 3.5174 1.04396 201.6 1.03818 196.964
157 10.955 1.06054 3.5986 1.04332 205.72 1.0384 201.061
158 11.025 1.05227 3.6802 1.03878 209.875 1.03738 205.206
159 11.095 1.0435 3.76215 1.03511 214.068 1.03639 209.4
160 11.165 1.01914 3.8432 1.03119 218.298 1.03522 213.642
161 11.235 1.0369 3.9267 1.03137 222.582 1.03428 217.933
162 11.305 1.02532 4.0103 1.03214 226.923 1.03296 222.273
163 11.375 1.02122 4.0946 1.02116 231.27 1.03118 226.659
164 11.445 0.974666 4.17605 1.01683 235.653 1.02865 231.088
165 11.515 0.998316 4.2605 1.01637 240.088 1.02679 235.564
166 11.585 0.978697 4.3443 1.01267 244.56 1.02501 240.086
167 11.655 0.986593 4.4298 1.01396 249.093 1.02289 244.654
168 11.725 0.981689 4.5159 1.00849 253.655 1.01959 249.261
169 11.795 1.00218 4.60485 1.00235 258.244 1.01807 253.917
170 11.865 0.961442 4.6912 1.00264 262.888 1.01567 258.617
171 11.935 0.98431 4.78065 1.00253 267.587 1.01257 263.359
172 12.005 0.941868 4.86725 0.998255 272.321 1.0092 268.14
173 12.075 0.944417 4.9551 0.993181 277.087 1.00719 272.967
174 12.145 0.959066 5.04535 0.986695 281.876 1.00464 277.839
175 12.215 0.963864 5.1371 0.99104 286.742 1.00243 282.755
176 12.285 0.93837 5.22745 0.983015 291.623 1.00032 287.718
177 12.355 0.90569 5.31565 0.985889 296.576 0.997513 292.723
178 12.425 0.912267 5.4055 0.982838 301.568 0.994746 297.772
179 12.495 0.985404 5.50365 0.982431 306.616 0.993289 302.869
180 12.565 0.959066 5.60025 0.979133 311.702 0.991259 308.014
181 12.635 0.960742 5.6981 0.979259 316.847 0.989912 313.209
182 12.705 0.954069 5.79635 0.975619 322.029 0.987561 318.449
183 12.775 0.925393 5.8927 0.975962 327.27 0.986341 323.741
184 12.845 0.93101 5.9907 0.975682 332.567 0.985295 329.085
185 12.915 0.972161 6.09415 0.97326 337.909 0.983534 334.477
186 12.985 0.944974 6.1958 0.971172 343.297 0.98208 339.921
187 13.055 0.953721 6.2995 0.975277 348.767 0.982629 345.426
188 13.125 0.95222 6.40415 0.979764 354.321 0.980465 350.978
189 13.195 0.933141 6.5078 0.978058 359.924 0.980332 356.589
190 13.265 0.961623 6.61575 0.983233 365.618 0.980277 362.259
191 13.335 0.947587 6.72325 0.979376 371.348 0.980472 367.99
192 13.405 0.935535 6.8305 0.980598 377.147 0.980675 373.783
193 13.475 0.949149 6.94045 0.981629 383.012 0.980098 379.633
194 13.545 0.96414 7.0533 0.982972 388.946 0.980279 385.545
195 13.615 0.934803 7.16385 0.986006 394.96 0.981995 391.529
196 13.685 0.994314 7.28265 0.987526 401.046 0.982819 397.58
197 13.755 0.950666 7.3974 0.988556 407.201 0.983779 403.698
198 13.825 0.944344 7.51255 0.987911 413.414 0.984149 409.882
199 13.895 0.961645 7.631 0.994014 419.729 0.984614 416.131
200 13.965 0.950019 7.7492 0.994697 426.113 0.986393 422.454
3200000 200
1 0.035 0 0 0 0 0 0
2 0.105 0 0 0 0 0 0
3 0.175 0 0 0 0 0 0
4 0.245 0 0 0 0 0 0
5 0.315 0 0 0 0 0 0
6 0.385 0 0 0 0 0 0
7 0.455 0 0 0 0 0 0
8 0.525 0 0 0 0 0 0
9 0.595 0 0 0 0 0 0
10 0.665 0 0 0 0 0 0
11 0.735 0 0 0 0 0 0
12 0.805 0 0 0 0 0 0
13 0.875 0 0 0 0 0 0
14 0.945 0 0 0 0 0 0
15 1.015 0 0 0 0 0 0
16 1.085 0 0 0 0 0 0
17 1.155 0 0 0 0 0 0
18 1.225 0 0 0 0 0 0
19 1.295 0 0 0 0 0 0
20 1.365 0 0 0 0 0 0
21 1.435 0 0 0 0 0 0
22 1.505 0 0 0 0 0 0
23 1.575 0 0 0 0 0 0
24 1.645 0 0 0 0 0 0
25 1.715 0 0 0 0 0 0
26 1.785 0 0 0 0 0 0
27 1.855 0 0 0 0 0 0
28 1.925 0 0 0 0 0 0
29 1.995 0 0 0 0 0 0
30 2.065 0 0 0 0 0 0
31 2.135 0 0 0 0 0 0
32 2.205 0 0 0 0 0 0
33 2.275 0 0 0 0 0 0
34 2.345 0 0 0 0 0 0
35 2.415 0 0 0 0 0 0
36 2.485 0 0 0 0 0 0
37 2.555 0 0 0 0 0 0
38 2.625 0 0 0 0 0 0
39 2.695 0 0 0 0 0 0
40 2.765 0 0 0 0 0 0
41 2.835 0 0 0 0 0 0
42 2.905 0 0 0 0 0 0
43 2.975 0 0 0 0 1.05213e-05 3.06122e-06
44 3.045 0 0 0.000163871 5e-05 0.000184124 5.91837e-05
45 3.115 0 0 0.00367984 0.001225 0.001849 0.00064898
46 3.185 0.0154512 0.0001 0.0146786 0.006125 0.00998749 0.00397959
47 3.255 0.0591751 0.0005 0.047325 0.022625 0.0331349 0.0155204
48 3.325 0.127597 0.0014 0.116682 0.065075 0.0833198 0.045802
49 3.395 0.24478 0.0032 0.231288 0.1528 0.164126 0.10799
50 3.465 0.456924 0.0067 0.365296 0.297125 0.272608 0.215585
51 3.535 0.439008 0.0102 0.50132 0.503275 0.393719 0.377322
52 3.605 0.699522 0.016 0.658349 0.784825 0.51532 0.59748
53 3.675 0.713748 0.02215 0.755632 1.12065 0.61907 0.872332
54 3.745 0.86613 0.0299 0.836582 1.50675 0.696855 1.19362
55 3.815 1.0608 0.03975 0.905395 1.94037 0.741401 1.54834
56 3.885 0.991761 0.0493 0.935982 2.40525 0.758256 1.92456
57 3.955 0.997049 0.05925 0.955647 2.89715 0.75806 2.31435
58 4.025 1.13682 0.071 0.980378 3.4198 0.752785 2.71526
59 4.095 1.00482 0.08175 0.984932 3.9633 0.751823 3.12971
60 4.165 1.17011 0.0947 1.01075 4.54027 0.761234 3.56381
61 4.235 1.14486 0.1078 1.03018 5.14827 0.776171 4.02143
62 4.305 1.06987 0.12045 1.05299 5.79045 0.801154 4.50952
63 4.375 0.999061 0.13265 1.0633 6.46017 0.826536 5.02959
64 4.445 1.08684 0.14635 1.07706 7.16045 0.849886 5.58159
65 4.515 1.10722 0.16075 1.09346 7.89395 0.873964 6.16726
66 4.585 0.991658 0.17405 1.11045 8.66212 0.897449 6.78745
67 4.655 1.02354 0.1882 1.12674 9.46555 0.921993 7.44421
68 4.725 0.954828 0.2018 1.13855 10.302 0.9491 8.14077
69 4.795 0.899884 0.215 1.1538 11.1749 0.982057 8.88302
70 4.865 0.91391 0.2288 1.17977 12.0938 1.01 9.66885
71 4.935 0.939656 0.2434 1.20858 13.0624 1.03857 10.5003
72 5.005 0.9949 0.2593 1.20965 14.0595 1.05685 11.3706
73 5.075 0.943301 0.2748 1.1997 15.0763 1.07227 12.2785
74 5.145 1.00663 0.2918 1.20579 16.1266 1.08017 13.2184
75 5.215 0.942324 0.30815 1.18973 17.1913 1.08322 14.1868
76 5.285 0.998898 0.32595 1.19536 18.29 1.08568 15.1837
77 5.355 0.893697 0.3423 1.19351 19.4162 1.09237 16.2134
78 5.425 1.0279 0.3616 1.20109 20.5794 1.10147 17.279
79 5.495 1.00707 0.381 1.18698 21.7588 1.11415 18.3849
80 5.565 0.961646 0.4 1.18584 22.9673 1.12666 19.5319
81 5.635 0.997139 0.4202 1.18039 24.2007 1.14033 20.7222
82 5.705 1.01135 0.4412 1.18681 25.4718 1.15134 21.9541
83 5.775 0.947029 0.46135 1.18329 26.7703 1.15662 23.2221
84 5.845 1.00018 0.48315 1.17598 28.0924 1.16613 24.5318
85 5.915 1.02145 0.50595 1.16509 29.4338 1.16671 25.8736
86 5.985 0.910181 0.52675 1.16203 30.8035 1.16857 27.2496
87 6.055 1.0731 0.55185 1.14655 32.1867 1.16484 28.6535
88 6.125 1.04244 0.5768 1.13651 33.5898 1.16126 30.0856
89 6.195 0.967963 0.6005 1.1243 35.0096 1.15483 31.5426
90 6.265 1.01235 0.62585 1.11154 36.4453 1.14695 33.0224
91 6.335 0.95104 0.6502 1.09244 37.8879 1.13834 34.5242
92 6.405 0.938008 0.67475 1.07302 39.3365 1.12734 36.0445
93 6.475 0.871103 0.69805 1.0645 40.8051 1.11551 37.5819
94 6.545 0.869036 0.7218 1.05185 42.2877 1.1062 39.1396
95 6.615 0.915218 0.74735 1.03799 43.7824 1.09736 40.7181
96 6.685 0.797944 0.7701 1.01956 45.2817 1.08748 42.3157
97 6.755 0.896569 0.7962 1.01786 46.81 1.08085 43.9369
98 6.825 0.854717 0.8216 1.00165 48.3454 1.07299 45.5799
99 6.895 0.853936 0.8475 1.00157 49.9122 1.06622 47.2462
100 6.965 0.783544 0.87175 0.990918 51.494 1.05853 48.9342
101 7.035 0.742692 0.8952 0.974873 53.0817 1.04945 50.6416
102 7.105 0.856989 0.9228 0.969469 54.6921 1.04022 52.3678
103 7.175 0.755096 0.9476 0.955382 56.3106 1.0301 54.111
104 7.245 0.865995 0.9766 0.9549 57.9599 1.02171 55.874
105 7.315 0.76455 1.0027 0.939409 59.614 1.00981 57.6502
106 7.385 0.786051 1.03005 0.943779 61.3078 1.00028 59.4435
107 7.455 0.791101 1.0581 0.935393 63.0184 0.991623 61.2552
108 7.525 0.72801 1.0844 0.934105 64.759 0.980685 63.0807
109 7.595 0.744543 1.1118 0.923603 66.5121 0.97282 64.9254
110 7.665 0.743011 1.13965 0.913005 68.2772 0.962736 66.7847
111 7.735 0.767612 1.16895 0.904606 70.0582 0.956273 68.6655
112 7.805 0.739753 1.1977 0.907983 71.8783 0.950367 70.5687
113 7.875 0.760782 1.2278 0.906258 73.7278 0.944169 72.4935
114 7.945 0.82193 1.2609 0.903009 75.6034 0.939297 74.4425
115 8.015 0.760056 1.29205 0.908983 77.5249 0.935353 76.4177
116 8.085 0.766136 1.324 0.90763 79.4772 0.933066 78.4227
117 8.155 0.747147 1.3557 0.907286 81.4627 0.92999 80.4558
118 8.225 0.815579 1.3909 0.91109 83.4909 0.92883 82.5214
119 8.295 0.775674 1.42495 0.920765 85.5757 0.926498 84.617
120 8.365 0.799708 1.46065 0.924301 87.7039 0.925606 86.7461
121 8.435 0.871307 1.5002 0.922029 89.8626 0.926861 88.9139
122 8.505 0.832104 1.5386 0.92937 92.0748 0.92662 91.1172
123 8.575 0.849484 1.57845 0.936184 94.34 0.928291 93.361
124 8.645 0.867243 1.6198 0.943082 96.6593 0.929992 95.6458
125 8.715 0.829634 1.66 0.94971 99.0329 0.931718 97.972
126 8.785 0.904814 1.70455 0.956293 101.461 0.934633 100.343
127 8.855 0.855583 1.74735 0.958955 103.936 0.938566 102.762
128 8.925 0.933717 1.7948 0.966366 106.469 0.941953 105.229
129 8.995 0.901805 1.84135 0.977901 109.072 0.946471 107.746
130 9.065 0.804956 1.88355 0.983243 111.731 0.95042 110.314
131 9.135 0.877193 1.93025 0.988416 114.445 0.953291 112.929
132 9.205 0.875002 1.97755 0.99261 117.213 0.958364 115.598
133 9.275 0.880976 2.0259 1.00114 120.047 0.963627 118.323
134 9.345 0.948597 2.07875 1.01106 122.952 0.968664 121.104
135 9.415 0.849666 2.1268 1.01326 125.908 0.972936 123.939
136 9.485 0.911219 2.1791 1.0184 128.923 0.977671 126.83
137 9.555 0.995777 2.2371 1.02449 132.001 0.982357 129.778
138 9.625 0.888287 2.2896 1.02986 135.14 0.987237 132.785
139 9.695 0.908025 2.34405 1.04126 138.361 0.99178 135.849
140 9.765 0.944368 2.4015 1.03864 141.62 0.995962 138.971
141 9.835 0.92206 2.4584 1.0448 144.945 1.001 142.154
142 9.905 0.905878 2.5151 1.04701 148.325 1.00484 145.395
143 9.975 0.96016 2.57605 1.05342 151.774 1.00905 148.695
144 10.045 0.92896 2.63585 1.05145 155.265 1.01306 152.055
145 10.115 0.942192 2.69735 1.05397 158.814 1.01666 155.475
146 10.185 0.959506 2.76085 1.05434 162.413 1.01953 158.951
147 10.255 0.89503 2.8209 1.05772 166.073 1.02252 162.486
148 10.325 0.921899 2.8836 1.05439 169.772 1.02583 166.081
149 10.395 0.956669 2.94955 1.05474 173.522 1.02807 169.733
150 10.465 0.931748 3.01465 1.05968 177.341 1.03145 173.446
151 10.535 0.929999 3.0805 1.05237 181.184 1.03261 177.214
152 10.605 0.876648 3.1434 1.05671 185.095 1.03474 181.039
153 10.675 0.913331 3.2098 1.05322 189.045 1.0354 184.918
154 10.745 0.893324 3.2756 1.05307 193.045 1.03558 188.848
155 10.815 0.935402 3.3454 1.0468 197.074 1.03648 192.833
156 10.885 0.91415 3.4145 1.04902 201.164 1.03683 196.872
157 10.955 0.95736 3.4878 1.04862 205.305 1.03717 200.963
158 11.025 0.893015 3.55705 1.04471 209.484 1.0368 205.106
159 11.095 0.917435 3.6291 1.04279 213.708 1.03562 209.297
160 11.165 0.904082 3.701 1.03445 217.951 1.03562 213.54
161 11.235 0.911478 3.7744 1.03156 222.236 1.03309 217.827
162 11.305 0.901452 3.8479 1.02985 226.567 1.03221 222.164
163 11.375 0.878277 3.9204 1.03264 230.964 1.03021 226.546
164 11.445 0.910047 3.99645 1.02597 235.386 1.02885 230.976
165 11.515 0.933889 4.07545 1.02011 239.837 1.02737 235.454
166 11.585 0.875338 4.1504 1.01974 244.34 1.02435 239.973
167 11.655 0.873509 4.2261 1.01541 248.879 1.02324 244.542
168 11.725 0.904157 4.3054 1.01366 253.465 1.02051 249.154
169 11.795 0.864727 4.38215 1.00851 258.082 1.01803 253.81
170 11.865 0.862904 4.45965 1.00324 262.729 1.01685 258.515
171 11.935 0.912784 4.5426 1.00036 267.418 1.01413 263.264
172 12.005 0.915765 4.6268 0.997464 272.149 1.01178 268.057
173 12.075 0.906791 4.71115 0.994802 276.921 1.0087 272.892
174 12.145 0.911777 4.79695 0.994653 281.749 1.00671 277.773
175 12.215 0.886124 4.8813 0.990821 286.614 1.00409 282.698
176 12.285 0.905655 4.9685 0.988694 291.524 1.00206 287.67
177 12.355 0.894394 5.0556 0.987451 296.484 0.999233 292.684
178 12.425 0.935619 5.14775 0.988743 301.507 0.997237 297.745
179 12.495 0.89856 5.23725 0.982489 306.554 0.995132 302.852
180 12.565 0.892547 5.32715 0.983016 311.661 0.993033 308.006
181 12.635 0.958778 5.4248 0.982595 316.823 0.991112 313.207
182 12.705 0.969606 5.52465 0.980472 322.031 0.989606 318.458
183 12.775 0.91819 5.62025 0.977382 327.28 0.987777 323.757
184 12.845 0.914385 5.7165 0.975714 332.577 0.986888 329.11
185 12.915 0.94021 5.81655 0.975779 337.933 0.986092 334.516
186 12.985 0.932424 5.91685 0.976953 343.353 0.9852 339.977
187 13.055 0.979013 6.0233 0.974916 348.821 0.98421 345.491
188 13.125 0.934022 6.12595 0.974392 354.344 0.983295 351.059
189 13.195 0.971853 6.2339 0.979511 359.956 0.982637 356.683
190 13.265 0.972312 6.34305 0.975954 365.607 0.982635 362.367
191 13.335 0.98549 6.45485 0.98308 371.36 0.981667 368.105
192 13.405 0.96563 6.56555 0.984002 377.178 0.982998 373.912
193 13.475 0.97591 6.6786 0.979157 383.028 0.982294 379.775
194 13.545 0.985926 6.794 0.982264 388.958 0.982132 385.698
195 13.615 0.998222 6.91205 0.979817 394.935 0.982341 391.684
196 13.685 1.00896 7.0326 0.986463 401.014 0.98284 397.735
197 13.755 0.978834 7.15075 0.988126 407.166 0.983925 403.854
198 13.825 1.02225 7.2754 0.991914 413.405 0.983964 410.037
199 13.895 0.99899 7.39845 0.994581 419.723 0.985447 416.291
200 13.965 0.991412 7.5218 0.993486 426.099 0.985702 422.61
3400000 200
1 0.035 0 0 0 0 0 0
2 0.105 0 0 0 0 0 0
3 0.175 0 0 0 0 0 0
4 0.245 0 0 0 0 0 0
5 0.315 0 0 0 0 0 0
6 0.385 0 0 0 0 0 0
7 0.455 0 0 0 0 0 0
8 0.525 0 0 0 0 0 0
9 0.595 0 0 0 0 0 0
10 0.665 0 0 0 0 0 0
11 0.735 0 0 0 0 0 0
12 0.805 0 0 0 0 0 0
13 0.875 0 0 0 0 0 0
14 0.945 0 0 0 0 0 0
15 1.015 0 0 0 0 0 0
16 1.085 0 0 0 0 0 0
17 1.155 0 0 0 0 0 0
18 1.225 0 0 0 0 0 0
19 1.295 0 0 0 0 0 0
20 1.365 0 0 0 0 0 0
21 1.435 0 0 0 0 0 0
22 1.505 0 0 0 0 0 0
23 1.575 0 0 0 0 0 0
24 1.645 0 0 0 0 0 0
25 1.715 0 0 0 0 0 0
26 1.785 0 0 0 0 0 0
27 1.855 0 0 0 0 0 0
28 1.925 0 0 0 0 0 0
29 1.995 0 0 0 0 0 0
30 2.065 0 0 0 0 0 0
31 2.135 0 0 0 0 0 0
32 2.205 0 0 0 0 0 0
33 2.275 0 0 0 0 0 0
34 2.345 0 0 0 0 0 0
35 2.415 0 0 0 0 0 0
36 2.485 0 0 0 0 0 0
37 2.555 0 0 0 0 0 0
38 2.625 0 0 0 0 0 0
39 2.695 0 0 0 0 0 0
40 2.765 0 0 0 0 0 0
41 2.835 0 0 0 0 0 0
42 2.905 0 0 0 0 0 0
43 2.975 0 0 0 0 1.75355e-05 5.10204e-06
44 3.045 0 0 0.000655483 0.0002 0.000210906 6.93878e-05
45 3.115 0 0 0.00313178 0.0012 0.00192897 0.000684694
46 3.185 0.00772558 5e-05 0.014379 0.006 0.0101252 0.00406122
47 3.255 0.0591751 0.00045 0.0490459 0.0231 0.0342687 0.0159969
48 3.325 0.226839 0.00205 0.122798 0.067775 0.0857793 0.0471724
49 3.395 0.299175 0.00425 0.221995 0.151975 0.166898 0.11041
50 3.465 0.561364 0.00855 0.359095 0.29385 0.275276 0.219058
51 3.535 0.809029 0.015 0.503327 0.500825 0.39603 0.381745
52 3.605 1.1518 0.02455 0.640111 0.774575 0.514489 0.601547
53 3.675 1.32305 0.03595 0.744663 1.10553 0.614604 0.874416
54 3.745 1.48639 0.04925 0.829811 1.4885 0.690474 1.19276
55 3.815 1.47542 0.06295 0.892659 1.91602 0.730772 1.54239
56 3.885 1.73948 0.0797 0.916653 2.3713 0.75078 1.9149
57 3.955 1.66843 0.09635 0.941659 2.856 0.752327 2.30175
58 4.025 1.66895 0.1136 0.950177 3.36255 0.749545 2.70094
59 4.095 1.65445 0.1313 0.982939 3.90495 0.749088 3.11387
60 4.165 1.65803 0.14965 0.99695 4.47405 0.757226 3.54569
61 4.235 1.74351 0.1696 1.0109 5.07067 0.771385 4.00049
62 4.305 1.64921 0.1891 1.03294 5.70063 0.793791 4.48409
63 4.375 1.58458 0.20845 1.04528 6.359 0.819175 4.99953
64 4.445 1.57869 0.22835 1.06787 7.0533 0.842713 5.54688
65 4.515 1.38788 0.2464 1.07016 7.77118 0.869963 6.12986
66 4.585 1.55459 0.26725 1.07059 8.51178 0.894171 6.74779
67 4.655 1.46841 0.28755 1.11454 9.3065 0.919962 7.4031
68 4.725 1.51298 0.3091 1.12926 10.1361 0.949246 8.09976
69 4.795 1.4964 0.33105 1.14963 11.0059 0.982172 8.84211
70 4.865 1.45034 0.35295 1.16946 11.9167 1.01488 9.63173
71 4.935 1.28398 0.3729 1.1791 12.8617 1.03923 10.4637
72 5.005 1.35156 0.3945 1.20292 13.8533 1.06022 11.3368
73 5.075 1.37844 0.41715 1.20831 14.8774 1.07351 12.2457
74 5.145 1.43593 0.4414 1.18461 15.9092 1.08657 13.1912
75 5.215 1.39475 0.4656 1.18897 16.9733 1.08652 14.1626
76 5.285 1.36086 0.48985 1.18978 18.0668 1.0919 15.1651
77 5.355 1.24626 0.51265 1.1902 19.1899 1.09664 16.1989
78 5.425 1.15572 0.53435 1.19138 20.3437 1.10707 17.27
79 5.495 1.28219 0.55905 1.18741 21.5236 1.11938 18.381
80 5.565 1.16916 0.58215 1.19929 22.7457 1.13143 19.5329
81 5.635 1.17731 0.606 1.18618 23.9852 1.14445 20.7275
82 5.705 1.11971 0.62925 1.18319 25.2524 1.1542 21.9624
83 5.775 1.21022 0.655 1.19261 26.5612 1.16322 23.2377
84 5.845 1.20894 0.68135 1.17542 27.8826 1.16931 24.5509
85 5.915 1.14913 0.707 1.17728 29.238 1.17152 25.8983
86 5.985 1.14648 0.7332 1.16377 30.6098 1.17347 27.28
87 6.055 1.15219 0.76015 1.16126 32.0107 1.16858 28.6884
88 6.125 1.0111 0.78435 1.1437 33.4227 1.16322 30.123
89 6.195 1.09457 0.81115 1.13039 34.8502 1.15929 31.5855
90 6.265 1.11218 0.839 1.11871 36.2951 1.14908 33.0681
91 6.335 1.04478 0.86575 1.10332 37.7522 1.13898 34.5707
92 6.405 0.94756 0.89055 1.0888 39.222 1.12815 36.0921
93 6.475 1.02626 0.918 1.07494 40.705 1.11647 37.6309
94 6.545 0.938559 0.94365 1.06161 42.2014 1.10535 39.1874
95 6.615 0.958203 0.9704 1.03792 43.6959 1.0976 40.7662
96 6.685 0.924212 0.99675 1.02674 45.2058 1.08795 42.3645
97 6.755 0.918897 1.0235 1.02688 46.7477 1.0798 43.9842
98 6.825 0.967445 1.05225 1.00742 48.2919 1.07348 45.6279
99 6.895 0.880312 1.07895 0.998899 49.8545 1.0643 47.2912
100 6.965 0.895017 1.10665 0.986047 51.4286 1.05665 48.9762
101 7.035 0.813952 1.13235 0.980031 53.0247 1.04539 50.677
102 7.105 0.856989 1.15995 0.964939 54.6275 1.03935 52.4017
103 7.175 0.867751 1.18845 0.962909 56.2588 1.02861 54.1425
104 7.245 0.845092 1.21675 0.947011 57.8945 1.01849 55.8999
105 7.315 0.823137 1.24485 0.944492 59.5575 1.00816 57.6732
106 7.385 0.856465 1.27465 0.939237 61.2431 0.998006 59.4624
107 7.455 0.886992 1.3061 0.932618 62.9487 0.986816 61.2653
108 7.525 0.887175 1.33815 0.918783 64.6607 0.978302 63.0864
109 7.595 0.864104 1.36995 0.917413 66.4021 0.968791 64.9234
110 7.665 0.813711 1.40045 0.910859 68.1631 0.960343 66.7782
111 7.735 0.817389 1.43165 0.904784 69.9444 0.952858 68.6522
112 7.805 0.809225 1.4631 0.904142 71.7568 0.944729 70.5441
113 7.875 0.853036 1.49685 0.90703 73.6078 0.939988 72.4604
114 7.945 0.874077 1.53205 0.899916 75.4771 0.936346 74.4033
115 8.015 0.819836 1.56565 0.893644 77.3662 0.932345 76.3722
116 8.085 0.870445 1.60195 0.902993 79.3085 0.930417 78.3714
117 8.155 0.889742 1.6397 0.902306 81.2831 0.927813 80.3998
118 8.225 0.881613 1.67775 0.907463 83.3032 0.925597 82.4582
119 8.295 0.859962 1.7155 0.915123 85.3752 0.924301 84.5488
120 8.365 0.920672 1.7566 0.914431 87.4807 0.925716 86.6782
121 8.435 0.842668 1.79485 0.915825 89.6249 0.925092 88.8418
122 8.505 0.901446 1.83645 0.920705 91.8164 0.926143 91.044
123 8.575 0.949674 1.881 0.931637 94.0706 0.927875 93.2868
124 8.645 0.951136 1.92635 0.935418 96.3711 0.927803 95.5662
125 8.715 0.942109 1.972 0.944318 98.7312 0.933298 97.8964
126 8.785 0.947466 2.01865 0.949845 101.143 0.935675 100.27
127 8.855 0.947538 2.06605 0.955069 103.608 0.938173 102.688
128 8.925 0.879602 2.11075 0.965927 106.139 0.942975 105.158
129 8.995 0.989952 2.16185 0.968642 108.718 0.944893 107.671
130 9.065 0.93085 2.21065 0.976355 111.359 0.95084 110.239
131 9.135 0.944814 2.26095 0.986859 114.068 0.955513 112.86
132 9.205 0.974897 2.31365 0.988127 116.824 0.96082 115.537
133 9.275 1.00761 2.36895 0.996972 119.646 0.963937 118.262
134 9.345 0.964751 2.4227 1.00502 122.534 0.969416 121.045
135 9.415 1.02384 2.4806 1.00706 125.471 0.975424 123.888
136 9.485 1.00617 2.53835 1.01065 128.463 0.978814 126.782
137 9.555 1.02668 2.59815 1.01433 131.511 0.984063 129.736
138 9.625 0.971194 2.65555 1.02736 134.642 0.989229 132.748
139 9.695 1.01475 2.7164 1.0307 137.83 0.993419 135.818
140 9.765 1.01752 2.7783 1.03256 141.07 0.997049 138.943
141 9.835 1.0201 2.84125 1.03709 144.371 1.00237 142.13
142 9.905 1.04328 2.90655 1.04195 147.735 1.00656 145.377
143 9.975 0.993242 2.9696 1.04149 151.145 1.01038 148.681
144 10.045 1.02683 3.0357 1.04853 154.626 1.01485 152.047
145 10.115 1.05173 3.10435 1.05319 158.172 1.01908 155.475
146 10.185 1.0479 3.1737 1.05149 161.762 1.02164 158.959
147 10.255 1.0411 3.24355 1.05121 165.399 1.02483 162.502
148 10.325 1.05423 3.31525 1.05568 169.103 1.02782 166.103
149 10.395 1.01324 3.3851 1.05333 172.848 1.03103 169.766
150 10.465 1.10708 3.46245 1.05152 176.637 1.03289 173.484
151 10.535 1.04298 3.5363 1.04807 180.465 1.035 177.26
152 10.605 1.02578 3.6099 1.05077 184.354 1.03558 181.089
153 10.675 1.02062 3.6841 1.05082 188.294 1.03611 184.97
154 10.745 1.01144 3.7586 1.0458 192.267 1.03741 188.907
155 10.815 1.03055 3.8355 1.04405 196.286 1.03768 192.897
156 10.885 1.02329 3.91285 1.04621 200.365 1.03899 196.944
157 10.955 1.04813 3.9931 1.03696 204.46 1.03807 201.039
158 11.025 0.989731 4.06985 1.0371 208.608 1.03705 205.183
159 11.095 0.987469 4.1474 1.03296 212.792 1.03731 209.381
160 11.165 1.04491 4.2305 1.02566 216.999 1.03566 213.624
161 11.235 1.0102 4.31185 1.02823 221.27 1.03443 217.917
162 11.305 1.01981 4.395 1.02298 225.572 1.03305 222.257
163 11.375 1.00366 4.47785 1.02084 229.919 1.03105 226.642
164 11.445 1.00039 4.56145 1.0179 234.306 1.03005 231.077
165 11.515 1.02078 4.6478 1.01166 238.72 1.02776 235.557
166 11.585 1.00205 4.7336 1.01447 243.201 1.02546 240.081
167 11.655 0.969861 4.81765 1.00551 247.695 1.02322 244.65
168 11.725 0.961736 4.902 1.00845 252.257 1.02159 249.267
169 11.795 0.959931 4.9872 1.00198 256.844 1.01968 253.93
170 11.865 0.97536 5.0748 1.00104 261.482 1.01673 258.636
171 11.935 0.968904 5.16285 0.996564 266.153 1.01386 263.383
172 12.005 0.902714 5.24585 0.992947 270.862 1.01156 268.175
173 12.075 0.936892 5.333 0.987439 275.599 1.00798 273.007
174 12.145 0.945251 5.42195 0.986494 280.387 1.00643 277.887
175 12.215 0.944954 5.5119 0.98577 285.227 1.00381 282.81
176 12.285 0.919676 5.60045 0.97995 290.094 1.00094 287.776
177 12.355 0.914418 5.6895 0.98239 295.029 0.999947 292.793
178 12.425 0.939173 5.782 0.97772 299.995 0.996735 297.852
179 12.495 0.940727 5.8757 0.979949 305.03 0.994649 302.956
180 12.565 0.922332 5.9686 0.980966 310.126 0.993578 308.113
181 12.635 0.940614 6.0644 0.976751 315.257 0.99103 313.314
182 12.705 0.935619 6.16075 0.979065 320.458 0.989547 318.565
183 12.775 0.916269 6.25615 0.976241 325.7 0.987469 323.862
184 12.845 0.924835 6.3535 0.977285 331.006 0.986404 329.212
185 12.915 0.935511 6.45305 0.976039 336.363 0.984376 334.609
186 12.985 0.898957 6.54975 0.979489 341.798 0.984305 340.065
187 13.055 0.939466 6.6519 0.977711 347.281 0.983734 345.577
188 13.125 0.954494 6.7568 0.9817 352.846 0.982478 351.14
189 13.195 0.959249 6.86335 0.979009 358.455 0.981162 356.756
190 13.265 0.971422 6.9724 0.981761 364.14 0.980698 362.428
191 13.335 0.959046 7.0812 0.981854 369.885 0.981066 368.163
192 13.405 0.946003 7.18965 0.983338 375.699 0.980348 373.954
193 13.475 0.950012 7.2997 0.979667 381.553 0.981407 379.812
194 13.545 0.972257 7.4135 0.983924 387.493 0.980785 385.727
195 13.615 0.966513 7.5278 0.984723 393.5 0.981705 391.709
196 13.685 0.950373 7.64135 0.985035 399.57 0.982141 397.755
197 13.755 0.949424 7.75595 0.989953 405.733 0.982467 403.866
198 13.825 0.943524 7.871 0.9922 411.973 0.98309 410.043
199 13.895 0.900349 7.9819 0.994411 418.291 0.98398 416.288
200 13.965 0.957654 8.10105 1.00198 424.721 0.986293 422.611
3600000 200
1 0.035 0 0 0 0 0 0
2 0.105 0 0 0 0 0 0
3 0.175 0 0 0 0 0 0
4 0.245 0 0 0 0 0 0
5 0.315 0 0 0 0 0 0
6 0.385 0 0 0 0 0 0
7 0.455 0 0 0 0 0 0
8 0.525 0 0 0 0 0 0
9 0.595 0 0 0 0 0 0
10 0.665 0 0 0 0 0 0
11 0.735 0 0 0 0 0 0
12 0.805 0 0 0 0 0 0
13 0.875 0 0 0 0 0 0
14 0.945 0 0 0 0 0 0
15 1.015 0 0 0 0 0 0
16 1.085 0 0 0 0 0 0
17 1.155 0 0 0 0 0 0
18 1.225 0 0 0 0 0 0
19 1.295 0 0 0 0 0 0
20 1.365 0 0 0 0 0 0
21 1.435 0 0 0 0 0 0
22 1.505 0 0 0 0 0 0
23 1.575 0 0 0 0 0 0
24 1.645 0 0 0 0 0 0
25 1.715 0 0 0 0 0 0
26 1.785 0 0 0 0 0 0
27 1.855 0 0 0 0 0 0
28 1.925 0 0 0 0 0 0
29 1.995 0 0 0 0 0 0
30 2.065 0 0 0 0 0 0
31 2.135 0 0 0 0 0 0
32 2.205 0 0 0 0 0 0
33 2.275 0 0 0 0 0 0
34 2.345 0 0 0 0 0 0
35 2.415 0 0 0 0 0 0
36 2.485 0 0 0 0 0 0
37 2.555 0 0 0 0 0 0
38 2.625 0 0 0 0 0 0
39 2.695 0 0 0 0 0 0
40 2.765 0 0 0 0 0 0
41 2.835 0 0 0 0 0 0
42 2.905 0 0 0 0 0 0
43 2.975 0 0 0 0 1.05213e-05 3.06122e-06
44 3.045 0 0 0.000245806 7.5e-05 0.000210906 6.73469e-05
45 3.115 0 0 0.00266201 0.000925 0.00198015 0.00069898
46 3.185 0.00772558 5e-05 0.0120574 0.00495 0.0100854 0.00406224
47 3.255 0.0295875 0.00025 0.0446002 0.0205 0.0339348 0.0158816
48 3.325 0.127597 0.00115 0.112902 0.061575 0.0855182 0.0469622
49 3.395 0.299175 0.00335 0.214283 0.14285 0.167827 0.110552
50 3.465 0.483034 0.00705 0.34625 0.27965 0.274053 0.218717
51 3.535 0.664784 0.01235 0.49822 0.484525 0.396345 0.381534
52 3.605 0.952797 0.02025 0.648587 0.7619 0.515987 0.601976
53 3.675 1.11995 0.0299 0.758332 1.09893 0.616794 0.875817
54 3.745 1.13994 0.0401 0.865725 1.49847 0.690372 1.19411
55 3.815 1.43235 0.0534 0.910719 1.93465 0.73428 1.54543
56 3.885 1.4487 0.06735 0.948163 2.40557 0.754168 1.91962
57 3.955 1.25257 0.07985 0.980126 2.91007 0.754129 2.30739
58 4.025 1.46094 0.09495 0.976063 3.43042 0.750761 2.70722
59 4.095 1.50022 0.111 1.00247 3.9836 0.750555 3.12097
60 4.165 1.39148 0.1264 1.01215 4.56137 0.759833 3.55427
61 4.235 1.48133 0.14335 1.05119 5.18178 0.775783 4.01166
62 4.305 1.31091 0.15885 1.06815 5.8332 0.795989 4.49661
63 4.375 1.55591 0.17785 1.06191 6.50205 0.822672 5.01424
64 4.445 1.4002 0.1955 1.08468 7.20727 0.84388 5.56235
65 4.515 1.41094 0.21385 1.10333 7.9474 0.869638 6.14512
66 4.585 1.38683 0.23245 1.11399 8.71802 0.893392 6.76251
67 4.655 1.4033 0.25185 1.11632 9.51402 0.919749 7.41767
68 4.725 1.23215 0.2694 1.12845 10.343 0.950117 8.11497
69 4.795 1.50662 0.2915 1.15244 11.215 0.982349 8.85745
70 4.865 1.39736 0.3126 1.1676 12.1243 1.0111 9.64413
71 4.935 1.41592 0.3346 1.18197 13.0716 1.04014 10.4769
72 5.005 1.27335 0.35495 1.18909 14.0518 1.06002 11.3498
73 5.075 1.30845 0.37645 1.18737 15.0581 1.07522 12.2601
74 5.145 1.35303 0.3993 1.17792 16.0841 1.08481 13.2041
75 5.215 1.30254 0.4219 1.16922 17.1305 1.08842 14.1771
76 5.285 1.20934 0.44345 1.17866 18.2139 1.0908 15.1787
77 5.355 1.16153 0.4647 1.1757 19.3233 1.09686 16.2127
78 5.425 1.15838 0.48645 1.17698 20.4631 1.10912 17.2857
79 5.495 1.1628 0.50885 1.17823 21.6338 1.12026 18.3977
80 5.565 1.1894 0.53235 1.16295 22.819 1.12963 19.5477
81 5.635 1.19953 0.55665 1.16676 24.0381 1.144 20.7418
82 5.705 1.22806 0.58215 1.17058 25.2918 1.15436 21.9769
83 5.775 1.17027 0.60705 1.16712 26.5726 1.16181 23.2506
84 5.845 1.19517 0.6331 1.16475 27.8821 1.1673 24.5616
85 5.915 1.11329 0.65795 1.16008 29.2177 1.17076 25.9081
86 5.985 1.12897 0.68375 1.14385 30.5659 1.16995 27.2857
87 6.055 1.12226 0.71 1.13416 31.9342 1.16768 28.693
88 6.125 1.15525 0.73765 1.12223 33.3196 1.16486 30.1296
89 6.195 1.14358 0.76565 1.11285 34.7251 1.15673 31.5889
90 6.265 1.1042 0.7933 1.09747 36.1425 1.14964 33.0722
91 6.335 1.14828 0.8227 1.09062 37.5828 1.13892 34.5748
92 6.405 1.1195 0.852 1.07874 39.039 1.12729 36.095
93 6.475 0.951484 0.87745 1.06044 40.502 1.11733 37.6349
94 6.545 1.07943 0.90695 1.04667 41.9775 1.1069 39.1936
95 6.615 1.10686 0.93785 1.03369 43.4659 1.09727 40.772
96 6.685 1.01891 0.9669 1.02393 44.9716 1.08703 42.3689
97 6.755 1.14562 1.00025 1.00966 46.4876 1.08052 43.9896
98 6.825 0.987635 1.0296 0.998633 48.0183 1.07219 45.6314
99 6.895 1.02538 1.0607 0.990637 49.5681 1.06256 47.292
100 6.965 0.958024 1.09035 0.98149 51.1349 1.05705 48.9777
101 7.035 0.992895 1.1217 0.967428 52.7104 1.04735 50.6816
102 7.105 1.02311 1.15465 0.956827 54.2998 1.03895 52.4057
103 7.175 1.00172 1.18755 0.955353 55.9182 1.0295 54.1479
104 7.245 1.00037 1.22105 0.936822 57.5363 1.01913 55.9064
105 7.315 1.02233 1.25595 0.935718 59.1839 1.0095 57.6821
106 7.385 0.990108 1.2904 0.923594 60.8415 0.999365 59.4738
107 7.455 1.06608 1.3282 0.920069 62.5241 0.988301 61.2794
108 7.525 1.05188 1.3662 0.916233 64.2314 0.978328 63.1005
109 7.595 1.03529 1.4043 0.917242 65.9725 0.969513 64.9389
110 7.665 1.03115 1.44295 0.907458 67.7268 0.960645 66.7942
111 7.735 1.05841 1.48335 0.905304 69.5092 0.952666 68.6679
112 7.805 1.02408 1.52315 0.901248 71.3158 0.945216 70.5607
113 7.875 1.09189 1.56635 0.900917 73.1543 0.940476 72.478
114 7.945 1.10377 1.6108 0.894813 75.013 0.93593 74.4201
115 8.015 1.10531 1.6561 0.89789 76.911 0.932109 76.3884
116 8.085 1.01552 1.69845 0.895589 78.8374 0.928347 78.3833
117 8.155 1.07947 1.74425 0.90483 80.8176 0.927136 80.4101
118 8.225 1.04728 1.78945 0.898804 82.8184 0.925413 82.4681
119 8.295 1.09916 1.8377 0.901144 84.8588 0.924097 84.5583
120 8.365 1.10996 1.88725 0.909317 86.9525 0.924704 86.6853
121 8.435 1.13898 1.93895 0.911629 89.0869 0.9253 88.8494
122 8.505 1.12464 1.99085 0.926461 91.2921 0.926577 91.0527
123 8.575 1.1831 2.04635 0.923992 93.5278 0.927738 93.2952
124 8.645 1.16611 2.10195 0.93126 95.818 0.92829 95.5758
125 8.715 1.18357 2.1593 0.940317 98.1681 0.931295 97.9009
126 8.785 1.20236 2.2185 0.948998 100.578 0.934508 100.272
127 8.855 1.21841 2.27945 0.950244 103.03 0.938877 102.692
128 8.925 1.20527 2.3407 0.960071 105.546 0.942334 105.159
129 8.995 1.1953 2.4024 0.962952 108.11 0.94607 107.676
130 9.065 1.30758 2.47095 0.972638 110.74 0.949203 110.24
131 9.135 1.21342 2.53555 0.983263 113.44 0.954674 112.858
132 9.205 1.18763 2.59975 0.984128 116.184 0.958538 115.528
133 9.275 1.24539 2.6681 0.989898 118.986 0.965026 118.257
134 9.345 1.24206 2.7373 0.997934 121.854 0.970239 121.043
135 9.415 1.24842 2.8079 1.00375 124.782 0.97415 123.881
136 9.485 1.23529 2.8788 1.00863 127.768 0.980391 126.781
137 9.555 1.16145 2.94645 1.01256 130.81 0.984585 129.735
138 9.625 1.29521 3.023 1.02055 133.921 0.989963 132.75
139 9.695 1.2649 3.09885 1.02484 137.091 0.995164 135.825
140 9.765 1.23368 3.1739 1.02919 140.32 0.999253 138.957
141 9.835 1.22347 3.2494 1.02746 143.59 1.00177 142.143
142 9.905 1.17269 3.3228 1.035 146.932 1.0067 145.389
143 9.975 1.24136 3.4016 1.04089 150.34 1.01132 148.697
144 10.045 1.21169 3.4796 1.04514 153.81 1.01535 152.065
145 10.115 1.26851 3.5624 1.03523 157.295 1.01883 155.492
146 10.185 1.16652 3.6396 1.04472 160.862 1.02179 158.976
147 10.255 1.21548 3.72115 1.04165 164.466 1.02582 162.522
148 10.325 1.25787 3.8067 1.05164 168.155 1.02837 166.126
149 10.395 1.17643 3.8878 1.0482 171.882 1.03035 169.786
150 10.465 1.19796 3.9715 1.04656 175.654 1.03212 173.502
151 10.535 1.19763 4.0563 1.04892 179.485 1.03451 177.276
152 10.605 1.1749 4.1406 1.04784 183.363 1.0366 181.108
153 10.675 1.1623 4.2251 1.04435 187.279 1.03668 184.992
154 10.745 1.11462 4.3072 1.0357 191.214 1.03831 188.932
155 10.815 1.13575 4.39195 1.03814 195.209 1.03887 192.927
156 10.885 1.11722 4.4764 1.03825 199.257 1.03855 196.972
157 10.955 1.10887 4.5613 1.0333 203.338 1.03869 201.069
158 11.025 1.1419 4.64985 1.03346 207.471 1.03949 205.223
159 11.095 1.10844 4.7369 1.0278 211.635 1.03756 209.421
160 11.165 1.12099 4.82605 1.02783 215.851 1.03667 213.67
161 11.235 1.11699 4.916 1.01954 220.086 1.0354 217.966
162 11.305 1.05844 5.0023 1.02231 224.385 1.03466 222.313
163 11.375 1.08967 5.09225 1.01968 228.726 1.0323 226.703
164 11.445 1.08476 5.1829 1.00835 233.073 1.03127 231.144
165 11.515 1.0521 5.2719 1.01035 237.481 1.02773 235.624
166 11.585 1.09957 5.36605 1.00867 241.936 1.02629 240.151
167 11.655 1.06794 5.4586 1.00386 246.423 1.02355 244.722
168 11.725 1.08145 5.55345 1.00109 250.952 1.02145 249.338
169 11.795 1.04669 5.64635 0.999888 255.529 1.01906 253.999
170 11.865 1.08114 5.74345 0.991876 260.124 1.0166 258.703
171 11.935 1.08225 5.8418 0.992414 264.776 1.0141 263.452
172 12.005 1.07945 5.94105 0.987533 269.459 1.01058 268.239
173 12.075 1.04816 6.03855 0.987069 274.195 1.0084 273.073
174 12.145 1.04036 6.13645 0.986035 278.981 1.00654 277.953
175 12.215 1.04475 6.2359 0.98023 283.793 1.0034 282.874
176 12.285 1.09052 6.3409 0.979643 288.659 1.00231 287.847
177 12.355 1.05921 6.44405 0.981733 293.59 0.998956 292.86
178 12.425 1.06203 6.54865 0.980707 298.572 0.996184 297.915
179 12.495 1.09634 6.65785 0.977973 303.596 0.99427 303.018
180 12.565 1.06182 6.7648 0.977934 308.677 0.992919 308.171
181 12.635 1.06187 6.87295 0.972016 313.783 0.990603 313.37
182 12.705 1.03127 6.97915 0.975196 318.963 0.989045 318.618
183 12.775 1.05746 7.08925 0.976162 324.205 0.987243 323.914
184 12.845 1.06639 7.2015 0.973338 329.49 0.986928 329.267
185 12.915 1.03042 7.31115 0.969999 334.814 0.984396 334.664
186 12.985 1.02213 7.4211 0.974263 340.219 0.983608 340.116
187 13.055 1.04707 7.53495 0.970454 345.662 0.982902 345.623
188 13.125 1.03366 7.64855 0.974044 351.183 0.982365 351.186
189 13.195 1.05018 7.7652 0.973865 356.763 0.981635 356.804
190 13.265 1.01641 7.8793 0.975997 362.414 0.981286 362.48
191 13.335 1.04984 7.9984 0.975253 368.12 0.981906 368.22
192 13.405 1.03716 8.1173 0.978472 373.906 0.982272 374.022
193 13.475 1.03979 8.23775 0.979918 379.761 0.98068 379.876
194 13.545 1.05214 8.3609 0.980438 385.68 0.981206 385.793
195 13.615 1.02528 8.48215 0.980243 391.659 0.981896 391.777
196 13.685 1.0324 8.6055 0.985242 397.731 0.981991 397.822
197 13.755 1.03517 8.73045 0.98462 403.861 0.983613 403.94
198 13.825 1.01446 8.85415 0.987208 410.07 0.984907 410.128
199 13.895 1.00995 8.97855 0.988662 416.351 0.984521 416.376
200 13.965 1.00668 9.1038 0.99169 422.715 0.985891 422.696
3800000 200
1 0.035 0 0 0 0 0 0
2 0.105 0 0 0 0 0 0
3 0.175 0 0 0 0 0 0
4 0.245 0 0 0 0 0 0
5 0.315 0 0 0 0 0 0
6 0.385 0 0 0 0 0 0
7 0.455 0 0 0 0 0 0
8 0.525 0 0 0 0 0 0
9 0.595 0 0 0 0 0 0
10 0.665 0 0 0 0 0 0
11 0.735 0 0 0 0 0 0
12 0.805 0 0 0 0 0 0
13 0.875 0 0 0 0 0 0
14 0.945 0 0 0 0 0 0
15 1.015 0 0 0 0 0 0
16 1.085 0 0 0 0 0 0
17 1.155 0 0 0 0 0 0
18 1.225 0 0 0 0 0 0
19 1.295 0 0 0 0 0 0
20 1.365 0 0 0 0 0 0
21 1.435 0 0 0 0 0 0
22 1.505 0 0 0 0 0 0
23 1.575 0 0 0 0 0 0
24 1.645 0 0 0 0 0 0
25 1.715 0 0 0 0 0 0
26 1.785 0 0 0 0 0 0
27 1.855 0 0 0 0 0 0
28 1.925 0 0 0 0 0 0
29 1.995 0 0 0 0 0 0
30 2.065 0 0 0 0 0 0
31 2.135 0 0 0 0 0 0
32 2.205 0 0 0 0 0 0
33 2.275 0 0 0 0 0 0
34 2.345 0 0 0 0 0 0
35 2.415 0 0 0 0 0 0
36 2.485 0 0 0 0 0 0
37 2.555 0 0 0 0 0 0
38 2.625 0 0 0 0 0 0
39 2.695 0 0 0 0 0 0
40 2.765 0 0 0 0 0 0
41 2.835 0 0 0 0 0 0
42 2.905 0 0 0 0 3.67815e-06 1.02041e-06
43 2.975 0 0 0 0 1.05213e-05 4.08163e-06
44 3.045 0 0 0.000245806 7.5e-05 0.000174081 5.71429e-05
45 3.115 0 0 0.00211395 0.00075 0.00173063 0.000609184
46 3.185 0.0231767 0.00015 0.0134804 0.00525 0.00963254 0.00382143
47 3.255 0.066572 0.0006 0.0447436 0.02085 0.0329064 0.0152827
48 3.325 0.11342 0.0014 0.11359 0.062175 0.0823175 0.0452
49 3.395 0.224381 0.00305 0.217644 0.144725 0.163197 0.107036
50 3.465 0.443869 0.00645 0.34663 0.281675 0.272673 0.214656
51 3.535 0.576982 0.01105 0.499801 0.4872 0.396551 0.377557
52 3.605 0.741735 0.0172 0.63824 0.76015 0.515203 0.597664
53 3.675 0.951664 0.0254 0.768289 1.1016 0.620049 0.872951
54 3.745 1.017 0.0345 0.859821 1.49842 0.693542 1.19271
55 3.815 1.22773 0.0459 0.907066 1.93285 0.740252 1.54688
56 3.885 1.33446 0.05875 0.962408 2.41085 0.756144 1.92205
57 3.955 1.12231 0.06995 0.975318 2.91287 0.756066 2.31082
58 4.025 1.15134 0.08185 0.988303 3.43975 0.756078 2.71348
59 4.095 1.2198 0.0949 1.00663 3.99522 0.753547 3.12888
60 4.165 1.396 0.11035 1.01753 4.57607 0.760074 3.56232
61 4.235 1.13175 0.1233 1.04259 5.1914 0.779689 4.02201
62 4.305 1.12908 0.13665 1.06299 5.83967 0.80195 4.51059
63 4.375 1.23654 0.15175 1.07128 6.51443 0.824421 5.02933
64 4.445 1.10667 0.1657 1.08868 7.22225 0.849009 5.58076
65 4.515 1.08031 0.17975 1.11839 7.97247 0.873393 6.16605
66 4.585 1.16688 0.1954 1.10994 8.7403 0.896108 6.78532
67 4.655 1.16821 0.21155 1.12937 9.5456 0.919103 7.44002
68 4.725 1.0812 0.22695 1.1407 10.3836 0.951911 8.13863
69 4.795 1.19303 0.24445 1.15423 11.2569 0.980754 8.8799
70 4.865 1.08941 0.2609 1.16876 12.1672 1.01262 9.66777
71 4.935 1.07481 0.2776 1.19573 13.1255 1.04106 10.5012
72 5.005 1.07624 0.2948 1.18433 14.1017 1.06209 11.3758
73 5.075 1.01937 0.31155 1.21144 15.1284 1.0785 12.289
74 5.145 1.07768 0.32975 1.19681 16.1709 1.08243 13.2309
75 5.215 1.0403 0.3478 1.19847 17.2435 1.08753 14.2031
76 5.285 0.982063 0.3653 1.20066 18.347 1.08779 15.2019
77 5.355 0.964755 0.38295 1.18159 19.462 1.09718 16.2362
78 5.425 1.01192 0.40195 1.19053 20.615 1.10672 17.3069
79 5.495 1.00707 0.42135 1.18993 21.7973 1.11941 18.418
80 5.565 0.893318 0.439 1.1944 23.0145 1.1316 19.5701
81 5.635 0.965052 0.45855 1.19267 24.2607 1.14306 20.7632
82 5.705 0.996899 0.47925 1.17808 25.5224 1.15206 21.9958
83 5.775 0.954079 0.49955 1.17867 26.816 1.16045 23.268
84 5.845 0.885484 0.51885 1.17885 28.1412 1.16431 24.5756
85 5.915 0.85793 0.538 1.18101 29.5009 1.16756 25.9185
86 5.985 0.813912 0.5566 1.17208 30.8825 1.16696 27.2926
87 6.055 0.872157 0.577 1.15119 32.2713 1.1641 28.6956
88 6.125 0.904563 0.59865 1.1519 33.6934 1.16032 30.1265
89 6.195 0.847478 0.6194 1.13174 35.1226 1.15394 31.5823
90 6.265 0.886551 0.6416 1.11559 36.5635 1.1455 33.0603
91 6.335 0.915889 0.66505 1.10677 38.0251 1.13622 34.5593
92 6.405 0.90171 0.68865 1.09567 39.5042 1.12704 36.0792
93 6.475 0.828109 0.7108 1.08197 40.9969 1.11464 37.6154
94 6.545 0.923922 0.73605 1.05955 42.4904 1.10391 39.1699
95 6.615 0.850741 0.7598 1.04976 44.002 1.09297 40.742
96 6.685 0.855816 0.7842 1.02992 45.5165 1.08691 42.3388
97 6.755 0.846759 0.80885 1.02623 47.0575 1.07699 43.9542
98 6.825 0.846304 0.834 1.01165 48.6081 1.07101 45.5942
99 6.895 0.844044 0.8596 0.994169 50.1634 1.06155 47.2532
100 6.965 0.917635 0.888 0.989931 51.7436 1.05298 48.9324
101 7.035 0.77278 0.9124 0.981075 53.3414 1.04673 50.6353
102 7.105 0.785573 0.9377 0.9698 54.9523 1.03653 52.3554
103 7.175 0.864706 0.9661 0.962599 56.583 1.027 54.0934
104 7.245 0.91676 0.9968 0.950688 58.2251 1.01618 55.8468
105 7.315 0.80849 1.0244 0.942462 59.8846 1.00734 57.6187
106 7.385 0.839221 1.0536 0.937371 61.5668 0.996712 59.4056
107 7.455 0.791101 1.08165 0.937621 63.2816 0.98791 61.2105
108 7.525 0.901016 1.1142 0.925129 65.0054 0.977042 63.0292
109 7.595 0.830138 1.14475 0.929069 66.7689 0.969214 64.867
110 7.665 0.849728 1.1766 0.916768 68.5413 0.960324 66.7217
111 7.735 0.833108 1.2084 0.915844 70.3444 0.953643 68.5973
112 7.805 0.879984 1.2426 0.906062 72.1607 0.947201 70.4941
113 7.875 0.901059 1.27825 0.905646 74.0088 0.939755 72.4099
114 7.945 0.823172 1.3114 0.90538 75.8894 0.935783 74.3517
115 8.015 0.825936 1.34525 0.905719 77.8041 0.933761 76.3236
116 8.085 0.845267 1.3805 0.898623 79.737 0.928736 78.3192
117 8.155 0.910954 1.41915 0.906053 81.7198 0.927288 80.3464
118 8.225 0.897832 1.4579 0.909114 83.7436 0.92676 82.4074
119 8.295 0.898689 1.49735 0.90937 85.8026 0.925038 84.4997
120 8.365 0.955393 1.54 0.910609 87.8993 0.925642 86.6289
121 8.435 0.888932 1.58035 0.921261 90.0562 0.926492 88.7958
122 8.505 0.893862 1.6216 0.921419 92.2494 0.92628 90.9984
123 8.575 0.929423 1.6652 0.930284 94.5003 0.929031 93.244
124 8.645 0.967914 1.71135 0.936841 96.8043 0.928032 95.5239
125 8.715 1.01021 1.7603 0.942198 99.1591 0.932213 97.8514
126 8.785 0.964729 1.8078 0.944598 101.558 0.936766 100.228
127 8.855 0.987518 1.8572 0.956261 104.025 0.939585 102.65
128 8.925 0.96225 1.9061 0.960939 106.544 0.943121 105.119
129 8.995 0.963798 1.95585 0.970624 109.128 0.947309 107.639
130 9.065 1.0329 2.01 0.970068 111.751 0.951846 110.21
131 9.135 1.08663 2.06785 0.981934 114.448 0.955169 112.83
132 9.205 1.04982 2.1246 0.993552 117.218 0.961389 115.508
133 9.275 1.09052 2.18445 0.993086 120.029 0.966561 118.241
134 9.345 1.00783 2.2406 0.999587 122.902 0.971105 121.029
135 9.415 1.02296 2.29845 1.00314 125.828 0.976853 123.876
136 9.485 1.06803 2.35975 1.00536 128.804 0.981658 126.779
137 9.555 1.08849 2.42315 1.01581 131.856 0.986376 129.739
138 9.625 1.08794 2.48745 1.01375 134.946 0.990992 132.757
139 9.695 1.07812 2.5521 1.02242 138.108 0.997116 135.838
140 9.765 1.15231 2.6222 1.02894 141.337 1.00099 138.976
141 9.835 1.0598 2.6876 1.03627 144.635 1.00429 142.169
142 9.905 1.13994 2.75895 1.03899 147.99 1.00922 145.424
143 9.975 1.16023 2.8326 1.0406 151.397 1.01297 148.737
144 10.045 1.05557 2.90055 1.04086 154.853 1.0161 152.107
145 10.115 1.10535 2.9727 1.04683 158.377 1.0204 155.539
146 10.185 1.1363 3.0479 1.04804 161.954 1.02402 159.031
147 10.255 1.06047 3.11905 1.04744 165.579 1.02486 162.574
148 10.325 1.08437 3.1928 1.05214 169.27 1.02933 166.181
149 10.395 1.06474 3.2662 1.04941 173.002 1.03195 169.847
150 10.465 1.12855 3.34505 1.05163 176.791 1.0339 173.569
151 10.535 1.06417 3.4204 1.05211 180.634 1.03558 177.347
152 10.605 1.0864 3.49835 1.04789 184.512 1.03605 181.178
153 10.675 1.08802 3.57745 1.04967 188.448 1.03623 185.059
154 10.745 1.06235 3.6557 1.04716 192.426 1.03782 188.998
155 10.815 1.0922 3.7372 1.04595 196.452 1.03836 192.991
156 10.885 1.04512 3.8162 1.04194 200.514 1.0382 197.034
157 10.955 1.17352 3.90605 1.04129 204.626 1.03758 201.127
158 11.025 1.02713 3.9857 1.03602 208.77 1.03726 205.272
159 11.095 1.08488 4.0709 1.03847 212.977 1.03552 209.462
160 11.165 1.01851 4.1519 1.03088 217.205 1.03472 213.702
161 11.235 1.04373 4.23595 1.02812 221.476 1.03255 217.987
162 11.305 1.0658 4.32285 1.02809 225.799 1.03121 222.319
163 11.375 1.03576 4.40835 1.02537 230.165 1.02947 226.698
164 11.445 1.08177 4.49875 1.02372 234.578 1.02791 231.124
165 11.515 1.07043 4.5893 1.01995 239.028 1.02597 235.596
166 11.585 1.05578 4.6797 1.0157 243.514 1.02428 240.115
167 11.655 1.07487 4.77285 1.01479 248.05 1.02194 244.678
168 11.725 1.00677 4.86115 1.01426 252.638 1.01987 249.287
169 11.795 1.04781 4.95415 1.00603 257.244 1.01673 253.937
170 11.865 1.01878 5.04565 1.00393 261.894 1.01482 258.633
171 11.935 1.04758 5.14085 0.998159 266.573 1.01362 263.38
172 12.005 0.994073 5.23225 1.00023 271.316 1.00905 268.16
173 12.075 1.02773 5.32785 0.990576 276.069 1.00747 272.989
174 12.145 1.01539 5.4234 0.987514 280.862 1.00481 277.861
175 12.215 1.04108 5.5225 0.988021 285.713 1.00192 282.775
176 12.285 0.988223 5.61765 0.985497 290.607 0.999879 287.736
177 12.355 0.982704 5.71335 0.984659 295.553 0.997037 292.739
178 12.425 1.00872 5.8127 0.981957 300.542 0.995049 297.788
179 12.495 0.994942 5.9118 0.978329 305.568 0.993734 302.888
180 12.565 0.981405 6.01065 0.977824 310.648 0.991313 308.033
181 12.635 0.966142 6.10905 0.97993 315.796 0.990168 313.23
182 12.705 0.972519 6.2092 0.974137 320.97 0.988108 318.473
183 12.775 0.956608 6.3088 0.979449 326.23 0.987051 323.768
184 12.845 0.968535 6.41075 0.970769 331.5 0.985001 329.11
185 12.915 0.986257 6.5157 0.973301 336.842 0.984088 334.506
186 12.985 1.00401 6.6237 0.970541 342.227 0.983657 339.958
187 13.055 0.971655 6.72935 0.972098 347.679 0.983189 345.467
188 13.125 0.938116 6.83245 0.973206 353.196 0.981673 351.026
189 13.195 0.972753 6.9405 0.974921 358.781 0.982047 356.646
190 13.265 0.974985 7.04995 0.974779 364.425 0.981547 362.324
191 13.335 0.957283 7.15855 0.976924 370.142 0.980905 368.058
192 13.405 0.941205 7.26645 0.977829 375.924 0.981064 373.853
193 13.475 0.98929 7.38105 0.978102 381.768 0.981477 379.711
194 13.545 0.9808 7.49585 0.97915 387.679 0.981601 385.631
195 13.615 0.961016 7.6095 0.980899 393.662 0.981845 391.614
196 13.685 0.969205 7.7253 0.980991 399.708 0.982325 397.661
197 13.755 0.957294 7.84085 0.985279 405.842 0.983124 403.776
198 13.825 0.972638 7.95945 0.985896 412.043 0.984575 409.962
199 13.895 0.975852 8.07965 0.986762 418.312 0.984879 416.213
200 13.965 1.01994 8.20655 0.991916 424.677 0.986638 422.538
4000000 200
1 0.035 0 0 0 0 0 0
2 0.105 0 0 0 0 0 0
3 0.175 0 0 0 0 0 0
4 0.245 0 0 0 0 0 0
5 0.315 0 0 0 0 0 0
6 0.385 0 0 0 0 0 0
7 0.455 0 0 0 0 0 0
8 0.525 0 0 0 0 0 0
9 0.595 0 0 0 0 0 0
10 0.665 0 0 0 0 0 0
11 0.735 0 0 0 0 0 0
12 0.805 0 0 0 0 0 0
13 0.875 0 0 0 0 0 0
14 0.945 0 0 0 0 0 0
15 1.015 0 0 0 0 0 0
16 1.085 0 0 0 0 0 0
17 1.155 0 0 0 0 0 0
18 1.225 0 0 0 0 0 0
19 1.295 0 0 0 0 0 0
20 1.365 0 0 0 0 0 0
21 1.435 0 0 0 0 0 0
22 1.505 0 0 0 0 0 0
23 1.575 0 0 0 0 0 0
24 1.645 0 0 0 0 0 0
25 1.715 0 0 0 0 0 0
26 1.785 0 0 0 0 0 0
27 1.855 0 0 0 0 0 0
28 1.925 0 0 0 0 0 0
29 1.995 0 0 0 0 0 0
30 2.065 0 0 0 0 0 0
31 2.135 0 0 0 0 0 0
32 2.205 0 0 0 0 0 0
33 2.275 0 0 0 0 0 0
34 2.345 0 0 0 0 0 0
35 2.415 0 0 0 0 0 0
36 2.485 0 0 0 0 0 0
37 2.555 0 0 0 0 0 0
38 2.625 0 0 0 0 0 0
39 2.695 0 0 0 0 0 0
40 2.765 0 0 0 0 0 0
41 2.835 0 0 0 0 0 0
42 2.905 0 0 0 0 0 0
43 2.975 0 0 0 0 1.05213e-05 3.06122e-06
44 3.045 0 0 0.000327741 0.0001 0.000217602 6.93878e-05
45 3.115 0.00807669 5e-05 0.00227054 0.000825 0.00185539 0.000661224
46 3.185 0.0309023 0.00025 0.0157271 0.006075 0.00978247 0.00392347
47 3.255 0.0591751 0.00065 0.0478269 0.02275 0.0339348 0.0157429
48 3.325 0.120508 0.0015 0.118125 0.065725 0.0837073 0.0461653
49 3.395 0.224381 0.00315 0.234913 0.154825 0.165468 0.108861
50 3.465 0.33943 0.00575 0.364474 0.298825 0.274397 0.217162
51 3.535 0.514267 0.00985 0.511048 0.508975 0.396551 0.380063
52 3.605 0.66937 0.0154 0.646015 0.78525 0.51452 0.599879
53 3.675 0.696339 0.0214 0.768739 1.1269 0.618219 0.874353
54 3.745 0.899657 0.02945 0.861283 1.5244 0.693608 1.19414
55 3.815 1.01233 0.03885 0.909571 1.96003 0.738369 1.54741
56 3.885 0.970991 0.0482 0.939707 2.42675 0.757092 1.92305
57 3.955 1.05216 0.0587 0.966333 2.92415 0.760807 2.31426
58 4.025 0.861083 0.0676 0.987177 3.45042 0.755235 2.71648
59 4.095 1.03753 0.0787 0.9973 4.00075 0.754776 3.13255
60 4.165 1.05265 0.09035 1.03168 4.58967 0.762839 3.56756
61 4.235 0.935114 0.10105 1.03662 5.20147 0.77778 4.02613
62 4.305 0.943011 0.1122 1.05811 5.84678 0.799291 4.51309
63 4.375 0.9704 0.12405 1.08358 6.52928 0.822565 5.03066
64 4.445 1.06304 0.13745 1.08975 7.2378 0.848959 5.58206
65 4.515 0.988045 0.1503 1.10747 7.9807 0.872716 6.16689
66 4.585 1.00657 0.1638 1.12306 8.7576 0.895346 6.78563
67 4.655 0.980143 0.17735 1.12407 9.55912 0.921036 7.44171
68 4.725 0.838984 0.1893 1.15666 10.4089 0.947488 8.13708
69 4.795 0.899884 0.2025 1.17785 11.3 0.980814 8.8784
70 4.865 0.973513 0.2172 1.18689 12.2244 1.01021 9.66439
71 4.935 0.926784 0.2316 1.1971 13.1838 1.0374 10.4949
72 5.005 0.979257 0.24725 1.19773 14.1711 1.0586 11.3667
73 5.075 0.99503 0.2636 1.21524 15.2011 1.07099 12.2734
74 5.145 0.929651 0.2793 1.21067 16.2556 1.07818 13.2116
75 5.215 0.904861 0.295 1.21034 17.3388 1.08182 14.1788
76 5.285 0.911916 0.31125 1.19919 18.441 1.08569 15.1757
77 5.355 0.890964 0.32755 1.19099 19.5649 1.09329 16.2063
78 5.425 1.00926 0.3465 1.19608 20.7232 1.10329 17.2737
79 5.495 0.957751 0.36495 1.19365 21.9092 1.11498 18.3804
80 5.565 0.868012 0.3821 1.2013 23.1335 1.12775 19.5285
81 5.635 0.87373 0.3998 1.20159 24.389 1.13791 20.7163
82 5.705 0.88854 0.41825 1.20606 25.6807 1.14885 21.9454
83 5.775 0.92353 0.4379 1.21024 27.0089 1.15609 23.2129
84 5.845 0.835016 0.4561 1.1983 28.356 1.16347 24.5195
85 5.915 0.90497 0.4763 1.18455 29.7198 1.16771 25.8625
86 5.985 0.8161 0.49495 1.18424 31.1156 1.16556 27.235
87 6.055 0.897809 0.51595 1.16062 32.5159 1.16504 28.6391
88 6.125 0.831445 0.53585 1.16091 33.949 1.16105 30.071
89 6.195 0.857689 0.55685 1.14591 35.3962 1.15226 31.5247
90 6.265 0.790708 0.57665 1.11818 36.8404 1.14591 33.0032
91 6.335 0.812388 0.59745 1.10306 38.2971 1.13605 34.5019
92 6.405 0.748878 0.61705 1.09584 39.7764 1.12424 36.018
93 6.475 0.796331 0.63835 1.06691 41.2483 1.11326 37.5524
94 6.545 0.823297 0.66085 1.05508 42.7356 1.10469 39.1079
95 6.615 0.818503 0.6837 1.04398 44.2389 1.0969 40.6858
96 6.685 0.801451 0.70655 1.01795 45.7358 1.0885 42.2848
97 6.755 0.819278 0.7304 1.01371 47.2579 1.07865 43.9028
98 6.825 0.794146 0.754 1.0038 48.7965 1.07156 45.5436
99 6.895 0.774806 0.7775 1.00217 50.3643 1.06302 47.2049
100 6.965 0.757695 0.80095 0.981866 51.9317 1.05526 48.8877
101 7.035 0.810785 0.82655 0.97495 53.5195 1.04648 50.5902
102 7.105 0.805755 0.8525 0.967543 55.1267 1.03877 52.314
103 7.175 0.739872 0.8768 0.953257 56.7415 1.02967 54.0565
104 7.245 0.761478 0.9023 0.945911 58.3754 1.01958 55.8158
105 7.315 0.770409 0.9286 0.938132 60.0272 1.00932 57.5912
106 7.385 0.724259 0.9538 0.936298 61.7076 1.00053 59.3849
107 7.455 0.737515 0.97995 0.924498 63.3983 0.989474 61.1927
108 7.525 0.804132 1.009 0.924927 65.1218 0.979125 63.0153
109 7.595 0.805682 1.03865 0.911157 66.8513 0.97099 64.8565
110 7.665 0.831052 1.0698 0.905867 68.6026 0.962519 66.7154
111 7.735 0.854066 1.1024 0.904834 70.384 0.955709 68.5951
112 7.805 0.822091 1.13435 0.904079 72.1963 0.949831 70.4972
113 7.875 0.817651 1.1667 0.899128 74.0312 0.943893 72.4214
114 7.945 0.910083 1.20335 0.895992 75.8923 0.93942 74.3707
115 8.015 0.913776 1.2408 0.900491 77.7958 0.935183 76.3456
116 8.085 0.823686 1.27515 0.892974 79.7166 0.932547 78.3494
117 8.155 0.910954 1.3138 0.899792 81.6857 0.929681 80.3819
118 8.225 0.91405 1.35325 0.899838 83.6888 0.928796 82.4474
119 8.295 0.907801 1.3931 0.909779 85.7487 0.926586 84.5432
120 8.365 0.926272 1.43445 0.907179 87.8376 0.927692 86.6771
121 8.435 0.931891 1.47675 0.913839 89.9771 0.928213 88.848
122 8.505 0.952369 1.5207 0.921902 92.1715 0.929018 91.0571
123 8.575 1.02215 1.56865 0.921522 94.4012 0.930539 93.3063
124 8.645 0.998326 1.61625 0.930111 96.6886 0.931783 95.5955
125 8.715 1.00402 1.6649 0.943998 99.0479 0.935254 97.9306
126 8.785 1.0805 1.7181 0.946872 101.453 0.937057 100.308
127 8.855 1.07048 1.77165 0.950012 103.904 0.94046 102.732
128 8.925 1.11377 1.82825 0.952546 106.401 0.944741 105.206
129 8.995 1.0965 1.88485 0.958652 108.953 0.947821 107.727
130 9.065 1.08726 1.94185 0.976004 111.592 0.953242 110.302
131 9.135 1.04812 1.99765 0.981925 114.288 0.95648 112.925
132 9.205 1.13861 2.0592 0.98914 117.046 0.961739 115.604
133 9.275 1.09507 2.1193 0.994173 119.861 0.965843 118.336
134 9.345 1.11193 2.18125 1.00049 122.736 0.971218 121.124
135 9.415 1.12022 2.2446 1.01025 125.682 0.974742 123.964
136 9.485 1.13423 2.3097 1.01355 128.683 0.981185 126.866
137 9.555 1.10823 2.37425 1.01655 131.737 0.985525 129.823
138 9.625 1.1387 2.44155 1.02469 134.861 0.989785 132.838
139 9.695 1.08813 2.5068 1.02815 138.041 0.994468 135.91
140 9.765 1.13341 2.57575 1.03254 141.281 0.998729 139.041
141 9.835 1.14326 2.6463 1.04156 144.596 1.00286 142.23
142 9.905 1.17349 2.71975 1.04132 147.957 1.00598 145.474
143 9.975 1.09879 2.7895 1.04476 151.378 1.01133 148.782
144 10.045 1.16431 2.86445 1.04891 154.861 1.01294 152.142
145 10.115 1.17046 2.94085 1.04456 158.378 1.01697 155.562
146 10.185 1.16954 3.01825 1.0449 161.944 1.02116 159.044
147 10.255 1.15586 3.0958 1.04702 165.568 1.02389 162.584
148 10.325 1.14098 3.1734 1.04971 169.25 1.02601 166.179
149 10.395 1.13364 3.25155 1.05091 172.987 1.02897 169.834
150 10.465 1.17363 3.33355 1.04856 176.766 1.03031 173.544
151 10.535 1.08676 3.4105 1.05258 180.61 1.03156 177.307
152 10.605 1.10801 3.49 1.04971 184.495 1.03224 181.123
153 10.675 1.15886 3.57425 1.04727 188.422 1.03395 184.997
154 10.745 1.10783 3.65585 1.0468 192.399 1.03411 188.921
155 10.815 1.10024 3.73795 1.0494 196.438 1.03445 192.899
156 10.885 1.11987 3.8226 1.04037 200.494 1.03503 196.93
157 10.955 1.08797 3.9059 1.04207 204.609 1.03528 201.014
158 11.025 1.07807 3.9895 1.03944 208.767 1.03494 205.15
159 11.095 1.07342 4.0738 1.04065 212.982 1.03451 209.336
160 11.165 1.09647 4.161 1.03499 217.227 1.03228 213.566
161 11.235 1.0636 4.24665 1.03229 221.515 1.03258 217.85
162 11.305 1.0241 4.33015 1.02937 225.844 1.03158 222.184
163 11.375 1.05151 4.41695 1.02349 230.202 1.0305 226.567
164 11.445 1.0351 4.50345 1.02188 234.606 1.02827 230.995
165 11.515 1.06924 4.5939 1.01669 239.043 1.02627 235.468
166 11.585 1.0768 4.6861 1.01699 243.534 1.02483 239.99
167 11.655 1.02467 4.7749 1.0105 248.051 1.02243 244.555
168 11.725 1.02159 4.8645 1.00381 252.592 1.01949 249.162
169 11.795 1.02697 4.95565 1.00334 257.185 1.01844 253.82
170 11.865 1.0572 5.0506 0.999798 261.817 1.01448 258.515
171 11.935 0.986511 5.14025 0.999791 266.503 1.01355 263.261
172 12.005 1.01963 5.234 0.997348 271.233 1.01109 268.051
173 12.075 1.02128 5.329 0.991634 275.99 1.00909 272.887
174 12.145 1.02123 5.4251 0.99131 280.802 1.00653 277.768
175 12.215 1.03635 5.52375 0.98604 285.643 1.00373 282.691
176 12.285 1.01367 5.62135 0.9793 290.507 1.00261 287.665
177 12.355 1.02327 5.721 0.98446 295.452 0.999545 292.681
178 12.425 1.00669 5.82015 0.979162 300.426 0.998068 297.746
179 12.495 1.01854 5.9216 0.978942 305.455 0.996975 302.862
180 12.565 1.00623 6.02295 0.978098 310.536 0.993278 308.017
181 12.635 0.975961 6.12235 0.976223 315.665 0.991712 313.222
182 12.705 1.00262 6.2256 0.974203 320.839 0.990242 318.476
183 12.775 1.05553 6.3355 0.968425 326.04 0.988717 323.78
184 12.845 0.994661 6.4402 0.96959 331.304 0.988358 329.141
185 12.915 0.991896 6.54575 0.976184 336.662 0.986638 334.551
186 12.985 1.01284 6.6547 0.976137 342.078 0.985654 340.014
187 13.055 0.982232 6.7615 0.974737 347.545 0.983985 345.527
188 13.125 0.982247 6.86945 0.97131 353.051 0.983377 351.095
189 13.195 1.01552 6.98225 0.974026 358.631 0.982507 356.719
190 13.265 0.995473 7.094 0.973687 364.269 0.982184 362.4
191 13.335 1.01414 7.20905 0.973754 369.967 0.982477 368.143
192 13.405 1.02364 7.3264 0.973132 375.721 0.981983 373.943
193 13.475 1.00526 7.44285 0.98247 381.591 0.982022 379.805
194 13.545 1.03633 7.56415 0.981721 387.518 0.982508 385.731
195 13.615 1.03627 7.6867 0.977522 393.481 0.983015 391.721
196 13.685 1.04411 7.81145 0.984033 399.545 0.983491 397.775
197 13.755 1.02564 7.93525 0.982388 405.661 0.984345 403.897
198 13.825 1.00462 8.05775 0.987164 411.87 0.98505 410.086
199 13.895 1.06313 8.1887 0.993573 418.182 0.985165 416.339
200 13.965 1.02396 8.3161 0.991744 424.546 0.986233 422.661
4200000 200
1 0.035 0 0 0 0 0 0
2 0.105 0 0 0 0 0 0
3 0.175 0 0 0 0 0 0
4 0.245 0 0 0 0 0 0
5 0.315 0 0 0 0 0 0
6 0.385 0 0 0 0 0 0
7 0.455 0 0 0 0 0 0
8 0.525 0 0 0 0 0 0
9 0.595 0 0 0 0 0 0
10 0.665 0 0 0 0 0 0
11 0.735 0 0 0 0 0 0
12 0.805 0 0 0 0 0 0
13 0.875 0 0 0 0 0 0
14 0.945 0 0 0 0 0 0
15 1.015 0 0 0 0 0 0
16 1.085 0 0 0 0 0 0
17 1.155 0 0 0 0 0 0
18 1.225 0 0 0 0 0 0
19 1.295 0 0 0 0 0 0
20 1.365 0 0 0 0 0 0
21 1.435 0 0 0 0 0 0
22 1.505 0 0 0 0 0 0
23 1.575 0 0 0 0 0 0
24 1.645 0 0 0 0 0 0
25 1.715 0 0 0 0 0 0
26 1.785 0 0 0 0 0 0
27 1.855 0 0 0 0 0 0
28 1.925 0 0 0 0 0 0
29 1.995 0 0 0 0 0 0
30 2.065 0 0 0 0 0 0
31 2.135 0 0 0 0 0 0
32 2.205 0 0 0 0 0 0
33 2.275 0 0 0 0 0 0
34 2.345 0 0 0 0 0 0
35 2.415 0 0 0 0 0 0
36 2.485 0 0 0 0 0 0
37 2.555 0 0 0 0 0 0
38 2.625 0 0 0 0 0 0
39 2.695 0 0 0 0 0 0
40 2.765 0 0 0 0 0 0
41 2.835 0 0 0 0 0 0
42 2.905 0 0 0 0 0 0
43 2.975 0 0 0 0 1.40284e-05 4.08163e-06
44 3.045 0 0 0.000163871 5e-05 0.000227645 7.34694e-05
45 3.115 0 0 0.00219224 0.00075 0.00186819 0.000669388
46 3.185 0 0 0.0137799 0.00535 0.0102965 0.00410306
47 3.255 0.0961595 0.00065 0.0450304 0.02105 0.0346613 0.0161755
48 3.325 0.163041 0.0018 0.114139 0.062575 0.0839038 0.0466694
49 3.395 0.394367 0.0047 0.214744 0.144025 0.165947 0.109547
50 3.465 0.678859 0.0099 0.360804 0.286575 0.273684 0.217566
51 3.535 0.815301 0.0164 0.501564 0.492825 0.395379 0.379986
52 3.605 1.13371 0.0258 0.635083 0.764425 0.515079 0.60004
53 3.675 1.24761 0.03655 0.760526 1.10242 0.61568 0.873387
54 3.745 1.46963 0.0497 0.837611 1.489 0.69591 1.19424
55 3.815 1.59927 0.06455 0.894277 1.9173 0.741013 1.54877
56 3.885 1.50582 0.07905 0.935378 2.38188 0.758057 1.92489
57 3.955 1.65841 0.0956 0.943214 2.86737 0.759874 2.31562
58 4.025 1.727 0.11345 0.981878 3.39083 0.757025 2.71879
59 4.095 1.57032 0.13025 0.991547 3.93797 0.752669 3.1337
60 4.165 1.43214 0.1461 0.989374 4.50275 0.760717 3.5675
61 4.235 1.65611 0.16505 1.01412 5.10127 0.778317 4.02639
62 4.305 1.61115 0.1841 1.05327 5.74362 0.801229 4.51453
63 4.375 1.41261 0.20135 1.05564 6.40853 0.824245 5.03315
64 4.445 1.58663 0.22135 1.06107 7.0984 0.848312 5.58414
65 4.515 1.23025 0.23735 1.08175 7.82405 0.871888 6.16841
66 4.585 1.45021 0.2568 1.09964 8.58475 0.895753 6.78743
67 4.655 1.42862 0.27655 1.09259 9.36383 0.924603 7.44605
68 4.725 1.42873 0.2969 1.11439 10.1825 0.950476 8.14362
69 4.795 1.35323 0.31675 1.13539 11.0416 0.9834 8.88689
70 4.865 1.30464 0.33645 1.16513 11.949 1.01235 9.67454
71 4.935 1.33869 0.35725 1.16965 12.8864 1.03958 10.5068
72 5.005 1.35469 0.3789 1.18157 13.8604 1.0576 11.3777
73 5.075 1.20499 0.3987 1.18321 14.8632 1.07249 12.2858
74 5.145 1.22276 0.41935 1.18742 15.8975 1.07929 13.2249
75 5.215 1.16422 0.43955 1.17827 16.952 1.08536 14.1953
76 5.285 1.29913 0.4627 1.17564 18.0325 1.0866 15.193
77 5.355 1.1834 0.48435 1.18553 19.1512 1.09447 16.2247
78 5.425 1.13708 0.5057 1.17819 20.2922 1.10508 17.2938
79 5.495 1.17318 0.5283 1.18527 21.4699 1.11605 18.4016
80 5.565 1.15144 0.55105 1.18356 22.6761 1.12778 19.5497
81 5.635 1.04897 0.5723 1.17836 23.9073 1.13781 20.7374
82 5.705 1.02579 0.5936 1.17287 25.1635 1.14948 21.9672
83 5.775 1.13737 0.6178 1.17876 26.4571 1.15871 23.2376
84 5.845 1.1837 0.6436 1.17569 27.7788 1.16515 24.5461
85 5.915 1.07745 0.66765 1.16459 29.1196 1.16642 25.8876
86 5.985 1.07646 0.69225 1.15649 30.4828 1.16743 27.2623
87 6.055 1.03889 0.71655 1.14982 31.87 1.16373 28.6648
88 6.125 1.04871 0.74165 1.14919 33.2887 1.16035 30.0958
89 6.195 1.02718 0.7668 1.13118 34.7172 1.1537 31.5513
90 6.265 0.988385 0.79155 1.11873 36.1622 1.14751 33.0319
91 6.335 0.902219 0.81465 1.10444 37.6207 1.13611 34.5307
92 6.405 1.03544 0.84175 1.09297 39.0961 1.12666 36.0501
93 6.475 0.904751 0.86595 1.0691 40.5711 1.11508 37.5869
94 6.545 0.929411 0.89135 1.05735 42.0615 1.10473 39.1426
95 6.615 0.863278 0.91545 1.0453 43.5667 1.09506 40.7178
96 6.685 0.906674 0.9413 1.03228 45.0847 1.08729 42.3151
97 6.755 0.920614 0.9681 1.0214 46.6183 1.07902 43.9336
98 6.825 0.853034 0.99345 1.02015 48.182 1.07187 45.5749
99 6.895 0.832505 1.0187 0.999442 49.7456 1.06552 47.2401
100 6.965 0.804546 1.0436 0.998404 51.3393 1.05598 48.924
101 7.035 0.812369 1.06925 0.981796 52.9383 1.04864 50.6301
102 7.105 0.801098 1.09505 0.972464 54.5537 1.04072 52.3571
103 7.175 0.851005 1.123 0.972973 56.2019 1.03168 54.103
104 7.245 0.734603 1.1476 0.958576 57.8576 1.02074 55.8643
105 7.315 0.757227 1.17345 0.951151 59.5324 1.012 57.6444
106 7.385 0.721385 1.19855 0.945074 61.2285 1.00089 59.4388
107 7.455 0.744566 1.22495 0.939549 62.9467 0.992312 61.2517
108 7.525 0.773683 1.2529 0.9344 64.6878 0.981293 63.0783
109 7.595 0.775792 1.28145 0.92442 66.4425 0.972821 64.923
110 7.665 0.743011 1.3093 0.924436 68.2297 0.965273 66.7873
111 7.735 0.764992 1.3385 0.918955 70.039 0.957346 68.6701
112 7.805 0.787354 1.3691 0.917386 71.8779 0.950586 70.5737
113 7.875 0.759518 1.39915 0.912665 73.7404 0.944663 72.4995
114 7.945 0.708946 1.4277 0.908509 75.6275 0.940861 74.4518
115 8.015 0.789336 1.46005 0.911135 77.5536 0.935858 76.4281
116 8.085 0.725371 1.4903 0.919508 79.5314 0.931569 78.4299
117 8.155 0.749504 1.5221 0.918105 81.5406 0.930808 80.4648
118 8.225 0.765763 1.55515 0.913112 83.5733 0.928452 82.5295
119 8.295 0.788203 1.58975 0.923228 85.6636 0.92816 84.6289
120 8.365 0.799708 1.62545 0.920826 87.7839 0.926044 86.759
121 8.435 0.827246 1.663 0.920289 89.9385 0.926824 88.9267
122 8.505 0.82777 1.7012 0.931134 92.1549 0.927243 91.1315
123 8.575 0.753557 1.73655 0.938508 94.4257 0.92795 93.3745
124 8.645 0.820053 1.77565 0.945787 96.7516 0.929755 95.6587
125 8.715 0.842017 1.81645 0.946879 99.1182 0.930682 97.9824
126 8.785 0.857086 1.85865 0.95392 101.541 0.935211 100.355
127 8.855 0.894564 1.9034 0.960834 104.02 0.937614 102.772
128 8.925 0.834343 1.9458 0.969571 106.561 0.941305 105.237
129 8.995 0.864028 1.9904 0.973516 109.153 0.944533 107.749
130 9.065 0.854551 2.0352 0.976688 111.794 0.949562 110.314
131 9.135 0.916639 2.084 0.991466 114.517 0.952783 112.927
132 9.205 0.916625 2.13355 0.99209 117.283 0.958563 115.597
133 9.275 0.932906 2.18475 0.999383 120.112 0.964339 118.324
134 9.345 0.860648 2.2327 1.00726 123.006 0.966295 121.098
135 9.415 0.914209 2.2844 1.00265 125.931 0.972711 123.933
136 9.485 0.91209 2.33675 1.02409 128.963 0.977233 126.823
137 9.555 0.867013 2.38725 1.02195 132.033 0.981942 129.77
138 9.625 0.895901 2.4402 1.01761 135.135 0.986965 132.775
139 9.695 0.912194 2.4949 1.0304 138.322 0.991071 135.838
140 9.765 0.969847 2.5539 1.02811 141.548 0.996223 138.96
141 9.835 0.890461 2.60885 1.03535 144.843 1.00069 142.142
142 9.905 0.964193 2.6692 1.04245 148.209 1.00443 145.382
143 9.975 0.871942 2.72455 1.04307 151.624 1.00952 148.684
144 10.045 0.932844 2.7846 1.04647 155.099 1.01389 152.047
145 10.115 0.882443 2.8422 1.05144 158.639 1.01653 155.465
146 10.185 0.933818 2.904 1.04875 162.218 1.02013 158.944
147 10.255 0.921113 2.9658 1.05137 165.857 1.02263 162.479
148 10.325 0.94616 3.03015 1.05447 169.556 1.02561 166.074
149 10.395 0.974076 3.0973 1.05106 173.293 1.02908 169.729
150 10.465 0.893104 3.1597 1.05262 177.086 1.03044 173.439
151 10.535 0.925056 3.2252 1.05117 180.925 1.03303 177.207
152 10.605 0.921944 3.29135 1.05225 184.82 1.03443 181.032
153 10.675 0.911268 3.3576 1.04883 188.753 1.03492 184.909
154 10.745 0.890609 3.4232 1.05073 192.745 1.03532 188.838
155 10.815 0.91128 3.4912 1.04974 196.785 1.03642 192.823
156 10.885 0.907535 3.5598 1.04269 200.85 1.03622 196.859
157 10.955 0.903811 3.629 1.04406 204.973 1.03655 200.948
158 11.025 0.899463 3.69875 1.04311 209.145 1.03668 205.09
159 11.095 0.958819 3.77405 1.03552 213.34 1.036 209.283
160 11.165 0.873904 3.84355 1.03471 217.584 1.03443 213.521
161 11.235 0.910236 3.91685 1.03305 221.875 1.03349 217.81
162 11.305 0.906971 3.9908 1.02809 226.199 1.03266 222.148
163 11.375 0.911591 4.06605 1.02824 230.577 1.03093 226.533
164 11.445 0.91603 4.1426 1.02067 234.976 1.02953 230.966
165 11.515 0.945711 4.2226 1.02164 239.434 1.02673 235.441
166 11.585 0.906287 4.3002 1.02302 243.952 1.0248 239.963
167 11.655 0.924858 4.38035 1.01596 248.493 1.02326 244.532
168 11.725 0.895606 4.4589 1.00972 253.061 1.02128 249.147
169 11.795 0.946411 4.5429 1.01279 257.697 1.01866 253.806
170 11.865 0.915235 4.6251 1.01252 262.388 1.01691 258.512
171 11.935 0.867667 4.70395 1.00708 267.108 1.01427 263.261
172 12.005 0.892925 4.78605 1.00534 271.876 1.01159 268.054
173 12.075 0.882603 4.86815 0.997584 276.662 1.00849 272.887
174 12.145 0.879365 4.9509 0.998521 281.509 1.00691 277.77
175 12.215 0.885074 5.03515 0.998067 286.409 1.00408 282.694
176 12.285 0.928504 5.12455 0.998787 291.369 1.00241 287.668
177 12.355 0.90415 5.2126 0.990816 296.346 0.99964 292.684
178 12.425 0.930542 5.30425 0.992213 301.387 0.997466 297.746
179 12.495 0.928679 5.39675 0.989759 306.472 0.996126 302.858
180 12.565 0.894533 5.48685 0.98702 311.599 0.993515 308.014
181 12.635 0.948469 5.58345 0.985108 316.774 0.991759 313.219
182 12.705 0.939988 5.68025 0.986275 322.013 0.990089 318.472
183 12.775 0.947964 5.77895 0.984947 327.302 0.988431 323.775
184 12.845 0.943835 5.8783 0.984279 332.646 0.98756 329.131
185 12.915 0.945848 5.97895 0.983745 338.046 0.985888 334.537
186 12.985 0.994245 6.0859 0.98299 343.5 0.98524 339.998
187 13.055 0.947743 6.18895 0.986305 349.031 0.983658 345.509
188 13.125 0.935841 6.2918 0.984174 354.61 0.983367 351.078
189 13.195 0.982656 6.40095 0.984656 360.251 0.982456 356.701
190 13.265 1.00839 6.51415 0.988609 365.976 0.981598 362.378
191 13.335 0.995627 6.6271 0.985281 371.741 0.98081 368.112
192 13.405 0.997468 6.74145 0.985313 377.567 0.981135 373.907
193 13.475 1.0031 6.85765 0.987337 383.466 0.980985 379.763
194 13.545 1.01241 6.97615 0.986272 389.421 0.98125 385.68
195 13.615 0.994417 7.09375 0.990461 395.462 0.982764 391.669
196 13.685 1.03407 7.2173 0.989985 401.563 0.982471 397.717
197 13.755 1.08446 7.3482 0.993876 407.751 0.982992 403.831
198 13.825 1.05219 7.4765 0.992733 413.994 0.983249 410.009
199 13.895 1.07409 7.6088 0.995403 420.318 0.984715 416.258
200 13.965 1.06254 7.741 0.995453 426.707 0.985508 422.576
4400000 200
1 0.035 0 0 0 0 0 0
2 0.105 0 0 0 0 0 0
3 0.175 0 0 0 0 0 0
4 0.245 0 0 0 0 0 0
5 0.315 0 0 0 0 0 0
6 0.385 0 0 0 0 0 0
7 0.455 0 0 0 0 0 0
8 0.525 0 0 0 0 0 0
9 0.595 0 0 0 0 0 0
10 0.665 0 0 0 0 0 0
11 0.735 0 0 0 0 0 0
12 0.805 0 0 0 0 0 0
13 0.875 0 0 0 0 0 0
14 0.945 0 0 0 0 0 0
15 1.015 0 0 0 0 0 0
16 1.085 0 0 0 0 0 0
17 1.155 0 0 0 0 0 0
18 1.225 0 0 0 0 0 0
19 1.295 0 0 0 0 0 0
20 1.365 0 0 0 0 0 0
21 1.435 0 0 0 0 0 0
22 1.505 0 0 0 0 0 0
23 1.575 0 0 0 0 0 0
24 1.645 0 0 0 0 0 0
25 1.715 0 0 0 0 0 0
26 1.785 0 0 0 0 0 0
27 1.855 0 0 0 0 0 0
28 1.925 0 0 0 0 0 0
29 1.995 0 0 0 0 0 0
30 2.065 0 0 0 0 0 0
31 2.135 0 0 0 0 0 0
32 2.205 0 0 0 0 0 0
33 2.275 0 0 0 0 0 0
34 2.345 0 0 0 0 0 0
35 2.415 0 0 0 0 0 0
36 2.485 0 0 0 0 0 0
37 2.555 0 0 0 0 0 0
38 2.625 0 0 0 0 0 0
39 2.695 0 0 0 0 0 0
40 2.765 0 0 0 0 0 0
41 2.835 0 0 0 0 0 0
42 2.905 0 0 0 0 0 0
43 2.975 0 0 0 0 1.05213e-05 3.06122e-06
44 3.045 0 0 0.000163871 5e-05 0.000230992 7.34694e-05
45 3.115 0 0 0.00313178 0.00105 0.0018458 0.000662245
46 3.185 0.0154512 0.0001 0.0134804 0.00555 0.00971822 0.00390306
47 3.255 0.0517782 0.00045 0.0486157 0.0225 0.0338088 0.0156786
48 3.325 0.141775 0.00145 0.111253 0.062975 0.0850999 0.0466071
49 3.395 0.339972 0.00395 0.215931 0.144875 0.166265 0.109605
50 3.465 0.502617 0.0078 0.350743 0.28345 0.274656 0.218008
51 3.535 0.721228 0.01355 0.50819 0.492425 0.398138 0.381561
52 3.605 0.868372 0.02075 0.654667 0.7724 0.517319 0.602572
53 3.675 0.934255 0.0288 0.76542 1.11258 0.622846 0.879101
54 3.745 1.13435 0.03895 0.861066 1.50998 0.69784 1.20084
55 3.815 1.08234 0.049 0.918445 1.94985 0.74048 1.55512
56 3.885 1.34485 0.06195 0.949975 2.42167 0.760841 1.93262
57 3.955 1.34276 0.07535 0.976726 2.92442 0.760507 2.32368
58 4.025 1.2626 0.0884 1.0102 3.46297 0.75581 2.7262
59 4.095 1.25252 0.1018 1.00591 4.01805 0.754206 3.14195
60 4.165 1.3192 0.1164 1.02861 4.60522 0.759924 3.57531
61 4.235 1.22788 0.13045 1.05026 5.22508 0.779205 4.03472
62 4.305 1.30245 0.14585 1.06938 5.87725 0.80099 4.52271
63 4.375 1.16284 0.16005 1.08561 6.56103 0.822676 5.04035
64 4.445 1.3407 0.17695 1.08372 7.26563 0.849141 5.59187
65 4.515 1.18412 0.19235 1.11962 8.01668 0.871492 6.17588
66 4.585 1.15196 0.2078 1.1051 8.78115 0.893993 6.79369
67 4.655 1.06333 0.2225 1.12222 9.58135 0.92188 7.45037
68 4.725 1.16194 0.23905 1.14134 10.4199 0.948183 8.14625
69 4.795 1.04646 0.2544 1.14455 11.2858 0.980602 8.8874
70 4.865 0.990069 0.26935 1.16946 12.1966 1.00995 9.67319
71 4.935 1.08447 0.2862 1.18709 13.148 1.03628 10.5028
72 5.005 1.16385 0.3048 1.18557 14.1252 1.05957 11.3753
73 5.075 1.05589 0.32215 1.18557 15.1301 1.06935 12.2807
74 5.145 0.988864 0.33885 1.18825 16.1651 1.07943 13.22
75 5.215 1.01725 0.3565 1.18436 17.225 1.08271 14.188
76 5.285 0.976451 0.3739 1.18445 18.3137 1.08542 15.1846
77 5.355 0.997552 0.39215 1.18 19.4272 1.09301 16.2149
78 5.425 1.00926 0.4111 1.18139 20.5713 1.10138 17.2805
79 5.495 0.825379 0.427 1.17929 21.743 1.11312 18.3854
80 5.565 1.00214 0.4468 1.18133 22.9469 1.12532 19.531
81 5.635 0.972457 0.4665 1.17853 24.1783 1.13716 20.718
82 5.705 0.96078 0.48645 1.18069 25.4429 1.15054 21.949
83 5.775 0.878881 0.50515 1.17447 26.7318 1.15704 23.2175
84 5.845 0.892366 0.5246 1.1653 28.0418 1.16307 24.5237
85 5.915 0.90497 0.5448 1.16585 29.3841 1.16789 25.8669
86 5.985 0.86861 0.56465 1.15435 30.7447 1.16791 27.2421
87 6.055 0.861469 0.5848 1.14694 32.1285 1.16423 28.6453
88 6.125 0.810555 0.6042 1.13957 33.5352 1.16147 30.0776
89 6.195 0.87811 0.6257 1.12679 34.9583 1.15595 31.536
90 6.265 0.914506 0.6486 1.1129 36.3956 1.14681 33.0157
91 6.335 0.788953 0.6688 1.10866 37.8598 1.13766 34.5165
92 6.405 0.829115 0.6905 1.08834 39.3289 1.12822 36.038
93 6.475 0.719688 0.70975 1.08133 40.8208 1.11567 37.5756
94 6.545 0.830615 0.73245 1.06462 42.3215 1.10639 39.1336
95 6.615 0.7791 0.7542 1.05363 43.8386 1.09587 40.71
96 6.685 0.704996 0.7743 1.03367 45.3587 1.08883 42.3095
97 6.755 0.7334 0.79565 1.03229 46.9087 1.08085 43.9308
98 6.825 0.704973 0.8166 1.02408 48.4784 1.07315 45.574
99 6.895 0.708865 0.8381 1.0032 50.0478 1.06579 47.2397
100 6.965 0.663993 0.85865 1.00006 51.6442 1.05959 48.9294
101 7.035 0.707853 0.881 0.989349 53.2554 1.04963 50.637
102 7.105 0.690869 0.90325 0.97582 54.8764 1.04123 52.3649
103 7.175 0.653097 0.9247 0.972162 56.5233 1.03233 54.1119
104 7.245 0.664427 0.94695 0.962108 58.1851 1.02161 55.8747
105 7.315 0.653237 0.96925 0.956603 59.8695 1.01107 57.6532
106 7.385 0.602112 0.9902 0.951468 61.577 1.00179 59.4492
107 7.455 0.630343 1.01255 0.944866 63.305 0.991206 61.2601
108 7.525 0.678184 1.03705 0.940612 65.0577 0.98109 63.0863
109 7.595 0.589656 1.05875 0.931822 66.8265 0.972449 64.9303
110 7.665 0.662974 1.0836 0.92904 68.6226 0.964051 66.7922
111 7.735 0.658889 1.10875 0.926828 70.4473 0.954918 68.6703
112 7.805 0.678 1.1351 0.915977 72.2835 0.949031 70.5708
113 7.875 0.701385 1.16285 0.916426 74.1536 0.943013 72.4932
114 7.945 0.674181 1.19 0.916658 76.0576 0.937616 74.4388
115 8.015 0.697837 1.2186 0.913418 77.9885 0.932534 76.4081
116 8.085 0.673816 1.2467 0.921077 79.9697 0.931081 78.4088
117 8.155 0.662298 1.2748 0.918893 81.9806 0.928619 80.4389
118 8.225 0.780824 1.3085 0.916773 84.0215 0.926267 82.4988
119 8.295 0.740365 1.341 0.928914 86.1247 0.925327 84.5917
120 8.365 0.689944 1.3718 0.928481 88.2626 0.924569 86.7184
121 8.435 0.785388 1.40745 0.93055 90.4412 0.924845 88.8815
122 8.505 0.782265 1.44355 0.937363 92.6724 0.926517 91.0846
123 8.575 0.762084 1.4793 0.942507 94.9529 0.927317 93.3261
124 8.645 0.811664 1.518 0.947728 97.2836 0.929059 95.6086
125 8.715 0.75637 1.55465 0.957032 99.6755 0.931287 97.9337
126 8.785 0.793109 1.5937 0.963361 102.122 0.932414 100.299
127 8.855 0.8196 1.6347 0.971938 104.63 0.936421 102.713
128 8.925 0.808762 1.6758 0.972337 107.178 0.938978 105.172
129 8.995 0.74876 1.71445 0.980765 109.79 0.943709 107.682
130 9.065 0.839291 1.75845 0.992063 112.472 0.94885 110.245
131 9.135 0.860288 1.80425 0.990792 115.193 0.951609 112.855
132 9.205 0.850953 1.85025 0.999936 117.981 0.955861 115.518
133 9.275 0.87551 1.8983 1.00375 120.822 0.960881 118.235
134 9.345 0.854366 1.9459 1.00963 123.724 0.967521 121.012
135 9.415 0.881496 1.99575 1.01835 126.694 0.972327 123.846
136 9.485 0.905121 2.0477 1.0191 129.711 0.976309 126.733
137 9.555 0.903067 2.1003 1.02614 132.794 0.982628 129.682
138 9.625 0.905207 2.1538 1.03202 135.94 0.985706 132.684
139 9.695 0.924702 2.20925 1.03797 139.15 0.992082 135.749
140 9.765 0.913958 2.26485 1.03729 142.405 0.9966 138.873
141 9.835 0.932593 2.3224 1.0388 145.711 1.00142 142.057
142 9.905 0.900287 2.37875 1.04294 149.079 1.00566 145.301
143 9.975 0.930229 2.4378 1.04486 152.5 1.00994 148.604
144 10.045 0.914979 2.4967 1.05013 155.986 1.01367 151.966
145 10.115 0.925339 2.5571 1.04693 159.511 1.01687 155.386
146 10.185 0.967816 2.62115 1.05117 163.099 1.02081 158.867
147 10.255 0.959866 2.68555 1.05092 166.736 1.02443 162.409
148 10.325 0.980712 2.75225 1.05447 170.435 1.02671 166.007
149 10.395 0.954493 2.81805 1.05247 174.177 1.02905 169.662
150 10.465 1.02335 2.88955 1.05709 177.987 1.03112 173.374
151 10.535 0.952596 2.957 1.04716 181.811 1.03316 177.143
152 10.605 0.955393 3.02555 1.05016 185.698 1.03451 180.968
153 10.675 0.924335 3.09275 1.05187 189.642 1.0369 184.852
154 10.745 1.01823 3.16775 1.0493 193.628 1.03736 188.789
155 10.815 0.943443 3.23815 1.04993 197.669 1.03782 192.78
156 10.885 0.921426 3.3078 1.04453 201.742 1.03705 196.819
157 10.955 0.949524 3.3805 1.03985 205.848 1.03805 200.914
158 11.025 0.929767 3.4526 1.04066 210.011 1.03848 205.063
159 11.095 0.959455 3.52795 1.03873 214.218 1.03731 209.261
160 11.165 0.944319 3.60305 1.03282 218.455 1.03538 213.504
161 11.235 0.937556 3.67855 1.03065 222.736 1.03424 217.795
162 11.305 0.99037 3.7593 1.02514 227.047 1.0336 222.138
163 11.375 0.973979 3.8397 1.02733 231.421 1.0317 226.526
164 11.445 0.977657 3.9214 1.01714 235.805 1.03047 230.963
165 11.515 0.929161 4 1.02002 240.256 1.02846 235.446
166 11.585 0.961762 4.08235 1.01149 244.723 1.02694 239.976
167 11.655 0.963514 4.16585 1.01273 249.25 1.02498 244.553
168 11.725 0.955465 4.24965 1.00297 253.787 1.02215 249.173
169 11.795 0.917117 4.33105 1.0045 258.386 1.01918 253.834
170 11.865 0.956989 4.417 1.0009 263.022 1.0179 258.544
171 11.935 0.939744 4.5024 0.996324 267.692 1.01485 263.296
172 12.005 0.942955 4.5891 0.994412 272.408 1.01259 268.093
173 12.075 0.975056 4.6798 0.995885 277.186 1.0103 272.936
174 12.145 0.953221 4.7695 0.987287 281.978 1.00779 277.822
175 12.215 0.954409 4.86035 0.986763 286.823 1.00501 282.752
176 12.285 0.972644 4.954 0.984999 291.715 1.00287 287.727
177 12.355 0.922633 5.04385 0.983091 296.653 1.0007 292.748
178 12.425 0.97014 5.1394 0.981622 301.64 0.9975 297.811
179 12.495 0.952775 5.2343 0.981866 306.684 0.995413 302.919
180 12.565 0.969491 5.33195 0.979503 311.773 0.994139 308.079
181 12.635 0.931777 5.42685 0.979826 316.92 0.993154 313.291
182 12.705 0.99194 5.529 0.978462 322.117 0.990361 318.546
183 12.775 0.977738 5.6308 0.980566 327.383 0.989003 323.852
184 12.845 0.992286 5.73525 0.976695 332.686 0.985974 329.199
185 12.915 0.967932 5.83825 0.980389 338.067 0.985403 334.602
186 12.985 0.94265 5.93965 0.974348 343.473 0.984616 340.06
187 13.055 0.98867 6.04715 0.975415 348.943 0.983788 345.571
188 13.125 1.0373 6.16115 0.977365 354.483 0.983452 351.14
189 13.195 1.07313 6.28035 0.971225 360.048 0.982693 356.765
190 13.265 1.02086 6.39495 0.97727 365.706 0.981671 362.443
191 13.335 1.00929 6.50945 0.9778 371.428 0.982085 368.184
192 13.405 1.08164 6.63345 0.977267 377.206 0.98147 373.981
193 13.475 1.03979 6.7539 0.980065 383.062 0.981274 379.838
194 13.545 1.0688 6.879 0.98428 389.005 0.980887 385.754
195 13.615 1.07306 7.0059 0.983846 395.006 0.981914 391.737
196 13.685 1.037 7.1298 0.981721 401.056 0.982332 397.785
197 13.755 1.06955 7.2589 0.982922 407.175 0.982864 403.898
198 13.825 1.05629 7.3877 0.987053 413.383 0.9838 410.079
199 13.895 1.0818 7.52095 0.991216 419.681 0.984834 416.329
200 13.965 1.11559 7.65975 0.988947 426.027 0.985392 422.647
4600000 200
1 0.035 0 0 0 0 0 0
2 0.105 0 0 0 0 0 0
3 0.175 0 0 0 0 0 0
4 0.245 0 0 0 0 0 0
5 0.315 0 0 0 0 0 0
6 0.385 0 0 0 0 0 0
7 0.455 0 0 0 0 0 0
8 0.525 0 0 0 0 0 0
9 0.595 0 0 0 0 0 0
10 0.665 0 0 0 0 0 0
11 0.735 0 0 0 0 0 0
12 0.805 0 0 0 0 0 0
13 0.875 0 0 0 0 0 0
14 0.945 0 0 0 0 0 0
15 1.015 0 0 0 0 0 0
16 1.085 0 0 0 0 0 0
17 1.155 0 0 0 0 0 0
18 1.225 0 0 0 0 0 0
19 1.295 0 0 0 0 0 0
20 1.365 0 0 0 0 0 0
21 1.435 0 0 0 0 0 0
22 1.505 0 0 0 0 0 0
23 1.575 0 0 0 0 0 0
24 1.645 0 0 0 0 0 0
25 1.715 0 0 0 0 0 0
26 1.785 0 0 0 0 0 0
27 1.855 0 0 0 0 0 0
28 1.925 0 0 0 0 0 0
29 1.995 0 0 0 0 0 0
30 2.065 0 0 0 0 0 0
31 2.135 0 0 0 0 0 0
32 2.205 0 0 0 0 0 0
33 2.275 0 0 0 0 0 0
34 2.345 0 0 0 0 0 0
35 2.415 0 0 0 0 0 0
36 2.485 0 0 0 0 0 0
37 2.555 0 0 0 0 0 0
38 2.625 0 0 0 0 0 0
39 2.695 0 0 0 0 0 0
40 2.765 0 0 0 0 0 0
41 2.835 0 0 0 0 0 0
42 2.905 0 0 0 0 0 0
43 2.975 0 0 0 0 7.0142e-06 2.04082e-06
44 3.045 0 0 0.000491612 0.00015 0.000217602 6.83673e-05
45 3.115 0 0 0.00313178 0.00115 0.00185219 0.000659184
46 3.185 0 0 0.0128812 0.00545 0.0101282 0.00403673
47 3.255 0.0739689 0.0005 0.0458192 0.021425 0.0331467 0.0155816
48 3.325 0.148863 0.00155 0.113315 0.06265 0.0840133 0.0461153
49 3.395 0.278777 0.0036 0.221401 0.146625 0.165252 0.10873
50 3.465 0.404705 0.0067 0.366625 0.291475 0.272277 0.216194
51 3.535 0.564439 0.0112 0.498585 0.4965 0.39369 0.377919
52 3.605 0.717613 0.01715 0.665306 0.781025 0.513285 0.597207
53 3.675 0.84141 0.0244 0.781902 1.12853 0.614563 0.870058
54 3.745 0.994652 0.0333 0.849095 1.5204 0.690171 1.18826
55 3.815 0.89387 0.0416 0.914217 1.95825 0.73411 1.53949
56 3.885 1.01772 0.0514 0.952391 2.43128 0.753244 1.91323
57 3.955 1.16239 0.063 0.968372 2.92973 0.756026 2.30198
58 4.025 1.13682 0.07475 0.994868 3.4601 0.751771 2.70235
59 4.095 0.976777 0.0852 1.01366 4.01945 0.748915 3.11519
60 4.165 1.20174 0.0985 1.03277 4.609 0.757814 3.54734
61 4.235 1.00503 0.11 1.04445 5.22542 0.774751 4.00412
62 4.305 1.14599 0.12355 1.0527 5.86743 0.798488 4.49059
63 4.375 1.06048 0.1365 1.07914 6.54713 0.821577 5.00754
64 4.445 1.11461 0.15055 1.1004 7.26257 0.846276 5.5572
65 4.515 1.06109 0.16435 1.10471 8.00363 0.870185 6.14033
66 4.585 1.00657 0.17785 1.1214 8.77937 0.893075 6.7575
67 4.655 0.998227 0.19165 1.1286 9.58412 0.920068 7.41289
68 4.725 1.15492 0.2081 1.13947 10.4212 0.950833 8.11072
69 4.795 1.08395 0.224 1.16483 11.3025 0.981963 8.8529
70 4.865 1.00994 0.23925 1.18173 12.2229 1.01269 9.64082
71 4.935 0.878514 0.2529 1.20337 13.1873 1.03841 10.4722
72 5.005 1.00429 0.26895 1.20167 14.1779 1.05934 11.3445
73 5.075 1.05589 0.2863 1.20524 15.1993 1.07655 12.256
74 5.145 0.985903 0.30295 1.20229 16.2466 1.08606 13.2011
75 5.215 1.1037 0.3221 1.19235 17.3137 1.08954 14.1751
76 5.285 1.03818 0.3406 1.19517 18.4122 1.09214 15.1779
77 5.355 1.06588 0.3601 1.19242 19.5374 1.09678 16.2118
78 5.425 1.10246 0.3808 1.18955 20.6894 1.10701 17.2828
79 5.495 1.03821 0.4008 1.19403 21.8758 1.11915 18.3937
80 5.565 1.02997 0.42115 1.20662 23.1055 1.1299 19.5439
81 5.635 0.967521 0.44075 1.18628 24.345 1.14152 20.7355
82 5.705 1.14138 0.46445 1.1785 25.6072 1.15432 21.9705
83 5.775 1.05748 0.48695 1.18272 26.9052 1.16169 23.2441
84 5.845 1.00936 0.50895 1.17925 28.2309 1.1674 24.5552
85 5.915 1.01473 0.5316 1.16744 29.575 1.17274 25.904
86 5.985 1.04146 0.5554 1.16695 30.9504 1.17159 27.2835
87 6.055 0.994002 0.57865 1.15167 32.3399 1.16862 28.692
88 6.125 0.969323 0.60185 1.13212 33.7375 1.16322 30.1265
89 6.195 0.961837 0.6254 1.12671 35.1604 1.15973 31.5896
90 6.265 0.974408 0.6498 1.11304 36.5979 1.14993 33.0733
91 6.335 0.96471 0.6745 1.09668 38.0462 1.13939 34.5765
92 6.405 0.869233 0.69725 1.07558 39.4982 1.12707 36.0964
93 6.475 0.882319 0.72085 1.06682 40.97 1.11639 37.635
94 6.545 0.889161 0.74515 1.05818 42.4616 1.10594 39.1924
95 6.615 0.868652 0.7694 1.04132 43.9611 1.09498 40.7675
96 6.685 0.829511 0.79305 1.02267 45.4649 1.08801 42.3658
97 6.755 0.893133 0.81905 1.01794 46.9934 1.07748 43.982
98 6.825 0.822749 0.8435 1.00265 48.5303 1.07045 45.6211
99 6.895 0.921525 0.87145 0.991196 50.0809 1.06189 47.2806
100 6.965 0.864322 0.8982 0.987034 51.6565 1.05583 48.9644
101 7.035 0.840873 0.92475 0.971849 53.2392 1.04749 50.6685
102 7.105 0.821281 0.9512 0.962817 54.8386 1.03565 52.3871
103 7.175 0.811423 0.97785 0.953892 56.4545 1.02761 54.1262
104 7.245 0.876447 1.0072 0.952019 58.0989 1.01644 55.88
105 7.315 0.890511 1.0376 0.943527 59.7602 1.00693 57.6512
106 7.385 0.801858 1.0655 0.932356 61.4335 0.995572 59.4361
107 7.455 0.830586 1.09495 0.926221 63.1274 0.986442 61.2383
108 7.525 0.834582 1.1251 0.922821 64.8469 0.975994 63.055
109 7.595 0.832855 1.15575 0.915767 66.5852 0.967722 64.89
110 7.665 0.909755 1.18985 0.908195 68.341 0.959365 66.7429
111 7.735 0.833108 1.22165 0.908936 70.1305 0.9522 68.6157
112 7.805 0.890277 1.25625 0.901784 71.9382 0.94552 70.5091
113 7.875 0.835343 1.2893 0.901137 73.7772 0.939745 72.4249
114 7.945 0.869111 1.3243 0.902744 75.6523 0.934429 74.3638
115 8.015 0.918656 1.36195 0.902041 77.5591 0.931881 76.3317
116 8.085 0.9232 1.40045 0.894962 79.4842 0.929229 78.3285
117 8.155 0.925096 1.4397 0.898182 81.4497 0.927063 80.3552
118 8.225 0.890881 1.47815 0.905981 83.4666 0.925889 82.4142
119 8.295 0.995506 1.52185 0.917574 85.5441 0.925197 84.5069
120 8.365 1.01252 1.56705 0.914442 87.6497 0.925119 86.6348
121 8.435 0.992475 1.6121 0.923567 89.812 0.92505 88.7984
122 8.505 1.01088 1.65875 0.930861 92.0277 0.926866 91.0023
123 8.575 0.985913 1.705 0.935181 94.2904 0.927808 93.245
124 8.645 1.04237 1.7547 0.937979 96.5972 0.928963 95.5272
125 8.715 0.988544 1.8026 0.944318 98.9573 0.932111 97.8544
126 8.785 1.04698 1.85415 0.954757 101.382 0.933899 100.224
127 8.855 1.0345 1.9059 0.960786 103.861 0.937293 102.64
128 8.925 1.11082 1.96235 0.97061 106.405 0.941694 105.105
129 8.995 1.06551 2.01735 0.977046 109.006 0.945994 107.622
130 9.065 1.12541 2.07635 0.980441 111.658 0.950162 110.188
131 9.135 1.13359 2.1367 0.986113 114.365 0.955 112.808
132 9.205 1.08589 2.1954 0.996959 117.145 0.960534 115.483
133 9.275 1.08596 2.255 0.99986 119.976 0.964878 118.212
134 9.345 1.11462 2.3171 1.01008 122.878 0.970835 120.999
135 9.415 1.08131 2.37825 1.01197 125.83 0.977013 123.846
136 9.485 1.11332 2.44215 1.01974 128.849 0.980239 126.745
137 9.555 1.12197 2.5075 1.02497 131.928 0.985485 129.702
138 9.625 1.0744 2.571 1.02885 135.064 0.990616 132.719
139 9.695 1.08563 2.6361 1.03475 138.265 0.995355 135.795
140 9.765 1.02245 2.6983 1.03192 141.503 1.00061 138.931
141 9.835 1.14326 2.76885 1.03701 144.804 1.00392 142.123
142 9.905 1.02331 2.8329 1.04174 148.167 1.00747 145.372
143 9.975 1.08382 2.9017 1.04122 151.576 1.01192 148.682
144 10.045 1.05168 2.9694 1.05199 155.069 1.01525 152.05
145 10.115 1.07701 3.0397 1.05354 158.616 1.01925 155.478
146 10.185 1.04715 3.109 1.05195 162.207 1.02326 158.967
147 10.255 1.03737 3.1786 1.057 165.864 1.02493 162.51
148 10.325 1.04467 3.24965 1.05131 169.552 1.02864 166.115
149 10.395 1.0836 3.32435 1.04765 173.277 1.0305 169.776
150 10.465 1.07058 3.39915 1.05664 177.085 1.03229 173.492
151 10.535 1.04651 3.47325 1.05493 180.938 1.03495 177.268
152 10.605 0.999992 3.545 1.04771 184.816 1.0351 181.095
153 10.675 0.991735 3.6171 1.04763 188.744 1.03655 184.977
154 10.745 1.02773 3.6928 1.04453 192.712 1.03674 188.912
155 10.815 1.01112 3.76825 1.04808 196.746 1.03739 192.901
156 10.885 1.02461 3.8457 1.04417 200.817 1.03816 196.944
157 10.955 1.05597 3.92655 1.03739 204.914 1.03578 201.031
158 11.025 0.992955 4.00355 1.04059 209.076 1.03628 205.171
159 11.095 0.992562 4.0815 1.03884 213.284 1.03527 209.361
160 11.165 0.995244 4.16065 1.03131 217.515 1.03375 213.597
161 11.235 0.98909 4.2403 1.03336 221.807 1.03351 217.885
162 11.305 1.00815 4.3225 1.02532 226.119 1.03104 222.217
163 11.375 0.981247 4.4035 1.02342 230.476 1.03005 226.598
164 11.445 0.99082 4.4863 1.02408 234.89 1.02799 231.024
165 11.515 0.998316 4.57075 1.01779 239.331 1.02686 235.5
166 11.585 0.97169 4.65395 1.01562 243.816 1.02419 240.019
167 11.655 0.977361 4.73865 1.01487 248.353 1.0227 244.585
168 11.725 0.964586 4.82325 1.00628 252.905 1.02039 249.197
169 11.795 0.957114 4.9082 1.00605 257.511 1.01805 253.853
170 11.865 0.988164 4.99695 1.00765 262.179 1.01563 258.553
171 11.935 0.947446 5.08305 1.00276 266.879 1.01286 263.295
172 12.005 0.905433 5.1663 1.00215 271.631 1.01077 268.084
173 12.075 0.939042 5.25365 0.992363 276.393 1.00803 272.915
174 12.145 0.947908 5.34285 0.99234 281.209 1.00536 277.79
175 12.215 0.950207 5.4333 0.985974 286.05 1.00363 282.713
176 12.285 0.944083 5.5242 0.989942 290.966 1.0009 287.678
177 12.355 0.948305 5.61655 0.984938 295.914 0.998635 292.689
178 12.425 0.950341 5.71015 0.981957 300.902 0.996814 297.748
179 12.495 0.950265 5.8048 0.98117 305.943 0.994441 302.852
180 12.565 0.944174 5.8999 0.978825 311.028 0.992702 308.004
181 12.635 0.949942 5.99665 0.976028 316.155 0.990556 313.202
182 12.705 0.951156 6.0946 0.974984 321.334 0.988733 318.448
183 12.775 0.919631 6.19035 0.975706 326.574 0.987587 323.747
184 12.845 0.955235 6.2909 0.976727 331.877 0.985521 329.092
185 12.915 0.970751 6.3942 0.977514 337.242 0.984992 334.493
186 12.985 0.984484 6.5001 0.97479 342.65 0.98419 339.948
187 13.055 0.971655 6.60575 0.975317 348.12 0.98315 345.456
188 13.125 1.01227 6.717 0.976205 353.654 0.982213 351.018
189 13.195 1.01417 6.82965 0.975235 359.241 0.981073 356.633
190 13.265 0.966522 6.93815 0.974619 364.884 0.981831 362.312
191 13.335 0.98549 7.04995 0.975185 370.591 0.980912 368.046
192 13.405 1.00881 7.1656 0.978248 376.375 0.982397 373.849
193 13.475 1.01864 7.2836 0.976872 382.212 0.98136 379.707
194 13.545 0.976101 7.39785 0.980756 388.133 0.981939 385.629
195 13.615 1.01767 7.5182 0.980792 394.115 0.982652 391.616
196 13.685 1.03323 7.64165 0.984463 400.182 0.982165 397.663
197 13.755 1.01446 7.7641 0.985737 406.319 0.983545 403.78
198 13.825 1.0038 7.8865 0.983614 412.506 0.983968 409.962
199 13.895 1.04121 8.01475 0.98926 418.791 0.985129 416.215
200 13.965 1.04928 8.1453 0.98682 425.123 0.985906 422.535
4800000 200
1 0.035 0 0 0 0 0 0
2 0.105 0 0 0 0 0 0
3 0.175 0 0 0 0 0 0
4 0.245 0 0 0 0 0 0
5 0.315 0 0 0 0 0 0
6 0.385 0 0 0 0 0 0
7 0.455 0 0 0 0 0 0
8 0.525 0 0 0 0 0 0
9 0.595 0 0 0 0 0 0
10 0.665 0 0 0 0 0 0
11 0.735 0 0 0 0 0 0
12 0.805 0 0 0 0 0 0
13 0.875 0 0 0 0 0 0
14 0.945 0 0 0 0 0 0
15 1.015 0 0 0 0 0 0
16 1.085 0 0 0 0 0 0
17 1.155 0 0 0 0 0 0
18 1.225 0 0 0 0 0 0
19 1.295 0 0 0 0 0 0
20 1.365 0 0 0 0 0 0
21 1.435 0 0 0 0 0 0
22 1.505 0 0 0 0 0 0
23 1.575 0 0 0 0 0 0
24 1.645 0 0 0 0 0 0
25 1.715 0 0 0 0 0 0
26 1.785 0 0 0 0 0 0
27 1.855 0 0 0 0 0 0
28 1.925 0 0 0 0 0 0
29 1.995 0 0 0 0 0 0
30 2.065 0 0 0 0 0 0
31 2.135 0 0 0 0 0 0
32 2.205 0 0 0 0 0 0
33 2.275 0 0 0 0 0 0
34 2.345 0 0 0 0 0 0
35 2.415 0 0 0 0 0 0
36 2.485 0 0 0 0 0 0
37 2.555 0 0 0 0 0 0
38 2.625 0 0 0 0 0 0
39 2.695 0 0 0 0 0 0
40 2.765 0 0 0 0 0 0
41 2.835 0 0 0 0 0 0
42 2.905 0 0 0 0 0 0
43 2.975 0 0 0 0 1.05213e-05 3.06122e-06
44 3.045 0 0 0.000327741 0.0001 0.000204211 6.53061e-05
45 3.115 0 0 0.00266201 0.00095 0.00193857 0.000683673
46 3.185 0.0154512 0.0001 0.0133306 0.0054 0.0102415 0.00409898
47 3.255 0.0739689 0.0006 0.0486157 0.02235 0.0339113 0.0159102
48 3.325 0.127597 0.0015 0.110085 0.0624 0.0851813 0.0468684
49 3.395 0.407966 0.0045 0.216458 0.1445 0.167372 0.110286
50 3.465 0.489562 0.00825 0.363335 0.28805 0.275062 0.218849
51 3.535 0.809029 0.0147 0.504056 0.495325 0.396588 0.381765
52 3.605 0.946767 0.02255 0.647476 0.772225 0.515232 0.601885
53 3.675 1.18378 0.03275 0.758332 1.10925 0.61488 0.874877
54 3.745 1.18464 0.04335 0.862583 1.50735 0.687437 1.19182
55 3.815 1.31927 0.0556 0.921733 1.9488 0.730938 1.54153
56 3.885 1.33966 0.0685 0.954958 2.4231 0.747979 1.91265
57 3.955 1.35779 0.08205 0.968372 2.92155 0.750295 2.29846
58 4.025 1.54801 0.09805 0.990413 3.44955 0.745998 2.69575
59 4.095 1.45816 0.11365 1.00147 4.00217 0.745826 3.10689
60 4.165 1.45925 0.1298 1.01828 4.58345 0.753597 3.53664
61 4.235 1.45074 0.1464 1.04793 5.20192 0.771389 3.99144
62 4.305 1.59424 0.16525 1.06438 5.85105 0.794402 4.47542
63 4.375 1.37166 0.182 1.05389 6.51485 0.81955 4.99109
64 4.445 1.32483 0.1987 1.09529 7.22698 0.844799 5.53979
65 4.515 1.3725 0.21655 1.08719 7.95627 0.867994 6.12146
66 4.585 1.31973 0.23425 1.10954 8.72383 0.894516 6.73962
67 4.655 1.17545 0.2505 1.12197 9.52385 0.920118 7.39505
68 4.725 1.40065 0.27045 1.13685 10.3591 0.949418 8.09184
69 4.795 1.30551 0.2896 1.1721 11.2458 0.983013 8.83481
70 4.865 1.13245 0.3067 1.18526 12.169 1.01409 9.62382
71 4.935 1.21962 0.32565 1.20088 13.1314 1.04091 10.4572
72 5.005 1.1701 0.34435 1.21308 14.1313 1.06358 11.333
73 5.075 1.12588 0.36285 1.21618 15.1621 1.07791 12.2456
74 5.145 1.13098 0.38195 1.20596 16.2126 1.08376 13.1887
75 5.215 1.16133 0.4021 1.19383 17.281 1.08831 14.1616
76 5.285 1.15042 0.4226 1.19367 18.3781 1.09306 15.1653
77 5.355 1.07134 0.4422 1.19677 19.5074 1.09924 16.2015
78 5.425 0.95866 0.4602 1.1911 20.6609 1.10961 17.275
79 5.495 1.08493 0.4811 1.18789 21.8412 1.12072 18.3874
80 5.565 1.05781 0.502 1.1828 23.0466 1.13403 19.5419
81 5.635 1.06872 0.52365 1.1837 24.2834 1.14704 20.7392
82 5.705 0.977635 0.54395 1.18531 25.5529 1.15464 21.9746
83 5.775 1.11153 0.5676 1.1804 26.8483 1.16352 23.2502
84 5.845 1.00707 0.58955 1.17426 28.1684 1.16945 24.5635
85 5.915 0.987851 0.6116 1.16175 29.5059 1.16997 25.9092
86 5.985 0.99551 0.63435 1.15393 30.8661 1.1707 27.2877
87 6.055 1.02393 0.6583 1.15183 32.2557 1.17089 28.6988
88 6.125 0.929631 0.68055 1.12811 33.6484 1.16392 30.1342
89 6.195 0.996552 0.70495 1.1179 35.0601 1.15911 31.5966
90 6.265 1.02832 0.7307 1.1058 36.4884 1.14786 33.0776
91 6.335 0.960805 0.7553 1.09721 37.9373 1.13787 34.5787
92 6.405 0.94947 0.78015 1.0816 39.3974 1.1276 36.0994
93 6.475 0.921575 0.8048 1.05861 40.8579 1.11634 37.6379
94 6.545 0.911116 0.8297 1.04506 42.331 1.10838 39.1987
95 6.615 0.902681 0.8549 1.03455 43.8207 1.09644 40.7759
96 6.685 0.911936 0.8809 1.02579 45.3292 1.08739 42.3734
97 6.755 0.903439 0.9072 1.00763 46.8422 1.07747 43.9895
98 6.825 0.864812 0.9329 1.00434 48.3816 1.07115 45.6297
99 6.895 0.895149 0.96005 0.992379 49.9341 1.06253 47.2902
100 6.965 0.875631 0.98715 0.984231 51.5052 1.05529 48.9731
101 7.035 0.798117 1.01235 0.966092 53.0786 1.04691 50.6763
102 7.105 0.782468 1.03755 0.964277 54.6804 1.03856 52.3998
103 7.175 0.773364 1.06295 0.948269 56.2868 1.02768 54.1389
104 7.245 0.867488 1.092 0.943465 57.9164 1.01691 55.8936
105 7.315 0.793844 1.1191 0.940446 59.5723 1.00653 57.664
106 7.385 0.804732 1.1471 0.923218 61.2292 0.996 59.4497
107 7.455 0.815074 1.176 0.925578 62.9219 0.98627 61.2516
108 7.525 0.859494 1.20705 0.920339 64.6368 0.978129 63.0723
109 7.595 0.775792 1.2356 0.919613 66.3824 0.966734 64.9054
110 7.665 0.849728 1.26745 0.90332 68.1288 0.959024 66.7576
111 7.735 0.771542 1.2969 0.903526 69.9076 0.951683 68.6294
112 7.805 0.813085 1.3285 0.90065 71.7131 0.946263 70.5243
113 7.875 0.807541 1.36045 0.902963 73.5557 0.939902 72.4404
114 7.945 0.826897 1.39375 0.902552 75.4304 0.935396 74.3814
115 8.015 0.811296 1.427 0.899853 77.3327 0.933237 76.3521
116 8.085 0.792513 1.46005 0.902156 79.2732 0.930928 78.3525
117 8.155 0.839068 1.49565 0.906487 81.2569 0.929659 80.3849
118 8.225 0.874662 1.5334 0.902432 83.2658 0.926551 82.4454
119 8.295 0.854267 1.5709 0.913412 85.334 0.927448 84.5432
120 8.365 0.927392 1.6123 0.918069 87.4479 0.927387 86.6763
121 8.435 0.853683 1.65105 0.928564 89.6219 0.927331 88.8452
122 8.505 0.969705 1.6958 0.933519 91.8439 0.927886 91.0516
123 8.575 0.879328 1.73705 0.938725 94.1152 0.929664 93.2987
124 8.645 0.937503 1.78175 0.942645 96.4335 0.930522 95.5848
125 8.715 0.90393 1.82555 0.946949 98.8001 0.933413 97.9153
126 8.785 0.941372 1.8719 0.955042 101.226 0.935978 100.29
127 8.855 0.928547 1.91835 0.963102 103.711 0.939713 102.712
128 8.925 0.994718 1.9689 0.968893 106.25 0.942553 105.18
129 8.995 0.980265 2.0195 0.984352 108.871 0.947313 107.7
130 9.065 0.922266 2.06785 0.985674 111.536 0.950858 110.268
131 9.135 1.0021 2.1212 0.984474 114.24 0.956445 112.892
132 9.205 1.02577 2.17665 1.00182 117.033 0.961698 115.571
133 9.275 1.04314 2.2339 1.00441 119.876 0.96561 118.301
134 9.345 0.969239 2.2879 1.00825 122.773 0.970382 121.087
135 9.415 1.00351 2.34465 1.01287 125.728 0.975143 123.928
136 9.485 0.98788 2.40135 1.02068 128.75 0.980675 126.829
137 9.555 1.0078 2.46005 1.02382 131.825 0.984783 129.784
138 9.625 1.06679 2.5231 1.03138 134.969 0.990372 132.8
139 9.695 1.06061 2.5867 1.03184 138.161 0.993749 135.871
140 9.765 1.01094 2.6482 1.03755 141.416 0.998566 139.001
141 9.835 0.980398 2.7087 1.04397 144.739 1.0043 142.194
142 9.905 0.989756 2.77065 1.04365 148.109 1.00673 145.441
143 9.975 1.02632 2.8358 1.04918 151.544 1.01127 148.749
144 10.045 0.982554 2.89905 1.04696 155.02 1.0146 152.114
145 10.115 0.991216 2.96375 1.04886 158.551 1.01813 155.538
146 10.185 1.03052 3.03195 1.04811 162.129 1.02063 159.018
147 10.255 1.0098 3.0997 1.04912 165.76 1.02391 162.558
148 10.325 0.964539 3.1653 1.05174 169.449 1.02731 166.158
149 10.395 0.994385 3.23385 1.04959 173.181 1.0285 169.812
150 10.465 1.00116 3.3038 1.04726 176.955 1.03219 173.528
151 10.535 1.00061 3.37465 1.05482 180.807 1.03376 177.299
152 10.605 0.970724 3.4443 1.0508 184.696 1.03368 181.121
153 10.675 1.01374 3.518 1.04791 188.626 1.0347 184.997
154 10.745 0.990395 3.59095 1.04462 192.594 1.03572 188.928
155 10.815 1.02117 3.66715 1.04584 196.62 1.03758 192.917
156 10.885 1.00411 3.74305 1.04506 200.694 1.03566 196.951
157 10.955 0.958013 3.8164 1.04224 204.81 1.03638 201.039
158 11.025 0.955558 3.8905 1.04201 208.978 1.03616 205.179
159 11.095 0.991289 3.96835 1.04197 213.199 1.03472 209.367
160 11.165 0.954378 4.04425 1.03465 217.443 1.03468 213.606
161 11.235 0.979156 4.1231 1.03079 221.724 1.03368 217.896
162 11.305 1.02165 4.2064 1.02577 226.038 1.03216 222.232
163 11.375 1.00911 4.2897 1.02196 230.389 1.03043 226.615
164 11.445 1.02074 4.375 1.02011 234.786 1.028 231.041
165 11.515 0.952804 4.4556 1.01607 239.22 1.02656 235.516
166 11.585 0.996215 4.5409 1.01577 243.706 1.02444 240.035
167 11.655 0.943898 4.6227 1.00776 248.21 1.0212 244.595
168 11.725 0.944633 4.70555 1.00499 252.757 1.01906 249.201
169 11.795 0.940777 4.78905 1.00286 257.348 1.01693 253.851
170 11.865 0.945854 4.874 1.00392 261.998 1.01633 258.555
171 11.935 0.986511 4.96365 0.996063 266.667 1.01241 263.295
172 12.005 0.934254 5.04955 0.995783 271.389 1.01025 268.081
173 12.075 0.970755 5.13985 0.995562 276.166 1.00759 272.911
174 12.145 0.970224 5.23115 0.989502 280.969 1.00529 277.785
175 12.215 0.951257 5.3217 0.989192 285.826 1.00298 282.705
176 12.285 0.943563 5.41255 0.988105 290.733 1.00158 287.674
177 12.355 0.925714 5.5027 0.983415 295.672 0.999389 292.688
178 12.425 1.01177 5.60235 0.984924 300.676 0.997324 297.75
179 12.495 0.968838 5.69885 0.980815 305.715 0.995435 302.858
180 12.565 0.961548 5.7957 0.984113 310.827 0.992495 308.009
181 12.635 0.967124 5.8942 0.982895 315.991 0.992856 313.22
182 12.705 1.02447 5.9997 0.980472 321.199 0.989699 318.471
183 12.775 0.967653 6.10045 0.975846 326.439 0.988955 323.777
184 12.845 0.973761 6.20295 0.978473 331.752 0.987407 329.132
185 12.915 0.977799 6.307 0.981837 337.141 0.986147 334.539
186 12.985 0.990062 6.4135 0.9783 342.568 0.985052 339.999
187 13.055 0.972115 6.5192 0.97821 348.055 0.983739 345.511
188 13.125 0.951765 6.6238 0.977047 353.593 0.983031 351.077
189 13.195 0.9624 6.7307 0.976439 359.187 0.982157 356.699
190 13.265 0.955387 6.83795 0.98031 364.863 0.982273 362.38
191 13.335 1.00268 6.9517 0.983384 370.618 0.982457 368.123
192 13.405 0.952981 7.06095 0.979427 376.409 0.982678 373.928
193 13.475 0.960803 7.17225 0.981328 382.272 0.981877 379.789
194 13.545 1.02266 7.29195 0.988136 388.238 0.982284 385.713
195 13.615 1.00118 7.41035 0.987473 394.261 0.983021 391.703
196 13.685 0.971716 7.52645 0.985518 400.335 0.983965 397.76
197 13.755 0.963508 7.64275 0.989375 406.494 0.984987 403.886
198 13.825 0.971818 7.76125 0.991719 412.732 0.985356 410.077
199 13.895 1.02091 7.887 0.987163 419.003 0.985826 416.334
200 13.965 1.01191 8.0129 0.996754 425.4 0.987435 422.664
5000000 200
1 0.035 0 0 0 0 0 0
2 0.105 0 0 0 0 0 0
3 0.175 0 0 0 0 0 0
4 0.245 0 0 0 0 0 0
5 0.315 0 0 0 0 0 0
6 0.385 0 0 0 0 0 0
7 0.455 0 0 0 0 0 0
8 0.525 0 0 0 0 0 0
9 0.595 0 0 0 0 0 0
10 0.665 0 0 0 0 0 0
11 0.735 0 0 0 0 0 0
12 0.805 0 0 0 0 0 0
13 0.875 0 0 0 0 0 0
14 0.945 0 0 0 0 0 0
15 1.015 0 0 0 0 0 0
16 1.085 0 0 0 0 0 0
17 1.155 0 0 0 0 0 0
18 1.225 0 0 0 0 0 0
19 1.295 0 0 0 0 0 0
20 1.365 0 0 0 0 0 0
21 1.435 0 0 0 0 0 0
22 1.505 0 0 0 0 0 0
23 1.575 0 0 0 0 0 0
24 1.645 0 0 0 0 0 0
25 1.715 0 0 0 0 0 0
26 1.785 0 0 0 0 0 0
27 1.855 0 0 0 0 0 0
28 1.925 0 0 0 0 0 0
29 1.995 0 0 0 0 0 0
30 2.065 0 0 0 0 0 0
31 2.135 0 0 0 0 0 0
32 2.205 0 0 0 0 0 0
33 2.275 0 0 0 0 0 0
34 2.345 0 0 0 0 0 0
35 2.415 0 0 0 0 0 0
36 2.485 0 0 0 0 0 0
37 2.555 0 0 0 0 0 0
38 2.625 0 0 0 0 0 0
39 2.695 0 0 0 0 0 0
40 2.765 0 0 0 0 0 0
41 2.835 0 0 0 0 0 0
42 2.905 0 0 0 0 0 0
43 2.975 0 0 8.58363e-05 2.5e-05 1.40284e-05 4.08163e-06
44 3.045 0 0 0.000327741 0.000125 0.000217602 7.04082e-05
45 3.115 0.00807669 5e-05 0.00305348 0.0011 0.00190338 0.000677551
46 3.185 0 5e-05 0.016476 0.0066 0.00977329 0.00393673
47 3.255 0.0517782 0.0004 0.0475401 0.023175 0.0334719 0.0155949
48 3.325 0.11342 0.0012 0.119912 0.0668 0.0843109 0.0462367
49 3.395 0.251579 0.00305 0.235441 0.1561 0.167509 0.109706
50 3.465 0.332902 0.0056 0.360487 0.298525 0.274689 0.218122
51 3.535 0.507995 0.00965 0.522356 0.513325 0.397244 0.381308
52 3.605 0.723643 0.01565 0.658992 0.79515 0.51671 0.602059
53 3.675 0.754368 0.02215 0.767164 1.1361 0.6157 0.875415
54 3.745 0.877306 0.03 0.850666 1.5287 0.691153 1.19407
55 3.815 0.996181 0.03925 0.905239 1.96225 0.736933 1.54665
56 3.885 1.09561 0.0498 0.956015 2.43707 0.754155 1.92084
57 3.955 0.941935 0.0592 0.966721 2.93467 0.75472 2.30892
58 4.025 1.09328 0.0705 0.99318 3.46415 0.752344 2.70959
59 4.095 1.09362 0.0822 1.00912 4.021 0.750317 3.12321
60 4.165 0.989399 0.09315 1.02292 4.60493 0.758382 3.55568
61 4.235 1.03125 0.10495 1.05242 5.22605 0.775579 4.01295
62 4.305 1.1333 0.11835 1.06586 5.87608 0.793932 4.49664
63 4.375 1.08095 0.13155 1.06969 6.54983 0.819396 5.01222
64 4.445 1.04321 0.1447 1.09206 7.25985 0.844788 5.56091
65 4.515 1.18796 0.16015 1.10203 7.9991 0.867479 6.14223
66 4.585 0.98793 0.1734 1.12458 8.77705 0.89333 6.75958
67 4.655 0.933125 0.1863 1.12614 9.58005 0.918136 7.41359
68 4.725 0.961848 0.2 1.15468 10.4283 0.945931 8.10782
69 4.795 1.00896 0.2148 1.1766 11.3185 0.977398 8.84656
70 4.865 1.08278 0.23115 1.20599 12.2578 1.00959 9.63207
71 4.935 0.971836 0.24625 1.20072 13.2201 1.03512 10.4608
72 5.005 0.922942 0.261 1.22818 14.2325 1.05858 11.3325
73 5.075 0.897657 0.27575 1.22459 15.2704 1.07241 12.2405
74 5.145 0.873398 0.2905 1.20737 16.3221 1.07865 13.1791
75 5.215 0.950969 0.307 1.21163 17.4064 1.08095 14.1455
76 5.285 0.94278 0.3238 1.20442 18.5134 1.08766 15.1441
77 5.355 0.953823 0.34125 1.20805 19.6534 1.09332 16.1748
78 5.425 0.897412 0.3581 1.19533 20.811 1.10505 17.2439
79 5.495 0.905841 0.37555 1.20711 22.0104 1.11628 18.3519
80 5.565 0.842705 0.3922 1.21763 23.2512 1.12816 19.5004
81 5.635 0.816963 0.40875 1.18872 24.4933 1.143 20.6935
82 5.705 0.883725 0.4271 1.19626 25.7745 1.15206 21.9261
83 5.775 0.878881 0.4458 1.20003 27.0915 1.16103 23.199
84 5.845 0.816664 0.4636 1.1875 28.4265 1.16596 24.5084
85 5.915 0.777289 0.48095 1.18703 29.7931 1.17069 25.8548
86 5.985 0.757025 0.49825 1.18014 31.1842 1.17098 27.2337
87 6.055 0.808028 0.51715 1.16304 32.5873 1.16973 28.6435
88 6.125 0.772952 0.53565 1.13568 33.9893 1.1644 30.0795
89 6.195 0.786215 0.5549 1.14298 35.4328 1.15936 31.5421
90 6.265 0.732803 0.57325 1.11795 36.8767 1.15105 33.0273
91 6.335 0.769425 0.59295 1.10116 38.3309 1.14051 34.5319
92 6.405 0.783265 0.61345 1.08073 39.7898 1.13026 36.0561
93 6.475 0.738382 0.6332 1.06854 41.264 1.11697 37.5955
94 6.545 0.704377 0.65245 1.05049 42.7448 1.10835 39.1563
95 6.615 0.748652 0.67335 1.04018 44.2425 1.09941 40.7377
96 6.685 0.733056 0.69425 1.0207 45.7435 1.08788 42.3359
97 6.755 0.66985 0.71375 1.01682 47.2703 1.0812 43.9577
98 6.825 0.711703 0.7349 1.00855 48.8162 1.07372 45.6018
99 6.895 0.731945 0.7571 0.993801 50.3709 1.06683 47.269
100 6.965 0.694689 0.7786 0.983463 51.9408 1.05619 48.9533
101 7.035 0.736358 0.80185 0.974213 53.5274 1.04948 50.6607
102 7.105 0.693974 0.8242 0.967738 55.135 1.04017 52.3868
103 7.175 0.651575 0.8456 0.952195 56.748 1.03066 54.131
104 7.245 0.700262 0.86905 0.946708 58.3832 1.01911 55.8895
105 7.315 0.727934 0.8939 0.944507 60.0463 1.00975 57.6656
106 7.385 0.708452 0.91855 0.930615 61.7164 0.998447 59.4557
107 7.455 0.69662 0.94325 0.925291 63.4086 0.989268 61.263
108 7.525 0.672648 0.96755 0.922888 65.1283 0.980002 63.0872
109 7.595 0.669817 0.9922 0.913409 66.8621 0.970065 64.9267
110 7.665 0.748347 1.02025 0.902906 68.6077 0.960721 66.7822
111 7.735 0.691637 1.04665 0.910726 70.4007 0.953731 68.6579
112 7.805 0.741039 1.07545 0.89944 72.2037 0.946627 70.5536
113 7.875 0.750672 1.10515 0.902338 74.0451 0.941166 72.4723
114 7.945 0.768542 1.1361 0.904489 75.9238 0.935909 74.4143
115 8.015 0.752736 1.16695 0.90126 77.829 0.933316 76.3852
116 8.085 0.78412 1.19965 0.903981 79.7735 0.929089 78.3817
117 8.155 0.808428 1.23395 0.903676 81.7511 0.926145 80.4064
118 8.225 0.792409 1.26815 0.904611 83.7649 0.926474 82.4667
119 8.295 0.842877 1.30515 0.909105 85.8232 0.925306 84.5596
120 8.365 0.844509 1.34285 0.917157 87.935 0.923584 86.684
121 8.435 0.899947 1.3837 0.918815 90.0862 0.923777 88.8446
122 8.505 0.93395 1.4268 0.923163 92.2836 0.924691 91.0434
123 8.575 0.958201 1.47175 0.930005 94.5338 0.925497 93.2805
124 8.645 0.901849 1.51475 0.936343 96.8366 0.928763 95.5622
125 8.715 0.892579 1.558 0.944208 99.1964 0.932377 97.8901
126 8.785 0.925124 1.60355 0.943623 101.593 0.933607 100.259
127 8.855 0.981521 1.65265 0.961106 104.073 0.936127 102.672
128 8.925 0.97996 1.70245 0.959775 106.588 0.94097 105.135
129 8.995 0.959924 1.752 0.964408 109.156 0.943499 107.645
130 9.065 0.997612 1.8043 0.98218 111.812 0.948074 110.206
131 9.135 1.03498 1.8594 0.976863 114.494 0.95275 112.819
132 9.205 0.966572 1.91165 0.99756 117.276 0.958127 115.488
133 9.275 0.974813 1.96515 0.999348 120.105 0.964242 118.215
134 9.345 1.03116 2.0226 1.00588 122.995 0.967853 120.993
135 9.415 0.969026 2.0774 1.00921 125.939 0.973878 123.831
136 9.485 1.03405 2.13675 1.01774 128.952 0.978526 126.725
137 9.555 1.01037 2.1956 1.02688 132.037 0.983857 129.678
138 9.625 1.02872 2.2564 1.03596 135.195 0.98901 132.69
139 9.695 1.0381 2.31865 1.03459 138.395 0.993379 135.759
140 9.765 1.05533 2.38285 1.03284 141.636 0.998634 138.889
141 9.835 1.06547 2.4486 1.04044 144.947 1.0029 142.078
142 9.905 1.01931 2.5124 1.04129 148.309 1.00707 145.326
143 9.975 1.06256 2.57985 1.04596 151.734 1.01081 148.632
144 10.045 1.0276 2.646 1.05261 155.229 1.01484 151.998
145 10.115 1.0525 2.7147 1.05004 158.764 1.01802 155.422
146 10.185 0.978394 2.77945 1.05813 162.376 1.02137 158.905
147 10.255 1.01576 2.8476 1.05494 166.026 1.0254 162.45
148 10.325 0.99174 2.91505 1.05925 169.742 1.02868 166.055
149 10.395 0.976978 2.9824 1.05998 173.511 1.03173 169.72
150 10.465 1.05126 3.05585 1.06231 177.34 1.03329 173.44
151 10.535 1.0677 3.13145 1.05524 181.193 1.03477 177.215
152 10.605 1.00905 3.20385 1.05481 185.097 1.03683 181.048
153 10.675 0.964913 3.274 1.05873 189.067 1.0372 184.934
154 10.745 1.04809 3.3512 1.05088 193.06 1.03978 188.88
155 10.815 1.0138 3.42685 1.05498 197.12 1.03799 192.871
156 10.885 0.996172 3.50215 1.05071 201.217 1.03827 196.915
157 10.955 1.01287 3.5797 1.04484 205.343 1.03906 201.014
158 11.025 0.986507 3.6562 1.04238 209.512 1.03728 205.159
159 11.095 0.998292 3.7346 1.0465 213.751 1.03745 209.357
160 11.165 1.01536 3.81535 1.03839 218.011 1.03665 213.605
161 11.235 0.997162 3.89565 1.03555 222.312 1.03514 217.9
162 11.305 0.993436 3.97665 1.03248 226.654 1.03315 222.24
163 11.375 1.03213 4.06185 1.02446 231.016 1.03206 226.63
164 11.445 1.0321 4.1481 1.02292 235.425 1.02998 231.065
165 11.515 1.01427 4.2339 1.01805 239.867 1.02879 235.549
166 11.585 0.973441 4.31725 1.01659 244.356 1.02622 240.077
167 11.655 1.01082 4.40485 1.0066 248.856 1.02421 244.65
168 11.725 1.0119 4.4936 1.00959 253.423 1.02233 249.27
169 11.795 1.0281 4.58485 1.00677 258.032 1.01938 253.932
170 11.865 1.04328 4.67855 0.997537 262.653 1.01626 258.635
171 11.935 0.972756 4.76695 0.996703 267.325 1.01384 263.383
172 12.005 1.01909 4.86065 0.990627 272.023 1.01097 268.172
173 12.075 1.00462 4.9541 0.991212 276.779 1.00819 273.004
174 12.145 1.02655 5.0507 0.98687 281.568 1.00597 277.882
175 12.215 1.00431 5.1463 0.984161 286.401 1.00365 282.805
176 12.285 1.01523 5.24405 0.98377 291.286 1.00164 287.774
177 12.355 1.02583 5.34395 0.980319 296.21 0.998057 292.782
178 12.425 0.980293 5.4405 0.980712 301.192 0.996998 297.842
179 12.495 0.961308 5.53625 0.97773 306.215 0.993848 302.942
180 12.565 1.01119 5.6381 0.980403 311.309 0.992157 308.092
181 12.635 0.992652 5.7392 0.975676 316.434 0.990407 313.289
182 12.705 1.02884 5.84515 0.969656 321.585 0.988652 318.535
183 12.775 1.00319 5.9496 0.97174 326.803 0.987596 323.833
184 12.845 1.02554 6.05755 0.975567 332.1 0.985955 329.181
185 12.915 0.993775 6.1633 0.973247 337.442 0.985064 334.582
186 12.985 1.00633 6.27155 0.975159 342.852 0.98328 340.032
187 13.055 1.0066 6.381 0.968399 348.283 0.982647 345.537
188 13.125 1.01591 6.49265 0.973528 353.802 0.981494 351.095
189 13.195 1.03172 6.60725 0.97321 359.377 0.981423 356.712
190 13.265 0.991465 6.71855 0.976036 365.029 0.981009 362.387
191 13.335 1.02119 6.8344 0.971865 370.716 0.97997 368.115
192 13.405 1.03236 6.95275 0.977838 376.498 0.980082 373.904
193 13.475 1.01173 7.06995 0.974629 382.321 0.980597 379.757
194 13.545 1.0248 7.1899 0.978052 388.226 0.981102 385.675
195 13.615 0.974546 7.30515 0.979964 394.203 0.981341 391.654
196 13.685 1.01607 7.42655 0.980622 400.246 0.982039 397.7
197 13.755 1.0418 7.5523 0.982637 406.364 0.981567 403.805
198 13.825 1.0362 7.67865 0.986472 412.568 0.982893 409.98
199 13.895 1.01401 7.80355 0.987258 418.841 0.984112 416.226
200 13.965 1.01231 7.9295 0.985632 425.166 0.985417 422.544
