7275
2 5 3.905 0.07185053932 0.5
3 7 3.905 0.059 0.5
4 8 3.905 0.059 0.5
5 9 3.905 0.059 0.5
7 10 3.905 0.059 0.5
8 12 3.905 0.059 0.5
9 13 3.905 0.059 0.5
10 14 3.905 0.059 0.5
12 15 3.905 0.059 0.5
13 17 3.905 0.059 0.5
14 18 3.905 0.059 0.5
15 19 3.905 0.059 0.5
17 20 3.905 0.059 0.5
18 22 3.905 0.059 0.5
19 23 3.905 0.059 0.5
20 24 3.905 0.059 0.5
22 25 3.905 0.059 0.5
23 27 3.905 0.059 0.5
24 28 3.905 0.059 0.5
25 29 3.905 0.059 0.5
27 30 3.905 0.059 0.5
28 32 3.905 0.059 0.5
29 33 3.905 0.059 0.5
30 34 3.905 0.059 0.5
32 35 3.905 0.059 0.5
33 37 3.905 0.059 0.5
34 38 3.905 0.059 0.5
35 39 3.905 0.059 0.5
37 40 3.905 0.059 0.5
38 42 3.905 0.059 0.5
39 43 3.905 0.059 0.5
40 44 3.905 0.059 0.5
42 45 3.905 0.059 0.5
43 47 3.905 0.059 0.5
44 48 3.905 0.059 0.5
45 49 3.905 0.059 0.5
47 50 3.905 0.059 0.5
48 52 3.905 0.059 0.5
49 53 3.905 0.059 0.5
50 54 3.905 0.059 0.5
52 55 3.905 0.059 0.5
53 57 3.905 0.059 0.5
54 58 3.905 0.059 0.5
55 59 3.905 0.059 0.5
57 60 3.905 0.059 0.5
58 62 3.905 0.059 0.5
59 63 3.905 0.059 0.5
60 64 3.905 0.059 0.5
62 65 3.905 0.059 0.5
63 67 3.905 0.059 0.5
64 68 3.905 0.059 0.5
65 69 3.905 0.059 0.5
67 70 3.905 0.059 0.5
68 72 3.905 0.059 0.5
69 73 3.905 0.059 0.5
70 74 3.905 0.059 0.5
72 75 3.905 0.059 0.5
73 77 3.905 0.059 0.5
74 78 3.905 0.059 0.5
75 79 3.905 0.059 0.5
77 80 3.905 0.059 0.5
78 82 3.905 0.059 0.5
79 83 3.905 0.059 0.5
80 84 3.905 0.059 0.5
82 85 3.905 0.059 0.5
83 87 3.905 0.059 0.5
84 88 3.905 0.059 0.5
85 89 3.905 0.059 0.5
87 90 3.905 0.059 0.5
88 92 3.905 0.059 0.5
89 93 3.905 0.059 0.5
90 94 3.905 0.059 0.5
92 95 3.905 0.059 0.5
93 97 3.905 0.059 0.5
94 98 3.905 0.059 0.5
95 99 3.905 0.059 0.5
97 100 3.905 0.059 0.5
98 102 3.905 0.059 0.5
99 103 3.905 0.059 0.5
100 104 3.905 0.059 0.5
102 105 3.905 0.059 0.5
103 107 3.905 0.059 0.5
104 108 3.905 0.059 0.5
105 109 3.905 0.059 0.5
107 110 3.905 0.059 0.5
108 112 3.905 0.059 0.5
109 113 3.905 0.059 0.5
110 114 3.905 0.059 0.5
112 115 3.905 0.059 0.5
113 117 3.905 0.059 0.5
114 118 3.905 0.059 0.5
115 119 3.905 0.059 0.5
117 120 3.905 0.059 0.5
118 122 3.905 0.059 0.5
119 123 3.905 0.059 0.5
120 124 3.905 0.059 0.5
122 125 3.905 0.07185053932 0.5
127 130 3.905 0.07185053932 0.5
128 132 3.905 0.059 0.5
129 133 3.905 0.059 0.5
130 134 3.905 0.059 0.5
132 135 3.905 0.059 0.5
133 137 3.905 0.059 0.5
134 138 3.905 0.059 0.5
135 139 3.905 0.059 0.5
137 140 3.905 0.059 0.5
138 142 3.905 0.059 0.5
139 143 3.905 0.059 0.5
140 144 3.905 0.059 0.5
142 145 3.905 0.059 0.5
143 147 3.905 0.059 0.5
144 148 3.905 0.059 0.5
145 149 3.905 0.059 0.5
147 150 3.905 0.059 0.5
148 152 3.905 0.059 0.5
149 153 3.905 0.059 0.5
150 154 3.905 0.059 0.5
152 155 3.905 0.059 0.5
153 157 3.905 0.059 0.5
154 158 3.905 0.059 0.5
155 159 3.905 0.059 0.5
157 160 3.905 0.059 0.5
158 162 3.905 0.059 0.5
159 163 3.905 0.059 0.5
160 164 3.905 0.059 0.5
162 165 3.905 0.059 0.5
163 167 3.905 0.059 0.5
164 168 3.905 0.059 0.5
165 169 3.905 0.059 0.5
167 170 3.905 0.059 0.5
168 172 3.905 0.059 0.5
169 173 3.905 0.059 0.5
170 174 3.905 0.059 0.5
172 175 3.905 0.059 0.5
173 177 3.905 0.059 0.5
174 178 3.905 0.059 0.5
175 179 3.905 0.059 0.5
177 180 3.905 0.059 0.5
178 182 3.905 0.059 0.5
179 183 3.905 0.059 0.5
180 184 3.905 0.059 0.5
182 185 3.905 0.059 0.5
183 187 3.905 0.059 0.5
184 188 3.905 0.059 0.5
185 189 3.905 0.059 0.5
187 190 3.905 0.059 0.5
188 192 3.905 0.059 0.5
189 193 3.905 0.059 0.5
190 194 3.905 0.059 0.5
192 195 3.905 0.059 0.5
193 197 3.905 0.059 0.5
194 198 3.905 0.059 0.5
195 199 3.905 0.059 0.5
197 200 3.905 0.059 0.5
198 202 3.905 0.059 0.5
199 203 3.905 0.059 0.5
200 204 3.905 0.059 0.5
202 205 3.905 0.059 0.5
203 207 3.905 0.059 0.5
204 208 3.905 0.059 0.5
205 209 3.905 0.059 0.5
207 210 3.905 0.059 0.5
208 212 3.905 0.059 0.5
209 213 3.905 0.059 0.5
210 214 3.905 0.059 0.5
212 215 3.905 0.059 0.5
213 217 3.905 0.059 0.5
214 218 3.905 0.059 0.5
215 219 3.905 0.059 0.5
217 220 3.905 0.059 0.5
218 222 3.905 0.059 0.5
219 223 3.905 0.059 0.5
220 224 3.905 0.059 0.5
222 225 3.905 0.059 0.5
223 227 3.905 0.059 0.5
224 228 3.905 0.059 0.5
225 229 3.905 0.059 0.5
227 230 3.905 0.059 0.5
228 232 3.905 0.059 0.5
229 233 3.905 0.059 0.5
230 234 3.905 0.059 0.5
232 235 3.905 0.059 0.5
233 237 3.905 0.059 0.5
234 238 3.905 0.059 0.5
235 239 3.905 0.059 0.5
237 240 3.905 0.059 0.5
238 242 3.905 0.059 0.5
239 243 3.905 0.059 0.5
240 244 3.905 0.059 0.5
242 245 3.905 0.059 0.5
243 247 3.905 0.059 0.5
244 248 3.905 0.059 0.5
245 249 3.905 0.059 0.5
247 250 3.905 0.07185053932 0.5
252 255 3.905 0.07185053932 0.5
253 257 3.905 0.059 0.5
254 258 3.905 0.059 0.5
255 259 3.905 0.059 0.5
257 260 3.905 0.059 0.5
258 262 3.905 0.059 0.5
259 263 3.905 0.059 0.5
260 264 3.905 0.059 0.5
262 265 3.905 0.059 0.5
263 267 3.905 0.059 0.5
264 268 3.905 0.059 0.5
265 269 3.905 0.059 0.5
267 270 3.905 0.059 0.5
268 272 3.905 0.059 0.5
269 273 3.905 0.059 0.5
270 274 3.905 0.059 0.5
272 275 3.905 0.059 0.5
273 277 3.905 0.059 0.5
274 278 3.905 0.059 0.5
275 279 3.905 0.059 0.5
277 280 3.905 0.059 0.5
278 282 3.905 0.059 0.5
279 283 3.905 0.059 0.5
280 284 3.905 0.059 0.5
282 285 3.905 0.059 0.5
283 287 3.905 0.059 0.5
284 288 3.905 0.059 0.5
285 289 3.905 0.059 0.5
287 290 3.905 0.059 0.5
288 292 3.905 0.059 0.5
289 293 3.905 0.059 0.5
290 294 3.905 0.059 0.5
292 295 3.905 0.059 0.5
293 297 3.905 0.059 0.5
294 298 3.905 0.059 0.5
295 299 3.905 0.059 0.5
297 300 3.905 0.059 0.5
298 302 3.905 0.059 0.5
299 303 3.905 0.059 0.5
300 304 3.905 0.059 0.5
302 305 3.905 0.059 0.5
303 307 3.905 0.059 0.5
304 308 3.905 0.059 0.5
305 309 3.905 0.059 0.5
307 310 3.905 0.059 0.5
308 312 3.905 0.059 0.5
309 313 3.905 0.059 0.5
310 314 3.905 0.059 0.5
312 315 3.905 0.059 0.5
313 317 3.905 0.059 0.5
314 318 3.905 0.059 0.5
315 319 3.905 0.059 0.5
317 320 3.905 0.059 0.5
318 322 3.905 0.059 0.5
319 323 3.905 0.059 0.5
320 324 3.905 0.059 0.5
322 325 3.905 0.059 0.5
323 327 3.905 0.059 0.5
324 328 3.905 0.059 0.5
325 329 3.905 0.059 0.5
327 330 3.905 0.059 0.5
328 332 3.905 0.059 0.5
329 333 3.905 0.059 0.5
330 334 3.905 0.059 0.5
332 335 3.905 0.059 0.5
333 337 3.905 0.059 0.5
334 338 3.905 0.059 0.5
335 339 3.905 0.059 0.5
337 340 3.905 0.059 0.5
338 342 3.905 0.059 0.5
339 343 3.905 0.059 0.5
340 344 3.905 0.059 0.5
342 345 3.905 0.059 0.5
343 347 3.905 0.059 0.5
344 348 3.905 0.059 0.5
345 349 3.905 0.059 0.5
347 350 3.905 0.059 0.5
348 352 3.905 0.059 0.5
349 353 3.905 0.059 0.5
350 354 3.905 0.059 0.5
352 355 3.905 0.059 0.5
353 357 3.905 0.059 0.5
354 358 3.905 0.059 0.5
355 359 3.905 0.059 0.5
357 360 3.905 0.059 0.5
358 362 3.905 0.059 0.5
359 363 3.905 0.059 0.5
360 364 3.905 0.059 0.5
362 365 3.905 0.059 0.5
363 367 3.905 0.059 0.5
364 368 3.905 0.059 0.5
365 369 3.905 0.059 0.5
367 370 3.905 0.059 0.5
368 372 3.905 0.059 0.5
369 373 3.905 0.059 0.5
370 374 3.905 0.059 0.5
372 375 3.905 0.07185053932 0.5
377 380 3.905 0.07185053932 0.5
378 382 3.905 0.059 0.5
379 383 3.905 0.059 0.5
380 384 3.905 0.059 0.5
382 385 3.905 0.059 0.5
383 387 3.905 0.059 0.5
384 388 3.905 0.059 0.5
385 389 3.905 0.059 0.5
387 390 3.905 0.059 0.5
388 392 3.905 0.059 0.5
389 393 3.905 0.059 0.5
390 394 3.905 0.059 0.5
392 395 3.905 0.059 0.5
393 397 3.905 0.059 0.5
394 398 3.905 0.059 0.5
395 399 3.905 0.059 0.5
397 400 3.905 0.059 0.5
398 402 3.905 0.059 0.5
399 403 3.905 0.059 0.5
400 404 3.905 0.059 0.5
402 405 3.905 0.059 0.5
403 407 3.905 0.059 0.5
404 408 3.905 0.059 0.5
405 409 3.905 0.059 0.5
407 410 3.905 0.059 0.5
408 412 3.905 0.059 0.5
409 413 3.905 0.059 0.5
410 414 3.905 0.059 0.5
412 415 3.905 0.059 0.5
413 417 3.905 0.059 0.5
414 418 3.905 0.059 0.5
415 419 3.905 0.059 0.5
417 420 3.905 0.059 0.5
418 422 3.905 0.059 0.5
419 423 3.905 0.059 0.5
420 424 3.905 0.059 0.5
422 425 3.905 0.059 0.5
423 427 3.905 0.059 0.5
424 428 3.905 0.059 0.5
425 429 3.905 0.059 0.5
427 430 3.905 0.059 0.5
428 432 3.905 0.059 0.5
429 433 3.905 0.059 0.5
430 434 3.905 0.059 0.5
432 435 3.905 0.059 0.5
433 437 3.905 0.059 0.5
434 438 3.905 0.059 0.5
435 439 3.905 0.059 0.5
437 440 3.905 0.059 0.5
438 442 3.905 0.059 0.5
439 443 3.905 0.059 0.5
440 444 3.905 0.059 0.5
442 445 3.905 0.059 0.5
443 447 3.905 0.059 0.5
444 448 3.905 0.059 0.5
445 449 3.905 0.059 0.5
447 450 3.905 0.059 0.5
448 452 3.905 0.059 0.5
449 453 3.905 0.059 0.5
450 454 3.905 0.059 0.5
452 455 3.905 0.059 0.5
453 457 3.905 0.059 0.5
454 458 3.905 0.059 0.5
455 459 3.905 0.059 0.5
457 460 3.905 0.059 0.5
458 462 3.905 0.059 0.5
459 463 3.905 0.059 0.5
460 464 3.905 0.059 0.5
462 465 3.905 0.059 0.5
463 467 3.905 0.059 0.5
464 468 3.905 0.059 0.5
465 469 3.905 0.059 0.5
467 470 3.905 0.059 0.5
468 472 3.905 0.059 0.5
469 473 3.905 0.059 0.5
470 474 3.905 0.059 0.5
472 475 3.905 0.059 0.5
473 477 3.905 0.059 0.5
474 478 3.905 0.059 0.5
475 479 3.905 0.059 0.5
477 480 3.905 0.059 0.5
478 482 3.905 0.059 0.5
479 483 3.905 0.059 0.5
480 484 3.905 0.059 0.5
482 485 3.905 0.059 0.5
483 487 3.905 0.059 0.5
484 488 3.905 0.059 0.5
485 489 3.905 0.059 0.5
487 490 3.905 0.059 0.5
488 492 3.905 0.059 0.5
489 493 3.905 0.059 0.5
490 494 3.905 0.059 0.5
492 495 3.905 0.059 0.5
493 497 3.905 0.059 0.5
494 498 3.905 0.059 0.5
495 499 3.905 0.059 0.5
497 500 3.905 0.07185053932 0.5
502 505 3.905 0.07185053932 0.5
503 507 3.905 0.059 0.5
504 508 3.905 0.059 0.5
505 509 3.905 0.059 0.5
507 510 3.905 0.059 0.5
508 512 3.905 0.059 0.5
509 513 3.905 0.059 0.5
510 514 3.905 0.059 0.5
512 515 3.905 0.059 0.5
513 517 3.905 0.059 0.5
514 518 3.905 0.059 0.5
515 519 3.905 0.059 0.5
517 520 3.905 0.059 0.5
518 522 3.905 0.059 0.5
519 523 3.905 0.059 0.5
520 524 3.905 0.059 0.5
522 525 3.905 0.059 0.5
523 527 3.905 0.059 0.5
524 528 3.905 0.059 0.5
525 529 3.905 0.059 0.5
527 530 3.905 0.059 0.5
528 532 3.905 0.059 0.5
529 533 3.905 0.059 0.5
530 534 3.905 0.059 0.5
532 535 3.905 0.059 0.5
533 537 3.905 0.059 0.5
534 538 3.905 0.059 0.5
535 539 3.905 0.059 0.5
537 540 3.905 0.059 0.5
538 542 3.905 0.059 0.5
539 543 3.905 0.059 0.5
540 544 3.905 0.059 0.5
542 545 3.905 0.059 0.5
543 547 3.905 0.059 0.5
544 548 3.905 0.059 0.5
545 549 3.905 0.059 0.5
547 550 3.905 0.059 0.5
548 552 3.905 0.059 0.5
549 553 3.905 0.059 0.5
550 554 3.905 0.059 0.5
552 555 3.905 0.059 0.5
553 557 3.905 0.059 0.5
554 558 3.905 0.059 0.5
555 559 3.905 0.059 0.5
557 560 3.905 0.059 0.5
558 562 3.905 0.059 0.5
559 563 3.905 0.059 0.5
560 564 3.905 0.059 0.5
562 565 3.905 0.059 0.5
563 567 3.905 0.059 0.5
564 568 3.905 0.059 0.5
565 569 3.905 0.059 0.5
567 570 3.905 0.059 0.5
568 572 3.905 0.059 0.5
569 573 3.905 0.059 0.5
570 574 3.905 0.059 0.5
572 575 3.905 0.059 0.5
573 577 3.905 0.059 0.5
574 578 3.905 0.059 0.5
575 579 3.905 0.059 0.5
577 580 3.905 0.059 0.5
578 582 3.905 0.059 0.5
579 583 3.905 0.059 0.5
580 584 3.905 0.059 0.5
582 585 3.905 0.059 0.5
583 587 3.905 0.059 0.5
584 588 3.905 0.059 0.5
585 589 3.905 0.059 0.5
587 590 3.905 0.059 0.5
588 592 3.905 0.059 0.5
589 593 3.905 0.059 0.5
590 594 3.905 0.059 0.5
592 595 3.905 0.059 0.5
593 597 3.905 0.059 0.5
594 598 3.905 0.059 0.5
595 599 3.905 0.059 0.5
597 600 3.905 0.059 0.5
598 602 3.905 0.059 0.5
599 603 3.905 0.059 0.5
600 604 3.905 0.059 0.5
602 605 3.905 0.059 0.5
603 607 3.905 0.059 0.5
604 608 3.905 0.059 0.5
605 609 3.905 0.059 0.5
607 610 3.905 0.059 0.5
608 612 3.905 0.059 0.5
609 613 3.905 0.059 0.5
610 614 3.905 0.059 0.5
612 615 3.905 0.059 0.5
613 617 3.905 0.059 0.5
614 618 3.905 0.059 0.5
615 619 3.905 0.059 0.5
617 620 3.905 0.059 0.5
618 622 3.905 0.059 0.5
619 623 3.905 0.059 0.5
620 624 3.905 0.059 0.5
622 625 3.905 0.07185053932 0.5
627 630 3.905 0.07185053932 0.5
628 632 3.905 0.059 0.5
629 633 3.905 0.059 0.5
630 634 3.905 0.059 0.5
632 635 3.905 0.059 0.5
633 637 3.905 0.059 0.5
634 638 3.905 0.059 0.5
635 639 3.905 0.059 0.5
637 640 3.905 0.059 0.5
638 642 3.905 0.059 0.5
639 643 3.905 0.059 0.5
640 644 3.905 0.059 0.5
642 645 3.905 0.059 0.5
643 647 3.905 0.059 0.5
644 648 3.905 0.059 0.5
645 649 3.905 0.059 0.5
647 650 3.905 0.059 0.5
648 652 3.905 0.059 0.5
649 653 3.905 0.059 0.5
650 654 3.905 0.059 0.5
652 655 3.905 0.059 0.5
653 657 3.905 0.059 0.5
654 658 3.905 0.059 0.5
655 659 3.905 0.059 0.5
657 660 3.905 0.059 0.5
658 662 3.905 0.059 0.5
659 663 3.905 0.059 0.5
660 664 3.905 0.059 0.5
662 665 3.905 0.059 0.5
663 667 3.905 0.059 0.5
664 668 3.905 0.059 0.5
665 669 3.905 0.059 0.5
667 670 3.905 0.059 0.5
668 672 3.905 0.059 0.5
669 673 3.905 0.059 0.5
670 674 3.905 0.059 0.5
672 675 3.905 0.059 0.5
673 677 3.905 0.059 0.5
674 678 3.905 0.059 0.5
675 679 3.905 0.059 0.5
677 680 3.905 0.059 0.5
678 682 3.905 0.059 0.5
679 683 3.905 0.059 0.5
680 684 3.905 0.059 0.5
682 685 3.905 0.059 0.5
683 687 3.905 0.059 0.5
684 688 3.905 0.059 0.5
685 689 3.905 0.059 0.5
687 690 3.905 0.059 0.5
688 692 3.905 0.059 0.5
689 693 3.905 0.059 0.5
690 694 3.905 0.059 0.5
692 695 3.905 0.059 0.5
693 697 3.905 0.059 0.5
694 698 3.905 0.059 0.5
695 699 3.905 0.059 0.5
697 700 3.905 0.059 0.5
698 702 3.905 0.059 0.5
699 703 3.905 0.059 0.5
700 704 3.905 0.059 0.5
702 705 3.905 0.059 0.5
703 707 3.905 0.059 0.5
704 708 3.905 0.059 0.5
705 709 3.905 0.059 0.5
707 710 3.905 0.059 0.5
708 712 3.905 0.059 0.5
709 713 3.905 0.059 0.5
710 714 3.905 0.059 0.5
712 715 3.905 0.059 0.5
713 717 3.905 0.059 0.5
714 718 3.905 0.059 0.5
715 719 3.905 0.059 0.5
717 720 3.905 0.059 0.5
718 722 3.905 0.059 0.5
719 723 3.905 0.059 0.5
720 724 3.905 0.059 0.5
722 725 3.905 0.059 0.5
723 727 3.905 0.059 0.5
724 728 3.905 0.059 0.5
725 729 3.905 0.059 0.5
727 730 3.905 0.059 0.5
728 732 3.905 0.059 0.5
729 733 3.905 0.059 0.5
730 734 3.905 0.059 0.5
732 735 3.905 0.059 0.5
733 737 3.905 0.059 0.5
734 738 3.905 0.059 0.5
735 739 3.905 0.059 0.5
737 740 3.905 0.059 0.5
738 742 3.905 0.059 0.5
739 743 3.905 0.059 0.5
740 744 3.905 0.059 0.5
742 745 3.905 0.059 0.5
743 747 3.905 0.059 0.5
744 748 3.905 0.059 0.5
745 749 3.905 0.059 0.5
747 750 3.905 0.07185053932 0.5
752 755 3.905 0.07185053932 0.5
753 757 3.905 0.059 0.5
754 758 3.905 0.059 0.5
755 759 3.905 0.059 0.5
757 760 3.905 0.059 0.5
758 762 3.905 0.059 0.5
759 763 3.905 0.059 0.5
760 764 3.905 0.059 0.5
762 765 3.905 0.059 0.5
763 767 3.905 0.059 0.5
764 768 3.905 0.059 0.5
765 769 3.905 0.059 0.5
767 770 3.905 0.059 0.5
768 772 3.905 0.059 0.5
769 773 3.905 0.059 0.5
770 774 3.905 0.059 0.5
772 775 3.905 0.059 0.5
773 777 3.905 0.059 0.5
774 778 3.905 0.059 0.5
775 779 3.905 0.059 0.5
777 780 3.905 0.059 0.5
778 782 3.905 0.059 0.5
779 783 3.905 0.059 0.5
780 784 3.905 0.059 0.5
782 785 3.905 0.059 0.5
783 787 3.905 0.059 0.5
784 788 3.905 0.059 0.5
785 789 3.905 0.059 0.5
787 790 3.905 0.059 0.5
788 792 3.905 0.059 0.5
789 793 3.905 0.059 0.5
790 794 3.905 0.059 0.5
792 795 3.905 0.059 0.5
793 797 3.905 0.059 0.5
794 798 3.905 0.059 0.5
795 799 3.905 0.059 0.5
797 800 3.905 0.059 0.5
798 802 3.905 0.059 0.5
799 803 3.905 0.059 0.5
800 804 3.905 0.059 0.5
802 805 3.905 0.059 0.5
803 807 3.905 0.059 0.5
804 808 3.905 0.059 0.5
805 809 3.905 0.059 0.5
807 810 3.905 0.059 0.5
808 812 3.905 0.059 0.5
809 813 3.905 0.059 0.5
810 814 3.905 0.059 0.5
812 815 3.905 0.059 0.5
813 817 3.905 0.059 0.5
814 818 3.905 0.059 0.5
815 819 3.905 0.059 0.5
817 820 3.905 0.059 0.5
818 822 3.905 0.059 0.5
819 823 3.905 0.059 0.5
820 824 3.905 0.059 0.5
822 825 3.905 0.059 0.5
823 827 3.905 0.059 0.5
824 828 3.905 0.059 0.5
825 829 3.905 0.059 0.5
827 830 3.905 0.059 0.5
828 832 3.905 0.059 0.5
829 833 3.905 0.059 0.5
830 834 3.905 0.059 0.5
832 835 3.905 0.059 0.5
833 837 3.905 0.059 0.5
834 838 3.905 0.059 0.5
835 839 3.905 0.059 0.5
837 840 3.905 0.059 0.5
838 842 3.905 0.059 0.5
839 843 3.905 0.059 0.5
840 844 3.905 0.059 0.5
842 845 3.905 0.059 0.5
843 847 3.905 0.059 0.5
844 848 3.905 0.059 0.5
845 849 3.905 0.059 0.5
847 850 3.905 0.059 0.5
848 852 3.905 0.059 0.5
849 853 3.905 0.059 0.5
850 854 3.905 0.059 0.5
852 855 3.905 0.059 0.5
853 857 3.905 0.059 0.5
854 858 3.905 0.059 0.5
855 859 3.905 0.059 0.5
857 860 3.905 0.059 0.5
858 862 3.905 0.059 0.5
859 863 3.905 0.059 0.5
860 864 3.905 0.059 0.5
862 865 3.905 0.059 0.5
863 867 3.905 0.059 0.5
864 868 3.905 0.059 0.5
865 869 3.905 0.059 0.5
867 870 3.905 0.059 0.5
868 872 3.905 0.059 0.5
869 873 3.905 0.059 0.5
870 874 3.905 0.059 0.5
872 875 3.905 0.07185053932 0.5
877 880 3.905 0.07185053932 0.5
878 882 3.905 0.059 0.5
879 883 3.905 0.059 0.5
880 884 3.905 0.059 0.5
882 885 3.905 0.059 0.5
883 887 3.905 0.059 0.5
884 888 3.905 0.059 0.5
885 889 3.905 0.059 0.5
887 890 3.905 0.059 0.5
888 892 3.905 0.059 0.5
889 893 3.905 0.059 0.5
890 894 3.905 0.059 0.5
892 895 3.905 0.059 0.5
893 897 3.905 0.059 0.5
894 898 3.905 0.059 0.5
895 899 3.905 0.059 0.5
897 900 3.905 0.059 0.5
898 902 3.905 0.059 0.5
899 903 3.905 0.059 0.5
900 904 3.905 0.059 0.5
902 905 3.905 0.059 0.5
903 907 3.905 0.059 0.5
904 908 3.905 0.059 0.5
905 909 3.905 0.059 0.5
907 910 3.905 0.059 0.5
908 912 3.905 0.059 0.5
909 913 3.905 0.059 0.5
910 914 3.905 0.059 0.5
912 915 3.905 0.059 0.5
913 917 3.905 0.059 0.5
914 918 3.905 0.059 0.5
915 919 3.905 0.059 0.5
917 920 3.905 0.059 0.5
918 922 3.905 0.059 0.5
919 923 3.905 0.059 0.5
920 924 3.905 0.059 0.5
922 925 3.905 0.059 0.5
923 927 3.905 0.059 0.5
924 928 3.905 0.059 0.5
925 929 3.905 0.059 0.5
927 930 3.905 0.059 0.5
928 932 3.905 0.059 0.5
929 933 3.905 0.059 0.5
930 934 3.905 0.059 0.5
932 935 3.905 0.059 0.5
933 937 3.905 0.059 0.5
934 938 3.905 0.059 0.5
935 939 3.905 0.059 0.5
937 940 3.905 0.059 0.5
938 942 3.905 0.059 0.5
939 943 3.905 0.059 0.5
940 944 3.905 0.059 0.5
942 945 3.905 0.059 0.5
943 947 3.905 0.059 0.5
944 948 3.905 0.059 0.5
945 949 3.905 0.059 0.5
947 950 3.905 0.059 0.5
948 952 3.905 0.059 0.5
949 953 3.905 0.059 0.5
950 954 3.905 0.059 0.5
952 955 3.905 0.059 0.5
953 957 3.905 0.059 0.5
954 958 3.905 0.059 0.5
955 959 3.905 0.059 0.5
957 960 3.905 0.059 0.5
958 962 3.905 0.059 0.5
959 963 3.905 0.059 0.5
960 964 3.905 0.059 0.5
962 965 3.905 0.059 0.5
963 967 3.905 0.059 0.5
964 968 3.905 0.059 0.5
965 969 3.905 0.059 0.5
967 970 3.905 0.059 0.5
968 972 3.905 0.059 0.5
969 973 3.905 0.059 0.5
970 974 3.905 0.059 0.5
972 975 3.905 0.059 0.5
973 977 3.905 0.059 0.5
974 978 3.905 0.059 0.5
975 979 3.905 0.059 0.5
977 980 3.905 0.059 0.5
978 982 3.905 0.059 0.5
979 983 3.905 0.059 0.5
980 984 3.905 0.059 0.5
982 985 3.905 0.059 0.5
983 987 3.905 0.059 0.5
984 988 3.905 0.059 0.5
985 989 3.905 0.059 0.5
987 990 3.905 0.059 0.5
988 992 3.905 0.059 0.5
989 993 3.905 0.059 0.5
990 994 3.905 0.059 0.5
992 995 3.905 0.059 0.5
993 997 3.905 0.059 0.5
994 998 3.905 0.059 0.5
995 999 3.905 0.059 0.5
997 1000 3.905 0.07185053932 0.5
1002 1005 3.905 0.07185053932 0.5
1003 1007 3.905 0.059 0.5
1004 1008 3.905 0.059 0.5
1005 1009 3.905 0.059 0.5
1007 1010 3.905 0.059 0.5
1008 1012 3.905 0.059 0.5
1009 1013 3.905 0.059 0.5
1010 1014 3.905 0.059 0.5
1012 1015 3.905 0.059 0.5
1013 1017 3.905 0.059 0.5
1014 1018 3.905 0.059 0.5
1015 1019 3.905 0.059 0.5
1017 1020 3.905 0.059 0.5
1018 1022 3.905 0.059 0.5
1019 1023 3.905 0.059 0.5
1020 1024 3.905 0.059 0.5
1022 1025 3.905 0.059 0.5
1023 1027 3.905 0.059 0.5
1024 1028 3.905 0.059 0.5
1025 1029 3.905 0.059 0.5
1027 1030 3.905 0.059 0.5
1028 1032 3.905 0.059 0.5
1029 1033 3.905 0.059 0.5
1030 1034 3.905 0.059 0.5
1032 1035 3.905 0.059 0.5
1033 1037 3.905 0.059 0.5
1034 1038 3.905 0.059 0.5
1035 1039 3.905 0.059 0.5
1037 1040 3.905 0.059 0.5
1038 1042 3.905 0.059 0.5
1039 1043 3.905 0.059 0.5
1040 1044 3.905 0.059 0.5
1042 1045 3.905 0.059 0.5
1043 1047 3.905 0.059 0.5
1044 1048 3.905 0.059 0.5
1045 1049 3.905 0.059 0.5
1047 1050 3.905 0.059 0.5
1048 1052 3.905 0.059 0.5
1049 1053 3.905 0.059 0.5
1050 1054 3.905 0.059 0.5
1052 1055 3.905 0.059 0.5
1053 1057 3.905 0.059 0.5
1054 1058 3.905 0.059 0.5
1055 1059 3.905 0.059 0.5
1057 1060 3.905 0.059 0.5
1058 1062 3.905 0.059 0.5
1059 1063 3.905 0.059 0.5
1060 1064 3.905 0.059 0.5
1062 1065 3.905 0.059 0.5
1063 1067 3.905 0.059 0.5
1064 1068 3.905 0.059 0.5
1065 1069 3.905 0.059 0.5
1067 1070 3.905 0.059 0.5
1068 1072 3.905 0.059 0.5
1069 1073 3.905 0.059 0.5
1070 1074 3.905 0.059 0.5
1072 1075 3.905 0.059 0.5
1073 1077 3.905 0.059 0.5
1074 1078 3.905 0.059 0.5
1075 1079 3.905 0.059 0.5
1077 1080 3.905 0.059 0.5
1078 1082 3.905 0.059 0.5
1079 1083 3.905 0.059 0.5
1080 1084 3.905 0.059 0.5
1082 1085 3.905 0.059 0.5
1083 1087 3.905 0.059 0.5
1084 1088 3.905 0.059 0.5
1085 1089 3.905 0.059 0.5
1087 1090 3.905 0.059 0.5
1088 1092 3.905 0.059 0.5
1089 1093 3.905 0.059 0.5
1090 1094 3.905 0.059 0.5
1092 1095 3.905 0.059 0.5
1093 1097 3.905 0.059 0.5
1094 1098 3.905 0.059 0.5
1095 1099 3.905 0.059 0.5
1097 1100 3.905 0.059 0.5
1098 1102 3.905 0.059 0.5
1099 1103 3.905 0.059 0.5
1100 1104 3.905 0.059 0.5
1102 1105 3.905 0.059 0.5
1103 1107 3.905 0.059 0.5
1104 1108 3.905 0.059 0.5
1105 1109 3.905 0.059 0.5
1107 1110 3.905 0.059 0.5
1108 1112 3.905 0.059 0.5
1109 1113 3.905 0.059 0.5
1110 1114 3.905 0.059 0.5
1112 1115 3.905 0.059 0.5
1113 1117 3.905 0.059 0.5
1114 1118 3.905 0.059 0.5
1115 1119 3.905 0.059 0.5
1117 1120 3.905 0.059 0.5
1118 1122 3.905 0.059 0.5
1119 1123 3.905 0.059 0.5
1120 1124 3.905 0.059 0.5
1122 1125 3.905 0.07185053932 0.5
1127 1130 3.905 0.07185053932 0.5
1128 1132 3.905 0.059 0.5
1129 1133 3.905 0.059 0.5
1130 1134 3.905 0.059 0.5
1132 1135 3.905 0.059 0.5
1133 1137 3.905 0.059 0.5
1134 1138 3.905 0.059 0.5
1135 1139 3.905 0.059 0.5
1137 1140 3.905 0.059 0.5
1138 1142 3.905 0.059 0.5
1139 1143 3.905 0.059 0.5
1140 1144 3.905 0.059 0.5
1142 1145 3.905 0.059 0.5
1143 1147 3.905 0.059 0.5
1144 1148 3.905 0.059 0.5
1145 1149 3.905 0.059 0.5
1147 1150 3.905 0.059 0.5
1148 1152 3.905 0.059 0.5
1149 1153 3.905 0.059 0.5
1150 1154 3.905 0.059 0.5
1152 1155 3.905 0.059 0.5
1153 1157 3.905 0.059 0.5
1154 1158 3.905 0.059 0.5
1155 1159 3.905 0.059 0.5
1157 1160 3.905 0.059 0.5
1158 1162 3.905 0.059 0.5
1159 1163 3.905 0.059 0.5
1160 1164 3.905 0.059 0.5
1162 1165 3.905 0.059 0.5
1163 1167 3.905 0.059 0.5
1164 1168 3.905 0.059 0.5
1165 1169 3.905 0.059 0.5
1167 1170 3.905 0.059 0.5
1168 1172 3.905 0.059 0.5
1169 1173 3.905 0.059 0.5
1170 1174 3.905 0.059 0.5
1172 1175 3.905 0.059 0.5
1173 1177 3.905 0.059 0.5
1174 1178 3.905 0.059 0.5
1175 1179 3.905 0.059 0.5
1177 1180 3.905 0.059 0.5
1178 1182 3.905 0.059 0.5
1179 1183 3.905 0.059 0.5
1180 1184 3.905 0.059 0.5
1182 1185 3.905 0.059 0.5
1183 1187 3.905 0.059 0.5
1184 1188 3.905 0.059 0.5
1185 1189 3.905 0.059 0.5
1187 1190 3.905 0.059 0.5
1188 1192 3.905 0.059 0.5
1189 1193 3.905 0.059 0.5
1190 1194 3.905 0.059 0.5
1192 1195 3.905 0.059 0.5
1193 1197 3.905 0.059 0.5
1194 1198 3.905 0.059 0.5
1195 1199 3.905 0.059 0.5
1197 1200 3.905 0.059 0.5
1198 1202 3.905 0.059 0.5
1199 1203 3.905 0.059 0.5
1200 1204 3.905 0.059 0.5
1202 1205 3.905 0.059 0.5
1203 1207 3.905 0.059 0.5
1204 1208 3.905 0.059 0.5
1205 1209 3.905 0.059 0.5
1207 1210 3.905 0.059 0.5
1208 1212 3.905 0.059 0.5
1209 1213 3.905 0.059 0.5
1210 1214 3.905 0.059 0.5
1212 1215 3.905 0.059 0.5
1213 1217 3.905 0.059 0.5
1214 1218 3.905 0.059 0.5
1215 1219 3.905 0.059 0.5
1217 1220 3.905 0.059 0.5
1218 1222 3.905 0.059 0.5
1219 1223 3.905 0.059 0.5
1220 1224 3.905 0.059 0.5
1222 1225 3.905 0.059 0.5
1223 1227 3.905 0.059 0.5
1224 1228 3.905 0.059 0.5
1225 1229 3.905 0.059 0.5
1227 1230 3.905 0.059 0.5
1228 1232 3.905 0.059 0.5
1229 1233 3.905 0.059 0.5
1230 1234 3.905 0.059 0.5
1232 1235 3.905 0.059 0.5
1233 1237 3.905 0.059 0.5
1234 1238 3.905 0.059 0.5
1235 1239 3.905 0.059 0.5
1237 1240 3.905 0.059 0.5
1238 1242 3.905 0.059 0.5
1239 1243 3.905 0.059 0.5
1240 1244 3.905 0.059 0.5
1242 1245 3.905 0.059 0.5
1243 1247 3.905 0.059 0.5
1244 1248 3.905 0.059 0.5
1245 1249 3.905 0.059 0.5
1247 1250 3.905 0.07185053932 0.5
1252 1255 3.905 0.07185053932 0.5
1253 1257 3.905 0.059 0.5
1254 1258 3.905 0.059 0.5
1255 1259 3.905 0.059 0.5
1257 1260 3.905 0.059 0.5
1258 1262 3.905 0.059 0.5
1259 1263 3.905 0.059 0.5
1260 1264 3.905 0.059 0.5
1262 1265 3.905 0.059 0.5
1263 1267 3.905 0.059 0.5
1264 1268 3.905 0.059 0.5
1265 1269 3.905 0.059 0.5
1267 1270 3.905 0.059 0.5
1268 1272 3.905 0.059 0.5
1269 1273 3.905 0.059 0.5
1270 1274 3.905 0.059 0.5
1272 1275 3.905 0.059 0.5
1273 1277 3.905 0.059 0.5
1274 1278 3.905 0.059 0.5
1275 1279 3.905 0.059 0.5
1277 1280 3.905 0.059 0.5
1278 1282 3.905 0.059 0.5
1279 1283 3.905 0.059 0.5
1280 1284 3.905 0.059 0.5
1282 1285 3.905 0.059 0.5
1283 1287 3.905 0.059 0.5
1284 1288 3.905 0.059 0.5
1285 1289 3.905 0.059 0.5
1287 1290 3.905 0.059 0.5
1288 1292 3.905 0.059 0.5
1289 1293 3.905 0.059 0.5
1290 1294 3.905 0.059 0.5
1292 1295 3.905 0.059 0.5
1293 1297 3.905 0.059 0.5
1294 1298 3.905 0.059 0.5
1295 1299 3.905 0.059 0.5
1297 1300 3.905 0.059 0.5
1298 1302 3.905 0.059 0.5
1299 1303 3.905 0.059 0.5
1300 1304 3.905 0.059 0.5
1302 1305 3.905 0.059 0.5
1303 1307 3.905 0.059 0.5
1304 1308 3.905 0.059 0.5
1305 1309 3.905 0.059 0.5
1307 1310 3.905 0.059 0.5
1308 1312 3.905 0.059 0.5
1309 1313 3.905 0.059 0.5
1310 1314 3.905 0.059 0.5
1312 1315 3.905 0.059 0.5
1313 1317 3.905 0.059 0.5
1314 1318 3.905 0.059 0.5
1315 1319 3.905 0.059 0.5
1317 1320 3.905 0.059 0.5
1318 1322 3.905 0.059 0.5
1319 1323 3.905 0.059 0.5
1320 1324 3.905 0.059 0.5
1322 1325 3.905 0.059 0.5
1323 1327 3.905 0.059 0.5
1324 1328 3.905 0.059 0.5
1325 1329 3.905 0.059 0.5
1327 1330 3.905 0.059 0.5
1328 1332 3.905 0.059 0.5
1329 1333 3.905 0.059 0.5
1330 1334 3.905 0.059 0.5
1332 1335 3.905 0.059 0.5
1333 1337 3.905 0.059 0.5
1334 1338 3.905 0.059 0.5
1335 1339 3.905 0.059 0.5
1337 1340 3.905 0.059 0.5
1338 1342 3.905 0.059 0.5
1339 1343 3.905 0.059 0.5
1340 1344 3.905 0.059 0.5
1342 1345 3.905 0.059 0.5
1343 1347 3.905 0.059 0.5
1344 1348 3.905 0.059 0.5
1345 1349 3.905 0.059 0.5
1347 1350 3.905 0.059 0.5
1348 1352 3.905 0.059 0.5
1349 1353 3.905 0.059 0.5
1350 1354 3.905 0.059 0.5
1352 1355 3.905 0.059 0.5
1353 1357 3.905 0.059 0.5
1354 1358 3.905 0.059 0.5
1355 1359 3.905 0.059 0.5
1357 1360 3.905 0.059 0.5
1358 1362 3.905 0.059 0.5
1359 1363 3.905 0.059 0.5
1360 1364 3.905 0.059 0.5
1362 1365 3.905 0.059 0.5
1363 1367 3.905 0.059 0.5
1364 1368 3.905 0.059 0.5
1365 1369 3.905 0.059 0.5
1367 1370 3.905 0.059 0.5
1368 1372 3.905 0.059 0.5
1369 1373 3.905 0.059 0.5
1370 1374 3.905 0.059 0.5
1372 1375 3.905 0.07185053932 0.5
1377 1380 3.905 0.07185053932 0.5
1378 1382 3.905 0.059 0.5
1379 1383 3.905 0.059 0.5
1380 1384 3.905 0.059 0.5
1382 1385 3.905 0.059 0.5
1383 1387 3.905 0.059 0.5
1384 1388 3.905 0.059 0.5
1385 1389 3.905 0.059 0.5
1387 1390 3.905 0.059 0.5
1388 1392 3.905 0.059 0.5
1389 1393 3.905 0.059 0.5
1390 1394 3.905 0.059 0.5
1392 1395 3.905 0.059 0.5
1393 1397 3.905 0.059 0.5
1394 1398 3.905 0.059 0.5
1395 1399 3.905 0.059 0.5
1397 1400 3.905 0.059 0.5
1398 1402 3.905 0.059 0.5
1399 1403 3.905 0.059 0.5
1400 1404 3.905 0.059 0.5
1402 1405 3.905 0.059 0.5
1403 1407 3.905 0.059 0.5
1404 1408 3.905 0.059 0.5
1405 1409 3.905 0.059 0.5
1407 1410 3.905 0.059 0.5
1408 1412 3.905 0.059 0.5
1409 1413 3.905 0.059 0.5
1410 1414 3.905 0.059 0.5
1412 1415 3.905 0.059 0.5
1413 1417 3.905 0.059 0.5
1414 1418 3.905 0.059 0.5
1415 1419 3.905 0.059 0.5
1417 1420 3.905 0.059 0.5
1418 1422 3.905 0.059 0.5
1419 1423 3.905 0.059 0.5
1420 1424 3.905 0.059 0.5
1422 1425 3.905 0.059 0.5
1423 1427 3.905 0.059 0.5
1424 1428 3.905 0.059 0.5
1425 1429 3.905 0.059 0.5
1427 1430 3.905 0.059 0.5
1428 1432 3.905 0.059 0.5
1429 1433 3.905 0.059 0.5
1430 1434 3.905 0.059 0.5
1432 1435 3.905 0.059 0.5
1433 1437 3.905 0.059 0.5
1434 1438 3.905 0.059 0.5
1435 1439 3.905 0.059 0.5
1437 1440 3.905 0.059 0.5
1438 1442 3.905 0.059 0.5
1439 1443 3.905 0.059 0.5
1440 1444 3.905 0.059 0.5
1442 1445 3.905 0.059 0.5
1443 1447 3.905 0.059 0.5
1444 1448 3.905 0.059 0.5
1445 1449 3.905 0.059 0.5
1447 1450 3.905 0.059 0.5
1448 1452 3.905 0.059 0.5
1449 1453 3.905 0.059 0.5
1450 1454 3.905 0.059 0.5
1452 1455 3.905 0.059 0.5
1453 1457 3.905 0.059 0.5
1454 1458 3.905 0.059 0.5
1455 1459 3.905 0.059 0.5
1457 1460 3.905 0.059 0.5
1458 1462 3.905 0.059 0.5
1459 1463 3.905 0.059 0.5
1460 1464 3.905 0.059 0.5
1462 1465 3.905 0.059 0.5
1463 1467 3.905 0.059 0.5
1464 1468 3.905 0.059 0.5
1465 1469 3.905 0.059 0.5
1467 1470 3.905 0.059 0.5
1468 1472 3.905 0.059 0.5
1469 1473 3.905 0.059 0.5
1470 1474 3.905 0.059 0.5
1472 1475 3.905 0.059 0.5
1473 1477 3.905 0.059 0.5
1474 1478 3.905 0.059 0.5
1475 1479 3.905 0.059 0.5
1477 1480 3.905 0.059 0.5
1478 1482 3.905 0.059 0.5
1479 1483 3.905 0.059 0.5
1480 1484 3.905 0.059 0.5
1482 1485 3.905 0.059 0.5
1483 1487 3.905 0.059 0.5
1484 1488 3.905 0.059 0.5
1485 1489 3.905 0.059 0.5
1487 1490 3.905 0.059 0.5
1488 1492 3.905 0.059 0.5
1489 1493 3.905 0.059 0.5
1490 1494 3.905 0.059 0.5
1492 1495 3.905 0.059 0.5
1493 1497 3.905 0.059 0.5
1494 1498 3.905 0.059 0.5
1495 1499 3.905 0.059 0.5
1497 1500 3.905 0.07185053932 0.5
1502 1505 3.905 0.07185053932 0.5
1503 1507 3.905 0.059 0.5
1504 1508 3.905 0.059 0.5
1505 1509 3.905 0.059 0.5
1507 1510 3.905 0.059 0.5
1508 1512 3.905 0.059 0.5
1509 1513 3.905 0.059 0.5
1510 1514 3.905 0.059 0.5
1512 1515 3.905 0.059 0.5
1513 1517 3.905 0.059 0.5
1514 1518 3.905 0.059 0.5
1515 1519 3.905 0.059 0.5
1517 1520 3.905 0.059 0.5
1518 1522 3.905 0.059 0.5
1519 1523 3.905 0.059 0.5
1520 1524 3.905 0.059 0.5
1522 1525 3.905 0.059 0.5
1523 1527 3.905 0.059 0.5
1524 1528 3.905 0.059 0.5
1525 1529 3.905 0.059 0.5
1527 1530 3.905 0.059 0.5
1528 1532 3.905 0.059 0.5
1529 1533 3.905 0.059 0.5
1530 1534 3.905 0.059 0.5
1532 1535 3.905 0.059 0.5
1533 1537 3.905 0.059 0.5
1534 1538 3.905 0.059 0.5
1535 1539 3.905 0.059 0.5
1537 1540 3.905 0.059 0.5
1538 1542 3.905 0.059 0.5
1539 1543 3.905 0.059 0.5
1540 1544 3.905 0.059 0.5
1542 1545 3.905 0.059 0.5
1543 1547 3.905 0.059 0.5
1544 1548 3.905 0.059 0.5
1545 1549 3.905 0.059 0.5
1547 1550 3.905 0.059 0.5
1548 1552 3.905 0.059 0.5
1549 1553 3.905 0.059 0.5
1550 1554 3.905 0.059 0.5
1552 1555 3.905 0.059 0.5
1553 1557 3.905 0.059 0.5
1554 1558 3.905 0.059 0.5
1555 1559 3.905 0.059 0.5
1557 1560 3.905 0.059 0.5
1558 1562 3.905 0.059 0.5
1559 1563 3.905 0.059 0.5
1560 1564 3.905 0.059 0.5
1562 1565 3.905 0.059 0.5
1563 1567 3.905 0.059 0.5
1564 1568 3.905 0.059 0.5
1565 1569 3.905 0.059 0.5
1567 1570 3.905 0.059 0.5
1568 1572 3.905 0.059 0.5
1569 1573 3.905 0.059 0.5
1570 1574 3.905 0.059 0.5
1572 1575 3.905 0.059 0.5
1573 1577 3.905 0.059 0.5
1574 1578 3.905 0.059 0.5
1575 1579 3.905 0.059 0.5
1577 1580 3.905 0.059 0.5
1578 1582 3.905 0.059 0.5
1579 1583 3.905 0.059 0.5
1580 1584 3.905 0.059 0.5
1582 1585 3.905 0.059 0.5
1583 1587 3.905 0.059 0.5
1584 1588 3.905 0.059 0.5
1585 1589 3.905 0.059 0.5
1587 1590 3.905 0.059 0.5
1588 1592 3.905 0.059 0.5
1589 1593 3.905 0.059 0.5
1590 1594 3.905 0.059 0.5
1592 1595 3.905 0.059 0.5
1593 1597 3.905 0.059 0.5
1594 1598 3.905 0.059 0.5
1595 1599 3.905 0.059 0.5
1597 1600 3.905 0.059 0.5
1598 1602 3.905 0.059 0.5
1599 1603 3.905 0.059 0.5
1600 1604 3.905 0.059 0.5
1602 1605 3.905 0.059 0.5
1603 1607 3.905 0.059 0.5
1604 1608 3.905 0.059 0.5
1605 1609 3.905 0.059 0.5
1607 1610 3.905 0.059 0.5
1608 1612 3.905 0.059 0.5
1609 1613 3.905 0.059 0.5
1610 1614 3.905 0.059 0.5
1612 1615 3.905 0.059 0.5
1613 1617 3.905 0.059 0.5
1614 1618 3.905 0.059 0.5
1615 1619 3.905 0.059 0.5
1617 1620 3.905 0.059 0.5
1618 1622 3.905 0.059 0.5
1619 1623 3.905 0.059 0.5
1620 1624 3.905 0.059 0.5
1622 1625 3.905 0.07185053932 0.5
1627 1630 3.905 0.07185053932 0.5
1628 1632 3.905 0.059 0.5
1629 1633 3.905 0.059 0.5
1630 1634 3.905 0.059 0.5
1632 1635 3.905 0.059 0.5
1633 1637 3.905 0.059 0.5
1634 1638 3.905 0.059 0.5
1635 1639 3.905 0.059 0.5
1637 1640 3.905 0.059 0.5
1638 1642 3.905 0.059 0.5
1639 1643 3.905 0.059 0.5
1640 1644 3.905 0.059 0.5
1642 1645 3.905 0.059 0.5
1643 1647 3.905 0.059 0.5
1644 1648 3.905 0.059 0.5
1645 1649 3.905 0.059 0.5
1647 1650 3.905 0.059 0.5
1648 1652 3.905 0.059 0.5
1649 1653 3.905 0.059 0.5
1650 1654 3.905 0.059 0.5
1652 1655 3.905 0.059 0.5
1653 1657 3.905 0.059 0.5
1654 1658 3.905 0.059 0.5
1655 1659 3.905 0.059 0.5
1657 1660 3.905 0.059 0.5
1658 1662 3.905 0.059 0.5
1659 1663 3.905 0.059 0.5
1660 1664 3.905 0.059 0.5
1662 1665 3.905 0.059 0.5
1663 1667 3.905 0.059 0.5
1664 1668 3.905 0.059 0.5
1665 1669 3.905 0.059 0.5
1667 1670 3.905 0.059 0.5
1668 1672 3.905 0.059 0.5
1669 1673 3.905 0.059 0.5
1670 1674 3.905 0.059 0.5
1672 1675 3.905 0.059 0.5
1673 1677 3.905 0.059 0.5
1674 1678 3.905 0.059 0.5
1675 1679 3.905 0.059 0.5
1677 1680 3.905 0.059 0.5
1678 1682 3.905 0.059 0.5
1679 1683 3.905 0.059 0.5
1680 1684 3.905 0.059 0.5
1682 1685 3.905 0.059 0.5
1683 1687 3.905 0.059 0.5
1684 1688 3.905 0.059 0.5
1685 1689 3.905 0.059 0.5
1687 1690 3.905 0.059 0.5
1688 1692 3.905 0.059 0.5
1689 1693 3.905 0.059 0.5
1690 1694 3.905 0.059 0.5
1692 1695 3.905 0.059 0.5
1693 1697 3.905 0.059 0.5
1694 1698 3.905 0.059 0.5
1695 1699 3.905 0.059 0.5
1697 1700 3.905 0.059 0.5
1698 1702 3.905 0.059 0.5
1699 1703 3.905 0.059 0.5
1700 1704 3.905 0.059 0.5
1702 1705 3.905 0.059 0.5
1703 1707 3.905 0.059 0.5
1704 1708 3.905 0.059 0.5
1705 1709 3.905 0.059 0.5
1707 1710 3.905 0.059 0.5
1708 1712 3.905 0.059 0.5
1709 1713 3.905 0.059 0.5
1710 1714 3.905 0.059 0.5
1712 1715 3.905 0.059 0.5
1713 1717 3.905 0.059 0.5
1714 1718 3.905 0.059 0.5
1715 1719 3.905 0.059 0.5
1717 1720 3.905 0.059 0.5
1718 1722 3.905 0.059 0.5
1719 1723 3.905 0.059 0.5
1720 1724 3.905 0.059 0.5
1722 1725 3.905 0.059 0.5
1723 1727 3.905 0.059 0.5
1724 1728 3.905 0.059 0.5
1725 1729 3.905 0.059 0.5
1727 1730 3.905 0.059 0.5
1728 1732 3.905 0.059 0.5
1729 1733 3.905 0.059 0.5
1730 1734 3.905 0.059 0.5
1732 1735 3.905 0.059 0.5
1733 1737 3.905 0.059 0.5
1734 1738 3.905 0.059 0.5
1735 1739 3.905 0.059 0.5
1737 1740 3.905 0.059 0.5
1738 1742 3.905 0.059 0.5
1739 1743 3.905 0.059 0.5
1740 1744 3.905 0.059 0.5
1742 1745 3.905 0.059 0.5
1743 1747 3.905 0.059 0.5
1744 1748 3.905 0.059 0.5
1745 1749 3.905 0.059 0.5
1747 1750 3.905 0.07185053932 0.5
1752 1755 3.905 0.07185053932 0.5
1753 1757 3.905 0.059 0.5
1754 1758 3.905 0.059 0.5
1755 1759 3.905 0.059 0.5
1757 1760 3.905 0.059 0.5
1758 1762 3.905 0.059 0.5
1759 1763 3.905 0.059 0.5
1760 1764 3.905 0.059 0.5
1762 1765 3.905 0.059 0.5
1763 1767 3.905 0.059 0.5
1764 1768 3.905 0.059 0.5
1765 1769 3.905 0.059 0.5
1767 1770 3.905 0.059 0.5
1768 1772 3.905 0.059 0.5
1769 1773 3.905 0.059 0.5
1770 1774 3.905 0.059 0.5
1772 1775 3.905 0.059 0.5
1773 1777 3.905 0.059 0.5
1774 1778 3.905 0.059 0.5
1775 1779 3.905 0.059 0.5
1777 1780 3.905 0.059 0.5
1778 1782 3.905 0.059 0.5
1779 1783 3.905 0.059 0.5
1780 1784 3.905 0.059 0.5
1782 1785 3.905 0.059 0.5
1783 1787 3.905 0.059 0.5
1784 1788 3.905 0.059 0.5
1785 1789 3.905 0.059 0.5
1787 1790 3.905 0.059 0.5
1788 1792 3.905 0.059 0.5
1789 1793 3.905 0.059 0.5
1790 1794 3.905 0.059 0.5
1792 1795 3.905 0.059 0.5
1793 1797 3.905 0.059 0.5
1794 1798 3.905 0.059 0.5
1795 1799 3.905 0.059 0.5
1797 1800 3.905 0.059 0.5
1798 1802 3.905 0.059 0.5
1799 1803 3.905 0.059 0.5
1800 1804 3.905 0.059 0.5
1802 1805 3.905 0.059 0.5
1803 1807 3.905 0.059 0.5
1804 1808 3.905 0.059 0.5
1805 1809 3.905 0.059 0.5
1807 1810 3.905 0.059 0.5
1808 1812 3.905 0.059 0.5
1809 1813 3.905 0.059 0.5
1810 1814 3.905 0.059 0.5
1812 1815 3.905 0.059 0.5
1813 1817 3.905 0.059 0.5
1814 1818 3.905 0.059 0.5
1815 1819 3.905 0.059 0.5
1817 1820 3.905 0.059 0.5
1818 1822 3.905 0.059 0.5
1819 1823 3.905 0.059 0.5
1820 1824 3.905 0.059 0.5
1822 1825 3.905 0.059 0.5
1823 1827 3.905 0.059 0.5
1824 1828 3.905 0.059 0.5
1825 1829 3.905 0.059 0.5
1827 1830 3.905 0.059 0.5
1828 1832 3.905 0.059 0.5
1829 1833 3.905 0.059 0.5
1830 1834 3.905 0.059 0.5
1832 1835 3.905 0.059 0.5
1833 1837 3.905 0.059 0.5
1834 1838 3.905 0.059 0.5
1835 1839 3.905 0.059 0.5
1837 1840 3.905 0.059 0.5
1838 1842 3.905 0.059 0.5
1839 1843 3.905 0.059 0.5
1840 1844 3.905 0.059 0.5
1842 1845 3.905 0.059 0.5
1843 1847 3.905 0.059 0.5
1844 1848 3.905 0.059 0.5
1845 1849 3.905 0.059 0.5
1847 1850 3.905 0.059 0.5
1848 1852 3.905 0.059 0.5
1849 1853 3.905 0.059 0.5
1850 1854 3.905 0.059 0.5
1852 1855 3.905 0.059 0.5
1853 1857 3.905 0.059 0.5
1854 1858 3.905 0.059 0.5
1855 1859 3.905 0.059 0.5
1857 1860 3.905 0.059 0.5
1858 1862 3.905 0.059 0.5
1859 1863 3.905 0.059 0.5
1860 1864 3.905 0.059 0.5
1862 1865 3.905 0.059 0.5
1863 1867 3.905 0.059 0.5
1864 1868 3.905 0.059 0.5
1865 1869 3.905 0.059 0.5
1867 1870 3.905 0.059 0.5
1868 1872 3.905 0.059 0.5
1869 1873 3.905 0.059 0.5
1870 1874 3.905 0.059 0.5
1872 1875 3.905 0.07185053932 0.5
1877 1880 3.905 0.07185053932 0.5
1878 1882 3.905 0.059 0.5
1879 1883 3.905 0.059 0.5
1880 1884 3.905 0.059 0.5
1882 1885 3.905 0.059 0.5
1883 1887 3.905 0.059 0.5
1884 1888 3.905 0.059 0.5
1885 1889 3.905 0.059 0.5
1887 1890 3.905 0.059 0.5
1888 1892 3.905 0.059 0.5
1889 1893 3.905 0.059 0.5
1890 1894 3.905 0.059 0.5
1892 1895 3.905 0.059 0.5
1893 1897 3.905 0.059 0.5
1894 1898 3.905 0.059 0.5
1895 1899 3.905 0.059 0.5
1897 1900 3.905 0.059 0.5
1898 1902 3.905 0.059 0.5
1899 1903 3.905 0.059 0.5
1900 1904 3.905 0.059 0.5
1902 1905 3.905 0.059 0.5
1903 1907 3.905 0.059 0.5
1904 1908 3.905 0.059 0.5
1905 1909 3.905 0.059 0.5
1907 1910 3.905 0.059 0.5
1908 1912 3.905 0.059 0.5
1909 1913 3.905 0.059 0.5
1910 1914 3.905 0.059 0.5
1912 1915 3.905 0.059 0.5
1913 1917 3.905 0.059 0.5
1914 1918 3.905 0.059 0.5
1915 1919 3.905 0.059 0.5
1917 1920 3.905 0.059 0.5
1918 1922 3.905 0.059 0.5
1919 1923 3.905 0.059 0.5
1920 1924 3.905 0.059 0.5
1922 1925 3.905 0.059 0.5
1923 1927 3.905 0.059 0.5
1924 1928 3.905 0.059 0.5
1925 1929 3.905 0.059 0.5
1927 1930 3.905 0.059 0.5
1928 1932 3.905 0.059 0.5
1929 1933 3.905 0.059 0.5
1930 1934 3.905 0.059 0.5
1932 1935 3.905 0.059 0.5
1933 1937 3.905 0.059 0.5
1934 1938 3.905 0.059 0.5
1935 1939 3.905 0.059 0.5
1937 1940 3.905 0.059 0.5
1938 1942 3.905 0.059 0.5
1939 1943 3.905 0.059 0.5
1940 1944 3.905 0.059 0.5
1942 1945 3.905 0.059 0.5
1943 1947 3.905 0.059 0.5
1944 1948 3.905 0.059 0.5
1945 1949 3.905 0.059 0.5
1947 1950 3.905 0.059 0.5
1948 1952 3.905 0.059 0.5
1949 1953 3.905 0.059 0.5
1950 1954 3.905 0.059 0.5
1952 1955 3.905 0.059 0.5
1953 1957 3.905 0.059 0.5
1954 1958 3.905 0.059 0.5
1955 1959 3.905 0.059 0.5
1957 1960 3.905 0.059 0.5
1958 1962 3.905 0.059 0.5
1959 1963 3.905 0.059 0.5
1960 1964 3.905 0.059 0.5
1962 1965 3.905 0.059 0.5
1963 1967 3.905 0.059 0.5
1964 1968 3.905 0.059 0.5
1965 1969 3.905 0.059 0.5
1967 1970 3.905 0.059 0.5
1968 1972 3.905 0.059 0.5
1969 1973 3.905 0.059 0.5
1970 1974 3.905 0.059 0.5
1972 1975 3.905 0.059 0.5
1973 1977 3.905 0.059 0.5
1974 1978 3.905 0.059 0.5
1975 1979 3.905 0.059 0.5
1977 1980 3.905 0.059 0.5
1978 1982 3.905 0.059 0.5
1979 1983 3.905 0.059 0.5
1980 1984 3.905 0.059 0.5
1982 1985 3.905 0.059 0.5
1983 1987 3.905 0.059 0.5
1984 1988 3.905 0.059 0.5
1985 1989 3.905 0.059 0.5
1987 1990 3.905 0.059 0.5
1988 1992 3.905 0.059 0.5
1989 1993 3.905 0.059 0.5
1990 1994 3.905 0.059 0.5
1992 1995 3.905 0.059 0.5
1993 1997 3.905 0.059 0.5
1994 1998 3.905 0.059 0.5
1995 1999 3.905 0.059 0.5
1997 2000 3.905 0.07185053932 0.5
2002 2005 3.905 0.07185053932 0.5
2003 2007 3.905 0.059 0.5
2004 2008 3.905 0.059 0.5
2005 2009 3.905 0.059 0.5
2007 2010 3.905 0.059 0.5
2008 2012 3.905 0.059 0.5
2009 2013 3.905 0.059 0.5
2010 2014 3.905 0.059 0.5
2012 2015 3.905 0.059 0.5
2013 2017 3.905 0.059 0.5
2014 2018 3.905 0.059 0.5
2015 2019 3.905 0.059 0.5
2017 2020 3.905 0.059 0.5
2018 2022 3.905 0.059 0.5
2019 2023 3.905 0.059 0.5
2020 2024 3.905 0.059 0.5
2022 2025 3.905 0.059 0.5
2023 2027 3.905 0.059 0.5
2024 2028 3.905 0.059 0.5
2025 2029 3.905 0.059 0.5
2027 2030 3.905 0.059 0.5
2028 2032 3.905 0.059 0.5
2029 2033 3.905 0.059 0.5
2030 2034 3.905 0.059 0.5
2032 2035 3.905 0.059 0.5
2033 2037 3.905 0.059 0.5
2034 2038 3.905 0.059 0.5
2035 2039 3.905 0.059 0.5
2037 2040 3.905 0.059 0.5
2038 2042 3.905 0.059 0.5
2039 2043 3.905 0.059 0.5
2040 2044 3.905 0.059 0.5
2042 2045 3.905 0.059 0.5
2043 2047 3.905 0.059 0.5
2044 2048 3.905 0.059 0.5
2045 2049 3.905 0.059 0.5
2047 2050 3.905 0.059 0.5
2048 2052 3.905 0.059 0.5
2049 2053 3.905 0.059 0.5
2050 2054 3.905 0.059 0.5
2052 2055 3.905 0.059 0.5
2053 2057 3.905 0.059 0.5
2054 2058 3.905 0.059 0.5
2055 2059 3.905 0.059 0.5
2057 2060 3.905 0.059 0.5
2058 2062 3.905 0.059 0.5
2059 2063 3.905 0.059 0.5
2060 2064 3.905 0.059 0.5
2062 2065 3.905 0.059 0.5
2063 2067 3.905 0.059 0.5
2064 2068 3.905 0.059 0.5
2065 2069 3.905 0.059 0.5
2067 2070 3.905 0.059 0.5
2068 2072 3.905 0.059 0.5
2069 2073 3.905 0.059 0.5
2070 2074 3.905 0.059 0.5
2072 2075 3.905 0.059 0.5
2073 2077 3.905 0.059 0.5
2074 2078 3.905 0.059 0.5
2075 2079 3.905 0.059 0.5
2077 2080 3.905 0.059 0.5
2078 2082 3.905 0.059 0.5
2079 2083 3.905 0.059 0.5
2080 2084 3.905 0.059 0.5
2082 2085 3.905 0.059 0.5
2083 2087 3.905 0.059 0.5
2084 2088 3.905 0.059 0.5
2085 2089 3.905 0.059 0.5
2087 2090 3.905 0.059 0.5
2088 2092 3.905 0.059 0.5
2089 2093 3.905 0.059 0.5
2090 2094 3.905 0.059 0.5
2092 2095 3.905 0.059 0.5
2093 2097 3.905 0.059 0.5
2094 2098 3.905 0.059 0.5
2095 2099 3.905 0.059 0.5
2097 2100 3.905 0.059 0.5
2098 2102 3.905 0.059 0.5
2099 2103 3.905 0.059 0.5
2100 2104 3.905 0.059 0.5
2102 2105 3.905 0.059 0.5
2103 2107 3.905 0.059 0.5
2104 2108 3.905 0.059 0.5
2105 2109 3.905 0.059 0.5
2107 2110 3.905 0.059 0.5
2108 2112 3.905 0.059 0.5
2109 2113 3.905 0.059 0.5
2110 2114 3.905 0.059 0.5
2112 2115 3.905 0.059 0.5
2113 2117 3.905 0.059 0.5
2114 2118 3.905 0.059 0.5
2115 2119 3.905 0.059 0.5
2117 2120 3.905 0.059 0.5
2118 2122 3.905 0.059 0.5
2119 2123 3.905 0.059 0.5
2120 2124 3.905 0.059 0.5
2122 2125 3.905 0.07185053932 0.5
2127 2130 3.905 0.07185053932 0.5
2128 2132 3.905 0.059 0.5
2129 2133 3.905 0.059 0.5
2130 2134 3.905 0.059 0.5
2132 2135 3.905 0.059 0.5
2133 2137 3.905 0.059 0.5
2134 2138 3.905 0.059 0.5
2135 2139 3.905 0.059 0.5
2137 2140 3.905 0.059 0.5
2138 2142 3.905 0.059 0.5
2139 2143 3.905 0.059 0.5
2140 2144 3.905 0.059 0.5
2142 2145 3.905 0.059 0.5
2143 2147 3.905 0.059 0.5
2144 2148 3.905 0.059 0.5
2145 2149 3.905 0.059 0.5
2147 2150 3.905 0.059 0.5
2148 2152 3.905 0.059 0.5
2149 2153 3.905 0.059 0.5
2150 2154 3.905 0.059 0.5
2152 2155 3.905 0.059 0.5
2153 2157 3.905 0.059 0.5
2154 2158 3.905 0.059 0.5
2155 2159 3.905 0.059 0.5
2157 2160 3.905 0.059 0.5
2158 2162 3.905 0.059 0.5
2159 2163 3.905 0.059 0.5
2160 2164 3.905 0.059 0.5
2162 2165 3.905 0.059 0.5
2163 2167 3.905 0.059 0.5
2164 2168 3.905 0.059 0.5
2165 2169 3.905 0.059 0.5
2167 2170 3.905 0.059 0.5
2168 2172 3.905 0.059 0.5
2169 2173 3.905 0.059 0.5
2170 2174 3.905 0.059 0.5
2172 2175 3.905 0.059 0.5
2173 2177 3.905 0.059 0.5
2174 2178 3.905 0.059 0.5
2175 2179 3.905 0.059 0.5
2177 2180 3.905 0.059 0.5
2178 2182 3.905 0.059 0.5
2179 2183 3.905 0.059 0.5
2180 2184 3.905 0.059 0.5
2182 2185 3.905 0.059 0.5
2183 2187 3.905 0.059 0.5
2184 2188 3.905 0.059 0.5
2185 2189 3.905 0.059 0.5
2187 2190 3.905 0.059 0.5
2188 2192 3.905 0.059 0.5
2189 2193 3.905 0.059 0.5
2190 2194 3.905 0.059 0.5
2192 2195 3.905 0.059 0.5
2193 2197 3.905 0.059 0.5
2194 2198 3.905 0.059 0.5
2195 2199 3.905 0.059 0.5
2197 2200 3.905 0.059 0.5
2198 2202 3.905 0.059 0.5
2199 2203 3.905 0.059 0.5
2200 2204 3.905 0.059 0.5
2202 2205 3.905 0.059 0.5
2203 2207 3.905 0.059 0.5
2204 2208 3.905 0.059 0.5
2205 2209 3.905 0.059 0.5
2207 2210 3.905 0.059 0.5
2208 2212 3.905 0.059 0.5
2209 2213 3.905 0.059 0.5
2210 2214 3.905 0.059 0.5
2212 2215 3.905 0.059 0.5
2213 2217 3.905 0.059 0.5
2214 2218 3.905 0.059 0.5
2215 2219 3.905 0.059 0.5
2217 2220 3.905 0.059 0.5
2218 2222 3.905 0.059 0.5
2219 2223 3.905 0.059 0.5
2220 2224 3.905 0.059 0.5
2222 2225 3.905 0.059 0.5
2223 2227 3.905 0.059 0.5
2224 2228 3.905 0.059 0.5
2225 2229 3.905 0.059 0.5
2227 2230 3.905 0.059 0.5
2228 2232 3.905 0.059 0.5
2229 2233 3.905 0.059 0.5
2230 2234 3.905 0.059 0.5
2232 2235 3.905 0.059 0.5
2233 2237 3.905 0.059 0.5
2234 2238 3.905 0.059 0.5
2235 2239 3.905 0.059 0.5
2237 2240 3.905 0.059 0.5
2238 2242 3.905 0.059 0.5
2239 2243 3.905 0.059 0.5
2240 2244 3.905 0.059 0.5
2242 2245 3.905 0.059 0.5
2243 2247 3.905 0.059 0.5
2244 2248 3.905 0.059 0.5
2245 2249 3.905 0.059 0.5
2247 2250 3.905 0.07185053932 0.5
2252 2255 3.905 0.07185053932 0.5
2253 2257 3.905 0.059 0.5
2254 2258 3.905 0.059 0.5
2255 2259 3.905 0.059 0.5
2257 2260 3.905 0.059 0.5
2258 2262 3.905 0.059 0.5
2259 2263 3.905 0.059 0.5
2260 2264 3.905 0.059 0.5
2262 2265 3.905 0.059 0.5
2263 2267 3.905 0.059 0.5
2264 2268 3.905 0.059 0.5
2265 2269 3.905 0.059 0.5
2267 2270 3.905 0.059 0.5
2268 2272 3.905 0.059 0.5
2269 2273 3.905 0.059 0.5
2270 2274 3.905 0.059 0.5
2272 2275 3.905 0.059 0.5
2273 2277 3.905 0.059 0.5
2274 2278 3.905 0.059 0.5
2275 2279 3.905 0.059 0.5
2277 2280 3.905 0.059 0.5
2278 2282 3.905 0.059 0.5
2279 2283 3.905 0.059 0.5
2280 2284 3.905 0.059 0.5
2282 2285 3.905 0.059 0.5
2283 2287 3.905 0.059 0.5
2284 2288 3.905 0.059 0.5
2285 2289 3.905 0.059 0.5
2287 2290 3.905 0.059 0.5
2288 2292 3.905 0.059 0.5
2289 2293 3.905 0.059 0.5
2290 2294 3.905 0.059 0.5
2292 2295 3.905 0.059 0.5
2293 2297 3.905 0.059 0.5
2294 2298 3.905 0.059 0.5
2295 2299 3.905 0.059 0.5
2297 2300 3.905 0.059 0.5
2298 2302 3.905 0.059 0.5
2299 2303 3.905 0.059 0.5
2300 2304 3.905 0.059 0.5
2302 2305 3.905 0.059 0.5
2303 2307 3.905 0.059 0.5
2304 2308 3.905 0.059 0.5
2305 2309 3.905 0.059 0.5
2307 2310 3.905 0.059 0.5
2308 2312 3.905 0.059 0.5
2309 2313 3.905 0.059 0.5
2310 2314 3.905 0.059 0.5
2312 2315 3.905 0.059 0.5
2313 2317 3.905 0.059 0.5
2314 2318 3.905 0.059 0.5
2315 2319 3.905 0.059 0.5
2317 2320 3.905 0.059 0.5
2318 2322 3.905 0.059 0.5
2319 2323 3.905 0.059 0.5
2320 2324 3.905 0.059 0.5
2322 2325 3.905 0.059 0.5
2323 2327 3.905 0.059 0.5
2324 2328 3.905 0.059 0.5
2325 2329 3.905 0.059 0.5
2327 2330 3.905 0.059 0.5
2328 2332 3.905 0.059 0.5
2329 2333 3.905 0.059 0.5
2330 2334 3.905 0.059 0.5
2332 2335 3.905 0.059 0.5
2333 2337 3.905 0.059 0.5
2334 2338 3.905 0.059 0.5
2335 2339 3.905 0.059 0.5
2337 2340 3.905 0.059 0.5
2338 2342 3.905 0.059 0.5
2339 2343 3.905 0.059 0.5
2340 2344 3.905 0.059 0.5
2342 2345 3.905 0.059 0.5
2343 2347 3.905 0.059 0.5
2344 2348 3.905 0.059 0.5
2345 2349 3.905 0.059 0.5
2347 2350 3.905 0.059 0.5
2348 2352 3.905 0.059 0.5
2349 2353 3.905 0.059 0.5
2350 2354 3.905 0.059 0.5
2352 2355 3.905 0.059 0.5
2353 2357 3.905 0.059 0.5
2354 2358 3.905 0.059 0.5
2355 2359 3.905 0.059 0.5
2357 2360 3.905 0.059 0.5
2358 2362 3.905 0.059 0.5
2359 2363 3.905 0.059 0.5
2360 2364 3.905 0.059 0.5
2362 2365 3.905 0.059 0.5
2363 2367 3.905 0.059 0.5
2364 2368 3.905 0.059 0.5
2365 2369 3.905 0.059 0.5
2367 2370 3.905 0.059 0.5
2368 2372 3.905 0.059 0.5
2369 2373 3.905 0.059 0.5
2370 2374 3.905 0.059 0.5
2372 2375 3.905 0.07185053932 0.5
2377 2380 3.905 0.07185053932 0.5
2378 2382 3.905 0.059 0.5
2379 2383 3.905 0.059 0.5
2380 2384 3.905 0.059 0.5
2382 2385 3.905 0.059 0.5
2383 2387 3.905 0.059 0.5
2384 2388 3.905 0.059 0.5
2385 2389 3.905 0.059 0.5
2387 2390 3.905 0.059 0.5
2388 2392 3.905 0.059 0.5
2389 2393 3.905 0.059 0.5
2390 2394 3.905 0.059 0.5
2392 2395 3.905 0.059 0.5
2393 2397 3.905 0.059 0.5
2394 2398 3.905 0.059 0.5
2395 2399 3.905 0.059 0.5
2397 2400 3.905 0.059 0.5
2398 2402 3.905 0.059 0.5
2399 2403 3.905 0.059 0.5
2400 2404 3.905 0.059 0.5
2402 2405 3.905 0.059 0.5
2403 2407 3.905 0.059 0.5
2404 2408 3.905 0.059 0.5
2405 2409 3.905 0.059 0.5
2407 2410 3.905 0.059 0.5
2408 2412 3.905 0.059 0.5
2409 2413 3.905 0.059 0.5
2410 2414 3.905 0.059 0.5
2412 2415 3.905 0.059 0.5
2413 2417 3.905 0.059 0.5
2414 2418 3.905 0.059 0.5
2415 2419 3.905 0.059 0.5
2417 2420 3.905 0.059 0.5
2418 2422 3.905 0.059 0.5
2419 2423 3.905 0.059 0.5
2420 2424 3.905 0.059 0.5
2422 2425 3.905 0.059 0.5
2423 2427 3.905 0.059 0.5
2424 2428 3.905 0.059 0.5
2425 2429 3.905 0.059 0.5
2427 2430 3.905 0.059 0.5
2428 2432 3.905 0.059 0.5
2429 2433 3.905 0.059 0.5
2430 2434 3.905 0.059 0.5
2432 2435 3.905 0.059 0.5
2433 2437 3.905 0.059 0.5
2434 2438 3.905 0.059 0.5
2435 2439 3.905 0.059 0.5
2437 2440 3.905 0.059 0.5
2438 2442 3.905 0.059 0.5
2439 2443 3.905 0.059 0.5
2440 2444 3.905 0.059 0.5
2442 2445 3.905 0.059 0.5
2443 2447 3.905 0.059 0.5
2444 2448 3.905 0.059 0.5
2445 2449 3.905 0.059 0.5
2447 2450 3.905 0.059 0.5
2448 2452 3.905 0.059 0.5
2449 2453 3.905 0.059 0.5
2450 2454 3.905 0.059 0.5
2452 2455 3.905 0.059 0.5
2453 2457 3.905 0.059 0.5
2454 2458 3.905 0.059 0.5
2455 2459 3.905 0.059 0.5
2457 2460 3.905 0.059 0.5
2458 2462 3.905 0.059 0.5
2459 2463 3.905 0.059 0.5
2460 2464 3.905 0.059 0.5
2462 2465 3.905 0.059 0.5
2463 2467 3.905 0.059 0.5
2464 2468 3.905 0.059 0.5
2465 2469 3.905 0.059 0.5
2467 2470 3.905 0.059 0.5
2468 2472 3.905 0.059 0.5
2469 2473 3.905 0.059 0.5
2470 2474 3.905 0.059 0.5
2472 2475 3.905 0.059 0.5
2473 2477 3.905 0.059 0.5
2474 2478 3.905 0.059 0.5
2475 2479 3.905 0.059 0.5
2477 2480 3.905 0.059 0.5
2478 2482 3.905 0.059 0.5
2479 2483 3.905 0.059 0.5
2480 2484 3.905 0.059 0.5
2482 2485 3.905 0.059 0.5
2483 2487 3.905 0.059 0.5
2484 2488 3.905 0.059 0.5
2485 2489 3.905 0.059 0.5
2487 2490 3.905 0.059 0.5
2488 2492 3.905 0.059 0.5
2489 2493 3.905 0.059 0.5
2490 2494 3.905 0.059 0.5
2492 2495 3.905 0.059 0.5
2493 2497 3.905 0.059 0.5
2494 2498 3.905 0.059 0.5
2495 2499 3.905 0.059 0.5
2497 2500 3.905 0.07185053932 0.5
2502 2505 3.905 0.07185053932 0.5
2503 2507 3.905 0.059 0.5
2504 2508 3.905 0.059 0.5
2505 2509 3.905 0.059 0.5
2507 2510 3.905 0.059 0.5
2508 2512 3.905 0.059 0.5
2509 2513 3.905 0.059 0.5
2510 2514 3.905 0.059 0.5
2512 2515 3.905 0.059 0.5
2513 2517 3.905 0.059 0.5
2514 2518 3.905 0.059 0.5
2515 2519 3.905 0.059 0.5
2517 2520 3.905 0.059 0.5
2518 2522 3.905 0.059 0.5
2519 2523 3.905 0.059 0.5
2520 2524 3.905 0.059 0.5
2522 2525 3.905 0.059 0.5
2523 2527 3.905 0.059 0.5
2524 2528 3.905 0.059 0.5
2525 2529 3.905 0.059 0.5
2527 2530 3.905 0.059 0.5
2528 2532 3.905 0.059 0.5
2529 2533 3.905 0.059 0.5
2530 2534 3.905 0.059 0.5
2532 2535 3.905 0.059 0.5
2533 2537 3.905 0.059 0.5
2534 2538 3.905 0.059 0.5
2535 2539 3.905 0.059 0.5
2537 2540 3.905 0.059 0.5
2538 2542 3.905 0.059 0.5
2539 2543 3.905 0.059 0.5
2540 2544 3.905 0.059 0.5
2542 2545 3.905 0.059 0.5
2543 2547 3.905 0.059 0.5
2544 2548 3.905 0.059 0.5
2545 2549 3.905 0.059 0.5
2547 2550 3.905 0.059 0.5
2548 2552 3.905 0.059 0.5
2549 2553 3.905 0.059 0.5
2550 2554 3.905 0.059 0.5
2552 2555 3.905 0.059 0.5
2553 2557 3.905 0.059 0.5
2554 2558 3.905 0.059 0.5
2555 2559 3.905 0.059 0.5
2557 2560 3.905 0.059 0.5
2558 2562 3.905 0.059 0.5
2559 2563 3.905 0.059 0.5
2560 2564 3.905 0.059 0.5
2562 2565 3.905 0.059 0.5
2563 2567 3.905 0.059 0.5
2564 2568 3.905 0.059 0.5
2565 2569 3.905 0.059 0.5
2567 2570 3.905 0.059 0.5
2568 2572 3.905 0.059 0.5
2569 2573 3.905 0.059 0.5
2570 2574 3.905 0.059 0.5
2572 2575 3.905 0.059 0.5
2573 2577 3.905 0.059 0.5
2574 2578 3.905 0.059 0.5
2575 2579 3.905 0.059 0.5
2577 2580 3.905 0.059 0.5
2578 2582 3.905 0.059 0.5
2579 2583 3.905 0.059 0.5
2580 2584 3.905 0.059 0.5
2582 2585 3.905 0.059 0.5
2583 2587 3.905 0.059 0.5
2584 2588 3.905 0.059 0.5
2585 2589 3.905 0.059 0.5
2587 2590 3.905 0.059 0.5
2588 2592 3.905 0.059 0.5
2589 2593 3.905 0.059 0.5
2590 2594 3.905 0.059 0.5
2592 2595 3.905 0.059 0.5
2593 2597 3.905 0.059 0.5
2594 2598 3.905 0.059 0.5
2595 2599 3.905 0.059 0.5
2597 2600 3.905 0.059 0.5
2598 2602 3.905 0.059 0.5
2599 2603 3.905 0.059 0.5
2600 2604 3.905 0.059 0.5
2602 2605 3.905 0.059 0.5
2603 2607 3.905 0.059 0.5
2604 2608 3.905 0.059 0.5
2605 2609 3.905 0.059 0.5
2607 2610 3.905 0.059 0.5
2608 2612 3.905 0.059 0.5
2609 2613 3.905 0.059 0.5
2610 2614 3.905 0.059 0.5
2612 2615 3.905 0.059 0.5
2613 2617 3.905 0.059 0.5
2614 2618 3.905 0.059 0.5
2615 2619 3.905 0.059 0.5
2617 2620 3.905 0.059 0.5
2618 2622 3.905 0.059 0.5
2619 2623 3.905 0.059 0.5
2620 2624 3.905 0.059 0.5
2622 2625 3.905 0.07185053932 0.5
2627 2630 3.905 0.07185053932 0.5
2628 2632 3.905 0.059 0.5
2629 2633 3.905 0.059 0.5
2630 2634 3.905 0.059 0.5
2632 2635 3.905 0.059 0.5
2633 2637 3.905 0.059 0.5
2634 2638 3.905 0.059 0.5
2635 2639 3.905 0.059 0.5
2637 2640 3.905 0.059 0.5
2638 2642 3.905 0.059 0.5
2639 2643 3.905 0.059 0.5
2640 2644 3.905 0.059 0.5
2642 2645 3.905 0.059 0.5
2643 2647 3.905 0.059 0.5
2644 2648 3.905 0.059 0.5
2645 2649 3.905 0.059 0.5
2647 2650 3.905 0.059 0.5
2648 2652 3.905 0.059 0.5
2649 2653 3.905 0.059 0.5
2650 2654 3.905 0.059 0.5
2652 2655 3.905 0.059 0.5
2653 2657 3.905 0.059 0.5
2654 2658 3.905 0.059 0.5
2655 2659 3.905 0.059 0.5
2657 2660 3.905 0.059 0.5
2658 2662 3.905 0.059 0.5
2659 2663 3.905 0.059 0.5
2660 2664 3.905 0.059 0.5
2662 2665 3.905 0.059 0.5
2663 2667 3.905 0.059 0.5
2664 2668 3.905 0.059 0.5
2665 2669 3.905 0.059 0.5
2667 2670 3.905 0.059 0.5
2668 2672 3.905 0.059 0.5
2669 2673 3.905 0.059 0.5
2670 2674 3.905 0.059 0.5
2672 2675 3.905 0.059 0.5
2673 2677 3.905 0.059 0.5
2674 2678 3.905 0.059 0.5
2675 2679 3.905 0.059 0.5
2677 2680 3.905 0.059 0.5
2678 2682 3.905 0.059 0.5
2679 2683 3.905 0.059 0.5
2680 2684 3.905 0.059 0.5
2682 2685 3.905 0.059 0.5
2683 2687 3.905 0.059 0.5
2684 2688 3.905 0.059 0.5
2685 2689 3.905 0.059 0.5
2687 2690 3.905 0.059 0.5
2688 2692 3.905 0.059 0.5
2689 2693 3.905 0.059 0.5
2690 2694 3.905 0.059 0.5
2692 2695 3.905 0.059 0.5
2693 2697 3.905 0.059 0.5
2694 2698 3.905 0.059 0.5
2695 2699 3.905 0.059 0.5
2697 2700 3.905 0.059 0.5
2698 2702 3.905 0.059 0.5
2699 2703 3.905 0.059 0.5
2700 2704 3.905 0.059 0.5
2702 2705 3.905 0.059 0.5
2703 2707 3.905 0.059 0.5
2704 2708 3.905 0.059 0.5
2705 2709 3.905 0.059 0.5
2707 2710 3.905 0.059 0.5
2708 2712 3.905 0.059 0.5
2709 2713 3.905 0.059 0.5
2710 2714 3.905 0.059 0.5
2712 2715 3.905 0.059 0.5
2713 2717 3.905 0.059 0.5
2714 2718 3.905 0.059 0.5
2715 2719 3.905 0.059 0.5
2717 2720 3.905 0.059 0.5
2718 2722 3.905 0.059 0.5
2719 2723 3.905 0.059 0.5
2720 2724 3.905 0.059 0.5
2722 2725 3.905 0.059 0.5
2723 2727 3.905 0.059 0.5
2724 2728 3.905 0.059 0.5
2725 2729 3.905 0.059 0.5
2727 2730 3.905 0.059 0.5
2728 2732 3.905 0.059 0.5
2729 2733 3.905 0.059 0.5
2730 2734 3.905 0.059 0.5
2732 2735 3.905 0.059 0.5
2733 2737 3.905 0.059 0.5
2734 2738 3.905 0.059 0.5
2735 2739 3.905 0.059 0.5
2737 2740 3.905 0.059 0.5
2738 2742 3.905 0.059 0.5
2739 2743 3.905 0.059 0.5
2740 2744 3.905 0.059 0.5
2742 2745 3.905 0.059 0.5
2743 2747 3.905 0.059 0.5
2744 2748 3.905 0.059 0.5
2745 2749 3.905 0.059 0.5
2747 2750 3.905 0.07185053932 0.5
2752 2755 3.905 0.07185053932 0.5
2753 2757 3.905 0.059 0.5
2754 2758 3.905 0.059 0.5
2755 2759 3.905 0.059 0.5
2757 2760 3.905 0.059 0.5
2758 2762 3.905 0.059 0.5
2759 2763 3.905 0.059 0.5
2760 2764 3.905 0.059 0.5
2762 2765 3.905 0.059 0.5
2763 2767 3.905 0.059 0.5
2764 2768 3.905 0.059 0.5
2765 2769 3.905 0.059 0.5
2767 2770 3.905 0.059 0.5
2768 2772 3.905 0.059 0.5
2769 2773 3.905 0.059 0.5
2770 2774 3.905 0.059 0.5
2772 2775 3.905 0.059 0.5
2773 2777 3.905 0.059 0.5
2774 2778 3.905 0.059 0.5
2775 2779 3.905 0.059 0.5
2777 2780 3.905 0.059 0.5
2778 2782 3.905 0.059 0.5
2779 2783 3.905 0.059 0.5
2780 2784 3.905 0.059 0.5
2782 2785 3.905 0.059 0.5
2783 2787 3.905 0.059 0.5
2784 2788 3.905 0.059 0.5
2785 2789 3.905 0.059 0.5
2787 2790 3.905 0.059 0.5
2788 2792 3.905 0.059 0.5
2789 2793 3.905 0.059 0.5
2790 2794 3.905 0.059 0.5
2792 2795 3.905 0.059 0.5
2793 2797 3.905 0.059 0.5
2794 2798 3.905 0.059 0.5
2795 2799 3.905 0.059 0.5
2797 2800 3.905 0.059 0.5
2798 2802 3.905 0.059 0.5
2799 2803 3.905 0.059 0.5
2800 2804 3.905 0.059 0.5
2802 2805 3.905 0.059 0.5
2803 2807 3.905 0.059 0.5
2804 2808 3.905 0.059 0.5
2805 2809 3.905 0.059 0.5
2807 2810 3.905 0.059 0.5
2808 2812 3.905 0.059 0.5
2809 2813 3.905 0.059 0.5
2810 2814 3.905 0.059 0.5
2812 2815 3.905 0.059 0.5
2813 2817 3.905 0.059 0.5
2814 2818 3.905 0.059 0.5
2815 2819 3.905 0.059 0.5
2817 2820 3.905 0.059 0.5
2818 2822 3.905 0.059 0.5
2819 2823 3.905 0.059 0.5
2820 2824 3.905 0.059 0.5
2822 2825 3.905 0.059 0.5
2823 2827 3.905 0.059 0.5
2824 2828 3.905 0.059 0.5
2825 2829 3.905 0.059 0.5
2827 2830 3.905 0.059 0.5
2828 2832 3.905 0.059 0.5
2829 2833 3.905 0.059 0.5
2830 2834 3.905 0.059 0.5
2832 2835 3.905 0.059 0.5
2833 2837 3.905 0.059 0.5
2834 2838 3.905 0.059 0.5
2835 2839 3.905 0.059 0.5
2837 2840 3.905 0.059 0.5
2838 2842 3.905 0.059 0.5
2839 2843 3.905 0.059 0.5
2840 2844 3.905 0.059 0.5
2842 2845 3.905 0.059 0.5
2843 2847 3.905 0.059 0.5
2844 2848 3.905 0.059 0.5
2845 2849 3.905 0.059 0.5
2847 2850 3.905 0.059 0.5
2848 2852 3.905 0.059 0.5
2849 2853 3.905 0.059 0.5
2850 2854 3.905 0.059 0.5
2852 2855 3.905 0.059 0.5
2853 2857 3.905 0.059 0.5
2854 2858 3.905 0.059 0.5
2855 2859 3.905 0.059 0.5
2857 2860 3.905 0.059 0.5
2858 2862 3.905 0.059 0.5
2859 2863 3.905 0.059 0.5
2860 2864 3.905 0.059 0.5
2862 2865 3.905 0.059 0.5
2863 2867 3.905 0.059 0.5
2864 2868 3.905 0.059 0.5
2865 2869 3.905 0.059 0.5
2867 2870 3.905 0.059 0.5
2868 2872 3.905 0.059 0.5
2869 2873 3.905 0.059 0.5
2870 2874 3.905 0.059 0.5
2872 2875 3.905 0.07185053932 0.5
2877 2880 3.905 0.07185053932 0.5
2878 2882 3.905 0.059 0.5
2879 2883 3.905 0.059 0.5
2880 2884 3.905 0.059 0.5
2882 2885 3.905 0.059 0.5
2883 2887 3.905 0.059 0.5
2884 2888 3.905 0.059 0.5
2885 2889 3.905 0.059 0.5
2887 2890 3.905 0.059 0.5
2888 2892 3.905 0.059 0.5
2889 2893 3.905 0.059 0.5
2890 2894 3.905 0.059 0.5
2892 2895 3.905 0.059 0.5
2893 2897 3.905 0.059 0.5
2894 2898 3.905 0.059 0.5
2895 2899 3.905 0.059 0.5
2897 2900 3.905 0.059 0.5
2898 2902 3.905 0.059 0.5
2899 2903 3.905 0.059 0.5
2900 2904 3.905 0.059 0.5
2902 2905 3.905 0.059 0.5
2903 2907 3.905 0.059 0.5
2904 2908 3.905 0.059 0.5
2905 2909 3.905 0.059 0.5
2907 2910 3.905 0.059 0.5
2908 2912 3.905 0.059 0.5
2909 2913 3.905 0.059 0.5
2910 2914 3.905 0.059 0.5
2912 2915 3.905 0.059 0.5
2913 2917 3.905 0.059 0.5
2914 2918 3.905 0.059 0.5
2915 2919 3.905 0.059 0.5
2917 2920 3.905 0.059 0.5
2918 2922 3.905 0.059 0.5
2919 2923 3.905 0.059 0.5
2920 2924 3.905 0.059 0.5
2922 2925 3.905 0.059 0.5
2923 2927 3.905 0.059 0.5
2924 2928 3.905 0.059 0.5
2925 2929 3.905 0.059 0.5
2927 2930 3.905 0.059 0.5
2928 2932 3.905 0.059 0.5
2929 2933 3.905 0.059 0.5
2930 2934 3.905 0.059 0.5
2932 2935 3.905 0.059 0.5
2933 2937 3.905 0.059 0.5
2934 2938 3.905 0.059 0.5
2935 2939 3.905 0.059 0.5
2937 2940 3.905 0.059 0.5
2938 2942 3.905 0.059 0.5
2939 2943 3.905 0.059 0.5
2940 2944 3.905 0.059 0.5
2942 2945 3.905 0.059 0.5
2943 2947 3.905 0.059 0.5
2944 2948 3.905 0.059 0.5
2945 2949 3.905 0.059 0.5
2947 2950 3.905 0.059 0.5
2948 2952 3.905 0.059 0.5
2949 2953 3.905 0.059 0.5
2950 2954 3.905 0.059 0.5
2952 2955 3.905 0.059 0.5
2953 2957 3.905 0.059 0.5
2954 2958 3.905 0.059 0.5
2955 2959 3.905 0.059 0.5
2957 2960 3.905 0.059 0.5
2958 2962 3.905 0.059 0.5
2959 2963 3.905 0.059 0.5
2960 2964 3.905 0.059 0.5
2962 2965 3.905 0.059 0.5
2963 2967 3.905 0.059 0.5
2964 2968 3.905 0.059 0.5
2965 2969 3.905 0.059 0.5
2967 2970 3.905 0.059 0.5
2968 2972 3.905 0.059 0.5
2969 2973 3.905 0.059 0.5
2970 2974 3.905 0.059 0.5
2972 2975 3.905 0.059 0.5
2973 2977 3.905 0.059 0.5
2974 2978 3.905 0.059 0.5
2975 2979 3.905 0.059 0.5
2977 2980 3.905 0.059 0.5
2978 2982 3.905 0.059 0.5
2979 2983 3.905 0.059 0.5
2980 2984 3.905 0.059 0.5
2982 2985 3.905 0.059 0.5
2983 2987 3.905 0.059 0.5
2984 2988 3.905 0.059 0.5
2985 2989 3.905 0.059 0.5
2987 2990 3.905 0.059 0.5
2988 2992 3.905 0.059 0.5
2989 2993 3.905 0.059 0.5
2990 2994 3.905 0.059 0.5
2992 2995 3.905 0.059 0.5
2993 2997 3.905 0.059 0.5
2994 2998 3.905 0.059 0.5
2995 2999 3.905 0.059 0.5
2997 3000 3.905 0.07185053932 0.5
3002 3005 3.905 0.07185053932 0.5
3003 3007 3.905 0.059 0.5
3004 3008 3.905 0.059 0.5
3005 3009 3.905 0.059 0.5
3007 3010 3.905 0.059 0.5
3008 3012 3.905 0.059 0.5
3009 3013 3.905 0.059 0.5
3010 3014 3.905 0.059 0.5
3012 3015 3.905 0.059 0.5
3013 3017 3.905 0.059 0.5
3014 3018 3.905 0.059 0.5
3015 3019 3.905 0.059 0.5
3017 3020 3.905 0.059 0.5
3018 3022 3.905 0.059 0.5
3019 3023 3.905 0.059 0.5
3020 3024 3.905 0.059 0.5
3022 3025 3.905 0.059 0.5
3023 3027 3.905 0.059 0.5
3024 3028 3.905 0.059 0.5
3025 3029 3.905 0.059 0.5
3027 3030 3.905 0.059 0.5
3028 3032 3.905 0.059 0.5
3029 3033 3.905 0.059 0.5
3030 3034 3.905 0.059 0.5
3032 3035 3.905 0.059 0.5
3033 3037 3.905 0.059 0.5
3034 3038 3.905 0.059 0.5
3035 3039 3.905 0.059 0.5
3037 3040 3.905 0.059 0.5
3038 3042 3.905 0.059 0.5
3039 3043 3.905 0.059 0.5
3040 3044 3.905 0.059 0.5
3042 3045 3.905 0.059 0.5
3043 3047 3.905 0.059 0.5
3044 3048 3.905 0.059 0.5
3045 3049 3.905 0.059 0.5
3047 3050 3.905 0.059 0.5
3048 3052 3.905 0.059 0.5
3049 3053 3.905 0.059 0.5
3050 3054 3.905 0.059 0.5
3052 3055 3.905 0.059 0.5
3053 3057 3.905 0.059 0.5
3054 3058 3.905 0.059 0.5
3055 3059 3.905 0.059 0.5
3057 3060 3.905 0.059 0.5
3058 3062 3.905 0.059 0.5
3059 3063 3.905 0.059 0.5
3060 3064 3.905 0.059 0.5
3062 3065 3.905 0.059 0.5
3063 3067 3.905 0.059 0.5
3064 3068 3.905 0.059 0.5
3065 3069 3.905 0.059 0.5
3067 3070 3.905 0.059 0.5
3068 3072 3.905 0.059 0.5
3069 3073 3.905 0.059 0.5
3070 3074 3.905 0.059 0.5
3072 3075 3.905 0.059 0.5
3073 3077 3.905 0.059 0.5
3074 3078 3.905 0.059 0.5
3075 3079 3.905 0.059 0.5
3077 3080 3.905 0.059 0.5
3078 3082 3.905 0.059 0.5
3079 3083 3.905 0.059 0.5
3080 3084 3.905 0.059 0.5
3082 3085 3.905 0.059 0.5
3083 3087 3.905 0.059 0.5
3084 3088 3.905 0.059 0.5
3085 3089 3.905 0.059 0.5
3087 3090 3.905 0.059 0.5
3088 3092 3.905 0.059 0.5
3089 3093 3.905 0.059 0.5
3090 3094 3.905 0.059 0.5
3092 3095 3.905 0.059 0.5
3093 3097 3.905 0.059 0.5
3094 3098 3.905 0.059 0.5
3095 3099 3.905 0.059 0.5
3097 3100 3.905 0.059 0.5
3098 3102 3.905 0.059 0.5
3099 3103 3.905 0.059 0.5
3100 3104 3.905 0.059 0.5
3102 3105 3.905 0.059 0.5
3103 3107 3.905 0.059 0.5
3104 3108 3.905 0.059 0.5
3105 3109 3.905 0.059 0.5
3107 3110 3.905 0.059 0.5
3108 3112 3.905 0.059 0.5
3109 3113 3.905 0.059 0.5
3110 3114 3.905 0.059 0.5
3112 3115 3.905 0.059 0.5
3113 3117 3.905 0.059 0.5
3114 3118 3.905 0.059 0.5
3115 3119 3.905 0.059 0.5
3117 3120 3.905 0.059 0.5
3118 3122 3.905 0.059 0.5
3119 3123 3.905 0.059 0.5
3120 3124 3.905 0.059 0.5
3122 3125 3.905 0.07185053932 0.5
3127 3130 3.905 0.07185053932 0.5
3128 3132 3.905 0.059 0.5
3129 3133 3.905 0.059 0.5
3130 3134 3.905 0.059 0.5
3132 3135 3.905 0.059 0.5
3133 3137 3.905 0.059 0.5
3134 3138 3.905 0.059 0.5
3135 3139 3.905 0.059 0.5
3137 3140 3.905 0.059 0.5
3138 3142 3.905 0.059 0.5
3139 3143 3.905 0.059 0.5
3140 3144 3.905 0.059 0.5
3142 3145 3.905 0.059 0.5
3143 3147 3.905 0.059 0.5
3144 3148 3.905 0.059 0.5
3145 3149 3.905 0.059 0.5
3147 3150 3.905 0.059 0.5
3148 3152 3.905 0.059 0.5
3149 3153 3.905 0.059 0.5
3150 3154 3.905 0.059 0.5
3152 3155 3.905 0.059 0.5
3153 3157 3.905 0.059 0.5
3154 3158 3.905 0.059 0.5
3155 3159 3.905 0.059 0.5
3157 3160 3.905 0.059 0.5
3158 3162 3.905 0.059 0.5
3159 3163 3.905 0.059 0.5
3160 3164 3.905 0.059 0.5
3162 3165 3.905 0.059 0.5
3163 3167 3.905 0.059 0.5
3164 3168 3.905 0.059 0.5
3165 3169 3.905 0.059 0.5
3167 3170 3.905 0.059 0.5
3168 3172 3.905 0.059 0.5
3169 3173 3.905 0.059 0.5
3170 3174 3.905 0.059 0.5
3172 3175 3.905 0.059 0.5
3173 3177 3.905 0.059 0.5
3174 3178 3.905 0.059 0.5
3175 3179 3.905 0.059 0.5
3177 3180 3.905 0.059 0.5
3178 3182 3.905 0.059 0.5
3179 3183 3.905 0.059 0.5
3180 3184 3.905 0.059 0.5
3182 3185 3.905 0.059 0.5
3183 3187 3.905 0.059 0.5
3184 3188 3.905 0.059 0.5
3185 3189 3.905 0.059 0.5
3187 3190 3.905 0.059 0.5
3188 3192 3.905 0.059 0.5
3189 3193 3.905 0.059 0.5
3190 3194 3.905 0.059 0.5
3192 3195 3.905 0.059 0.5
3193 3197 3.905 0.059 0.5
3194 3198 3.905 0.059 0.5
3195 3199 3.905 0.059 0.5
3197 3200 3.905 0.059 0.5
3198 3202 3.905 0.059 0.5
3199 3203 3.905 0.059 0.5
3200 3204 3.905 0.059 0.5
3202 3205 3.905 0.059 0.5
3203 3207 3.905 0.059 0.5
3204 3208 3.905 0.059 0.5
3205 3209 3.905 0.059 0.5
3207 3210 3.905 0.059 0.5
3208 3212 3.905 0.059 0.5
3209 3213 3.905 0.059 0.5
3210 3214 3.905 0.059 0.5
3212 3215 3.905 0.059 0.5
3213 3217 3.905 0.059 0.5
3214 3218 3.905 0.059 0.5
3215 3219 3.905 0.059 0.5
3217 3220 3.905 0.059 0.5
3218 3222 3.905 0.059 0.5
3219 3223 3.905 0.059 0.5
3220 3224 3.905 0.059 0.5
3222 3225 3.905 0.059 0.5
3223 3227 3.905 0.059 0.5
3224 3228 3.905 0.059 0.5
3225 3229 3.905 0.059 0.5
3227 3230 3.905 0.059 0.5
3228 3232 3.905 0.059 0.5
3229 3233 3.905 0.059 0.5
3230 3234 3.905 0.059 0.5
3232 3235 3.905 0.059 0.5
3233 3237 3.905 0.059 0.5
3234 3238 3.905 0.059 0.5
3235 3239 3.905 0.059 0.5
3237 3240 3.905 0.059 0.5
3238 3242 3.905 0.059 0.5
3239 3243 3.905 0.059 0.5
3240 3244 3.905 0.059 0.5
3242 3245 3.905 0.059 0.5
3243 3247 3.905 0.059 0.5
3244 3248 3.905 0.059 0.5
3245 3249 3.905 0.059 0.5
3247 3250 3.905 0.07185053932 0.5
3252 3255 3.905 0.07185053932 0.5
3253 3257 3.905 0.059 0.5
3254 3258 3.905 0.059 0.5
3255 3259 3.905 0.059 0.5
3257 3260 3.905 0.059 0.5
3258 3262 3.905 0.059 0.5
3259 3263 3.905 0.059 0.5
3260 3264 3.905 0.059 0.5
3262 3265 3.905 0.059 0.5
3263 3267 3.905 0.059 0.5
3264 3268 3.905 0.059 0.5
3265 3269 3.905 0.059 0.5
3267 3270 3.905 0.059 0.5
3268 3272 3.905 0.059 0.5
3269 3273 3.905 0.059 0.5
3270 3274 3.905 0.059 0.5
3272 3275 3.905 0.059 0.5
3273 3277 3.905 0.059 0.5
3274 3278 3.905 0.059 0.5
3275 3279 3.905 0.059 0.5
3277 3280 3.905 0.059 0.5
3278 3282 3.905 0.059 0.5
3279 3283 3.905 0.059 0.5
3280 3284 3.905 0.059 0.5
3282 3285 3.905 0.059 0.5
3283 3287 3.905 0.059 0.5
3284 3288 3.905 0.059 0.5
3285 3289 3.905 0.059 0.5
3287 3290 3.905 0.059 0.5
3288 3292 3.905 0.059 0.5
3289 3293 3.905 0.059 0.5
3290 3294 3.905 0.059 0.5
3292 3295 3.905 0.059 0.5
3293 3297 3.905 0.059 0.5
3294 3298 3.905 0.059 0.5
3295 3299 3.905 0.059 0.5
3297 3300 3.905 0.059 0.5
3298 3302 3.905 0.059 0.5
3299 3303 3.905 0.059 0.5
3300 3304 3.905 0.059 0.5
3302 3305 3.905 0.059 0.5
3303 3307 3.905 0.059 0.5
3304 3308 3.905 0.059 0.5
3305 3309 3.905 0.059 0.5
3307 3310 3.905 0.059 0.5
3308 3312 3.905 0.059 0.5
3309 3313 3.905 0.059 0.5
3310 3314 3.905 0.059 0.5
3312 3315 3.905 0.059 0.5
3313 3317 3.905 0.059 0.5
3314 3318 3.905 0.059 0.5
3315 3319 3.905 0.059 0.5
3317 3320 3.905 0.059 0.5
3318 3322 3.905 0.059 0.5
3319 3323 3.905 0.059 0.5
3320 3324 3.905 0.059 0.5
3322 3325 3.905 0.059 0.5
3323 3327 3.905 0.059 0.5
3324 3328 3.905 0.059 0.5
3325 3329 3.905 0.059 0.5
3327 3330 3.905 0.059 0.5
3328 3332 3.905 0.059 0.5
3329 3333 3.905 0.059 0.5
3330 3334 3.905 0.059 0.5
3332 3335 3.905 0.059 0.5
3333 3337 3.905 0.059 0.5
3334 3338 3.905 0.059 0.5
3335 3339 3.905 0.059 0.5
3337 3340 3.905 0.059 0.5
3338 3342 3.905 0.059 0.5
3339 3343 3.905 0.059 0.5
3340 3344 3.905 0.059 0.5
3342 3345 3.905 0.059 0.5
3343 3347 3.905 0.059 0.5
3344 3348 3.905 0.059 0.5
3345 3349 3.905 0.059 0.5
3347 3350 3.905 0.059 0.5
3348 3352 3.905 0.059 0.5
3349 3353 3.905 0.059 0.5
3350 3354 3.905 0.059 0.5
3352 3355 3.905 0.059 0.5
3353 3357 3.905 0.059 0.5
3354 3358 3.905 0.059 0.5
3355 3359 3.905 0.059 0.5
3357 3360 3.905 0.059 0.5
3358 3362 3.905 0.059 0.5
3359 3363 3.905 0.059 0.5
3360 3364 3.905 0.059 0.5
3362 3365 3.905 0.059 0.5
3363 3367 3.905 0.059 0.5
3364 3368 3.905 0.059 0.5
3365 3369 3.905 0.059 0.5
3367 3370 3.905 0.059 0.5
3368 3372 3.905 0.059 0.5
3369 3373 3.905 0.059 0.5
3370 3374 3.905 0.059 0.5
3372 3375 3.905 0.07185053932 0.5
3377 3380 3.905 0.07185053932 0.5
3378 3382 3.905 0.059 0.5
3379 3383 3.905 0.059 0.5
3380 3384 3.905 0.059 0.5
3382 3385 3.905 0.059 0.5
3383 3387 3.905 0.059 0.5
3384 3388 3.905 0.059 0.5
3385 3389 3.905 0.059 0.5
3387 3390 3.905 0.059 0.5
3388 3392 3.905 0.059 0.5
3389 3393 3.905 0.059 0.5
3390 3394 3.905 0.059 0.5
3392 3395 3.905 0.059 0.5
3393 3397 3.905 0.059 0.5
3394 3398 3.905 0.059 0.5
3395 3399 3.905 0.059 0.5
3397 3400 3.905 0.059 0.5
3398 3402 3.905 0.059 0.5
3399 3403 3.905 0.059 0.5
3400 3404 3.905 0.059 0.5
3402 3405 3.905 0.059 0.5
3403 3407 3.905 0.059 0.5
3404 3408 3.905 0.059 0.5
3405 3409 3.905 0.059 0.5
3407 3410 3.905 0.059 0.5
3408 3412 3.905 0.059 0.5
3409 3413 3.905 0.059 0.5
3410 3414 3.905 0.059 0.5
3412 3415 3.905 0.059 0.5
3413 3417 3.905 0.059 0.5
3414 3418 3.905 0.059 0.5
3415 3419 3.905 0.059 0.5
3417 3420 3.905 0.059 0.5
3418 3422 3.905 0.059 0.5
3419 3423 3.905 0.059 0.5
3420 3424 3.905 0.059 0.5
3422 3425 3.905 0.059 0.5
3423 3427 3.905 0.059 0.5
3424 3428 3.905 0.059 0.5
3425 3429 3.905 0.059 0.5
3427 3430 3.905 0.059 0.5
3428 3432 3.905 0.059 0.5
3429 3433 3.905 0.059 0.5
3430 3434 3.905 0.059 0.5
3432 3435 3.905 0.059 0.5
3433 3437 3.905 0.059 0.5
3434 3438 3.905 0.059 0.5
3435 3439 3.905 0.059 0.5
3437 3440 3.905 0.059 0.5
3438 3442 3.905 0.059 0.5
3439 3443 3.905 0.059 0.5
3440 3444 3.905 0.059 0.5
3442 3445 3.905 0.059 0.5
3443 3447 3.905 0.059 0.5
3444 3448 3.905 0.059 0.5
3445 3449 3.905 0.059 0.5
3447 3450 3.905 0.059 0.5
3448 3452 3.905 0.059 0.5
3449 3453 3.905 0.059 0.5
3450 3454 3.905 0.059 0.5
3452 3455 3.905 0.059 0.5
3453 3457 3.905 0.059 0.5
3454 3458 3.905 0.059 0.5
3455 3459 3.905 0.059 0.5
3457 3460 3.905 0.059 0.5
3458 3462 3.905 0.059 0.5
3459 3463 3.905 0.059 0.5
3460 3464 3.905 0.059 0.5
3462 3465 3.905 0.059 0.5
3463 3467 3.905 0.059 0.5
3464 3468 3.905 0.059 0.5
3465 3469 3.905 0.059 0.5
3467 3470 3.905 0.059 0.5
3468 3472 3.905 0.059 0.5
3469 3473 3.905 0.059 0.5
3470 3474 3.905 0.059 0.5
3472 3475 3.905 0.059 0.5
3473 3477 3.905 0.059 0.5
3474 3478 3.905 0.059 0.5
3475 3479 3.905 0.059 0.5
3477 3480 3.905 0.059 0.5
3478 3482 3.905 0.059 0.5
3479 3483 3.905 0.059 0.5
3480 3484 3.905 0.059 0.5
3482 3485 3.905 0.059 0.5
3483 3487 3.905 0.059 0.5
3484 3488 3.905 0.059 0.5
3485 3489 3.905 0.059 0.5
3487 3490 3.905 0.059 0.5
3488 3492 3.905 0.059 0.5
3489 3493 3.905 0.059 0.5
3490 3494 3.905 0.059 0.5
3492 3495 3.905 0.059 0.5
3493 3497 3.905 0.059 0.5
3494 3498 3.905 0.059 0.5
3495 3499 3.905 0.059 0.5
3497 3500 3.905 0.07185053932 0.5
3502 3505 3.905 0.07185053932 0.5
3503 3507 3.905 0.059 0.5
3504 3508 3.905 0.059 0.5
3505 3509 3.905 0.059 0.5
3507 3510 3.905 0.059 0.5
3508 3512 3.905 0.059 0.5
3509 3513 3.905 0.059 0.5
3510 3514 3.905 0.059 0.5
3512 3515 3.905 0.059 0.5
3513 3517 3.905 0.059 0.5
3514 3518 3.905 0.059 0.5
3515 3519 3.905 0.059 0.5
3517 3520 3.905 0.059 0.5
3518 3522 3.905 0.059 0.5
3519 3523 3.905 0.059 0.5
3520 3524 3.905 0.059 0.5
3522 3525 3.905 0.059 0.5
3523 3527 3.905 0.059 0.5
3524 3528 3.905 0.059 0.5
3525 3529 3.905 0.059 0.5
3527 3530 3.905 0.059 0.5
3528 3532 3.905 0.059 0.5
3529 3533 3.905 0.059 0.5
3530 3534 3.905 0.059 0.5
3532 3535 3.905 0.059 0.5
3533 3537 3.905 0.059 0.5
3534 3538 3.905 0.059 0.5
3535 3539 3.905 0.059 0.5
3537 3540 3.905 0.059 0.5
3538 3542 3.905 0.059 0.5
3539 3543 3.905 0.059 0.5
3540 3544 3.905 0.059 0.5
3542 3545 3.905 0.059 0.5
3543 3547 3.905 0.059 0.5
3544 3548 3.905 0.059 0.5
3545 3549 3.905 0.059 0.5
3547 3550 3.905 0.059 0.5
3548 3552 3.905 0.059 0.5
3549 3553 3.905 0.059 0.5
3550 3554 3.905 0.059 0.5
3552 3555 3.905 0.059 0.5
3553 3557 3.905 0.059 0.5
3554 3558 3.905 0.059 0.5
3555 3559 3.905 0.059 0.5
3557 3560 3.905 0.059 0.5
3558 3562 3.905 0.059 0.5
3559 3563 3.905 0.059 0.5
3560 3564 3.905 0.059 0.5
3562 3565 3.905 0.059 0.5
3563 3567 3.905 0.059 0.5
3564 3568 3.905 0.059 0.5
3565 3569 3.905 0.059 0.5
3567 3570 3.905 0.059 0.5
3568 3572 3.905 0.059 0.5
3569 3573 3.905 0.059 0.5
3570 3574 3.905 0.059 0.5
3572 3575 3.905 0.059 0.5
3573 3577 3.905 0.059 0.5
3574 3578 3.905 0.059 0.5
3575 3579 3.905 0.059 0.5
3577 3580 3.905 0.059 0.5
3578 3582 3.905 0.059 0.5
3579 3583 3.905 0.059 0.5
3580 3584 3.905 0.059 0.5
3582 3585 3.905 0.059 0.5
3583 3587 3.905 0.059 0.5
3584 3588 3.905 0.059 0.5
3585 3589 3.905 0.059 0.5
3587 3590 3.905 0.059 0.5
3588 3592 3.905 0.059 0.5
3589 3593 3.905 0.059 0.5
3590 3594 3.905 0.059 0.5
3592 3595 3.905 0.059 0.5
3593 3597 3.905 0.059 0.5
3594 3598 3.905 0.059 0.5
3595 3599 3.905 0.059 0.5
3597 3600 3.905 0.059 0.5
3598 3602 3.905 0.059 0.5
3599 3603 3.905 0.059 0.5
3600 3604 3.905 0.059 0.5
3602 3605 3.905 0.059 0.5
3603 3607 3.905 0.059 0.5
3604 3608 3.905 0.059 0.5
3605 3609 3.905 0.059 0.5
3607 3610 3.905 0.059 0.5
3608 3612 3.905 0.059 0.5
3609 3613 3.905 0.059 0.5
3610 3614 3.905 0.059 0.5
3612 3615 3.905 0.059 0.5
3613 3617 3.905 0.059 0.5
3614 3618 3.905 0.059 0.5
3615 3619 3.905 0.059 0.5
3617 3620 3.905 0.059 0.5
3618 3622 3.905 0.059 0.5
3619 3623 3.905 0.059 0.5
3620 3624 3.905 0.059 0.5
3622 3625 3.905 0.07185053932 0.5
3627 3630 3.905 0.07185053932 0.5
3628 3632 3.905 0.059 0.5
3629 3633 3.905 0.059 0.5
3630 3634 3.905 0.059 0.5
3632 3635 3.905 0.059 0.5
3633 3637 3.905 0.059 0.5
3634 3638 3.905 0.059 0.5
3635 3639 3.905 0.059 0.5
3637 3640 3.905 0.059 0.5
3638 3642 3.905 0.059 0.5
3639 3643 3.905 0.059 0.5
3640 3644 3.905 0.059 0.5
3642 3645 3.905 0.059 0.5
3643 3647 3.905 0.059 0.5
3644 3648 3.905 0.059 0.5
3645 3649 3.905 0.059 0.5
3647 3650 3.905 0.059 0.5
3648 3652 3.905 0.059 0.5
3649 3653 3.905 0.059 0.5
3650 3654 3.905 0.059 0.5
3652 3655 3.905 0.059 0.5
3653 3657 3.905 0.059 0.5
3654 3658 3.905 0.059 0.5
3655 3659 3.905 0.059 0.5
3657 3660 3.905 0.059 0.5
3658 3662 3.905 0.059 0.5
3659 3663 3.905 0.059 0.5
3660 3664 3.905 0.059 0.5
3662 3665 3.905 0.059 0.5
3663 3667 3.905 0.059 0.5
3664 3668 3.905 0.059 0.5
3665 3669 3.905 0.059 0.5
3667 3670 3.905 0.059 0.5
3668 3672 3.905 0.059 0.5
3669 3673 3.905 0.059 0.5
3670 3674 3.905 0.059 0.5
3672 3675 3.905 0.059 0.5
3673 3677 3.905 0.059 0.5
3674 3678 3.905 0.059 0.5
3675 3679 3.905 0.059 0.5
3677 3680 3.905 0.059 0.5
3678 3682 3.905 0.059 0.5
3679 3683 3.905 0.059 0.5
3680 3684 3.905 0.059 0.5
3682 3685 3.905 0.059 0.5
3683 3687 3.905 0.059 0.5
3684 3688 3.905 0.059 0.5
3685 3689 3.905 0.059 0.5
3687 3690 3.905 0.059 0.5
3688 3692 3.905 0.059 0.5
3689 3693 3.905 0.059 0.5
3690 3694 3.905 0.059 0.5
3692 3695 3.905 0.059 0.5
3693 3697 3.905 0.059 0.5
3694 3698 3.905 0.059 0.5
3695 3699 3.905 0.059 0.5
3697 3700 3.905 0.059 0.5
3698 3702 3.905 0.059 0.5
3699 3703 3.905 0.059 0.5
3700 3704 3.905 0.059 0.5
3702 3705 3.905 0.059 0.5
3703 3707 3.905 0.059 0.5
3704 3708 3.905 0.059 0.5
3705 3709 3.905 0.059 0.5
3707 3710 3.905 0.059 0.5
3708 3712 3.905 0.059 0.5
3709 3713 3.905 0.059 0.5
3710 3714 3.905 0.059 0.5
3712 3715 3.905 0.059 0.5
3713 3717 3.905 0.059 0.5
3714 3718 3.905 0.059 0.5
3715 3719 3.905 0.059 0.5
3717 3720 3.905 0.059 0.5
3718 3722 3.905 0.059 0.5
3719 3723 3.905 0.059 0.5
3720 3724 3.905 0.059 0.5
3722 3725 3.905 0.059 0.5
3723 3727 3.905 0.059 0.5
3724 3728 3.905 0.059 0.5
3725 3729 3.905 0.059 0.5
3727 3730 3.905 0.059 0.5
3728 3732 3.905 0.059 0.5
3729 3733 3.905 0.059 0.5
3730 3734 3.905 0.059 0.5
3732 3735 3.905 0.059 0.5
3733 3737 3.905 0.059 0.5
3734 3738 3.905 0.059 0.5
3735 3739 3.905 0.059 0.5
3737 3740 3.905 0.059 0.5
3738 3742 3.905 0.059 0.5
3739 3743 3.905 0.059 0.5
3740 3744 3.905 0.059 0.5
3742 3745 3.905 0.059 0.5
3743 3747 3.905 0.059 0.5
3744 3748 3.905 0.059 0.5
3745 3749 3.905 0.059 0.5
3747 3750 3.905 0.07185053932 0.5
3752 3755 3.905 0.07185053932 0.5
3753 3757 3.905 0.059 0.5
3754 3758 3.905 0.059 0.5
3755 3759 3.905 0.059 0.5
3757 3760 3.905 0.059 0.5
3758 3762 3.905 0.059 0.5
3759 3763 3.905 0.059 0.5
3760 3764 3.905 0.059 0.5
3762 3765 3.905 0.059 0.5
3763 3767 3.905 0.059 0.5
3764 3768 3.905 0.059 0.5
3765 3769 3.905 0.059 0.5
3767 3770 3.905 0.059 0.5
3768 3772 3.905 0.059 0.5
3769 3773 3.905 0.059 0.5
3770 3774 3.905 0.059 0.5
3772 3775 3.905 0.059 0.5
3773 3777 3.905 0.059 0.5
3774 3778 3.905 0.059 0.5
3775 3779 3.905 0.059 0.5
3777 3780 3.905 0.059 0.5
3778 3782 3.905 0.059 0.5
3779 3783 3.905 0.059 0.5
3780 3784 3.905 0.059 0.5
3782 3785 3.905 0.059 0.5
3783 3787 3.905 0.059 0.5
3784 3788 3.905 0.059 0.5
3785 3789 3.905 0.059 0.5
3787 3790 3.905 0.059 0.5
3788 3792 3.905 0.059 0.5
3789 3793 3.905 0.059 0.5
3790 3794 3.905 0.059 0.5
3792 3795 3.905 0.059 0.5
3793 3797 3.905 0.059 0.5
3794 3798 3.905 0.059 0.5
3795 3799 3.905 0.059 0.5
3797 3800 3.905 0.059 0.5
3798 3802 3.905 0.059 0.5
3799 3803 3.905 0.059 0.5
3800 3804 3.905 0.059 0.5
3802 3805 3.905 0.059 0.5
3803 3807 3.905 0.059 0.5
3804 3808 3.905 0.059 0.5
3805 3809 3.905 0.059 0.5
3807 3810 3.905 0.059 0.5
3808 3812 3.905 0.059 0.5
3809 3813 3.905 0.059 0.5
3810 3814 3.905 0.059 0.5
3812 3815 3.905 0.059 0.5
3813 3817 3.905 0.059 0.5
3814 3818 3.905 0.059 0.5
3815 3819 3.905 0.059 0.5
3817 3820 3.905 0.059 0.5
3818 3822 3.905 0.059 0.5
3819 3823 3.905 0.059 0.5
3820 3824 3.905 0.059 0.5
3822 3825 3.905 0.059 0.5
3823 3827 3.905 0.059 0.5
3824 3828 3.905 0.059 0.5
3825 3829 3.905 0.059 0.5
3827 3830 3.905 0.059 0.5
3828 3832 3.905 0.059 0.5
3829 3833 3.905 0.059 0.5
3830 3834 3.905 0.059 0.5
3832 3835 3.905 0.059 0.5
3833 3837 3.905 0.059 0.5
3834 3838 3.905 0.059 0.5
3835 3839 3.905 0.059 0.5
3837 3840 3.905 0.059 0.5
3838 3842 3.905 0.059 0.5
3839 3843 3.905 0.059 0.5
3840 3844 3.905 0.059 0.5
3842 3845 3.905 0.059 0.5
3843 3847 3.905 0.059 0.5
3844 3848 3.905 0.059 0.5
3845 3849 3.905 0.059 0.5
3847 3850 3.905 0.059 0.5
3848 3852 3.905 0.059 0.5
3849 3853 3.905 0.059 0.5
3850 3854 3.905 0.059 0.5
3852 3855 3.905 0.059 0.5
3853 3857 3.905 0.059 0.5
3854 3858 3.905 0.059 0.5
3855 3859 3.905 0.059 0.5
3857 3860 3.905 0.059 0.5
3858 3862 3.905 0.059 0.5
3859 3863 3.905 0.059 0.5
3860 3864 3.905 0.059 0.5
3862 3865 3.905 0.059 0.5
3863 3867 3.905 0.059 0.5
3864 3868 3.905 0.059 0.5
3865 3869 3.905 0.059 0.5
3867 3870 3.905 0.059 0.5
3868 3872 3.905 0.059 0.5
3869 3873 3.905 0.059 0.5
3870 3874 3.905 0.059 0.5
3872 3875 3.905 0.07185053932 0.5
3877 3880 3.905 0.07185053932 0.5
3878 3882 3.905 0.059 0.5
3879 3883 3.905 0.059 0.5
3880 3884 3.905 0.059 0.5
3882 3885 3.905 0.059 0.5
3883 3887 3.905 0.059 0.5
3884 3888 3.905 0.059 0.5
3885 3889 3.905 0.059 0.5
3887 3890 3.905 0.059 0.5
3888 3892 3.905 0.059 0.5
3889 3893 3.905 0.059 0.5
3890 3894 3.905 0.059 0.5
3892 3895 3.905 0.059 0.5
3893 3897 3.905 0.059 0.5
3894 3898 3.905 0.059 0.5
3895 3899 3.905 0.059 0.5
3897 3900 3.905 0.059 0.5
3898 3902 3.905 0.059 0.5
3899 3903 3.905 0.059 0.5
3900 3904 3.905 0.059 0.5
3902 3905 3.905 0.059 0.5
3903 3907 3.905 0.059 0.5
3904 3908 3.905 0.059 0.5
3905 3909 3.905 0.059 0.5
3907 3910 3.905 0.059 0.5
3908 3912 3.905 0.059 0.5
3909 3913 3.905 0.059 0.5
3910 3914 3.905 0.059 0.5
3912 3915 3.905 0.059 0.5
3913 3917 3.905 0.059 0.5
3914 3918 3.905 0.059 0.5
3915 3919 3.905 0.059 0.5
3917 3920 3.905 0.059 0.5
3918 3922 3.905 0.059 0.5
3919 3923 3.905 0.059 0.5
3920 3924 3.905 0.059 0.5
3922 3925 3.905 0.059 0.5
3923 3927 3.905 0.059 0.5
3924 3928 3.905 0.059 0.5
3925 3929 3.905 0.059 0.5
3927 3930 3.905 0.059 0.5
3928 3932 3.905 0.059 0.5
3929 3933 3.905 0.059 0.5
3930 3934 3.905 0.059 0.5
3932 3935 3.905 0.059 0.5
3933 3937 3.905 0.059 0.5
3934 3938 3.905 0.059 0.5
3935 3939 3.905 0.059 0.5
3937 3940 3.905 0.059 0.5
3938 3942 3.905 0.059 0.5
3939 3943 3.905 0.059 0.5
3940 3944 3.905 0.059 0.5
3942 3945 3.905 0.059 0.5
3943 3947 3.905 0.059 0.5
3944 3948 3.905 0.059 0.5
3945 3949 3.905 0.059 0.5
3947 3950 3.905 0.059 0.5
3948 3952 3.905 0.059 0.5
3949 3953 3.905 0.059 0.5
3950 3954 3.905 0.059 0.5
3952 3955 3.905 0.059 0.5
3953 3957 3.905 0.059 0.5
3954 3958 3.905 0.059 0.5
3955 3959 3.905 0.059 0.5
3957 3960 3.905 0.059 0.5
3958 3962 3.905 0.059 0.5
3959 3963 3.905 0.059 0.5
3960 3964 3.905 0.059 0.5
3962 3965 3.905 0.059 0.5
3963 3967 3.905 0.059 0.5
3964 3968 3.905 0.059 0.5
3965 3969 3.905 0.059 0.5
3967 3970 3.905 0.059 0.5
3968 3972 3.905 0.059 0.5
3969 3973 3.905 0.059 0.5
3970 3974 3.905 0.059 0.5
3972 3975 3.905 0.059 0.5
3973 3977 3.905 0.059 0.5
3974 3978 3.905 0.059 0.5
3975 3979 3.905 0.059 0.5
3977 3980 3.905 0.059 0.5
3978 3982 3.905 0.059 0.5
3979 3983 3.905 0.059 0.5
3980 3984 3.905 0.059 0.5
3982 3985 3.905 0.059 0.5
3983 3987 3.905 0.059 0.5
3984 3988 3.905 0.059 0.5
3985 3989 3.905 0.059 0.5
3987 3990 3.905 0.059 0.5
3988 3992 3.905 0.059 0.5
3989 3993 3.905 0.059 0.5
3990 3994 3.905 0.059 0.5
3992 3995 3.905 0.059 0.5
3993 3997 3.905 0.059 0.5
3994 3998 3.905 0.059 0.5
3995 3999 3.905 0.059 0.5
3997 4000 3.905 0.07185053932 0.5
4002 4005 3.905 0.07185053932 0.5
4003 4007 3.905 0.059 0.5
4004 4008 3.905 0.059 0.5
4005 4009 3.905 0.059 0.5
4007 4010 3.905 0.059 0.5
4008 4012 3.905 0.059 0.5
4009 4013 3.905 0.059 0.5
4010 4014 3.905 0.059 0.5
4012 4015 3.905 0.059 0.5
4013 4017 3.905 0.059 0.5
4014 4018 3.905 0.059 0.5
4015 4019 3.905 0.059 0.5
4017 4020 3.905 0.059 0.5
4018 4022 3.905 0.059 0.5
4019 4023 3.905 0.059 0.5
4020 4024 3.905 0.059 0.5
4022 4025 3.905 0.059 0.5
4023 4027 3.905 0.059 0.5
4024 4028 3.905 0.059 0.5
4025 4029 3.905 0.059 0.5
4027 4030 3.905 0.059 0.5
4028 4032 3.905 0.059 0.5
4029 4033 3.905 0.059 0.5
4030 4034 3.905 0.059 0.5
4032 4035 3.905 0.059 0.5
4033 4037 3.905 0.059 0.5
4034 4038 3.905 0.059 0.5
4035 4039 3.905 0.059 0.5
4037 4040 3.905 0.059 0.5
4038 4042 3.905 0.059 0.5
4039 4043 3.905 0.059 0.5
4040 4044 3.905 0.059 0.5
4042 4045 3.905 0.059 0.5
4043 4047 3.905 0.059 0.5
4044 4048 3.905 0.059 0.5
4045 4049 3.905 0.059 0.5
4047 4050 3.905 0.059 0.5
4048 4052 3.905 0.059 0.5
4049 4053 3.905 0.059 0.5
4050 4054 3.905 0.059 0.5
4052 4055 3.905 0.059 0.5
4053 4057 3.905 0.059 0.5
4054 4058 3.905 0.059 0.5
4055 4059 3.905 0.059 0.5
4057 4060 3.905 0.059 0.5
4058 4062 3.905 0.059 0.5
4059 4063 3.905 0.059 0.5
4060 4064 3.905 0.059 0.5
4062 4065 3.905 0.059 0.5
4063 4067 3.905 0.059 0.5
4064 4068 3.905 0.059 0.5
4065 4069 3.905 0.059 0.5
4067 4070 3.905 0.059 0.5
4068 4072 3.905 0.059 0.5
4069 4073 3.905 0.059 0.5
4070 4074 3.905 0.059 0.5
4072 4075 3.905 0.059 0.5
4073 4077 3.905 0.059 0.5
4074 4078 3.905 0.059 0.5
4075 4079 3.905 0.059 0.5
4077 4080 3.905 0.059 0.5
4078 4082 3.905 0.059 0.5
4079 4083 3.905 0.059 0.5
4080 4084 3.905 0.059 0.5
4082 4085 3.905 0.059 0.5
4083 4087 3.905 0.059 0.5
4084 4088 3.905 0.059 0.5
4085 4089 3.905 0.059 0.5
4087 4090 3.905 0.059 0.5
4088 4092 3.905 0.059 0.5
4089 4093 3.905 0.059 0.5
4090 4094 3.905 0.059 0.5
4092 4095 3.905 0.059 0.5
4093 4097 3.905 0.059 0.5
4094 4098 3.905 0.059 0.5
4095 4099 3.905 0.059 0.5
4097 4100 3.905 0.059 0.5
4098 4102 3.905 0.059 0.5
4099 4103 3.905 0.059 0.5
4100 4104 3.905 0.059 0.5
4102 4105 3.905 0.059 0.5
4103 4107 3.905 0.059 0.5
4104 4108 3.905 0.059 0.5
4105 4109 3.905 0.059 0.5
4107 4110 3.905 0.059 0.5
4108 4112 3.905 0.059 0.5
4109 4113 3.905 0.059 0.5
4110 4114 3.905 0.059 0.5
4112 4115 3.905 0.059 0.5
4113 4117 3.905 0.059 0.5
4114 4118 3.905 0.059 0.5
4115 4119 3.905 0.059 0.5
4117 4120 3.905 0.059 0.5
4118 4122 3.905 0.059 0.5
4119 4123 3.905 0.059 0.5
4120 4124 3.905 0.059 0.5
4122 4125 3.905 0.07185053932 0.5
4127 4130 3.905 0.07185053932 0.5
4128 4132 3.905 0.059 0.5
4129 4133 3.905 0.059 0.5
4130 4134 3.905 0.059 0.5
4132 4135 3.905 0.059 0.5
4133 4137 3.905 0.059 0.5
4134 4138 3.905 0.059 0.5
4135 4139 3.905 0.059 0.5
4137 4140 3.905 0.059 0.5
4138 4142 3.905 0.059 0.5
4139 4143 3.905 0.059 0.5
4140 4144 3.905 0.059 0.5
4142 4145 3.905 0.059 0.5
4143 4147 3.905 0.059 0.5
4144 4148 3.905 0.059 0.5
4145 4149 3.905 0.059 0.5
4147 4150 3.905 0.059 0.5
4148 4152 3.905 0.059 0.5
4149 4153 3.905 0.059 0.5
4150 4154 3.905 0.059 0.5
4152 4155 3.905 0.059 0.5
4153 4157 3.905 0.059 0.5
4154 4158 3.905 0.059 0.5
4155 4159 3.905 0.059 0.5
4157 4160 3.905 0.059 0.5
4158 4162 3.905 0.059 0.5
4159 4163 3.905 0.059 0.5
4160 4164 3.905 0.059 0.5
4162 4165 3.905 0.059 0.5
4163 4167 3.905 0.059 0.5
4164 4168 3.905 0.059 0.5
4165 4169 3.905 0.059 0.5
4167 4170 3.905 0.059 0.5
4168 4172 3.905 0.059 0.5
4169 4173 3.905 0.059 0.5
4170 4174 3.905 0.059 0.5
4172 4175 3.905 0.059 0.5
4173 4177 3.905 0.059 0.5
4174 4178 3.905 0.059 0.5
4175 4179 3.905 0.059 0.5
4177 4180 3.905 0.059 0.5
4178 4182 3.905 0.059 0.5
4179 4183 3.905 0.059 0.5
4180 4184 3.905 0.059 0.5
4182 4185 3.905 0.059 0.5
4183 4187 3.905 0.059 0.5
4184 4188 3.905 0.059 0.5
4185 4189 3.905 0.059 0.5
4187 4190 3.905 0.059 0.5
4188 4192 3.905 0.059 0.5
4189 4193 3.905 0.059 0.5
4190 4194 3.905 0.059 0.5
4192 4195 3.905 0.059 0.5
4193 4197 3.905 0.059 0.5
4194 4198 3.905 0.059 0.5
4195 4199 3.905 0.059 0.5
4197 4200 3.905 0.059 0.5
4198 4202 3.905 0.059 0.5
4199 4203 3.905 0.059 0.5
4200 4204 3.905 0.059 0.5
4202 4205 3.905 0.059 0.5
4203 4207 3.905 0.059 0.5
4204 4208 3.905 0.059 0.5
4205 4209 3.905 0.059 0.5
4207 4210 3.905 0.059 0.5
4208 4212 3.905 0.059 0.5
4209 4213 3.905 0.059 0.5
4210 4214 3.905 0.059 0.5
4212 4215 3.905 0.059 0.5
4213 4217 3.905 0.059 0.5
4214 4218 3.905 0.059 0.5
4215 4219 3.905 0.059 0.5
4217 4220 3.905 0.059 0.5
4218 4222 3.905 0.059 0.5
4219 4223 3.905 0.059 0.5
4220 4224 3.905 0.059 0.5
4222 4225 3.905 0.059 0.5
4223 4227 3.905 0.059 0.5
4224 4228 3.905 0.059 0.5
4225 4229 3.905 0.059 0.5
4227 4230 3.905 0.059 0.5
4228 4232 3.905 0.059 0.5
4229 4233 3.905 0.059 0.5
4230 4234 3.905 0.059 0.5
4232 4235 3.905 0.059 0.5
4233 4237 3.905 0.059 0.5
4234 4238 3.905 0.059 0.5
4235 4239 3.905 0.059 0.5
4237 4240 3.905 0.059 0.5
4238 4242 3.905 0.059 0.5
4239 4243 3.905 0.059 0.5
4240 4244 3.905 0.059 0.5
4242 4245 3.905 0.059 0.5
4243 4247 3.905 0.059 0.5
4244 4248 3.905 0.059 0.5
4245 4249 3.905 0.059 0.5
4247 4250 3.905 0.07185053932 0.5
4252 4255 3.905 0.07185053932 0.5
4253 4257 3.905 0.059 0.5
4254 4258 3.905 0.059 0.5
4255 4259 3.905 0.059 0.5
4257 4260 3.905 0.059 0.5
4258 4262 3.905 0.059 0.5
4259 4263 3.905 0.059 0.5
4260 4264 3.905 0.059 0.5
4262 4265 3.905 0.059 0.5
4263 4267 3.905 0.059 0.5
4264 4268 3.905 0.059 0.5
4265 4269 3.905 0.059 0.5
4267 4270 3.905 0.059 0.5
4268 4272 3.905 0.059 0.5
4269 4273 3.905 0.059 0.5
4270 4274 3.905 0.059 0.5
4272 4275 3.905 0.059 0.5
4273 4277 3.905 0.059 0.5
4274 4278 3.905 0.059 0.5
4275 4279 3.905 0.059 0.5
4277 4280 3.905 0.059 0.5
4278 4282 3.905 0.059 0.5
4279 4283 3.905 0.059 0.5
4280 4284 3.905 0.059 0.5
4282 4285 3.905 0.059 0.5
4283 4287 3.905 0.059 0.5
4284 4288 3.905 0.059 0.5
4285 4289 3.905 0.059 0.5
4287 4290 3.905 0.059 0.5
4288 4292 3.905 0.059 0.5
4289 4293 3.905 0.059 0.5
4290 4294 3.905 0.059 0.5
4292 4295 3.905 0.059 0.5
4293 4297 3.905 0.059 0.5
4294 4298 3.905 0.059 0.5
4295 4299 3.905 0.059 0.5
4297 4300 3.905 0.059 0.5
4298 4302 3.905 0.059 0.5
4299 4303 3.905 0.059 0.5
4300 4304 3.905 0.059 0.5
4302 4305 3.905 0.059 0.5
4303 4307 3.905 0.059 0.5
4304 4308 3.905 0.059 0.5
4305 4309 3.905 0.059 0.5
4307 4310 3.905 0.059 0.5
4308 4312 3.905 0.059 0.5
4309 4313 3.905 0.059 0.5
4310 4314 3.905 0.059 0.5
4312 4315 3.905 0.059 0.5
4313 4317 3.905 0.059 0.5
4314 4318 3.905 0.059 0.5
4315 4319 3.905 0.059 0.5
4317 4320 3.905 0.059 0.5
4318 4322 3.905 0.059 0.5
4319 4323 3.905 0.059 0.5
4320 4324 3.905 0.059 0.5
4322 4325 3.905 0.059 0.5
4323 4327 3.905 0.059 0.5
4324 4328 3.905 0.059 0.5
4325 4329 3.905 0.059 0.5
4327 4330 3.905 0.059 0.5
4328 4332 3.905 0.059 0.5
4329 4333 3.905 0.059 0.5
4330 4334 3.905 0.059 0.5
4332 4335 3.905 0.059 0.5
4333 4337 3.905 0.059 0.5
4334 4338 3.905 0.059 0.5
4335 4339 3.905 0.059 0.5
4337 4340 3.905 0.059 0.5
4338 4342 3.905 0.059 0.5
4339 4343 3.905 0.059 0.5
4340 4344 3.905 0.059 0.5
4342 4345 3.905 0.059 0.5
4343 4347 3.905 0.059 0.5
4344 4348 3.905 0.059 0.5
4345 4349 3.905 0.059 0.5
4347 4350 3.905 0.059 0.5
4348 4352 3.905 0.059 0.5
4349 4353 3.905 0.059 0.5
4350 4354 3.905 0.059 0.5
4352 4355 3.905 0.059 0.5
4353 4357 3.905 0.059 0.5
4354 4358 3.905 0.059 0.5
4355 4359 3.905 0.059 0.5
4357 4360 3.905 0.059 0.5
4358 4362 3.905 0.059 0.5
4359 4363 3.905 0.059 0.5
4360 4364 3.905 0.059 0.5
4362 4365 3.905 0.059 0.5
4363 4367 3.905 0.059 0.5
4364 4368 3.905 0.059 0.5
4365 4369 3.905 0.059 0.5
4367 4370 3.905 0.059 0.5
4368 4372 3.905 0.059 0.5
4369 4373 3.905 0.059 0.5
4370 4374 3.905 0.059 0.5
4372 4375 3.905 0.07185053932 0.5
4377 4380 3.905 0.07185053932 0.5
4378 4382 3.905 0.059 0.5
4379 4383 3.905 0.059 0.5
4380 4384 3.905 0.059 0.5
4382 4385 3.905 0.059 0.5
4383 4387 3.905 0.059 0.5
4384 4388 3.905 0.059 0.5
4385 4389 3.905 0.059 0.5
4387 4390 3.905 0.059 0.5
4388 4392 3.905 0.059 0.5
4389 4393 3.905 0.059 0.5
4390 4394 3.905 0.059 0.5
4392 4395 3.905 0.059 0.5
4393 4397 3.905 0.059 0.5
4394 4398 3.905 0.059 0.5
4395 4399 3.905 0.059 0.5
4397 4400 3.905 0.059 0.5
4398 4402 3.905 0.059 0.5
4399 4403 3.905 0.059 0.5
4400 4404 3.905 0.059 0.5
4402 4405 3.905 0.059 0.5
4403 4407 3.905 0.059 0.5
4404 4408 3.905 0.059 0.5
4405 4409 3.905 0.059 0.5
4407 4410 3.905 0.059 0.5
4408 4412 3.905 0.059 0.5
4409 4413 3.905 0.059 0.5
4410 4414 3.905 0.059 0.5
4412 4415 3.905 0.059 0.5
4413 4417 3.905 0.059 0.5
4414 4418 3.905 0.059 0.5
4415 4419 3.905 0.059 0.5
4417 4420 3.905 0.059 0.5
4418 4422 3.905 0.059 0.5
4419 4423 3.905 0.059 0.5
4420 4424 3.905 0.059 0.5
4422 4425 3.905 0.059 0.5
4423 4427 3.905 0.059 0.5
4424 4428 3.905 0.059 0.5
4425 4429 3.905 0.059 0.5
4427 4430 3.905 0.059 0.5
4428 4432 3.905 0.059 0.5
4429 4433 3.905 0.059 0.5
4430 4434 3.905 0.059 0.5
4432 4435 3.905 0.059 0.5
4433 4437 3.905 0.059 0.5
4434 4438 3.905 0.059 0.5
4435 4439 3.905 0.059 0.5
4437 4440 3.905 0.059 0.5
4438 4442 3.905 0.059 0.5
4439 4443 3.905 0.059 0.5
4440 4444 3.905 0.059 0.5
4442 4445 3.905 0.059 0.5
4443 4447 3.905 0.059 0.5
4444 4448 3.905 0.059 0.5
4445 4449 3.905 0.059 0.5
4447 4450 3.905 0.059 0.5
4448 4452 3.905 0.059 0.5
4449 4453 3.905 0.059 0.5
4450 4454 3.905 0.059 0.5
4452 4455 3.905 0.059 0.5
4453 4457 3.905 0.059 0.5
4454 4458 3.905 0.059 0.5
4455 4459 3.905 0.059 0.5
4457 4460 3.905 0.059 0.5
4458 4462 3.905 0.059 0.5
4459 4463 3.905 0.059 0.5
4460 4464 3.905 0.059 0.5
4462 4465 3.905 0.059 0.5
4463 4467 3.905 0.059 0.5
4464 4468 3.905 0.059 0.5
4465 4469 3.905 0.059 0.5
4467 4470 3.905 0.059 0.5
4468 4472 3.905 0.059 0.5
4469 4473 3.905 0.059 0.5
4470 4474 3.905 0.059 0.5
4472 4475 3.905 0.059 0.5
4473 4477 3.905 0.059 0.5
4474 4478 3.905 0.059 0.5
4475 4479 3.905 0.059 0.5
4477 4480 3.905 0.059 0.5
4478 4482 3.905 0.059 0.5
4479 4483 3.905 0.059 0.5
4480 4484 3.905 0.059 0.5
4482 4485 3.905 0.059 0.5
4483 4487 3.905 0.059 0.5
4484 4488 3.905 0.059 0.5
4485 4489 3.905 0.059 0.5
4487 4490 3.905 0.059 0.5
4488 4492 3.905 0.059 0.5
4489 4493 3.905 0.059 0.5
4490 4494 3.905 0.059 0.5
4492 4495 3.905 0.059 0.5
4493 4497 3.905 0.059 0.5
4494 4498 3.905 0.059 0.5
4495 4499 3.905 0.059 0.5
4497 4500 3.905 0.07185053932 0.5
4502 4505 3.905 0.07185053932 0.5
4503 4507 3.905 0.059 0.5
4504 4508 3.905 0.059 0.5
4505 4509 3.905 0.059 0.5
4507 4510 3.905 0.059 0.5
4508 4512 3.905 0.059 0.5
4509 4513 3.905 0.059 0.5
4510 4514 3.905 0.059 0.5
4512 4515 3.905 0.059 0.5
4513 4517 3.905 0.059 0.5
4514 4518 3.905 0.059 0.5
4515 4519 3.905 0.059 0.5
4517 4520 3.905 0.059 0.5
4518 4522 3.905 0.059 0.5
4519 4523 3.905 0.059 0.5
4520 4524 3.905 0.059 0.5
4522 4525 3.905 0.059 0.5
4523 4527 3.905 0.059 0.5
4524 4528 3.905 0.059 0.5
4525 4529 3.905 0.059 0.5
4527 4530 3.905 0.059 0.5
4528 4532 3.905 0.059 0.5
4529 4533 3.905 0.059 0.5
4530 4534 3.905 0.059 0.5
4532 4535 3.905 0.059 0.5
4533 4537 3.905 0.059 0.5
4534 4538 3.905 0.059 0.5
4535 4539 3.905 0.059 0.5
4537 4540 3.905 0.059 0.5
4538 4542 3.905 0.059 0.5
4539 4543 3.905 0.059 0.5
4540 4544 3.905 0.059 0.5
4542 4545 3.905 0.059 0.5
4543 4547 3.905 0.059 0.5
4544 4548 3.905 0.059 0.5
4545 4549 3.905 0.059 0.5
4547 4550 3.905 0.059 0.5
4548 4552 3.905 0.059 0.5
4549 4553 3.905 0.059 0.5
4550 4554 3.905 0.059 0.5
4552 4555 3.905 0.059 0.5
4553 4557 3.905 0.059 0.5
4554 4558 3.905 0.059 0.5
4555 4559 3.905 0.059 0.5
4557 4560 3.905 0.059 0.5
4558 4562 3.905 0.059 0.5
4559 4563 3.905 0.059 0.5
4560 4564 3.905 0.059 0.5
4562 4565 3.905 0.059 0.5
4563 4567 3.905 0.059 0.5
4564 4568 3.905 0.059 0.5
4565 4569 3.905 0.059 0.5
4567 4570 3.905 0.059 0.5
4568 4572 3.905 0.059 0.5
4569 4573 3.905 0.059 0.5
4570 4574 3.905 0.059 0.5
4572 4575 3.905 0.059 0.5
4573 4577 3.905 0.059 0.5
4574 4578 3.905 0.059 0.5
4575 4579 3.905 0.059 0.5
4577 4580 3.905 0.059 0.5
4578 4582 3.905 0.059 0.5
4579 4583 3.905 0.059 0.5
4580 4584 3.905 0.059 0.5
4582 4585 3.905 0.059 0.5
4583 4587 3.905 0.059 0.5
4584 4588 3.905 0.059 0.5
4585 4589 3.905 0.059 0.5
4587 4590 3.905 0.059 0.5
4588 4592 3.905 0.059 0.5
4589 4593 3.905 0.059 0.5
4590 4594 3.905 0.059 0.5
4592 4595 3.905 0.059 0.5
4593 4597 3.905 0.059 0.5
4594 4598 3.905 0.059 0.5
4595 4599 3.905 0.059 0.5
4597 4600 3.905 0.059 0.5
4598 4602 3.905 0.059 0.5
4599 4603 3.905 0.059 0.5
4600 4604 3.905 0.059 0.5
4602 4605 3.905 0.059 0.5
4603 4607 3.905 0.059 0.5
4604 4608 3.905 0.059 0.5
4605 4609 3.905 0.059 0.5
4607 4610 3.905 0.059 0.5
4608 4612 3.905 0.059 0.5
4609 4613 3.905 0.059 0.5
4610 4614 3.905 0.059 0.5
4612 4615 3.905 0.059 0.5
4613 4617 3.905 0.059 0.5
4614 4618 3.905 0.059 0.5
4615 4619 3.905 0.059 0.5
4617 4620 3.905 0.059 0.5
4618 4622 3.905 0.059 0.5
4619 4623 3.905 0.059 0.5
4620 4624 3.905 0.059 0.5
4622 4625 3.905 0.07185053932 0.5
4627 4630 3.905 0.07185053932 0.5
4628 4632 3.905 0.059 0.5
4629 4633 3.905 0.059 0.5
4630 4634 3.905 0.059 0.5
4632 4635 3.905 0.059 0.5
4633 4637 3.905 0.059 0.5
4634 4638 3.905 0.059 0.5
4635 4639 3.905 0.059 0.5
4637 4640 3.905 0.059 0.5
4638 4642 3.905 0.059 0.5
4639 4643 3.905 0.059 0.5
4640 4644 3.905 0.059 0.5
4642 4645 3.905 0.059 0.5
4643 4647 3.905 0.059 0.5
4644 4648 3.905 0.059 0.5
4645 4649 3.905 0.059 0.5
4647 4650 3.905 0.059 0.5
4648 4652 3.905 0.059 0.5
4649 4653 3.905 0.059 0.5
4650 4654 3.905 0.059 0.5
4652 4655 3.905 0.059 0.5
4653 4657 3.905 0.059 0.5
4654 4658 3.905 0.059 0.5
4655 4659 3.905 0.059 0.5
4657 4660 3.905 0.059 0.5
4658 4662 3.905 0.059 0.5
4659 4663 3.905 0.059 0.5
4660 4664 3.905 0.059 0.5
4662 4665 3.905 0.059 0.5
4663 4667 3.905 0.059 0.5
4664 4668 3.905 0.059 0.5
4665 4669 3.905 0.059 0.5
4667 4670 3.905 0.059 0.5
4668 4672 3.905 0.059 0.5
4669 4673 3.905 0.059 0.5
4670 4674 3.905 0.059 0.5
4672 4675 3.905 0.059 0.5
4673 4677 3.905 0.059 0.5
4674 4678 3.905 0.059 0.5
4675 4679 3.905 0.059 0.5
4677 4680 3.905 0.059 0.5
4678 4682 3.905 0.059 0.5
4679 4683 3.905 0.059 0.5
4680 4684 3.905 0.059 0.5
4682 4685 3.905 0.059 0.5
4683 4687 3.905 0.059 0.5
4684 4688 3.905 0.059 0.5
4685 4689 3.905 0.059 0.5
4687 4690 3.905 0.059 0.5
4688 4692 3.905 0.059 0.5
4689 4693 3.905 0.059 0.5
4690 4694 3.905 0.059 0.5
4692 4695 3.905 0.059 0.5
4693 4697 3.905 0.059 0.5
4694 4698 3.905 0.059 0.5
4695 4699 3.905 0.059 0.5
4697 4700 3.905 0.059 0.5
4698 4702 3.905 0.059 0.5
4699 4703 3.905 0.059 0.5
4700 4704 3.905 0.059 0.5
4702 4705 3.905 0.059 0.5
4703 4707 3.905 0.059 0.5
4704 4708 3.905 0.059 0.5
4705 4709 3.905 0.059 0.5
4707 4710 3.905 0.059 0.5
4708 4712 3.905 0.059 0.5
4709 4713 3.905 0.059 0.5
4710 4714 3.905 0.059 0.5
4712 4715 3.905 0.059 0.5
4713 4717 3.905 0.059 0.5
4714 4718 3.905 0.059 0.5
4715 4719 3.905 0.059 0.5
4717 4720 3.905 0.059 0.5
4718 4722 3.905 0.059 0.5
4719 4723 3.905 0.059 0.5
4720 4724 3.905 0.059 0.5
4722 4725 3.905 0.059 0.5
4723 4727 3.905 0.059 0.5
4724 4728 3.905 0.059 0.5
4725 4729 3.905 0.059 0.5
4727 4730 3.905 0.059 0.5
4728 4732 3.905 0.059 0.5
4729 4733 3.905 0.059 0.5
4730 4734 3.905 0.059 0.5
4732 4735 3.905 0.059 0.5
4733 4737 3.905 0.059 0.5
4734 4738 3.905 0.059 0.5
4735 4739 3.905 0.059 0.5
4737 4740 3.905 0.059 0.5
4738 4742 3.905 0.059 0.5
4739 4743 3.905 0.059 0.5
4740 4744 3.905 0.059 0.5
4742 4745 3.905 0.059 0.5
4743 4747 3.905 0.059 0.5
4744 4748 3.905 0.059 0.5
4745 4749 3.905 0.059 0.5
4747 4750 3.905 0.07185053932 0.5
4752 4755 3.905 0.07185053932 0.5
4753 4757 3.905 0.059 0.5
4754 4758 3.905 0.059 0.5
4755 4759 3.905 0.059 0.5
4757 4760 3.905 0.059 0.5
4758 4762 3.905 0.059 0.5
4759 4763 3.905 0.059 0.5
4760 4764 3.905 0.059 0.5
4762 4765 3.905 0.059 0.5
4763 4767 3.905 0.059 0.5
4764 4768 3.905 0.059 0.5
4765 4769 3.905 0.059 0.5
4767 4770 3.905 0.059 0.5
4768 4772 3.905 0.059 0.5
4769 4773 3.905 0.059 0.5
4770 4774 3.905 0.059 0.5
4772 4775 3.905 0.059 0.5
4773 4777 3.905 0.059 0.5
4774 4778 3.905 0.059 0.5
4775 4779 3.905 0.059 0.5
4777 4780 3.905 0.059 0.5
4778 4782 3.905 0.059 0.5
4779 4783 3.905 0.059 0.5
4780 4784 3.905 0.059 0.5
4782 4785 3.905 0.059 0.5
4783 4787 3.905 0.059 0.5
4784 4788 3.905 0.059 0.5
4785 4789 3.905 0.059 0.5
4787 4790 3.905 0.059 0.5
4788 4792 3.905 0.059 0.5
4789 4793 3.905 0.059 0.5
4790 4794 3.905 0.059 0.5
4792 4795 3.905 0.059 0.5
4793 4797 3.905 0.059 0.5
4794 4798 3.905 0.059 0.5
4795 4799 3.905 0.059 0.5
4797 4800 3.905 0.059 0.5
4798 4802 3.905 0.059 0.5
4799 4803 3.905 0.059 0.5
4800 4804 3.905 0.059 0.5
4802 4805 3.905 0.059 0.5
4803 4807 3.905 0.059 0.5
4804 4808 3.905 0.059 0.5
4805 4809 3.905 0.059 0.5
4807 4810 3.905 0.059 0.5
4808 4812 3.905 0.059 0.5
4809 4813 3.905 0.059 0.5
4810 4814 3.905 0.059 0.5
4812 4815 3.905 0.059 0.5
4813 4817 3.905 0.059 0.5
4814 4818 3.905 0.059 0.5
4815 4819 3.905 0.059 0.5
4817 4820 3.905 0.059 0.5
4818 4822 3.905 0.059 0.5
4819 4823 3.905 0.059 0.5
4820 4824 3.905 0.059 0.5
4822 4825 3.905 0.059 0.5
4823 4827 3.905 0.059 0.5
4824 4828 3.905 0.059 0.5
4825 4829 3.905 0.059 0.5
4827 4830 3.905 0.059 0.5
4828 4832 3.905 0.059 0.5
4829 4833 3.905 0.059 0.5
4830 4834 3.905 0.059 0.5
4832 4835 3.905 0.059 0.5
4833 4837 3.905 0.059 0.5
4834 4838 3.905 0.059 0.5
4835 4839 3.905 0.059 0.5
4837 4840 3.905 0.059 0.5
4838 4842 3.905 0.059 0.5
4839 4843 3.905 0.059 0.5
4840 4844 3.905 0.059 0.5
4842 4845 3.905 0.059 0.5
4843 4847 3.905 0.059 0.5
4844 4848 3.905 0.059 0.5
4845 4849 3.905 0.059 0.5
4847 4850 3.905 0.059 0.5
4848 4852 3.905 0.059 0.5
4849 4853 3.905 0.059 0.5
4850 4854 3.905 0.059 0.5
4852 4855 3.905 0.059 0.5
4853 4857 3.905 0.059 0.5
4854 4858 3.905 0.059 0.5
4855 4859 3.905 0.059 0.5
4857 4860 3.905 0.059 0.5
4858 4862 3.905 0.059 0.5
4859 4863 3.905 0.059 0.5
4860 4864 3.905 0.059 0.5
4862 4865 3.905 0.059 0.5
4863 4867 3.905 0.059 0.5
4864 4868 3.905 0.059 0.5
4865 4869 3.905 0.059 0.5
4867 4870 3.905 0.059 0.5
4868 4872 3.905 0.059 0.5
4869 4873 3.905 0.059 0.5
4870 4874 3.905 0.059 0.5
4872 4875 3.905 0.07185053932 0.5
4877 4880 3.905 0.07185053932 0.5
4878 4882 3.905 0.059 0.5
4879 4883 3.905 0.059 0.5
4880 4884 3.905 0.059 0.5
4882 4885 3.905 0.059 0.5
4883 4887 3.905 0.059 0.5
4884 4888 3.905 0.059 0.5
4885 4889 3.905 0.059 0.5
4887 4890 3.905 0.059 0.5
4888 4892 3.905 0.059 0.5
4889 4893 3.905 0.059 0.5
4890 4894 3.905 0.059 0.5
4892 4895 3.905 0.059 0.5
4893 4897 3.905 0.059 0.5
4894 4898 3.905 0.059 0.5
4895 4899 3.905 0.059 0.5
4897 4900 3.905 0.059 0.5
4898 4902 3.905 0.059 0.5
4899 4903 3.905 0.059 0.5
4900 4904 3.905 0.059 0.5
4902 4905 3.905 0.059 0.5
4903 4907 3.905 0.059 0.5
4904 4908 3.905 0.059 0.5
4905 4909 3.905 0.059 0.5
4907 4910 3.905 0.059 0.5
4908 4912 3.905 0.059 0.5
4909 4913 3.905 0.059 0.5
4910 4914 3.905 0.059 0.5
4912 4915 3.905 0.059 0.5
4913 4917 3.905 0.059 0.5
4914 4918 3.905 0.059 0.5
4915 4919 3.905 0.059 0.5
4917 4920 3.905 0.059 0.5
4918 4922 3.905 0.059 0.5
4919 4923 3.905 0.059 0.5
4920 4924 3.905 0.059 0.5
4922 4925 3.905 0.059 0.5
4923 4927 3.905 0.059 0.5
4924 4928 3.905 0.059 0.5
4925 4929 3.905 0.059 0.5
4927 4930 3.905 0.059 0.5
4928 4932 3.905 0.059 0.5
4929 4933 3.905 0.059 0.5
4930 4934 3.905 0.059 0.5
4932 4935 3.905 0.059 0.5
4933 4937 3.905 0.059 0.5
4934 4938 3.905 0.059 0.5
4935 4939 3.905 0.059 0.5
4937 4940 3.905 0.059 0.5
4938 4942 3.905 0.059 0.5
4939 4943 3.905 0.059 0.5
4940 4944 3.905 0.059 0.5
4942 4945 3.905 0.059 0.5
4943 4947 3.905 0.059 0.5
4944 4948 3.905 0.059 0.5
4945 4949 3.905 0.059 0.5
4947 4950 3.905 0.059 0.5
4948 4952 3.905 0.059 0.5
4949 4953 3.905 0.059 0.5
4950 4954 3.905 0.059 0.5
4952 4955 3.905 0.059 0.5
4953 4957 3.905 0.059 0.5
4954 4958 3.905 0.059 0.5
4955 4959 3.905 0.059 0.5
4957 4960 3.905 0.059 0.5
4958 4962 3.905 0.059 0.5
4959 4963 3.905 0.059 0.5
4960 4964 3.905 0.059 0.5
4962 4965 3.905 0.059 0.5
4963 4967 3.905 0.059 0.5
4964 4968 3.905 0.059 0.5
4965 4969 3.905 0.059 0.5
4967 4970 3.905 0.059 0.5
4968 4972 3.905 0.059 0.5
4969 4973 3.905 0.059 0.5
4970 4974 3.905 0.059 0.5
4972 4975 3.905 0.059 0.5
4973 4977 3.905 0.059 0.5
4974 4978 3.905 0.059 0.5
4975 4979 3.905 0.059 0.5
4977 4980 3.905 0.059 0.5
4978 4982 3.905 0.059 0.5
4979 4983 3.905 0.059 0.5
4980 4984 3.905 0.059 0.5
4982 4985 3.905 0.059 0.5
4983 4987 3.905 0.059 0.5
4984 4988 3.905 0.059 0.5
4985 4989 3.905 0.059 0.5
4987 4990 3.905 0.059 0.5
4988 4992 3.905 0.059 0.5
4989 4993 3.905 0.059 0.5
4990 4994 3.905 0.059 0.5
4992 4995 3.905 0.059 0.5
4993 4997 3.905 0.059 0.5
4994 4998 3.905 0.059 0.5
4995 4999 3.905 0.059 0.5
4997 5000 3.905 0.07185053932 0.5
5002 5005 3.905 0.07185053932 0.5
5003 5007 3.905 0.059 0.5
5004 5008 3.905 0.059 0.5
5005 5009 3.905 0.059 0.5
5007 5010 3.905 0.059 0.5
5008 5012 3.905 0.059 0.5
5009 5013 3.905 0.059 0.5
5010 5014 3.905 0.059 0.5
5012 5015 3.905 0.059 0.5
5013 5017 3.905 0.059 0.5
5014 5018 3.905 0.059 0.5
5015 5019 3.905 0.059 0.5
5017 5020 3.905 0.059 0.5
5018 5022 3.905 0.059 0.5
5019 5023 3.905 0.059 0.5
5020 5024 3.905 0.059 0.5
5022 5025 3.905 0.059 0.5
5023 5027 3.905 0.059 0.5
5024 5028 3.905 0.059 0.5
5025 5029 3.905 0.059 0.5
5027 5030 3.905 0.059 0.5
5028 5032 3.905 0.059 0.5
5029 5033 3.905 0.059 0.5
5030 5034 3.905 0.059 0.5
5032 5035 3.905 0.059 0.5
5033 5037 3.905 0.059 0.5
5034 5038 3.905 0.059 0.5
5035 5039 3.905 0.059 0.5
5037 5040 3.905 0.059 0.5
5038 5042 3.905 0.059 0.5
5039 5043 3.905 0.059 0.5
5040 5044 3.905 0.059 0.5
5042 5045 3.905 0.059 0.5
5043 5047 3.905 0.059 0.5
5044 5048 3.905 0.059 0.5
5045 5049 3.905 0.059 0.5
5047 5050 3.905 0.059 0.5
5048 5052 3.905 0.059 0.5
5049 5053 3.905 0.059 0.5
5050 5054 3.905 0.059 0.5
5052 5055 3.905 0.059 0.5
5053 5057 3.905 0.059 0.5
5054 5058 3.905 0.059 0.5
5055 5059 3.905 0.059 0.5
5057 5060 3.905 0.059 0.5
5058 5062 3.905 0.059 0.5
5059 5063 3.905 0.059 0.5
5060 5064 3.905 0.059 0.5
5062 5065 3.905 0.059 0.5
5063 5067 3.905 0.059 0.5
5064 5068 3.905 0.059 0.5
5065 5069 3.905 0.059 0.5
5067 5070 3.905 0.059 0.5
5068 5072 3.905 0.059 0.5
5069 5073 3.905 0.059 0.5
5070 5074 3.905 0.059 0.5
5072 5075 3.905 0.059 0.5
5073 5077 3.905 0.059 0.5
5074 5078 3.905 0.059 0.5
5075 5079 3.905 0.059 0.5
5077 5080 3.905 0.059 0.5
5078 5082 3.905 0.059 0.5
5079 5083 3.905 0.059 0.5
5080 5084 3.905 0.059 0.5
5082 5085 3.905 0.059 0.5
5083 5087 3.905 0.059 0.5
5084 5088 3.905 0.059 0.5
5085 5089 3.905 0.059 0.5
5087 5090 3.905 0.059 0.5
5088 5092 3.905 0.059 0.5
5089 5093 3.905 0.059 0.5
5090 5094 3.905 0.059 0.5
5092 5095 3.905 0.059 0.5
5093 5097 3.905 0.059 0.5
5094 5098 3.905 0.059 0.5
5095 5099 3.905 0.059 0.5
5097 5100 3.905 0.059 0.5
5098 5102 3.905 0.059 0.5
5099 5103 3.905 0.059 0.5
5100 5104 3.905 0.059 0.5
5102 5105 3.905 0.059 0.5
5103 5107 3.905 0.059 0.5
5104 5108 3.905 0.059 0.5
5105 5109 3.905 0.059 0.5
5107 5110 3.905 0.059 0.5
5108 5112 3.905 0.059 0.5
5109 5113 3.905 0.059 0.5
5110 5114 3.905 0.059 0.5
5112 5115 3.905 0.059 0.5
5113 5117 3.905 0.059 0.5
5114 5118 3.905 0.059 0.5
5115 5119 3.905 0.059 0.5
5117 5120 3.905 0.059 0.5
5118 5122 3.905 0.059 0.5
5119 5123 3.905 0.059 0.5
5120 5124 3.905 0.059 0.5
5122 5125 3.905 0.07185053932 0.5
5127 5130 3.905 0.07185053932 0.5
5128 5132 3.905 0.059 0.5
5129 5133 3.905 0.059 0.5
5130 5134 3.905 0.059 0.5
5132 5135 3.905 0.059 0.5
5133 5137 3.905 0.059 0.5
5134 5138 3.905 0.059 0.5
5135 5139 3.905 0.059 0.5
5137 5140 3.905 0.059 0.5
5138 5142 3.905 0.059 0.5
5139 5143 3.905 0.059 0.5
5140 5144 3.905 0.059 0.5
5142 5145 3.905 0.059 0.5
5143 5147 3.905 0.059 0.5
5144 5148 3.905 0.059 0.5
5145 5149 3.905 0.059 0.5
5147 5150 3.905 0.059 0.5
5148 5152 3.905 0.059 0.5
5149 5153 3.905 0.059 0.5
5150 5154 3.905 0.059 0.5
5152 5155 3.905 0.059 0.5
5153 5157 3.905 0.059 0.5
5154 5158 3.905 0.059 0.5
5155 5159 3.905 0.059 0.5
5157 5160 3.905 0.059 0.5
5158 5162 3.905 0.059 0.5
5159 5163 3.905 0.059 0.5
5160 5164 3.905 0.059 0.5
5162 5165 3.905 0.059 0.5
5163 5167 3.905 0.059 0.5
5164 5168 3.905 0.059 0.5
5165 5169 3.905 0.059 0.5
5167 5170 3.905 0.059 0.5
5168 5172 3.905 0.059 0.5
5169 5173 3.905 0.059 0.5
5170 5174 3.905 0.059 0.5
5172 5175 3.905 0.059 0.5
5173 5177 3.905 0.059 0.5
5174 5178 3.905 0.059 0.5
5175 5179 3.905 0.059 0.5
5177 5180 3.905 0.059 0.5
5178 5182 3.905 0.059 0.5
5179 5183 3.905 0.059 0.5
5180 5184 3.905 0.059 0.5
5182 5185 3.905 0.059 0.5
5183 5187 3.905 0.059 0.5
5184 5188 3.905 0.059 0.5
5185 5189 3.905 0.059 0.5
5187 5190 3.905 0.059 0.5
5188 5192 3.905 0.059 0.5
5189 5193 3.905 0.059 0.5
5190 5194 3.905 0.059 0.5
5192 5195 3.905 0.059 0.5
5193 5197 3.905 0.059 0.5
5194 5198 3.905 0.059 0.5
5195 5199 3.905 0.059 0.5
5197 5200 3.905 0.059 0.5
5198 5202 3.905 0.059 0.5
5199 5203 3.905 0.059 0.5
5200 5204 3.905 0.059 0.5
5202 5205 3.905 0.059 0.5
5203 5207 3.905 0.059 0.5
5204 5208 3.905 0.059 0.5
5205 5209 3.905 0.059 0.5
5207 5210 3.905 0.059 0.5
5208 5212 3.905 0.059 0.5
5209 5213 3.905 0.059 0.5
5210 5214 3.905 0.059 0.5
5212 5215 3.905 0.059 0.5
5213 5217 3.905 0.059 0.5
5214 5218 3.905 0.059 0.5
5215 5219 3.905 0.059 0.5
5217 5220 3.905 0.059 0.5
5218 5222 3.905 0.059 0.5
5219 5223 3.905 0.059 0.5
5220 5224 3.905 0.059 0.5
5222 5225 3.905 0.059 0.5
5223 5227 3.905 0.059 0.5
5224 5228 3.905 0.059 0.5
5225 5229 3.905 0.059 0.5
5227 5230 3.905 0.059 0.5
5228 5232 3.905 0.059 0.5
5229 5233 3.905 0.059 0.5
5230 5234 3.905 0.059 0.5
5232 5235 3.905 0.059 0.5
5233 5237 3.905 0.059 0.5
5234 5238 3.905 0.059 0.5
5235 5239 3.905 0.059 0.5
5237 5240 3.905 0.059 0.5
5238 5242 3.905 0.059 0.5
5239 5243 3.905 0.059 0.5
5240 5244 3.905 0.059 0.5
5242 5245 3.905 0.059 0.5
5243 5247 3.905 0.059 0.5
5244 5248 3.905 0.059 0.5
5245 5249 3.905 0.059 0.5
5247 5250 3.905 0.07185053932 0.5
5252 5255 3.905 0.07185053932 0.5
5253 5257 3.905 0.059 0.5
5254 5258 3.905 0.059 0.5
5255 5259 3.905 0.059 0.5
5257 5260 3.905 0.059 0.5
5258 5262 3.905 0.059 0.5
5259 5263 3.905 0.059 0.5
5260 5264 3.905 0.059 0.5
5262 5265 3.905 0.059 0.5
5263 5267 3.905 0.059 0.5
5264 5268 3.905 0.059 0.5
5265 5269 3.905 0.059 0.5
5267 5270 3.905 0.059 0.5
5268 5272 3.905 0.059 0.5
5269 5273 3.905 0.059 0.5
5270 5274 3.905 0.059 0.5
5272 5275 3.905 0.059 0.5
5273 5277 3.905 0.059 0.5
5274 5278 3.905 0.059 0.5
5275 5279 3.905 0.059 0.5
5277 5280 3.905 0.059 0.5
5278 5282 3.905 0.059 0.5
5279 5283 3.905 0.059 0.5
5280 5284 3.905 0.059 0.5
5282 5285 3.905 0.059 0.5
5283 5287 3.905 0.059 0.5
5284 5288 3.905 0.059 0.5
5285 5289 3.905 0.059 0.5
5287 5290 3.905 0.059 0.5
5288 5292 3.905 0.059 0.5
5289 5293 3.905 0.059 0.5
5290 5294 3.905 0.059 0.5
5292 5295 3.905 0.059 0.5
5293 5297 3.905 0.059 0.5
5294 5298 3.905 0.059 0.5
5295 5299 3.905 0.059 0.5
5297 5300 3.905 0.059 0.5
5298 5302 3.905 0.059 0.5
5299 5303 3.905 0.059 0.5
5300 5304 3.905 0.059 0.5
5302 5305 3.905 0.059 0.5
5303 5307 3.905 0.059 0.5
5304 5308 3.905 0.059 0.5
5305 5309 3.905 0.059 0.5
5307 5310 3.905 0.059 0.5
5308 5312 3.905 0.059 0.5
5309 5313 3.905 0.059 0.5
5310 5314 3.905 0.059 0.5
5312 5315 3.905 0.059 0.5
5313 5317 3.905 0.059 0.5
5314 5318 3.905 0.059 0.5
5315 5319 3.905 0.059 0.5
5317 5320 3.905 0.059 0.5
5318 5322 3.905 0.059 0.5
5319 5323 3.905 0.059 0.5
5320 5324 3.905 0.059 0.5
5322 5325 3.905 0.059 0.5
5323 5327 3.905 0.059 0.5
5324 5328 3.905 0.059 0.5
5325 5329 3.905 0.059 0.5
5327 5330 3.905 0.059 0.5
5328 5332 3.905 0.059 0.5
5329 5333 3.905 0.059 0.5
5330 5334 3.905 0.059 0.5
5332 5335 3.905 0.059 0.5
5333 5337 3.905 0.059 0.5
5334 5338 3.905 0.059 0.5
5335 5339 3.905 0.059 0.5
5337 5340 3.905 0.059 0.5
5338 5342 3.905 0.059 0.5
5339 5343 3.905 0.059 0.5
5340 5344 3.905 0.059 0.5
5342 5345 3.905 0.059 0.5
5343 5347 3.905 0.059 0.5
5344 5348 3.905 0.059 0.5
5345 5349 3.905 0.059 0.5
5347 5350 3.905 0.059 0.5
5348 5352 3.905 0.059 0.5
5349 5353 3.905 0.059 0.5
5350 5354 3.905 0.059 0.5
5352 5355 3.905 0.059 0.5
5353 5357 3.905 0.059 0.5
5354 5358 3.905 0.059 0.5
5355 5359 3.905 0.059 0.5
5357 5360 3.905 0.059 0.5
5358 5362 3.905 0.059 0.5
5359 5363 3.905 0.059 0.5
5360 5364 3.905 0.059 0.5
5362 5365 3.905 0.059 0.5
5363 5367 3.905 0.059 0.5
5364 5368 3.905 0.059 0.5
5365 5369 3.905 0.059 0.5
5367 5370 3.905 0.059 0.5
5368 5372 3.905 0.059 0.5
5369 5373 3.905 0.059 0.5
5370 5374 3.905 0.059 0.5
5372 5375 3.905 0.07185053932 0.5
5377 5380 3.905 0.07185053932 0.5
5378 5382 3.905 0.059 0.5
5379 5383 3.905 0.059 0.5
5380 5384 3.905 0.059 0.5
5382 5385 3.905 0.059 0.5
5383 5387 3.905 0.059 0.5
5384 5388 3.905 0.059 0.5
5385 5389 3.905 0.059 0.5
5387 5390 3.905 0.059 0.5
5388 5392 3.905 0.059 0.5
5389 5393 3.905 0.059 0.5
5390 5394 3.905 0.059 0.5
5392 5395 3.905 0.059 0.5
5393 5397 3.905 0.059 0.5
5394 5398 3.905 0.059 0.5
5395 5399 3.905 0.059 0.5
5397 5400 3.905 0.059 0.5
5398 5402 3.905 0.059 0.5
5399 5403 3.905 0.059 0.5
5400 5404 3.905 0.059 0.5
5402 5405 3.905 0.059 0.5
5403 5407 3.905 0.059 0.5
5404 5408 3.905 0.059 0.5
5405 5409 3.905 0.059 0.5
5407 5410 3.905 0.059 0.5
5408 5412 3.905 0.059 0.5
5409 5413 3.905 0.059 0.5
5410 5414 3.905 0.059 0.5
5412 5415 3.905 0.059 0.5
5413 5417 3.905 0.059 0.5
5414 5418 3.905 0.059 0.5
5415 5419 3.905 0.059 0.5
5417 5420 3.905 0.059 0.5
5418 5422 3.905 0.059 0.5
5419 5423 3.905 0.059 0.5
5420 5424 3.905 0.059 0.5
5422 5425 3.905 0.059 0.5
5423 5427 3.905 0.059 0.5
5424 5428 3.905 0.059 0.5
5425 5429 3.905 0.059 0.5
5427 5430 3.905 0.059 0.5
5428 5432 3.905 0.059 0.5
5429 5433 3.905 0.059 0.5
5430 5434 3.905 0.059 0.5
5432 5435 3.905 0.059 0.5
5433 5437 3.905 0.059 0.5
5434 5438 3.905 0.059 0.5
5435 5439 3.905 0.059 0.5
5437 5440 3.905 0.059 0.5
5438 5442 3.905 0.059 0.5
5439 5443 3.905 0.059 0.5
5440 5444 3.905 0.059 0.5
5442 5445 3.905 0.059 0.5
5443 5447 3.905 0.059 0.5
5444 5448 3.905 0.059 0.5
5445 5449 3.905 0.059 0.5
5447 5450 3.905 0.059 0.5
5448 5452 3.905 0.059 0.5
5449 5453 3.905 0.059 0.5
5450 5454 3.905 0.059 0.5
5452 5455 3.905 0.059 0.5
5453 5457 3.905 0.059 0.5
5454 5458 3.905 0.059 0.5
5455 5459 3.905 0.059 0.5
5457 5460 3.905 0.059 0.5
5458 5462 3.905 0.059 0.5
5459 5463 3.905 0.059 0.5
5460 5464 3.905 0.059 0.5
5462 5465 3.905 0.059 0.5
5463 5467 3.905 0.059 0.5
5464 5468 3.905 0.059 0.5
5465 5469 3.905 0.059 0.5
5467 5470 3.905 0.059 0.5
5468 5472 3.905 0.059 0.5
5469 5473 3.905 0.059 0.5
5470 5474 3.905 0.059 0.5
5472 5475 3.905 0.059 0.5
5473 5477 3.905 0.059 0.5
5474 5478 3.905 0.059 0.5
5475 5479 3.905 0.059 0.5
5477 5480 3.905 0.059 0.5
5478 5482 3.905 0.059 0.5
5479 5483 3.905 0.059 0.5
5480 5484 3.905 0.059 0.5
5482 5485 3.905 0.059 0.5
5483 5487 3.905 0.059 0.5
5484 5488 3.905 0.059 0.5
5485 5489 3.905 0.059 0.5
5487 5490 3.905 0.059 0.5
5488 5492 3.905 0.059 0.5
5489 5493 3.905 0.059 0.5
5490 5494 3.905 0.059 0.5
5492 5495 3.905 0.059 0.5
5493 5497 3.905 0.059 0.5
5494 5498 3.905 0.059 0.5
5495 5499 3.905 0.059 0.5
5497 5500 3.905 0.07185053932 0.5
5502 5505 3.905 0.07185053932 0.5
5503 5507 3.905 0.059 0.5
5504 5508 3.905 0.059 0.5
5505 5509 3.905 0.059 0.5
5507 5510 3.905 0.059 0.5
5508 5512 3.905 0.059 0.5
5509 5513 3.905 0.059 0.5
5510 5514 3.905 0.059 0.5
5512 5515 3.905 0.059 0.5
5513 5517 3.905 0.059 0.5
5514 5518 3.905 0.059 0.5
5515 5519 3.905 0.059 0.5
5517 5520 3.905 0.059 0.5
5518 5522 3.905 0.059 0.5
5519 5523 3.905 0.059 0.5
5520 5524 3.905 0.059 0.5
5522 5525 3.905 0.059 0.5
5523 5527 3.905 0.059 0.5
5524 5528 3.905 0.059 0.5
5525 5529 3.905 0.059 0.5
5527 5530 3.905 0.059 0.5
5528 5532 3.905 0.059 0.5
5529 5533 3.905 0.059 0.5
5530 5534 3.905 0.059 0.5
5532 5535 3.905 0.059 0.5
5533 5537 3.905 0.059 0.5
5534 5538 3.905 0.059 0.5
5535 5539 3.905 0.059 0.5
5537 5540 3.905 0.059 0.5
5538 5542 3.905 0.059 0.5
5539 5543 3.905 0.059 0.5
5540 5544 3.905 0.059 0.5
5542 5545 3.905 0.059 0.5
5543 5547 3.905 0.059 0.5
5544 5548 3.905 0.059 0.5
5545 5549 3.905 0.059 0.5
5547 5550 3.905 0.059 0.5
5548 5552 3.905 0.059 0.5
5549 5553 3.905 0.059 0.5
5550 5554 3.905 0.059 0.5
5552 5555 3.905 0.059 0.5
5553 5557 3.905 0.059 0.5
5554 5558 3.905 0.059 0.5
5555 5559 3.905 0.059 0.5
5557 5560 3.905 0.059 0.5
5558 5562 3.905 0.059 0.5
5559 5563 3.905 0.059 0.5
5560 5564 3.905 0.059 0.5
5562 5565 3.905 0.059 0.5
5563 5567 3.905 0.059 0.5
5564 5568 3.905 0.059 0.5
5565 5569 3.905 0.059 0.5
5567 5570 3.905 0.059 0.5
5568 5572 3.905 0.059 0.5
5569 5573 3.905 0.059 0.5
5570 5574 3.905 0.059 0.5
5572 5575 3.905 0.059 0.5
5573 5577 3.905 0.059 0.5
5574 5578 3.905 0.059 0.5
5575 5579 3.905 0.059 0.5
5577 5580 3.905 0.059 0.5
5578 5582 3.905 0.059 0.5
5579 5583 3.905 0.059 0.5
5580 5584 3.905 0.059 0.5
5582 5585 3.905 0.059 0.5
5583 5587 3.905 0.059 0.5
5584 5588 3.905 0.059 0.5
5585 5589 3.905 0.059 0.5
5587 5590 3.905 0.059 0.5
5588 5592 3.905 0.059 0.5
5589 5593 3.905 0.059 0.5
5590 5594 3.905 0.059 0.5
5592 5595 3.905 0.059 0.5
5593 5597 3.905 0.059 0.5
5594 5598 3.905 0.059 0.5
5595 5599 3.905 0.059 0.5
5597 5600 3.905 0.059 0.5
5598 5602 3.905 0.059 0.5
5599 5603 3.905 0.059 0.5
5600 5604 3.905 0.059 0.5
5602 5605 3.905 0.059 0.5
5603 5607 3.905 0.059 0.5
5604 5608 3.905 0.059 0.5
5605 5609 3.905 0.059 0.5
5607 5610 3.905 0.059 0.5
5608 5612 3.905 0.059 0.5
5609 5613 3.905 0.059 0.5
5610 5614 3.905 0.059 0.5
5612 5615 3.905 0.059 0.5
5613 5617 3.905 0.059 0.5
5614 5618 3.905 0.059 0.5
5615 5619 3.905 0.059 0.5
5617 5620 3.905 0.059 0.5
5618 5622 3.905 0.059 0.5
5619 5623 3.905 0.059 0.5
5620 5624 3.905 0.059 0.5
5622 5625 3.905 0.07185053932 0.5
5627 5630 3.905 0.07185053932 0.5
5628 5632 3.905 0.059 0.5
5629 5633 3.905 0.059 0.5
5630 5634 3.905 0.059 0.5
5632 5635 3.905 0.059 0.5
5633 5637 3.905 0.059 0.5
5634 5638 3.905 0.059 0.5
5635 5639 3.905 0.059 0.5
5637 5640 3.905 0.059 0.5
5638 5642 3.905 0.059 0.5
5639 5643 3.905 0.059 0.5
5640 5644 3.905 0.059 0.5
5642 5645 3.905 0.059 0.5
5643 5647 3.905 0.059 0.5
5644 5648 3.905 0.059 0.5
5645 5649 3.905 0.059 0.5
5647 5650 3.905 0.059 0.5
5648 5652 3.905 0.059 0.5
5649 5653 3.905 0.059 0.5
5650 5654 3.905 0.059 0.5
5652 5655 3.905 0.059 0.5
5653 5657 3.905 0.059 0.5
5654 5658 3.905 0.059 0.5
5655 5659 3.905 0.059 0.5
5657 5660 3.905 0.059 0.5
5658 5662 3.905 0.059 0.5
5659 5663 3.905 0.059 0.5
5660 5664 3.905 0.059 0.5
5662 5665 3.905 0.059 0.5
5663 5667 3.905 0.059 0.5
5664 5668 3.905 0.059 0.5
5665 5669 3.905 0.059 0.5
5667 5670 3.905 0.059 0.5
5668 5672 3.905 0.059 0.5
5669 5673 3.905 0.059 0.5
5670 5674 3.905 0.059 0.5
5672 5675 3.905 0.059 0.5
5673 5677 3.905 0.059 0.5
5674 5678 3.905 0.059 0.5
5675 5679 3.905 0.059 0.5
5677 5680 3.905 0.059 0.5
5678 5682 3.905 0.059 0.5
5679 5683 3.905 0.059 0.5
5680 5684 3.905 0.059 0.5
5682 5685 3.905 0.059 0.5
5683 5687 3.905 0.059 0.5
5684 5688 3.905 0.059 0.5
5685 5689 3.905 0.059 0.5
5687 5690 3.905 0.059 0.5
5688 5692 3.905 0.059 0.5
5689 5693 3.905 0.059 0.5
5690 5694 3.905 0.059 0.5
5692 5695 3.905 0.059 0.5
5693 5697 3.905 0.059 0.5
5694 5698 3.905 0.059 0.5
5695 5699 3.905 0.059 0.5
5697 5700 3.905 0.059 0.5
5698 5702 3.905 0.059 0.5
5699 5703 3.905 0.059 0.5
5700 5704 3.905 0.059 0.5
5702 5705 3.905 0.059 0.5
5703 5707 3.905 0.059 0.5
5704 5708 3.905 0.059 0.5
5705 5709 3.905 0.059 0.5
5707 5710 3.905 0.059 0.5
5708 5712 3.905 0.059 0.5
5709 5713 3.905 0.059 0.5
5710 5714 3.905 0.059 0.5
5712 5715 3.905 0.059 0.5
5713 5717 3.905 0.059 0.5
5714 5718 3.905 0.059 0.5
5715 5719 3.905 0.059 0.5
5717 5720 3.905 0.059 0.5
5718 5722 3.905 0.059 0.5
5719 5723 3.905 0.059 0.5
5720 5724 3.905 0.059 0.5
5722 5725 3.905 0.059 0.5
5723 5727 3.905 0.059 0.5
5724 5728 3.905 0.059 0.5
5725 5729 3.905 0.059 0.5
5727 5730 3.905 0.059 0.5
5728 5732 3.905 0.059 0.5
5729 5733 3.905 0.059 0.5
5730 5734 3.905 0.059 0.5
5732 5735 3.905 0.059 0.5
5733 5737 3.905 0.059 0.5
5734 5738 3.905 0.059 0.5
5735 5739 3.905 0.059 0.5
5737 5740 3.905 0.059 0.5
5738 5742 3.905 0.059 0.5
5739 5743 3.905 0.059 0.5
5740 5744 3.905 0.059 0.5
5742 5745 3.905 0.059 0.5
5743 5747 3.905 0.059 0.5
5744 5748 3.905 0.059 0.5
5745 5749 3.905 0.059 0.5
5747 5750 3.905 0.07185053932 0.5
5752 5755 3.905 0.07185053932 0.5
5753 5757 3.905 0.059 0.5
5754 5758 3.905 0.059 0.5
5755 5759 3.905 0.059 0.5
5757 5760 3.905 0.059 0.5
5758 5762 3.905 0.059 0.5
5759 5763 3.905 0.059 0.5
5760 5764 3.905 0.059 0.5
5762 5765 3.905 0.059 0.5
5763 5767 3.905 0.059 0.5
5764 5768 3.905 0.059 0.5
5765 5769 3.905 0.059 0.5
5767 5770 3.905 0.059 0.5
5768 5772 3.905 0.059 0.5
5769 5773 3.905 0.059 0.5
5770 5774 3.905 0.059 0.5
5772 5775 3.905 0.059 0.5
5773 5777 3.905 0.059 0.5
5774 5778 3.905 0.059 0.5
5775 5779 3.905 0.059 0.5
5777 5780 3.905 0.059 0.5
5778 5782 3.905 0.059 0.5
5779 5783 3.905 0.059 0.5
5780 5784 3.905 0.059 0.5
5782 5785 3.905 0.059 0.5
5783 5787 3.905 0.059 0.5
5784 5788 3.905 0.059 0.5
5785 5789 3.905 0.059 0.5
5787 5790 3.905 0.059 0.5
5788 5792 3.905 0.059 0.5
5789 5793 3.905 0.059 0.5
5790 5794 3.905 0.059 0.5
5792 5795 3.905 0.059 0.5
5793 5797 3.905 0.059 0.5
5794 5798 3.905 0.059 0.5
5795 5799 3.905 0.059 0.5
5797 5800 3.905 0.059 0.5
5798 5802 3.905 0.059 0.5
5799 5803 3.905 0.059 0.5
5800 5804 3.905 0.059 0.5
5802 5805 3.905 0.059 0.5
5803 5807 3.905 0.059 0.5
5804 5808 3.905 0.059 0.5
5805 5809 3.905 0.059 0.5
5807 5810 3.905 0.059 0.5
5808 5812 3.905 0.059 0.5
5809 5813 3.905 0.059 0.5
5810 5814 3.905 0.059 0.5
5812 5815 3.905 0.059 0.5
5813 5817 3.905 0.059 0.5
5814 5818 3.905 0.059 0.5
5815 5819 3.905 0.059 0.5
5817 5820 3.905 0.059 0.5
5818 5822 3.905 0.059 0.5
5819 5823 3.905 0.059 0.5
5820 5824 3.905 0.059 0.5
5822 5825 3.905 0.059 0.5
5823 5827 3.905 0.059 0.5
5824 5828 3.905 0.059 0.5
5825 5829 3.905 0.059 0.5
5827 5830 3.905 0.059 0.5
5828 5832 3.905 0.059 0.5
5829 5833 3.905 0.059 0.5
5830 5834 3.905 0.059 0.5
5832 5835 3.905 0.059 0.5
5833 5837 3.905 0.059 0.5
5834 5838 3.905 0.059 0.5
5835 5839 3.905 0.059 0.5
5837 5840 3.905 0.059 0.5
5838 5842 3.905 0.059 0.5
5839 5843 3.905 0.059 0.5
5840 5844 3.905 0.059 0.5
5842 5845 3.905 0.059 0.5
5843 5847 3.905 0.059 0.5
5844 5848 3.905 0.059 0.5
5845 5849 3.905 0.059 0.5
5847 5850 3.905 0.059 0.5
5848 5852 3.905 0.059 0.5
5849 5853 3.905 0.059 0.5
5850 5854 3.905 0.059 0.5
5852 5855 3.905 0.059 0.5
5853 5857 3.905 0.059 0.5
5854 5858 3.905 0.059 0.5
5855 5859 3.905 0.059 0.5
5857 5860 3.905 0.059 0.5
5858 5862 3.905 0.059 0.5
5859 5863 3.905 0.059 0.5
5860 5864 3.905 0.059 0.5
5862 5865 3.905 0.059 0.5
5863 5867 3.905 0.059 0.5
5864 5868 3.905 0.059 0.5
5865 5869 3.905 0.059 0.5
5867 5870 3.905 0.059 0.5
5868 5872 3.905 0.059 0.5
5869 5873 3.905 0.059 0.5
5870 5874 3.905 0.059 0.5
5872 5875 3.905 0.07185053932 0.5
5877 5880 3.905 0.07185053932 0.5
5878 5882 3.905 0.059 0.5
5879 5883 3.905 0.059 0.5
5880 5884 3.905 0.059 0.5
5882 5885 3.905 0.059 0.5
5883 5887 3.905 0.059 0.5
5884 5888 3.905 0.059 0.5
5885 5889 3.905 0.059 0.5
5887 5890 3.905 0.059 0.5
5888 5892 3.905 0.059 0.5
5889 5893 3.905 0.059 0.5
5890 5894 3.905 0.059 0.5
5892 5895 3.905 0.059 0.5
5893 5897 3.905 0.059 0.5
5894 5898 3.905 0.059 0.5
5895 5899 3.905 0.059 0.5
5897 5900 3.905 0.059 0.5
5898 5902 3.905 0.059 0.5
5899 5903 3.905 0.059 0.5
5900 5904 3.905 0.059 0.5
5902 5905 3.905 0.059 0.5
5903 5907 3.905 0.059 0.5
5904 5908 3.905 0.059 0.5
5905 5909 3.905 0.059 0.5
5907 5910 3.905 0.059 0.5
5908 5912 3.905 0.059 0.5
5909 5913 3.905 0.059 0.5
5910 5914 3.905 0.059 0.5
5912 5915 3.905 0.059 0.5
5913 5917 3.905 0.059 0.5
5914 5918 3.905 0.059 0.5
5915 5919 3.905 0.059 0.5
5917 5920 3.905 0.059 0.5
5918 5922 3.905 0.059 0.5
5919 5923 3.905 0.059 0.5
5920 5924 3.905 0.059 0.5
5922 5925 3.905 0.059 0.5
5923 5927 3.905 0.059 0.5
5924 5928 3.905 0.059 0.5
5925 5929 3.905 0.059 0.5
5927 5930 3.905 0.059 0.5
5928 5932 3.905 0.059 0.5
5929 5933 3.905 0.059 0.5
5930 5934 3.905 0.059 0.5
5932 5935 3.905 0.059 0.5
5933 5937 3.905 0.059 0.5
5934 5938 3.905 0.059 0.5
5935 5939 3.905 0.059 0.5
5937 5940 3.905 0.059 0.5
5938 5942 3.905 0.059 0.5
5939 5943 3.905 0.059 0.5
5940 5944 3.905 0.059 0.5
5942 5945 3.905 0.059 0.5
5943 5947 3.905 0.059 0.5
5944 5948 3.905 0.059 0.5
5945 5949 3.905 0.059 0.5
5947 5950 3.905 0.059 0.5
5948 5952 3.905 0.059 0.5
5949 5953 3.905 0.059 0.5
5950 5954 3.905 0.059 0.5
5952 5955 3.905 0.059 0.5
5953 5957 3.905 0.059 0.5
5954 5958 3.905 0.059 0.5
5955 5959 3.905 0.059 0.5
5957 5960 3.905 0.059 0.5
5958 5962 3.905 0.059 0.5
5959 5963 3.905 0.059 0.5
5960 5964 3.905 0.059 0.5
5962 5965 3.905 0.059 0.5
5963 5967 3.905 0.059 0.5
5964 5968 3.905 0.059 0.5
5965 5969 3.905 0.059 0.5
5967 5970 3.905 0.059 0.5
5968 5972 3.905 0.059 0.5
5969 5973 3.905 0.059 0.5
5970 5974 3.905 0.059 0.5
5972 5975 3.905 0.059 0.5
5973 5977 3.905 0.059 0.5
5974 5978 3.905 0.059 0.5
5975 5979 3.905 0.059 0.5
5977 5980 3.905 0.059 0.5
5978 5982 3.905 0.059 0.5
5979 5983 3.905 0.059 0.5
5980 5984 3.905 0.059 0.5
5982 5985 3.905 0.059 0.5
5983 5987 3.905 0.059 0.5
5984 5988 3.905 0.059 0.5
5985 5989 3.905 0.059 0.5
5987 5990 3.905 0.059 0.5
5988 5992 3.905 0.059 0.5
5989 5993 3.905 0.059 0.5
5990 5994 3.905 0.059 0.5
5992 5995 3.905 0.059 0.5
5993 5997 3.905 0.059 0.5
5994 5998 3.905 0.059 0.5
5995 5999 3.905 0.059 0.5
5997 6000 3.905 0.07185053932 0.5
6002 6005 3.905 0.07185053932 0.5
6003 6007 3.905 0.059 0.5
6004 6008 3.905 0.059 0.5
6005 6009 3.905 0.059 0.5
6007 6010 3.905 0.059 0.5
6008 6012 3.905 0.059 0.5
6009 6013 3.905 0.059 0.5
6010 6014 3.905 0.059 0.5
6012 6015 3.905 0.059 0.5
6013 6017 3.905 0.059 0.5
6014 6018 3.905 0.059 0.5
6015 6019 3.905 0.059 0.5
6017 6020 3.905 0.059 0.5
6018 6022 3.905 0.059 0.5
6019 6023 3.905 0.059 0.5
6020 6024 3.905 0.059 0.5
6022 6025 3.905 0.059 0.5
6023 6027 3.905 0.059 0.5
6024 6028 3.905 0.059 0.5
6025 6029 3.905 0.059 0.5
6027 6030 3.905 0.059 0.5
6028 6032 3.905 0.059 0.5
6029 6033 3.905 0.059 0.5
6030 6034 3.905 0.059 0.5
6032 6035 3.905 0.059 0.5
6033 6037 3.905 0.059 0.5
6034 6038 3.905 0.059 0.5
6035 6039 3.905 0.059 0.5
6037 6040 3.905 0.059 0.5
6038 6042 3.905 0.059 0.5
6039 6043 3.905 0.059 0.5
6040 6044 3.905 0.059 0.5
6042 6045 3.905 0.059 0.5
6043 6047 3.905 0.059 0.5
6044 6048 3.905 0.059 0.5
6045 6049 3.905 0.059 0.5
6047 6050 3.905 0.059 0.5
6048 6052 3.905 0.059 0.5
6049 6053 3.905 0.059 0.5
6050 6054 3.905 0.059 0.5
6052 6055 3.905 0.059 0.5
6053 6057 3.905 0.059 0.5
6054 6058 3.905 0.059 0.5
6055 6059 3.905 0.059 0.5
6057 6060 3.905 0.059 0.5
6058 6062 3.905 0.059 0.5
6059 6063 3.905 0.059 0.5
6060 6064 3.905 0.059 0.5
6062 6065 3.905 0.059 0.5
6063 6067 3.905 0.059 0.5
6064 6068 3.905 0.059 0.5
6065 6069 3.905 0.059 0.5
6067 6070 3.905 0.059 0.5
6068 6072 3.905 0.059 0.5
6069 6073 3.905 0.059 0.5
6070 6074 3.905 0.059 0.5
6072 6075 3.905 0.059 0.5
6073 6077 3.905 0.059 0.5
6074 6078 3.905 0.059 0.5
6075 6079 3.905 0.059 0.5
6077 6080 3.905 0.059 0.5
6078 6082 3.905 0.059 0.5
6079 6083 3.905 0.059 0.5
6080 6084 3.905 0.059 0.5
6082 6085 3.905 0.059 0.5
6083 6087 3.905 0.059 0.5
6084 6088 3.905 0.059 0.5
6085 6089 3.905 0.059 0.5
6087 6090 3.905 0.059 0.5
6088 6092 3.905 0.059 0.5
6089 6093 3.905 0.059 0.5
6090 6094 3.905 0.059 0.5
6092 6095 3.905 0.059 0.5
6093 6097 3.905 0.059 0.5
6094 6098 3.905 0.059 0.5
6095 6099 3.905 0.059 0.5
6097 6100 3.905 0.059 0.5
6098 6102 3.905 0.059 0.5
6099 6103 3.905 0.059 0.5
6100 6104 3.905 0.059 0.5
6102 6105 3.905 0.059 0.5
6103 6107 3.905 0.059 0.5
6104 6108 3.905 0.059 0.5
6105 6109 3.905 0.059 0.5
6107 6110 3.905 0.059 0.5
6108 6112 3.905 0.059 0.5
6109 6113 3.905 0.059 0.5
6110 6114 3.905 0.059 0.5
6112 6115 3.905 0.059 0.5
6113 6117 3.905 0.059 0.5
6114 6118 3.905 0.059 0.5
6115 6119 3.905 0.059 0.5
6117 6120 3.905 0.059 0.5
6118 6122 3.905 0.059 0.5
6119 6123 3.905 0.059 0.5
6120 6124 3.905 0.059 0.5
6122 6125 3.905 0.07185053932 0.5
6127 6130 3.905 0.07185053932 0.5
6128 6132 3.905 0.059 0.5
6129 6133 3.905 0.059 0.5
6130 6134 3.905 0.059 0.5
6132 6135 3.905 0.059 0.5
6133 6137 3.905 0.059 0.5
6134 6138 3.905 0.059 0.5
6135 6139 3.905 0.059 0.5
6137 6140 3.905 0.059 0.5
6138 6142 3.905 0.059 0.5
6139 6143 3.905 0.059 0.5
6140 6144 3.905 0.059 0.5
6142 6145 3.905 0.059 0.5
6143 6147 3.905 0.059 0.5
6144 6148 3.905 0.059 0.5
6145 6149 3.905 0.059 0.5
6147 6150 3.905 0.059 0.5
6148 6152 3.905 0.059 0.5
6149 6153 3.905 0.059 0.5
6150 6154 3.905 0.059 0.5
6152 6155 3.905 0.059 0.5
6153 6157 3.905 0.059 0.5
6154 6158 3.905 0.059 0.5
6155 6159 3.905 0.059 0.5
6157 6160 3.905 0.059 0.5
6158 6162 3.905 0.059 0.5
6159 6163 3.905 0.059 0.5
6160 6164 3.905 0.059 0.5
6162 6165 3.905 0.059 0.5
6163 6167 3.905 0.059 0.5
6164 6168 3.905 0.059 0.5
6165 6169 3.905 0.059 0.5
6167 6170 3.905 0.059 0.5
6168 6172 3.905 0.059 0.5
6169 6173 3.905 0.059 0.5
6170 6174 3.905 0.059 0.5
6172 6175 3.905 0.059 0.5
6173 6177 3.905 0.059 0.5
6174 6178 3.905 0.059 0.5
6175 6179 3.905 0.059 0.5
6177 6180 3.905 0.059 0.5
6178 6182 3.905 0.059 0.5
6179 6183 3.905 0.059 0.5
6180 6184 3.905 0.059 0.5
6182 6185 3.905 0.059 0.5
6183 6187 3.905 0.059 0.5
6184 6188 3.905 0.059 0.5
6185 6189 3.905 0.059 0.5
6187 6190 3.905 0.059 0.5
6188 6192 3.905 0.059 0.5
6189 6193 3.905 0.059 0.5
6190 6194 3.905 0.059 0.5
6192 6195 3.905 0.059 0.5
6193 6197 3.905 0.059 0.5
6194 6198 3.905 0.059 0.5
6195 6199 3.905 0.059 0.5
6197 6200 3.905 0.059 0.5
6198 6202 3.905 0.059 0.5
6199 6203 3.905 0.059 0.5
6200 6204 3.905 0.059 0.5
6202 6205 3.905 0.059 0.5
6203 6207 3.905 0.059 0.5
6204 6208 3.905 0.059 0.5
6205 6209 3.905 0.059 0.5
6207 6210 3.905 0.059 0.5
6208 6212 3.905 0.059 0.5
6209 6213 3.905 0.059 0.5
6210 6214 3.905 0.059 0.5
6212 6215 3.905 0.059 0.5
6213 6217 3.905 0.059 0.5
6214 6218 3.905 0.059 0.5
6215 6219 3.905 0.059 0.5
6217 6220 3.905 0.059 0.5
6218 6222 3.905 0.059 0.5
6219 6223 3.905 0.059 0.5
6220 6224 3.905 0.059 0.5
6222 6225 3.905 0.059 0.5
6223 6227 3.905 0.059 0.5
6224 6228 3.905 0.059 0.5
6225 6229 3.905 0.059 0.5
6227 6230 3.905 0.059 0.5
6228 6232 3.905 0.059 0.5
6229 6233 3.905 0.059 0.5
6230 6234 3.905 0.059 0.5
6232 6235 3.905 0.059 0.5
6233 6237 3.905 0.059 0.5
6234 6238 3.905 0.059 0.5
6235 6239 3.905 0.059 0.5
6237 6240 3.905 0.059 0.5
6238 6242 3.905 0.059 0.5
6239 6243 3.905 0.059 0.5
6240 6244 3.905 0.059 0.5
6242 6245 3.905 0.059 0.5
6243 6247 3.905 0.059 0.5
6244 6248 3.905 0.059 0.5
6245 6249 3.905 0.059 0.5
6247 6250 3.905 0.07185053932 0.5
6252 6255 3.905 0.07185053932 0.5
6253 6257 3.905 0.059 0.5
6254 6258 3.905 0.059 0.5
6255 6259 3.905 0.059 0.5
6257 6260 3.905 0.059 0.5
6258 6262 3.905 0.059 0.5
6259 6263 3.905 0.059 0.5
6260 6264 3.905 0.059 0.5
6262 6265 3.905 0.059 0.5
6263 6267 3.905 0.059 0.5
6264 6268 3.905 0.059 0.5
6265 6269 3.905 0.059 0.5
6267 6270 3.905 0.059 0.5
6268 6272 3.905 0.059 0.5
6269 6273 3.905 0.059 0.5
6270 6274 3.905 0.059 0.5
6272 6275 3.905 0.059 0.5
6273 6277 3.905 0.059 0.5
6274 6278 3.905 0.059 0.5
6275 6279 3.905 0.059 0.5
6277 6280 3.905 0.059 0.5
6278 6282 3.905 0.059 0.5
6279 6283 3.905 0.059 0.5
6280 6284 3.905 0.059 0.5
6282 6285 3.905 0.059 0.5
6283 6287 3.905 0.059 0.5
6284 6288 3.905 0.059 0.5
6285 6289 3.905 0.059 0.5
6287 6290 3.905 0.059 0.5
6288 6292 3.905 0.059 0.5
6289 6293 3.905 0.059 0.5
6290 6294 3.905 0.059 0.5
6292 6295 3.905 0.059 0.5
6293 6297 3.905 0.059 0.5
6294 6298 3.905 0.059 0.5
6295 6299 3.905 0.059 0.5
6297 6300 3.905 0.059 0.5
6298 6302 3.905 0.059 0.5
6299 6303 3.905 0.059 0.5
6300 6304 3.905 0.059 0.5
6302 6305 3.905 0.059 0.5
6303 6307 3.905 0.059 0.5
6304 6308 3.905 0.059 0.5
6305 6309 3.905 0.059 0.5
6307 6310 3.905 0.059 0.5
6308 6312 3.905 0.059 0.5
6309 6313 3.905 0.059 0.5
6310 6314 3.905 0.059 0.5
6312 6315 3.905 0.059 0.5
6313 6317 3.905 0.059 0.5
6314 6318 3.905 0.059 0.5
6315 6319 3.905 0.059 0.5
6317 6320 3.905 0.059 0.5
6318 6322 3.905 0.059 0.5
6319 6323 3.905 0.059 0.5
6320 6324 3.905 0.059 0.5
6322 6325 3.905 0.059 0.5
6323 6327 3.905 0.059 0.5
6324 6328 3.905 0.059 0.5
6325 6329 3.905 0.059 0.5
6327 6330 3.905 0.059 0.5
6328 6332 3.905 0.059 0.5
6329 6333 3.905 0.059 0.5
6330 6334 3.905 0.059 0.5
6332 6335 3.905 0.059 0.5
6333 6337 3.905 0.059 0.5
6334 6338 3.905 0.059 0.5
6335 6339 3.905 0.059 0.5
6337 6340 3.905 0.059 0.5
6338 6342 3.905 0.059 0.5
6339 6343 3.905 0.059 0.5
6340 6344 3.905 0.059 0.5
6342 6345 3.905 0.059 0.5
6343 6347 3.905 0.059 0.5
6344 6348 3.905 0.059 0.5
6345 6349 3.905 0.059 0.5
6347 6350 3.905 0.059 0.5
6348 6352 3.905 0.059 0.5
6349 6353 3.905 0.059 0.5
6350 6354 3.905 0.059 0.5
6352 6355 3.905 0.059 0.5
6353 6357 3.905 0.059 0.5
6354 6358 3.905 0.059 0.5
6355 6359 3.905 0.059 0.5
6357 6360 3.905 0.059 0.5
6358 6362 3.905 0.059 0.5
6359 6363 3.905 0.059 0.5
6360 6364 3.905 0.059 0.5
6362 6365 3.905 0.059 0.5
6363 6367 3.905 0.059 0.5
6364 6368 3.905 0.059 0.5
6365 6369 3.905 0.059 0.5
6367 6370 3.905 0.059 0.5
6368 6372 3.905 0.059 0.5
6369 6373 3.905 0.059 0.5
6370 6374 3.905 0.059 0.5
6372 6375 3.905 0.07185053932 0.5
6377 6380 3.905 0.07185053932 0.5
6378 6382 3.905 0.059 0.5
6379 6383 3.905 0.059 0.5
6380 6384 3.905 0.059 0.5
6382 6385 3.905 0.059 0.5
6383 6387 3.905 0.059 0.5
6384 6388 3.905 0.059 0.5
6385 6389 3.905 0.059 0.5
6387 6390 3.905 0.059 0.5
6388 6392 3.905 0.059 0.5
6389 6393 3.905 0.059 0.5
6390 6394 3.905 0.059 0.5
6392 6395 3.905 0.059 0.5
6393 6397 3.905 0.059 0.5
6394 6398 3.905 0.059 0.5
6395 6399 3.905 0.059 0.5
6397 6400 3.905 0.059 0.5
6398 6402 3.905 0.059 0.5
6399 6403 3.905 0.059 0.5
6400 6404 3.905 0.059 0.5
6402 6405 3.905 0.059 0.5
6403 6407 3.905 0.059 0.5
6404 6408 3.905 0.059 0.5
6405 6409 3.905 0.059 0.5
6407 6410 3.905 0.059 0.5
6408 6412 3.905 0.059 0.5
6409 6413 3.905 0.059 0.5
6410 6414 3.905 0.059 0.5
6412 6415 3.905 0.059 0.5
6413 6417 3.905 0.059 0.5
6414 6418 3.905 0.059 0.5
6415 6419 3.905 0.059 0.5
6417 6420 3.905 0.059 0.5
6418 6422 3.905 0.059 0.5
6419 6423 3.905 0.059 0.5
6420 6424 3.905 0.059 0.5
6422 6425 3.905 0.059 0.5
6423 6427 3.905 0.059 0.5
6424 6428 3.905 0.059 0.5
6425 6429 3.905 0.059 0.5
6427 6430 3.905 0.059 0.5
6428 6432 3.905 0.059 0.5
6429 6433 3.905 0.059 0.5
6430 6434 3.905 0.059 0.5
6432 6435 3.905 0.059 0.5
6433 6437 3.905 0.059 0.5
6434 6438 3.905 0.059 0.5
6435 6439 3.905 0.059 0.5
6437 6440 3.905 0.059 0.5
6438 6442 3.905 0.059 0.5
6439 6443 3.905 0.059 0.5
6440 6444 3.905 0.059 0.5
6442 6445 3.905 0.059 0.5
6443 6447 3.905 0.059 0.5
6444 6448 3.905 0.059 0.5
6445 6449 3.905 0.059 0.5
6447 6450 3.905 0.059 0.5
6448 6452 3.905 0.059 0.5
6449 6453 3.905 0.059 0.5
6450 6454 3.905 0.059 0.5
6452 6455 3.905 0.059 0.5
6453 6457 3.905 0.059 0.5
6454 6458 3.905 0.059 0.5
6455 6459 3.905 0.059 0.5
6457 6460 3.905 0.059 0.5
6458 6462 3.905 0.059 0.5
6459 6463 3.905 0.059 0.5
6460 6464 3.905 0.059 0.5
6462 6465 3.905 0.059 0.5
6463 6467 3.905 0.059 0.5
6464 6468 3.905 0.059 0.5
6465 6469 3.905 0.059 0.5
6467 6470 3.905 0.059 0.5
6468 6472 3.905 0.059 0.5
6469 6473 3.905 0.059 0.5
6470 6474 3.905 0.059 0.5
6472 6475 3.905 0.059 0.5
6473 6477 3.905 0.059 0.5
6474 6478 3.905 0.059 0.5
6475 6479 3.905 0.059 0.5
6477 6480 3.905 0.059 0.5
6478 6482 3.905 0.059 0.5
6479 6483 3.905 0.059 0.5
6480 6484 3.905 0.059 0.5
6482 6485 3.905 0.059 0.5
6483 6487 3.905 0.059 0.5
6484 6488 3.905 0.059 0.5
6485 6489 3.905 0.059 0.5
6487 6490 3.905 0.059 0.5
6488 6492 3.905 0.059 0.5
6489 6493 3.905 0.059 0.5
6490 6494 3.905 0.059 0.5
6492 6495 3.905 0.059 0.5
6493 6497 3.905 0.059 0.5
6494 6498 3.905 0.059 0.5
6495 6499 3.905 0.059 0.5
6497 6500 3.905 0.07185053932 0.5
6502 6505 3.905 0.07185053932 0.5
6503 6507 3.905 0.059 0.5
6504 6508 3.905 0.059 0.5
6505 6509 3.905 0.059 0.5
6507 6510 3.905 0.059 0.5
6508 6512 3.905 0.059 0.5
6509 6513 3.905 0.059 0.5
6510 6514 3.905 0.059 0.5
6512 6515 3.905 0.059 0.5
6513 6517 3.905 0.059 0.5
6514 6518 3.905 0.059 0.5
6515 6519 3.905 0.059 0.5
6517 6520 3.905 0.059 0.5
6518 6522 3.905 0.059 0.5
6519 6523 3.905 0.059 0.5
6520 6524 3.905 0.059 0.5
6522 6525 3.905 0.059 0.5
6523 6527 3.905 0.059 0.5
6524 6528 3.905 0.059 0.5
6525 6529 3.905 0.059 0.5
6527 6530 3.905 0.059 0.5
6528 6532 3.905 0.059 0.5
6529 6533 3.905 0.059 0.5
6530 6534 3.905 0.059 0.5
6532 6535 3.905 0.059 0.5
6533 6537 3.905 0.059 0.5
6534 6538 3.905 0.059 0.5
6535 6539 3.905 0.059 0.5
6537 6540 3.905 0.059 0.5
6538 6542 3.905 0.059 0.5
6539 6543 3.905 0.059 0.5
6540 6544 3.905 0.059 0.5
6542 6545 3.905 0.059 0.5
6543 6547 3.905 0.059 0.5
6544 6548 3.905 0.059 0.5
6545 6549 3.905 0.059 0.5
6547 6550 3.905 0.059 0.5
6548 6552 3.905 0.059 0.5
6549 6553 3.905 0.059 0.5
6550 6554 3.905 0.059 0.5
6552 6555 3.905 0.059 0.5
6553 6557 3.905 0.059 0.5
6554 6558 3.905 0.059 0.5
6555 6559 3.905 0.059 0.5
6557 6560 3.905 0.059 0.5
6558 6562 3.905 0.059 0.5
6559 6563 3.905 0.059 0.5
6560 6564 3.905 0.059 0.5
6562 6565 3.905 0.059 0.5
6563 6567 3.905 0.059 0.5
6564 6568 3.905 0.059 0.5
6565 6569 3.905 0.059 0.5
6567 6570 3.905 0.059 0.5
6568 6572 3.905 0.059 0.5
6569 6573 3.905 0.059 0.5
6570 6574 3.905 0.059 0.5
6572 6575 3.905 0.059 0.5
6573 6577 3.905 0.059 0.5
6574 6578 3.905 0.059 0.5
6575 6579 3.905 0.059 0.5
6577 6580 3.905 0.059 0.5
6578 6582 3.905 0.059 0.5
6579 6583 3.905 0.059 0.5
6580 6584 3.905 0.059 0.5
6582 6585 3.905 0.059 0.5
6583 6587 3.905 0.059 0.5
6584 6588 3.905 0.059 0.5
6585 6589 3.905 0.059 0.5
6587 6590 3.905 0.059 0.5
6588 6592 3.905 0.059 0.5
6589 6593 3.905 0.059 0.5
6590 6594 3.905 0.059 0.5
6592 6595 3.905 0.059 0.5
6593 6597 3.905 0.059 0.5
6594 6598 3.905 0.059 0.5
6595 6599 3.905 0.059 0.5
6597 6600 3.905 0.059 0.5
6598 6602 3.905 0.059 0.5
6599 6603 3.905 0.059 0.5
6600 6604 3.905 0.059 0.5
6602 6605 3.905 0.059 0.5
6603 6607 3.905 0.059 0.5
6604 6608 3.905 0.059 0.5
6605 6609 3.905 0.059 0.5
6607 6610 3.905 0.059 0.5
6608 6612 3.905 0.059 0.5
6609 6613 3.905 0.059 0.5
6610 6614 3.905 0.059 0.5
6612 6615 3.905 0.059 0.5
6613 6617 3.905 0.059 0.5
6614 6618 3.905 0.059 0.5
6615 6619 3.905 0.059 0.5
6617 6620 3.905 0.059 0.5
6618 6622 3.905 0.059 0.5
6619 6623 3.905 0.059 0.5
6620 6624 3.905 0.059 0.5
6622 6625 3.905 0.07185053932 0.5
6627 6630 3.905 0.07185053932 0.5
6628 6632 3.905 0.059 0.5
6629 6633 3.905 0.059 0.5
6630 6634 3.905 0.059 0.5
6632 6635 3.905 0.059 0.5
6633 6637 3.905 0.059 0.5
6634 6638 3.905 0.059 0.5
6635 6639 3.905 0.059 0.5
6637 6640 3.905 0.059 0.5
6638 6642 3.905 0.059 0.5
6639 6643 3.905 0.059 0.5
6640 6644 3.905 0.059 0.5
6642 6645 3.905 0.059 0.5
6643 6647 3.905 0.059 0.5
6644 6648 3.905 0.059 0.5
6645 6649 3.905 0.059 0.5
6647 6650 3.905 0.059 0.5
6648 6652 3.905 0.059 0.5
6649 6653 3.905 0.059 0.5
6650 6654 3.905 0.059 0.5
6652 6655 3.905 0.059 0.5
6653 6657 3.905 0.059 0.5
6654 6658 3.905 0.059 0.5
6655 6659 3.905 0.059 0.5
6657 6660 3.905 0.059 0.5
6658 6662 3.905 0.059 0.5
6659 6663 3.905 0.059 0.5
6660 6664 3.905 0.059 0.5
6662 6665 3.905 0.059 0.5
6663 6667 3.905 0.059 0.5
6664 6668 3.905 0.059 0.5
6665 6669 3.905 0.059 0.5
6667 6670 3.905 0.059 0.5
6668 6672 3.905 0.059 0.5
6669 6673 3.905 0.059 0.5
6670 6674 3.905 0.059 0.5
6672 6675 3.905 0.059 0.5
6673 6677 3.905 0.059 0.5
6674 6678 3.905 0.059 0.5
6675 6679 3.905 0.059 0.5
6677 6680 3.905 0.059 0.5
6678 6682 3.905 0.059 0.5
6679 6683 3.905 0.059 0.5
6680 6684 3.905 0.059 0.5
6682 6685 3.905 0.059 0.5
6683 6687 3.905 0.059 0.5
6684 6688 3.905 0.059 0.5
6685 6689 3.905 0.059 0.5
6687 6690 3.905 0.059 0.5
6688 6692 3.905 0.059 0.5
6689 6693 3.905 0.059 0.5
6690 6694 3.905 0.059 0.5
6692 6695 3.905 0.059 0.5
6693 6697 3.905 0.059 0.5
6694 6698 3.905 0.059 0.5
6695 6699 3.905 0.059 0.5
6697 6700 3.905 0.059 0.5
6698 6702 3.905 0.059 0.5
6699 6703 3.905 0.059 0.5
6700 6704 3.905 0.059 0.5
6702 6705 3.905 0.059 0.5
6703 6707 3.905 0.059 0.5
6704 6708 3.905 0.059 0.5
6705 6709 3.905 0.059 0.5
6707 6710 3.905 0.059 0.5
6708 6712 3.905 0.059 0.5
6709 6713 3.905 0.059 0.5
6710 6714 3.905 0.059 0.5
6712 6715 3.905 0.059 0.5
6713 6717 3.905 0.059 0.5
6714 6718 3.905 0.059 0.5
6715 6719 3.905 0.059 0.5
6717 6720 3.905 0.059 0.5
6718 6722 3.905 0.059 0.5
6719 6723 3.905 0.059 0.5
6720 6724 3.905 0.059 0.5
6722 6725 3.905 0.059 0.5
6723 6727 3.905 0.059 0.5
6724 6728 3.905 0.059 0.5
6725 6729 3.905 0.059 0.5
6727 6730 3.905 0.059 0.5
6728 6732 3.905 0.059 0.5
6729 6733 3.905 0.059 0.5
6730 6734 3.905 0.059 0.5
6732 6735 3.905 0.059 0.5
6733 6737 3.905 0.059 0.5
6734 6738 3.905 0.059 0.5
6735 6739 3.905 0.059 0.5
6737 6740 3.905 0.059 0.5
6738 6742 3.905 0.059 0.5
6739 6743 3.905 0.059 0.5
6740 6744 3.905 0.059 0.5
6742 6745 3.905 0.059 0.5
6743 6747 3.905 0.059 0.5
6744 6748 3.905 0.059 0.5
6745 6749 3.905 0.059 0.5
6747 6750 3.905 0.07185053932 0.5
6752 6755 3.905 0.07185053932 0.5
6753 6757 3.905 0.059 0.5
6754 6758 3.905 0.059 0.5
6755 6759 3.905 0.059 0.5
6757 6760 3.905 0.059 0.5
6758 6762 3.905 0.059 0.5
6759 6763 3.905 0.059 0.5
6760 6764 3.905 0.059 0.5
6762 6765 3.905 0.059 0.5
6763 6767 3.905 0.059 0.5
6764 6768 3.905 0.059 0.5
6765 6769 3.905 0.059 0.5
6767 6770 3.905 0.059 0.5
6768 6772 3.905 0.059 0.5
6769 6773 3.905 0.059 0.5
6770 6774 3.905 0.059 0.5
6772 6775 3.905 0.059 0.5
6773 6777 3.905 0.059 0.5
6774 6778 3.905 0.059 0.5
6775 6779 3.905 0.059 0.5
6777 6780 3.905 0.059 0.5
6778 6782 3.905 0.059 0.5
6779 6783 3.905 0.059 0.5
6780 6784 3.905 0.059 0.5
6782 6785 3.905 0.059 0.5
6783 6787 3.905 0.059 0.5
6784 6788 3.905 0.059 0.5
6785 6789 3.905 0.059 0.5
6787 6790 3.905 0.059 0.5
6788 6792 3.905 0.059 0.5
6789 6793 3.905 0.059 0.5
6790 6794 3.905 0.059 0.5
6792 6795 3.905 0.059 0.5
6793 6797 3.905 0.059 0.5
6794 6798 3.905 0.059 0.5
6795 6799 3.905 0.059 0.5
6797 6800 3.905 0.059 0.5
6798 6802 3.905 0.059 0.5
6799 6803 3.905 0.059 0.5
6800 6804 3.905 0.059 0.5
6802 6805 3.905 0.059 0.5
6803 6807 3.905 0.059 0.5
6804 6808 3.905 0.059 0.5
6805 6809 3.905 0.059 0.5
6807 6810 3.905 0.059 0.5
6808 6812 3.905 0.059 0.5
6809 6813 3.905 0.059 0.5
6810 6814 3.905 0.059 0.5
6812 6815 3.905 0.059 0.5
6813 6817 3.905 0.059 0.5
6814 6818 3.905 0.059 0.5
6815 6819 3.905 0.059 0.5
6817 6820 3.905 0.059 0.5
6818 6822 3.905 0.059 0.5
6819 6823 3.905 0.059 0.5
6820 6824 3.905 0.059 0.5
6822 6825 3.905 0.059 0.5
6823 6827 3.905 0.059 0.5
6824 6828 3.905 0.059 0.5
6825 6829 3.905 0.059 0.5
6827 6830 3.905 0.059 0.5
6828 6832 3.905 0.059 0.5
6829 6833 3.905 0.059 0.5
6830 6834 3.905 0.059 0.5
6832 6835 3.905 0.059 0.5
6833 6837 3.905 0.059 0.5
6834 6838 3.905 0.059 0.5
6835 6839 3.905 0.059 0.5
6837 6840 3.905 0.059 0.5
6838 6842 3.905 0.059 0.5
6839 6843 3.905 0.059 0.5
6840 6844 3.905 0.059 0.5
6842 6845 3.905 0.059 0.5
6843 6847 3.905 0.059 0.5
6844 6848 3.905 0.059 0.5
6845 6849 3.905 0.059 0.5
6847 6850 3.905 0.059 0.5
6848 6852 3.905 0.059 0.5
6849 6853 3.905 0.059 0.5
6850 6854 3.905 0.059 0.5
6852 6855 3.905 0.059 0.5
6853 6857 3.905 0.059 0.5
6854 6858 3.905 0.059 0.5
6855 6859 3.905 0.059 0.5
6857 6860 3.905 0.059 0.5
6858 6862 3.905 0.059 0.5
6859 6863 3.905 0.059 0.5
6860 6864 3.905 0.059 0.5
6862 6865 3.905 0.059 0.5
6863 6867 3.905 0.059 0.5
6864 6868 3.905 0.059 0.5
6865 6869 3.905 0.059 0.5
6867 6870 3.905 0.059 0.5
6868 6872 3.905 0.059 0.5
6869 6873 3.905 0.059 0.5
6870 6874 3.905 0.059 0.5
6872 6875 3.905 0.07185053932 0.5
6877 6880 3.905 0.07185053932 0.5
6878 6882 3.905 0.059 0.5
6879 6883 3.905 0.059 0.5
6880 6884 3.905 0.059 0.5
6882 6885 3.905 0.059 0.5
6883 6887 3.905 0.059 0.5
6884 6888 3.905 0.059 0.5
6885 6889 3.905 0.059 0.5
6887 6890 3.905 0.059 0.5
6888 6892 3.905 0.059 0.5
6889 6893 3.905 0.059 0.5
6890 6894 3.905 0.059 0.5
6892 6895 3.905 0.059 0.5
6893 6897 3.905 0.059 0.5
6894 6898 3.905 0.059 0.5
6895 6899 3.905 0.059 0.5
6897 6900 3.905 0.059 0.5
6898 6902 3.905 0.059 0.5
6899 6903 3.905 0.059 0.5
6900 6904 3.905 0.059 0.5
6902 6905 3.905 0.059 0.5
6903 6907 3.905 0.059 0.5
6904 6908 3.905 0.059 0.5
6905 6909 3.905 0.059 0.5
6907 6910 3.905 0.059 0.5
6908 6912 3.905 0.059 0.5
6909 6913 3.905 0.059 0.5
6910 6914 3.905 0.059 0.5
6912 6915 3.905 0.059 0.5
6913 6917 3.905 0.059 0.5
6914 6918 3.905 0.059 0.5
6915 6919 3.905 0.059 0.5
6917 6920 3.905 0.059 0.5
6918 6922 3.905 0.059 0.5
6919 6923 3.905 0.059 0.5
6920 6924 3.905 0.059 0.5
6922 6925 3.905 0.059 0.5
6923 6927 3.905 0.059 0.5
6924 6928 3.905 0.059 0.5
6925 6929 3.905 0.059 0.5
6927 6930 3.905 0.059 0.5
6928 6932 3.905 0.059 0.5
6929 6933 3.905 0.059 0.5
6930 6934 3.905 0.059 0.5
6932 6935 3.905 0.059 0.5
6933 6937 3.905 0.059 0.5
6934 6938 3.905 0.059 0.5
6935 6939 3.905 0.059 0.5
6937 6940 3.905 0.059 0.5
6938 6942 3.905 0.059 0.5
6939 6943 3.905 0.059 0.5
6940 6944 3.905 0.059 0.5
6942 6945 3.905 0.059 0.5
6943 6947 3.905 0.059 0.5
6944 6948 3.905 0.059 0.5
6945 6949 3.905 0.059 0.5
6947 6950 3.905 0.059 0.5
6948 6952 3.905 0.059 0.5
6949 6953 3.905 0.059 0.5
6950 6954 3.905 0.059 0.5
6952 6955 3.905 0.059 0.5
6953 6957 3.905 0.059 0.5
6954 6958 3.905 0.059 0.5
6955 6959 3.905 0.059 0.5
6957 6960 3.905 0.059 0.5
6958 6962 3.905 0.059 0.5
6959 6963 3.905 0.059 0.5
6960 6964 3.905 0.059 0.5
6962 6965 3.905 0.059 0.5
6963 6967 3.905 0.059 0.5
6964 6968 3.905 0.059 0.5
6965 6969 3.905 0.059 0.5
6967 6970 3.905 0.059 0.5
6968 6972 3.905 0.059 0.5
6969 6973 3.905 0.059 0.5
6970 6974 3.905 0.059 0.5
6972 6975 3.905 0.059 0.5
6973 6977 3.905 0.059 0.5
6974 6978 3.905 0.059 0.5
6975 6979 3.905 0.059 0.5
6977 6980 3.905 0.059 0.5
6978 6982 3.905 0.059 0.5
6979 6983 3.905 0.059 0.5
6980 6984 3.905 0.059 0.5
6982 6985 3.905 0.059 0.5
6983 6987 3.905 0.059 0.5
6984 6988 3.905 0.059 0.5
6985 6989 3.905 0.059 0.5
6987 6990 3.905 0.059 0.5
6988 6992 3.905 0.059 0.5
6989 6993 3.905 0.059 0.5
6990 6994 3.905 0.059 0.5
6992 6995 3.905 0.059 0.5
6993 6997 3.905 0.059 0.5
6994 6998 3.905 0.059 0.5
6995 6999 3.905 0.059 0.5
6997 7000 3.905 0.07185053932 0.5
7002 7005 3.905 0.07185053932 0.5
7003 7007 3.905 0.059 0.5
7004 7008 3.905 0.059 0.5
7005 7009 3.905 0.059 0.5
7007 7010 3.905 0.059 0.5
7008 7012 3.905 0.059 0.5
7009 7013 3.905 0.059 0.5
7010 7014 3.905 0.059 0.5
7012 7015 3.905 0.059 0.5
7013 7017 3.905 0.059 0.5
7014 7018 3.905 0.059 0.5
7015 7019 3.905 0.059 0.5
7017 7020 3.905 0.059 0.5
7018 7022 3.905 0.059 0.5
7019 7023 3.905 0.059 0.5
7020 7024 3.905 0.059 0.5
7022 7025 3.905 0.059 0.5
7023 7027 3.905 0.059 0.5
7024 7028 3.905 0.059 0.5
7025 7029 3.905 0.059 0.5
7027 7030 3.905 0.059 0.5
7028 7032 3.905 0.059 0.5
7029 7033 3.905 0.059 0.5
7030 7034 3.905 0.059 0.5
7032 7035 3.905 0.059 0.5
7033 7037 3.905 0.059 0.5
7034 7038 3.905 0.059 0.5
7035 7039 3.905 0.059 0.5
7037 7040 3.905 0.059 0.5
7038 7042 3.905 0.059 0.5
7039 7043 3.905 0.059 0.5
7040 7044 3.905 0.059 0.5
7042 7045 3.905 0.059 0.5
7043 7047 3.905 0.059 0.5
7044 7048 3.905 0.059 0.5
7045 7049 3.905 0.059 0.5
7047 7050 3.905 0.059 0.5
7048 7052 3.905 0.059 0.5
7049 7053 3.905 0.059 0.5
7050 7054 3.905 0.059 0.5
7052 7055 3.905 0.059 0.5
7053 7057 3.905 0.059 0.5
7054 7058 3.905 0.059 0.5
7055 7059 3.905 0.059 0.5
7057 7060 3.905 0.059 0.5
7058 7062 3.905 0.059 0.5
7059 7063 3.905 0.059 0.5
7060 7064 3.905 0.059 0.5
7062 7065 3.905 0.059 0.5
7063 7067 3.905 0.059 0.5
7064 7068 3.905 0.059 0.5
7065 7069 3.905 0.059 0.5
7067 7070 3.905 0.059 0.5
7068 7072 3.905 0.059 0.5
7069 7073 3.905 0.059 0.5
7070 7074 3.905 0.059 0.5
7072 7075 3.905 0.059 0.5
7073 7077 3.905 0.059 0.5
7074 7078 3.905 0.059 0.5
7075 7079 3.905 0.059 0.5
7077 7080 3.905 0.059 0.5
7078 7082 3.905 0.059 0.5
7079 7083 3.905 0.059 0.5
7080 7084 3.905 0.059 0.5
7082 7085 3.905 0.059 0.5
7083 7087 3.905 0.059 0.5
7084 7088 3.905 0.059 0.5
7085 7089 3.905 0.059 0.5
7087 7090 3.905 0.059 0.5
7088 7092 3.905 0.059 0.5
7089 7093 3.905 0.059 0.5
7090 7094 3.905 0.059 0.5
7092 7095 3.905 0.059 0.5
7093 7097 3.905 0.059 0.5
7094 7098 3.905 0.059 0.5
7095 7099 3.905 0.059 0.5
7097 7100 3.905 0.059 0.5
7098 7102 3.905 0.059 0.5
7099 7103 3.905 0.059 0.5
7100 7104 3.905 0.059 0.5
7102 7105 3.905 0.059 0.5
7103 7107 3.905 0.059 0.5
7104 7108 3.905 0.059 0.5
7105 7109 3.905 0.059 0.5
7107 7110 3.905 0.059 0.5
7108 7112 3.905 0.059 0.5
7109 7113 3.905 0.059 0.5
7110 7114 3.905 0.059 0.5
7112 7115 3.905 0.059 0.5
7113 7117 3.905 0.059 0.5
7114 7118 3.905 0.059 0.5
7115 7119 3.905 0.059 0.5
7117 7120 3.905 0.059 0.5
7118 7122 3.905 0.059 0.5
7119 7123 3.905 0.059 0.5
7120 7124 3.905 0.059 0.5
7122 7125 3.905 0.07185053932 0.5
7127 7130 3.905 0.07185053932 0.5
7128 7132 3.905 0.059 0.5
7129 7133 3.905 0.059 0.5
7130 7134 3.905 0.059 0.5
7132 7135 3.905 0.059 0.5
7133 7137 3.905 0.059 0.5
7134 7138 3.905 0.059 0.5
7135 7139 3.905 0.059 0.5
7137 7140 3.905 0.059 0.5
7138 7142 3.905 0.059 0.5
7139 7143 3.905 0.059 0.5
7140 7144 3.905 0.059 0.5
7142 7145 3.905 0.059 0.5
7143 7147 3.905 0.059 0.5
7144 7148 3.905 0.059 0.5
7145 7149 3.905 0.059 0.5
7147 7150 3.905 0.059 0.5
7148 7152 3.905 0.059 0.5
7149 7153 3.905 0.059 0.5
7150 7154 3.905 0.059 0.5
7152 7155 3.905 0.059 0.5
7153 7157 3.905 0.059 0.5
7154 7158 3.905 0.059 0.5
7155 7159 3.905 0.059 0.5
7157 7160 3.905 0.059 0.5
7158 7162 3.905 0.059 0.5
7159 7163 3.905 0.059 0.5
7160 7164 3.905 0.059 0.5
7162 7165 3.905 0.059 0.5
7163 7167 3.905 0.059 0.5
7164 7168 3.905 0.059 0.5
7165 7169 3.905 0.059 0.5
7167 7170 3.905 0.059 0.5
7168 7172 3.905 0.059 0.5
7169 7173 3.905 0.059 0.5
7170 7174 3.905 0.059 0.5
7172 7175 3.905 0.059 0.5
7173 7177 3.905 0.059 0.5
7174 7178 3.905 0.059 0.5
7175 7179 3.905 0.059 0.5
7177 7180 3.905 0.059 0.5
7178 7182 3.905 0.059 0.5
7179 7183 3.905 0.059 0.5
7180 7184 3.905 0.059 0.5
7182 7185 3.905 0.059 0.5
7183 7187 3.905 0.059 0.5
7184 7188 3.905 0.059 0.5
7185 7189 3.905 0.059 0.5
7187 7190 3.905 0.059 0.5
7188 7192 3.905 0.059 0.5
7189 7193 3.905 0.059 0.5
7190 7194 3.905 0.059 0.5
7192 7195 3.905 0.059 0.5
7193 7197 3.905 0.059 0.5
7194 7198 3.905 0.059 0.5
7195 7199 3.905 0.059 0.5
7197 7200 3.905 0.059 0.5
7198 7202 3.905 0.059 0.5
7199 7203 3.905 0.059 0.5
7200 7204 3.905 0.059 0.5
7202 7205 3.905 0.059 0.5
7203 7207 3.905 0.059 0.5
7204 7208 3.905 0.059 0.5
7205 7209 3.905 0.059 0.5
7207 7210 3.905 0.059 0.5
7208 7212 3.905 0.059 0.5
7209 7213 3.905 0.059 0.5
7210 7214 3.905 0.059 0.5
7212 7215 3.905 0.059 0.5
7213 7217 3.905 0.059 0.5
7214 7218 3.905 0.059 0.5
7215 7219 3.905 0.059 0.5
7217 7220 3.905 0.059 0.5
7218 7222 3.905 0.059 0.5
7219 7223 3.905 0.059 0.5
7220 7224 3.905 0.059 0.5
7222 7225 3.905 0.059 0.5
7223 7227 3.905 0.059 0.5
7224 7228 3.905 0.059 0.5
7225 7229 3.905 0.059 0.5
7227 7230 3.905 0.059 0.5
7228 7232 3.905 0.059 0.5
7229 7233 3.905 0.059 0.5
7230 7234 3.905 0.059 0.5
7232 7235 3.905 0.059 0.5
7233 7237 3.905 0.059 0.5
7234 7238 3.905 0.059 0.5
7235 7239 3.905 0.059 0.5
7237 7240 3.905 0.059 0.5
7238 7242 3.905 0.059 0.5
7239 7243 3.905 0.059 0.5
7240 7244 3.905 0.059 0.5
7242 7245 3.905 0.059 0.5
7243 7247 3.905 0.059 0.5
7244 7248 3.905 0.059 0.5
7245 7249 3.905 0.059 0.5
7247 7250 3.905 0.07185053932 0.5
7252 7255 3.905 0.07185053932 0.5
7253 7257 3.905 0.059 0.5
7254 7258 3.905 0.059 0.5
7255 7259 3.905 0.059 0.5
7257 7260 3.905 0.059 0.5
7258 7262 3.905 0.059 0.5
7259 7263 3.905 0.059 0.5
7260 7264 3.905 0.059 0.5
7262 7265 3.905 0.059 0.5
7263 7267 3.905 0.059 0.5
7264 7268 3.905 0.059 0.5
7265 7269 3.905 0.059 0.5
7267 7270 3.905 0.059 0.5
7268 7272 3.905 0.059 0.5
7269 7273 3.905 0.059 0.5
7270 7274 3.905 0.059 0.5
7272 7275 3.905 0.059 0.5
7273 7277 3.905 0.059 0.5
7274 7278 3.905 0.059 0.5
7275 7279 3.905 0.059 0.5
7277 7280 3.905 0.059 0.5
7278 7282 3.905 0.059 0.5
7279 7283 3.905 0.059 0.5
7280 7284 3.905 0.059 0.5
7282 7285 3.905 0.059 0.5
7283 7287 3.905 0.059 0.5
7284 7288 3.905 0.059 0.5
7285 7289 3.905 0.059 0.5
7287 7290 3.905 0.059 0.5
7288 7292 3.905 0.059 0.5
7289 7293 3.905 0.059 0.5
7290 7294 3.905 0.059 0.5
7292 7295 3.905 0.059 0.5
7293 7297 3.905 0.059 0.5
7294 7298 3.905 0.059 0.5
7295 7299 3.905 0.059 0.5
7297 7300 3.905 0.059 0.5
7298 7302 3.905 0.059 0.5
7299 7303 3.905 0.059 0.5
7300 7304 3.905 0.059 0.5
7302 7305 3.905 0.059 0.5
7303 7307 3.905 0.059 0.5
7304 7308 3.905 0.059 0.5
7305 7309 3.905 0.059 0.5
7307 7310 3.905 0.059 0.5
7308 7312 3.905 0.059 0.5
7309 7313 3.905 0.059 0.5
7310 7314 3.905 0.059 0.5
7312 7315 3.905 0.059 0.5
7313 7317 3.905 0.059 0.5
7314 7318 3.905 0.059 0.5
7315 7319 3.905 0.059 0.5
7317 7320 3.905 0.059 0.5
7318 7322 3.905 0.059 0.5
7319 7323 3.905 0.059 0.5
7320 7324 3.905 0.059 0.5
7322 7325 3.905 0.059 0.5
7323 7327 3.905 0.059 0.5
7324 7328 3.905 0.059 0.5
7325 7329 3.905 0.059 0.5
7327 7330 3.905 0.059 0.5
7328 7332 3.905 0.059 0.5
7329 7333 3.905 0.059 0.5
7330 7334 3.905 0.059 0.5
7332 7335 3.905 0.059 0.5
7333 7337 3.905 0.059 0.5
7334 7338 3.905 0.059 0.5
7335 7339 3.905 0.059 0.5
7337 7340 3.905 0.059 0.5
7338 7342 3.905 0.059 0.5
7339 7343 3.905 0.059 0.5
7340 7344 3.905 0.059 0.5
7342 7345 3.905 0.059 0.5
7343 7347 3.905 0.059 0.5
7344 7348 3.905 0.059 0.5
7345 7349 3.905 0.059 0.5
7347 7350 3.905 0.059 0.5
7348 7352 3.905 0.059 0.5
7349 7353 3.905 0.059 0.5
7350 7354 3.905 0.059 0.5
7352 7355 3.905 0.059 0.5
7353 7357 3.905 0.059 0.5
7354 7358 3.905 0.059 0.5
7355 7359 3.905 0.059 0.5
7357 7360 3.905 0.059 0.5
7358 7362 3.905 0.059 0.5
7359 7363 3.905 0.059 0.5
7360 7364 3.905 0.059 0.5
7362 7365 3.905 0.059 0.5
7363 7367 3.905 0.059 0.5
7364 7368 3.905 0.059 0.5
7365 7369 3.905 0.059 0.5
7367 7370 3.905 0.059 0.5
7368 7372 3.905 0.059 0.5
7369 7373 3.905 0.059 0.5
7370 7374 3.905 0.059 0.5
7372 7375 3.905 0.07185053932 0.5
7377 7380 3.905 0.07185053932 0.5
7378 7382 3.905 0.059 0.5
7379 7383 3.905 0.059 0.5
7380 7384 3.905 0.059 0.5
7382 7385 3.905 0.059 0.5
7383 7387 3.905 0.059 0.5
7384 7388 3.905 0.059 0.5
7385 7389 3.905 0.059 0.5
7387 7390 3.905 0.059 0.5
7388 7392 3.905 0.059 0.5
7389 7393 3.905 0.059 0.5
7390 7394 3.905 0.059 0.5
7392 7395 3.905 0.059 0.5
7393 7397 3.905 0.059 0.5
7394 7398 3.905 0.059 0.5
7395 7399 3.905 0.059 0.5
7397 7400 3.905 0.059 0.5
7398 7402 3.905 0.059 0.5
7399 7403 3.905 0.059 0.5
7400 7404 3.905 0.059 0.5
7402 7405 3.905 0.059 0.5
7403 7407 3.905 0.059 0.5
7404 7408 3.905 0.059 0.5
7405 7409 3.905 0.059 0.5
7407 7410 3.905 0.059 0.5
7408 7412 3.905 0.059 0.5
7409 7413 3.905 0.059 0.5
7410 7414 3.905 0.059 0.5
7412 7415 3.905 0.059 0.5
7413 7417 3.905 0.059 0.5
7414 7418 3.905 0.059 0.5
7415 7419 3.905 0.059 0.5
7417 7420 3.905 0.059 0.5
7418 7422 3.905 0.059 0.5
7419 7423 3.905 0.059 0.5
7420 7424 3.905 0.059 0.5
7422 7425 3.905 0.059 0.5
7423 7427 3.905 0.059 0.5
7424 7428 3.905 0.059 0.5
7425 7429 3.905 0.059 0.5
7427 7430 3.905 0.059 0.5
7428 7432 3.905 0.059 0.5
7429 7433 3.905 0.059 0.5
7430 7434 3.905 0.059 0.5
7432 7435 3.905 0.059 0.5
7433 7437 3.905 0.059 0.5
7434 7438 3.905 0.059 0.5
7435 7439 3.905 0.059 0.5
7437 7440 3.905 0.059 0.5
7438 7442 3.905 0.059 0.5
7439 7443 3.905 0.059 0.5
7440 7444 3.905 0.059 0.5
7442 7445 3.905 0.059 0.5
7443 7447 3.905 0.059 0.5
7444 7448 3.905 0.059 0.5
7445 7449 3.905 0.059 0.5
7447 7450 3.905 0.059 0.5
7448 7452 3.905 0.059 0.5
7449 7453 3.905 0.059 0.5
7450 7454 3.905 0.059 0.5
7452 7455 3.905 0.059 0.5
7453 7457 3.905 0.059 0.5
7454 7458 3.905 0.059 0.5
7455 7459 3.905 0.059 0.5
7457 7460 3.905 0.059 0.5
7458 7462 3.905 0.059 0.5
7459 7463 3.905 0.059 0.5
7460 7464 3.905 0.059 0.5
7462 7465 3.905 0.059 0.5
7463 7467 3.905 0.059 0.5
7464 7468 3.905 0.059 0.5
7465 7469 3.905 0.059 0.5
7467 7470 3.905 0.059 0.5
7468 7472 3.905 0.059 0.5
7469 7473 3.905 0.059 0.5
7470 7474 3.905 0.059 0.5
7472 7475 3.905 0.059 0.5
7473 7477 3.905 0.059 0.5
7474 7478 3.905 0.059 0.5
7475 7479 3.905 0.059 0.5
7477 7480 3.905 0.059 0.5
7478 7482 3.905 0.059 0.5
7479 7483 3.905 0.059 0.5
7480 7484 3.905 0.059 0.5
7482 7485 3.905 0.059 0.5
7483 7487 3.905 0.059 0.5
7484 7488 3.905 0.059 0.5
7485 7489 3.905 0.059 0.5
7487 7490 3.905 0.059 0.5
7488 7492 3.905 0.059 0.5
7489 7493 3.905 0.059 0.5
7490 7494 3.905 0.059 0.5
7492 7495 3.905 0.059 0.5
7493 7497 3.905 0.059 0.5
7494 7498 3.905 0.059 0.5
7495 7499 3.905 0.059 0.5
7497 7500 3.905 0.07185053932 0.5
7502 7505 3.905 0.07185053932 0.5
7503 7507 3.905 0.059 0.5
7504 7508 3.905 0.059 0.5
7505 7509 3.905 0.059 0.5
7507 7510 3.905 0.059 0.5
7508 7512 3.905 0.059 0.5
7509 7513 3.905 0.059 0.5
7510 7514 3.905 0.059 0.5
7512 7515 3.905 0.059 0.5
7513 7517 3.905 0.059 0.5
7514 7518 3.905 0.059 0.5
7515 7519 3.905 0.059 0.5
7517 7520 3.905 0.059 0.5
7518 7522 3.905 0.059 0.5
7519 7523 3.905 0.059 0.5
7520 7524 3.905 0.059 0.5
7522 7525 3.905 0.059 0.5
7523 7527 3.905 0.059 0.5
7524 7528 3.905 0.059 0.5
7525 7529 3.905 0.059 0.5
7527 7530 3.905 0.059 0.5
7528 7532 3.905 0.059 0.5
7529 7533 3.905 0.059 0.5
7530 7534 3.905 0.059 0.5
7532 7535 3.905 0.059 0.5
7533 7537 3.905 0.059 0.5
7534 7538 3.905 0.059 0.5
7535 7539 3.905 0.059 0.5
7537 7540 3.905 0.059 0.5
7538 7542 3.905 0.059 0.5
7539 7543 3.905 0.059 0.5
7540 7544 3.905 0.059 0.5
7542 7545 3.905 0.059 0.5
7543 7547 3.905 0.059 0.5
7544 7548 3.905 0.059 0.5
7545 7549 3.905 0.059 0.5
7547 7550 3.905 0.059 0.5
7548 7552 3.905 0.059 0.5
7549 7553 3.905 0.059 0.5
7550 7554 3.905 0.059 0.5
7552 7555 3.905 0.059 0.5
7553 7557 3.905 0.059 0.5
7554 7558 3.905 0.059 0.5
7555 7559 3.905 0.059 0.5
7557 7560 3.905 0.059 0.5
7558 7562 3.905 0.059 0.5
7559 7563 3.905 0.059 0.5
7560 7564 3.905 0.059 0.5
7562 7565 3.905 0.059 0.5
7563 7567 3.905 0.059 0.5
7564 7568 3.905 0.059 0.5
7565 7569 3.905 0.059 0.5
7567 7570 3.905 0.059 0.5
7568 7572 3.905 0.059 0.5
7569 7573 3.905 0.059 0.5
7570 7574 3.905 0.059 0.5
7572 7575 3.905 0.059 0.5
7573 7577 3.905 0.059 0.5
7574 7578 3.905 0.059 0.5
7575 7579 3.905 0.059 0.5
7577 7580 3.905 0.059 0.5
7578 7582 3.905 0.059 0.5
7579 7583 3.905 0.059 0.5
7580 7584 3.905 0.059 0.5
7582 7585 3.905 0.059 0.5
7583 7587 3.905 0.059 0.5
7584 7588 3.905 0.059 0.5
7585 7589 3.905 0.059 0.5
7587 7590 3.905 0.059 0.5
7588 7592 3.905 0.059 0.5
7589 7593 3.905 0.059 0.5
7590 7594 3.905 0.059 0.5
7592 7595 3.905 0.059 0.5
7593 7597 3.905 0.059 0.5
7594 7598 3.905 0.059 0.5
7595 7599 3.905 0.059 0.5
7597 7600 3.905 0.059 0.5
7598 7602 3.905 0.059 0.5
7599 7603 3.905 0.059 0.5
7600 7604 3.905 0.059 0.5
7602 7605 3.905 0.059 0.5
7603 7607 3.905 0.059 0.5
7604 7608 3.905 0.059 0.5
7605 7609 3.905 0.059 0.5
7607 7610 3.905 0.059 0.5
7608 7612 3.905 0.059 0.5
7609 7613 3.905 0.059 0.5
7610 7614 3.905 0.059 0.5
7612 7615 3.905 0.059 0.5
7613 7617 3.905 0.059 0.5
7614 7618 3.905 0.059 0.5
7615 7619 3.905 0.059 0.5
7617 7620 3.905 0.059 0.5
7618 7622 3.905 0.059 0.5
7619 7623 3.905 0.059 0.5
7620 7624 3.905 0.059 0.5
7622 7625 3.905 0.07185053932 0.5
7627 7630 3.905 0.07185053932 0.5
7628 7632 3.905 0.059 0.5
7629 7633 3.905 0.059 0.5
7630 7634 3.905 0.059 0.5
7632 7635 3.905 0.059 0.5
7633 7637 3.905 0.059 0.5
7634 7638 3.905 0.059 0.5
7635 7639 3.905 0.059 0.5
7637 7640 3.905 0.059 0.5
7638 7642 3.905 0.059 0.5
7639 7643 3.905 0.059 0.5
7640 7644 3.905 0.059 0.5
7642 7645 3.905 0.059 0.5
7643 7647 3.905 0.059 0.5
7644 7648 3.905 0.059 0.5
7645 7649 3.905 0.059 0.5
7647 7650 3.905 0.059 0.5
7648 7652 3.905 0.059 0.5
7649 7653 3.905 0.059 0.5
7650 7654 3.905 0.059 0.5
7652 7655 3.905 0.059 0.5
7653 7657 3.905 0.059 0.5
7654 7658 3.905 0.059 0.5
7655 7659 3.905 0.059 0.5
7657 7660 3.905 0.059 0.5
7658 7662 3.905 0.059 0.5
7659 7663 3.905 0.059 0.5
7660 7664 3.905 0.059 0.5
7662 7665 3.905 0.059 0.5
7663 7667 3.905 0.059 0.5
7664 7668 3.905 0.059 0.5
7665 7669 3.905 0.059 0.5
7667 7670 3.905 0.059 0.5
7668 7672 3.905 0.059 0.5
7669 7673 3.905 0.059 0.5
7670 7674 3.905 0.059 0.5
7672 7675 3.905 0.059 0.5
7673 7677 3.905 0.059 0.5
7674 7678 3.905 0.059 0.5
7675 7679 3.905 0.059 0.5
7677 7680 3.905 0.059 0.5
7678 7682 3.905 0.059 0.5
7679 7683 3.905 0.059 0.5
7680 7684 3.905 0.059 0.5
7682 7685 3.905 0.059 0.5
7683 7687 3.905 0.059 0.5
7684 7688 3.905 0.059 0.5
7685 7689 3.905 0.059 0.5
7687 7690 3.905 0.059 0.5
7688 7692 3.905 0.059 0.5
7689 7693 3.905 0.059 0.5
7690 7694 3.905 0.059 0.5
7692 7695 3.905 0.059 0.5
7693 7697 3.905 0.059 0.5
7694 7698 3.905 0.059 0.5
7695 7699 3.905 0.059 0.5
7697 7700 3.905 0.059 0.5
7698 7702 3.905 0.059 0.5
7699 7703 3.905 0.059 0.5
7700 7704 3.905 0.059 0.5
7702 7705 3.905 0.059 0.5
7703 7707 3.905 0.059 0.5
7704 7708 3.905 0.059 0.5
7705 7709 3.905 0.059 0.5
7707 7710 3.905 0.059 0.5
7708 7712 3.905 0.059 0.5
7709 7713 3.905 0.059 0.5
7710 7714 3.905 0.059 0.5
7712 7715 3.905 0.059 0.5
7713 7717 3.905 0.059 0.5
7714 7718 3.905 0.059 0.5
7715 7719 3.905 0.059 0.5
7717 7720 3.905 0.059 0.5
7718 7722 3.905 0.059 0.5
7719 7723 3.905 0.059 0.5
7720 7724 3.905 0.059 0.5
7722 7725 3.905 0.059 0.5
7723 7727 3.905 0.059 0.5
7724 7728 3.905 0.059 0.5
7725 7729 3.905 0.059 0.5
7727 7730 3.905 0.059 0.5
7728 7732 3.905 0.059 0.5
7729 7733 3.905 0.059 0.5
7730 7734 3.905 0.059 0.5
7732 7735 3.905 0.059 0.5
7733 7737 3.905 0.059 0.5
7734 7738 3.905 0.059 0.5
7735 7739 3.905 0.059 0.5
7737 7740 3.905 0.059 0.5
7738 7742 3.905 0.059 0.5
7739 7743 3.905 0.059 0.5
7740 7744 3.905 0.059 0.5
7742 7745 3.905 0.059 0.5
7743 7747 3.905 0.059 0.5
7744 7748 3.905 0.059 0.5
7745 7749 3.905 0.059 0.5
7747 7750 3.905 0.07185053932 0.5
7752 7755 3.905 0.07185053932 0.5
7753 7757 3.905 0.059 0.5
7754 7758 3.905 0.059 0.5
7755 7759 3.905 0.059 0.5
7757 7760 3.905 0.059 0.5
7758 7762 3.905 0.059 0.5
7759 7763 3.905 0.059 0.5
7760 7764 3.905 0.059 0.5
7762 7765 3.905 0.059 0.5
7763 7767 3.905 0.059 0.5
7764 7768 3.905 0.059 0.5
7765 7769 3.905 0.059 0.5
7767 7770 3.905 0.059 0.5
7768 7772 3.905 0.059 0.5
7769 7773 3.905 0.059 0.5
7770 7774 3.905 0.059 0.5
7772 7775 3.905 0.059 0.5
7773 7777 3.905 0.059 0.5
7774 7778 3.905 0.059 0.5
7775 7779 3.905 0.059 0.5
7777 7780 3.905 0.059 0.5
7778 7782 3.905 0.059 0.5
7779 7783 3.905 0.059 0.5
7780 7784 3.905 0.059 0.5
7782 7785 3.905 0.059 0.5
7783 7787 3.905 0.059 0.5
7784 7788 3.905 0.059 0.5
7785 7789 3.905 0.059 0.5
7787 7790 3.905 0.059 0.5
7788 7792 3.905 0.059 0.5
7789 7793 3.905 0.059 0.5
7790 7794 3.905 0.059 0.5
7792 7795 3.905 0.059 0.5
7793 7797 3.905 0.059 0.5
7794 7798 3.905 0.059 0.5
7795 7799 3.905 0.059 0.5
7797 7800 3.905 0.059 0.5
7798 7802 3.905 0.059 0.5
7799 7803 3.905 0.059 0.5
7800 7804 3.905 0.059 0.5
7802 7805 3.905 0.059 0.5
7803 7807 3.905 0.059 0.5
7804 7808 3.905 0.059 0.5
7805 7809 3.905 0.059 0.5
7807 7810 3.905 0.059 0.5
7808 7812 3.905 0.059 0.5
7809 7813 3.905 0.059 0.5
7810 7814 3.905 0.059 0.5
7812 7815 3.905 0.059 0.5
7813 7817 3.905 0.059 0.5
7814 7818 3.905 0.059 0.5
7815 7819 3.905 0.059 0.5
7817 7820 3.905 0.059 0.5
7818 7822 3.905 0.059 0.5
7819 7823 3.905 0.059 0.5
7820 7824 3.905 0.059 0.5
7822 7825 3.905 0.059 0.5
7823 7827 3.905 0.059 0.5
7824 7828 3.905 0.059 0.5
7825 7829 3.905 0.059 0.5
7827 7830 3.905 0.059 0.5
7828 7832 3.905 0.059 0.5
7829 7833 3.905 0.059 0.5
7830 7834 3.905 0.059 0.5
7832 7835 3.905 0.059 0.5
7833 7837 3.905 0.059 0.5
7834 7838 3.905 0.059 0.5
7835 7839 3.905 0.059 0.5
7837 7840 3.905 0.059 0.5
7838 7842 3.905 0.059 0.5
7839 7843 3.905 0.059 0.5
7840 7844 3.905 0.059 0.5
7842 7845 3.905 0.059 0.5
7843 7847 3.905 0.059 0.5
7844 7848 3.905 0.059 0.5
7845 7849 3.905 0.059 0.5
7847 7850 3.905 0.059 0.5
7848 7852 3.905 0.059 0.5
7849 7853 3.905 0.059 0.5
7850 7854 3.905 0.059 0.5
7852 7855 3.905 0.059 0.5
7853 7857 3.905 0.059 0.5
7854 7858 3.905 0.059 0.5
7855 7859 3.905 0.059 0.5
7857 7860 3.905 0.059 0.5
7858 7862 3.905 0.059 0.5
7859 7863 3.905 0.059 0.5
7860 7864 3.905 0.059 0.5
7862 7865 3.905 0.059 0.5
7863 7867 3.905 0.059 0.5
7864 7868 3.905 0.059 0.5
7865 7869 3.905 0.059 0.5
7867 7870 3.905 0.059 0.5
7868 7872 3.905 0.059 0.5
7869 7873 3.905 0.059 0.5
7870 7874 3.905 0.059 0.5
7872 7875 3.905 0.07185053932 0.5
7877 7880 3.905 0.07185053932 0.5
7878 7882 3.905 0.059 0.5
7879 7883 3.905 0.059 0.5
7880 7884 3.905 0.059 0.5
7882 7885 3.905 0.059 0.5
7883 7887 3.905 0.059 0.5
7884 7888 3.905 0.059 0.5
7885 7889 3.905 0.059 0.5
7887 7890 3.905 0.059 0.5
7888 7892 3.905 0.059 0.5
7889 7893 3.905 0.059 0.5
7890 7894 3.905 0.059 0.5
7892 7895 3.905 0.059 0.5
7893 7897 3.905 0.059 0.5
7894 7898 3.905 0.059 0.5
7895 7899 3.905 0.059 0.5
7897 7900 3.905 0.059 0.5
7898 7902 3.905 0.059 0.5
7899 7903 3.905 0.059 0.5
7900 7904 3.905 0.059 0.5
7902 7905 3.905 0.059 0.5
7903 7907 3.905 0.059 0.5
7904 7908 3.905 0.059 0.5
7905 7909 3.905 0.059 0.5
7907 7910 3.905 0.059 0.5
7908 7912 3.905 0.059 0.5
7909 7913 3.905 0.059 0.5
7910 7914 3.905 0.059 0.5
7912 7915 3.905 0.059 0.5
7913 7917 3.905 0.059 0.5
7914 7918 3.905 0.059 0.5
7915 7919 3.905 0.059 0.5
7917 7920 3.905 0.059 0.5
7918 7922 3.905 0.059 0.5
7919 7923 3.905 0.059 0.5
7920 7924 3.905 0.059 0.5
7922 7925 3.905 0.059 0.5
7923 7927 3.905 0.059 0.5
7924 7928 3.905 0.059 0.5
7925 7929 3.905 0.059 0.5
7927 7930 3.905 0.059 0.5
7928 7932 3.905 0.059 0.5
7929 7933 3.905 0.059 0.5
7930 7934 3.905 0.059 0.5
7932 7935 3.905 0.059 0.5
7933 7937 3.905 0.059 0.5
7934 7938 3.905 0.059 0.5
7935 7939 3.905 0.059 0.5
7937 7940 3.905 0.059 0.5
7938 7942 3.905 0.059 0.5
7939 7943 3.905 0.059 0.5
7940 7944 3.905 0.059 0.5
7942 7945 3.905 0.059 0.5
7943 7947 3.905 0.059 0.5
7944 7948 3.905 0.059 0.5
7945 7949 3.905 0.059 0.5
7947 7950 3.905 0.059 0.5
7948 7952 3.905 0.059 0.5
7949 7953 3.905 0.059 0.5
7950 7954 3.905 0.059 0.5
7952 7955 3.905 0.059 0.5
7953 7957 3.905 0.059 0.5
7954 7958 3.905 0.059 0.5
7955 7959 3.905 0.059 0.5
7957 7960 3.905 0.059 0.5
7958 7962 3.905 0.059 0.5
7959 7963 3.905 0.059 0.5
7960 7964 3.905 0.059 0.5
7962 7965 3.905 0.059 0.5
7963 7967 3.905 0.059 0.5
7964 7968 3.905 0.059 0.5
7965 7969 3.905 0.059 0.5
7967 7970 3.905 0.059 0.5
7968 7972 3.905 0.059 0.5
7969 7973 3.905 0.059 0.5
7970 7974 3.905 0.059 0.5
7972 7975 3.905 0.059 0.5
7973 7977 3.905 0.059 0.5
7974 7978 3.905 0.059 0.5
7975 7979 3.905 0.059 0.5
7977 7980 3.905 0.059 0.5
7978 7982 3.905 0.059 0.5
7979 7983 3.905 0.059 0.5
7980 7984 3.905 0.059 0.5
7982 7985 3.905 0.059 0.5
7983 7987 3.905 0.059 0.5
7984 7988 3.905 0.059 0.5
7985 7989 3.905 0.059 0.5
7987 7990 3.905 0.059 0.5
7988 7992 3.905 0.059 0.5
7989 7993 3.905 0.059 0.5
7990 7994 3.905 0.059 0.5
7992 7995 3.905 0.059 0.5
7993 7997 3.905 0.059 0.5
7994 7998 3.905 0.059 0.5
7995 7999 3.905 0.059 0.5
7997 8000 3.905 0.07185053932 0.5
8002 8005 3.905 0.07185053932 0.5
8003 8007 3.905 0.059 0.5
8004 8008 3.905 0.059 0.5
8005 8009 3.905 0.059 0.5
8007 8010 3.905 0.059 0.5
8008 8012 3.905 0.059 0.5
8009 8013 3.905 0.059 0.5
8010 8014 3.905 0.059 0.5
8012 8015 3.905 0.059 0.5
8013 8017 3.905 0.059 0.5
8014 8018 3.905 0.059 0.5
8015 8019 3.905 0.059 0.5
8017 8020 3.905 0.059 0.5
8018 8022 3.905 0.059 0.5
8019 8023 3.905 0.059 0.5
8020 8024 3.905 0.059 0.5
8022 8025 3.905 0.059 0.5
8023 8027 3.905 0.059 0.5
8024 8028 3.905 0.059 0.5
8025 8029 3.905 0.059 0.5
8027 8030 3.905 0.059 0.5
8028 8032 3.905 0.059 0.5
8029 8033 3.905 0.059 0.5
8030 8034 3.905 0.059 0.5
8032 8035 3.905 0.059 0.5
8033 8037 3.905 0.059 0.5
8034 8038 3.905 0.059 0.5
8035 8039 3.905 0.059 0.5
8037 8040 3.905 0.059 0.5
8038 8042 3.905 0.059 0.5
8039 8043 3.905 0.059 0.5
8040 8044 3.905 0.059 0.5
8042 8045 3.905 0.059 0.5
8043 8047 3.905 0.059 0.5
8044 8048 3.905 0.059 0.5
8045 8049 3.905 0.059 0.5
8047 8050 3.905 0.059 0.5
8048 8052 3.905 0.059 0.5
8049 8053 3.905 0.059 0.5
8050 8054 3.905 0.059 0.5
8052 8055 3.905 0.059 0.5
8053 8057 3.905 0.059 0.5
8054 8058 3.905 0.059 0.5
8055 8059 3.905 0.059 0.5
8057 8060 3.905 0.059 0.5
8058 8062 3.905 0.059 0.5
8059 8063 3.905 0.059 0.5
8060 8064 3.905 0.059 0.5
8062 8065 3.905 0.059 0.5
8063 8067 3.905 0.059 0.5
8064 8068 3.905 0.059 0.5
8065 8069 3.905 0.059 0.5
8067 8070 3.905 0.059 0.5
8068 8072 3.905 0.059 0.5
8069 8073 3.905 0.059 0.5
8070 8074 3.905 0.059 0.5
8072 8075 3.905 0.059 0.5
8073 8077 3.905 0.059 0.5
8074 8078 3.905 0.059 0.5
8075 8079 3.905 0.059 0.5
8077 8080 3.905 0.059 0.5
8078 8082 3.905 0.059 0.5
8079 8083 3.905 0.059 0.5
8080 8084 3.905 0.059 0.5
8082 8085 3.905 0.059 0.5
8083 8087 3.905 0.059 0.5
8084 8088 3.905 0.059 0.5
8085 8089 3.905 0.059 0.5
8087 8090 3.905 0.059 0.5
8088 8092 3.905 0.059 0.5
8089 8093 3.905 0.059 0.5
8090 8094 3.905 0.059 0.5
8092 8095 3.905 0.059 0.5
8093 8097 3.905 0.059 0.5
8094 8098 3.905 0.059 0.5
8095 8099 3.905 0.059 0.5
8097 8100 3.905 0.059 0.5
8098 8102 3.905 0.059 0.5
8099 8103 3.905 0.059 0.5
8100 8104 3.905 0.059 0.5
8102 8105 3.905 0.059 0.5
8103 8107 3.905 0.059 0.5
8104 8108 3.905 0.059 0.5
8105 8109 3.905 0.059 0.5
8107 8110 3.905 0.059 0.5
8108 8112 3.905 0.059 0.5
8109 8113 3.905 0.059 0.5
8110 8114 3.905 0.059 0.5
8112 8115 3.905 0.059 0.5
8113 8117 3.905 0.059 0.5
8114 8118 3.905 0.059 0.5
8115 8119 3.905 0.059 0.5
8117 8120 3.905 0.059 0.5
8118 8122 3.905 0.059 0.5
8119 8123 3.905 0.059 0.5
8120 8124 3.905 0.059 0.5
8122 8125 3.905 0.07185053932 0.5
8127 8130 3.905 0.07185053932 0.5
8128 8132 3.905 0.059 0.5
8129 8133 3.905 0.059 0.5
8130 8134 3.905 0.059 0.5
8132 8135 3.905 0.059 0.5
8133 8137 3.905 0.059 0.5
8134 8138 3.905 0.059 0.5
8135 8139 3.905 0.059 0.5
8137 8140 3.905 0.059 0.5
8138 8142 3.905 0.059 0.5
8139 8143 3.905 0.059 0.5
8140 8144 3.905 0.059 0.5
8142 8145 3.905 0.059 0.5
8143 8147 3.905 0.059 0.5
8144 8148 3.905 0.059 0.5
8145 8149 3.905 0.059 0.5
8147 8150 3.905 0.059 0.5
8148 8152 3.905 0.059 0.5
8149 8153 3.905 0.059 0.5
8150 8154 3.905 0.059 0.5
8152 8155 3.905 0.059 0.5
8153 8157 3.905 0.059 0.5
8154 8158 3.905 0.059 0.5
8155 8159 3.905 0.059 0.5
8157 8160 3.905 0.059 0.5
8158 8162 3.905 0.059 0.5
8159 8163 3.905 0.059 0.5
8160 8164 3.905 0.059 0.5
8162 8165 3.905 0.059 0.5
8163 8167 3.905 0.059 0.5
8164 8168 3.905 0.059 0.5
8165 8169 3.905 0.059 0.5
8167 8170 3.905 0.059 0.5
8168 8172 3.905 0.059 0.5
8169 8173 3.905 0.059 0.5
8170 8174 3.905 0.059 0.5
8172 8175 3.905 0.059 0.5
8173 8177 3.905 0.059 0.5
8174 8178 3.905 0.059 0.5
8175 8179 3.905 0.059 0.5
8177 8180 3.905 0.059 0.5
8178 8182 3.905 0.059 0.5
8179 8183 3.905 0.059 0.5
8180 8184 3.905 0.059 0.5
8182 8185 3.905 0.059 0.5
8183 8187 3.905 0.059 0.5
8184 8188 3.905 0.059 0.5
8185 8189 3.905 0.059 0.5
8187 8190 3.905 0.059 0.5
8188 8192 3.905 0.059 0.5
8189 8193 3.905 0.059 0.5
8190 8194 3.905 0.059 0.5
8192 8195 3.905 0.059 0.5
8193 8197 3.905 0.059 0.5
8194 8198 3.905 0.059 0.5
8195 8199 3.905 0.059 0.5
8197 8200 3.905 0.059 0.5
8198 8202 3.905 0.059 0.5
8199 8203 3.905 0.059 0.5
8200 8204 3.905 0.059 0.5
8202 8205 3.905 0.059 0.5
8203 8207 3.905 0.059 0.5
8204 8208 3.905 0.059 0.5
8205 8209 3.905 0.059 0.5
8207 8210 3.905 0.059 0.5
8208 8212 3.905 0.059 0.5
8209 8213 3.905 0.059 0.5
8210 8214 3.905 0.059 0.5
8212 8215 3.905 0.059 0.5
8213 8217 3.905 0.059 0.5
8214 8218 3.905 0.059 0.5
8215 8219 3.905 0.059 0.5
8217 8220 3.905 0.059 0.5
8218 8222 3.905 0.059 0.5
8219 8223 3.905 0.059 0.5
8220 8224 3.905 0.059 0.5
8222 8225 3.905 0.059 0.5
8223 8227 3.905 0.059 0.5
8224 8228 3.905 0.059 0.5
8225 8229 3.905 0.059 0.5
8227 8230 3.905 0.059 0.5
8228 8232 3.905 0.059 0.5
8229 8233 3.905 0.059 0.5
8230 8234 3.905 0.059 0.5
8232 8235 3.905 0.059 0.5
8233 8237 3.905 0.059 0.5
8234 8238 3.905 0.059 0.5
8235 8239 3.905 0.059 0.5
8237 8240 3.905 0.059 0.5
8238 8242 3.905 0.059 0.5
8239 8243 3.905 0.059 0.5
8240 8244 3.905 0.059 0.5
8242 8245 3.905 0.059 0.5
8243 8247 3.905 0.059 0.5
8244 8248 3.905 0.059 0.5
8245 8249 3.905 0.059 0.5
8247 8250 3.905 0.07185053932 0.5
8252 8255 3.905 0.07185053932 0.5
8253 8257 3.905 0.059 0.5
8254 8258 3.905 0.059 0.5
8255 8259 3.905 0.059 0.5
8257 8260 3.905 0.059 0.5
8258 8262 3.905 0.059 0.5
8259 8263 3.905 0.059 0.5
8260 8264 3.905 0.059 0.5
8262 8265 3.905 0.059 0.5
8263 8267 3.905 0.059 0.5
8264 8268 3.905 0.059 0.5
8265 8269 3.905 0.059 0.5
8267 8270 3.905 0.059 0.5
8268 8272 3.905 0.059 0.5
8269 8273 3.905 0.059 0.5
8270 8274 3.905 0.059 0.5
8272 8275 3.905 0.059 0.5
8273 8277 3.905 0.059 0.5
8274 8278 3.905 0.059 0.5
8275 8279 3.905 0.059 0.5
8277 8280 3.905 0.059 0.5
8278 8282 3.905 0.059 0.5
8279 8283 3.905 0.059 0.5
8280 8284 3.905 0.059 0.5
8282 8285 3.905 0.059 0.5
8283 8287 3.905 0.059 0.5
8284 8288 3.905 0.059 0.5
8285 8289 3.905 0.059 0.5
8287 8290 3.905 0.059 0.5
8288 8292 3.905 0.059 0.5
8289 8293 3.905 0.059 0.5
8290 8294 3.905 0.059 0.5
8292 8295 3.905 0.059 0.5
8293 8297 3.905 0.059 0.5
8294 8298 3.905 0.059 0.5
8295 8299 3.905 0.059 0.5
8297 8300 3.905 0.059 0.5
8298 8302 3.905 0.059 0.5
8299 8303 3.905 0.059 0.5
8300 8304 3.905 0.059 0.5
8302 8305 3.905 0.059 0.5
8303 8307 3.905 0.059 0.5
8304 8308 3.905 0.059 0.5
8305 8309 3.905 0.059 0.5
8307 8310 3.905 0.059 0.5
8308 8312 3.905 0.059 0.5
8309 8313 3.905 0.059 0.5
8310 8314 3.905 0.059 0.5
8312 8315 3.905 0.059 0.5
8313 8317 3.905 0.059 0.5
8314 8318 3.905 0.059 0.5
8315 8319 3.905 0.059 0.5
8317 8320 3.905 0.059 0.5
8318 8322 3.905 0.059 0.5
8319 8323 3.905 0.059 0.5
8320 8324 3.905 0.059 0.5
8322 8325 3.905 0.059 0.5
8323 8327 3.905 0.059 0.5
8324 8328 3.905 0.059 0.5
8325 8329 3.905 0.059 0.5
8327 8330 3.905 0.059 0.5
8328 8332 3.905 0.059 0.5
8329 8333 3.905 0.059 0.5
8330 8334 3.905 0.059 0.5
8332 8335 3.905 0.059 0.5
8333 8337 3.905 0.059 0.5
8334 8338 3.905 0.059 0.5
8335 8339 3.905 0.059 0.5
8337 8340 3.905 0.059 0.5
8338 8342 3.905 0.059 0.5
8339 8343 3.905 0.059 0.5
8340 8344 3.905 0.059 0.5
8342 8345 3.905 0.059 0.5
8343 8347 3.905 0.059 0.5
8344 8348 3.905 0.059 0.5
8345 8349 3.905 0.059 0.5
8347 8350 3.905 0.059 0.5
8348 8352 3.905 0.059 0.5
8349 8353 3.905 0.059 0.5
8350 8354 3.905 0.059 0.5
8352 8355 3.905 0.059 0.5
8353 8357 3.905 0.059 0.5
8354 8358 3.905 0.059 0.5
8355 8359 3.905 0.059 0.5
8357 8360 3.905 0.059 0.5
8358 8362 3.905 0.059 0.5
8359 8363 3.905 0.059 0.5
8360 8364 3.905 0.059 0.5
8362 8365 3.905 0.059 0.5
8363 8367 3.905 0.059 0.5
8364 8368 3.905 0.059 0.5
8365 8369 3.905 0.059 0.5
8367 8370 3.905 0.059 0.5
8368 8372 3.905 0.059 0.5
8369 8373 3.905 0.059 0.5
8370 8374 3.905 0.059 0.5
8372 8375 3.905 0.07185053932 0.5
8377 8380 3.905 0.07185053932 0.5
8378 8382 3.905 0.059 0.5
8379 8383 3.905 0.059 0.5
8380 8384 3.905 0.059 0.5
8382 8385 3.905 0.059 0.5
8383 8387 3.905 0.059 0.5
8384 8388 3.905 0.059 0.5
8385 8389 3.905 0.059 0.5
8387 8390 3.905 0.059 0.5
8388 8392 3.905 0.059 0.5
8389 8393 3.905 0.059 0.5
8390 8394 3.905 0.059 0.5
8392 8395 3.905 0.059 0.5
8393 8397 3.905 0.059 0.5
8394 8398 3.905 0.059 0.5
8395 8399 3.905 0.059 0.5
8397 8400 3.905 0.059 0.5
8398 8402 3.905 0.059 0.5
8399 8403 3.905 0.059 0.5
8400 8404 3.905 0.059 0.5
8402 8405 3.905 0.059 0.5
8403 8407 3.905 0.059 0.5
8404 8408 3.905 0.059 0.5
8405 8409 3.905 0.059 0.5
8407 8410 3.905 0.059 0.5
8408 8412 3.905 0.059 0.5
8409 8413 3.905 0.059 0.5
8410 8414 3.905 0.059 0.5
8412 8415 3.905 0.059 0.5
8413 8417 3.905 0.059 0.5
8414 8418 3.905 0.059 0.5
8415 8419 3.905 0.059 0.5
8417 8420 3.905 0.059 0.5
8418 8422 3.905 0.059 0.5
8419 8423 3.905 0.059 0.5
8420 8424 3.905 0.059 0.5
8422 8425 3.905 0.059 0.5
8423 8427 3.905 0.059 0.5
8424 8428 3.905 0.059 0.5
8425 8429 3.905 0.059 0.5
8427 8430 3.905 0.059 0.5
8428 8432 3.905 0.059 0.5
8429 8433 3.905 0.059 0.5
8430 8434 3.905 0.059 0.5
8432 8435 3.905 0.059 0.5
8433 8437 3.905 0.059 0.5
8434 8438 3.905 0.059 0.5
8435 8439 3.905 0.059 0.5
8437 8440 3.905 0.059 0.5
8438 8442 3.905 0.059 0.5
8439 8443 3.905 0.059 0.5
8440 8444 3.905 0.059 0.5
8442 8445 3.905 0.059 0.5
8443 8447 3.905 0.059 0.5
8444 8448 3.905 0.059 0.5
8445 8449 3.905 0.059 0.5
8447 8450 3.905 0.059 0.5
8448 8452 3.905 0.059 0.5
8449 8453 3.905 0.059 0.5
8450 8454 3.905 0.059 0.5
8452 8455 3.905 0.059 0.5
8453 8457 3.905 0.059 0.5
8454 8458 3.905 0.059 0.5
8455 8459 3.905 0.059 0.5
8457 8460 3.905 0.059 0.5
8458 8462 3.905 0.059 0.5
8459 8463 3.905 0.059 0.5
8460 8464 3.905 0.059 0.5
8462 8465 3.905 0.059 0.5
8463 8467 3.905 0.059 0.5
8464 8468 3.905 0.059 0.5
8465 8469 3.905 0.059 0.5
8467 8470 3.905 0.059 0.5
8468 8472 3.905 0.059 0.5
8469 8473 3.905 0.059 0.5
8470 8474 3.905 0.059 0.5
8472 8475 3.905 0.059 0.5
8473 8477 3.905 0.059 0.5
8474 8478 3.905 0.059 0.5
8475 8479 3.905 0.059 0.5
8477 8480 3.905 0.059 0.5
8478 8482 3.905 0.059 0.5
8479 8483 3.905 0.059 0.5
8480 8484 3.905 0.059 0.5
8482 8485 3.905 0.059 0.5
8483 8487 3.905 0.059 0.5
8484 8488 3.905 0.059 0.5
8485 8489 3.905 0.059 0.5
8487 8490 3.905 0.059 0.5
8488 8492 3.905 0.059 0.5
8489 8493 3.905 0.059 0.5
8490 8494 3.905 0.059 0.5
8492 8495 3.905 0.059 0.5
8493 8497 3.905 0.059 0.5
8494 8498 3.905 0.059 0.5
8495 8499 3.905 0.059 0.5
8497 8500 3.905 0.07185053932 0.5
8502 8505 3.905 0.07185053932 0.5
8503 8507 3.905 0.059 0.5
8504 8508 3.905 0.059 0.5
8505 8509 3.905 0.059 0.5
8507 8510 3.905 0.059 0.5
8508 8512 3.905 0.059 0.5
8509 8513 3.905 0.059 0.5
8510 8514 3.905 0.059 0.5
8512 8515 3.905 0.059 0.5
8513 8517 3.905 0.059 0.5
8514 8518 3.905 0.059 0.5
8515 8519 3.905 0.059 0.5
8517 8520 3.905 0.059 0.5
8518 8522 3.905 0.059 0.5
8519 8523 3.905 0.059 0.5
8520 8524 3.905 0.059 0.5
8522 8525 3.905 0.059 0.5
8523 8527 3.905 0.059 0.5
8524 8528 3.905 0.059 0.5
8525 8529 3.905 0.059 0.5
8527 8530 3.905 0.059 0.5
8528 8532 3.905 0.059 0.5
8529 8533 3.905 0.059 0.5
8530 8534 3.905 0.059 0.5
8532 8535 3.905 0.059 0.5
8533 8537 3.905 0.059 0.5
8534 8538 3.905 0.059 0.5
8535 8539 3.905 0.059 0.5
8537 8540 3.905 0.059 0.5
8538 8542 3.905 0.059 0.5
8539 8543 3.905 0.059 0.5
8540 8544 3.905 0.059 0.5
8542 8545 3.905 0.059 0.5
8543 8547 3.905 0.059 0.5
8544 8548 3.905 0.059 0.5
8545 8549 3.905 0.059 0.5
8547 8550 3.905 0.059 0.5
8548 8552 3.905 0.059 0.5
8549 8553 3.905 0.059 0.5
8550 8554 3.905 0.059 0.5
8552 8555 3.905 0.059 0.5
8553 8557 3.905 0.059 0.5
8554 8558 3.905 0.059 0.5
8555 8559 3.905 0.059 0.5
8557 8560 3.905 0.059 0.5
8558 8562 3.905 0.059 0.5
8559 8563 3.905 0.059 0.5
8560 8564 3.905 0.059 0.5
8562 8565 3.905 0.059 0.5
8563 8567 3.905 0.059 0.5
8564 8568 3.905 0.059 0.5
8565 8569 3.905 0.059 0.5
8567 8570 3.905 0.059 0.5
8568 8572 3.905 0.059 0.5
8569 8573 3.905 0.059 0.5
8570 8574 3.905 0.059 0.5
8572 8575 3.905 0.059 0.5
8573 8577 3.905 0.059 0.5
8574 8578 3.905 0.059 0.5
8575 8579 3.905 0.059 0.5
8577 8580 3.905 0.059 0.5
8578 8582 3.905 0.059 0.5
8579 8583 3.905 0.059 0.5
8580 8584 3.905 0.059 0.5
8582 8585 3.905 0.059 0.5
8583 8587 3.905 0.059 0.5
8584 8588 3.905 0.059 0.5
8585 8589 3.905 0.059 0.5
8587 8590 3.905 0.059 0.5
8588 8592 3.905 0.059 0.5
8589 8593 3.905 0.059 0.5
8590 8594 3.905 0.059 0.5
8592 8595 3.905 0.059 0.5
8593 8597 3.905 0.059 0.5
8594 8598 3.905 0.059 0.5
8595 8599 3.905 0.059 0.5
8597 8600 3.905 0.059 0.5
8598 8602 3.905 0.059 0.5
8599 8603 3.905 0.059 0.5
8600 8604 3.905 0.059 0.5
8602 8605 3.905 0.059 0.5
8603 8607 3.905 0.059 0.5
8604 8608 3.905 0.059 0.5
8605 8609 3.905 0.059 0.5
8607 8610 3.905 0.059 0.5
8608 8612 3.905 0.059 0.5
8609 8613 3.905 0.059 0.5
8610 8614 3.905 0.059 0.5
8612 8615 3.905 0.059 0.5
8613 8617 3.905 0.059 0.5
8614 8618 3.905 0.059 0.5
8615 8619 3.905 0.059 0.5
8617 8620 3.905 0.059 0.5
8618 8622 3.905 0.059 0.5
8619 8623 3.905 0.059 0.5
8620 8624 3.905 0.059 0.5
8622 8625 3.905 0.07185053932 0.5
8627 8630 3.905 0.07185053932 0.5
8628 8632 3.905 0.059 0.5
8629 8633 3.905 0.059 0.5
8630 8634 3.905 0.059 0.5
8632 8635 3.905 0.059 0.5
8633 8637 3.905 0.059 0.5
8634 8638 3.905 0.059 0.5
8635 8639 3.905 0.059 0.5
8637 8640 3.905 0.059 0.5
8638 8642 3.905 0.059 0.5
8639 8643 3.905 0.059 0.5
8640 8644 3.905 0.059 0.5
8642 8645 3.905 0.059 0.5
8643 8647 3.905 0.059 0.5
8644 8648 3.905 0.059 0.5
8645 8649 3.905 0.059 0.5
8647 8650 3.905 0.059 0.5
8648 8652 3.905 0.059 0.5
8649 8653 3.905 0.059 0.5
8650 8654 3.905 0.059 0.5
8652 8655 3.905 0.059 0.5
8653 8657 3.905 0.059 0.5
8654 8658 3.905 0.059 0.5
8655 8659 3.905 0.059 0.5
8657 8660 3.905 0.059 0.5
8658 8662 3.905 0.059 0.5
8659 8663 3.905 0.059 0.5
8660 8664 3.905 0.059 0.5
8662 8665 3.905 0.059 0.5
8663 8667 3.905 0.059 0.5
8664 8668 3.905 0.059 0.5
8665 8669 3.905 0.059 0.5
8667 8670 3.905 0.059 0.5
8668 8672 3.905 0.059 0.5
8669 8673 3.905 0.059 0.5
8670 8674 3.905 0.059 0.5
8672 8675 3.905 0.059 0.5
8673 8677 3.905 0.059 0.5
8674 8678 3.905 0.059 0.5
8675 8679 3.905 0.059 0.5
8677 8680 3.905 0.059 0.5
8678 8682 3.905 0.059 0.5
8679 8683 3.905 0.059 0.5
8680 8684 3.905 0.059 0.5
8682 8685 3.905 0.059 0.5
8683 8687 3.905 0.059 0.5
8684 8688 3.905 0.059 0.5
8685 8689 3.905 0.059 0.5
8687 8690 3.905 0.059 0.5
8688 8692 3.905 0.059 0.5
8689 8693 3.905 0.059 0.5
8690 8694 3.905 0.059 0.5
8692 8695 3.905 0.059 0.5
8693 8697 3.905 0.059 0.5
8694 8698 3.905 0.059 0.5
8695 8699 3.905 0.059 0.5
8697 8700 3.905 0.059 0.5
8698 8702 3.905 0.059 0.5
8699 8703 3.905 0.059 0.5
8700 8704 3.905 0.059 0.5
8702 8705 3.905 0.059 0.5
8703 8707 3.905 0.059 0.5
8704 8708 3.905 0.059 0.5
8705 8709 3.905 0.059 0.5
8707 8710 3.905 0.059 0.5
8708 8712 3.905 0.059 0.5
8709 8713 3.905 0.059 0.5
8710 8714 3.905 0.059 0.5
8712 8715 3.905 0.059 0.5
8713 8717 3.905 0.059 0.5
8714 8718 3.905 0.059 0.5
8715 8719 3.905 0.059 0.5
8717 8720 3.905 0.059 0.5
8718 8722 3.905 0.059 0.5
8719 8723 3.905 0.059 0.5
8720 8724 3.905 0.059 0.5
8722 8725 3.905 0.059 0.5
8723 8727 3.905 0.059 0.5
8724 8728 3.905 0.059 0.5
8725 8729 3.905 0.059 0.5
8727 8730 3.905 0.059 0.5
8728 8732 3.905 0.059 0.5
8729 8733 3.905 0.059 0.5
8730 8734 3.905 0.059 0.5
8732 8735 3.905 0.059 0.5
8733 8737 3.905 0.059 0.5
8734 8738 3.905 0.059 0.5
8735 8739 3.905 0.059 0.5
8737 8740 3.905 0.059 0.5
8738 8742 3.905 0.059 0.5
8739 8743 3.905 0.059 0.5
8740 8744 3.905 0.059 0.5
8742 8745 3.905 0.059 0.5
8743 8747 3.905 0.059 0.5
8744 8748 3.905 0.059 0.5
8745 8749 3.905 0.059 0.5
8747 8750 3.905 0.07185053932 0.5
8752 8755 3.905 0.07185053932 0.5
8753 8757 3.905 0.059 0.5
8754 8758 3.905 0.059 0.5
8755 8759 3.905 0.059 0.5
8757 8760 3.905 0.059 0.5
8758 8762 3.905 0.059 0.5
8759 8763 3.905 0.059 0.5
8760 8764 3.905 0.059 0.5
8762 8765 3.905 0.059 0.5
8763 8767 3.905 0.059 0.5
8764 8768 3.905 0.059 0.5
8765 8769 3.905 0.059 0.5
8767 8770 3.905 0.059 0.5
8768 8772 3.905 0.059 0.5
8769 8773 3.905 0.059 0.5
8770 8774 3.905 0.059 0.5
8772 8775 3.905 0.059 0.5
8773 8777 3.905 0.059 0.5
8774 8778 3.905 0.059 0.5
8775 8779 3.905 0.059 0.5
8777 8780 3.905 0.059 0.5
8778 8782 3.905 0.059 0.5
8779 8783 3.905 0.059 0.5
8780 8784 3.905 0.059 0.5
8782 8785 3.905 0.059 0.5
8783 8787 3.905 0.059 0.5
8784 8788 3.905 0.059 0.5
8785 8789 3.905 0.059 0.5
8787 8790 3.905 0.059 0.5
8788 8792 3.905 0.059 0.5
8789 8793 3.905 0.059 0.5
8790 8794 3.905 0.059 0.5
8792 8795 3.905 0.059 0.5
8793 8797 3.905 0.059 0.5
8794 8798 3.905 0.059 0.5
8795 8799 3.905 0.059 0.5
8797 8800 3.905 0.059 0.5
8798 8802 3.905 0.059 0.5
8799 8803 3.905 0.059 0.5
8800 8804 3.905 0.059 0.5
8802 8805 3.905 0.059 0.5
8803 8807 3.905 0.059 0.5
8804 8808 3.905 0.059 0.5
8805 8809 3.905 0.059 0.5
8807 8810 3.905 0.059 0.5
8808 8812 3.905 0.059 0.5
8809 8813 3.905 0.059 0.5
8810 8814 3.905 0.059 0.5
8812 8815 3.905 0.059 0.5
8813 8817 3.905 0.059 0.5
8814 8818 3.905 0.059 0.5
8815 8819 3.905 0.059 0.5
8817 8820 3.905 0.059 0.5
8818 8822 3.905 0.059 0.5
8819 8823 3.905 0.059 0.5
8820 8824 3.905 0.059 0.5
8822 8825 3.905 0.059 0.5
8823 8827 3.905 0.059 0.5
8824 8828 3.905 0.059 0.5
8825 8829 3.905 0.059 0.5
8827 8830 3.905 0.059 0.5
8828 8832 3.905 0.059 0.5
8829 8833 3.905 0.059 0.5
8830 8834 3.905 0.059 0.5
8832 8835 3.905 0.059 0.5
8833 8837 3.905 0.059 0.5
8834 8838 3.905 0.059 0.5
8835 8839 3.905 0.059 0.5
8837 8840 3.905 0.059 0.5
8838 8842 3.905 0.059 0.5
8839 8843 3.905 0.059 0.5
8840 8844 3.905 0.059 0.5
8842 8845 3.905 0.059 0.5
8843 8847 3.905 0.059 0.5
8844 8848 3.905 0.059 0.5
8845 8849 3.905 0.059 0.5
8847 8850 3.905 0.059 0.5
8848 8852 3.905 0.059 0.5
8849 8853 3.905 0.059 0.5
8850 8854 3.905 0.059 0.5
8852 8855 3.905 0.059 0.5
8853 8857 3.905 0.059 0.5
8854 8858 3.905 0.059 0.5
8855 8859 3.905 0.059 0.5
8857 8860 3.905 0.059 0.5
8858 8862 3.905 0.059 0.5
8859 8863 3.905 0.059 0.5
8860 8864 3.905 0.059 0.5
8862 8865 3.905 0.059 0.5
8863 8867 3.905 0.059 0.5
8864 8868 3.905 0.059 0.5
8865 8869 3.905 0.059 0.5
8867 8870 3.905 0.059 0.5
8868 8872 3.905 0.059 0.5
8869 8873 3.905 0.059 0.5
8870 8874 3.905 0.059 0.5
8872 8875 3.905 0.07185053932 0.5
8877 8880 3.905 0.07185053932 0.5
8878 8882 3.905 0.059 0.5
8879 8883 3.905 0.059 0.5
8880 8884 3.905 0.059 0.5
8882 8885 3.905 0.059 0.5
8883 8887 3.905 0.059 0.5
8884 8888 3.905 0.059 0.5
8885 8889 3.905 0.059 0.5
8887 8890 3.905 0.059 0.5
8888 8892 3.905 0.059 0.5
8889 8893 3.905 0.059 0.5
8890 8894 3.905 0.059 0.5
8892 8895 3.905 0.059 0.5
8893 8897 3.905 0.059 0.5
8894 8898 3.905 0.059 0.5
8895 8899 3.905 0.059 0.5
8897 8900 3.905 0.059 0.5
8898 8902 3.905 0.059 0.5
8899 8903 3.905 0.059 0.5
8900 8904 3.905 0.059 0.5
8902 8905 3.905 0.059 0.5
8903 8907 3.905 0.059 0.5
8904 8908 3.905 0.059 0.5
8905 8909 3.905 0.059 0.5
8907 8910 3.905 0.059 0.5
8908 8912 3.905 0.059 0.5
8909 8913 3.905 0.059 0.5
8910 8914 3.905 0.059 0.5
8912 8915 3.905 0.059 0.5
8913 8917 3.905 0.059 0.5
8914 8918 3.905 0.059 0.5
8915 8919 3.905 0.059 0.5
8917 8920 3.905 0.059 0.5
8918 8922 3.905 0.059 0.5
8919 8923 3.905 0.059 0.5
8920 8924 3.905 0.059 0.5
8922 8925 3.905 0.059 0.5
8923 8927 3.905 0.059 0.5
8924 8928 3.905 0.059 0.5
8925 8929 3.905 0.059 0.5
8927 8930 3.905 0.059 0.5
8928 8932 3.905 0.059 0.5
8929 8933 3.905 0.059 0.5
8930 8934 3.905 0.059 0.5
8932 8935 3.905 0.059 0.5
8933 8937 3.905 0.059 0.5
8934 8938 3.905 0.059 0.5
8935 8939 3.905 0.059 0.5
8937 8940 3.905 0.059 0.5
8938 8942 3.905 0.059 0.5
8939 8943 3.905 0.059 0.5
8940 8944 3.905 0.059 0.5
8942 8945 3.905 0.059 0.5
8943 8947 3.905 0.059 0.5
8944 8948 3.905 0.059 0.5
8945 8949 3.905 0.059 0.5
8947 8950 3.905 0.059 0.5
8948 8952 3.905 0.059 0.5
8949 8953 3.905 0.059 0.5
8950 8954 3.905 0.059 0.5
8952 8955 3.905 0.059 0.5
8953 8957 3.905 0.059 0.5
8954 8958 3.905 0.059 0.5
8955 8959 3.905 0.059 0.5
8957 8960 3.905 0.059 0.5
8958 8962 3.905 0.059 0.5
8959 8963 3.905 0.059 0.5
8960 8964 3.905 0.059 0.5
8962 8965 3.905 0.059 0.5
8963 8967 3.905 0.059 0.5
8964 8968 3.905 0.059 0.5
8965 8969 3.905 0.059 0.5
8967 8970 3.905 0.059 0.5
8968 8972 3.905 0.059 0.5
8969 8973 3.905 0.059 0.5
8970 8974 3.905 0.059 0.5
8972 8975 3.905 0.059 0.5
8973 8977 3.905 0.059 0.5
8974 8978 3.905 0.059 0.5
8975 8979 3.905 0.059 0.5
8977 8980 3.905 0.059 0.5
8978 8982 3.905 0.059 0.5
8979 8983 3.905 0.059 0.5
8980 8984 3.905 0.059 0.5
8982 8985 3.905 0.059 0.5
8983 8987 3.905 0.059 0.5
8984 8988 3.905 0.059 0.5
8985 8989 3.905 0.059 0.5
8987 8990 3.905 0.059 0.5
8988 8992 3.905 0.059 0.5
8989 8993 3.905 0.059 0.5
8990 8994 3.905 0.059 0.5
8992 8995 3.905 0.059 0.5
8993 8997 3.905 0.059 0.5
8994 8998 3.905 0.059 0.5
8995 8999 3.905 0.059 0.5
8997 9000 3.905 0.07185053932 0.5
9002 9005 3.905 0.07185053932 0.5
9003 9007 3.905 0.059 0.5
9004 9008 3.905 0.059 0.5
9005 9009 3.905 0.059 0.5
9007 9010 3.905 0.059 0.5
9008 9012 3.905 0.059 0.5
9009 9013 3.905 0.059 0.5
9010 9014 3.905 0.059 0.5
9012 9015 3.905 0.059 0.5
9013 9017 3.905 0.059 0.5
9014 9018 3.905 0.059 0.5
9015 9019 3.905 0.059 0.5
9017 9020 3.905 0.059 0.5
9018 9022 3.905 0.059 0.5
9019 9023 3.905 0.059 0.5
9020 9024 3.905 0.059 0.5
9022 9025 3.905 0.059 0.5
9023 9027 3.905 0.059 0.5
9024 9028 3.905 0.059 0.5
9025 9029 3.905 0.059 0.5
9027 9030 3.905 0.059 0.5
9028 9032 3.905 0.059 0.5
9029 9033 3.905 0.059 0.5
9030 9034 3.905 0.059 0.5
9032 9035 3.905 0.059 0.5
9033 9037 3.905 0.059 0.5
9034 9038 3.905 0.059 0.5
9035 9039 3.905 0.059 0.5
9037 9040 3.905 0.059 0.5
9038 9042 3.905 0.059 0.5
9039 9043 3.905 0.059 0.5
9040 9044 3.905 0.059 0.5
9042 9045 3.905 0.059 0.5
9043 9047 3.905 0.059 0.5
9044 9048 3.905 0.059 0.5
9045 9049 3.905 0.059 0.5
9047 9050 3.905 0.059 0.5
9048 9052 3.905 0.059 0.5
9049 9053 3.905 0.059 0.5
9050 9054 3.905 0.059 0.5
9052 9055 3.905 0.059 0.5
9053 9057 3.905 0.059 0.5
9054 9058 3.905 0.059 0.5
9055 9059 3.905 0.059 0.5
9057 9060 3.905 0.059 0.5
9058 9062 3.905 0.059 0.5
9059 9063 3.905 0.059 0.5
9060 9064 3.905 0.059 0.5
9062 9065 3.905 0.059 0.5
9063 9067 3.905 0.059 0.5
9064 9068 3.905 0.059 0.5
9065 9069 3.905 0.059 0.5
9067 9070 3.905 0.059 0.5
9068 9072 3.905 0.059 0.5
9069 9073 3.905 0.059 0.5
9070 9074 3.905 0.059 0.5
9072 9075 3.905 0.059 0.5
9073 9077 3.905 0.059 0.5
9074 9078 3.905 0.059 0.5
9075 9079 3.905 0.059 0.5
9077 9080 3.905 0.059 0.5
9078 9082 3.905 0.059 0.5
9079 9083 3.905 0.059 0.5
9080 9084 3.905 0.059 0.5
9082 9085 3.905 0.059 0.5
9083 9087 3.905 0.059 0.5
9084 9088 3.905 0.059 0.5
9085 9089 3.905 0.059 0.5
9087 9090 3.905 0.059 0.5
9088 9092 3.905 0.059 0.5
9089 9093 3.905 0.059 0.5
9090 9094 3.905 0.059 0.5
9092 9095 3.905 0.059 0.5
9093 9097 3.905 0.059 0.5
9094 9098 3.905 0.059 0.5
9095 9099 3.905 0.059 0.5
9097 9100 3.905 0.059 0.5
9098 9102 3.905 0.059 0.5
9099 9103 3.905 0.059 0.5
9100 9104 3.905 0.059 0.5
9102 9105 3.905 0.059 0.5
9103 9107 3.905 0.059 0.5
9104 9108 3.905 0.059 0.5
9105 9109 3.905 0.059 0.5
9107 9110 3.905 0.059 0.5
9108 9112 3.905 0.059 0.5
9109 9113 3.905 0.059 0.5
9110 9114 3.905 0.059 0.5
9112 9115 3.905 0.059 0.5
9113 9117 3.905 0.059 0.5
9114 9118 3.905 0.059 0.5
9115 9119 3.905 0.059 0.5
9117 9120 3.905 0.059 0.5
9118 9122 3.905 0.059 0.5
9119 9123 3.905 0.059 0.5
9120 9124 3.905 0.059 0.5
9122 9125 3.905 0.07185053932 0.5
9127 9130 3.905 0.07185053932 0.5
9128 9132 3.905 0.059 0.5
9129 9133 3.905 0.059 0.5
9130 9134 3.905 0.059 0.5
9132 9135 3.905 0.059 0.5
9133 9137 3.905 0.059 0.5
9134 9138 3.905 0.059 0.5
9135 9139 3.905 0.059 0.5
9137 9140 3.905 0.059 0.5
9138 9142 3.905 0.059 0.5
9139 9143 3.905 0.059 0.5
9140 9144 3.905 0.059 0.5
9142 9145 3.905 0.059 0.5
9143 9147 3.905 0.059 0.5
9144 9148 3.905 0.059 0.5
9145 9149 3.905 0.059 0.5
9147 9150 3.905 0.059 0.5
9148 9152 3.905 0.059 0.5
9149 9153 3.905 0.059 0.5
9150 9154 3.905 0.059 0.5
9152 9155 3.905 0.059 0.5
9153 9157 3.905 0.059 0.5
9154 9158 3.905 0.059 0.5
9155 9159 3.905 0.059 0.5
9157 9160 3.905 0.059 0.5
9158 9162 3.905 0.059 0.5
9159 9163 3.905 0.059 0.5
9160 9164 3.905 0.059 0.5
9162 9165 3.905 0.059 0.5
9163 9167 3.905 0.059 0.5
9164 9168 3.905 0.059 0.5
9165 9169 3.905 0.059 0.5
9167 9170 3.905 0.059 0.5
9168 9172 3.905 0.059 0.5
9169 9173 3.905 0.059 0.5
9170 9174 3.905 0.059 0.5
9172 9175 3.905 0.059 0.5
9173 9177 3.905 0.059 0.5
9174 9178 3.905 0.059 0.5
9175 9179 3.905 0.059 0.5
9177 9180 3.905 0.059 0.5
9178 9182 3.905 0.059 0.5
9179 9183 3.905 0.059 0.5
9180 9184 3.905 0.059 0.5
9182 9185 3.905 0.059 0.5
9183 9187 3.905 0.059 0.5
9184 9188 3.905 0.059 0.5
9185 9189 3.905 0.059 0.5
9187 9190 3.905 0.059 0.5
9188 9192 3.905 0.059 0.5
9189 9193 3.905 0.059 0.5
9190 9194 3.905 0.059 0.5
9192 9195 3.905 0.059 0.5
9193 9197 3.905 0.059 0.5
9194 9198 3.905 0.059 0.5
9195 9199 3.905 0.059 0.5
9197 9200 3.905 0.059 0.5
9198 9202 3.905 0.059 0.5
9199 9203 3.905 0.059 0.5
9200 9204 3.905 0.059 0.5
9202 9205 3.905 0.059 0.5
9203 9207 3.905 0.059 0.5
9204 9208 3.905 0.059 0.5
9205 9209 3.905 0.059 0.5
9207 9210 3.905 0.059 0.5
9208 9212 3.905 0.059 0.5
9209 9213 3.905 0.059 0.5
9210 9214 3.905 0.059 0.5
9212 9215 3.905 0.059 0.5
9213 9217 3.905 0.059 0.5
9214 9218 3.905 0.059 0.5
9215 9219 3.905 0.059 0.5
9217 9220 3.905 0.059 0.5
9218 9222 3.905 0.059 0.5
9219 9223 3.905 0.059 0.5
9220 9224 3.905 0.059 0.5
9222 9225 3.905 0.059 0.5
9223 9227 3.905 0.059 0.5
9224 9228 3.905 0.059 0.5
9225 9229 3.905 0.059 0.5
9227 9230 3.905 0.059 0.5
9228 9232 3.905 0.059 0.5
9229 9233 3.905 0.059 0.5
9230 9234 3.905 0.059 0.5
9232 9235 3.905 0.059 0.5
9233 9237 3.905 0.059 0.5
9234 9238 3.905 0.059 0.5
9235 9239 3.905 0.059 0.5
9237 9240 3.905 0.059 0.5
9238 9242 3.905 0.059 0.5
9239 9243 3.905 0.059 0.5
9240 9244 3.905 0.059 0.5
9242 9245 3.905 0.059 0.5
9243 9247 3.905 0.059 0.5
9244 9248 3.905 0.059 0.5
9245 9249 3.905 0.059 0.5
9247 9250 3.905 0.07185053932 0.5
9252 9255 3.905 0.07185053932 0.5
9253 9257 3.905 0.059 0.5
9254 9258 3.905 0.059 0.5
9255 9259 3.905 0.059 0.5
9257 9260 3.905 0.059 0.5
9258 9262 3.905 0.059 0.5
9259 9263 3.905 0.059 0.5
9260 9264 3.905 0.059 0.5
9262 9265 3.905 0.059 0.5
9263 9267 3.905 0.059 0.5
9264 9268 3.905 0.059 0.5
9265 9269 3.905 0.059 0.5
9267 9270 3.905 0.059 0.5
9268 9272 3.905 0.059 0.5
9269 9273 3.905 0.059 0.5
9270 9274 3.905 0.059 0.5
9272 9275 3.905 0.059 0.5
9273 9277 3.905 0.059 0.5
9274 9278 3.905 0.059 0.5
9275 9279 3.905 0.059 0.5
9277 9280 3.905 0.059 0.5
9278 9282 3.905 0.059 0.5
9279 9283 3.905 0.059 0.5
9280 9284 3.905 0.059 0.5
9282 9285 3.905 0.059 0.5
9283 9287 3.905 0.059 0.5
9284 9288 3.905 0.059 0.5
9285 9289 3.905 0.059 0.5
9287 9290 3.905 0.059 0.5
9288 9292 3.905 0.059 0.5
9289 9293 3.905 0.059 0.5
9290 9294 3.905 0.059 0.5
9292 9295 3.905 0.059 0.5
9293 9297 3.905 0.059 0.5
9294 9298 3.905 0.059 0.5
9295 9299 3.905 0.059 0.5
9297 9300 3.905 0.059 0.5
9298 9302 3.905 0.059 0.5
9299 9303 3.905 0.059 0.5
9300 9304 3.905 0.059 0.5
9302 9305 3.905 0.059 0.5
9303 9307 3.905 0.059 0.5
9304 9308 3.905 0.059 0.5
9305 9309 3.905 0.059 0.5
9307 9310 3.905 0.059 0.5
9308 9312 3.905 0.059 0.5
9309 9313 3.905 0.059 0.5
9310 9314 3.905 0.059 0.5
9312 9315 3.905 0.059 0.5
9313 9317 3.905 0.059 0.5
9314 9318 3.905 0.059 0.5
9315 9319 3.905 0.059 0.5
9317 9320 3.905 0.059 0.5
9318 9322 3.905 0.059 0.5
9319 9323 3.905 0.059 0.5
9320 9324 3.905 0.059 0.5
9322 9325 3.905 0.059 0.5
9323 9327 3.905 0.059 0.5
9324 9328 3.905 0.059 0.5
9325 9329 3.905 0.059 0.5
9327 9330 3.905 0.059 0.5
9328 9332 3.905 0.059 0.5
9329 9333 3.905 0.059 0.5
9330 9334 3.905 0.059 0.5
9332 9335 3.905 0.059 0.5
9333 9337 3.905 0.059 0.5
9334 9338 3.905 0.059 0.5
9335 9339 3.905 0.059 0.5
9337 9340 3.905 0.059 0.5
9338 9342 3.905 0.059 0.5
9339 9343 3.905 0.059 0.5
9340 9344 3.905 0.059 0.5
9342 9345 3.905 0.059 0.5
9343 9347 3.905 0.059 0.5
9344 9348 3.905 0.059 0.5
9345 9349 3.905 0.059 0.5
9347 9350 3.905 0.059 0.5
9348 9352 3.905 0.059 0.5
9349 9353 3.905 0.059 0.5
9350 9354 3.905 0.059 0.5
9352 9355 3.905 0.059 0.5
9353 9357 3.905 0.059 0.5
9354 9358 3.905 0.059 0.5
9355 9359 3.905 0.059 0.5
9357 9360 3.905 0.059 0.5
9358 9362 3.905 0.059 0.5
9359 9363 3.905 0.059 0.5
9360 9364 3.905 0.059 0.5
9362 9365 3.905 0.059 0.5
9363 9367 3.905 0.059 0.5
9364 9368 3.905 0.059 0.5
9365 9369 3.905 0.059 0.5
9367 9370 3.905 0.059 0.5
9368 9372 3.905 0.059 0.5
9369 9373 3.905 0.059 0.5
9370 9374 3.905 0.059 0.5
9372 9375 3.905 0.07185053932 0.5
